solid OpenSCAD_Model
  facet normal 0.99994 0 0.0109985
    outer loop
      vertex 10.2004 78.2496 41
      vertex 10.6 70.45 4.67
      vertex 10.6 77.85 4.67
    endloop
  endfacet
  facet normal 0.99994 0 0.0109985
    outer loop
      vertex 10.6 70.45 4.67
      vertex 10.2004 78.2496 41
      vertex 10.2004 70.0504 41
    endloop
  endfacet
  facet normal 0 0.99994 0.0109985
    outer loop
      vertex 18 70.45 4.67
      vertex 10.2004 70.0504 41
      vertex 18.3996 70.0504 41
    endloop
  endfacet
  facet normal 0 0.99994 0.0109985
    outer loop
      vertex 10.2004 70.0504 41
      vertex 18 70.45 4.67
      vertex 10.6 70.45 4.67
    endloop
  endfacet
  facet normal 0 -0.99994 0.0109985
    outer loop
      vertex 10.6 77.85 4.67
      vertex 18.3996 78.2496 41
      vertex 10.2004 78.2496 41
    endloop
  endfacet
  facet normal 0 -0.99994 0.0109985
    outer loop
      vertex 18.3996 78.2496 41
      vertex 10.6 77.85 4.67
      vertex 18 77.85 4.67
    endloop
  endfacet
  facet normal -0.99994 0 0.0109985
    outer loop
      vertex 18 70.45 4.67
      vertex 18.3996 78.2496 41
      vertex 18 77.85 4.67
    endloop
  endfacet
  facet normal -0.99994 0 0.0109985
    outer loop
      vertex 18.3996 78.2496 41
      vertex 18 70.45 4.67
      vertex 18.3996 70.0504 41
    endloop
  endfacet
  facet normal 0 1 -0
    outer loop
      vertex 18 70.45 4.66
      vertex 10.6 70.45 4.67
      vertex 18 70.45 4.67
    endloop
  endfacet
  facet normal 0 1 0
    outer loop
      vertex 10.6 70.45 4.67
      vertex 18 70.45 4.66
      vertex 10.6 70.45 4.66
    endloop
  endfacet
  facet normal -0 0 1
    outer loop
      vertex 12.985 75.465 3
      vertex 15.615 72.835 3
      vertex 15.615 75.465 3
    endloop
  endfacet
  facet normal 0 0 1
    outer loop
      vertex 15.615 72.835 3
      vertex 12.985 75.465 3
      vertex 12.985 72.835 3
    endloop
  endfacet
  facet normal 1 -0 0
    outer loop
      vertex 10.6 70.45 4.67
      vertex 10.6 77.85 4.66
      vertex 10.6 77.85 4.67
    endloop
  endfacet
  facet normal 1 0 0
    outer loop
      vertex 10.6 77.85 4.66
      vertex 10.6 70.45 4.67
      vertex 10.6 70.45 4.66
    endloop
  endfacet
  facet normal 0.571266 0 0.820765
    outer loop
      vertex 10.6 77.85 4.66
      vertex 12.985 72.835 3
      vertex 12.985 75.465 3
    endloop
  endfacet
  facet normal 0.571266 0 0.820765
    outer loop
      vertex 12.985 72.835 3
      vertex 10.6 77.85 4.66
      vertex 10.6 70.45 4.66
    endloop
  endfacet
  facet normal -0 0.571266 0.820765
    outer loop
      vertex 12.985 72.835 3
      vertex 18 70.45 4.66
      vertex 15.615 72.835 3
    endloop
  endfacet
  facet normal 0 0.571266 0.820765
    outer loop
      vertex 18 70.45 4.66
      vertex 12.985 72.835 3
      vertex 10.6 70.45 4.66
    endloop
  endfacet
  facet normal 0 -1 0
    outer loop
      vertex 10.6 77.85 4.66
      vertex 18 77.85 4.67
      vertex 10.6 77.85 4.67
    endloop
  endfacet
  facet normal 0 -1 -0
    outer loop
      vertex 18 77.85 4.67
      vertex 10.6 77.85 4.66
      vertex 18 77.85 4.66
    endloop
  endfacet
  facet normal 0 -0.571266 0.820765
    outer loop
      vertex 18 77.85 4.66
      vertex 12.985 75.465 3
      vertex 15.615 75.465 3
    endloop
  endfacet
  facet normal 0 -0.571266 0.820765
    outer loop
      vertex 12.985 75.465 3
      vertex 18 77.85 4.66
      vertex 10.6 77.85 4.66
    endloop
  endfacet
  facet normal -0.571266 0 0.820765
    outer loop
      vertex 15.615 75.465 3
      vertex 18 70.45 4.66
      vertex 18 77.85 4.66
    endloop
  endfacet
  facet normal -0.571266 0 0.820765
    outer loop
      vertex 18 70.45 4.66
      vertex 15.615 75.465 3
      vertex 15.615 72.835 3
    endloop
  endfacet
  facet normal -1 0 0
    outer loop
      vertex 18 70.45 4.66
      vertex 18 77.85 4.67
      vertex 18 77.85 4.66
    endloop
  endfacet
  facet normal -1 -0 0
    outer loop
      vertex 18 77.85 4.67
      vertex 18 70.45 4.66
      vertex 18 70.45 4.67
    endloop
  endfacet
  facet normal 0.99994 0 0.0109985
    outer loop
      vertex 10.2004 69.2496 41
      vertex 10.6 61.45 4.67
      vertex 10.6 68.85 4.67
    endloop
  endfacet
  facet normal 0.99994 0 0.0109985
    outer loop
      vertex 10.6 61.45 4.67
      vertex 10.2004 69.2496 41
      vertex 10.2004 61.0504 41
    endloop
  endfacet
  facet normal 0 0.99994 0.0109985
    outer loop
      vertex 18 61.45 4.67
      vertex 10.2004 61.0504 41
      vertex 18.3996 61.0504 41
    endloop
  endfacet
  facet normal 0 0.99994 0.0109985
    outer loop
      vertex 10.2004 61.0504 41
      vertex 18 61.45 4.67
      vertex 10.6 61.45 4.67
    endloop
  endfacet
  facet normal 0 -0.99994 0.0109985
    outer loop
      vertex 10.6 68.85 4.67
      vertex 18.3996 69.2496 41
      vertex 10.2004 69.2496 41
    endloop
  endfacet
  facet normal 0 -0.99994 0.0109985
    outer loop
      vertex 18.3996 69.2496 41
      vertex 10.6 68.85 4.67
      vertex 18 68.85 4.67
    endloop
  endfacet
  facet normal -0.99994 0 0.0109985
    outer loop
      vertex 18 61.45 4.67
      vertex 18.3996 69.2496 41
      vertex 18 68.85 4.67
    endloop
  endfacet
  facet normal -0.99994 0 0.0109985
    outer loop
      vertex 18.3996 69.2496 41
      vertex 18 61.45 4.67
      vertex 18.3996 61.0504 41
    endloop
  endfacet
  facet normal 0 1 -0
    outer loop
      vertex 18 61.45 4.66
      vertex 10.6 61.45 4.67
      vertex 18 61.45 4.67
    endloop
  endfacet
  facet normal 0 1 0
    outer loop
      vertex 10.6 61.45 4.67
      vertex 18 61.45 4.66
      vertex 10.6 61.45 4.66
    endloop
  endfacet
  facet normal -0 0 1
    outer loop
      vertex 12.985 66.465 3
      vertex 15.615 63.835 3
      vertex 15.615 66.465 3
    endloop
  endfacet
  facet normal 0 0 1
    outer loop
      vertex 15.615 63.835 3
      vertex 12.985 66.465 3
      vertex 12.985 63.835 3
    endloop
  endfacet
  facet normal 1 -0 0
    outer loop
      vertex 10.6 61.45 4.67
      vertex 10.6 68.85 4.66
      vertex 10.6 68.85 4.67
    endloop
  endfacet
  facet normal 1 0 0
    outer loop
      vertex 10.6 68.85 4.66
      vertex 10.6 61.45 4.67
      vertex 10.6 61.45 4.66
    endloop
  endfacet
  facet normal 0.571266 0 0.820765
    outer loop
      vertex 10.6 68.85 4.66
      vertex 12.985 63.835 3
      vertex 12.985 66.465 3
    endloop
  endfacet
  facet normal 0.571266 0 0.820765
    outer loop
      vertex 12.985 63.835 3
      vertex 10.6 68.85 4.66
      vertex 10.6 61.45 4.66
    endloop
  endfacet
  facet normal -0 0.571266 0.820765
    outer loop
      vertex 12.985 63.835 3
      vertex 18 61.45 4.66
      vertex 15.615 63.835 3
    endloop
  endfacet
  facet normal 0 0.571266 0.820765
    outer loop
      vertex 18 61.45 4.66
      vertex 12.985 63.835 3
      vertex 10.6 61.45 4.66
    endloop
  endfacet
  facet normal 0 -1 0
    outer loop
      vertex 10.6 68.85 4.66
      vertex 18 68.85 4.67
      vertex 10.6 68.85 4.67
    endloop
  endfacet
  facet normal 0 -1 -0
    outer loop
      vertex 18 68.85 4.67
      vertex 10.6 68.85 4.66
      vertex 18 68.85 4.66
    endloop
  endfacet
  facet normal 0 -0.571266 0.820765
    outer loop
      vertex 18 68.85 4.66
      vertex 12.985 66.465 3
      vertex 15.615 66.465 3
    endloop
  endfacet
  facet normal 0 -0.571266 0.820765
    outer loop
      vertex 12.985 66.465 3
      vertex 18 68.85 4.66
      vertex 10.6 68.85 4.66
    endloop
  endfacet
  facet normal -0.571266 0 0.820765
    outer loop
      vertex 15.615 66.465 3
      vertex 18 61.45 4.66
      vertex 18 68.85 4.66
    endloop
  endfacet
  facet normal -0.571266 0 0.820765
    outer loop
      vertex 18 61.45 4.66
      vertex 15.615 66.465 3
      vertex 15.615 63.835 3
    endloop
  endfacet
  facet normal -1 0 0
    outer loop
      vertex 18 61.45 4.66
      vertex 18 68.85 4.67
      vertex 18 68.85 4.66
    endloop
  endfacet
  facet normal -1 -0 0
    outer loop
      vertex 18 68.85 4.67
      vertex 18 61.45 4.66
      vertex 18 61.45 4.67
    endloop
  endfacet
  facet normal 0.99994 0 0.0109985
    outer loop
      vertex 10.2004 60.2496 41
      vertex 10.6 52.45 4.67
      vertex 10.6 59.85 4.67
    endloop
  endfacet
  facet normal 0.99994 0 0.0109985
    outer loop
      vertex 10.6 52.45 4.67
      vertex 10.2004 60.2496 41
      vertex 10.2004 52.0504 41
    endloop
  endfacet
  facet normal 0 0.99994 0.0109985
    outer loop
      vertex 18 52.45 4.67
      vertex 10.2004 52.0504 41
      vertex 18.3996 52.0504 41
    endloop
  endfacet
  facet normal 0 0.99994 0.0109985
    outer loop
      vertex 10.2004 52.0504 41
      vertex 18 52.45 4.67
      vertex 10.6 52.45 4.67
    endloop
  endfacet
  facet normal 0 -0.99994 0.0109985
    outer loop
      vertex 10.6 59.85 4.67
      vertex 18.3996 60.2496 41
      vertex 10.2004 60.2496 41
    endloop
  endfacet
  facet normal 0 -0.99994 0.0109985
    outer loop
      vertex 18.3996 60.2496 41
      vertex 10.6 59.85 4.67
      vertex 18 59.85 4.67
    endloop
  endfacet
  facet normal -0.99994 0 0.0109985
    outer loop
      vertex 18 52.45 4.67
      vertex 18.3996 60.2496 41
      vertex 18 59.85 4.67
    endloop
  endfacet
  facet normal -0.99994 0 0.0109985
    outer loop
      vertex 18.3996 60.2496 41
      vertex 18 52.45 4.67
      vertex 18.3996 52.0504 41
    endloop
  endfacet
  facet normal 0 1 -0
    outer loop
      vertex 18 52.45 4.66
      vertex 10.6 52.45 4.67
      vertex 18 52.45 4.67
    endloop
  endfacet
  facet normal 0 1 0
    outer loop
      vertex 10.6 52.45 4.67
      vertex 18 52.45 4.66
      vertex 10.6 52.45 4.66
    endloop
  endfacet
  facet normal -0 0 1
    outer loop
      vertex 12.985 57.465 3
      vertex 15.615 54.835 3
      vertex 15.615 57.465 3
    endloop
  endfacet
  facet normal 0 0 1
    outer loop
      vertex 15.615 54.835 3
      vertex 12.985 57.465 3
      vertex 12.985 54.835 3
    endloop
  endfacet
  facet normal 1 -0 0
    outer loop
      vertex 10.6 52.45 4.67
      vertex 10.6 59.85 4.66
      vertex 10.6 59.85 4.67
    endloop
  endfacet
  facet normal 1 0 0
    outer loop
      vertex 10.6 59.85 4.66
      vertex 10.6 52.45 4.67
      vertex 10.6 52.45 4.66
    endloop
  endfacet
  facet normal 0.571266 0 0.820765
    outer loop
      vertex 10.6 59.85 4.66
      vertex 12.985 54.835 3
      vertex 12.985 57.465 3
    endloop
  endfacet
  facet normal 0.571266 0 0.820765
    outer loop
      vertex 12.985 54.835 3
      vertex 10.6 59.85 4.66
      vertex 10.6 52.45 4.66
    endloop
  endfacet
  facet normal -0 0.571266 0.820765
    outer loop
      vertex 12.985 54.835 3
      vertex 18 52.45 4.66
      vertex 15.615 54.835 3
    endloop
  endfacet
  facet normal 0 0.571266 0.820765
    outer loop
      vertex 18 52.45 4.66
      vertex 12.985 54.835 3
      vertex 10.6 52.45 4.66
    endloop
  endfacet
  facet normal 0 -1 0
    outer loop
      vertex 10.6 59.85 4.66
      vertex 18 59.85 4.67
      vertex 10.6 59.85 4.67
    endloop
  endfacet
  facet normal 0 -1 -0
    outer loop
      vertex 18 59.85 4.67
      vertex 10.6 59.85 4.66
      vertex 18 59.85 4.66
    endloop
  endfacet
  facet normal 0 -0.571266 0.820765
    outer loop
      vertex 18 59.85 4.66
      vertex 12.985 57.465 3
      vertex 15.615 57.465 3
    endloop
  endfacet
  facet normal 0 -0.571266 0.820765
    outer loop
      vertex 12.985 57.465 3
      vertex 18 59.85 4.66
      vertex 10.6 59.85 4.66
    endloop
  endfacet
  facet normal -0.571266 0 0.820765
    outer loop
      vertex 15.615 57.465 3
      vertex 18 52.45 4.66
      vertex 18 59.85 4.66
    endloop
  endfacet
  facet normal -0.571266 0 0.820765
    outer loop
      vertex 18 52.45 4.66
      vertex 15.615 57.465 3
      vertex 15.615 54.835 3
    endloop
  endfacet
  facet normal -1 0 0
    outer loop
      vertex 18 52.45 4.66
      vertex 18 59.85 4.67
      vertex 18 59.85 4.66
    endloop
  endfacet
  facet normal -1 -0 0
    outer loop
      vertex 18 59.85 4.67
      vertex 18 52.45 4.66
      vertex 18 52.45 4.67
    endloop
  endfacet
  facet normal 0.99994 0 0.0109985
    outer loop
      vertex 10.2004 51.2496 41
      vertex 10.6 43.45 4.67
      vertex 10.6 50.85 4.67
    endloop
  endfacet
  facet normal 0.99994 0 0.0109985
    outer loop
      vertex 10.6 43.45 4.67
      vertex 10.2004 51.2496 41
      vertex 10.2004 43.0504 41
    endloop
  endfacet
  facet normal 0 0.99994 0.0109985
    outer loop
      vertex 18 43.45 4.67
      vertex 10.2004 43.0504 41
      vertex 18.3996 43.0504 41
    endloop
  endfacet
  facet normal 0 0.99994 0.0109985
    outer loop
      vertex 10.2004 43.0504 41
      vertex 18 43.45 4.67
      vertex 10.6 43.45 4.67
    endloop
  endfacet
  facet normal 0 -0.99994 0.0109985
    outer loop
      vertex 10.6 50.85 4.67
      vertex 18.3996 51.2496 41
      vertex 10.2004 51.2496 41
    endloop
  endfacet
  facet normal 0 -0.99994 0.0109985
    outer loop
      vertex 18.3996 51.2496 41
      vertex 10.6 50.85 4.67
      vertex 18 50.85 4.67
    endloop
  endfacet
  facet normal -0.99994 0 0.0109985
    outer loop
      vertex 18 43.45 4.67
      vertex 18.3996 51.2496 41
      vertex 18 50.85 4.67
    endloop
  endfacet
  facet normal -0.99994 0 0.0109985
    outer loop
      vertex 18.3996 51.2496 41
      vertex 18 43.45 4.67
      vertex 18.3996 43.0504 41
    endloop
  endfacet
  facet normal 0 1 -0
    outer loop
      vertex 18 43.45 4.66
      vertex 10.6 43.45 4.67
      vertex 18 43.45 4.67
    endloop
  endfacet
  facet normal 0 1 0
    outer loop
      vertex 10.6 43.45 4.67
      vertex 18 43.45 4.66
      vertex 10.6 43.45 4.66
    endloop
  endfacet
  facet normal -0 0 1
    outer loop
      vertex 12.985 48.465 3
      vertex 15.615 45.835 3
      vertex 15.615 48.465 3
    endloop
  endfacet
  facet normal 0 0 1
    outer loop
      vertex 15.615 45.835 3
      vertex 12.985 48.465 3
      vertex 12.985 45.835 3
    endloop
  endfacet
  facet normal 1 -0 0
    outer loop
      vertex 10.6 43.45 4.67
      vertex 10.6 50.85 4.66
      vertex 10.6 50.85 4.67
    endloop
  endfacet
  facet normal 1 0 0
    outer loop
      vertex 10.6 50.85 4.66
      vertex 10.6 43.45 4.67
      vertex 10.6 43.45 4.66
    endloop
  endfacet
  facet normal 0.571266 0 0.820765
    outer loop
      vertex 10.6 50.85 4.66
      vertex 12.985 45.835 3
      vertex 12.985 48.465 3
    endloop
  endfacet
  facet normal 0.571266 0 0.820765
    outer loop
      vertex 12.985 45.835 3
      vertex 10.6 50.85 4.66
      vertex 10.6 43.45 4.66
    endloop
  endfacet
  facet normal -0 0.571266 0.820765
    outer loop
      vertex 12.985 45.835 3
      vertex 18 43.45 4.66
      vertex 15.615 45.835 3
    endloop
  endfacet
  facet normal 0 0.571266 0.820765
    outer loop
      vertex 18 43.45 4.66
      vertex 12.985 45.835 3
      vertex 10.6 43.45 4.66
    endloop
  endfacet
  facet normal 0 -1 0
    outer loop
      vertex 10.6 50.85 4.66
      vertex 18 50.85 4.67
      vertex 10.6 50.85 4.67
    endloop
  endfacet
  facet normal 0 -1 -0
    outer loop
      vertex 18 50.85 4.67
      vertex 10.6 50.85 4.66
      vertex 18 50.85 4.66
    endloop
  endfacet
  facet normal 0 -0.571266 0.820765
    outer loop
      vertex 18 50.85 4.66
      vertex 12.985 48.465 3
      vertex 15.615 48.465 3
    endloop
  endfacet
  facet normal 0 -0.571266 0.820765
    outer loop
      vertex 12.985 48.465 3
      vertex 18 50.85 4.66
      vertex 10.6 50.85 4.66
    endloop
  endfacet
  facet normal -0.571266 0 0.820765
    outer loop
      vertex 15.615 48.465 3
      vertex 18 43.45 4.66
      vertex 18 50.85 4.66
    endloop
  endfacet
  facet normal -0.571266 0 0.820765
    outer loop
      vertex 18 43.45 4.66
      vertex 15.615 48.465 3
      vertex 15.615 45.835 3
    endloop
  endfacet
  facet normal -1 0 0
    outer loop
      vertex 18 43.45 4.66
      vertex 18 50.85 4.67
      vertex 18 50.85 4.66
    endloop
  endfacet
  facet normal -1 -0 0
    outer loop
      vertex 18 50.85 4.67
      vertex 18 43.45 4.66
      vertex 18 43.45 4.67
    endloop
  endfacet
  facet normal 0.99994 0 0.0109985
    outer loop
      vertex 10.2004 42.2496 41
      vertex 10.6 34.45 4.67
      vertex 10.6 41.85 4.67
    endloop
  endfacet
  facet normal 0.99994 0 0.0109985
    outer loop
      vertex 10.6 34.45 4.67
      vertex 10.2004 42.2496 41
      vertex 10.2004 34.0504 41
    endloop
  endfacet
  facet normal 0 0.99994 0.0109985
    outer loop
      vertex 18 34.45 4.67
      vertex 10.2004 34.0504 41
      vertex 18.3996 34.0504 41
    endloop
  endfacet
  facet normal 0 0.99994 0.0109985
    outer loop
      vertex 10.2004 34.0504 41
      vertex 18 34.45 4.67
      vertex 10.6 34.45 4.67
    endloop
  endfacet
  facet normal 0 -0.99994 0.0109985
    outer loop
      vertex 10.6 41.85 4.67
      vertex 18.3996 42.2496 41
      vertex 10.2004 42.2496 41
    endloop
  endfacet
  facet normal 0 -0.99994 0.0109985
    outer loop
      vertex 18.3996 42.2496 41
      vertex 10.6 41.85 4.67
      vertex 18 41.85 4.67
    endloop
  endfacet
  facet normal -0.99994 0 0.0109985
    outer loop
      vertex 18 34.45 4.67
      vertex 18.3996 42.2496 41
      vertex 18 41.85 4.67
    endloop
  endfacet
  facet normal -0.99994 0 0.0109985
    outer loop
      vertex 18.3996 42.2496 41
      vertex 18 34.45 4.67
      vertex 18.3996 34.0504 41
    endloop
  endfacet
  facet normal 0 1 -0
    outer loop
      vertex 18 34.45 4.66
      vertex 10.6 34.45 4.67
      vertex 18 34.45 4.67
    endloop
  endfacet
  facet normal 0 1 0
    outer loop
      vertex 10.6 34.45 4.67
      vertex 18 34.45 4.66
      vertex 10.6 34.45 4.66
    endloop
  endfacet
  facet normal -0 0 1
    outer loop
      vertex 12.985 39.465 3
      vertex 15.615 36.835 3
      vertex 15.615 39.465 3
    endloop
  endfacet
  facet normal 0 0 1
    outer loop
      vertex 15.615 36.835 3
      vertex 12.985 39.465 3
      vertex 12.985 36.835 3
    endloop
  endfacet
  facet normal 1 -0 0
    outer loop
      vertex 10.6 34.45 4.67
      vertex 10.6 41.85 4.66
      vertex 10.6 41.85 4.67
    endloop
  endfacet
  facet normal 1 0 0
    outer loop
      vertex 10.6 41.85 4.66
      vertex 10.6 34.45 4.67
      vertex 10.6 34.45 4.66
    endloop
  endfacet
  facet normal 0.571266 0 0.820765
    outer loop
      vertex 10.6 41.85 4.66
      vertex 12.985 36.835 3
      vertex 12.985 39.465 3
    endloop
  endfacet
  facet normal 0.571266 0 0.820765
    outer loop
      vertex 12.985 36.835 3
      vertex 10.6 41.85 4.66
      vertex 10.6 34.45 4.66
    endloop
  endfacet
  facet normal -0 0.571266 0.820765
    outer loop
      vertex 12.985 36.835 3
      vertex 18 34.45 4.66
      vertex 15.615 36.835 3
    endloop
  endfacet
  facet normal 0 0.571266 0.820765
    outer loop
      vertex 18 34.45 4.66
      vertex 12.985 36.835 3
      vertex 10.6 34.45 4.66
    endloop
  endfacet
  facet normal 0 -1 0
    outer loop
      vertex 10.6 41.85 4.66
      vertex 18 41.85 4.67
      vertex 10.6 41.85 4.67
    endloop
  endfacet
  facet normal 0 -1 -0
    outer loop
      vertex 18 41.85 4.67
      vertex 10.6 41.85 4.66
      vertex 18 41.85 4.66
    endloop
  endfacet
  facet normal 0 -0.571266 0.820765
    outer loop
      vertex 18 41.85 4.66
      vertex 12.985 39.465 3
      vertex 15.615 39.465 3
    endloop
  endfacet
  facet normal 0 -0.571266 0.820765
    outer loop
      vertex 12.985 39.465 3
      vertex 18 41.85 4.66
      vertex 10.6 41.85 4.66
    endloop
  endfacet
  facet normal -0.571266 0 0.820765
    outer loop
      vertex 15.615 39.465 3
      vertex 18 34.45 4.66
      vertex 18 41.85 4.66
    endloop
  endfacet
  facet normal -0.571266 0 0.820765
    outer loop
      vertex 18 34.45 4.66
      vertex 15.615 39.465 3
      vertex 15.615 36.835 3
    endloop
  endfacet
  facet normal -1 0 0
    outer loop
      vertex 18 34.45 4.66
      vertex 18 41.85 4.67
      vertex 18 41.85 4.66
    endloop
  endfacet
  facet normal -1 -0 0
    outer loop
      vertex 18 41.85 4.67
      vertex 18 34.45 4.66
      vertex 18 34.45 4.67
    endloop
  endfacet
  facet normal 0.99994 0 0.0109985
    outer loop
      vertex 10.2004 33.2496 41
      vertex 10.6 25.45 4.67
      vertex 10.6 32.85 4.67
    endloop
  endfacet
  facet normal 0.99994 0 0.0109985
    outer loop
      vertex 10.6 25.45 4.67
      vertex 10.2004 33.2496 41
      vertex 10.2004 25.0504 41
    endloop
  endfacet
  facet normal 0 0.99994 0.0109985
    outer loop
      vertex 18 25.45 4.67
      vertex 10.2004 25.0504 41
      vertex 18.3996 25.0504 41
    endloop
  endfacet
  facet normal 0 0.99994 0.0109985
    outer loop
      vertex 10.2004 25.0504 41
      vertex 18 25.45 4.67
      vertex 10.6 25.45 4.67
    endloop
  endfacet
  facet normal 0 -0.99994 0.0109985
    outer loop
      vertex 10.6 32.85 4.67
      vertex 18.3996 33.2496 41
      vertex 10.2004 33.2496 41
    endloop
  endfacet
  facet normal 0 -0.99994 0.0109985
    outer loop
      vertex 18.3996 33.2496 41
      vertex 10.6 32.85 4.67
      vertex 18 32.85 4.67
    endloop
  endfacet
  facet normal -0.99994 0 0.0109985
    outer loop
      vertex 18 25.45 4.67
      vertex 18.3996 33.2496 41
      vertex 18 32.85 4.67
    endloop
  endfacet
  facet normal -0.99994 0 0.0109985
    outer loop
      vertex 18.3996 33.2496 41
      vertex 18 25.45 4.67
      vertex 18.3996 25.0504 41
    endloop
  endfacet
  facet normal 0 1 -0
    outer loop
      vertex 18 25.45 4.66
      vertex 10.6 25.45 4.67
      vertex 18 25.45 4.67
    endloop
  endfacet
  facet normal 0 1 0
    outer loop
      vertex 10.6 25.45 4.67
      vertex 18 25.45 4.66
      vertex 10.6 25.45 4.66
    endloop
  endfacet
  facet normal -0 0 1
    outer loop
      vertex 12.985 30.465 3
      vertex 15.615 27.835 3
      vertex 15.615 30.465 3
    endloop
  endfacet
  facet normal 0 0 1
    outer loop
      vertex 15.615 27.835 3
      vertex 12.985 30.465 3
      vertex 12.985 27.835 3
    endloop
  endfacet
  facet normal 1 -0 0
    outer loop
      vertex 10.6 25.45 4.67
      vertex 10.6 32.85 4.66
      vertex 10.6 32.85 4.67
    endloop
  endfacet
  facet normal 1 0 0
    outer loop
      vertex 10.6 32.85 4.66
      vertex 10.6 25.45 4.67
      vertex 10.6 25.45 4.66
    endloop
  endfacet
  facet normal 0.571266 0 0.820765
    outer loop
      vertex 10.6 32.85 4.66
      vertex 12.985 27.835 3
      vertex 12.985 30.465 3
    endloop
  endfacet
  facet normal 0.571266 0 0.820765
    outer loop
      vertex 12.985 27.835 3
      vertex 10.6 32.85 4.66
      vertex 10.6 25.45 4.66
    endloop
  endfacet
  facet normal -0 0.571266 0.820765
    outer loop
      vertex 12.985 27.835 3
      vertex 18 25.45 4.66
      vertex 15.615 27.835 3
    endloop
  endfacet
  facet normal 0 0.571266 0.820765
    outer loop
      vertex 18 25.45 4.66
      vertex 12.985 27.835 3
      vertex 10.6 25.45 4.66
    endloop
  endfacet
  facet normal 0 -1 0
    outer loop
      vertex 10.6 32.85 4.66
      vertex 18 32.85 4.67
      vertex 10.6 32.85 4.67
    endloop
  endfacet
  facet normal 0 -1 -0
    outer loop
      vertex 18 32.85 4.67
      vertex 10.6 32.85 4.66
      vertex 18 32.85 4.66
    endloop
  endfacet
  facet normal 0 -0.571266 0.820765
    outer loop
      vertex 18 32.85 4.66
      vertex 12.985 30.465 3
      vertex 15.615 30.465 3
    endloop
  endfacet
  facet normal 0 -0.571266 0.820765
    outer loop
      vertex 12.985 30.465 3
      vertex 18 32.85 4.66
      vertex 10.6 32.85 4.66
    endloop
  endfacet
  facet normal -0.571266 0 0.820765
    outer loop
      vertex 15.615 30.465 3
      vertex 18 25.45 4.66
      vertex 18 32.85 4.66
    endloop
  endfacet
  facet normal -0.571266 0 0.820765
    outer loop
      vertex 18 25.45 4.66
      vertex 15.615 30.465 3
      vertex 15.615 27.835 3
    endloop
  endfacet
  facet normal -1 0 0
    outer loop
      vertex 18 25.45 4.66
      vertex 18 32.85 4.67
      vertex 18 32.85 4.66
    endloop
  endfacet
  facet normal -1 -0 0
    outer loop
      vertex 18 32.85 4.67
      vertex 18 25.45 4.66
      vertex 18 25.45 4.67
    endloop
  endfacet
  facet normal 0.99994 0 0.0109985
    outer loop
      vertex 10.2004 24.2496 41
      vertex 10.6 16.45 4.67
      vertex 10.6 23.85 4.67
    endloop
  endfacet
  facet normal 0.99994 0 0.0109985
    outer loop
      vertex 10.6 16.45 4.67
      vertex 10.2004 24.2496 41
      vertex 10.2004 16.0504 41
    endloop
  endfacet
  facet normal 0 0.99994 0.0109985
    outer loop
      vertex 18 16.45 4.67
      vertex 10.2004 16.0504 41
      vertex 18.3996 16.0504 41
    endloop
  endfacet
  facet normal 0 0.99994 0.0109985
    outer loop
      vertex 10.2004 16.0504 41
      vertex 18 16.45 4.67
      vertex 10.6 16.45 4.67
    endloop
  endfacet
  facet normal 0 -0.99994 0.0109985
    outer loop
      vertex 10.6 23.85 4.67
      vertex 18.3996 24.2496 41
      vertex 10.2004 24.2496 41
    endloop
  endfacet
  facet normal 0 -0.99994 0.0109985
    outer loop
      vertex 18.3996 24.2496 41
      vertex 10.6 23.85 4.67
      vertex 18 23.85 4.67
    endloop
  endfacet
  facet normal -0.99994 0 0.0109985
    outer loop
      vertex 18 16.45 4.67
      vertex 18.3996 24.2496 41
      vertex 18 23.85 4.67
    endloop
  endfacet
  facet normal -0.99994 0 0.0109985
    outer loop
      vertex 18.3996 24.2496 41
      vertex 18 16.45 4.67
      vertex 18.3996 16.0504 41
    endloop
  endfacet
  facet normal 0 1 -0
    outer loop
      vertex 18 16.45 4.66
      vertex 10.6 16.45 4.67
      vertex 18 16.45 4.67
    endloop
  endfacet
  facet normal 0 1 0
    outer loop
      vertex 10.6 16.45 4.67
      vertex 18 16.45 4.66
      vertex 10.6 16.45 4.66
    endloop
  endfacet
  facet normal -0 0 1
    outer loop
      vertex 12.985 21.465 3
      vertex 15.615 18.835 3
      vertex 15.615 21.465 3
    endloop
  endfacet
  facet normal 0 0 1
    outer loop
      vertex 15.615 18.835 3
      vertex 12.985 21.465 3
      vertex 12.985 18.835 3
    endloop
  endfacet
  facet normal 1 -0 0
    outer loop
      vertex 10.6 16.45 4.67
      vertex 10.6 23.85 4.66
      vertex 10.6 23.85 4.67
    endloop
  endfacet
  facet normal 1 0 0
    outer loop
      vertex 10.6 23.85 4.66
      vertex 10.6 16.45 4.67
      vertex 10.6 16.45 4.66
    endloop
  endfacet
  facet normal 0.571266 0 0.820765
    outer loop
      vertex 10.6 23.85 4.66
      vertex 12.985 18.835 3
      vertex 12.985 21.465 3
    endloop
  endfacet
  facet normal 0.571266 0 0.820765
    outer loop
      vertex 12.985 18.835 3
      vertex 10.6 23.85 4.66
      vertex 10.6 16.45 4.66
    endloop
  endfacet
  facet normal -0 0.571266 0.820765
    outer loop
      vertex 12.985 18.835 3
      vertex 18 16.45 4.66
      vertex 15.615 18.835 3
    endloop
  endfacet
  facet normal 0 0.571266 0.820765
    outer loop
      vertex 18 16.45 4.66
      vertex 12.985 18.835 3
      vertex 10.6 16.45 4.66
    endloop
  endfacet
  facet normal 0 -1 0
    outer loop
      vertex 10.6 23.85 4.66
      vertex 18 23.85 4.67
      vertex 10.6 23.85 4.67
    endloop
  endfacet
  facet normal 0 -1 -0
    outer loop
      vertex 18 23.85 4.67
      vertex 10.6 23.85 4.66
      vertex 18 23.85 4.66
    endloop
  endfacet
  facet normal 0 -0.571266 0.820765
    outer loop
      vertex 18 23.85 4.66
      vertex 12.985 21.465 3
      vertex 15.615 21.465 3
    endloop
  endfacet
  facet normal 0 -0.571266 0.820765
    outer loop
      vertex 12.985 21.465 3
      vertex 18 23.85 4.66
      vertex 10.6 23.85 4.66
    endloop
  endfacet
  facet normal -0.571266 0 0.820765
    outer loop
      vertex 15.615 21.465 3
      vertex 18 16.45 4.66
      vertex 18 23.85 4.66
    endloop
  endfacet
  facet normal -0.571266 0 0.820765
    outer loop
      vertex 18 16.45 4.66
      vertex 15.615 21.465 3
      vertex 15.615 18.835 3
    endloop
  endfacet
  facet normal -1 0 0
    outer loop
      vertex 18 16.45 4.66
      vertex 18 23.85 4.67
      vertex 18 23.85 4.66
    endloop
  endfacet
  facet normal -1 -0 0
    outer loop
      vertex 18 23.85 4.67
      vertex 18 16.45 4.66
      vertex 18 16.45 4.67
    endloop
  endfacet
  facet normal 0.99994 0 0.0109985
    outer loop
      vertex 10.2004 15.2496 41
      vertex 10.6 7.45 4.67
      vertex 10.6 14.85 4.67
    endloop
  endfacet
  facet normal 0.99994 0 0.0109985
    outer loop
      vertex 10.6 7.45 4.67
      vertex 10.2004 15.2496 41
      vertex 10.2004 7.05044 41
    endloop
  endfacet
  facet normal 0 0.99994 0.0109974
    outer loop
      vertex 18 7.45 4.67
      vertex 10.2004 7.05044 41
      vertex 18.3996 7.05044 41
    endloop
  endfacet
  facet normal 0 0.99994 0.0109974
    outer loop
      vertex 10.2004 7.05044 41
      vertex 18 7.45 4.67
      vertex 10.6 7.45 4.67
    endloop
  endfacet
  facet normal 0 -0.99994 0.0109985
    outer loop
      vertex 10.6 14.85 4.67
      vertex 18.3996 15.2496 41
      vertex 10.2004 15.2496 41
    endloop
  endfacet
  facet normal 0 -0.99994 0.0109985
    outer loop
      vertex 18.3996 15.2496 41
      vertex 10.6 14.85 4.67
      vertex 18 14.85 4.67
    endloop
  endfacet
  facet normal -0.99994 0 0.0109985
    outer loop
      vertex 18 7.45 4.67
      vertex 18.3996 15.2496 41
      vertex 18 14.85 4.67
    endloop
  endfacet
  facet normal -0.99994 0 0.0109985
    outer loop
      vertex 18.3996 15.2496 41
      vertex 18 7.45 4.67
      vertex 18.3996 7.05044 41
    endloop
  endfacet
  facet normal 0 1 -0
    outer loop
      vertex 18 7.45 4.66
      vertex 10.6 7.45 4.67
      vertex 18 7.45 4.67
    endloop
  endfacet
  facet normal 0 1 0
    outer loop
      vertex 10.6 7.45 4.67
      vertex 18 7.45 4.66
      vertex 10.6 7.45 4.66
    endloop
  endfacet
  facet normal -0 0 1
    outer loop
      vertex 12.985 12.465 3
      vertex 15.615 9.835 3
      vertex 15.615 12.465 3
    endloop
  endfacet
  facet normal 0 0 1
    outer loop
      vertex 15.615 9.835 3
      vertex 12.985 12.465 3
      vertex 12.985 9.835 3
    endloop
  endfacet
  facet normal 1 -0 0
    outer loop
      vertex 10.6 7.45 4.67
      vertex 10.6 14.85 4.66
      vertex 10.6 14.85 4.67
    endloop
  endfacet
  facet normal 1 0 0
    outer loop
      vertex 10.6 14.85 4.66
      vertex 10.6 7.45 4.67
      vertex 10.6 7.45 4.66
    endloop
  endfacet
  facet normal 0.571266 0 0.820765
    outer loop
      vertex 10.6 14.85 4.66
      vertex 12.985 9.835 3
      vertex 12.985 12.465 3
    endloop
  endfacet
  facet normal 0.571266 0 0.820765
    outer loop
      vertex 12.985 9.835 3
      vertex 10.6 14.85 4.66
      vertex 10.6 7.45 4.66
    endloop
  endfacet
  facet normal -0 0.571266 0.820765
    outer loop
      vertex 12.985 9.835 3
      vertex 18 7.45 4.66
      vertex 15.615 9.835 3
    endloop
  endfacet
  facet normal 0 0.571266 0.820765
    outer loop
      vertex 18 7.45 4.66
      vertex 12.985 9.835 3
      vertex 10.6 7.45 4.66
    endloop
  endfacet
  facet normal 0 -1 0
    outer loop
      vertex 10.6 14.85 4.66
      vertex 18 14.85 4.67
      vertex 10.6 14.85 4.67
    endloop
  endfacet
  facet normal 0 -1 -0
    outer loop
      vertex 18 14.85 4.67
      vertex 10.6 14.85 4.66
      vertex 18 14.85 4.66
    endloop
  endfacet
  facet normal 0 -0.571266 0.820765
    outer loop
      vertex 18 14.85 4.66
      vertex 12.985 12.465 3
      vertex 15.615 12.465 3
    endloop
  endfacet
  facet normal 0 -0.571266 0.820765
    outer loop
      vertex 12.985 12.465 3
      vertex 18 14.85 4.66
      vertex 10.6 14.85 4.66
    endloop
  endfacet
  facet normal -0.571266 0 0.820765
    outer loop
      vertex 15.615 12.465 3
      vertex 18 7.45 4.66
      vertex 18 14.85 4.66
    endloop
  endfacet
  facet normal -0.571266 0 0.820765
    outer loop
      vertex 18 7.45 4.66
      vertex 15.615 12.465 3
      vertex 15.615 9.835 3
    endloop
  endfacet
  facet normal -1 0 0
    outer loop
      vertex 18 7.45 4.66
      vertex 18 14.85 4.67
      vertex 18 14.85 4.66
    endloop
  endfacet
  facet normal -1 -0 0
    outer loop
      vertex 18 14.85 4.67
      vertex 18 7.45 4.66
      vertex 18 7.45 4.67
    endloop
  endfacet
  facet normal 0.99994 0 0.0109985
    outer loop
      vertex 19.2004 78.2496 41
      vertex 19.6 70.45 4.67
      vertex 19.6 77.85 4.67
    endloop
  endfacet
  facet normal 0.99994 0 0.0109985
    outer loop
      vertex 19.6 70.45 4.67
      vertex 19.2004 78.2496 41
      vertex 19.2004 70.0504 41
    endloop
  endfacet
  facet normal 0 0.99994 0.0109985
    outer loop
      vertex 27 70.45 4.67
      vertex 19.2004 70.0504 41
      vertex 27.3996 70.0504 41
    endloop
  endfacet
  facet normal 0 0.99994 0.0109985
    outer loop
      vertex 19.2004 70.0504 41
      vertex 27 70.45 4.67
      vertex 19.6 70.45 4.67
    endloop
  endfacet
  facet normal 0 -0.99994 0.0109985
    outer loop
      vertex 19.6 77.85 4.67
      vertex 27.3996 78.2496 41
      vertex 19.2004 78.2496 41
    endloop
  endfacet
  facet normal 0 -0.99994 0.0109985
    outer loop
      vertex 27.3996 78.2496 41
      vertex 19.6 77.85 4.67
      vertex 27 77.85 4.67
    endloop
  endfacet
  facet normal -0.99994 0 0.0109985
    outer loop
      vertex 27 70.45 4.67
      vertex 27.3996 78.2496 41
      vertex 27 77.85 4.67
    endloop
  endfacet
  facet normal -0.99994 0 0.0109985
    outer loop
      vertex 27.3996 78.2496 41
      vertex 27 70.45 4.67
      vertex 27.3996 70.0504 41
    endloop
  endfacet
  facet normal 0 1 -0
    outer loop
      vertex 27 70.45 4.66
      vertex 19.6 70.45 4.67
      vertex 27 70.45 4.67
    endloop
  endfacet
  facet normal 0 1 0
    outer loop
      vertex 19.6 70.45 4.67
      vertex 27 70.45 4.66
      vertex 19.6 70.45 4.66
    endloop
  endfacet
  facet normal -0 0 1
    outer loop
      vertex 21.985 75.465 3
      vertex 24.615 72.835 3
      vertex 24.615 75.465 3
    endloop
  endfacet
  facet normal 0 0 1
    outer loop
      vertex 24.615 72.835 3
      vertex 21.985 75.465 3
      vertex 21.985 72.835 3
    endloop
  endfacet
  facet normal 1 -0 0
    outer loop
      vertex 19.6 70.45 4.67
      vertex 19.6 77.85 4.66
      vertex 19.6 77.85 4.67
    endloop
  endfacet
  facet normal 1 0 0
    outer loop
      vertex 19.6 77.85 4.66
      vertex 19.6 70.45 4.67
      vertex 19.6 70.45 4.66
    endloop
  endfacet
  facet normal 0.571266 0 0.820765
    outer loop
      vertex 19.6 77.85 4.66
      vertex 21.985 72.835 3
      vertex 21.985 75.465 3
    endloop
  endfacet
  facet normal 0.571266 0 0.820765
    outer loop
      vertex 21.985 72.835 3
      vertex 19.6 77.85 4.66
      vertex 19.6 70.45 4.66
    endloop
  endfacet
  facet normal -0 0.571266 0.820765
    outer loop
      vertex 21.985 72.835 3
      vertex 27 70.45 4.66
      vertex 24.615 72.835 3
    endloop
  endfacet
  facet normal 0 0.571266 0.820765
    outer loop
      vertex 27 70.45 4.66
      vertex 21.985 72.835 3
      vertex 19.6 70.45 4.66
    endloop
  endfacet
  facet normal 0 -1 0
    outer loop
      vertex 19.6 77.85 4.66
      vertex 27 77.85 4.67
      vertex 19.6 77.85 4.67
    endloop
  endfacet
  facet normal 0 -1 -0
    outer loop
      vertex 27 77.85 4.67
      vertex 19.6 77.85 4.66
      vertex 27 77.85 4.66
    endloop
  endfacet
  facet normal 0 -0.571266 0.820765
    outer loop
      vertex 27 77.85 4.66
      vertex 21.985 75.465 3
      vertex 24.615 75.465 3
    endloop
  endfacet
  facet normal 0 -0.571266 0.820765
    outer loop
      vertex 21.985 75.465 3
      vertex 27 77.85 4.66
      vertex 19.6 77.85 4.66
    endloop
  endfacet
  facet normal -0.571266 0 0.820765
    outer loop
      vertex 24.615 75.465 3
      vertex 27 70.45 4.66
      vertex 27 77.85 4.66
    endloop
  endfacet
  facet normal -0.571266 0 0.820765
    outer loop
      vertex 27 70.45 4.66
      vertex 24.615 75.465 3
      vertex 24.615 72.835 3
    endloop
  endfacet
  facet normal -1 0 0
    outer loop
      vertex 27 70.45 4.66
      vertex 27 77.85 4.67
      vertex 27 77.85 4.66
    endloop
  endfacet
  facet normal -1 -0 0
    outer loop
      vertex 27 77.85 4.67
      vertex 27 70.45 4.66
      vertex 27 70.45 4.67
    endloop
  endfacet
  facet normal 0.99994 0 0.0109985
    outer loop
      vertex 19.2004 69.2496 41
      vertex 19.6 61.45 4.67
      vertex 19.6 68.85 4.67
    endloop
  endfacet
  facet normal 0.99994 0 0.0109985
    outer loop
      vertex 19.6 61.45 4.67
      vertex 19.2004 69.2496 41
      vertex 19.2004 61.0504 41
    endloop
  endfacet
  facet normal 0 0.99994 0.0109985
    outer loop
      vertex 27 61.45 4.67
      vertex 19.2004 61.0504 41
      vertex 27.3996 61.0504 41
    endloop
  endfacet
  facet normal 0 0.99994 0.0109985
    outer loop
      vertex 19.2004 61.0504 41
      vertex 27 61.45 4.67
      vertex 19.6 61.45 4.67
    endloop
  endfacet
  facet normal 0 -0.99994 0.0109985
    outer loop
      vertex 19.6 68.85 4.67
      vertex 27.3996 69.2496 41
      vertex 19.2004 69.2496 41
    endloop
  endfacet
  facet normal 0 -0.99994 0.0109985
    outer loop
      vertex 27.3996 69.2496 41
      vertex 19.6 68.85 4.67
      vertex 27 68.85 4.67
    endloop
  endfacet
  facet normal -0.99994 0 0.0109985
    outer loop
      vertex 27 61.45 4.67
      vertex 27.3996 69.2496 41
      vertex 27 68.85 4.67
    endloop
  endfacet
  facet normal -0.99994 0 0.0109985
    outer loop
      vertex 27.3996 69.2496 41
      vertex 27 61.45 4.67
      vertex 27.3996 61.0504 41
    endloop
  endfacet
  facet normal 0 1 -0
    outer loop
      vertex 27 61.45 4.66
      vertex 19.6 61.45 4.67
      vertex 27 61.45 4.67
    endloop
  endfacet
  facet normal 0 1 0
    outer loop
      vertex 19.6 61.45 4.67
      vertex 27 61.45 4.66
      vertex 19.6 61.45 4.66
    endloop
  endfacet
  facet normal -0 0 1
    outer loop
      vertex 21.985 66.465 3
      vertex 24.615 63.835 3
      vertex 24.615 66.465 3
    endloop
  endfacet
  facet normal 0 0 1
    outer loop
      vertex 24.615 63.835 3
      vertex 21.985 66.465 3
      vertex 21.985 63.835 3
    endloop
  endfacet
  facet normal 1 -0 0
    outer loop
      vertex 19.6 61.45 4.67
      vertex 19.6 68.85 4.66
      vertex 19.6 68.85 4.67
    endloop
  endfacet
  facet normal 1 0 0
    outer loop
      vertex 19.6 68.85 4.66
      vertex 19.6 61.45 4.67
      vertex 19.6 61.45 4.66
    endloop
  endfacet
  facet normal 0.571266 0 0.820765
    outer loop
      vertex 19.6 68.85 4.66
      vertex 21.985 63.835 3
      vertex 21.985 66.465 3
    endloop
  endfacet
  facet normal 0.571266 0 0.820765
    outer loop
      vertex 21.985 63.835 3
      vertex 19.6 68.85 4.66
      vertex 19.6 61.45 4.66
    endloop
  endfacet
  facet normal -0 0.571266 0.820765
    outer loop
      vertex 21.985 63.835 3
      vertex 27 61.45 4.66
      vertex 24.615 63.835 3
    endloop
  endfacet
  facet normal 0 0.571266 0.820765
    outer loop
      vertex 27 61.45 4.66
      vertex 21.985 63.835 3
      vertex 19.6 61.45 4.66
    endloop
  endfacet
  facet normal 0 -1 0
    outer loop
      vertex 19.6 68.85 4.66
      vertex 27 68.85 4.67
      vertex 19.6 68.85 4.67
    endloop
  endfacet
  facet normal 0 -1 -0
    outer loop
      vertex 27 68.85 4.67
      vertex 19.6 68.85 4.66
      vertex 27 68.85 4.66
    endloop
  endfacet
  facet normal 0 -0.571266 0.820765
    outer loop
      vertex 27 68.85 4.66
      vertex 21.985 66.465 3
      vertex 24.615 66.465 3
    endloop
  endfacet
  facet normal 0 -0.571266 0.820765
    outer loop
      vertex 21.985 66.465 3
      vertex 27 68.85 4.66
      vertex 19.6 68.85 4.66
    endloop
  endfacet
  facet normal -0.571266 0 0.820765
    outer loop
      vertex 24.615 66.465 3
      vertex 27 61.45 4.66
      vertex 27 68.85 4.66
    endloop
  endfacet
  facet normal -0.571266 0 0.820765
    outer loop
      vertex 27 61.45 4.66
      vertex 24.615 66.465 3
      vertex 24.615 63.835 3
    endloop
  endfacet
  facet normal -1 0 0
    outer loop
      vertex 27 61.45 4.66
      vertex 27 68.85 4.67
      vertex 27 68.85 4.66
    endloop
  endfacet
  facet normal -1 -0 0
    outer loop
      vertex 27 68.85 4.67
      vertex 27 61.45 4.66
      vertex 27 61.45 4.67
    endloop
  endfacet
  facet normal 0.99994 0 0.0109985
    outer loop
      vertex 19.2004 60.2496 41
      vertex 19.6 52.45 4.67
      vertex 19.6 59.85 4.67
    endloop
  endfacet
  facet normal 0.99994 0 0.0109985
    outer loop
      vertex 19.6 52.45 4.67
      vertex 19.2004 60.2496 41
      vertex 19.2004 52.0504 41
    endloop
  endfacet
  facet normal 0 0.99994 0.0109985
    outer loop
      vertex 27 52.45 4.67
      vertex 19.2004 52.0504 41
      vertex 27.3996 52.0504 41
    endloop
  endfacet
  facet normal 0 0.99994 0.0109985
    outer loop
      vertex 19.2004 52.0504 41
      vertex 27 52.45 4.67
      vertex 19.6 52.45 4.67
    endloop
  endfacet
  facet normal 0 -0.99994 0.0109985
    outer loop
      vertex 19.6 59.85 4.67
      vertex 27.3996 60.2496 41
      vertex 19.2004 60.2496 41
    endloop
  endfacet
  facet normal 0 -0.99994 0.0109985
    outer loop
      vertex 27.3996 60.2496 41
      vertex 19.6 59.85 4.67
      vertex 27 59.85 4.67
    endloop
  endfacet
  facet normal -0.99994 0 0.0109985
    outer loop
      vertex 27 52.45 4.67
      vertex 27.3996 60.2496 41
      vertex 27 59.85 4.67
    endloop
  endfacet
  facet normal -0.99994 0 0.0109985
    outer loop
      vertex 27.3996 60.2496 41
      vertex 27 52.45 4.67
      vertex 27.3996 52.0504 41
    endloop
  endfacet
  facet normal 0 1 -0
    outer loop
      vertex 27 52.45 4.66
      vertex 19.6 52.45 4.67
      vertex 27 52.45 4.67
    endloop
  endfacet
  facet normal 0 1 0
    outer loop
      vertex 19.6 52.45 4.67
      vertex 27 52.45 4.66
      vertex 19.6 52.45 4.66
    endloop
  endfacet
  facet normal -0 0 1
    outer loop
      vertex 21.985 57.465 3
      vertex 24.615 54.835 3
      vertex 24.615 57.465 3
    endloop
  endfacet
  facet normal 0 0 1
    outer loop
      vertex 24.615 54.835 3
      vertex 21.985 57.465 3
      vertex 21.985 54.835 3
    endloop
  endfacet
  facet normal 1 -0 0
    outer loop
      vertex 19.6 52.45 4.67
      vertex 19.6 59.85 4.66
      vertex 19.6 59.85 4.67
    endloop
  endfacet
  facet normal 1 0 0
    outer loop
      vertex 19.6 59.85 4.66
      vertex 19.6 52.45 4.67
      vertex 19.6 52.45 4.66
    endloop
  endfacet
  facet normal 0.571266 0 0.820765
    outer loop
      vertex 19.6 59.85 4.66
      vertex 21.985 54.835 3
      vertex 21.985 57.465 3
    endloop
  endfacet
  facet normal 0.571266 0 0.820765
    outer loop
      vertex 21.985 54.835 3
      vertex 19.6 59.85 4.66
      vertex 19.6 52.45 4.66
    endloop
  endfacet
  facet normal -0 0.571266 0.820765
    outer loop
      vertex 21.985 54.835 3
      vertex 27 52.45 4.66
      vertex 24.615 54.835 3
    endloop
  endfacet
  facet normal 0 0.571266 0.820765
    outer loop
      vertex 27 52.45 4.66
      vertex 21.985 54.835 3
      vertex 19.6 52.45 4.66
    endloop
  endfacet
  facet normal 0 -1 0
    outer loop
      vertex 19.6 59.85 4.66
      vertex 27 59.85 4.67
      vertex 19.6 59.85 4.67
    endloop
  endfacet
  facet normal 0 -1 -0
    outer loop
      vertex 27 59.85 4.67
      vertex 19.6 59.85 4.66
      vertex 27 59.85 4.66
    endloop
  endfacet
  facet normal 0 -0.571266 0.820765
    outer loop
      vertex 27 59.85 4.66
      vertex 21.985 57.465 3
      vertex 24.615 57.465 3
    endloop
  endfacet
  facet normal 0 -0.571266 0.820765
    outer loop
      vertex 21.985 57.465 3
      vertex 27 59.85 4.66
      vertex 19.6 59.85 4.66
    endloop
  endfacet
  facet normal -0.571266 0 0.820765
    outer loop
      vertex 24.615 57.465 3
      vertex 27 52.45 4.66
      vertex 27 59.85 4.66
    endloop
  endfacet
  facet normal -0.571266 0 0.820765
    outer loop
      vertex 27 52.45 4.66
      vertex 24.615 57.465 3
      vertex 24.615 54.835 3
    endloop
  endfacet
  facet normal -1 0 0
    outer loop
      vertex 27 52.45 4.66
      vertex 27 59.85 4.67
      vertex 27 59.85 4.66
    endloop
  endfacet
  facet normal -1 -0 0
    outer loop
      vertex 27 59.85 4.67
      vertex 27 52.45 4.66
      vertex 27 52.45 4.67
    endloop
  endfacet
  facet normal 0.99994 0 0.0109985
    outer loop
      vertex 19.2004 51.2496 41
      vertex 19.6 43.45 4.67
      vertex 19.6 50.85 4.67
    endloop
  endfacet
  facet normal 0.99994 0 0.0109985
    outer loop
      vertex 19.6 43.45 4.67
      vertex 19.2004 51.2496 41
      vertex 19.2004 43.0504 41
    endloop
  endfacet
  facet normal 0 0.99994 0.0109985
    outer loop
      vertex 27 43.45 4.67
      vertex 19.2004 43.0504 41
      vertex 27.3996 43.0504 41
    endloop
  endfacet
  facet normal 0 0.99994 0.0109985
    outer loop
      vertex 19.2004 43.0504 41
      vertex 27 43.45 4.67
      vertex 19.6 43.45 4.67
    endloop
  endfacet
  facet normal 0 -0.99994 0.0109985
    outer loop
      vertex 19.6 50.85 4.67
      vertex 27.3996 51.2496 41
      vertex 19.2004 51.2496 41
    endloop
  endfacet
  facet normal 0 -0.99994 0.0109985
    outer loop
      vertex 27.3996 51.2496 41
      vertex 19.6 50.85 4.67
      vertex 27 50.85 4.67
    endloop
  endfacet
  facet normal -0.99994 0 0.0109985
    outer loop
      vertex 27 43.45 4.67
      vertex 27.3996 51.2496 41
      vertex 27 50.85 4.67
    endloop
  endfacet
  facet normal -0.99994 0 0.0109985
    outer loop
      vertex 27.3996 51.2496 41
      vertex 27 43.45 4.67
      vertex 27.3996 43.0504 41
    endloop
  endfacet
  facet normal 0 1 -0
    outer loop
      vertex 27 43.45 4.66
      vertex 19.6 43.45 4.67
      vertex 27 43.45 4.67
    endloop
  endfacet
  facet normal 0 1 0
    outer loop
      vertex 19.6 43.45 4.67
      vertex 27 43.45 4.66
      vertex 19.6 43.45 4.66
    endloop
  endfacet
  facet normal -0 0 1
    outer loop
      vertex 21.985 48.465 3
      vertex 24.615 45.835 3
      vertex 24.615 48.465 3
    endloop
  endfacet
  facet normal 0 0 1
    outer loop
      vertex 24.615 45.835 3
      vertex 21.985 48.465 3
      vertex 21.985 45.835 3
    endloop
  endfacet
  facet normal 1 -0 0
    outer loop
      vertex 19.6 43.45 4.67
      vertex 19.6 50.85 4.66
      vertex 19.6 50.85 4.67
    endloop
  endfacet
  facet normal 1 0 0
    outer loop
      vertex 19.6 50.85 4.66
      vertex 19.6 43.45 4.67
      vertex 19.6 43.45 4.66
    endloop
  endfacet
  facet normal 0.571266 0 0.820765
    outer loop
      vertex 19.6 50.85 4.66
      vertex 21.985 45.835 3
      vertex 21.985 48.465 3
    endloop
  endfacet
  facet normal 0.571266 0 0.820765
    outer loop
      vertex 21.985 45.835 3
      vertex 19.6 50.85 4.66
      vertex 19.6 43.45 4.66
    endloop
  endfacet
  facet normal -0 0.571266 0.820765
    outer loop
      vertex 21.985 45.835 3
      vertex 27 43.45 4.66
      vertex 24.615 45.835 3
    endloop
  endfacet
  facet normal 0 0.571266 0.820765
    outer loop
      vertex 27 43.45 4.66
      vertex 21.985 45.835 3
      vertex 19.6 43.45 4.66
    endloop
  endfacet
  facet normal 0 -1 0
    outer loop
      vertex 19.6 50.85 4.66
      vertex 27 50.85 4.67
      vertex 19.6 50.85 4.67
    endloop
  endfacet
  facet normal 0 -1 -0
    outer loop
      vertex 27 50.85 4.67
      vertex 19.6 50.85 4.66
      vertex 27 50.85 4.66
    endloop
  endfacet
  facet normal 0 -0.571266 0.820765
    outer loop
      vertex 27 50.85 4.66
      vertex 21.985 48.465 3
      vertex 24.615 48.465 3
    endloop
  endfacet
  facet normal 0 -0.571266 0.820765
    outer loop
      vertex 21.985 48.465 3
      vertex 27 50.85 4.66
      vertex 19.6 50.85 4.66
    endloop
  endfacet
  facet normal -0.571266 0 0.820765
    outer loop
      vertex 24.615 48.465 3
      vertex 27 43.45 4.66
      vertex 27 50.85 4.66
    endloop
  endfacet
  facet normal -0.571266 0 0.820765
    outer loop
      vertex 27 43.45 4.66
      vertex 24.615 48.465 3
      vertex 24.615 45.835 3
    endloop
  endfacet
  facet normal -1 0 0
    outer loop
      vertex 27 43.45 4.66
      vertex 27 50.85 4.67
      vertex 27 50.85 4.66
    endloop
  endfacet
  facet normal -1 -0 0
    outer loop
      vertex 27 50.85 4.67
      vertex 27 43.45 4.66
      vertex 27 43.45 4.67
    endloop
  endfacet
  facet normal 0.99994 0 0.0109985
    outer loop
      vertex 19.2004 42.2496 41
      vertex 19.6 34.45 4.67
      vertex 19.6 41.85 4.67
    endloop
  endfacet
  facet normal 0.99994 0 0.0109985
    outer loop
      vertex 19.6 34.45 4.67
      vertex 19.2004 42.2496 41
      vertex 19.2004 34.0504 41
    endloop
  endfacet
  facet normal 0 0.99994 0.0109985
    outer loop
      vertex 27 34.45 4.67
      vertex 19.2004 34.0504 41
      vertex 27.3996 34.0504 41
    endloop
  endfacet
  facet normal 0 0.99994 0.0109985
    outer loop
      vertex 19.2004 34.0504 41
      vertex 27 34.45 4.67
      vertex 19.6 34.45 4.67
    endloop
  endfacet
  facet normal 0 -0.99994 0.0109985
    outer loop
      vertex 19.6 41.85 4.67
      vertex 27.3996 42.2496 41
      vertex 19.2004 42.2496 41
    endloop
  endfacet
  facet normal 0 -0.99994 0.0109985
    outer loop
      vertex 27.3996 42.2496 41
      vertex 19.6 41.85 4.67
      vertex 27 41.85 4.67
    endloop
  endfacet
  facet normal -0.99994 0 0.0109985
    outer loop
      vertex 27 34.45 4.67
      vertex 27.3996 42.2496 41
      vertex 27 41.85 4.67
    endloop
  endfacet
  facet normal -0.99994 0 0.0109985
    outer loop
      vertex 27.3996 42.2496 41
      vertex 27 34.45 4.67
      vertex 27.3996 34.0504 41
    endloop
  endfacet
  facet normal 0 1 -0
    outer loop
      vertex 27 34.45 4.66
      vertex 19.6 34.45 4.67
      vertex 27 34.45 4.67
    endloop
  endfacet
  facet normal 0 1 0
    outer loop
      vertex 19.6 34.45 4.67
      vertex 27 34.45 4.66
      vertex 19.6 34.45 4.66
    endloop
  endfacet
  facet normal -0 0 1
    outer loop
      vertex 21.985 39.465 3
      vertex 24.615 36.835 3
      vertex 24.615 39.465 3
    endloop
  endfacet
  facet normal 0 0 1
    outer loop
      vertex 24.615 36.835 3
      vertex 21.985 39.465 3
      vertex 21.985 36.835 3
    endloop
  endfacet
  facet normal 1 -0 0
    outer loop
      vertex 19.6 34.45 4.67
      vertex 19.6 41.85 4.66
      vertex 19.6 41.85 4.67
    endloop
  endfacet
  facet normal 1 0 0
    outer loop
      vertex 19.6 41.85 4.66
      vertex 19.6 34.45 4.67
      vertex 19.6 34.45 4.66
    endloop
  endfacet
  facet normal 0.571266 0 0.820765
    outer loop
      vertex 19.6 41.85 4.66
      vertex 21.985 36.835 3
      vertex 21.985 39.465 3
    endloop
  endfacet
  facet normal 0.571266 0 0.820765
    outer loop
      vertex 21.985 36.835 3
      vertex 19.6 41.85 4.66
      vertex 19.6 34.45 4.66
    endloop
  endfacet
  facet normal -0 0.571266 0.820765
    outer loop
      vertex 21.985 36.835 3
      vertex 27 34.45 4.66
      vertex 24.615 36.835 3
    endloop
  endfacet
  facet normal 0 0.571266 0.820765
    outer loop
      vertex 27 34.45 4.66
      vertex 21.985 36.835 3
      vertex 19.6 34.45 4.66
    endloop
  endfacet
  facet normal 0 -1 0
    outer loop
      vertex 19.6 41.85 4.66
      vertex 27 41.85 4.67
      vertex 19.6 41.85 4.67
    endloop
  endfacet
  facet normal 0 -1 -0
    outer loop
      vertex 27 41.85 4.67
      vertex 19.6 41.85 4.66
      vertex 27 41.85 4.66
    endloop
  endfacet
  facet normal 0 -0.571266 0.820765
    outer loop
      vertex 27 41.85 4.66
      vertex 21.985 39.465 3
      vertex 24.615 39.465 3
    endloop
  endfacet
  facet normal 0 -0.571266 0.820765
    outer loop
      vertex 21.985 39.465 3
      vertex 27 41.85 4.66
      vertex 19.6 41.85 4.66
    endloop
  endfacet
  facet normal -0.571266 0 0.820765
    outer loop
      vertex 24.615 39.465 3
      vertex 27 34.45 4.66
      vertex 27 41.85 4.66
    endloop
  endfacet
  facet normal -0.571266 0 0.820765
    outer loop
      vertex 27 34.45 4.66
      vertex 24.615 39.465 3
      vertex 24.615 36.835 3
    endloop
  endfacet
  facet normal -1 0 0
    outer loop
      vertex 27 34.45 4.66
      vertex 27 41.85 4.67
      vertex 27 41.85 4.66
    endloop
  endfacet
  facet normal -1 -0 0
    outer loop
      vertex 27 41.85 4.67
      vertex 27 34.45 4.66
      vertex 27 34.45 4.67
    endloop
  endfacet
  facet normal 0.99994 0 0.0109985
    outer loop
      vertex 19.2004 33.2496 41
      vertex 19.6 25.45 4.67
      vertex 19.6 32.85 4.67
    endloop
  endfacet
  facet normal 0.99994 0 0.0109985
    outer loop
      vertex 19.6 25.45 4.67
      vertex 19.2004 33.2496 41
      vertex 19.2004 25.0504 41
    endloop
  endfacet
  facet normal 0 0.99994 0.0109985
    outer loop
      vertex 27 25.45 4.67
      vertex 19.2004 25.0504 41
      vertex 27.3996 25.0504 41
    endloop
  endfacet
  facet normal 0 0.99994 0.0109985
    outer loop
      vertex 19.2004 25.0504 41
      vertex 27 25.45 4.67
      vertex 19.6 25.45 4.67
    endloop
  endfacet
  facet normal 0 -0.99994 0.0109985
    outer loop
      vertex 19.6 32.85 4.67
      vertex 27.3996 33.2496 41
      vertex 19.2004 33.2496 41
    endloop
  endfacet
  facet normal 0 -0.99994 0.0109985
    outer loop
      vertex 27.3996 33.2496 41
      vertex 19.6 32.85 4.67
      vertex 27 32.85 4.67
    endloop
  endfacet
  facet normal -0.99994 0 0.0109985
    outer loop
      vertex 27 25.45 4.67
      vertex 27.3996 33.2496 41
      vertex 27 32.85 4.67
    endloop
  endfacet
  facet normal -0.99994 0 0.0109985
    outer loop
      vertex 27.3996 33.2496 41
      vertex 27 25.45 4.67
      vertex 27.3996 25.0504 41
    endloop
  endfacet
  facet normal 0 1 -0
    outer loop
      vertex 27 25.45 4.66
      vertex 19.6 25.45 4.67
      vertex 27 25.45 4.67
    endloop
  endfacet
  facet normal 0 1 0
    outer loop
      vertex 19.6 25.45 4.67
      vertex 27 25.45 4.66
      vertex 19.6 25.45 4.66
    endloop
  endfacet
  facet normal -0 0 1
    outer loop
      vertex 21.985 30.465 3
      vertex 24.615 27.835 3
      vertex 24.615 30.465 3
    endloop
  endfacet
  facet normal 0 0 1
    outer loop
      vertex 24.615 27.835 3
      vertex 21.985 30.465 3
      vertex 21.985 27.835 3
    endloop
  endfacet
  facet normal 1 -0 0
    outer loop
      vertex 19.6 25.45 4.67
      vertex 19.6 32.85 4.66
      vertex 19.6 32.85 4.67
    endloop
  endfacet
  facet normal 1 0 0
    outer loop
      vertex 19.6 32.85 4.66
      vertex 19.6 25.45 4.67
      vertex 19.6 25.45 4.66
    endloop
  endfacet
  facet normal 0.571266 0 0.820765
    outer loop
      vertex 19.6 32.85 4.66
      vertex 21.985 27.835 3
      vertex 21.985 30.465 3
    endloop
  endfacet
  facet normal 0.571266 0 0.820765
    outer loop
      vertex 21.985 27.835 3
      vertex 19.6 32.85 4.66
      vertex 19.6 25.45 4.66
    endloop
  endfacet
  facet normal -0 0.571266 0.820765
    outer loop
      vertex 21.985 27.835 3
      vertex 27 25.45 4.66
      vertex 24.615 27.835 3
    endloop
  endfacet
  facet normal 0 0.571266 0.820765
    outer loop
      vertex 27 25.45 4.66
      vertex 21.985 27.835 3
      vertex 19.6 25.45 4.66
    endloop
  endfacet
  facet normal 0 -1 0
    outer loop
      vertex 19.6 32.85 4.66
      vertex 27 32.85 4.67
      vertex 19.6 32.85 4.67
    endloop
  endfacet
  facet normal 0 -1 -0
    outer loop
      vertex 27 32.85 4.67
      vertex 19.6 32.85 4.66
      vertex 27 32.85 4.66
    endloop
  endfacet
  facet normal 0 -0.571266 0.820765
    outer loop
      vertex 27 32.85 4.66
      vertex 21.985 30.465 3
      vertex 24.615 30.465 3
    endloop
  endfacet
  facet normal 0 -0.571266 0.820765
    outer loop
      vertex 21.985 30.465 3
      vertex 27 32.85 4.66
      vertex 19.6 32.85 4.66
    endloop
  endfacet
  facet normal -0.571266 0 0.820765
    outer loop
      vertex 24.615 30.465 3
      vertex 27 25.45 4.66
      vertex 27 32.85 4.66
    endloop
  endfacet
  facet normal -0.571266 0 0.820765
    outer loop
      vertex 27 25.45 4.66
      vertex 24.615 30.465 3
      vertex 24.615 27.835 3
    endloop
  endfacet
  facet normal -1 0 0
    outer loop
      vertex 27 25.45 4.66
      vertex 27 32.85 4.67
      vertex 27 32.85 4.66
    endloop
  endfacet
  facet normal -1 -0 0
    outer loop
      vertex 27 32.85 4.67
      vertex 27 25.45 4.66
      vertex 27 25.45 4.67
    endloop
  endfacet
  facet normal 0.99994 0 0.0109985
    outer loop
      vertex 19.2004 24.2496 41
      vertex 19.6 16.45 4.67
      vertex 19.6 23.85 4.67
    endloop
  endfacet
  facet normal 0.99994 0 0.0109985
    outer loop
      vertex 19.6 16.45 4.67
      vertex 19.2004 24.2496 41
      vertex 19.2004 16.0504 41
    endloop
  endfacet
  facet normal 0 0.99994 0.0109985
    outer loop
      vertex 27 16.45 4.67
      vertex 19.2004 16.0504 41
      vertex 27.3996 16.0504 41
    endloop
  endfacet
  facet normal 0 0.99994 0.0109985
    outer loop
      vertex 19.2004 16.0504 41
      vertex 27 16.45 4.67
      vertex 19.6 16.45 4.67
    endloop
  endfacet
  facet normal 0 -0.99994 0.0109985
    outer loop
      vertex 19.6 23.85 4.67
      vertex 27.3996 24.2496 41
      vertex 19.2004 24.2496 41
    endloop
  endfacet
  facet normal 0 -0.99994 0.0109985
    outer loop
      vertex 27.3996 24.2496 41
      vertex 19.6 23.85 4.67
      vertex 27 23.85 4.67
    endloop
  endfacet
  facet normal -0.99994 0 0.0109985
    outer loop
      vertex 27 16.45 4.67
      vertex 27.3996 24.2496 41
      vertex 27 23.85 4.67
    endloop
  endfacet
  facet normal -0.99994 0 0.0109985
    outer loop
      vertex 27.3996 24.2496 41
      vertex 27 16.45 4.67
      vertex 27.3996 16.0504 41
    endloop
  endfacet
  facet normal 0 1 -0
    outer loop
      vertex 27 16.45 4.66
      vertex 19.6 16.45 4.67
      vertex 27 16.45 4.67
    endloop
  endfacet
  facet normal 0 1 0
    outer loop
      vertex 19.6 16.45 4.67
      vertex 27 16.45 4.66
      vertex 19.6 16.45 4.66
    endloop
  endfacet
  facet normal -0 0 1
    outer loop
      vertex 21.985 21.465 3
      vertex 24.615 18.835 3
      vertex 24.615 21.465 3
    endloop
  endfacet
  facet normal 0 0 1
    outer loop
      vertex 24.615 18.835 3
      vertex 21.985 21.465 3
      vertex 21.985 18.835 3
    endloop
  endfacet
  facet normal 1 -0 0
    outer loop
      vertex 19.6 16.45 4.67
      vertex 19.6 23.85 4.66
      vertex 19.6 23.85 4.67
    endloop
  endfacet
  facet normal 1 0 0
    outer loop
      vertex 19.6 23.85 4.66
      vertex 19.6 16.45 4.67
      vertex 19.6 16.45 4.66
    endloop
  endfacet
  facet normal 0.571266 0 0.820765
    outer loop
      vertex 19.6 23.85 4.66
      vertex 21.985 18.835 3
      vertex 21.985 21.465 3
    endloop
  endfacet
  facet normal 0.571266 0 0.820765
    outer loop
      vertex 21.985 18.835 3
      vertex 19.6 23.85 4.66
      vertex 19.6 16.45 4.66
    endloop
  endfacet
  facet normal -0 0.571266 0.820765
    outer loop
      vertex 21.985 18.835 3
      vertex 27 16.45 4.66
      vertex 24.615 18.835 3
    endloop
  endfacet
  facet normal 0 0.571266 0.820765
    outer loop
      vertex 27 16.45 4.66
      vertex 21.985 18.835 3
      vertex 19.6 16.45 4.66
    endloop
  endfacet
  facet normal 0 -1 0
    outer loop
      vertex 19.6 23.85 4.66
      vertex 27 23.85 4.67
      vertex 19.6 23.85 4.67
    endloop
  endfacet
  facet normal 0 -1 -0
    outer loop
      vertex 27 23.85 4.67
      vertex 19.6 23.85 4.66
      vertex 27 23.85 4.66
    endloop
  endfacet
  facet normal 0 -0.571266 0.820765
    outer loop
      vertex 27 23.85 4.66
      vertex 21.985 21.465 3
      vertex 24.615 21.465 3
    endloop
  endfacet
  facet normal 0 -0.571266 0.820765
    outer loop
      vertex 21.985 21.465 3
      vertex 27 23.85 4.66
      vertex 19.6 23.85 4.66
    endloop
  endfacet
  facet normal -0.571266 0 0.820765
    outer loop
      vertex 24.615 21.465 3
      vertex 27 16.45 4.66
      vertex 27 23.85 4.66
    endloop
  endfacet
  facet normal -0.571266 0 0.820765
    outer loop
      vertex 27 16.45 4.66
      vertex 24.615 21.465 3
      vertex 24.615 18.835 3
    endloop
  endfacet
  facet normal -1 0 0
    outer loop
      vertex 27 16.45 4.66
      vertex 27 23.85 4.67
      vertex 27 23.85 4.66
    endloop
  endfacet
  facet normal -1 -0 0
    outer loop
      vertex 27 23.85 4.67
      vertex 27 16.45 4.66
      vertex 27 16.45 4.67
    endloop
  endfacet
  facet normal 0.99994 0 0.0109985
    outer loop
      vertex 19.2004 15.2496 41
      vertex 19.6 7.45 4.67
      vertex 19.6 14.85 4.67
    endloop
  endfacet
  facet normal 0.99994 0 0.0109985
    outer loop
      vertex 19.6 7.45 4.67
      vertex 19.2004 15.2496 41
      vertex 19.2004 7.05044 41
    endloop
  endfacet
  facet normal 0 0.99994 0.0109974
    outer loop
      vertex 27 7.45 4.67
      vertex 19.2004 7.05044 41
      vertex 27.3996 7.05044 41
    endloop
  endfacet
  facet normal 0 0.99994 0.0109974
    outer loop
      vertex 19.2004 7.05044 41
      vertex 27 7.45 4.67
      vertex 19.6 7.45 4.67
    endloop
  endfacet
  facet normal 0 -0.99994 0.0109985
    outer loop
      vertex 19.6 14.85 4.67
      vertex 27.3996 15.2496 41
      vertex 19.2004 15.2496 41
    endloop
  endfacet
  facet normal 0 -0.99994 0.0109985
    outer loop
      vertex 27.3996 15.2496 41
      vertex 19.6 14.85 4.67
      vertex 27 14.85 4.67
    endloop
  endfacet
  facet normal -0.99994 0 0.0109985
    outer loop
      vertex 27 7.45 4.67
      vertex 27.3996 15.2496 41
      vertex 27 14.85 4.67
    endloop
  endfacet
  facet normal -0.99994 0 0.0109985
    outer loop
      vertex 27.3996 15.2496 41
      vertex 27 7.45 4.67
      vertex 27.3996 7.05044 41
    endloop
  endfacet
  facet normal 0 1 -0
    outer loop
      vertex 27 7.45 4.66
      vertex 19.6 7.45 4.67
      vertex 27 7.45 4.67
    endloop
  endfacet
  facet normal 0 1 0
    outer loop
      vertex 19.6 7.45 4.67
      vertex 27 7.45 4.66
      vertex 19.6 7.45 4.66
    endloop
  endfacet
  facet normal -0 0 1
    outer loop
      vertex 21.985 12.465 3
      vertex 24.615 9.835 3
      vertex 24.615 12.465 3
    endloop
  endfacet
  facet normal 0 0 1
    outer loop
      vertex 24.615 9.835 3
      vertex 21.985 12.465 3
      vertex 21.985 9.835 3
    endloop
  endfacet
  facet normal 1 -0 0
    outer loop
      vertex 19.6 7.45 4.67
      vertex 19.6 14.85 4.66
      vertex 19.6 14.85 4.67
    endloop
  endfacet
  facet normal 1 0 0
    outer loop
      vertex 19.6 14.85 4.66
      vertex 19.6 7.45 4.67
      vertex 19.6 7.45 4.66
    endloop
  endfacet
  facet normal 0.571266 0 0.820765
    outer loop
      vertex 19.6 14.85 4.66
      vertex 21.985 9.835 3
      vertex 21.985 12.465 3
    endloop
  endfacet
  facet normal 0.571266 0 0.820765
    outer loop
      vertex 21.985 9.835 3
      vertex 19.6 14.85 4.66
      vertex 19.6 7.45 4.66
    endloop
  endfacet
  facet normal -0 0.571266 0.820765
    outer loop
      vertex 21.985 9.835 3
      vertex 27 7.45 4.66
      vertex 24.615 9.835 3
    endloop
  endfacet
  facet normal 0 0.571266 0.820765
    outer loop
      vertex 27 7.45 4.66
      vertex 21.985 9.835 3
      vertex 19.6 7.45 4.66
    endloop
  endfacet
  facet normal 0 -1 0
    outer loop
      vertex 19.6 14.85 4.66
      vertex 27 14.85 4.67
      vertex 19.6 14.85 4.67
    endloop
  endfacet
  facet normal 0 -1 -0
    outer loop
      vertex 27 14.85 4.67
      vertex 19.6 14.85 4.66
      vertex 27 14.85 4.66
    endloop
  endfacet
  facet normal 0 -0.571266 0.820765
    outer loop
      vertex 27 14.85 4.66
      vertex 21.985 12.465 3
      vertex 24.615 12.465 3
    endloop
  endfacet
  facet normal 0 -0.571266 0.820765
    outer loop
      vertex 21.985 12.465 3
      vertex 27 14.85 4.66
      vertex 19.6 14.85 4.66
    endloop
  endfacet
  facet normal -0.571266 0 0.820765
    outer loop
      vertex 24.615 12.465 3
      vertex 27 7.45 4.66
      vertex 27 14.85 4.66
    endloop
  endfacet
  facet normal -0.571266 0 0.820765
    outer loop
      vertex 27 7.45 4.66
      vertex 24.615 12.465 3
      vertex 24.615 9.835 3
    endloop
  endfacet
  facet normal -1 0 0
    outer loop
      vertex 27 7.45 4.66
      vertex 27 14.85 4.67
      vertex 27 14.85 4.66
    endloop
  endfacet
  facet normal -1 -0 0
    outer loop
      vertex 27 14.85 4.67
      vertex 27 7.45 4.66
      vertex 27 7.45 4.67
    endloop
  endfacet
  facet normal 0.99994 0 0.0109985
    outer loop
      vertex 28.2004 78.2496 41
      vertex 28.6 70.45 4.67
      vertex 28.6 77.85 4.67
    endloop
  endfacet
  facet normal 0.99994 0 0.0109985
    outer loop
      vertex 28.6 70.45 4.67
      vertex 28.2004 78.2496 41
      vertex 28.2004 70.0504 41
    endloop
  endfacet
  facet normal 0 0.99994 0.0109985
    outer loop
      vertex 36 70.45 4.67
      vertex 28.2004 70.0504 41
      vertex 36.3996 70.0504 41
    endloop
  endfacet
  facet normal 0 0.99994 0.0109985
    outer loop
      vertex 28.2004 70.0504 41
      vertex 36 70.45 4.67
      vertex 28.6 70.45 4.67
    endloop
  endfacet
  facet normal 0 -0.99994 0.0109985
    outer loop
      vertex 28.6 77.85 4.67
      vertex 36.3996 78.2496 41
      vertex 28.2004 78.2496 41
    endloop
  endfacet
  facet normal 0 -0.99994 0.0109985
    outer loop
      vertex 36.3996 78.2496 41
      vertex 28.6 77.85 4.67
      vertex 36 77.85 4.67
    endloop
  endfacet
  facet normal -0.99994 0 0.0109985
    outer loop
      vertex 36 70.45 4.67
      vertex 36.3996 78.2496 41
      vertex 36 77.85 4.67
    endloop
  endfacet
  facet normal -0.99994 0 0.0109985
    outer loop
      vertex 36.3996 78.2496 41
      vertex 36 70.45 4.67
      vertex 36.3996 70.0504 41
    endloop
  endfacet
  facet normal 0 1 -0
    outer loop
      vertex 36 70.45 4.66
      vertex 28.6 70.45 4.67
      vertex 36 70.45 4.67
    endloop
  endfacet
  facet normal 0 1 0
    outer loop
      vertex 28.6 70.45 4.67
      vertex 36 70.45 4.66
      vertex 28.6 70.45 4.66
    endloop
  endfacet
  facet normal -0 0 1
    outer loop
      vertex 30.985 75.465 3
      vertex 33.615 72.835 3
      vertex 33.615 75.465 3
    endloop
  endfacet
  facet normal 0 0 1
    outer loop
      vertex 33.615 72.835 3
      vertex 30.985 75.465 3
      vertex 30.985 72.835 3
    endloop
  endfacet
  facet normal 1 -0 0
    outer loop
      vertex 28.6 70.45 4.67
      vertex 28.6 77.85 4.66
      vertex 28.6 77.85 4.67
    endloop
  endfacet
  facet normal 1 0 0
    outer loop
      vertex 28.6 77.85 4.66
      vertex 28.6 70.45 4.67
      vertex 28.6 70.45 4.66
    endloop
  endfacet
  facet normal 0.571266 0 0.820765
    outer loop
      vertex 28.6 77.85 4.66
      vertex 30.985 72.835 3
      vertex 30.985 75.465 3
    endloop
  endfacet
  facet normal 0.571266 0 0.820765
    outer loop
      vertex 30.985 72.835 3
      vertex 28.6 77.85 4.66
      vertex 28.6 70.45 4.66
    endloop
  endfacet
  facet normal -0 0.571266 0.820765
    outer loop
      vertex 30.985 72.835 3
      vertex 36 70.45 4.66
      vertex 33.615 72.835 3
    endloop
  endfacet
  facet normal 0 0.571266 0.820765
    outer loop
      vertex 36 70.45 4.66
      vertex 30.985 72.835 3
      vertex 28.6 70.45 4.66
    endloop
  endfacet
  facet normal 0 -1 0
    outer loop
      vertex 28.6 77.85 4.66
      vertex 36 77.85 4.67
      vertex 28.6 77.85 4.67
    endloop
  endfacet
  facet normal 0 -1 -0
    outer loop
      vertex 36 77.85 4.67
      vertex 28.6 77.85 4.66
      vertex 36 77.85 4.66
    endloop
  endfacet
  facet normal 0 -0.571266 0.820765
    outer loop
      vertex 36 77.85 4.66
      vertex 30.985 75.465 3
      vertex 33.615 75.465 3
    endloop
  endfacet
  facet normal 0 -0.571266 0.820765
    outer loop
      vertex 30.985 75.465 3
      vertex 36 77.85 4.66
      vertex 28.6 77.85 4.66
    endloop
  endfacet
  facet normal -0.571266 0 0.820765
    outer loop
      vertex 33.615 75.465 3
      vertex 36 70.45 4.66
      vertex 36 77.85 4.66
    endloop
  endfacet
  facet normal -0.571266 0 0.820765
    outer loop
      vertex 36 70.45 4.66
      vertex 33.615 75.465 3
      vertex 33.615 72.835 3
    endloop
  endfacet
  facet normal -1 0 0
    outer loop
      vertex 36 70.45 4.66
      vertex 36 77.85 4.67
      vertex 36 77.85 4.66
    endloop
  endfacet
  facet normal -1 -0 0
    outer loop
      vertex 36 77.85 4.67
      vertex 36 70.45 4.66
      vertex 36 70.45 4.67
    endloop
  endfacet
  facet normal 0.99994 0 0.0109985
    outer loop
      vertex 28.2004 69.2496 41
      vertex 28.6 61.45 4.67
      vertex 28.6 68.85 4.67
    endloop
  endfacet
  facet normal 0.99994 0 0.0109985
    outer loop
      vertex 28.6 61.45 4.67
      vertex 28.2004 69.2496 41
      vertex 28.2004 61.0504 41
    endloop
  endfacet
  facet normal 0 0.99994 0.0109985
    outer loop
      vertex 36 61.45 4.67
      vertex 28.2004 61.0504 41
      vertex 36.3996 61.0504 41
    endloop
  endfacet
  facet normal 0 0.99994 0.0109985
    outer loop
      vertex 28.2004 61.0504 41
      vertex 36 61.45 4.67
      vertex 28.6 61.45 4.67
    endloop
  endfacet
  facet normal 0 -0.99994 0.0109985
    outer loop
      vertex 28.6 68.85 4.67
      vertex 36.3996 69.2496 41
      vertex 28.2004 69.2496 41
    endloop
  endfacet
  facet normal 0 -0.99994 0.0109985
    outer loop
      vertex 36.3996 69.2496 41
      vertex 28.6 68.85 4.67
      vertex 36 68.85 4.67
    endloop
  endfacet
  facet normal -0.99994 0 0.0109985
    outer loop
      vertex 36 61.45 4.67
      vertex 36.3996 69.2496 41
      vertex 36 68.85 4.67
    endloop
  endfacet
  facet normal -0.99994 0 0.0109985
    outer loop
      vertex 36.3996 69.2496 41
      vertex 36 61.45 4.67
      vertex 36.3996 61.0504 41
    endloop
  endfacet
  facet normal 0 1 -0
    outer loop
      vertex 36 61.45 4.66
      vertex 28.6 61.45 4.67
      vertex 36 61.45 4.67
    endloop
  endfacet
  facet normal 0 1 0
    outer loop
      vertex 28.6 61.45 4.67
      vertex 36 61.45 4.66
      vertex 28.6 61.45 4.66
    endloop
  endfacet
  facet normal -0 0 1
    outer loop
      vertex 30.985 66.465 3
      vertex 33.615 63.835 3
      vertex 33.615 66.465 3
    endloop
  endfacet
  facet normal 0 0 1
    outer loop
      vertex 33.615 63.835 3
      vertex 30.985 66.465 3
      vertex 30.985 63.835 3
    endloop
  endfacet
  facet normal 1 -0 0
    outer loop
      vertex 28.6 61.45 4.67
      vertex 28.6 68.85 4.66
      vertex 28.6 68.85 4.67
    endloop
  endfacet
  facet normal 1 0 0
    outer loop
      vertex 28.6 68.85 4.66
      vertex 28.6 61.45 4.67
      vertex 28.6 61.45 4.66
    endloop
  endfacet
  facet normal 0.571266 0 0.820765
    outer loop
      vertex 28.6 68.85 4.66
      vertex 30.985 63.835 3
      vertex 30.985 66.465 3
    endloop
  endfacet
  facet normal 0.571266 0 0.820765
    outer loop
      vertex 30.985 63.835 3
      vertex 28.6 68.85 4.66
      vertex 28.6 61.45 4.66
    endloop
  endfacet
  facet normal -0 0.571266 0.820765
    outer loop
      vertex 30.985 63.835 3
      vertex 36 61.45 4.66
      vertex 33.615 63.835 3
    endloop
  endfacet
  facet normal 0 0.571266 0.820765
    outer loop
      vertex 36 61.45 4.66
      vertex 30.985 63.835 3
      vertex 28.6 61.45 4.66
    endloop
  endfacet
  facet normal 0 -1 0
    outer loop
      vertex 28.6 68.85 4.66
      vertex 36 68.85 4.67
      vertex 28.6 68.85 4.67
    endloop
  endfacet
  facet normal 0 -1 -0
    outer loop
      vertex 36 68.85 4.67
      vertex 28.6 68.85 4.66
      vertex 36 68.85 4.66
    endloop
  endfacet
  facet normal 0 -0.571266 0.820765
    outer loop
      vertex 36 68.85 4.66
      vertex 30.985 66.465 3
      vertex 33.615 66.465 3
    endloop
  endfacet
  facet normal 0 -0.571266 0.820765
    outer loop
      vertex 30.985 66.465 3
      vertex 36 68.85 4.66
      vertex 28.6 68.85 4.66
    endloop
  endfacet
  facet normal -0.571266 0 0.820765
    outer loop
      vertex 33.615 66.465 3
      vertex 36 61.45 4.66
      vertex 36 68.85 4.66
    endloop
  endfacet
  facet normal -0.571266 0 0.820765
    outer loop
      vertex 36 61.45 4.66
      vertex 33.615 66.465 3
      vertex 33.615 63.835 3
    endloop
  endfacet
  facet normal -1 0 0
    outer loop
      vertex 36 61.45 4.66
      vertex 36 68.85 4.67
      vertex 36 68.85 4.66
    endloop
  endfacet
  facet normal -1 -0 0
    outer loop
      vertex 36 68.85 4.67
      vertex 36 61.45 4.66
      vertex 36 61.45 4.67
    endloop
  endfacet
  facet normal 0.99994 0 0.0109985
    outer loop
      vertex 28.2004 60.2496 41
      vertex 28.6 52.45 4.67
      vertex 28.6 59.85 4.67
    endloop
  endfacet
  facet normal 0.99994 0 0.0109985
    outer loop
      vertex 28.6 52.45 4.67
      vertex 28.2004 60.2496 41
      vertex 28.2004 52.0504 41
    endloop
  endfacet
  facet normal 0 0.99994 0.0109985
    outer loop
      vertex 36 52.45 4.67
      vertex 28.2004 52.0504 41
      vertex 36.3996 52.0504 41
    endloop
  endfacet
  facet normal 0 0.99994 0.0109985
    outer loop
      vertex 28.2004 52.0504 41
      vertex 36 52.45 4.67
      vertex 28.6 52.45 4.67
    endloop
  endfacet
  facet normal 0 -0.99994 0.0109985
    outer loop
      vertex 28.6 59.85 4.67
      vertex 36.3996 60.2496 41
      vertex 28.2004 60.2496 41
    endloop
  endfacet
  facet normal 0 -0.99994 0.0109985
    outer loop
      vertex 36.3996 60.2496 41
      vertex 28.6 59.85 4.67
      vertex 36 59.85 4.67
    endloop
  endfacet
  facet normal -0.99994 0 0.0109985
    outer loop
      vertex 36 52.45 4.67
      vertex 36.3996 60.2496 41
      vertex 36 59.85 4.67
    endloop
  endfacet
  facet normal -0.99994 0 0.0109985
    outer loop
      vertex 36.3996 60.2496 41
      vertex 36 52.45 4.67
      vertex 36.3996 52.0504 41
    endloop
  endfacet
  facet normal 0 1 -0
    outer loop
      vertex 36 52.45 4.66
      vertex 28.6 52.45 4.67
      vertex 36 52.45 4.67
    endloop
  endfacet
  facet normal 0 1 0
    outer loop
      vertex 28.6 52.45 4.67
      vertex 36 52.45 4.66
      vertex 28.6 52.45 4.66
    endloop
  endfacet
  facet normal -0 0 1
    outer loop
      vertex 30.985 57.465 3
      vertex 33.615 54.835 3
      vertex 33.615 57.465 3
    endloop
  endfacet
  facet normal 0 0 1
    outer loop
      vertex 33.615 54.835 3
      vertex 30.985 57.465 3
      vertex 30.985 54.835 3
    endloop
  endfacet
  facet normal 1 -0 0
    outer loop
      vertex 28.6 52.45 4.67
      vertex 28.6 59.85 4.66
      vertex 28.6 59.85 4.67
    endloop
  endfacet
  facet normal 1 0 0
    outer loop
      vertex 28.6 59.85 4.66
      vertex 28.6 52.45 4.67
      vertex 28.6 52.45 4.66
    endloop
  endfacet
  facet normal 0.571266 0 0.820765
    outer loop
      vertex 28.6 59.85 4.66
      vertex 30.985 54.835 3
      vertex 30.985 57.465 3
    endloop
  endfacet
  facet normal 0.571266 0 0.820765
    outer loop
      vertex 30.985 54.835 3
      vertex 28.6 59.85 4.66
      vertex 28.6 52.45 4.66
    endloop
  endfacet
  facet normal -0 0.571266 0.820765
    outer loop
      vertex 30.985 54.835 3
      vertex 36 52.45 4.66
      vertex 33.615 54.835 3
    endloop
  endfacet
  facet normal 0 0.571266 0.820765
    outer loop
      vertex 36 52.45 4.66
      vertex 30.985 54.835 3
      vertex 28.6 52.45 4.66
    endloop
  endfacet
  facet normal 0 -1 0
    outer loop
      vertex 28.6 59.85 4.66
      vertex 36 59.85 4.67
      vertex 28.6 59.85 4.67
    endloop
  endfacet
  facet normal 0 -1 -0
    outer loop
      vertex 36 59.85 4.67
      vertex 28.6 59.85 4.66
      vertex 36 59.85 4.66
    endloop
  endfacet
  facet normal 0 -0.571266 0.820765
    outer loop
      vertex 36 59.85 4.66
      vertex 30.985 57.465 3
      vertex 33.615 57.465 3
    endloop
  endfacet
  facet normal 0 -0.571266 0.820765
    outer loop
      vertex 30.985 57.465 3
      vertex 36 59.85 4.66
      vertex 28.6 59.85 4.66
    endloop
  endfacet
  facet normal -0.571266 0 0.820765
    outer loop
      vertex 33.615 57.465 3
      vertex 36 52.45 4.66
      vertex 36 59.85 4.66
    endloop
  endfacet
  facet normal -0.571266 0 0.820765
    outer loop
      vertex 36 52.45 4.66
      vertex 33.615 57.465 3
      vertex 33.615 54.835 3
    endloop
  endfacet
  facet normal -1 0 0
    outer loop
      vertex 36 52.45 4.66
      vertex 36 59.85 4.67
      vertex 36 59.85 4.66
    endloop
  endfacet
  facet normal -1 -0 0
    outer loop
      vertex 36 59.85 4.67
      vertex 36 52.45 4.66
      vertex 36 52.45 4.67
    endloop
  endfacet
  facet normal 0.99994 0 0.0109985
    outer loop
      vertex 28.2004 51.2496 41
      vertex 28.6 43.45 4.67
      vertex 28.6 50.85 4.67
    endloop
  endfacet
  facet normal 0.99994 0 0.0109985
    outer loop
      vertex 28.6 43.45 4.67
      vertex 28.2004 51.2496 41
      vertex 28.2004 43.0504 41
    endloop
  endfacet
  facet normal 0 0.99994 0.0109985
    outer loop
      vertex 36 43.45 4.67
      vertex 28.2004 43.0504 41
      vertex 36.3996 43.0504 41
    endloop
  endfacet
  facet normal 0 0.99994 0.0109985
    outer loop
      vertex 28.2004 43.0504 41
      vertex 36 43.45 4.67
      vertex 28.6 43.45 4.67
    endloop
  endfacet
  facet normal 0 -0.99994 0.0109985
    outer loop
      vertex 28.6 50.85 4.67
      vertex 36.3996 51.2496 41
      vertex 28.2004 51.2496 41
    endloop
  endfacet
  facet normal 0 -0.99994 0.0109985
    outer loop
      vertex 36.3996 51.2496 41
      vertex 28.6 50.85 4.67
      vertex 36 50.85 4.67
    endloop
  endfacet
  facet normal -0.99994 0 0.0109985
    outer loop
      vertex 36 43.45 4.67
      vertex 36.3996 51.2496 41
      vertex 36 50.85 4.67
    endloop
  endfacet
  facet normal -0.99994 0 0.0109985
    outer loop
      vertex 36.3996 51.2496 41
      vertex 36 43.45 4.67
      vertex 36.3996 43.0504 41
    endloop
  endfacet
  facet normal 0 1 -0
    outer loop
      vertex 36 43.45 4.66
      vertex 28.6 43.45 4.67
      vertex 36 43.45 4.67
    endloop
  endfacet
  facet normal 0 1 0
    outer loop
      vertex 28.6 43.45 4.67
      vertex 36 43.45 4.66
      vertex 28.6 43.45 4.66
    endloop
  endfacet
  facet normal -0 0 1
    outer loop
      vertex 30.985 48.465 3
      vertex 33.615 45.835 3
      vertex 33.615 48.465 3
    endloop
  endfacet
  facet normal 0 0 1
    outer loop
      vertex 33.615 45.835 3
      vertex 30.985 48.465 3
      vertex 30.985 45.835 3
    endloop
  endfacet
  facet normal 1 -0 0
    outer loop
      vertex 28.6 43.45 4.67
      vertex 28.6 50.85 4.66
      vertex 28.6 50.85 4.67
    endloop
  endfacet
  facet normal 1 0 0
    outer loop
      vertex 28.6 50.85 4.66
      vertex 28.6 43.45 4.67
      vertex 28.6 43.45 4.66
    endloop
  endfacet
  facet normal 0.571266 0 0.820765
    outer loop
      vertex 28.6 50.85 4.66
      vertex 30.985 45.835 3
      vertex 30.985 48.465 3
    endloop
  endfacet
  facet normal 0.571266 0 0.820765
    outer loop
      vertex 30.985 45.835 3
      vertex 28.6 50.85 4.66
      vertex 28.6 43.45 4.66
    endloop
  endfacet
  facet normal -0 0.571266 0.820765
    outer loop
      vertex 30.985 45.835 3
      vertex 36 43.45 4.66
      vertex 33.615 45.835 3
    endloop
  endfacet
  facet normal 0 0.571266 0.820765
    outer loop
      vertex 36 43.45 4.66
      vertex 30.985 45.835 3
      vertex 28.6 43.45 4.66
    endloop
  endfacet
  facet normal 0 -1 0
    outer loop
      vertex 28.6 50.85 4.66
      vertex 36 50.85 4.67
      vertex 28.6 50.85 4.67
    endloop
  endfacet
  facet normal 0 -1 -0
    outer loop
      vertex 36 50.85 4.67
      vertex 28.6 50.85 4.66
      vertex 36 50.85 4.66
    endloop
  endfacet
  facet normal 0 -0.571266 0.820765
    outer loop
      vertex 36 50.85 4.66
      vertex 30.985 48.465 3
      vertex 33.615 48.465 3
    endloop
  endfacet
  facet normal 0 -0.571266 0.820765
    outer loop
      vertex 30.985 48.465 3
      vertex 36 50.85 4.66
      vertex 28.6 50.85 4.66
    endloop
  endfacet
  facet normal -0.571266 0 0.820765
    outer loop
      vertex 33.615 48.465 3
      vertex 36 43.45 4.66
      vertex 36 50.85 4.66
    endloop
  endfacet
  facet normal -0.571266 0 0.820765
    outer loop
      vertex 36 43.45 4.66
      vertex 33.615 48.465 3
      vertex 33.615 45.835 3
    endloop
  endfacet
  facet normal -1 0 0
    outer loop
      vertex 36 43.45 4.66
      vertex 36 50.85 4.67
      vertex 36 50.85 4.66
    endloop
  endfacet
  facet normal -1 -0 0
    outer loop
      vertex 36 50.85 4.67
      vertex 36 43.45 4.66
      vertex 36 43.45 4.67
    endloop
  endfacet
  facet normal 0.99994 0 0.0109985
    outer loop
      vertex 28.2004 42.2496 41
      vertex 28.6 34.45 4.67
      vertex 28.6 41.85 4.67
    endloop
  endfacet
  facet normal 0.99994 0 0.0109985
    outer loop
      vertex 28.6 34.45 4.67
      vertex 28.2004 42.2496 41
      vertex 28.2004 34.0504 41
    endloop
  endfacet
  facet normal 0 0.99994 0.0109985
    outer loop
      vertex 36 34.45 4.67
      vertex 28.2004 34.0504 41
      vertex 36.3996 34.0504 41
    endloop
  endfacet
  facet normal 0 0.99994 0.0109985
    outer loop
      vertex 28.2004 34.0504 41
      vertex 36 34.45 4.67
      vertex 28.6 34.45 4.67
    endloop
  endfacet
  facet normal 0 -0.99994 0.0109985
    outer loop
      vertex 28.6 41.85 4.67
      vertex 36.3996 42.2496 41
      vertex 28.2004 42.2496 41
    endloop
  endfacet
  facet normal 0 -0.99994 0.0109985
    outer loop
      vertex 36.3996 42.2496 41
      vertex 28.6 41.85 4.67
      vertex 36 41.85 4.67
    endloop
  endfacet
  facet normal -0.99994 0 0.0109985
    outer loop
      vertex 36 34.45 4.67
      vertex 36.3996 42.2496 41
      vertex 36 41.85 4.67
    endloop
  endfacet
  facet normal -0.99994 0 0.0109985
    outer loop
      vertex 36.3996 42.2496 41
      vertex 36 34.45 4.67
      vertex 36.3996 34.0504 41
    endloop
  endfacet
  facet normal 0 1 -0
    outer loop
      vertex 36 34.45 4.66
      vertex 28.6 34.45 4.67
      vertex 36 34.45 4.67
    endloop
  endfacet
  facet normal 0 1 0
    outer loop
      vertex 28.6 34.45 4.67
      vertex 36 34.45 4.66
      vertex 28.6 34.45 4.66
    endloop
  endfacet
  facet normal -0 0 1
    outer loop
      vertex 30.985 39.465 3
      vertex 33.615 36.835 3
      vertex 33.615 39.465 3
    endloop
  endfacet
  facet normal 0 0 1
    outer loop
      vertex 33.615 36.835 3
      vertex 30.985 39.465 3
      vertex 30.985 36.835 3
    endloop
  endfacet
  facet normal 1 -0 0
    outer loop
      vertex 28.6 34.45 4.67
      vertex 28.6 41.85 4.66
      vertex 28.6 41.85 4.67
    endloop
  endfacet
  facet normal 1 0 0
    outer loop
      vertex 28.6 41.85 4.66
      vertex 28.6 34.45 4.67
      vertex 28.6 34.45 4.66
    endloop
  endfacet
  facet normal 0.571266 0 0.820765
    outer loop
      vertex 28.6 41.85 4.66
      vertex 30.985 36.835 3
      vertex 30.985 39.465 3
    endloop
  endfacet
  facet normal 0.571266 0 0.820765
    outer loop
      vertex 30.985 36.835 3
      vertex 28.6 41.85 4.66
      vertex 28.6 34.45 4.66
    endloop
  endfacet
  facet normal -0 0.571266 0.820765
    outer loop
      vertex 30.985 36.835 3
      vertex 36 34.45 4.66
      vertex 33.615 36.835 3
    endloop
  endfacet
  facet normal 0 0.571266 0.820765
    outer loop
      vertex 36 34.45 4.66
      vertex 30.985 36.835 3
      vertex 28.6 34.45 4.66
    endloop
  endfacet
  facet normal 0 -1 0
    outer loop
      vertex 28.6 41.85 4.66
      vertex 36 41.85 4.67
      vertex 28.6 41.85 4.67
    endloop
  endfacet
  facet normal 0 -1 -0
    outer loop
      vertex 36 41.85 4.67
      vertex 28.6 41.85 4.66
      vertex 36 41.85 4.66
    endloop
  endfacet
  facet normal 0 -0.571266 0.820765
    outer loop
      vertex 36 41.85 4.66
      vertex 30.985 39.465 3
      vertex 33.615 39.465 3
    endloop
  endfacet
  facet normal 0 -0.571266 0.820765
    outer loop
      vertex 30.985 39.465 3
      vertex 36 41.85 4.66
      vertex 28.6 41.85 4.66
    endloop
  endfacet
  facet normal -0.571266 0 0.820765
    outer loop
      vertex 33.615 39.465 3
      vertex 36 34.45 4.66
      vertex 36 41.85 4.66
    endloop
  endfacet
  facet normal -0.571266 0 0.820765
    outer loop
      vertex 36 34.45 4.66
      vertex 33.615 39.465 3
      vertex 33.615 36.835 3
    endloop
  endfacet
  facet normal -1 0 0
    outer loop
      vertex 36 34.45 4.66
      vertex 36 41.85 4.67
      vertex 36 41.85 4.66
    endloop
  endfacet
  facet normal -1 -0 0
    outer loop
      vertex 36 41.85 4.67
      vertex 36 34.45 4.66
      vertex 36 34.45 4.67
    endloop
  endfacet
  facet normal 0.99994 0 0.0109985
    outer loop
      vertex 28.2004 33.2496 41
      vertex 28.6 25.45 4.67
      vertex 28.6 32.85 4.67
    endloop
  endfacet
  facet normal 0.99994 0 0.0109985
    outer loop
      vertex 28.6 25.45 4.67
      vertex 28.2004 33.2496 41
      vertex 28.2004 25.0504 41
    endloop
  endfacet
  facet normal 0 0.99994 0.0109985
    outer loop
      vertex 36 25.45 4.67
      vertex 28.2004 25.0504 41
      vertex 36.3996 25.0504 41
    endloop
  endfacet
  facet normal 0 0.99994 0.0109985
    outer loop
      vertex 28.2004 25.0504 41
      vertex 36 25.45 4.67
      vertex 28.6 25.45 4.67
    endloop
  endfacet
  facet normal 0 -0.99994 0.0109985
    outer loop
      vertex 28.6 32.85 4.67
      vertex 36.3996 33.2496 41
      vertex 28.2004 33.2496 41
    endloop
  endfacet
  facet normal 0 -0.99994 0.0109985
    outer loop
      vertex 36.3996 33.2496 41
      vertex 28.6 32.85 4.67
      vertex 36 32.85 4.67
    endloop
  endfacet
  facet normal -0.99994 0 0.0109985
    outer loop
      vertex 36 25.45 4.67
      vertex 36.3996 33.2496 41
      vertex 36 32.85 4.67
    endloop
  endfacet
  facet normal -0.99994 0 0.0109985
    outer loop
      vertex 36.3996 33.2496 41
      vertex 36 25.45 4.67
      vertex 36.3996 25.0504 41
    endloop
  endfacet
  facet normal 0 1 -0
    outer loop
      vertex 36 25.45 4.66
      vertex 28.6 25.45 4.67
      vertex 36 25.45 4.67
    endloop
  endfacet
  facet normal 0 1 0
    outer loop
      vertex 28.6 25.45 4.67
      vertex 36 25.45 4.66
      vertex 28.6 25.45 4.66
    endloop
  endfacet
  facet normal -0 0 1
    outer loop
      vertex 30.985 30.465 3
      vertex 33.615 27.835 3
      vertex 33.615 30.465 3
    endloop
  endfacet
  facet normal 0 0 1
    outer loop
      vertex 33.615 27.835 3
      vertex 30.985 30.465 3
      vertex 30.985 27.835 3
    endloop
  endfacet
  facet normal 1 -0 0
    outer loop
      vertex 28.6 25.45 4.67
      vertex 28.6 32.85 4.66
      vertex 28.6 32.85 4.67
    endloop
  endfacet
  facet normal 1 0 0
    outer loop
      vertex 28.6 32.85 4.66
      vertex 28.6 25.45 4.67
      vertex 28.6 25.45 4.66
    endloop
  endfacet
  facet normal 0.571266 0 0.820765
    outer loop
      vertex 28.6 32.85 4.66
      vertex 30.985 27.835 3
      vertex 30.985 30.465 3
    endloop
  endfacet
  facet normal 0.571266 0 0.820765
    outer loop
      vertex 30.985 27.835 3
      vertex 28.6 32.85 4.66
      vertex 28.6 25.45 4.66
    endloop
  endfacet
  facet normal -0 0.571266 0.820765
    outer loop
      vertex 30.985 27.835 3
      vertex 36 25.45 4.66
      vertex 33.615 27.835 3
    endloop
  endfacet
  facet normal 0 0.571266 0.820765
    outer loop
      vertex 36 25.45 4.66
      vertex 30.985 27.835 3
      vertex 28.6 25.45 4.66
    endloop
  endfacet
  facet normal 0 -1 0
    outer loop
      vertex 28.6 32.85 4.66
      vertex 36 32.85 4.67
      vertex 28.6 32.85 4.67
    endloop
  endfacet
  facet normal 0 -1 -0
    outer loop
      vertex 36 32.85 4.67
      vertex 28.6 32.85 4.66
      vertex 36 32.85 4.66
    endloop
  endfacet
  facet normal 0 -0.571266 0.820765
    outer loop
      vertex 36 32.85 4.66
      vertex 30.985 30.465 3
      vertex 33.615 30.465 3
    endloop
  endfacet
  facet normal 0 -0.571266 0.820765
    outer loop
      vertex 30.985 30.465 3
      vertex 36 32.85 4.66
      vertex 28.6 32.85 4.66
    endloop
  endfacet
  facet normal -0.571266 0 0.820765
    outer loop
      vertex 33.615 30.465 3
      vertex 36 25.45 4.66
      vertex 36 32.85 4.66
    endloop
  endfacet
  facet normal -0.571266 0 0.820765
    outer loop
      vertex 36 25.45 4.66
      vertex 33.615 30.465 3
      vertex 33.615 27.835 3
    endloop
  endfacet
  facet normal -1 0 0
    outer loop
      vertex 36 25.45 4.66
      vertex 36 32.85 4.67
      vertex 36 32.85 4.66
    endloop
  endfacet
  facet normal -1 -0 0
    outer loop
      vertex 36 32.85 4.67
      vertex 36 25.45 4.66
      vertex 36 25.45 4.67
    endloop
  endfacet
  facet normal 0.99994 0 0.0109985
    outer loop
      vertex 28.2004 24.2496 41
      vertex 28.6 16.45 4.67
      vertex 28.6 23.85 4.67
    endloop
  endfacet
  facet normal 0.99994 0 0.0109985
    outer loop
      vertex 28.6 16.45 4.67
      vertex 28.2004 24.2496 41
      vertex 28.2004 16.0504 41
    endloop
  endfacet
  facet normal 0 0.99994 0.0109985
    outer loop
      vertex 36 16.45 4.67
      vertex 28.2004 16.0504 41
      vertex 36.3996 16.0504 41
    endloop
  endfacet
  facet normal 0 0.99994 0.0109985
    outer loop
      vertex 28.2004 16.0504 41
      vertex 36 16.45 4.67
      vertex 28.6 16.45 4.67
    endloop
  endfacet
  facet normal 0 -0.99994 0.0109985
    outer loop
      vertex 28.6 23.85 4.67
      vertex 36.3996 24.2496 41
      vertex 28.2004 24.2496 41
    endloop
  endfacet
  facet normal 0 -0.99994 0.0109985
    outer loop
      vertex 36.3996 24.2496 41
      vertex 28.6 23.85 4.67
      vertex 36 23.85 4.67
    endloop
  endfacet
  facet normal -0.99994 0 0.0109985
    outer loop
      vertex 36 16.45 4.67
      vertex 36.3996 24.2496 41
      vertex 36 23.85 4.67
    endloop
  endfacet
  facet normal -0.99994 0 0.0109985
    outer loop
      vertex 36.3996 24.2496 41
      vertex 36 16.45 4.67
      vertex 36.3996 16.0504 41
    endloop
  endfacet
  facet normal 0 1 -0
    outer loop
      vertex 36 16.45 4.66
      vertex 28.6 16.45 4.67
      vertex 36 16.45 4.67
    endloop
  endfacet
  facet normal 0 1 0
    outer loop
      vertex 28.6 16.45 4.67
      vertex 36 16.45 4.66
      vertex 28.6 16.45 4.66
    endloop
  endfacet
  facet normal -0 0 1
    outer loop
      vertex 30.985 21.465 3
      vertex 33.615 18.835 3
      vertex 33.615 21.465 3
    endloop
  endfacet
  facet normal 0 0 1
    outer loop
      vertex 33.615 18.835 3
      vertex 30.985 21.465 3
      vertex 30.985 18.835 3
    endloop
  endfacet
  facet normal 1 -0 0
    outer loop
      vertex 28.6 16.45 4.67
      vertex 28.6 23.85 4.66
      vertex 28.6 23.85 4.67
    endloop
  endfacet
  facet normal 1 0 0
    outer loop
      vertex 28.6 23.85 4.66
      vertex 28.6 16.45 4.67
      vertex 28.6 16.45 4.66
    endloop
  endfacet
  facet normal 0.571266 0 0.820765
    outer loop
      vertex 28.6 23.85 4.66
      vertex 30.985 18.835 3
      vertex 30.985 21.465 3
    endloop
  endfacet
  facet normal 0.571266 0 0.820765
    outer loop
      vertex 30.985 18.835 3
      vertex 28.6 23.85 4.66
      vertex 28.6 16.45 4.66
    endloop
  endfacet
  facet normal -0 0.571266 0.820765
    outer loop
      vertex 30.985 18.835 3
      vertex 36 16.45 4.66
      vertex 33.615 18.835 3
    endloop
  endfacet
  facet normal 0 0.571266 0.820765
    outer loop
      vertex 36 16.45 4.66
      vertex 30.985 18.835 3
      vertex 28.6 16.45 4.66
    endloop
  endfacet
  facet normal 0 -1 0
    outer loop
      vertex 28.6 23.85 4.66
      vertex 36 23.85 4.67
      vertex 28.6 23.85 4.67
    endloop
  endfacet
  facet normal 0 -1 -0
    outer loop
      vertex 36 23.85 4.67
      vertex 28.6 23.85 4.66
      vertex 36 23.85 4.66
    endloop
  endfacet
  facet normal 0 -0.571266 0.820765
    outer loop
      vertex 36 23.85 4.66
      vertex 30.985 21.465 3
      vertex 33.615 21.465 3
    endloop
  endfacet
  facet normal 0 -0.571266 0.820765
    outer loop
      vertex 30.985 21.465 3
      vertex 36 23.85 4.66
      vertex 28.6 23.85 4.66
    endloop
  endfacet
  facet normal -0.571266 0 0.820765
    outer loop
      vertex 33.615 21.465 3
      vertex 36 16.45 4.66
      vertex 36 23.85 4.66
    endloop
  endfacet
  facet normal -0.571266 0 0.820765
    outer loop
      vertex 36 16.45 4.66
      vertex 33.615 21.465 3
      vertex 33.615 18.835 3
    endloop
  endfacet
  facet normal -1 0 0
    outer loop
      vertex 36 16.45 4.66
      vertex 36 23.85 4.67
      vertex 36 23.85 4.66
    endloop
  endfacet
  facet normal -1 -0 0
    outer loop
      vertex 36 23.85 4.67
      vertex 36 16.45 4.66
      vertex 36 16.45 4.67
    endloop
  endfacet
  facet normal 0.99994 0 0.0109985
    outer loop
      vertex 28.2004 15.2496 41
      vertex 28.6 7.45 4.67
      vertex 28.6 14.85 4.67
    endloop
  endfacet
  facet normal 0.99994 0 0.0109985
    outer loop
      vertex 28.6 7.45 4.67
      vertex 28.2004 15.2496 41
      vertex 28.2004 7.05044 41
    endloop
  endfacet
  facet normal 0 0.99994 0.0109974
    outer loop
      vertex 36 7.45 4.67
      vertex 28.2004 7.05044 41
      vertex 36.3996 7.05044 41
    endloop
  endfacet
  facet normal 0 0.99994 0.0109974
    outer loop
      vertex 28.2004 7.05044 41
      vertex 36 7.45 4.67
      vertex 28.6 7.45 4.67
    endloop
  endfacet
  facet normal 0 -0.99994 0.0109985
    outer loop
      vertex 28.6 14.85 4.67
      vertex 36.3996 15.2496 41
      vertex 28.2004 15.2496 41
    endloop
  endfacet
  facet normal 0 -0.99994 0.0109985
    outer loop
      vertex 36.3996 15.2496 41
      vertex 28.6 14.85 4.67
      vertex 36 14.85 4.67
    endloop
  endfacet
  facet normal -0.99994 0 0.0109985
    outer loop
      vertex 36 7.45 4.67
      vertex 36.3996 15.2496 41
      vertex 36 14.85 4.67
    endloop
  endfacet
  facet normal -0.99994 0 0.0109985
    outer loop
      vertex 36.3996 15.2496 41
      vertex 36 7.45 4.67
      vertex 36.3996 7.05044 41
    endloop
  endfacet
  facet normal 0 1 -0
    outer loop
      vertex 36 7.45 4.66
      vertex 28.6 7.45 4.67
      vertex 36 7.45 4.67
    endloop
  endfacet
  facet normal 0 1 0
    outer loop
      vertex 28.6 7.45 4.67
      vertex 36 7.45 4.66
      vertex 28.6 7.45 4.66
    endloop
  endfacet
  facet normal -0 0 1
    outer loop
      vertex 30.985 12.465 3
      vertex 33.615 9.835 3
      vertex 33.615 12.465 3
    endloop
  endfacet
  facet normal 0 0 1
    outer loop
      vertex 33.615 9.835 3
      vertex 30.985 12.465 3
      vertex 30.985 9.835 3
    endloop
  endfacet
  facet normal 1 -0 0
    outer loop
      vertex 28.6 7.45 4.67
      vertex 28.6 14.85 4.66
      vertex 28.6 14.85 4.67
    endloop
  endfacet
  facet normal 1 0 0
    outer loop
      vertex 28.6 14.85 4.66
      vertex 28.6 7.45 4.67
      vertex 28.6 7.45 4.66
    endloop
  endfacet
  facet normal 0.571266 0 0.820765
    outer loop
      vertex 28.6 14.85 4.66
      vertex 30.985 9.835 3
      vertex 30.985 12.465 3
    endloop
  endfacet
  facet normal 0.571266 0 0.820765
    outer loop
      vertex 30.985 9.835 3
      vertex 28.6 14.85 4.66
      vertex 28.6 7.45 4.66
    endloop
  endfacet
  facet normal -0 0.571266 0.820765
    outer loop
      vertex 30.985 9.835 3
      vertex 36 7.45 4.66
      vertex 33.615 9.835 3
    endloop
  endfacet
  facet normal 0 0.571266 0.820765
    outer loop
      vertex 36 7.45 4.66
      vertex 30.985 9.835 3
      vertex 28.6 7.45 4.66
    endloop
  endfacet
  facet normal 0 -1 0
    outer loop
      vertex 28.6 14.85 4.66
      vertex 36 14.85 4.67
      vertex 28.6 14.85 4.67
    endloop
  endfacet
  facet normal 0 -1 -0
    outer loop
      vertex 36 14.85 4.67
      vertex 28.6 14.85 4.66
      vertex 36 14.85 4.66
    endloop
  endfacet
  facet normal 0 -0.571266 0.820765
    outer loop
      vertex 36 14.85 4.66
      vertex 30.985 12.465 3
      vertex 33.615 12.465 3
    endloop
  endfacet
  facet normal 0 -0.571266 0.820765
    outer loop
      vertex 30.985 12.465 3
      vertex 36 14.85 4.66
      vertex 28.6 14.85 4.66
    endloop
  endfacet
  facet normal -0.571266 0 0.820765
    outer loop
      vertex 33.615 12.465 3
      vertex 36 7.45 4.66
      vertex 36 14.85 4.66
    endloop
  endfacet
  facet normal -0.571266 0 0.820765
    outer loop
      vertex 36 7.45 4.66
      vertex 33.615 12.465 3
      vertex 33.615 9.835 3
    endloop
  endfacet
  facet normal -1 0 0
    outer loop
      vertex 36 7.45 4.66
      vertex 36 14.85 4.67
      vertex 36 14.85 4.66
    endloop
  endfacet
  facet normal -1 -0 0
    outer loop
      vertex 36 14.85 4.67
      vertex 36 7.45 4.66
      vertex 36 7.45 4.67
    endloop
  endfacet
  facet normal 0.99994 0 0.0109985
    outer loop
      vertex 37.2004 78.2496 41
      vertex 37.6 70.45 4.67
      vertex 37.6 77.85 4.67
    endloop
  endfacet
  facet normal 0.99994 0 0.0109985
    outer loop
      vertex 37.6 70.45 4.67
      vertex 37.2004 78.2496 41
      vertex 37.2004 70.0504 41
    endloop
  endfacet
  facet normal 0 0.99994 0.0109985
    outer loop
      vertex 45 70.45 4.67
      vertex 37.2004 70.0504 41
      vertex 45.3996 70.0504 41
    endloop
  endfacet
  facet normal 0 0.99994 0.0109985
    outer loop
      vertex 37.2004 70.0504 41
      vertex 45 70.45 4.67
      vertex 37.6 70.45 4.67
    endloop
  endfacet
  facet normal 0 -0.99994 0.0109985
    outer loop
      vertex 37.6 77.85 4.67
      vertex 45.3996 78.2496 41
      vertex 37.2004 78.2496 41
    endloop
  endfacet
  facet normal 0 -0.99994 0.0109985
    outer loop
      vertex 45.3996 78.2496 41
      vertex 37.6 77.85 4.67
      vertex 45 77.85 4.67
    endloop
  endfacet
  facet normal -0.99994 0 0.0109985
    outer loop
      vertex 45 70.45 4.67
      vertex 45.3996 78.2496 41
      vertex 45 77.85 4.67
    endloop
  endfacet
  facet normal -0.99994 0 0.0109985
    outer loop
      vertex 45.3996 78.2496 41
      vertex 45 70.45 4.67
      vertex 45.3996 70.0504 41
    endloop
  endfacet
  facet normal 0 1 -0
    outer loop
      vertex 45 70.45 4.66
      vertex 37.6 70.45 4.67
      vertex 45 70.45 4.67
    endloop
  endfacet
  facet normal 0 1 0
    outer loop
      vertex 37.6 70.45 4.67
      vertex 45 70.45 4.66
      vertex 37.6 70.45 4.66
    endloop
  endfacet
  facet normal -0 0 1
    outer loop
      vertex 39.985 75.465 3
      vertex 42.615 72.835 3
      vertex 42.615 75.465 3
    endloop
  endfacet
  facet normal 0 0 1
    outer loop
      vertex 42.615 72.835 3
      vertex 39.985 75.465 3
      vertex 39.985 72.835 3
    endloop
  endfacet
  facet normal 1 -0 0
    outer loop
      vertex 37.6 70.45 4.67
      vertex 37.6 77.85 4.66
      vertex 37.6 77.85 4.67
    endloop
  endfacet
  facet normal 1 0 0
    outer loop
      vertex 37.6 77.85 4.66
      vertex 37.6 70.45 4.67
      vertex 37.6 70.45 4.66
    endloop
  endfacet
  facet normal 0.571266 0 0.820765
    outer loop
      vertex 37.6 77.85 4.66
      vertex 39.985 72.835 3
      vertex 39.985 75.465 3
    endloop
  endfacet
  facet normal 0.571266 0 0.820765
    outer loop
      vertex 39.985 72.835 3
      vertex 37.6 77.85 4.66
      vertex 37.6 70.45 4.66
    endloop
  endfacet
  facet normal -0 0.571266 0.820765
    outer loop
      vertex 39.985 72.835 3
      vertex 45 70.45 4.66
      vertex 42.615 72.835 3
    endloop
  endfacet
  facet normal 0 0.571266 0.820765
    outer loop
      vertex 45 70.45 4.66
      vertex 39.985 72.835 3
      vertex 37.6 70.45 4.66
    endloop
  endfacet
  facet normal 0 -1 0
    outer loop
      vertex 37.6 77.85 4.66
      vertex 45 77.85 4.67
      vertex 37.6 77.85 4.67
    endloop
  endfacet
  facet normal 0 -1 -0
    outer loop
      vertex 45 77.85 4.67
      vertex 37.6 77.85 4.66
      vertex 45 77.85 4.66
    endloop
  endfacet
  facet normal 0 -0.571266 0.820765
    outer loop
      vertex 45 77.85 4.66
      vertex 39.985 75.465 3
      vertex 42.615 75.465 3
    endloop
  endfacet
  facet normal 0 -0.571266 0.820765
    outer loop
      vertex 39.985 75.465 3
      vertex 45 77.85 4.66
      vertex 37.6 77.85 4.66
    endloop
  endfacet
  facet normal -0.571266 0 0.820765
    outer loop
      vertex 42.615 75.465 3
      vertex 45 70.45 4.66
      vertex 45 77.85 4.66
    endloop
  endfacet
  facet normal -0.571266 0 0.820765
    outer loop
      vertex 45 70.45 4.66
      vertex 42.615 75.465 3
      vertex 42.615 72.835 3
    endloop
  endfacet
  facet normal -1 0 0
    outer loop
      vertex 45 70.45 4.66
      vertex 45 77.85 4.67
      vertex 45 77.85 4.66
    endloop
  endfacet
  facet normal -1 -0 0
    outer loop
      vertex 45 77.85 4.67
      vertex 45 70.45 4.66
      vertex 45 70.45 4.67
    endloop
  endfacet
  facet normal 0.99994 0 0.0109985
    outer loop
      vertex 37.2004 69.2496 41
      vertex 37.6 61.45 4.67
      vertex 37.6 68.85 4.67
    endloop
  endfacet
  facet normal 0.99994 0 0.0109985
    outer loop
      vertex 37.6 61.45 4.67
      vertex 37.2004 69.2496 41
      vertex 37.2004 61.0504 41
    endloop
  endfacet
  facet normal 0 0.99994 0.0109985
    outer loop
      vertex 45 61.45 4.67
      vertex 37.2004 61.0504 41
      vertex 45.3996 61.0504 41
    endloop
  endfacet
  facet normal 0 0.99994 0.0109985
    outer loop
      vertex 37.2004 61.0504 41
      vertex 45 61.45 4.67
      vertex 37.6 61.45 4.67
    endloop
  endfacet
  facet normal 0 -0.99994 0.0109985
    outer loop
      vertex 37.6 68.85 4.67
      vertex 45.3996 69.2496 41
      vertex 37.2004 69.2496 41
    endloop
  endfacet
  facet normal 0 -0.99994 0.0109985
    outer loop
      vertex 45.3996 69.2496 41
      vertex 37.6 68.85 4.67
      vertex 45 68.85 4.67
    endloop
  endfacet
  facet normal -0.99994 0 0.0109985
    outer loop
      vertex 45 61.45 4.67
      vertex 45.3996 69.2496 41
      vertex 45 68.85 4.67
    endloop
  endfacet
  facet normal -0.99994 0 0.0109985
    outer loop
      vertex 45.3996 69.2496 41
      vertex 45 61.45 4.67
      vertex 45.3996 61.0504 41
    endloop
  endfacet
  facet normal 0 1 -0
    outer loop
      vertex 45 61.45 4.66
      vertex 37.6 61.45 4.67
      vertex 45 61.45 4.67
    endloop
  endfacet
  facet normal 0 1 0
    outer loop
      vertex 37.6 61.45 4.67
      vertex 45 61.45 4.66
      vertex 37.6 61.45 4.66
    endloop
  endfacet
  facet normal -0 0 1
    outer loop
      vertex 39.985 66.465 3
      vertex 42.615 63.835 3
      vertex 42.615 66.465 3
    endloop
  endfacet
  facet normal 0 0 1
    outer loop
      vertex 42.615 63.835 3
      vertex 39.985 66.465 3
      vertex 39.985 63.835 3
    endloop
  endfacet
  facet normal 1 -0 0
    outer loop
      vertex 37.6 61.45 4.67
      vertex 37.6 68.85 4.66
      vertex 37.6 68.85 4.67
    endloop
  endfacet
  facet normal 1 0 0
    outer loop
      vertex 37.6 68.85 4.66
      vertex 37.6 61.45 4.67
      vertex 37.6 61.45 4.66
    endloop
  endfacet
  facet normal 0.571266 0 0.820765
    outer loop
      vertex 37.6 68.85 4.66
      vertex 39.985 63.835 3
      vertex 39.985 66.465 3
    endloop
  endfacet
  facet normal 0.571266 0 0.820765
    outer loop
      vertex 39.985 63.835 3
      vertex 37.6 68.85 4.66
      vertex 37.6 61.45 4.66
    endloop
  endfacet
  facet normal -0 0.571266 0.820765
    outer loop
      vertex 39.985 63.835 3
      vertex 45 61.45 4.66
      vertex 42.615 63.835 3
    endloop
  endfacet
  facet normal 0 0.571266 0.820765
    outer loop
      vertex 45 61.45 4.66
      vertex 39.985 63.835 3
      vertex 37.6 61.45 4.66
    endloop
  endfacet
  facet normal 0 -1 0
    outer loop
      vertex 37.6 68.85 4.66
      vertex 45 68.85 4.67
      vertex 37.6 68.85 4.67
    endloop
  endfacet
  facet normal 0 -1 -0
    outer loop
      vertex 45 68.85 4.67
      vertex 37.6 68.85 4.66
      vertex 45 68.85 4.66
    endloop
  endfacet
  facet normal 0 -0.571266 0.820765
    outer loop
      vertex 45 68.85 4.66
      vertex 39.985 66.465 3
      vertex 42.615 66.465 3
    endloop
  endfacet
  facet normal 0 -0.571266 0.820765
    outer loop
      vertex 39.985 66.465 3
      vertex 45 68.85 4.66
      vertex 37.6 68.85 4.66
    endloop
  endfacet
  facet normal -0.571266 0 0.820765
    outer loop
      vertex 42.615 66.465 3
      vertex 45 61.45 4.66
      vertex 45 68.85 4.66
    endloop
  endfacet
  facet normal -0.571266 0 0.820765
    outer loop
      vertex 45 61.45 4.66
      vertex 42.615 66.465 3
      vertex 42.615 63.835 3
    endloop
  endfacet
  facet normal -1 0 0
    outer loop
      vertex 45 61.45 4.66
      vertex 45 68.85 4.67
      vertex 45 68.85 4.66
    endloop
  endfacet
  facet normal -1 -0 0
    outer loop
      vertex 45 68.85 4.67
      vertex 45 61.45 4.66
      vertex 45 61.45 4.67
    endloop
  endfacet
  facet normal 0.99994 0 0.0109985
    outer loop
      vertex 37.2004 60.2496 41
      vertex 37.6 52.45 4.67
      vertex 37.6 59.85 4.67
    endloop
  endfacet
  facet normal 0.99994 0 0.0109985
    outer loop
      vertex 37.6 52.45 4.67
      vertex 37.2004 60.2496 41
      vertex 37.2004 52.0504 41
    endloop
  endfacet
  facet normal 0 0.99994 0.0109985
    outer loop
      vertex 45 52.45 4.67
      vertex 37.2004 52.0504 41
      vertex 45.3996 52.0504 41
    endloop
  endfacet
  facet normal 0 0.99994 0.0109985
    outer loop
      vertex 37.2004 52.0504 41
      vertex 45 52.45 4.67
      vertex 37.6 52.45 4.67
    endloop
  endfacet
  facet normal 0 -0.99994 0.0109985
    outer loop
      vertex 37.6 59.85 4.67
      vertex 45.3996 60.2496 41
      vertex 37.2004 60.2496 41
    endloop
  endfacet
  facet normal 0 -0.99994 0.0109985
    outer loop
      vertex 45.3996 60.2496 41
      vertex 37.6 59.85 4.67
      vertex 45 59.85 4.67
    endloop
  endfacet
  facet normal -0.99994 0 0.0109985
    outer loop
      vertex 45 52.45 4.67
      vertex 45.3996 60.2496 41
      vertex 45 59.85 4.67
    endloop
  endfacet
  facet normal -0.99994 0 0.0109985
    outer loop
      vertex 45.3996 60.2496 41
      vertex 45 52.45 4.67
      vertex 45.3996 52.0504 41
    endloop
  endfacet
  facet normal 0 1 -0
    outer loop
      vertex 45 52.45 4.66
      vertex 37.6 52.45 4.67
      vertex 45 52.45 4.67
    endloop
  endfacet
  facet normal 0 1 0
    outer loop
      vertex 37.6 52.45 4.67
      vertex 45 52.45 4.66
      vertex 37.6 52.45 4.66
    endloop
  endfacet
  facet normal -0 0 1
    outer loop
      vertex 39.985 57.465 3
      vertex 42.615 54.835 3
      vertex 42.615 57.465 3
    endloop
  endfacet
  facet normal 0 0 1
    outer loop
      vertex 42.615 54.835 3
      vertex 39.985 57.465 3
      vertex 39.985 54.835 3
    endloop
  endfacet
  facet normal 1 -0 0
    outer loop
      vertex 37.6 52.45 4.67
      vertex 37.6 59.85 4.66
      vertex 37.6 59.85 4.67
    endloop
  endfacet
  facet normal 1 0 0
    outer loop
      vertex 37.6 59.85 4.66
      vertex 37.6 52.45 4.67
      vertex 37.6 52.45 4.66
    endloop
  endfacet
  facet normal 0.571266 0 0.820765
    outer loop
      vertex 37.6 59.85 4.66
      vertex 39.985 54.835 3
      vertex 39.985 57.465 3
    endloop
  endfacet
  facet normal 0.571266 0 0.820765
    outer loop
      vertex 39.985 54.835 3
      vertex 37.6 59.85 4.66
      vertex 37.6 52.45 4.66
    endloop
  endfacet
  facet normal -0 0.571266 0.820765
    outer loop
      vertex 39.985 54.835 3
      vertex 45 52.45 4.66
      vertex 42.615 54.835 3
    endloop
  endfacet
  facet normal 0 0.571266 0.820765
    outer loop
      vertex 45 52.45 4.66
      vertex 39.985 54.835 3
      vertex 37.6 52.45 4.66
    endloop
  endfacet
  facet normal 0 -1 0
    outer loop
      vertex 37.6 59.85 4.66
      vertex 45 59.85 4.67
      vertex 37.6 59.85 4.67
    endloop
  endfacet
  facet normal 0 -1 -0
    outer loop
      vertex 45 59.85 4.67
      vertex 37.6 59.85 4.66
      vertex 45 59.85 4.66
    endloop
  endfacet
  facet normal 0 -0.571266 0.820765
    outer loop
      vertex 45 59.85 4.66
      vertex 39.985 57.465 3
      vertex 42.615 57.465 3
    endloop
  endfacet
  facet normal 0 -0.571266 0.820765
    outer loop
      vertex 39.985 57.465 3
      vertex 45 59.85 4.66
      vertex 37.6 59.85 4.66
    endloop
  endfacet
  facet normal -0.571266 0 0.820765
    outer loop
      vertex 42.615 57.465 3
      vertex 45 52.45 4.66
      vertex 45 59.85 4.66
    endloop
  endfacet
  facet normal -0.571266 0 0.820765
    outer loop
      vertex 45 52.45 4.66
      vertex 42.615 57.465 3
      vertex 42.615 54.835 3
    endloop
  endfacet
  facet normal -1 0 0
    outer loop
      vertex 45 52.45 4.66
      vertex 45 59.85 4.67
      vertex 45 59.85 4.66
    endloop
  endfacet
  facet normal -1 -0 0
    outer loop
      vertex 45 59.85 4.67
      vertex 45 52.45 4.66
      vertex 45 52.45 4.67
    endloop
  endfacet
  facet normal 0.99994 0 0.0109985
    outer loop
      vertex 37.2004 51.2496 41
      vertex 37.6 43.45 4.67
      vertex 37.6 50.85 4.67
    endloop
  endfacet
  facet normal 0.99994 0 0.0109985
    outer loop
      vertex 37.6 43.45 4.67
      vertex 37.2004 51.2496 41
      vertex 37.2004 43.0504 41
    endloop
  endfacet
  facet normal 0 0.99994 0.0109985
    outer loop
      vertex 45 43.45 4.67
      vertex 37.2004 43.0504 41
      vertex 45.3996 43.0504 41
    endloop
  endfacet
  facet normal 0 0.99994 0.0109985
    outer loop
      vertex 37.2004 43.0504 41
      vertex 45 43.45 4.67
      vertex 37.6 43.45 4.67
    endloop
  endfacet
  facet normal 0 -0.99994 0.0109985
    outer loop
      vertex 37.6 50.85 4.67
      vertex 45.3996 51.2496 41
      vertex 37.2004 51.2496 41
    endloop
  endfacet
  facet normal 0 -0.99994 0.0109985
    outer loop
      vertex 45.3996 51.2496 41
      vertex 37.6 50.85 4.67
      vertex 45 50.85 4.67
    endloop
  endfacet
  facet normal -0.99994 0 0.0109985
    outer loop
      vertex 45 43.45 4.67
      vertex 45.3996 51.2496 41
      vertex 45 50.85 4.67
    endloop
  endfacet
  facet normal -0.99994 0 0.0109985
    outer loop
      vertex 45.3996 51.2496 41
      vertex 45 43.45 4.67
      vertex 45.3996 43.0504 41
    endloop
  endfacet
  facet normal 0 1 -0
    outer loop
      vertex 45 43.45 4.66
      vertex 37.6 43.45 4.67
      vertex 45 43.45 4.67
    endloop
  endfacet
  facet normal 0 1 0
    outer loop
      vertex 37.6 43.45 4.67
      vertex 45 43.45 4.66
      vertex 37.6 43.45 4.66
    endloop
  endfacet
  facet normal -0 0 1
    outer loop
      vertex 39.985 48.465 3
      vertex 42.615 45.835 3
      vertex 42.615 48.465 3
    endloop
  endfacet
  facet normal 0 0 1
    outer loop
      vertex 42.615 45.835 3
      vertex 39.985 48.465 3
      vertex 39.985 45.835 3
    endloop
  endfacet
  facet normal 1 -0 0
    outer loop
      vertex 37.6 43.45 4.67
      vertex 37.6 50.85 4.66
      vertex 37.6 50.85 4.67
    endloop
  endfacet
  facet normal 1 0 0
    outer loop
      vertex 37.6 50.85 4.66
      vertex 37.6 43.45 4.67
      vertex 37.6 43.45 4.66
    endloop
  endfacet
  facet normal 0.571266 0 0.820765
    outer loop
      vertex 37.6 50.85 4.66
      vertex 39.985 45.835 3
      vertex 39.985 48.465 3
    endloop
  endfacet
  facet normal 0.571266 0 0.820765
    outer loop
      vertex 39.985 45.835 3
      vertex 37.6 50.85 4.66
      vertex 37.6 43.45 4.66
    endloop
  endfacet
  facet normal -0 0.571266 0.820765
    outer loop
      vertex 39.985 45.835 3
      vertex 45 43.45 4.66
      vertex 42.615 45.835 3
    endloop
  endfacet
  facet normal 0 0.571266 0.820765
    outer loop
      vertex 45 43.45 4.66
      vertex 39.985 45.835 3
      vertex 37.6 43.45 4.66
    endloop
  endfacet
  facet normal 0 -1 0
    outer loop
      vertex 37.6 50.85 4.66
      vertex 45 50.85 4.67
      vertex 37.6 50.85 4.67
    endloop
  endfacet
  facet normal 0 -1 -0
    outer loop
      vertex 45 50.85 4.67
      vertex 37.6 50.85 4.66
      vertex 45 50.85 4.66
    endloop
  endfacet
  facet normal 0 -0.571266 0.820765
    outer loop
      vertex 45 50.85 4.66
      vertex 39.985 48.465 3
      vertex 42.615 48.465 3
    endloop
  endfacet
  facet normal 0 -0.571266 0.820765
    outer loop
      vertex 39.985 48.465 3
      vertex 45 50.85 4.66
      vertex 37.6 50.85 4.66
    endloop
  endfacet
  facet normal -0.571266 0 0.820765
    outer loop
      vertex 42.615 48.465 3
      vertex 45 43.45 4.66
      vertex 45 50.85 4.66
    endloop
  endfacet
  facet normal -0.571266 0 0.820765
    outer loop
      vertex 45 43.45 4.66
      vertex 42.615 48.465 3
      vertex 42.615 45.835 3
    endloop
  endfacet
  facet normal -1 0 0
    outer loop
      vertex 45 43.45 4.66
      vertex 45 50.85 4.67
      vertex 45 50.85 4.66
    endloop
  endfacet
  facet normal -1 -0 0
    outer loop
      vertex 45 50.85 4.67
      vertex 45 43.45 4.66
      vertex 45 43.45 4.67
    endloop
  endfacet
  facet normal 0.99994 0 0.0109985
    outer loop
      vertex 37.2004 42.2496 41
      vertex 37.6 34.45 4.67
      vertex 37.6 41.85 4.67
    endloop
  endfacet
  facet normal 0.99994 0 0.0109985
    outer loop
      vertex 37.6 34.45 4.67
      vertex 37.2004 42.2496 41
      vertex 37.2004 34.0504 41
    endloop
  endfacet
  facet normal 0 0.99994 0.0109985
    outer loop
      vertex 45 34.45 4.67
      vertex 37.2004 34.0504 41
      vertex 45.3996 34.0504 41
    endloop
  endfacet
  facet normal 0 0.99994 0.0109985
    outer loop
      vertex 37.2004 34.0504 41
      vertex 45 34.45 4.67
      vertex 37.6 34.45 4.67
    endloop
  endfacet
  facet normal 0 -0.99994 0.0109985
    outer loop
      vertex 37.6 41.85 4.67
      vertex 45.3996 42.2496 41
      vertex 37.2004 42.2496 41
    endloop
  endfacet
  facet normal 0 -0.99994 0.0109985
    outer loop
      vertex 45.3996 42.2496 41
      vertex 37.6 41.85 4.67
      vertex 45 41.85 4.67
    endloop
  endfacet
  facet normal -0.99994 0 0.0109985
    outer loop
      vertex 45 34.45 4.67
      vertex 45.3996 42.2496 41
      vertex 45 41.85 4.67
    endloop
  endfacet
  facet normal -0.99994 0 0.0109985
    outer loop
      vertex 45.3996 42.2496 41
      vertex 45 34.45 4.67
      vertex 45.3996 34.0504 41
    endloop
  endfacet
  facet normal 0 1 -0
    outer loop
      vertex 45 34.45 4.66
      vertex 37.6 34.45 4.67
      vertex 45 34.45 4.67
    endloop
  endfacet
  facet normal 0 1 0
    outer loop
      vertex 37.6 34.45 4.67
      vertex 45 34.45 4.66
      vertex 37.6 34.45 4.66
    endloop
  endfacet
  facet normal -0 0 1
    outer loop
      vertex 39.985 39.465 3
      vertex 42.615 36.835 3
      vertex 42.615 39.465 3
    endloop
  endfacet
  facet normal 0 0 1
    outer loop
      vertex 42.615 36.835 3
      vertex 39.985 39.465 3
      vertex 39.985 36.835 3
    endloop
  endfacet
  facet normal 1 -0 0
    outer loop
      vertex 37.6 34.45 4.67
      vertex 37.6 41.85 4.66
      vertex 37.6 41.85 4.67
    endloop
  endfacet
  facet normal 1 0 0
    outer loop
      vertex 37.6 41.85 4.66
      vertex 37.6 34.45 4.67
      vertex 37.6 34.45 4.66
    endloop
  endfacet
  facet normal 0.571266 0 0.820765
    outer loop
      vertex 37.6 41.85 4.66
      vertex 39.985 36.835 3
      vertex 39.985 39.465 3
    endloop
  endfacet
  facet normal 0.571266 0 0.820765
    outer loop
      vertex 39.985 36.835 3
      vertex 37.6 41.85 4.66
      vertex 37.6 34.45 4.66
    endloop
  endfacet
  facet normal -0 0.571266 0.820765
    outer loop
      vertex 39.985 36.835 3
      vertex 45 34.45 4.66
      vertex 42.615 36.835 3
    endloop
  endfacet
  facet normal 0 0.571266 0.820765
    outer loop
      vertex 45 34.45 4.66
      vertex 39.985 36.835 3
      vertex 37.6 34.45 4.66
    endloop
  endfacet
  facet normal 0 -1 0
    outer loop
      vertex 37.6 41.85 4.66
      vertex 45 41.85 4.67
      vertex 37.6 41.85 4.67
    endloop
  endfacet
  facet normal 0 -1 -0
    outer loop
      vertex 45 41.85 4.67
      vertex 37.6 41.85 4.66
      vertex 45 41.85 4.66
    endloop
  endfacet
  facet normal 0 -0.571266 0.820765
    outer loop
      vertex 45 41.85 4.66
      vertex 39.985 39.465 3
      vertex 42.615 39.465 3
    endloop
  endfacet
  facet normal 0 -0.571266 0.820765
    outer loop
      vertex 39.985 39.465 3
      vertex 45 41.85 4.66
      vertex 37.6 41.85 4.66
    endloop
  endfacet
  facet normal -0.571266 0 0.820765
    outer loop
      vertex 42.615 39.465 3
      vertex 45 34.45 4.66
      vertex 45 41.85 4.66
    endloop
  endfacet
  facet normal -0.571266 0 0.820765
    outer loop
      vertex 45 34.45 4.66
      vertex 42.615 39.465 3
      vertex 42.615 36.835 3
    endloop
  endfacet
  facet normal -1 0 0
    outer loop
      vertex 45 34.45 4.66
      vertex 45 41.85 4.67
      vertex 45 41.85 4.66
    endloop
  endfacet
  facet normal -1 -0 0
    outer loop
      vertex 45 41.85 4.67
      vertex 45 34.45 4.66
      vertex 45 34.45 4.67
    endloop
  endfacet
  facet normal 0.99994 0 0.0109985
    outer loop
      vertex 37.2004 33.2496 41
      vertex 37.6 25.45 4.67
      vertex 37.6 32.85 4.67
    endloop
  endfacet
  facet normal 0.99994 0 0.0109985
    outer loop
      vertex 37.6 25.45 4.67
      vertex 37.2004 33.2496 41
      vertex 37.2004 25.0504 41
    endloop
  endfacet
  facet normal 0 0.99994 0.0109985
    outer loop
      vertex 45 25.45 4.67
      vertex 37.2004 25.0504 41
      vertex 45.3996 25.0504 41
    endloop
  endfacet
  facet normal 0 0.99994 0.0109985
    outer loop
      vertex 37.2004 25.0504 41
      vertex 45 25.45 4.67
      vertex 37.6 25.45 4.67
    endloop
  endfacet
  facet normal 0 -0.99994 0.0109985
    outer loop
      vertex 37.6 32.85 4.67
      vertex 45.3996 33.2496 41
      vertex 37.2004 33.2496 41
    endloop
  endfacet
  facet normal 0 -0.99994 0.0109985
    outer loop
      vertex 45.3996 33.2496 41
      vertex 37.6 32.85 4.67
      vertex 45 32.85 4.67
    endloop
  endfacet
  facet normal -0.99994 0 0.0109985
    outer loop
      vertex 45 25.45 4.67
      vertex 45.3996 33.2496 41
      vertex 45 32.85 4.67
    endloop
  endfacet
  facet normal -0.99994 0 0.0109985
    outer loop
      vertex 45.3996 33.2496 41
      vertex 45 25.45 4.67
      vertex 45.3996 25.0504 41
    endloop
  endfacet
  facet normal 0 1 -0
    outer loop
      vertex 45 25.45 4.66
      vertex 37.6 25.45 4.67
      vertex 45 25.45 4.67
    endloop
  endfacet
  facet normal 0 1 0
    outer loop
      vertex 37.6 25.45 4.67
      vertex 45 25.45 4.66
      vertex 37.6 25.45 4.66
    endloop
  endfacet
  facet normal -0 0 1
    outer loop
      vertex 39.985 30.465 3
      vertex 42.615 27.835 3
      vertex 42.615 30.465 3
    endloop
  endfacet
  facet normal 0 0 1
    outer loop
      vertex 42.615 27.835 3
      vertex 39.985 30.465 3
      vertex 39.985 27.835 3
    endloop
  endfacet
  facet normal 1 -0 0
    outer loop
      vertex 37.6 25.45 4.67
      vertex 37.6 32.85 4.66
      vertex 37.6 32.85 4.67
    endloop
  endfacet
  facet normal 1 0 0
    outer loop
      vertex 37.6 32.85 4.66
      vertex 37.6 25.45 4.67
      vertex 37.6 25.45 4.66
    endloop
  endfacet
  facet normal 0.571266 0 0.820765
    outer loop
      vertex 37.6 32.85 4.66
      vertex 39.985 27.835 3
      vertex 39.985 30.465 3
    endloop
  endfacet
  facet normal 0.571266 0 0.820765
    outer loop
      vertex 39.985 27.835 3
      vertex 37.6 32.85 4.66
      vertex 37.6 25.45 4.66
    endloop
  endfacet
  facet normal -0 0.571266 0.820765
    outer loop
      vertex 39.985 27.835 3
      vertex 45 25.45 4.66
      vertex 42.615 27.835 3
    endloop
  endfacet
  facet normal 0 0.571266 0.820765
    outer loop
      vertex 45 25.45 4.66
      vertex 39.985 27.835 3
      vertex 37.6 25.45 4.66
    endloop
  endfacet
  facet normal 0 -1 0
    outer loop
      vertex 37.6 32.85 4.66
      vertex 45 32.85 4.67
      vertex 37.6 32.85 4.67
    endloop
  endfacet
  facet normal 0 -1 -0
    outer loop
      vertex 45 32.85 4.67
      vertex 37.6 32.85 4.66
      vertex 45 32.85 4.66
    endloop
  endfacet
  facet normal 0 -0.571266 0.820765
    outer loop
      vertex 45 32.85 4.66
      vertex 39.985 30.465 3
      vertex 42.615 30.465 3
    endloop
  endfacet
  facet normal 0 -0.571266 0.820765
    outer loop
      vertex 39.985 30.465 3
      vertex 45 32.85 4.66
      vertex 37.6 32.85 4.66
    endloop
  endfacet
  facet normal -0.571266 0 0.820765
    outer loop
      vertex 42.615 30.465 3
      vertex 45 25.45 4.66
      vertex 45 32.85 4.66
    endloop
  endfacet
  facet normal -0.571266 0 0.820765
    outer loop
      vertex 45 25.45 4.66
      vertex 42.615 30.465 3
      vertex 42.615 27.835 3
    endloop
  endfacet
  facet normal -1 0 0
    outer loop
      vertex 45 25.45 4.66
      vertex 45 32.85 4.67
      vertex 45 32.85 4.66
    endloop
  endfacet
  facet normal -1 -0 0
    outer loop
      vertex 45 32.85 4.67
      vertex 45 25.45 4.66
      vertex 45 25.45 4.67
    endloop
  endfacet
  facet normal 0.99994 0 0.0109985
    outer loop
      vertex 37.2004 24.2496 41
      vertex 37.6 16.45 4.67
      vertex 37.6 23.85 4.67
    endloop
  endfacet
  facet normal 0.99994 0 0.0109985
    outer loop
      vertex 37.6 16.45 4.67
      vertex 37.2004 24.2496 41
      vertex 37.2004 16.0504 41
    endloop
  endfacet
  facet normal 0 0.99994 0.0109985
    outer loop
      vertex 45 16.45 4.67
      vertex 37.2004 16.0504 41
      vertex 45.3996 16.0504 41
    endloop
  endfacet
  facet normal 0 0.99994 0.0109985
    outer loop
      vertex 37.2004 16.0504 41
      vertex 45 16.45 4.67
      vertex 37.6 16.45 4.67
    endloop
  endfacet
  facet normal 0 -0.99994 0.0109985
    outer loop
      vertex 37.6 23.85 4.67
      vertex 45.3996 24.2496 41
      vertex 37.2004 24.2496 41
    endloop
  endfacet
  facet normal 0 -0.99994 0.0109985
    outer loop
      vertex 45.3996 24.2496 41
      vertex 37.6 23.85 4.67
      vertex 45 23.85 4.67
    endloop
  endfacet
  facet normal -0.99994 0 0.0109985
    outer loop
      vertex 45 16.45 4.67
      vertex 45.3996 24.2496 41
      vertex 45 23.85 4.67
    endloop
  endfacet
  facet normal -0.99994 0 0.0109985
    outer loop
      vertex 45.3996 24.2496 41
      vertex 45 16.45 4.67
      vertex 45.3996 16.0504 41
    endloop
  endfacet
  facet normal 0 1 -0
    outer loop
      vertex 45 16.45 4.66
      vertex 37.6 16.45 4.67
      vertex 45 16.45 4.67
    endloop
  endfacet
  facet normal 0 1 0
    outer loop
      vertex 37.6 16.45 4.67
      vertex 45 16.45 4.66
      vertex 37.6 16.45 4.66
    endloop
  endfacet
  facet normal -0 0 1
    outer loop
      vertex 39.985 21.465 3
      vertex 42.615 18.835 3
      vertex 42.615 21.465 3
    endloop
  endfacet
  facet normal 0 0 1
    outer loop
      vertex 42.615 18.835 3
      vertex 39.985 21.465 3
      vertex 39.985 18.835 3
    endloop
  endfacet
  facet normal 1 -0 0
    outer loop
      vertex 37.6 16.45 4.67
      vertex 37.6 23.85 4.66
      vertex 37.6 23.85 4.67
    endloop
  endfacet
  facet normal 1 0 0
    outer loop
      vertex 37.6 23.85 4.66
      vertex 37.6 16.45 4.67
      vertex 37.6 16.45 4.66
    endloop
  endfacet
  facet normal 0.571266 0 0.820765
    outer loop
      vertex 37.6 23.85 4.66
      vertex 39.985 18.835 3
      vertex 39.985 21.465 3
    endloop
  endfacet
  facet normal 0.571266 0 0.820765
    outer loop
      vertex 39.985 18.835 3
      vertex 37.6 23.85 4.66
      vertex 37.6 16.45 4.66
    endloop
  endfacet
  facet normal -0 0.571266 0.820765
    outer loop
      vertex 39.985 18.835 3
      vertex 45 16.45 4.66
      vertex 42.615 18.835 3
    endloop
  endfacet
  facet normal 0 0.571266 0.820765
    outer loop
      vertex 45 16.45 4.66
      vertex 39.985 18.835 3
      vertex 37.6 16.45 4.66
    endloop
  endfacet
  facet normal 0 -1 0
    outer loop
      vertex 37.6 23.85 4.66
      vertex 45 23.85 4.67
      vertex 37.6 23.85 4.67
    endloop
  endfacet
  facet normal 0 -1 -0
    outer loop
      vertex 45 23.85 4.67
      vertex 37.6 23.85 4.66
      vertex 45 23.85 4.66
    endloop
  endfacet
  facet normal 0 -0.571266 0.820765
    outer loop
      vertex 45 23.85 4.66
      vertex 39.985 21.465 3
      vertex 42.615 21.465 3
    endloop
  endfacet
  facet normal 0 -0.571266 0.820765
    outer loop
      vertex 39.985 21.465 3
      vertex 45 23.85 4.66
      vertex 37.6 23.85 4.66
    endloop
  endfacet
  facet normal -0.571266 0 0.820765
    outer loop
      vertex 42.615 21.465 3
      vertex 45 16.45 4.66
      vertex 45 23.85 4.66
    endloop
  endfacet
  facet normal -0.571266 0 0.820765
    outer loop
      vertex 45 16.45 4.66
      vertex 42.615 21.465 3
      vertex 42.615 18.835 3
    endloop
  endfacet
  facet normal -1 0 0
    outer loop
      vertex 45 16.45 4.66
      vertex 45 23.85 4.67
      vertex 45 23.85 4.66
    endloop
  endfacet
  facet normal -1 -0 0
    outer loop
      vertex 45 23.85 4.67
      vertex 45 16.45 4.66
      vertex 45 16.45 4.67
    endloop
  endfacet
  facet normal 0.99994 0 0.0109985
    outer loop
      vertex 37.2004 15.2496 41
      vertex 37.6 7.45 4.67
      vertex 37.6 14.85 4.67
    endloop
  endfacet
  facet normal 0.99994 0 0.0109985
    outer loop
      vertex 37.6 7.45 4.67
      vertex 37.2004 15.2496 41
      vertex 37.2004 7.05044 41
    endloop
  endfacet
  facet normal 0 0.99994 0.0109974
    outer loop
      vertex 45 7.45 4.67
      vertex 37.2004 7.05044 41
      vertex 45.3996 7.05044 41
    endloop
  endfacet
  facet normal 0 0.99994 0.0109974
    outer loop
      vertex 37.2004 7.05044 41
      vertex 45 7.45 4.67
      vertex 37.6 7.45 4.67
    endloop
  endfacet
  facet normal 0 -0.99994 0.0109985
    outer loop
      vertex 37.6 14.85 4.67
      vertex 45.3996 15.2496 41
      vertex 37.2004 15.2496 41
    endloop
  endfacet
  facet normal 0 -0.99994 0.0109985
    outer loop
      vertex 45.3996 15.2496 41
      vertex 37.6 14.85 4.67
      vertex 45 14.85 4.67
    endloop
  endfacet
  facet normal -0.99994 0 0.0109985
    outer loop
      vertex 45 7.45 4.67
      vertex 45.3996 15.2496 41
      vertex 45 14.85 4.67
    endloop
  endfacet
  facet normal -0.99994 0 0.0109985
    outer loop
      vertex 45.3996 15.2496 41
      vertex 45 7.45 4.67
      vertex 45.3996 7.05044 41
    endloop
  endfacet
  facet normal 0 1 -0
    outer loop
      vertex 45 7.45 4.66
      vertex 37.6 7.45 4.67
      vertex 45 7.45 4.67
    endloop
  endfacet
  facet normal 0 1 0
    outer loop
      vertex 37.6 7.45 4.67
      vertex 45 7.45 4.66
      vertex 37.6 7.45 4.66
    endloop
  endfacet
  facet normal -0 0 1
    outer loop
      vertex 39.985 12.465 3
      vertex 42.615 9.835 3
      vertex 42.615 12.465 3
    endloop
  endfacet
  facet normal 0 0 1
    outer loop
      vertex 42.615 9.835 3
      vertex 39.985 12.465 3
      vertex 39.985 9.835 3
    endloop
  endfacet
  facet normal 1 -0 0
    outer loop
      vertex 37.6 7.45 4.67
      vertex 37.6 14.85 4.66
      vertex 37.6 14.85 4.67
    endloop
  endfacet
  facet normal 1 0 0
    outer loop
      vertex 37.6 14.85 4.66
      vertex 37.6 7.45 4.67
      vertex 37.6 7.45 4.66
    endloop
  endfacet
  facet normal 0.571266 0 0.820765
    outer loop
      vertex 37.6 14.85 4.66
      vertex 39.985 9.835 3
      vertex 39.985 12.465 3
    endloop
  endfacet
  facet normal 0.571266 0 0.820765
    outer loop
      vertex 39.985 9.835 3
      vertex 37.6 14.85 4.66
      vertex 37.6 7.45 4.66
    endloop
  endfacet
  facet normal -0 0.571266 0.820765
    outer loop
      vertex 39.985 9.835 3
      vertex 45 7.45 4.66
      vertex 42.615 9.835 3
    endloop
  endfacet
  facet normal 0 0.571266 0.820765
    outer loop
      vertex 45 7.45 4.66
      vertex 39.985 9.835 3
      vertex 37.6 7.45 4.66
    endloop
  endfacet
  facet normal 0 -1 0
    outer loop
      vertex 37.6 14.85 4.66
      vertex 45 14.85 4.67
      vertex 37.6 14.85 4.67
    endloop
  endfacet
  facet normal 0 -1 -0
    outer loop
      vertex 45 14.85 4.67
      vertex 37.6 14.85 4.66
      vertex 45 14.85 4.66
    endloop
  endfacet
  facet normal 0 -0.571266 0.820765
    outer loop
      vertex 45 14.85 4.66
      vertex 39.985 12.465 3
      vertex 42.615 12.465 3
    endloop
  endfacet
  facet normal 0 -0.571266 0.820765
    outer loop
      vertex 39.985 12.465 3
      vertex 45 14.85 4.66
      vertex 37.6 14.85 4.66
    endloop
  endfacet
  facet normal -0.571266 0 0.820765
    outer loop
      vertex 42.615 12.465 3
      vertex 45 7.45 4.66
      vertex 45 14.85 4.66
    endloop
  endfacet
  facet normal -0.571266 0 0.820765
    outer loop
      vertex 45 7.45 4.66
      vertex 42.615 12.465 3
      vertex 42.615 9.835 3
    endloop
  endfacet
  facet normal -1 0 0
    outer loop
      vertex 45 7.45 4.66
      vertex 45 14.85 4.67
      vertex 45 14.85 4.66
    endloop
  endfacet
  facet normal -1 -0 0
    outer loop
      vertex 45 14.85 4.67
      vertex 45 7.45 4.66
      vertex 45 7.45 4.67
    endloop
  endfacet
  facet normal 0.99994 0 0.0109985
    outer loop
      vertex 46.2004 78.2496 41
      vertex 46.6 70.45 4.67
      vertex 46.6 77.85 4.67
    endloop
  endfacet
  facet normal 0.99994 0 0.0109985
    outer loop
      vertex 46.6 70.45 4.67
      vertex 46.2004 78.2496 41
      vertex 46.2004 70.0504 41
    endloop
  endfacet
  facet normal 0 0.99994 0.0109985
    outer loop
      vertex 54 70.45 4.67
      vertex 46.2004 70.0504 41
      vertex 54.3996 70.0504 41
    endloop
  endfacet
  facet normal 0 0.99994 0.0109985
    outer loop
      vertex 46.2004 70.0504 41
      vertex 54 70.45 4.67
      vertex 46.6 70.45 4.67
    endloop
  endfacet
  facet normal 0 -0.99994 0.0109985
    outer loop
      vertex 46.6 77.85 4.67
      vertex 54.3996 78.2496 41
      vertex 46.2004 78.2496 41
    endloop
  endfacet
  facet normal 0 -0.99994 0.0109985
    outer loop
      vertex 54.3996 78.2496 41
      vertex 46.6 77.85 4.67
      vertex 54 77.85 4.67
    endloop
  endfacet
  facet normal -0.99994 0 0.0109985
    outer loop
      vertex 54 70.45 4.67
      vertex 54.3996 78.2496 41
      vertex 54 77.85 4.67
    endloop
  endfacet
  facet normal -0.99994 0 0.0109985
    outer loop
      vertex 54.3996 78.2496 41
      vertex 54 70.45 4.67
      vertex 54.3996 70.0504 41
    endloop
  endfacet
  facet normal 0 1 -0
    outer loop
      vertex 54 70.45 4.66
      vertex 46.6 70.45 4.67
      vertex 54 70.45 4.67
    endloop
  endfacet
  facet normal 0 1 0
    outer loop
      vertex 46.6 70.45 4.67
      vertex 54 70.45 4.66
      vertex 46.6 70.45 4.66
    endloop
  endfacet
  facet normal -0 0 1
    outer loop
      vertex 48.985 75.465 3
      vertex 51.615 72.835 3
      vertex 51.615 75.465 3
    endloop
  endfacet
  facet normal 0 0 1
    outer loop
      vertex 51.615 72.835 3
      vertex 48.985 75.465 3
      vertex 48.985 72.835 3
    endloop
  endfacet
  facet normal 1 -0 0
    outer loop
      vertex 46.6 70.45 4.67
      vertex 46.6 77.85 4.66
      vertex 46.6 77.85 4.67
    endloop
  endfacet
  facet normal 1 0 0
    outer loop
      vertex 46.6 77.85 4.66
      vertex 46.6 70.45 4.67
      vertex 46.6 70.45 4.66
    endloop
  endfacet
  facet normal 0.571266 0 0.820765
    outer loop
      vertex 46.6 77.85 4.66
      vertex 48.985 72.835 3
      vertex 48.985 75.465 3
    endloop
  endfacet
  facet normal 0.571266 0 0.820765
    outer loop
      vertex 48.985 72.835 3
      vertex 46.6 77.85 4.66
      vertex 46.6 70.45 4.66
    endloop
  endfacet
  facet normal -0 0.571266 0.820765
    outer loop
      vertex 48.985 72.835 3
      vertex 54 70.45 4.66
      vertex 51.615 72.835 3
    endloop
  endfacet
  facet normal 0 0.571266 0.820765
    outer loop
      vertex 54 70.45 4.66
      vertex 48.985 72.835 3
      vertex 46.6 70.45 4.66
    endloop
  endfacet
  facet normal 0 -1 0
    outer loop
      vertex 46.6 77.85 4.66
      vertex 54 77.85 4.67
      vertex 46.6 77.85 4.67
    endloop
  endfacet
  facet normal 0 -1 -0
    outer loop
      vertex 54 77.85 4.67
      vertex 46.6 77.85 4.66
      vertex 54 77.85 4.66
    endloop
  endfacet
  facet normal 0 -0.571266 0.820765
    outer loop
      vertex 54 77.85 4.66
      vertex 48.985 75.465 3
      vertex 51.615 75.465 3
    endloop
  endfacet
  facet normal 0 -0.571266 0.820765
    outer loop
      vertex 48.985 75.465 3
      vertex 54 77.85 4.66
      vertex 46.6 77.85 4.66
    endloop
  endfacet
  facet normal -0.571266 0 0.820765
    outer loop
      vertex 51.615 75.465 3
      vertex 54 70.45 4.66
      vertex 54 77.85 4.66
    endloop
  endfacet
  facet normal -0.571266 0 0.820765
    outer loop
      vertex 54 70.45 4.66
      vertex 51.615 75.465 3
      vertex 51.615 72.835 3
    endloop
  endfacet
  facet normal -1 0 0
    outer loop
      vertex 54 70.45 4.66
      vertex 54 77.85 4.67
      vertex 54 77.85 4.66
    endloop
  endfacet
  facet normal -1 -0 0
    outer loop
      vertex 54 77.85 4.67
      vertex 54 70.45 4.66
      vertex 54 70.45 4.67
    endloop
  endfacet
  facet normal 0.99994 0 0.0109985
    outer loop
      vertex 46.2004 69.2496 41
      vertex 46.6 61.45 4.67
      vertex 46.6 68.85 4.67
    endloop
  endfacet
  facet normal 0.99994 0 0.0109985
    outer loop
      vertex 46.6 61.45 4.67
      vertex 46.2004 69.2496 41
      vertex 46.2004 61.0504 41
    endloop
  endfacet
  facet normal 0 0.99994 0.0109985
    outer loop
      vertex 54 61.45 4.67
      vertex 46.2004 61.0504 41
      vertex 54.3996 61.0504 41
    endloop
  endfacet
  facet normal 0 0.99994 0.0109985
    outer loop
      vertex 46.2004 61.0504 41
      vertex 54 61.45 4.67
      vertex 46.6 61.45 4.67
    endloop
  endfacet
  facet normal 0 -0.99994 0.0109985
    outer loop
      vertex 46.6 68.85 4.67
      vertex 54.3996 69.2496 41
      vertex 46.2004 69.2496 41
    endloop
  endfacet
  facet normal 0 -0.99994 0.0109985
    outer loop
      vertex 54.3996 69.2496 41
      vertex 46.6 68.85 4.67
      vertex 54 68.85 4.67
    endloop
  endfacet
  facet normal -0.99994 0 0.0109985
    outer loop
      vertex 54 61.45 4.67
      vertex 54.3996 69.2496 41
      vertex 54 68.85 4.67
    endloop
  endfacet
  facet normal -0.99994 0 0.0109985
    outer loop
      vertex 54.3996 69.2496 41
      vertex 54 61.45 4.67
      vertex 54.3996 61.0504 41
    endloop
  endfacet
  facet normal 0 1 -0
    outer loop
      vertex 54 61.45 4.66
      vertex 46.6 61.45 4.67
      vertex 54 61.45 4.67
    endloop
  endfacet
  facet normal 0 1 0
    outer loop
      vertex 46.6 61.45 4.67
      vertex 54 61.45 4.66
      vertex 46.6 61.45 4.66
    endloop
  endfacet
  facet normal -0 0 1
    outer loop
      vertex 48.985 66.465 3
      vertex 51.615 63.835 3
      vertex 51.615 66.465 3
    endloop
  endfacet
  facet normal 0 0 1
    outer loop
      vertex 51.615 63.835 3
      vertex 48.985 66.465 3
      vertex 48.985 63.835 3
    endloop
  endfacet
  facet normal 1 -0 0
    outer loop
      vertex 46.6 61.45 4.67
      vertex 46.6 68.85 4.66
      vertex 46.6 68.85 4.67
    endloop
  endfacet
  facet normal 1 0 0
    outer loop
      vertex 46.6 68.85 4.66
      vertex 46.6 61.45 4.67
      vertex 46.6 61.45 4.66
    endloop
  endfacet
  facet normal 0.571266 0 0.820765
    outer loop
      vertex 46.6 68.85 4.66
      vertex 48.985 63.835 3
      vertex 48.985 66.465 3
    endloop
  endfacet
  facet normal 0.571266 0 0.820765
    outer loop
      vertex 48.985 63.835 3
      vertex 46.6 68.85 4.66
      vertex 46.6 61.45 4.66
    endloop
  endfacet
  facet normal -0 0.571266 0.820765
    outer loop
      vertex 48.985 63.835 3
      vertex 54 61.45 4.66
      vertex 51.615 63.835 3
    endloop
  endfacet
  facet normal 0 0.571266 0.820765
    outer loop
      vertex 54 61.45 4.66
      vertex 48.985 63.835 3
      vertex 46.6 61.45 4.66
    endloop
  endfacet
  facet normal 0 -1 0
    outer loop
      vertex 46.6 68.85 4.66
      vertex 54 68.85 4.67
      vertex 46.6 68.85 4.67
    endloop
  endfacet
  facet normal 0 -1 -0
    outer loop
      vertex 54 68.85 4.67
      vertex 46.6 68.85 4.66
      vertex 54 68.85 4.66
    endloop
  endfacet
  facet normal 0 -0.571266 0.820765
    outer loop
      vertex 54 68.85 4.66
      vertex 48.985 66.465 3
      vertex 51.615 66.465 3
    endloop
  endfacet
  facet normal 0 -0.571266 0.820765
    outer loop
      vertex 48.985 66.465 3
      vertex 54 68.85 4.66
      vertex 46.6 68.85 4.66
    endloop
  endfacet
  facet normal -0.571266 0 0.820765
    outer loop
      vertex 51.615 66.465 3
      vertex 54 61.45 4.66
      vertex 54 68.85 4.66
    endloop
  endfacet
  facet normal -0.571266 0 0.820765
    outer loop
      vertex 54 61.45 4.66
      vertex 51.615 66.465 3
      vertex 51.615 63.835 3
    endloop
  endfacet
  facet normal -1 0 0
    outer loop
      vertex 54 61.45 4.66
      vertex 54 68.85 4.67
      vertex 54 68.85 4.66
    endloop
  endfacet
  facet normal -1 -0 0
    outer loop
      vertex 54 68.85 4.67
      vertex 54 61.45 4.66
      vertex 54 61.45 4.67
    endloop
  endfacet
  facet normal 0.99994 0 0.0109985
    outer loop
      vertex 46.2004 60.2496 41
      vertex 46.6 52.45 4.67
      vertex 46.6 59.85 4.67
    endloop
  endfacet
  facet normal 0.99994 0 0.0109985
    outer loop
      vertex 46.6 52.45 4.67
      vertex 46.2004 60.2496 41
      vertex 46.2004 52.0504 41
    endloop
  endfacet
  facet normal 0 0.99994 0.0109985
    outer loop
      vertex 54 52.45 4.67
      vertex 46.2004 52.0504 41
      vertex 54.3996 52.0504 41
    endloop
  endfacet
  facet normal 0 0.99994 0.0109985
    outer loop
      vertex 46.2004 52.0504 41
      vertex 54 52.45 4.67
      vertex 46.6 52.45 4.67
    endloop
  endfacet
  facet normal 0 -0.99994 0.0109985
    outer loop
      vertex 46.6 59.85 4.67
      vertex 54.3996 60.2496 41
      vertex 46.2004 60.2496 41
    endloop
  endfacet
  facet normal 0 -0.99994 0.0109985
    outer loop
      vertex 54.3996 60.2496 41
      vertex 46.6 59.85 4.67
      vertex 54 59.85 4.67
    endloop
  endfacet
  facet normal -0.99994 0 0.0109985
    outer loop
      vertex 54 52.45 4.67
      vertex 54.3996 60.2496 41
      vertex 54 59.85 4.67
    endloop
  endfacet
  facet normal -0.99994 0 0.0109985
    outer loop
      vertex 54.3996 60.2496 41
      vertex 54 52.45 4.67
      vertex 54.3996 52.0504 41
    endloop
  endfacet
  facet normal 0 1 -0
    outer loop
      vertex 54 52.45 4.66
      vertex 46.6 52.45 4.67
      vertex 54 52.45 4.67
    endloop
  endfacet
  facet normal 0 1 0
    outer loop
      vertex 46.6 52.45 4.67
      vertex 54 52.45 4.66
      vertex 46.6 52.45 4.66
    endloop
  endfacet
  facet normal -0 0 1
    outer loop
      vertex 48.985 57.465 3
      vertex 51.615 54.835 3
      vertex 51.615 57.465 3
    endloop
  endfacet
  facet normal 0 0 1
    outer loop
      vertex 51.615 54.835 3
      vertex 48.985 57.465 3
      vertex 48.985 54.835 3
    endloop
  endfacet
  facet normal 1 -0 0
    outer loop
      vertex 46.6 52.45 4.67
      vertex 46.6 59.85 4.66
      vertex 46.6 59.85 4.67
    endloop
  endfacet
  facet normal 1 0 0
    outer loop
      vertex 46.6 59.85 4.66
      vertex 46.6 52.45 4.67
      vertex 46.6 52.45 4.66
    endloop
  endfacet
  facet normal 0.571266 0 0.820765
    outer loop
      vertex 46.6 59.85 4.66
      vertex 48.985 54.835 3
      vertex 48.985 57.465 3
    endloop
  endfacet
  facet normal 0.571266 0 0.820765
    outer loop
      vertex 48.985 54.835 3
      vertex 46.6 59.85 4.66
      vertex 46.6 52.45 4.66
    endloop
  endfacet
  facet normal -0 0.571266 0.820765
    outer loop
      vertex 48.985 54.835 3
      vertex 54 52.45 4.66
      vertex 51.615 54.835 3
    endloop
  endfacet
  facet normal 0 0.571266 0.820765
    outer loop
      vertex 54 52.45 4.66
      vertex 48.985 54.835 3
      vertex 46.6 52.45 4.66
    endloop
  endfacet
  facet normal 0 -1 0
    outer loop
      vertex 46.6 59.85 4.66
      vertex 54 59.85 4.67
      vertex 46.6 59.85 4.67
    endloop
  endfacet
  facet normal 0 -1 -0
    outer loop
      vertex 54 59.85 4.67
      vertex 46.6 59.85 4.66
      vertex 54 59.85 4.66
    endloop
  endfacet
  facet normal 0 -0.571266 0.820765
    outer loop
      vertex 54 59.85 4.66
      vertex 48.985 57.465 3
      vertex 51.615 57.465 3
    endloop
  endfacet
  facet normal 0 -0.571266 0.820765
    outer loop
      vertex 48.985 57.465 3
      vertex 54 59.85 4.66
      vertex 46.6 59.85 4.66
    endloop
  endfacet
  facet normal -0.571266 0 0.820765
    outer loop
      vertex 51.615 57.465 3
      vertex 54 52.45 4.66
      vertex 54 59.85 4.66
    endloop
  endfacet
  facet normal -0.571266 0 0.820765
    outer loop
      vertex 54 52.45 4.66
      vertex 51.615 57.465 3
      vertex 51.615 54.835 3
    endloop
  endfacet
  facet normal -1 0 0
    outer loop
      vertex 54 52.45 4.66
      vertex 54 59.85 4.67
      vertex 54 59.85 4.66
    endloop
  endfacet
  facet normal -1 -0 0
    outer loop
      vertex 54 59.85 4.67
      vertex 54 52.45 4.66
      vertex 54 52.45 4.67
    endloop
  endfacet
  facet normal 0.99994 0 0.0109985
    outer loop
      vertex 46.2004 51.2496 41
      vertex 46.6 43.45 4.67
      vertex 46.6 50.85 4.67
    endloop
  endfacet
  facet normal 0.99994 0 0.0109985
    outer loop
      vertex 46.6 43.45 4.67
      vertex 46.2004 51.2496 41
      vertex 46.2004 43.0504 41
    endloop
  endfacet
  facet normal 0 0.99994 0.0109985
    outer loop
      vertex 54 43.45 4.67
      vertex 46.2004 43.0504 41
      vertex 54.3996 43.0504 41
    endloop
  endfacet
  facet normal 0 0.99994 0.0109985
    outer loop
      vertex 46.2004 43.0504 41
      vertex 54 43.45 4.67
      vertex 46.6 43.45 4.67
    endloop
  endfacet
  facet normal 0 -0.99994 0.0109985
    outer loop
      vertex 46.6 50.85 4.67
      vertex 54.3996 51.2496 41
      vertex 46.2004 51.2496 41
    endloop
  endfacet
  facet normal 0 -0.99994 0.0109985
    outer loop
      vertex 54.3996 51.2496 41
      vertex 46.6 50.85 4.67
      vertex 54 50.85 4.67
    endloop
  endfacet
  facet normal -0.99994 0 0.0109985
    outer loop
      vertex 54 43.45 4.67
      vertex 54.3996 51.2496 41
      vertex 54 50.85 4.67
    endloop
  endfacet
  facet normal -0.99994 0 0.0109985
    outer loop
      vertex 54.3996 51.2496 41
      vertex 54 43.45 4.67
      vertex 54.3996 43.0504 41
    endloop
  endfacet
  facet normal 0 1 -0
    outer loop
      vertex 54 43.45 4.66
      vertex 46.6 43.45 4.67
      vertex 54 43.45 4.67
    endloop
  endfacet
  facet normal 0 1 0
    outer loop
      vertex 46.6 43.45 4.67
      vertex 54 43.45 4.66
      vertex 46.6 43.45 4.66
    endloop
  endfacet
  facet normal -0 0 1
    outer loop
      vertex 48.985 48.465 3
      vertex 51.615 45.835 3
      vertex 51.615 48.465 3
    endloop
  endfacet
  facet normal 0 0 1
    outer loop
      vertex 51.615 45.835 3
      vertex 48.985 48.465 3
      vertex 48.985 45.835 3
    endloop
  endfacet
  facet normal 1 -0 0
    outer loop
      vertex 46.6 43.45 4.67
      vertex 46.6 50.85 4.66
      vertex 46.6 50.85 4.67
    endloop
  endfacet
  facet normal 1 0 0
    outer loop
      vertex 46.6 50.85 4.66
      vertex 46.6 43.45 4.67
      vertex 46.6 43.45 4.66
    endloop
  endfacet
  facet normal 0.571266 0 0.820765
    outer loop
      vertex 46.6 50.85 4.66
      vertex 48.985 45.835 3
      vertex 48.985 48.465 3
    endloop
  endfacet
  facet normal 0.571266 0 0.820765
    outer loop
      vertex 48.985 45.835 3
      vertex 46.6 50.85 4.66
      vertex 46.6 43.45 4.66
    endloop
  endfacet
  facet normal -0 0.571266 0.820765
    outer loop
      vertex 48.985 45.835 3
      vertex 54 43.45 4.66
      vertex 51.615 45.835 3
    endloop
  endfacet
  facet normal 0 0.571266 0.820765
    outer loop
      vertex 54 43.45 4.66
      vertex 48.985 45.835 3
      vertex 46.6 43.45 4.66
    endloop
  endfacet
  facet normal 0 -1 0
    outer loop
      vertex 46.6 50.85 4.66
      vertex 54 50.85 4.67
      vertex 46.6 50.85 4.67
    endloop
  endfacet
  facet normal 0 -1 -0
    outer loop
      vertex 54 50.85 4.67
      vertex 46.6 50.85 4.66
      vertex 54 50.85 4.66
    endloop
  endfacet
  facet normal 0 -0.571266 0.820765
    outer loop
      vertex 54 50.85 4.66
      vertex 48.985 48.465 3
      vertex 51.615 48.465 3
    endloop
  endfacet
  facet normal 0 -0.571266 0.820765
    outer loop
      vertex 48.985 48.465 3
      vertex 54 50.85 4.66
      vertex 46.6 50.85 4.66
    endloop
  endfacet
  facet normal -0.571266 0 0.820765
    outer loop
      vertex 51.615 48.465 3
      vertex 54 43.45 4.66
      vertex 54 50.85 4.66
    endloop
  endfacet
  facet normal -0.571266 0 0.820765
    outer loop
      vertex 54 43.45 4.66
      vertex 51.615 48.465 3
      vertex 51.615 45.835 3
    endloop
  endfacet
  facet normal -1 0 0
    outer loop
      vertex 54 43.45 4.66
      vertex 54 50.85 4.67
      vertex 54 50.85 4.66
    endloop
  endfacet
  facet normal -1 -0 0
    outer loop
      vertex 54 50.85 4.67
      vertex 54 43.45 4.66
      vertex 54 43.45 4.67
    endloop
  endfacet
  facet normal 0.99994 0 0.0109985
    outer loop
      vertex 46.2004 42.2496 41
      vertex 46.6 34.45 4.67
      vertex 46.6 41.85 4.67
    endloop
  endfacet
  facet normal 0.99994 0 0.0109985
    outer loop
      vertex 46.6 34.45 4.67
      vertex 46.2004 42.2496 41
      vertex 46.2004 34.0504 41
    endloop
  endfacet
  facet normal 0 0.99994 0.0109985
    outer loop
      vertex 54 34.45 4.67
      vertex 46.2004 34.0504 41
      vertex 54.3996 34.0504 41
    endloop
  endfacet
  facet normal 0 0.99994 0.0109985
    outer loop
      vertex 46.2004 34.0504 41
      vertex 54 34.45 4.67
      vertex 46.6 34.45 4.67
    endloop
  endfacet
  facet normal 0 -0.99994 0.0109985
    outer loop
      vertex 46.6 41.85 4.67
      vertex 54.3996 42.2496 41
      vertex 46.2004 42.2496 41
    endloop
  endfacet
  facet normal 0 -0.99994 0.0109985
    outer loop
      vertex 54.3996 42.2496 41
      vertex 46.6 41.85 4.67
      vertex 54 41.85 4.67
    endloop
  endfacet
  facet normal -0.99994 0 0.0109985
    outer loop
      vertex 54 34.45 4.67
      vertex 54.3996 42.2496 41
      vertex 54 41.85 4.67
    endloop
  endfacet
  facet normal -0.99994 0 0.0109985
    outer loop
      vertex 54.3996 42.2496 41
      vertex 54 34.45 4.67
      vertex 54.3996 34.0504 41
    endloop
  endfacet
  facet normal 0 1 -0
    outer loop
      vertex 54 34.45 4.66
      vertex 46.6 34.45 4.67
      vertex 54 34.45 4.67
    endloop
  endfacet
  facet normal 0 1 0
    outer loop
      vertex 46.6 34.45 4.67
      vertex 54 34.45 4.66
      vertex 46.6 34.45 4.66
    endloop
  endfacet
  facet normal -0 0 1
    outer loop
      vertex 48.985 39.465 3
      vertex 51.615 36.835 3
      vertex 51.615 39.465 3
    endloop
  endfacet
  facet normal 0 0 1
    outer loop
      vertex 51.615 36.835 3
      vertex 48.985 39.465 3
      vertex 48.985 36.835 3
    endloop
  endfacet
  facet normal 1 -0 0
    outer loop
      vertex 46.6 34.45 4.67
      vertex 46.6 41.85 4.66
      vertex 46.6 41.85 4.67
    endloop
  endfacet
  facet normal 1 0 0
    outer loop
      vertex 46.6 41.85 4.66
      vertex 46.6 34.45 4.67
      vertex 46.6 34.45 4.66
    endloop
  endfacet
  facet normal 0.571266 0 0.820765
    outer loop
      vertex 46.6 41.85 4.66
      vertex 48.985 36.835 3
      vertex 48.985 39.465 3
    endloop
  endfacet
  facet normal 0.571266 0 0.820765
    outer loop
      vertex 48.985 36.835 3
      vertex 46.6 41.85 4.66
      vertex 46.6 34.45 4.66
    endloop
  endfacet
  facet normal -0 0.571266 0.820765
    outer loop
      vertex 48.985 36.835 3
      vertex 54 34.45 4.66
      vertex 51.615 36.835 3
    endloop
  endfacet
  facet normal 0 0.571266 0.820765
    outer loop
      vertex 54 34.45 4.66
      vertex 48.985 36.835 3
      vertex 46.6 34.45 4.66
    endloop
  endfacet
  facet normal 0 -1 0
    outer loop
      vertex 46.6 41.85 4.66
      vertex 54 41.85 4.67
      vertex 46.6 41.85 4.67
    endloop
  endfacet
  facet normal 0 -1 -0
    outer loop
      vertex 54 41.85 4.67
      vertex 46.6 41.85 4.66
      vertex 54 41.85 4.66
    endloop
  endfacet
  facet normal 0 -0.571266 0.820765
    outer loop
      vertex 54 41.85 4.66
      vertex 48.985 39.465 3
      vertex 51.615 39.465 3
    endloop
  endfacet
  facet normal 0 -0.571266 0.820765
    outer loop
      vertex 48.985 39.465 3
      vertex 54 41.85 4.66
      vertex 46.6 41.85 4.66
    endloop
  endfacet
  facet normal -0.571266 0 0.820765
    outer loop
      vertex 51.615 39.465 3
      vertex 54 34.45 4.66
      vertex 54 41.85 4.66
    endloop
  endfacet
  facet normal -0.571266 0 0.820765
    outer loop
      vertex 54 34.45 4.66
      vertex 51.615 39.465 3
      vertex 51.615 36.835 3
    endloop
  endfacet
  facet normal -1 0 0
    outer loop
      vertex 54 34.45 4.66
      vertex 54 41.85 4.67
      vertex 54 41.85 4.66
    endloop
  endfacet
  facet normal -1 -0 0
    outer loop
      vertex 54 41.85 4.67
      vertex 54 34.45 4.66
      vertex 54 34.45 4.67
    endloop
  endfacet
  facet normal 0.99994 0 0.0109985
    outer loop
      vertex 46.2004 33.2496 41
      vertex 46.6 25.45 4.67
      vertex 46.6 32.85 4.67
    endloop
  endfacet
  facet normal 0.99994 0 0.0109985
    outer loop
      vertex 46.6 25.45 4.67
      vertex 46.2004 33.2496 41
      vertex 46.2004 25.0504 41
    endloop
  endfacet
  facet normal 0 0.99994 0.0109985
    outer loop
      vertex 54 25.45 4.67
      vertex 46.2004 25.0504 41
      vertex 54.3996 25.0504 41
    endloop
  endfacet
  facet normal 0 0.99994 0.0109985
    outer loop
      vertex 46.2004 25.0504 41
      vertex 54 25.45 4.67
      vertex 46.6 25.45 4.67
    endloop
  endfacet
  facet normal 0 -0.99994 0.0109985
    outer loop
      vertex 46.6 32.85 4.67
      vertex 54.3996 33.2496 41
      vertex 46.2004 33.2496 41
    endloop
  endfacet
  facet normal 0 -0.99994 0.0109985
    outer loop
      vertex 54.3996 33.2496 41
      vertex 46.6 32.85 4.67
      vertex 54 32.85 4.67
    endloop
  endfacet
  facet normal -0.99994 0 0.0109985
    outer loop
      vertex 54 25.45 4.67
      vertex 54.3996 33.2496 41
      vertex 54 32.85 4.67
    endloop
  endfacet
  facet normal -0.99994 0 0.0109985
    outer loop
      vertex 54.3996 33.2496 41
      vertex 54 25.45 4.67
      vertex 54.3996 25.0504 41
    endloop
  endfacet
  facet normal 0 1 -0
    outer loop
      vertex 54 25.45 4.66
      vertex 46.6 25.45 4.67
      vertex 54 25.45 4.67
    endloop
  endfacet
  facet normal 0 1 0
    outer loop
      vertex 46.6 25.45 4.67
      vertex 54 25.45 4.66
      vertex 46.6 25.45 4.66
    endloop
  endfacet
  facet normal -0 0 1
    outer loop
      vertex 48.985 30.465 3
      vertex 51.615 27.835 3
      vertex 51.615 30.465 3
    endloop
  endfacet
  facet normal 0 0 1
    outer loop
      vertex 51.615 27.835 3
      vertex 48.985 30.465 3
      vertex 48.985 27.835 3
    endloop
  endfacet
  facet normal 1 -0 0
    outer loop
      vertex 46.6 25.45 4.67
      vertex 46.6 32.85 4.66
      vertex 46.6 32.85 4.67
    endloop
  endfacet
  facet normal 1 0 0
    outer loop
      vertex 46.6 32.85 4.66
      vertex 46.6 25.45 4.67
      vertex 46.6 25.45 4.66
    endloop
  endfacet
  facet normal 0.571266 0 0.820765
    outer loop
      vertex 46.6 32.85 4.66
      vertex 48.985 27.835 3
      vertex 48.985 30.465 3
    endloop
  endfacet
  facet normal 0.571266 0 0.820765
    outer loop
      vertex 48.985 27.835 3
      vertex 46.6 32.85 4.66
      vertex 46.6 25.45 4.66
    endloop
  endfacet
  facet normal -0 0.571266 0.820765
    outer loop
      vertex 48.985 27.835 3
      vertex 54 25.45 4.66
      vertex 51.615 27.835 3
    endloop
  endfacet
  facet normal 0 0.571266 0.820765
    outer loop
      vertex 54 25.45 4.66
      vertex 48.985 27.835 3
      vertex 46.6 25.45 4.66
    endloop
  endfacet
  facet normal 0 -1 0
    outer loop
      vertex 46.6 32.85 4.66
      vertex 54 32.85 4.67
      vertex 46.6 32.85 4.67
    endloop
  endfacet
  facet normal 0 -1 -0
    outer loop
      vertex 54 32.85 4.67
      vertex 46.6 32.85 4.66
      vertex 54 32.85 4.66
    endloop
  endfacet
  facet normal 0 -0.571266 0.820765
    outer loop
      vertex 54 32.85 4.66
      vertex 48.985 30.465 3
      vertex 51.615 30.465 3
    endloop
  endfacet
  facet normal 0 -0.571266 0.820765
    outer loop
      vertex 48.985 30.465 3
      vertex 54 32.85 4.66
      vertex 46.6 32.85 4.66
    endloop
  endfacet
  facet normal -0.571266 0 0.820765
    outer loop
      vertex 51.615 30.465 3
      vertex 54 25.45 4.66
      vertex 54 32.85 4.66
    endloop
  endfacet
  facet normal -0.571266 0 0.820765
    outer loop
      vertex 54 25.45 4.66
      vertex 51.615 30.465 3
      vertex 51.615 27.835 3
    endloop
  endfacet
  facet normal -1 0 0
    outer loop
      vertex 54 25.45 4.66
      vertex 54 32.85 4.67
      vertex 54 32.85 4.66
    endloop
  endfacet
  facet normal -1 -0 0
    outer loop
      vertex 54 32.85 4.67
      vertex 54 25.45 4.66
      vertex 54 25.45 4.67
    endloop
  endfacet
  facet normal 0.99994 0 0.0109985
    outer loop
      vertex 46.2004 24.2496 41
      vertex 46.6 16.45 4.67
      vertex 46.6 23.85 4.67
    endloop
  endfacet
  facet normal 0.99994 0 0.0109985
    outer loop
      vertex 46.6 16.45 4.67
      vertex 46.2004 24.2496 41
      vertex 46.2004 16.0504 41
    endloop
  endfacet
  facet normal 0 0.99994 0.0109985
    outer loop
      vertex 54 16.45 4.67
      vertex 46.2004 16.0504 41
      vertex 54.3996 16.0504 41
    endloop
  endfacet
  facet normal 0 0.99994 0.0109985
    outer loop
      vertex 46.2004 16.0504 41
      vertex 54 16.45 4.67
      vertex 46.6 16.45 4.67
    endloop
  endfacet
  facet normal 0 -0.99994 0.0109985
    outer loop
      vertex 46.6 23.85 4.67
      vertex 54.3996 24.2496 41
      vertex 46.2004 24.2496 41
    endloop
  endfacet
  facet normal 0 -0.99994 0.0109985
    outer loop
      vertex 54.3996 24.2496 41
      vertex 46.6 23.85 4.67
      vertex 54 23.85 4.67
    endloop
  endfacet
  facet normal -0.99994 0 0.0109985
    outer loop
      vertex 54 16.45 4.67
      vertex 54.3996 24.2496 41
      vertex 54 23.85 4.67
    endloop
  endfacet
  facet normal -0.99994 0 0.0109985
    outer loop
      vertex 54.3996 24.2496 41
      vertex 54 16.45 4.67
      vertex 54.3996 16.0504 41
    endloop
  endfacet
  facet normal 0 1 -0
    outer loop
      vertex 54 16.45 4.66
      vertex 46.6 16.45 4.67
      vertex 54 16.45 4.67
    endloop
  endfacet
  facet normal 0 1 0
    outer loop
      vertex 46.6 16.45 4.67
      vertex 54 16.45 4.66
      vertex 46.6 16.45 4.66
    endloop
  endfacet
  facet normal -0 0 1
    outer loop
      vertex 48.985 21.465 3
      vertex 51.615 18.835 3
      vertex 51.615 21.465 3
    endloop
  endfacet
  facet normal 0 0 1
    outer loop
      vertex 51.615 18.835 3
      vertex 48.985 21.465 3
      vertex 48.985 18.835 3
    endloop
  endfacet
  facet normal 1 -0 0
    outer loop
      vertex 46.6 16.45 4.67
      vertex 46.6 23.85 4.66
      vertex 46.6 23.85 4.67
    endloop
  endfacet
  facet normal 1 0 0
    outer loop
      vertex 46.6 23.85 4.66
      vertex 46.6 16.45 4.67
      vertex 46.6 16.45 4.66
    endloop
  endfacet
  facet normal 0.571266 0 0.820765
    outer loop
      vertex 46.6 23.85 4.66
      vertex 48.985 18.835 3
      vertex 48.985 21.465 3
    endloop
  endfacet
  facet normal 0.571266 0 0.820765
    outer loop
      vertex 48.985 18.835 3
      vertex 46.6 23.85 4.66
      vertex 46.6 16.45 4.66
    endloop
  endfacet
  facet normal -0 0.571266 0.820765
    outer loop
      vertex 48.985 18.835 3
      vertex 54 16.45 4.66
      vertex 51.615 18.835 3
    endloop
  endfacet
  facet normal 0 0.571266 0.820765
    outer loop
      vertex 54 16.45 4.66
      vertex 48.985 18.835 3
      vertex 46.6 16.45 4.66
    endloop
  endfacet
  facet normal 0 -1 0
    outer loop
      vertex 46.6 23.85 4.66
      vertex 54 23.85 4.67
      vertex 46.6 23.85 4.67
    endloop
  endfacet
  facet normal 0 -1 -0
    outer loop
      vertex 54 23.85 4.67
      vertex 46.6 23.85 4.66
      vertex 54 23.85 4.66
    endloop
  endfacet
  facet normal 0 -0.571266 0.820765
    outer loop
      vertex 54 23.85 4.66
      vertex 48.985 21.465 3
      vertex 51.615 21.465 3
    endloop
  endfacet
  facet normal 0 -0.571266 0.820765
    outer loop
      vertex 48.985 21.465 3
      vertex 54 23.85 4.66
      vertex 46.6 23.85 4.66
    endloop
  endfacet
  facet normal -0.571266 0 0.820765
    outer loop
      vertex 51.615 21.465 3
      vertex 54 16.45 4.66
      vertex 54 23.85 4.66
    endloop
  endfacet
  facet normal -0.571266 0 0.820765
    outer loop
      vertex 54 16.45 4.66
      vertex 51.615 21.465 3
      vertex 51.615 18.835 3
    endloop
  endfacet
  facet normal -1 0 0
    outer loop
      vertex 54 16.45 4.66
      vertex 54 23.85 4.67
      vertex 54 23.85 4.66
    endloop
  endfacet
  facet normal -1 -0 0
    outer loop
      vertex 54 23.85 4.67
      vertex 54 16.45 4.66
      vertex 54 16.45 4.67
    endloop
  endfacet
  facet normal 0.99994 0 0.0109985
    outer loop
      vertex 46.2004 15.2496 41
      vertex 46.6 7.45 4.67
      vertex 46.6 14.85 4.67
    endloop
  endfacet
  facet normal 0.99994 0 0.0109985
    outer loop
      vertex 46.6 7.45 4.67
      vertex 46.2004 15.2496 41
      vertex 46.2004 7.05044 41
    endloop
  endfacet
  facet normal 0 0.99994 0.0109974
    outer loop
      vertex 54 7.45 4.67
      vertex 46.2004 7.05044 41
      vertex 54.3996 7.05044 41
    endloop
  endfacet
  facet normal 0 0.99994 0.0109974
    outer loop
      vertex 46.2004 7.05044 41
      vertex 54 7.45 4.67
      vertex 46.6 7.45 4.67
    endloop
  endfacet
  facet normal 0 -0.99994 0.0109985
    outer loop
      vertex 46.6 14.85 4.67
      vertex 54.3996 15.2496 41
      vertex 46.2004 15.2496 41
    endloop
  endfacet
  facet normal 0 -0.99994 0.0109985
    outer loop
      vertex 54.3996 15.2496 41
      vertex 46.6 14.85 4.67
      vertex 54 14.85 4.67
    endloop
  endfacet
  facet normal -0.99994 0 0.0109985
    outer loop
      vertex 54 7.45 4.67
      vertex 54.3996 15.2496 41
      vertex 54 14.85 4.67
    endloop
  endfacet
  facet normal -0.99994 0 0.0109985
    outer loop
      vertex 54.3996 15.2496 41
      vertex 54 7.45 4.67
      vertex 54.3996 7.05044 41
    endloop
  endfacet
  facet normal 0 1 -0
    outer loop
      vertex 54 7.45 4.66
      vertex 46.6 7.45 4.67
      vertex 54 7.45 4.67
    endloop
  endfacet
  facet normal 0 1 0
    outer loop
      vertex 46.6 7.45 4.67
      vertex 54 7.45 4.66
      vertex 46.6 7.45 4.66
    endloop
  endfacet
  facet normal -0 0 1
    outer loop
      vertex 48.985 12.465 3
      vertex 51.615 9.835 3
      vertex 51.615 12.465 3
    endloop
  endfacet
  facet normal 0 0 1
    outer loop
      vertex 51.615 9.835 3
      vertex 48.985 12.465 3
      vertex 48.985 9.835 3
    endloop
  endfacet
  facet normal 1 -0 0
    outer loop
      vertex 46.6 7.45 4.67
      vertex 46.6 14.85 4.66
      vertex 46.6 14.85 4.67
    endloop
  endfacet
  facet normal 1 0 0
    outer loop
      vertex 46.6 14.85 4.66
      vertex 46.6 7.45 4.67
      vertex 46.6 7.45 4.66
    endloop
  endfacet
  facet normal 0.571266 0 0.820765
    outer loop
      vertex 46.6 14.85 4.66
      vertex 48.985 9.835 3
      vertex 48.985 12.465 3
    endloop
  endfacet
  facet normal 0.571266 0 0.820765
    outer loop
      vertex 48.985 9.835 3
      vertex 46.6 14.85 4.66
      vertex 46.6 7.45 4.66
    endloop
  endfacet
  facet normal -0 0.571266 0.820765
    outer loop
      vertex 48.985 9.835 3
      vertex 54 7.45 4.66
      vertex 51.615 9.835 3
    endloop
  endfacet
  facet normal 0 0.571266 0.820765
    outer loop
      vertex 54 7.45 4.66
      vertex 48.985 9.835 3
      vertex 46.6 7.45 4.66
    endloop
  endfacet
  facet normal 0 -1 0
    outer loop
      vertex 46.6 14.85 4.66
      vertex 54 14.85 4.67
      vertex 46.6 14.85 4.67
    endloop
  endfacet
  facet normal 0 -1 -0
    outer loop
      vertex 54 14.85 4.67
      vertex 46.6 14.85 4.66
      vertex 54 14.85 4.66
    endloop
  endfacet
  facet normal 0 -0.571266 0.820765
    outer loop
      vertex 54 14.85 4.66
      vertex 48.985 12.465 3
      vertex 51.615 12.465 3
    endloop
  endfacet
  facet normal 0 -0.571266 0.820765
    outer loop
      vertex 48.985 12.465 3
      vertex 54 14.85 4.66
      vertex 46.6 14.85 4.66
    endloop
  endfacet
  facet normal -0.571266 0 0.820765
    outer loop
      vertex 51.615 12.465 3
      vertex 54 7.45 4.66
      vertex 54 14.85 4.66
    endloop
  endfacet
  facet normal -0.571266 0 0.820765
    outer loop
      vertex 54 7.45 4.66
      vertex 51.615 12.465 3
      vertex 51.615 9.835 3
    endloop
  endfacet
  facet normal -1 0 0
    outer loop
      vertex 54 7.45 4.66
      vertex 54 14.85 4.67
      vertex 54 14.85 4.66
    endloop
  endfacet
  facet normal -1 -0 0
    outer loop
      vertex 54 14.85 4.67
      vertex 54 7.45 4.66
      vertex 54 7.45 4.67
    endloop
  endfacet
  facet normal 0.99994 0 0.0109985
    outer loop
      vertex 55.2004 78.2496 41
      vertex 55.6 70.45 4.67
      vertex 55.6 77.85 4.67
    endloop
  endfacet
  facet normal 0.99994 0 0.0109985
    outer loop
      vertex 55.6 70.45 4.67
      vertex 55.2004 78.2496 41
      vertex 55.2004 70.0504 41
    endloop
  endfacet
  facet normal 0 0.99994 0.0109985
    outer loop
      vertex 63 70.45 4.67
      vertex 55.2004 70.0504 41
      vertex 63.3996 70.0504 41
    endloop
  endfacet
  facet normal 0 0.99994 0.0109985
    outer loop
      vertex 55.2004 70.0504 41
      vertex 63 70.45 4.67
      vertex 55.6 70.45 4.67
    endloop
  endfacet
  facet normal 0 -0.99994 0.0109985
    outer loop
      vertex 55.6 77.85 4.67
      vertex 63.3996 78.2496 41
      vertex 55.2004 78.2496 41
    endloop
  endfacet
  facet normal 0 -0.99994 0.0109985
    outer loop
      vertex 63.3996 78.2496 41
      vertex 55.6 77.85 4.67
      vertex 63 77.85 4.67
    endloop
  endfacet
  facet normal -0.99994 0 0.0109985
    outer loop
      vertex 63 70.45 4.67
      vertex 63.3996 78.2496 41
      vertex 63 77.85 4.67
    endloop
  endfacet
  facet normal -0.99994 0 0.0109985
    outer loop
      vertex 63.3996 78.2496 41
      vertex 63 70.45 4.67
      vertex 63.3996 70.0504 41
    endloop
  endfacet
  facet normal 0 1 -0
    outer loop
      vertex 63 70.45 4.66
      vertex 55.6 70.45 4.67
      vertex 63 70.45 4.67
    endloop
  endfacet
  facet normal 0 1 0
    outer loop
      vertex 55.6 70.45 4.67
      vertex 63 70.45 4.66
      vertex 55.6 70.45 4.66
    endloop
  endfacet
  facet normal -0 0 1
    outer loop
      vertex 57.985 75.465 3
      vertex 60.615 72.835 3
      vertex 60.615 75.465 3
    endloop
  endfacet
  facet normal 0 0 1
    outer loop
      vertex 60.615 72.835 3
      vertex 57.985 75.465 3
      vertex 57.985 72.835 3
    endloop
  endfacet
  facet normal 1 -0 0
    outer loop
      vertex 55.6 70.45 4.67
      vertex 55.6 77.85 4.66
      vertex 55.6 77.85 4.67
    endloop
  endfacet
  facet normal 1 0 0
    outer loop
      vertex 55.6 77.85 4.66
      vertex 55.6 70.45 4.67
      vertex 55.6 70.45 4.66
    endloop
  endfacet
  facet normal 0.571266 0 0.820765
    outer loop
      vertex 55.6 77.85 4.66
      vertex 57.985 72.835 3
      vertex 57.985 75.465 3
    endloop
  endfacet
  facet normal 0.571266 0 0.820765
    outer loop
      vertex 57.985 72.835 3
      vertex 55.6 77.85 4.66
      vertex 55.6 70.45 4.66
    endloop
  endfacet
  facet normal -0 0.571266 0.820765
    outer loop
      vertex 57.985 72.835 3
      vertex 63 70.45 4.66
      vertex 60.615 72.835 3
    endloop
  endfacet
  facet normal 0 0.571266 0.820765
    outer loop
      vertex 63 70.45 4.66
      vertex 57.985 72.835 3
      vertex 55.6 70.45 4.66
    endloop
  endfacet
  facet normal 0 -1 0
    outer loop
      vertex 55.6 77.85 4.66
      vertex 63 77.85 4.67
      vertex 55.6 77.85 4.67
    endloop
  endfacet
  facet normal 0 -1 -0
    outer loop
      vertex 63 77.85 4.67
      vertex 55.6 77.85 4.66
      vertex 63 77.85 4.66
    endloop
  endfacet
  facet normal 0 -0.571266 0.820765
    outer loop
      vertex 63 77.85 4.66
      vertex 57.985 75.465 3
      vertex 60.615 75.465 3
    endloop
  endfacet
  facet normal 0 -0.571266 0.820765
    outer loop
      vertex 57.985 75.465 3
      vertex 63 77.85 4.66
      vertex 55.6 77.85 4.66
    endloop
  endfacet
  facet normal -0.571266 0 0.820765
    outer loop
      vertex 60.615 75.465 3
      vertex 63 70.45 4.66
      vertex 63 77.85 4.66
    endloop
  endfacet
  facet normal -0.571266 0 0.820765
    outer loop
      vertex 63 70.45 4.66
      vertex 60.615 75.465 3
      vertex 60.615 72.835 3
    endloop
  endfacet
  facet normal -1 0 0
    outer loop
      vertex 63 70.45 4.66
      vertex 63 77.85 4.67
      vertex 63 77.85 4.66
    endloop
  endfacet
  facet normal -1 -0 0
    outer loop
      vertex 63 77.85 4.67
      vertex 63 70.45 4.66
      vertex 63 70.45 4.67
    endloop
  endfacet
  facet normal 0.99994 0 0.0109985
    outer loop
      vertex 55.2004 69.2496 41
      vertex 55.6 61.45 4.67
      vertex 55.6 68.85 4.67
    endloop
  endfacet
  facet normal 0.99994 0 0.0109985
    outer loop
      vertex 55.6 61.45 4.67
      vertex 55.2004 69.2496 41
      vertex 55.2004 61.0504 41
    endloop
  endfacet
  facet normal 0 0.99994 0.0109985
    outer loop
      vertex 63 61.45 4.67
      vertex 55.2004 61.0504 41
      vertex 63.3996 61.0504 41
    endloop
  endfacet
  facet normal 0 0.99994 0.0109985
    outer loop
      vertex 55.2004 61.0504 41
      vertex 63 61.45 4.67
      vertex 55.6 61.45 4.67
    endloop
  endfacet
  facet normal 0 -0.99994 0.0109985
    outer loop
      vertex 55.6 68.85 4.67
      vertex 63.3996 69.2496 41
      vertex 55.2004 69.2496 41
    endloop
  endfacet
  facet normal 0 -0.99994 0.0109985
    outer loop
      vertex 63.3996 69.2496 41
      vertex 55.6 68.85 4.67
      vertex 63 68.85 4.67
    endloop
  endfacet
  facet normal -0.99994 0 0.0109985
    outer loop
      vertex 63 61.45 4.67
      vertex 63.3996 69.2496 41
      vertex 63 68.85 4.67
    endloop
  endfacet
  facet normal -0.99994 0 0.0109985
    outer loop
      vertex 63.3996 69.2496 41
      vertex 63 61.45 4.67
      vertex 63.3996 61.0504 41
    endloop
  endfacet
  facet normal 0 1 -0
    outer loop
      vertex 63 61.45 4.66
      vertex 55.6 61.45 4.67
      vertex 63 61.45 4.67
    endloop
  endfacet
  facet normal 0 1 0
    outer loop
      vertex 55.6 61.45 4.67
      vertex 63 61.45 4.66
      vertex 55.6 61.45 4.66
    endloop
  endfacet
  facet normal -0 0 1
    outer loop
      vertex 57.985 66.465 3
      vertex 60.615 63.835 3
      vertex 60.615 66.465 3
    endloop
  endfacet
  facet normal 0 0 1
    outer loop
      vertex 60.615 63.835 3
      vertex 57.985 66.465 3
      vertex 57.985 63.835 3
    endloop
  endfacet
  facet normal 1 -0 0
    outer loop
      vertex 55.6 61.45 4.67
      vertex 55.6 68.85 4.66
      vertex 55.6 68.85 4.67
    endloop
  endfacet
  facet normal 1 0 0
    outer loop
      vertex 55.6 68.85 4.66
      vertex 55.6 61.45 4.67
      vertex 55.6 61.45 4.66
    endloop
  endfacet
  facet normal 0.571266 0 0.820765
    outer loop
      vertex 55.6 68.85 4.66
      vertex 57.985 63.835 3
      vertex 57.985 66.465 3
    endloop
  endfacet
  facet normal 0.571266 0 0.820765
    outer loop
      vertex 57.985 63.835 3
      vertex 55.6 68.85 4.66
      vertex 55.6 61.45 4.66
    endloop
  endfacet
  facet normal -0 0.571266 0.820765
    outer loop
      vertex 57.985 63.835 3
      vertex 63 61.45 4.66
      vertex 60.615 63.835 3
    endloop
  endfacet
  facet normal 0 0.571266 0.820765
    outer loop
      vertex 63 61.45 4.66
      vertex 57.985 63.835 3
      vertex 55.6 61.45 4.66
    endloop
  endfacet
  facet normal 0 -1 0
    outer loop
      vertex 55.6 68.85 4.66
      vertex 63 68.85 4.67
      vertex 55.6 68.85 4.67
    endloop
  endfacet
  facet normal 0 -1 -0
    outer loop
      vertex 63 68.85 4.67
      vertex 55.6 68.85 4.66
      vertex 63 68.85 4.66
    endloop
  endfacet
  facet normal 0 -0.571266 0.820765
    outer loop
      vertex 63 68.85 4.66
      vertex 57.985 66.465 3
      vertex 60.615 66.465 3
    endloop
  endfacet
  facet normal 0 -0.571266 0.820765
    outer loop
      vertex 57.985 66.465 3
      vertex 63 68.85 4.66
      vertex 55.6 68.85 4.66
    endloop
  endfacet
  facet normal -0.571266 0 0.820765
    outer loop
      vertex 60.615 66.465 3
      vertex 63 61.45 4.66
      vertex 63 68.85 4.66
    endloop
  endfacet
  facet normal -0.571266 0 0.820765
    outer loop
      vertex 63 61.45 4.66
      vertex 60.615 66.465 3
      vertex 60.615 63.835 3
    endloop
  endfacet
  facet normal -1 0 0
    outer loop
      vertex 63 61.45 4.66
      vertex 63 68.85 4.67
      vertex 63 68.85 4.66
    endloop
  endfacet
  facet normal -1 -0 0
    outer loop
      vertex 63 68.85 4.67
      vertex 63 61.45 4.66
      vertex 63 61.45 4.67
    endloop
  endfacet
  facet normal 0.99994 0 0.0109985
    outer loop
      vertex 55.2004 60.2496 41
      vertex 55.6 52.45 4.67
      vertex 55.6 59.85 4.67
    endloop
  endfacet
  facet normal 0.99994 0 0.0109985
    outer loop
      vertex 55.6 52.45 4.67
      vertex 55.2004 60.2496 41
      vertex 55.2004 52.0504 41
    endloop
  endfacet
  facet normal 0 0.99994 0.0109985
    outer loop
      vertex 63 52.45 4.67
      vertex 55.2004 52.0504 41
      vertex 63.3996 52.0504 41
    endloop
  endfacet
  facet normal 0 0.99994 0.0109985
    outer loop
      vertex 55.2004 52.0504 41
      vertex 63 52.45 4.67
      vertex 55.6 52.45 4.67
    endloop
  endfacet
  facet normal 0 -0.99994 0.0109985
    outer loop
      vertex 55.6 59.85 4.67
      vertex 63.3996 60.2496 41
      vertex 55.2004 60.2496 41
    endloop
  endfacet
  facet normal 0 -0.99994 0.0109985
    outer loop
      vertex 63.3996 60.2496 41
      vertex 55.6 59.85 4.67
      vertex 63 59.85 4.67
    endloop
  endfacet
  facet normal -0.99994 0 0.0109985
    outer loop
      vertex 63 52.45 4.67
      vertex 63.3996 60.2496 41
      vertex 63 59.85 4.67
    endloop
  endfacet
  facet normal -0.99994 0 0.0109985
    outer loop
      vertex 63.3996 60.2496 41
      vertex 63 52.45 4.67
      vertex 63.3996 52.0504 41
    endloop
  endfacet
  facet normal 0 1 -0
    outer loop
      vertex 63 52.45 4.66
      vertex 55.6 52.45 4.67
      vertex 63 52.45 4.67
    endloop
  endfacet
  facet normal 0 1 0
    outer loop
      vertex 55.6 52.45 4.67
      vertex 63 52.45 4.66
      vertex 55.6 52.45 4.66
    endloop
  endfacet
  facet normal -0 0 1
    outer loop
      vertex 57.985 57.465 3
      vertex 60.615 54.835 3
      vertex 60.615 57.465 3
    endloop
  endfacet
  facet normal 0 0 1
    outer loop
      vertex 60.615 54.835 3
      vertex 57.985 57.465 3
      vertex 57.985 54.835 3
    endloop
  endfacet
  facet normal 1 -0 0
    outer loop
      vertex 55.6 52.45 4.67
      vertex 55.6 59.85 4.66
      vertex 55.6 59.85 4.67
    endloop
  endfacet
  facet normal 1 0 0
    outer loop
      vertex 55.6 59.85 4.66
      vertex 55.6 52.45 4.67
      vertex 55.6 52.45 4.66
    endloop
  endfacet
  facet normal 0.571266 0 0.820765
    outer loop
      vertex 55.6 59.85 4.66
      vertex 57.985 54.835 3
      vertex 57.985 57.465 3
    endloop
  endfacet
  facet normal 0.571266 0 0.820765
    outer loop
      vertex 57.985 54.835 3
      vertex 55.6 59.85 4.66
      vertex 55.6 52.45 4.66
    endloop
  endfacet
  facet normal -0 0.571266 0.820765
    outer loop
      vertex 57.985 54.835 3
      vertex 63 52.45 4.66
      vertex 60.615 54.835 3
    endloop
  endfacet
  facet normal 0 0.571266 0.820765
    outer loop
      vertex 63 52.45 4.66
      vertex 57.985 54.835 3
      vertex 55.6 52.45 4.66
    endloop
  endfacet
  facet normal 0 -1 0
    outer loop
      vertex 55.6 59.85 4.66
      vertex 63 59.85 4.67
      vertex 55.6 59.85 4.67
    endloop
  endfacet
  facet normal 0 -1 -0
    outer loop
      vertex 63 59.85 4.67
      vertex 55.6 59.85 4.66
      vertex 63 59.85 4.66
    endloop
  endfacet
  facet normal 0 -0.571266 0.820765
    outer loop
      vertex 63 59.85 4.66
      vertex 57.985 57.465 3
      vertex 60.615 57.465 3
    endloop
  endfacet
  facet normal 0 -0.571266 0.820765
    outer loop
      vertex 57.985 57.465 3
      vertex 63 59.85 4.66
      vertex 55.6 59.85 4.66
    endloop
  endfacet
  facet normal -0.571266 0 0.820765
    outer loop
      vertex 60.615 57.465 3
      vertex 63 52.45 4.66
      vertex 63 59.85 4.66
    endloop
  endfacet
  facet normal -0.571266 0 0.820765
    outer loop
      vertex 63 52.45 4.66
      vertex 60.615 57.465 3
      vertex 60.615 54.835 3
    endloop
  endfacet
  facet normal -1 0 0
    outer loop
      vertex 63 52.45 4.66
      vertex 63 59.85 4.67
      vertex 63 59.85 4.66
    endloop
  endfacet
  facet normal -1 -0 0
    outer loop
      vertex 63 59.85 4.67
      vertex 63 52.45 4.66
      vertex 63 52.45 4.67
    endloop
  endfacet
  facet normal 0.99994 0 0.0109985
    outer loop
      vertex 55.2004 51.2496 41
      vertex 55.6 43.45 4.67
      vertex 55.6 50.85 4.67
    endloop
  endfacet
  facet normal 0.99994 0 0.0109985
    outer loop
      vertex 55.6 43.45 4.67
      vertex 55.2004 51.2496 41
      vertex 55.2004 43.0504 41
    endloop
  endfacet
  facet normal 0 0.99994 0.0109985
    outer loop
      vertex 63 43.45 4.67
      vertex 55.2004 43.0504 41
      vertex 63.3996 43.0504 41
    endloop
  endfacet
  facet normal 0 0.99994 0.0109985
    outer loop
      vertex 55.2004 43.0504 41
      vertex 63 43.45 4.67
      vertex 55.6 43.45 4.67
    endloop
  endfacet
  facet normal 0 -0.99994 0.0109985
    outer loop
      vertex 55.6 50.85 4.67
      vertex 63.3996 51.2496 41
      vertex 55.2004 51.2496 41
    endloop
  endfacet
  facet normal 0 -0.99994 0.0109985
    outer loop
      vertex 63.3996 51.2496 41
      vertex 55.6 50.85 4.67
      vertex 63 50.85 4.67
    endloop
  endfacet
  facet normal -0.99994 0 0.0109985
    outer loop
      vertex 63 43.45 4.67
      vertex 63.3996 51.2496 41
      vertex 63 50.85 4.67
    endloop
  endfacet
  facet normal -0.99994 0 0.0109985
    outer loop
      vertex 63.3996 51.2496 41
      vertex 63 43.45 4.67
      vertex 63.3996 43.0504 41
    endloop
  endfacet
  facet normal 0 1 -0
    outer loop
      vertex 63 43.45 4.66
      vertex 55.6 43.45 4.67
      vertex 63 43.45 4.67
    endloop
  endfacet
  facet normal 0 1 0
    outer loop
      vertex 55.6 43.45 4.67
      vertex 63 43.45 4.66
      vertex 55.6 43.45 4.66
    endloop
  endfacet
  facet normal -0 0 1
    outer loop
      vertex 57.985 48.465 3
      vertex 60.615 45.835 3
      vertex 60.615 48.465 3
    endloop
  endfacet
  facet normal 0 0 1
    outer loop
      vertex 60.615 45.835 3
      vertex 57.985 48.465 3
      vertex 57.985 45.835 3
    endloop
  endfacet
  facet normal 1 -0 0
    outer loop
      vertex 55.6 43.45 4.67
      vertex 55.6 50.85 4.66
      vertex 55.6 50.85 4.67
    endloop
  endfacet
  facet normal 1 0 0
    outer loop
      vertex 55.6 50.85 4.66
      vertex 55.6 43.45 4.67
      vertex 55.6 43.45 4.66
    endloop
  endfacet
  facet normal 0.571266 0 0.820765
    outer loop
      vertex 55.6 50.85 4.66
      vertex 57.985 45.835 3
      vertex 57.985 48.465 3
    endloop
  endfacet
  facet normal 0.571266 0 0.820765
    outer loop
      vertex 57.985 45.835 3
      vertex 55.6 50.85 4.66
      vertex 55.6 43.45 4.66
    endloop
  endfacet
  facet normal -0 0.571266 0.820765
    outer loop
      vertex 57.985 45.835 3
      vertex 63 43.45 4.66
      vertex 60.615 45.835 3
    endloop
  endfacet
  facet normal 0 0.571266 0.820765
    outer loop
      vertex 63 43.45 4.66
      vertex 57.985 45.835 3
      vertex 55.6 43.45 4.66
    endloop
  endfacet
  facet normal 0 -1 0
    outer loop
      vertex 55.6 50.85 4.66
      vertex 63 50.85 4.67
      vertex 55.6 50.85 4.67
    endloop
  endfacet
  facet normal 0 -1 -0
    outer loop
      vertex 63 50.85 4.67
      vertex 55.6 50.85 4.66
      vertex 63 50.85 4.66
    endloop
  endfacet
  facet normal 0 -0.571266 0.820765
    outer loop
      vertex 63 50.85 4.66
      vertex 57.985 48.465 3
      vertex 60.615 48.465 3
    endloop
  endfacet
  facet normal 0 -0.571266 0.820765
    outer loop
      vertex 57.985 48.465 3
      vertex 63 50.85 4.66
      vertex 55.6 50.85 4.66
    endloop
  endfacet
  facet normal -0.571266 0 0.820765
    outer loop
      vertex 60.615 48.465 3
      vertex 63 43.45 4.66
      vertex 63 50.85 4.66
    endloop
  endfacet
  facet normal -0.571266 0 0.820765
    outer loop
      vertex 63 43.45 4.66
      vertex 60.615 48.465 3
      vertex 60.615 45.835 3
    endloop
  endfacet
  facet normal -1 0 0
    outer loop
      vertex 63 43.45 4.66
      vertex 63 50.85 4.67
      vertex 63 50.85 4.66
    endloop
  endfacet
  facet normal -1 -0 0
    outer loop
      vertex 63 50.85 4.67
      vertex 63 43.45 4.66
      vertex 63 43.45 4.67
    endloop
  endfacet
  facet normal 0.99994 0 0.0109985
    outer loop
      vertex 55.2004 42.2496 41
      vertex 55.6 34.45 4.67
      vertex 55.6 41.85 4.67
    endloop
  endfacet
  facet normal 0.99994 0 0.0109985
    outer loop
      vertex 55.6 34.45 4.67
      vertex 55.2004 42.2496 41
      vertex 55.2004 34.0504 41
    endloop
  endfacet
  facet normal 0 0.99994 0.0109985
    outer loop
      vertex 63 34.45 4.67
      vertex 55.2004 34.0504 41
      vertex 63.3996 34.0504 41
    endloop
  endfacet
  facet normal 0 0.99994 0.0109985
    outer loop
      vertex 55.2004 34.0504 41
      vertex 63 34.45 4.67
      vertex 55.6 34.45 4.67
    endloop
  endfacet
  facet normal 0 -0.99994 0.0109985
    outer loop
      vertex 55.6 41.85 4.67
      vertex 63.3996 42.2496 41
      vertex 55.2004 42.2496 41
    endloop
  endfacet
  facet normal 0 -0.99994 0.0109985
    outer loop
      vertex 63.3996 42.2496 41
      vertex 55.6 41.85 4.67
      vertex 63 41.85 4.67
    endloop
  endfacet
  facet normal -0.99994 0 0.0109985
    outer loop
      vertex 63 34.45 4.67
      vertex 63.3996 42.2496 41
      vertex 63 41.85 4.67
    endloop
  endfacet
  facet normal -0.99994 0 0.0109985
    outer loop
      vertex 63.3996 42.2496 41
      vertex 63 34.45 4.67
      vertex 63.3996 34.0504 41
    endloop
  endfacet
  facet normal 0 1 -0
    outer loop
      vertex 63 34.45 4.66
      vertex 55.6 34.45 4.67
      vertex 63 34.45 4.67
    endloop
  endfacet
  facet normal 0 1 0
    outer loop
      vertex 55.6 34.45 4.67
      vertex 63 34.45 4.66
      vertex 55.6 34.45 4.66
    endloop
  endfacet
  facet normal -0 0 1
    outer loop
      vertex 57.985 39.465 3
      vertex 60.615 36.835 3
      vertex 60.615 39.465 3
    endloop
  endfacet
  facet normal 0 0 1
    outer loop
      vertex 60.615 36.835 3
      vertex 57.985 39.465 3
      vertex 57.985 36.835 3
    endloop
  endfacet
  facet normal 1 -0 0
    outer loop
      vertex 55.6 34.45 4.67
      vertex 55.6 41.85 4.66
      vertex 55.6 41.85 4.67
    endloop
  endfacet
  facet normal 1 0 0
    outer loop
      vertex 55.6 41.85 4.66
      vertex 55.6 34.45 4.67
      vertex 55.6 34.45 4.66
    endloop
  endfacet
  facet normal 0.571266 0 0.820765
    outer loop
      vertex 55.6 41.85 4.66
      vertex 57.985 36.835 3
      vertex 57.985 39.465 3
    endloop
  endfacet
  facet normal 0.571266 0 0.820765
    outer loop
      vertex 57.985 36.835 3
      vertex 55.6 41.85 4.66
      vertex 55.6 34.45 4.66
    endloop
  endfacet
  facet normal -0 0.571266 0.820765
    outer loop
      vertex 57.985 36.835 3
      vertex 63 34.45 4.66
      vertex 60.615 36.835 3
    endloop
  endfacet
  facet normal 0 0.571266 0.820765
    outer loop
      vertex 63 34.45 4.66
      vertex 57.985 36.835 3
      vertex 55.6 34.45 4.66
    endloop
  endfacet
  facet normal 0 -1 0
    outer loop
      vertex 55.6 41.85 4.66
      vertex 63 41.85 4.67
      vertex 55.6 41.85 4.67
    endloop
  endfacet
  facet normal 0 -1 -0
    outer loop
      vertex 63 41.85 4.67
      vertex 55.6 41.85 4.66
      vertex 63 41.85 4.66
    endloop
  endfacet
  facet normal 0 -0.571266 0.820765
    outer loop
      vertex 63 41.85 4.66
      vertex 57.985 39.465 3
      vertex 60.615 39.465 3
    endloop
  endfacet
  facet normal 0 -0.571266 0.820765
    outer loop
      vertex 57.985 39.465 3
      vertex 63 41.85 4.66
      vertex 55.6 41.85 4.66
    endloop
  endfacet
  facet normal -0.571266 0 0.820765
    outer loop
      vertex 60.615 39.465 3
      vertex 63 34.45 4.66
      vertex 63 41.85 4.66
    endloop
  endfacet
  facet normal -0.571266 0 0.820765
    outer loop
      vertex 63 34.45 4.66
      vertex 60.615 39.465 3
      vertex 60.615 36.835 3
    endloop
  endfacet
  facet normal -1 0 0
    outer loop
      vertex 63 34.45 4.66
      vertex 63 41.85 4.67
      vertex 63 41.85 4.66
    endloop
  endfacet
  facet normal -1 -0 0
    outer loop
      vertex 63 41.85 4.67
      vertex 63 34.45 4.66
      vertex 63 34.45 4.67
    endloop
  endfacet
  facet normal 0.99994 0 0.0109985
    outer loop
      vertex 55.2004 33.2496 41
      vertex 55.6 25.45 4.67
      vertex 55.6 32.85 4.67
    endloop
  endfacet
  facet normal 0.99994 0 0.0109985
    outer loop
      vertex 55.6 25.45 4.67
      vertex 55.2004 33.2496 41
      vertex 55.2004 25.0504 41
    endloop
  endfacet
  facet normal 0 0.99994 0.0109985
    outer loop
      vertex 63 25.45 4.67
      vertex 55.2004 25.0504 41
      vertex 63.3996 25.0504 41
    endloop
  endfacet
  facet normal 0 0.99994 0.0109985
    outer loop
      vertex 55.2004 25.0504 41
      vertex 63 25.45 4.67
      vertex 55.6 25.45 4.67
    endloop
  endfacet
  facet normal 0 -0.99994 0.0109985
    outer loop
      vertex 55.6 32.85 4.67
      vertex 63.3996 33.2496 41
      vertex 55.2004 33.2496 41
    endloop
  endfacet
  facet normal 0 -0.99994 0.0109985
    outer loop
      vertex 63.3996 33.2496 41
      vertex 55.6 32.85 4.67
      vertex 63 32.85 4.67
    endloop
  endfacet
  facet normal -0.99994 0 0.0109985
    outer loop
      vertex 63 25.45 4.67
      vertex 63.3996 33.2496 41
      vertex 63 32.85 4.67
    endloop
  endfacet
  facet normal -0.99994 0 0.0109985
    outer loop
      vertex 63.3996 33.2496 41
      vertex 63 25.45 4.67
      vertex 63.3996 25.0504 41
    endloop
  endfacet
  facet normal 0 1 -0
    outer loop
      vertex 63 25.45 4.66
      vertex 55.6 25.45 4.67
      vertex 63 25.45 4.67
    endloop
  endfacet
  facet normal 0 1 0
    outer loop
      vertex 55.6 25.45 4.67
      vertex 63 25.45 4.66
      vertex 55.6 25.45 4.66
    endloop
  endfacet
  facet normal -0 0 1
    outer loop
      vertex 57.985 30.465 3
      vertex 60.615 27.835 3
      vertex 60.615 30.465 3
    endloop
  endfacet
  facet normal 0 0 1
    outer loop
      vertex 60.615 27.835 3
      vertex 57.985 30.465 3
      vertex 57.985 27.835 3
    endloop
  endfacet
  facet normal 1 -0 0
    outer loop
      vertex 55.6 25.45 4.67
      vertex 55.6 32.85 4.66
      vertex 55.6 32.85 4.67
    endloop
  endfacet
  facet normal 1 0 0
    outer loop
      vertex 55.6 32.85 4.66
      vertex 55.6 25.45 4.67
      vertex 55.6 25.45 4.66
    endloop
  endfacet
  facet normal 0.571266 0 0.820765
    outer loop
      vertex 55.6 32.85 4.66
      vertex 57.985 27.835 3
      vertex 57.985 30.465 3
    endloop
  endfacet
  facet normal 0.571266 0 0.820765
    outer loop
      vertex 57.985 27.835 3
      vertex 55.6 32.85 4.66
      vertex 55.6 25.45 4.66
    endloop
  endfacet
  facet normal -0 0.571266 0.820765
    outer loop
      vertex 57.985 27.835 3
      vertex 63 25.45 4.66
      vertex 60.615 27.835 3
    endloop
  endfacet
  facet normal 0 0.571266 0.820765
    outer loop
      vertex 63 25.45 4.66
      vertex 57.985 27.835 3
      vertex 55.6 25.45 4.66
    endloop
  endfacet
  facet normal 0 -1 0
    outer loop
      vertex 55.6 32.85 4.66
      vertex 63 32.85 4.67
      vertex 55.6 32.85 4.67
    endloop
  endfacet
  facet normal 0 -1 -0
    outer loop
      vertex 63 32.85 4.67
      vertex 55.6 32.85 4.66
      vertex 63 32.85 4.66
    endloop
  endfacet
  facet normal 0 -0.571266 0.820765
    outer loop
      vertex 63 32.85 4.66
      vertex 57.985 30.465 3
      vertex 60.615 30.465 3
    endloop
  endfacet
  facet normal 0 -0.571266 0.820765
    outer loop
      vertex 57.985 30.465 3
      vertex 63 32.85 4.66
      vertex 55.6 32.85 4.66
    endloop
  endfacet
  facet normal -0.571266 0 0.820765
    outer loop
      vertex 60.615 30.465 3
      vertex 63 25.45 4.66
      vertex 63 32.85 4.66
    endloop
  endfacet
  facet normal -0.571266 0 0.820765
    outer loop
      vertex 63 25.45 4.66
      vertex 60.615 30.465 3
      vertex 60.615 27.835 3
    endloop
  endfacet
  facet normal -1 0 0
    outer loop
      vertex 63 25.45 4.66
      vertex 63 32.85 4.67
      vertex 63 32.85 4.66
    endloop
  endfacet
  facet normal -1 -0 0
    outer loop
      vertex 63 32.85 4.67
      vertex 63 25.45 4.66
      vertex 63 25.45 4.67
    endloop
  endfacet
  facet normal 0.99994 0 0.0109985
    outer loop
      vertex 55.2004 24.2496 41
      vertex 55.6 16.45 4.67
      vertex 55.6 23.85 4.67
    endloop
  endfacet
  facet normal 0.99994 0 0.0109985
    outer loop
      vertex 55.6 16.45 4.67
      vertex 55.2004 24.2496 41
      vertex 55.2004 16.0504 41
    endloop
  endfacet
  facet normal 0 0.99994 0.0109985
    outer loop
      vertex 63 16.45 4.67
      vertex 55.2004 16.0504 41
      vertex 63.3996 16.0504 41
    endloop
  endfacet
  facet normal 0 0.99994 0.0109985
    outer loop
      vertex 55.2004 16.0504 41
      vertex 63 16.45 4.67
      vertex 55.6 16.45 4.67
    endloop
  endfacet
  facet normal 0 -0.99994 0.0109985
    outer loop
      vertex 55.6 23.85 4.67
      vertex 63.3996 24.2496 41
      vertex 55.2004 24.2496 41
    endloop
  endfacet
  facet normal 0 -0.99994 0.0109985
    outer loop
      vertex 63.3996 24.2496 41
      vertex 55.6 23.85 4.67
      vertex 63 23.85 4.67
    endloop
  endfacet
  facet normal -0.99994 0 0.0109985
    outer loop
      vertex 63 16.45 4.67
      vertex 63.3996 24.2496 41
      vertex 63 23.85 4.67
    endloop
  endfacet
  facet normal -0.99994 0 0.0109985
    outer loop
      vertex 63.3996 24.2496 41
      vertex 63 16.45 4.67
      vertex 63.3996 16.0504 41
    endloop
  endfacet
  facet normal 0 1 -0
    outer loop
      vertex 63 16.45 4.66
      vertex 55.6 16.45 4.67
      vertex 63 16.45 4.67
    endloop
  endfacet
  facet normal 0 1 0
    outer loop
      vertex 55.6 16.45 4.67
      vertex 63 16.45 4.66
      vertex 55.6 16.45 4.66
    endloop
  endfacet
  facet normal -0 0 1
    outer loop
      vertex 57.985 21.465 3
      vertex 60.615 18.835 3
      vertex 60.615 21.465 3
    endloop
  endfacet
  facet normal 0 0 1
    outer loop
      vertex 60.615 18.835 3
      vertex 57.985 21.465 3
      vertex 57.985 18.835 3
    endloop
  endfacet
  facet normal 1 -0 0
    outer loop
      vertex 55.6 16.45 4.67
      vertex 55.6 23.85 4.66
      vertex 55.6 23.85 4.67
    endloop
  endfacet
  facet normal 1 0 0
    outer loop
      vertex 55.6 23.85 4.66
      vertex 55.6 16.45 4.67
      vertex 55.6 16.45 4.66
    endloop
  endfacet
  facet normal 0.571266 0 0.820765
    outer loop
      vertex 55.6 23.85 4.66
      vertex 57.985 18.835 3
      vertex 57.985 21.465 3
    endloop
  endfacet
  facet normal 0.571266 0 0.820765
    outer loop
      vertex 57.985 18.835 3
      vertex 55.6 23.85 4.66
      vertex 55.6 16.45 4.66
    endloop
  endfacet
  facet normal -0 0.571266 0.820765
    outer loop
      vertex 57.985 18.835 3
      vertex 63 16.45 4.66
      vertex 60.615 18.835 3
    endloop
  endfacet
  facet normal 0 0.571266 0.820765
    outer loop
      vertex 63 16.45 4.66
      vertex 57.985 18.835 3
      vertex 55.6 16.45 4.66
    endloop
  endfacet
  facet normal 0 -1 0
    outer loop
      vertex 55.6 23.85 4.66
      vertex 63 23.85 4.67
      vertex 55.6 23.85 4.67
    endloop
  endfacet
  facet normal 0 -1 -0
    outer loop
      vertex 63 23.85 4.67
      vertex 55.6 23.85 4.66
      vertex 63 23.85 4.66
    endloop
  endfacet
  facet normal 0 -0.571266 0.820765
    outer loop
      vertex 63 23.85 4.66
      vertex 57.985 21.465 3
      vertex 60.615 21.465 3
    endloop
  endfacet
  facet normal 0 -0.571266 0.820765
    outer loop
      vertex 57.985 21.465 3
      vertex 63 23.85 4.66
      vertex 55.6 23.85 4.66
    endloop
  endfacet
  facet normal -0.571266 0 0.820765
    outer loop
      vertex 60.615 21.465 3
      vertex 63 16.45 4.66
      vertex 63 23.85 4.66
    endloop
  endfacet
  facet normal -0.571266 0 0.820765
    outer loop
      vertex 63 16.45 4.66
      vertex 60.615 21.465 3
      vertex 60.615 18.835 3
    endloop
  endfacet
  facet normal -1 0 0
    outer loop
      vertex 63 16.45 4.66
      vertex 63 23.85 4.67
      vertex 63 23.85 4.66
    endloop
  endfacet
  facet normal -1 -0 0
    outer loop
      vertex 63 23.85 4.67
      vertex 63 16.45 4.66
      vertex 63 16.45 4.67
    endloop
  endfacet
  facet normal 0.99994 0 0.0109985
    outer loop
      vertex 55.2004 15.2496 41
      vertex 55.6 7.45 4.67
      vertex 55.6 14.85 4.67
    endloop
  endfacet
  facet normal 0.99994 0 0.0109985
    outer loop
      vertex 55.6 7.45 4.67
      vertex 55.2004 15.2496 41
      vertex 55.2004 7.05044 41
    endloop
  endfacet
  facet normal 0 0.99994 0.0109974
    outer loop
      vertex 63 7.45 4.67
      vertex 55.2004 7.05044 41
      vertex 63.3996 7.05044 41
    endloop
  endfacet
  facet normal 0 0.99994 0.0109974
    outer loop
      vertex 55.2004 7.05044 41
      vertex 63 7.45 4.67
      vertex 55.6 7.45 4.67
    endloop
  endfacet
  facet normal 0 -0.99994 0.0109985
    outer loop
      vertex 55.6 14.85 4.67
      vertex 63.3996 15.2496 41
      vertex 55.2004 15.2496 41
    endloop
  endfacet
  facet normal 0 -0.99994 0.0109985
    outer loop
      vertex 63.3996 15.2496 41
      vertex 55.6 14.85 4.67
      vertex 63 14.85 4.67
    endloop
  endfacet
  facet normal -0.99994 0 0.0109985
    outer loop
      vertex 63 7.45 4.67
      vertex 63.3996 15.2496 41
      vertex 63 14.85 4.67
    endloop
  endfacet
  facet normal -0.99994 0 0.0109985
    outer loop
      vertex 63.3996 15.2496 41
      vertex 63 7.45 4.67
      vertex 63.3996 7.05044 41
    endloop
  endfacet
  facet normal 0 1 -0
    outer loop
      vertex 63 7.45 4.66
      vertex 55.6 7.45 4.67
      vertex 63 7.45 4.67
    endloop
  endfacet
  facet normal 0 1 0
    outer loop
      vertex 55.6 7.45 4.67
      vertex 63 7.45 4.66
      vertex 55.6 7.45 4.66
    endloop
  endfacet
  facet normal -0 0 1
    outer loop
      vertex 57.985 12.465 3
      vertex 60.615 9.835 3
      vertex 60.615 12.465 3
    endloop
  endfacet
  facet normal 0 0 1
    outer loop
      vertex 60.615 9.835 3
      vertex 57.985 12.465 3
      vertex 57.985 9.835 3
    endloop
  endfacet
  facet normal 1 -0 0
    outer loop
      vertex 55.6 7.45 4.67
      vertex 55.6 14.85 4.66
      vertex 55.6 14.85 4.67
    endloop
  endfacet
  facet normal 1 0 0
    outer loop
      vertex 55.6 14.85 4.66
      vertex 55.6 7.45 4.67
      vertex 55.6 7.45 4.66
    endloop
  endfacet
  facet normal 0.571266 0 0.820765
    outer loop
      vertex 55.6 14.85 4.66
      vertex 57.985 9.835 3
      vertex 57.985 12.465 3
    endloop
  endfacet
  facet normal 0.571266 0 0.820765
    outer loop
      vertex 57.985 9.835 3
      vertex 55.6 14.85 4.66
      vertex 55.6 7.45 4.66
    endloop
  endfacet
  facet normal -0 0.571266 0.820765
    outer loop
      vertex 57.985 9.835 3
      vertex 63 7.45 4.66
      vertex 60.615 9.835 3
    endloop
  endfacet
  facet normal 0 0.571266 0.820765
    outer loop
      vertex 63 7.45 4.66
      vertex 57.985 9.835 3
      vertex 55.6 7.45 4.66
    endloop
  endfacet
  facet normal 0 -1 0
    outer loop
      vertex 55.6 14.85 4.66
      vertex 63 14.85 4.67
      vertex 55.6 14.85 4.67
    endloop
  endfacet
  facet normal 0 -1 -0
    outer loop
      vertex 63 14.85 4.67
      vertex 55.6 14.85 4.66
      vertex 63 14.85 4.66
    endloop
  endfacet
  facet normal 0 -0.571266 0.820765
    outer loop
      vertex 63 14.85 4.66
      vertex 57.985 12.465 3
      vertex 60.615 12.465 3
    endloop
  endfacet
  facet normal 0 -0.571266 0.820765
    outer loop
      vertex 57.985 12.465 3
      vertex 63 14.85 4.66
      vertex 55.6 14.85 4.66
    endloop
  endfacet
  facet normal -0.571266 0 0.820765
    outer loop
      vertex 60.615 12.465 3
      vertex 63 7.45 4.66
      vertex 63 14.85 4.66
    endloop
  endfacet
  facet normal -0.571266 0 0.820765
    outer loop
      vertex 63 7.45 4.66
      vertex 60.615 12.465 3
      vertex 60.615 9.835 3
    endloop
  endfacet
  facet normal -1 0 0
    outer loop
      vertex 63 7.45 4.66
      vertex 63 14.85 4.67
      vertex 63 14.85 4.66
    endloop
  endfacet
  facet normal -1 -0 0
    outer loop
      vertex 63 14.85 4.67
      vertex 63 7.45 4.66
      vertex 63 7.45 4.67
    endloop
  endfacet
  facet normal 0.99994 0 0.0109985
    outer loop
      vertex 64.2004 78.2496 41
      vertex 64.6 70.45 4.67
      vertex 64.6 77.85 4.67
    endloop
  endfacet
  facet normal 0.99994 0 0.0109985
    outer loop
      vertex 64.6 70.45 4.67
      vertex 64.2004 78.2496 41
      vertex 64.2004 70.0504 41
    endloop
  endfacet
  facet normal 0 0.99994 0.0109985
    outer loop
      vertex 72 70.45 4.67
      vertex 64.2004 70.0504 41
      vertex 72.3996 70.0504 41
    endloop
  endfacet
  facet normal 0 0.99994 0.0109985
    outer loop
      vertex 64.2004 70.0504 41
      vertex 72 70.45 4.67
      vertex 64.6 70.45 4.67
    endloop
  endfacet
  facet normal 0 -0.99994 0.0109985
    outer loop
      vertex 64.6 77.85 4.67
      vertex 72.3996 78.2496 41
      vertex 64.2004 78.2496 41
    endloop
  endfacet
  facet normal 0 -0.99994 0.0109985
    outer loop
      vertex 72.3996 78.2496 41
      vertex 64.6 77.85 4.67
      vertex 72 77.85 4.67
    endloop
  endfacet
  facet normal -0.99994 0 0.0109985
    outer loop
      vertex 72 70.45 4.67
      vertex 72.3996 78.2496 41
      vertex 72 77.85 4.67
    endloop
  endfacet
  facet normal -0.99994 0 0.0109985
    outer loop
      vertex 72.3996 78.2496 41
      vertex 72 70.45 4.67
      vertex 72.3996 70.0504 41
    endloop
  endfacet
  facet normal 0 1 -0
    outer loop
      vertex 72 70.45 4.66
      vertex 64.6 70.45 4.67
      vertex 72 70.45 4.67
    endloop
  endfacet
  facet normal 0 1 0
    outer loop
      vertex 64.6 70.45 4.67
      vertex 72 70.45 4.66
      vertex 64.6 70.45 4.66
    endloop
  endfacet
  facet normal -0 0 1
    outer loop
      vertex 66.985 75.465 3
      vertex 69.615 72.835 3
      vertex 69.615 75.465 3
    endloop
  endfacet
  facet normal 0 0 1
    outer loop
      vertex 69.615 72.835 3
      vertex 66.985 75.465 3
      vertex 66.985 72.835 3
    endloop
  endfacet
  facet normal 1 -0 0
    outer loop
      vertex 64.6 70.45 4.67
      vertex 64.6 77.85 4.66
      vertex 64.6 77.85 4.67
    endloop
  endfacet
  facet normal 1 0 0
    outer loop
      vertex 64.6 77.85 4.66
      vertex 64.6 70.45 4.67
      vertex 64.6 70.45 4.66
    endloop
  endfacet
  facet normal 0.571266 0 0.820765
    outer loop
      vertex 64.6 77.85 4.66
      vertex 66.985 72.835 3
      vertex 66.985 75.465 3
    endloop
  endfacet
  facet normal 0.571266 0 0.820765
    outer loop
      vertex 66.985 72.835 3
      vertex 64.6 77.85 4.66
      vertex 64.6 70.45 4.66
    endloop
  endfacet
  facet normal -0 0.571266 0.820765
    outer loop
      vertex 66.985 72.835 3
      vertex 72 70.45 4.66
      vertex 69.615 72.835 3
    endloop
  endfacet
  facet normal 0 0.571266 0.820765
    outer loop
      vertex 72 70.45 4.66
      vertex 66.985 72.835 3
      vertex 64.6 70.45 4.66
    endloop
  endfacet
  facet normal 0 -1 0
    outer loop
      vertex 64.6 77.85 4.66
      vertex 72 77.85 4.67
      vertex 64.6 77.85 4.67
    endloop
  endfacet
  facet normal 0 -1 -0
    outer loop
      vertex 72 77.85 4.67
      vertex 64.6 77.85 4.66
      vertex 72 77.85 4.66
    endloop
  endfacet
  facet normal 0 -0.571266 0.820765
    outer loop
      vertex 72 77.85 4.66
      vertex 66.985 75.465 3
      vertex 69.615 75.465 3
    endloop
  endfacet
  facet normal 0 -0.571266 0.820765
    outer loop
      vertex 66.985 75.465 3
      vertex 72 77.85 4.66
      vertex 64.6 77.85 4.66
    endloop
  endfacet
  facet normal -0.571266 0 0.820765
    outer loop
      vertex 69.615 75.465 3
      vertex 72 70.45 4.66
      vertex 72 77.85 4.66
    endloop
  endfacet
  facet normal -0.571266 0 0.820765
    outer loop
      vertex 72 70.45 4.66
      vertex 69.615 75.465 3
      vertex 69.615 72.835 3
    endloop
  endfacet
  facet normal -1 0 0
    outer loop
      vertex 72 70.45 4.66
      vertex 72 77.85 4.67
      vertex 72 77.85 4.66
    endloop
  endfacet
  facet normal -1 -0 0
    outer loop
      vertex 72 77.85 4.67
      vertex 72 70.45 4.66
      vertex 72 70.45 4.67
    endloop
  endfacet
  facet normal 0.99994 0 0.0109985
    outer loop
      vertex 64.2004 69.2496 41
      vertex 64.6 61.45 4.67
      vertex 64.6 68.85 4.67
    endloop
  endfacet
  facet normal 0.99994 0 0.0109985
    outer loop
      vertex 64.6 61.45 4.67
      vertex 64.2004 69.2496 41
      vertex 64.2004 61.0504 41
    endloop
  endfacet
  facet normal 0 0.99994 0.0109985
    outer loop
      vertex 72 61.45 4.67
      vertex 64.2004 61.0504 41
      vertex 72.3996 61.0504 41
    endloop
  endfacet
  facet normal 0 0.99994 0.0109985
    outer loop
      vertex 64.2004 61.0504 41
      vertex 72 61.45 4.67
      vertex 64.6 61.45 4.67
    endloop
  endfacet
  facet normal 0 -0.99994 0.0109985
    outer loop
      vertex 64.6 68.85 4.67
      vertex 72.3996 69.2496 41
      vertex 64.2004 69.2496 41
    endloop
  endfacet
  facet normal 0 -0.99994 0.0109985
    outer loop
      vertex 72.3996 69.2496 41
      vertex 64.6 68.85 4.67
      vertex 72 68.85 4.67
    endloop
  endfacet
  facet normal -0.99994 0 0.0109985
    outer loop
      vertex 72 61.45 4.67
      vertex 72.3996 69.2496 41
      vertex 72 68.85 4.67
    endloop
  endfacet
  facet normal -0.99994 0 0.0109985
    outer loop
      vertex 72.3996 69.2496 41
      vertex 72 61.45 4.67
      vertex 72.3996 61.0504 41
    endloop
  endfacet
  facet normal 0 1 -0
    outer loop
      vertex 72 61.45 4.66
      vertex 64.6 61.45 4.67
      vertex 72 61.45 4.67
    endloop
  endfacet
  facet normal 0 1 0
    outer loop
      vertex 64.6 61.45 4.67
      vertex 72 61.45 4.66
      vertex 64.6 61.45 4.66
    endloop
  endfacet
  facet normal -0 0 1
    outer loop
      vertex 66.985 66.465 3
      vertex 69.615 63.835 3
      vertex 69.615 66.465 3
    endloop
  endfacet
  facet normal 0 0 1
    outer loop
      vertex 69.615 63.835 3
      vertex 66.985 66.465 3
      vertex 66.985 63.835 3
    endloop
  endfacet
  facet normal 1 -0 0
    outer loop
      vertex 64.6 61.45 4.67
      vertex 64.6 68.85 4.66
      vertex 64.6 68.85 4.67
    endloop
  endfacet
  facet normal 1 0 0
    outer loop
      vertex 64.6 68.85 4.66
      vertex 64.6 61.45 4.67
      vertex 64.6 61.45 4.66
    endloop
  endfacet
  facet normal 0.571266 0 0.820765
    outer loop
      vertex 64.6 68.85 4.66
      vertex 66.985 63.835 3
      vertex 66.985 66.465 3
    endloop
  endfacet
  facet normal 0.571266 0 0.820765
    outer loop
      vertex 66.985 63.835 3
      vertex 64.6 68.85 4.66
      vertex 64.6 61.45 4.66
    endloop
  endfacet
  facet normal -0 0.571266 0.820765
    outer loop
      vertex 66.985 63.835 3
      vertex 72 61.45 4.66
      vertex 69.615 63.835 3
    endloop
  endfacet
  facet normal 0 0.571266 0.820765
    outer loop
      vertex 72 61.45 4.66
      vertex 66.985 63.835 3
      vertex 64.6 61.45 4.66
    endloop
  endfacet
  facet normal 0 -1 0
    outer loop
      vertex 64.6 68.85 4.66
      vertex 72 68.85 4.67
      vertex 64.6 68.85 4.67
    endloop
  endfacet
  facet normal 0 -1 -0
    outer loop
      vertex 72 68.85 4.67
      vertex 64.6 68.85 4.66
      vertex 72 68.85 4.66
    endloop
  endfacet
  facet normal 0 -0.571266 0.820765
    outer loop
      vertex 72 68.85 4.66
      vertex 66.985 66.465 3
      vertex 69.615 66.465 3
    endloop
  endfacet
  facet normal 0 -0.571266 0.820765
    outer loop
      vertex 66.985 66.465 3
      vertex 72 68.85 4.66
      vertex 64.6 68.85 4.66
    endloop
  endfacet
  facet normal -0.571266 0 0.820765
    outer loop
      vertex 69.615 66.465 3
      vertex 72 61.45 4.66
      vertex 72 68.85 4.66
    endloop
  endfacet
  facet normal -0.571266 0 0.820765
    outer loop
      vertex 72 61.45 4.66
      vertex 69.615 66.465 3
      vertex 69.615 63.835 3
    endloop
  endfacet
  facet normal -1 0 0
    outer loop
      vertex 72 61.45 4.66
      vertex 72 68.85 4.67
      vertex 72 68.85 4.66
    endloop
  endfacet
  facet normal -1 -0 0
    outer loop
      vertex 72 68.85 4.67
      vertex 72 61.45 4.66
      vertex 72 61.45 4.67
    endloop
  endfacet
  facet normal 0.99994 0 0.0109985
    outer loop
      vertex 64.2004 60.2496 41
      vertex 64.6 52.45 4.67
      vertex 64.6 59.85 4.67
    endloop
  endfacet
  facet normal 0.99994 0 0.0109985
    outer loop
      vertex 64.6 52.45 4.67
      vertex 64.2004 60.2496 41
      vertex 64.2004 52.0504 41
    endloop
  endfacet
  facet normal 0 0.99994 0.0109985
    outer loop
      vertex 72 52.45 4.67
      vertex 64.2004 52.0504 41
      vertex 72.3996 52.0504 41
    endloop
  endfacet
  facet normal 0 0.99994 0.0109985
    outer loop
      vertex 64.2004 52.0504 41
      vertex 72 52.45 4.67
      vertex 64.6 52.45 4.67
    endloop
  endfacet
  facet normal 0 -0.99994 0.0109985
    outer loop
      vertex 64.6 59.85 4.67
      vertex 72.3996 60.2496 41
      vertex 64.2004 60.2496 41
    endloop
  endfacet
  facet normal 0 -0.99994 0.0109985
    outer loop
      vertex 72.3996 60.2496 41
      vertex 64.6 59.85 4.67
      vertex 72 59.85 4.67
    endloop
  endfacet
  facet normal -0.99994 0 0.0109985
    outer loop
      vertex 72 52.45 4.67
      vertex 72.3996 60.2496 41
      vertex 72 59.85 4.67
    endloop
  endfacet
  facet normal -0.99994 0 0.0109985
    outer loop
      vertex 72.3996 60.2496 41
      vertex 72 52.45 4.67
      vertex 72.3996 52.0504 41
    endloop
  endfacet
  facet normal 0 1 -0
    outer loop
      vertex 72 52.45 4.66
      vertex 64.6 52.45 4.67
      vertex 72 52.45 4.67
    endloop
  endfacet
  facet normal 0 1 0
    outer loop
      vertex 64.6 52.45 4.67
      vertex 72 52.45 4.66
      vertex 64.6 52.45 4.66
    endloop
  endfacet
  facet normal -0 0 1
    outer loop
      vertex 66.985 57.465 3
      vertex 69.615 54.835 3
      vertex 69.615 57.465 3
    endloop
  endfacet
  facet normal 0 0 1
    outer loop
      vertex 69.615 54.835 3
      vertex 66.985 57.465 3
      vertex 66.985 54.835 3
    endloop
  endfacet
  facet normal 1 -0 0
    outer loop
      vertex 64.6 52.45 4.67
      vertex 64.6 59.85 4.66
      vertex 64.6 59.85 4.67
    endloop
  endfacet
  facet normal 1 0 0
    outer loop
      vertex 64.6 59.85 4.66
      vertex 64.6 52.45 4.67
      vertex 64.6 52.45 4.66
    endloop
  endfacet
  facet normal 0.571266 0 0.820765
    outer loop
      vertex 64.6 59.85 4.66
      vertex 66.985 54.835 3
      vertex 66.985 57.465 3
    endloop
  endfacet
  facet normal 0.571266 0 0.820765
    outer loop
      vertex 66.985 54.835 3
      vertex 64.6 59.85 4.66
      vertex 64.6 52.45 4.66
    endloop
  endfacet
  facet normal -0 0.571266 0.820765
    outer loop
      vertex 66.985 54.835 3
      vertex 72 52.45 4.66
      vertex 69.615 54.835 3
    endloop
  endfacet
  facet normal 0 0.571266 0.820765
    outer loop
      vertex 72 52.45 4.66
      vertex 66.985 54.835 3
      vertex 64.6 52.45 4.66
    endloop
  endfacet
  facet normal 0 -1 0
    outer loop
      vertex 64.6 59.85 4.66
      vertex 72 59.85 4.67
      vertex 64.6 59.85 4.67
    endloop
  endfacet
  facet normal 0 -1 -0
    outer loop
      vertex 72 59.85 4.67
      vertex 64.6 59.85 4.66
      vertex 72 59.85 4.66
    endloop
  endfacet
  facet normal 0 -0.571266 0.820765
    outer loop
      vertex 72 59.85 4.66
      vertex 66.985 57.465 3
      vertex 69.615 57.465 3
    endloop
  endfacet
  facet normal 0 -0.571266 0.820765
    outer loop
      vertex 66.985 57.465 3
      vertex 72 59.85 4.66
      vertex 64.6 59.85 4.66
    endloop
  endfacet
  facet normal -0.571266 0 0.820765
    outer loop
      vertex 69.615 57.465 3
      vertex 72 52.45 4.66
      vertex 72 59.85 4.66
    endloop
  endfacet
  facet normal -0.571266 0 0.820765
    outer loop
      vertex 72 52.45 4.66
      vertex 69.615 57.465 3
      vertex 69.615 54.835 3
    endloop
  endfacet
  facet normal -1 0 0
    outer loop
      vertex 72 52.45 4.66
      vertex 72 59.85 4.67
      vertex 72 59.85 4.66
    endloop
  endfacet
  facet normal -1 -0 0
    outer loop
      vertex 72 59.85 4.67
      vertex 72 52.45 4.66
      vertex 72 52.45 4.67
    endloop
  endfacet
  facet normal 0.99994 0 0.0109985
    outer loop
      vertex 64.2004 51.2496 41
      vertex 64.6 43.45 4.67
      vertex 64.6 50.85 4.67
    endloop
  endfacet
  facet normal 0.99994 0 0.0109985
    outer loop
      vertex 64.6 43.45 4.67
      vertex 64.2004 51.2496 41
      vertex 64.2004 43.0504 41
    endloop
  endfacet
  facet normal 0 0.99994 0.0109985
    outer loop
      vertex 72 43.45 4.67
      vertex 64.2004 43.0504 41
      vertex 72.3996 43.0504 41
    endloop
  endfacet
  facet normal 0 0.99994 0.0109985
    outer loop
      vertex 64.2004 43.0504 41
      vertex 72 43.45 4.67
      vertex 64.6 43.45 4.67
    endloop
  endfacet
  facet normal 0 -0.99994 0.0109985
    outer loop
      vertex 64.6 50.85 4.67
      vertex 72.3996 51.2496 41
      vertex 64.2004 51.2496 41
    endloop
  endfacet
  facet normal 0 -0.99994 0.0109985
    outer loop
      vertex 72.3996 51.2496 41
      vertex 64.6 50.85 4.67
      vertex 72 50.85 4.67
    endloop
  endfacet
  facet normal -0.99994 0 0.0109985
    outer loop
      vertex 72 43.45 4.67
      vertex 72.3996 51.2496 41
      vertex 72 50.85 4.67
    endloop
  endfacet
  facet normal -0.99994 0 0.0109985
    outer loop
      vertex 72.3996 51.2496 41
      vertex 72 43.45 4.67
      vertex 72.3996 43.0504 41
    endloop
  endfacet
  facet normal 0 1 -0
    outer loop
      vertex 72 43.45 4.66
      vertex 64.6 43.45 4.67
      vertex 72 43.45 4.67
    endloop
  endfacet
  facet normal 0 1 0
    outer loop
      vertex 64.6 43.45 4.67
      vertex 72 43.45 4.66
      vertex 64.6 43.45 4.66
    endloop
  endfacet
  facet normal -0 0 1
    outer loop
      vertex 66.985 48.465 3
      vertex 69.615 45.835 3
      vertex 69.615 48.465 3
    endloop
  endfacet
  facet normal 0 0 1
    outer loop
      vertex 69.615 45.835 3
      vertex 66.985 48.465 3
      vertex 66.985 45.835 3
    endloop
  endfacet
  facet normal 1 -0 0
    outer loop
      vertex 64.6 43.45 4.67
      vertex 64.6 50.85 4.66
      vertex 64.6 50.85 4.67
    endloop
  endfacet
  facet normal 1 0 0
    outer loop
      vertex 64.6 50.85 4.66
      vertex 64.6 43.45 4.67
      vertex 64.6 43.45 4.66
    endloop
  endfacet
  facet normal 0.571266 0 0.820765
    outer loop
      vertex 64.6 50.85 4.66
      vertex 66.985 45.835 3
      vertex 66.985 48.465 3
    endloop
  endfacet
  facet normal 0.571266 0 0.820765
    outer loop
      vertex 66.985 45.835 3
      vertex 64.6 50.85 4.66
      vertex 64.6 43.45 4.66
    endloop
  endfacet
  facet normal -0 0.571266 0.820765
    outer loop
      vertex 66.985 45.835 3
      vertex 72 43.45 4.66
      vertex 69.615 45.835 3
    endloop
  endfacet
  facet normal 0 0.571266 0.820765
    outer loop
      vertex 72 43.45 4.66
      vertex 66.985 45.835 3
      vertex 64.6 43.45 4.66
    endloop
  endfacet
  facet normal 0 -1 0
    outer loop
      vertex 64.6 50.85 4.66
      vertex 72 50.85 4.67
      vertex 64.6 50.85 4.67
    endloop
  endfacet
  facet normal 0 -1 -0
    outer loop
      vertex 72 50.85 4.67
      vertex 64.6 50.85 4.66
      vertex 72 50.85 4.66
    endloop
  endfacet
  facet normal 0 -0.571266 0.820765
    outer loop
      vertex 72 50.85 4.66
      vertex 66.985 48.465 3
      vertex 69.615 48.465 3
    endloop
  endfacet
  facet normal 0 -0.571266 0.820765
    outer loop
      vertex 66.985 48.465 3
      vertex 72 50.85 4.66
      vertex 64.6 50.85 4.66
    endloop
  endfacet
  facet normal -0.571266 0 0.820765
    outer loop
      vertex 69.615 48.465 3
      vertex 72 43.45 4.66
      vertex 72 50.85 4.66
    endloop
  endfacet
  facet normal -0.571266 0 0.820765
    outer loop
      vertex 72 43.45 4.66
      vertex 69.615 48.465 3
      vertex 69.615 45.835 3
    endloop
  endfacet
  facet normal -1 0 0
    outer loop
      vertex 72 43.45 4.66
      vertex 72 50.85 4.67
      vertex 72 50.85 4.66
    endloop
  endfacet
  facet normal -1 -0 0
    outer loop
      vertex 72 50.85 4.67
      vertex 72 43.45 4.66
      vertex 72 43.45 4.67
    endloop
  endfacet
  facet normal 0.99994 0 0.0109985
    outer loop
      vertex 64.2004 42.2496 41
      vertex 64.6 34.45 4.67
      vertex 64.6 41.85 4.67
    endloop
  endfacet
  facet normal 0.99994 0 0.0109985
    outer loop
      vertex 64.6 34.45 4.67
      vertex 64.2004 42.2496 41
      vertex 64.2004 34.0504 41
    endloop
  endfacet
  facet normal 0 0.99994 0.0109985
    outer loop
      vertex 72 34.45 4.67
      vertex 64.2004 34.0504 41
      vertex 72.3996 34.0504 41
    endloop
  endfacet
  facet normal 0 0.99994 0.0109985
    outer loop
      vertex 64.2004 34.0504 41
      vertex 72 34.45 4.67
      vertex 64.6 34.45 4.67
    endloop
  endfacet
  facet normal 0 -0.99994 0.0109985
    outer loop
      vertex 64.6 41.85 4.67
      vertex 72.3996 42.2496 41
      vertex 64.2004 42.2496 41
    endloop
  endfacet
  facet normal 0 -0.99994 0.0109985
    outer loop
      vertex 72.3996 42.2496 41
      vertex 64.6 41.85 4.67
      vertex 72 41.85 4.67
    endloop
  endfacet
  facet normal -0.99994 0 0.0109985
    outer loop
      vertex 72 34.45 4.67
      vertex 72.3996 42.2496 41
      vertex 72 41.85 4.67
    endloop
  endfacet
  facet normal -0.99994 0 0.0109985
    outer loop
      vertex 72.3996 42.2496 41
      vertex 72 34.45 4.67
      vertex 72.3996 34.0504 41
    endloop
  endfacet
  facet normal 0 1 -0
    outer loop
      vertex 72 34.45 4.66
      vertex 64.6 34.45 4.67
      vertex 72 34.45 4.67
    endloop
  endfacet
  facet normal 0 1 0
    outer loop
      vertex 64.6 34.45 4.67
      vertex 72 34.45 4.66
      vertex 64.6 34.45 4.66
    endloop
  endfacet
  facet normal -0 0 1
    outer loop
      vertex 66.985 39.465 3
      vertex 69.615 36.835 3
      vertex 69.615 39.465 3
    endloop
  endfacet
  facet normal 0 0 1
    outer loop
      vertex 69.615 36.835 3
      vertex 66.985 39.465 3
      vertex 66.985 36.835 3
    endloop
  endfacet
  facet normal 1 -0 0
    outer loop
      vertex 64.6 34.45 4.67
      vertex 64.6 41.85 4.66
      vertex 64.6 41.85 4.67
    endloop
  endfacet
  facet normal 1 0 0
    outer loop
      vertex 64.6 41.85 4.66
      vertex 64.6 34.45 4.67
      vertex 64.6 34.45 4.66
    endloop
  endfacet
  facet normal 0.571266 0 0.820765
    outer loop
      vertex 64.6 41.85 4.66
      vertex 66.985 36.835 3
      vertex 66.985 39.465 3
    endloop
  endfacet
  facet normal 0.571266 0 0.820765
    outer loop
      vertex 66.985 36.835 3
      vertex 64.6 41.85 4.66
      vertex 64.6 34.45 4.66
    endloop
  endfacet
  facet normal -0 0.571266 0.820765
    outer loop
      vertex 66.985 36.835 3
      vertex 72 34.45 4.66
      vertex 69.615 36.835 3
    endloop
  endfacet
  facet normal 0 0.571266 0.820765
    outer loop
      vertex 72 34.45 4.66
      vertex 66.985 36.835 3
      vertex 64.6 34.45 4.66
    endloop
  endfacet
  facet normal 0 -1 0
    outer loop
      vertex 64.6 41.85 4.66
      vertex 72 41.85 4.67
      vertex 64.6 41.85 4.67
    endloop
  endfacet
  facet normal 0 -1 -0
    outer loop
      vertex 72 41.85 4.67
      vertex 64.6 41.85 4.66
      vertex 72 41.85 4.66
    endloop
  endfacet
  facet normal 0 -0.571266 0.820765
    outer loop
      vertex 72 41.85 4.66
      vertex 66.985 39.465 3
      vertex 69.615 39.465 3
    endloop
  endfacet
  facet normal 0 -0.571266 0.820765
    outer loop
      vertex 66.985 39.465 3
      vertex 72 41.85 4.66
      vertex 64.6 41.85 4.66
    endloop
  endfacet
  facet normal -0.571266 0 0.820765
    outer loop
      vertex 69.615 39.465 3
      vertex 72 34.45 4.66
      vertex 72 41.85 4.66
    endloop
  endfacet
  facet normal -0.571266 0 0.820765
    outer loop
      vertex 72 34.45 4.66
      vertex 69.615 39.465 3
      vertex 69.615 36.835 3
    endloop
  endfacet
  facet normal -1 0 0
    outer loop
      vertex 72 34.45 4.66
      vertex 72 41.85 4.67
      vertex 72 41.85 4.66
    endloop
  endfacet
  facet normal -1 -0 0
    outer loop
      vertex 72 41.85 4.67
      vertex 72 34.45 4.66
      vertex 72 34.45 4.67
    endloop
  endfacet
  facet normal 0.99994 0 0.0109985
    outer loop
      vertex 64.2004 33.2496 41
      vertex 64.6 25.45 4.67
      vertex 64.6 32.85 4.67
    endloop
  endfacet
  facet normal 0.99994 0 0.0109985
    outer loop
      vertex 64.6 25.45 4.67
      vertex 64.2004 33.2496 41
      vertex 64.2004 25.0504 41
    endloop
  endfacet
  facet normal 0 0.99994 0.0109985
    outer loop
      vertex 72 25.45 4.67
      vertex 64.2004 25.0504 41
      vertex 72.3996 25.0504 41
    endloop
  endfacet
  facet normal 0 0.99994 0.0109985
    outer loop
      vertex 64.2004 25.0504 41
      vertex 72 25.45 4.67
      vertex 64.6 25.45 4.67
    endloop
  endfacet
  facet normal 0 -0.99994 0.0109985
    outer loop
      vertex 64.6 32.85 4.67
      vertex 72.3996 33.2496 41
      vertex 64.2004 33.2496 41
    endloop
  endfacet
  facet normal 0 -0.99994 0.0109985
    outer loop
      vertex 72.3996 33.2496 41
      vertex 64.6 32.85 4.67
      vertex 72 32.85 4.67
    endloop
  endfacet
  facet normal -0.99994 0 0.0109985
    outer loop
      vertex 72 25.45 4.67
      vertex 72.3996 33.2496 41
      vertex 72 32.85 4.67
    endloop
  endfacet
  facet normal -0.99994 0 0.0109985
    outer loop
      vertex 72.3996 33.2496 41
      vertex 72 25.45 4.67
      vertex 72.3996 25.0504 41
    endloop
  endfacet
  facet normal 0 1 -0
    outer loop
      vertex 72 25.45 4.66
      vertex 64.6 25.45 4.67
      vertex 72 25.45 4.67
    endloop
  endfacet
  facet normal 0 1 0
    outer loop
      vertex 64.6 25.45 4.67
      vertex 72 25.45 4.66
      vertex 64.6 25.45 4.66
    endloop
  endfacet
  facet normal -0 0 1
    outer loop
      vertex 66.985 30.465 3
      vertex 69.615 27.835 3
      vertex 69.615 30.465 3
    endloop
  endfacet
  facet normal 0 0 1
    outer loop
      vertex 69.615 27.835 3
      vertex 66.985 30.465 3
      vertex 66.985 27.835 3
    endloop
  endfacet
  facet normal 1 -0 0
    outer loop
      vertex 64.6 25.45 4.67
      vertex 64.6 32.85 4.66
      vertex 64.6 32.85 4.67
    endloop
  endfacet
  facet normal 1 0 0
    outer loop
      vertex 64.6 32.85 4.66
      vertex 64.6 25.45 4.67
      vertex 64.6 25.45 4.66
    endloop
  endfacet
  facet normal 0.571266 0 0.820765
    outer loop
      vertex 64.6 32.85 4.66
      vertex 66.985 27.835 3
      vertex 66.985 30.465 3
    endloop
  endfacet
  facet normal 0.571266 0 0.820765
    outer loop
      vertex 66.985 27.835 3
      vertex 64.6 32.85 4.66
      vertex 64.6 25.45 4.66
    endloop
  endfacet
  facet normal -0 0.571266 0.820765
    outer loop
      vertex 66.985 27.835 3
      vertex 72 25.45 4.66
      vertex 69.615 27.835 3
    endloop
  endfacet
  facet normal 0 0.571266 0.820765
    outer loop
      vertex 72 25.45 4.66
      vertex 66.985 27.835 3
      vertex 64.6 25.45 4.66
    endloop
  endfacet
  facet normal 0 -1 0
    outer loop
      vertex 64.6 32.85 4.66
      vertex 72 32.85 4.67
      vertex 64.6 32.85 4.67
    endloop
  endfacet
  facet normal 0 -1 -0
    outer loop
      vertex 72 32.85 4.67
      vertex 64.6 32.85 4.66
      vertex 72 32.85 4.66
    endloop
  endfacet
  facet normal 0 -0.571266 0.820765
    outer loop
      vertex 72 32.85 4.66
      vertex 66.985 30.465 3
      vertex 69.615 30.465 3
    endloop
  endfacet
  facet normal 0 -0.571266 0.820765
    outer loop
      vertex 66.985 30.465 3
      vertex 72 32.85 4.66
      vertex 64.6 32.85 4.66
    endloop
  endfacet
  facet normal -0.571266 0 0.820765
    outer loop
      vertex 69.615 30.465 3
      vertex 72 25.45 4.66
      vertex 72 32.85 4.66
    endloop
  endfacet
  facet normal -0.571266 0 0.820765
    outer loop
      vertex 72 25.45 4.66
      vertex 69.615 30.465 3
      vertex 69.615 27.835 3
    endloop
  endfacet
  facet normal -1 0 0
    outer loop
      vertex 72 25.45 4.66
      vertex 72 32.85 4.67
      vertex 72 32.85 4.66
    endloop
  endfacet
  facet normal -1 -0 0
    outer loop
      vertex 72 32.85 4.67
      vertex 72 25.45 4.66
      vertex 72 25.45 4.67
    endloop
  endfacet
  facet normal 0.99994 0 0.0109985
    outer loop
      vertex 64.2004 24.2496 41
      vertex 64.6 16.45 4.67
      vertex 64.6 23.85 4.67
    endloop
  endfacet
  facet normal 0.99994 0 0.0109985
    outer loop
      vertex 64.6 16.45 4.67
      vertex 64.2004 24.2496 41
      vertex 64.2004 16.0504 41
    endloop
  endfacet
  facet normal 0 0.99994 0.0109985
    outer loop
      vertex 72 16.45 4.67
      vertex 64.2004 16.0504 41
      vertex 72.3996 16.0504 41
    endloop
  endfacet
  facet normal 0 0.99994 0.0109985
    outer loop
      vertex 64.2004 16.0504 41
      vertex 72 16.45 4.67
      vertex 64.6 16.45 4.67
    endloop
  endfacet
  facet normal 0 -0.99994 0.0109985
    outer loop
      vertex 64.6 23.85 4.67
      vertex 72.3996 24.2496 41
      vertex 64.2004 24.2496 41
    endloop
  endfacet
  facet normal 0 -0.99994 0.0109985
    outer loop
      vertex 72.3996 24.2496 41
      vertex 64.6 23.85 4.67
      vertex 72 23.85 4.67
    endloop
  endfacet
  facet normal -0.99994 0 0.0109985
    outer loop
      vertex 72 16.45 4.67
      vertex 72.3996 24.2496 41
      vertex 72 23.85 4.67
    endloop
  endfacet
  facet normal -0.99994 0 0.0109985
    outer loop
      vertex 72.3996 24.2496 41
      vertex 72 16.45 4.67
      vertex 72.3996 16.0504 41
    endloop
  endfacet
  facet normal 0 1 -0
    outer loop
      vertex 72 16.45 4.66
      vertex 64.6 16.45 4.67
      vertex 72 16.45 4.67
    endloop
  endfacet
  facet normal 0 1 0
    outer loop
      vertex 64.6 16.45 4.67
      vertex 72 16.45 4.66
      vertex 64.6 16.45 4.66
    endloop
  endfacet
  facet normal -0 0 1
    outer loop
      vertex 66.985 21.465 3
      vertex 69.615 18.835 3
      vertex 69.615 21.465 3
    endloop
  endfacet
  facet normal 0 0 1
    outer loop
      vertex 69.615 18.835 3
      vertex 66.985 21.465 3
      vertex 66.985 18.835 3
    endloop
  endfacet
  facet normal 1 -0 0
    outer loop
      vertex 64.6 16.45 4.67
      vertex 64.6 23.85 4.66
      vertex 64.6 23.85 4.67
    endloop
  endfacet
  facet normal 1 0 0
    outer loop
      vertex 64.6 23.85 4.66
      vertex 64.6 16.45 4.67
      vertex 64.6 16.45 4.66
    endloop
  endfacet
  facet normal 0.571266 0 0.820765
    outer loop
      vertex 64.6 23.85 4.66
      vertex 66.985 18.835 3
      vertex 66.985 21.465 3
    endloop
  endfacet
  facet normal 0.571266 0 0.820765
    outer loop
      vertex 66.985 18.835 3
      vertex 64.6 23.85 4.66
      vertex 64.6 16.45 4.66
    endloop
  endfacet
  facet normal -0 0.571266 0.820765
    outer loop
      vertex 66.985 18.835 3
      vertex 72 16.45 4.66
      vertex 69.615 18.835 3
    endloop
  endfacet
  facet normal 0 0.571266 0.820765
    outer loop
      vertex 72 16.45 4.66
      vertex 66.985 18.835 3
      vertex 64.6 16.45 4.66
    endloop
  endfacet
  facet normal 0 -1 0
    outer loop
      vertex 64.6 23.85 4.66
      vertex 72 23.85 4.67
      vertex 64.6 23.85 4.67
    endloop
  endfacet
  facet normal 0 -1 -0
    outer loop
      vertex 72 23.85 4.67
      vertex 64.6 23.85 4.66
      vertex 72 23.85 4.66
    endloop
  endfacet
  facet normal 0 -0.571266 0.820765
    outer loop
      vertex 72 23.85 4.66
      vertex 66.985 21.465 3
      vertex 69.615 21.465 3
    endloop
  endfacet
  facet normal 0 -0.571266 0.820765
    outer loop
      vertex 66.985 21.465 3
      vertex 72 23.85 4.66
      vertex 64.6 23.85 4.66
    endloop
  endfacet
  facet normal -0.571266 0 0.820765
    outer loop
      vertex 69.615 21.465 3
      vertex 72 16.45 4.66
      vertex 72 23.85 4.66
    endloop
  endfacet
  facet normal -0.571266 0 0.820765
    outer loop
      vertex 72 16.45 4.66
      vertex 69.615 21.465 3
      vertex 69.615 18.835 3
    endloop
  endfacet
  facet normal -1 0 0
    outer loop
      vertex 72 16.45 4.66
      vertex 72 23.85 4.67
      vertex 72 23.85 4.66
    endloop
  endfacet
  facet normal -1 -0 0
    outer loop
      vertex 72 23.85 4.67
      vertex 72 16.45 4.66
      vertex 72 16.45 4.67
    endloop
  endfacet
  facet normal 0.99994 0 0.0109985
    outer loop
      vertex 64.2004 15.2496 41
      vertex 64.6 7.45 4.67
      vertex 64.6 14.85 4.67
    endloop
  endfacet
  facet normal 0.99994 0 0.0109985
    outer loop
      vertex 64.6 7.45 4.67
      vertex 64.2004 15.2496 41
      vertex 64.2004 7.05044 41
    endloop
  endfacet
  facet normal 0 0.99994 0.0109974
    outer loop
      vertex 72 7.45 4.67
      vertex 64.2004 7.05044 41
      vertex 72.3996 7.05044 41
    endloop
  endfacet
  facet normal 0 0.99994 0.0109974
    outer loop
      vertex 64.2004 7.05044 41
      vertex 72 7.45 4.67
      vertex 64.6 7.45 4.67
    endloop
  endfacet
  facet normal 0 -0.99994 0.0109985
    outer loop
      vertex 64.6 14.85 4.67
      vertex 72.3996 15.2496 41
      vertex 64.2004 15.2496 41
    endloop
  endfacet
  facet normal 0 -0.99994 0.0109985
    outer loop
      vertex 72.3996 15.2496 41
      vertex 64.6 14.85 4.67
      vertex 72 14.85 4.67
    endloop
  endfacet
  facet normal -0.99994 0 0.0109985
    outer loop
      vertex 72 7.45 4.67
      vertex 72.3996 15.2496 41
      vertex 72 14.85 4.67
    endloop
  endfacet
  facet normal -0.99994 0 0.0109985
    outer loop
      vertex 72.3996 15.2496 41
      vertex 72 7.45 4.67
      vertex 72.3996 7.05044 41
    endloop
  endfacet
  facet normal 0 1 -0
    outer loop
      vertex 72 7.45 4.66
      vertex 64.6 7.45 4.67
      vertex 72 7.45 4.67
    endloop
  endfacet
  facet normal 0 1 0
    outer loop
      vertex 64.6 7.45 4.67
      vertex 72 7.45 4.66
      vertex 64.6 7.45 4.66
    endloop
  endfacet
  facet normal -0 0 1
    outer loop
      vertex 66.985 12.465 3
      vertex 69.615 9.835 3
      vertex 69.615 12.465 3
    endloop
  endfacet
  facet normal 0 0 1
    outer loop
      vertex 69.615 9.835 3
      vertex 66.985 12.465 3
      vertex 66.985 9.835 3
    endloop
  endfacet
  facet normal 1 -0 0
    outer loop
      vertex 64.6 7.45 4.67
      vertex 64.6 14.85 4.66
      vertex 64.6 14.85 4.67
    endloop
  endfacet
  facet normal 1 0 0
    outer loop
      vertex 64.6 14.85 4.66
      vertex 64.6 7.45 4.67
      vertex 64.6 7.45 4.66
    endloop
  endfacet
  facet normal 0.571266 0 0.820765
    outer loop
      vertex 64.6 14.85 4.66
      vertex 66.985 9.835 3
      vertex 66.985 12.465 3
    endloop
  endfacet
  facet normal 0.571266 0 0.820765
    outer loop
      vertex 66.985 9.835 3
      vertex 64.6 14.85 4.66
      vertex 64.6 7.45 4.66
    endloop
  endfacet
  facet normal -0 0.571266 0.820765
    outer loop
      vertex 66.985 9.835 3
      vertex 72 7.45 4.66
      vertex 69.615 9.835 3
    endloop
  endfacet
  facet normal 0 0.571266 0.820765
    outer loop
      vertex 72 7.45 4.66
      vertex 66.985 9.835 3
      vertex 64.6 7.45 4.66
    endloop
  endfacet
  facet normal 0 -1 0
    outer loop
      vertex 64.6 14.85 4.66
      vertex 72 14.85 4.67
      vertex 64.6 14.85 4.67
    endloop
  endfacet
  facet normal 0 -1 -0
    outer loop
      vertex 72 14.85 4.67
      vertex 64.6 14.85 4.66
      vertex 72 14.85 4.66
    endloop
  endfacet
  facet normal 0 -0.571266 0.820765
    outer loop
      vertex 72 14.85 4.66
      vertex 66.985 12.465 3
      vertex 69.615 12.465 3
    endloop
  endfacet
  facet normal 0 -0.571266 0.820765
    outer loop
      vertex 66.985 12.465 3
      vertex 72 14.85 4.66
      vertex 64.6 14.85 4.66
    endloop
  endfacet
  facet normal -0.571266 0 0.820765
    outer loop
      vertex 69.615 12.465 3
      vertex 72 7.45 4.66
      vertex 72 14.85 4.66
    endloop
  endfacet
  facet normal -0.571266 0 0.820765
    outer loop
      vertex 72 7.45 4.66
      vertex 69.615 12.465 3
      vertex 69.615 9.835 3
    endloop
  endfacet
  facet normal -1 0 0
    outer loop
      vertex 72 7.45 4.66
      vertex 72 14.85 4.67
      vertex 72 14.85 4.66
    endloop
  endfacet
  facet normal -1 -0 0
    outer loop
      vertex 72 14.85 4.67
      vertex 72 7.45 4.66
      vertex 72 7.45 4.67
    endloop
  endfacet
  facet normal 0.99994 0 0.0109985
    outer loop
      vertex 73.2004 78.2496 41
      vertex 73.6 70.45 4.67
      vertex 73.6 77.85 4.67
    endloop
  endfacet
  facet normal 0.99994 0 0.0109985
    outer loop
      vertex 73.6 70.45 4.67
      vertex 73.2004 78.2496 41
      vertex 73.2004 70.0504 41
    endloop
  endfacet
  facet normal 0 0.99994 0.0109985
    outer loop
      vertex 81 70.45 4.67
      vertex 73.2004 70.0504 41
      vertex 81.3996 70.0504 41
    endloop
  endfacet
  facet normal 0 0.99994 0.0109985
    outer loop
      vertex 73.2004 70.0504 41
      vertex 81 70.45 4.67
      vertex 73.6 70.45 4.67
    endloop
  endfacet
  facet normal 0 -0.99994 0.0109985
    outer loop
      vertex 73.6 77.85 4.67
      vertex 81.3996 78.2496 41
      vertex 73.2004 78.2496 41
    endloop
  endfacet
  facet normal 0 -0.99994 0.0109985
    outer loop
      vertex 81.3996 78.2496 41
      vertex 73.6 77.85 4.67
      vertex 81 77.85 4.67
    endloop
  endfacet
  facet normal -0.99994 0 0.0109985
    outer loop
      vertex 81 70.45 4.67
      vertex 81.3996 78.2496 41
      vertex 81 77.85 4.67
    endloop
  endfacet
  facet normal -0.99994 0 0.0109985
    outer loop
      vertex 81.3996 78.2496 41
      vertex 81 70.45 4.67
      vertex 81.3996 70.0504 41
    endloop
  endfacet
  facet normal 0 1 -0
    outer loop
      vertex 81 70.45 4.66
      vertex 73.6 70.45 4.67
      vertex 81 70.45 4.67
    endloop
  endfacet
  facet normal 0 1 0
    outer loop
      vertex 73.6 70.45 4.67
      vertex 81 70.45 4.66
      vertex 73.6 70.45 4.66
    endloop
  endfacet
  facet normal -0 0 1
    outer loop
      vertex 75.985 75.465 3
      vertex 78.615 72.835 3
      vertex 78.615 75.465 3
    endloop
  endfacet
  facet normal 0 0 1
    outer loop
      vertex 78.615 72.835 3
      vertex 75.985 75.465 3
      vertex 75.985 72.835 3
    endloop
  endfacet
  facet normal 1 -0 0
    outer loop
      vertex 73.6 70.45 4.67
      vertex 73.6 77.85 4.66
      vertex 73.6 77.85 4.67
    endloop
  endfacet
  facet normal 1 0 0
    outer loop
      vertex 73.6 77.85 4.66
      vertex 73.6 70.45 4.67
      vertex 73.6 70.45 4.66
    endloop
  endfacet
  facet normal 0.571266 0 0.820765
    outer loop
      vertex 73.6 77.85 4.66
      vertex 75.985 72.835 3
      vertex 75.985 75.465 3
    endloop
  endfacet
  facet normal 0.571266 0 0.820765
    outer loop
      vertex 75.985 72.835 3
      vertex 73.6 77.85 4.66
      vertex 73.6 70.45 4.66
    endloop
  endfacet
  facet normal -0 0.571266 0.820765
    outer loop
      vertex 75.985 72.835 3
      vertex 81 70.45 4.66
      vertex 78.615 72.835 3
    endloop
  endfacet
  facet normal 0 0.571266 0.820765
    outer loop
      vertex 81 70.45 4.66
      vertex 75.985 72.835 3
      vertex 73.6 70.45 4.66
    endloop
  endfacet
  facet normal 0 -1 0
    outer loop
      vertex 73.6 77.85 4.66
      vertex 81 77.85 4.67
      vertex 73.6 77.85 4.67
    endloop
  endfacet
  facet normal 0 -1 -0
    outer loop
      vertex 81 77.85 4.67
      vertex 73.6 77.85 4.66
      vertex 81 77.85 4.66
    endloop
  endfacet
  facet normal 0 -0.571266 0.820765
    outer loop
      vertex 81 77.85 4.66
      vertex 75.985 75.465 3
      vertex 78.615 75.465 3
    endloop
  endfacet
  facet normal 0 -0.571266 0.820765
    outer loop
      vertex 75.985 75.465 3
      vertex 81 77.85 4.66
      vertex 73.6 77.85 4.66
    endloop
  endfacet
  facet normal -0.571266 0 0.820765
    outer loop
      vertex 78.615 75.465 3
      vertex 81 70.45 4.66
      vertex 81 77.85 4.66
    endloop
  endfacet
  facet normal -0.571266 0 0.820765
    outer loop
      vertex 81 70.45 4.66
      vertex 78.615 75.465 3
      vertex 78.615 72.835 3
    endloop
  endfacet
  facet normal -1 0 0
    outer loop
      vertex 81 70.45 4.66
      vertex 81 77.85 4.67
      vertex 81 77.85 4.66
    endloop
  endfacet
  facet normal -1 -0 0
    outer loop
      vertex 81 77.85 4.67
      vertex 81 70.45 4.66
      vertex 81 70.45 4.67
    endloop
  endfacet
  facet normal 0.99994 0 0.0109985
    outer loop
      vertex 73.2004 69.2496 41
      vertex 73.6 61.45 4.67
      vertex 73.6 68.85 4.67
    endloop
  endfacet
  facet normal 0.99994 0 0.0109985
    outer loop
      vertex 73.6 61.45 4.67
      vertex 73.2004 69.2496 41
      vertex 73.2004 61.0504 41
    endloop
  endfacet
  facet normal 0 0.99994 0.0109985
    outer loop
      vertex 81 61.45 4.67
      vertex 73.2004 61.0504 41
      vertex 81.3996 61.0504 41
    endloop
  endfacet
  facet normal 0 0.99994 0.0109985
    outer loop
      vertex 73.2004 61.0504 41
      vertex 81 61.45 4.67
      vertex 73.6 61.45 4.67
    endloop
  endfacet
  facet normal 0 -0.99994 0.0109985
    outer loop
      vertex 73.6 68.85 4.67
      vertex 81.3996 69.2496 41
      vertex 73.2004 69.2496 41
    endloop
  endfacet
  facet normal 0 -0.99994 0.0109985
    outer loop
      vertex 81.3996 69.2496 41
      vertex 73.6 68.85 4.67
      vertex 81 68.85 4.67
    endloop
  endfacet
  facet normal -0.99994 0 0.0109985
    outer loop
      vertex 81 61.45 4.67
      vertex 81.3996 69.2496 41
      vertex 81 68.85 4.67
    endloop
  endfacet
  facet normal -0.99994 0 0.0109985
    outer loop
      vertex 81.3996 69.2496 41
      vertex 81 61.45 4.67
      vertex 81.3996 61.0504 41
    endloop
  endfacet
  facet normal 0 1 -0
    outer loop
      vertex 81 61.45 4.66
      vertex 73.6 61.45 4.67
      vertex 81 61.45 4.67
    endloop
  endfacet
  facet normal 0 1 0
    outer loop
      vertex 73.6 61.45 4.67
      vertex 81 61.45 4.66
      vertex 73.6 61.45 4.66
    endloop
  endfacet
  facet normal -0 0 1
    outer loop
      vertex 75.985 66.465 3
      vertex 78.615 63.835 3
      vertex 78.615 66.465 3
    endloop
  endfacet
  facet normal 0 0 1
    outer loop
      vertex 78.615 63.835 3
      vertex 75.985 66.465 3
      vertex 75.985 63.835 3
    endloop
  endfacet
  facet normal 1 -0 0
    outer loop
      vertex 73.6 61.45 4.67
      vertex 73.6 68.85 4.66
      vertex 73.6 68.85 4.67
    endloop
  endfacet
  facet normal 1 0 0
    outer loop
      vertex 73.6 68.85 4.66
      vertex 73.6 61.45 4.67
      vertex 73.6 61.45 4.66
    endloop
  endfacet
  facet normal 0.571266 0 0.820765
    outer loop
      vertex 73.6 68.85 4.66
      vertex 75.985 63.835 3
      vertex 75.985 66.465 3
    endloop
  endfacet
  facet normal 0.571266 0 0.820765
    outer loop
      vertex 75.985 63.835 3
      vertex 73.6 68.85 4.66
      vertex 73.6 61.45 4.66
    endloop
  endfacet
  facet normal -0 0.571266 0.820765
    outer loop
      vertex 75.985 63.835 3
      vertex 81 61.45 4.66
      vertex 78.615 63.835 3
    endloop
  endfacet
  facet normal 0 0.571266 0.820765
    outer loop
      vertex 81 61.45 4.66
      vertex 75.985 63.835 3
      vertex 73.6 61.45 4.66
    endloop
  endfacet
  facet normal 0 -1 0
    outer loop
      vertex 73.6 68.85 4.66
      vertex 81 68.85 4.67
      vertex 73.6 68.85 4.67
    endloop
  endfacet
  facet normal 0 -1 -0
    outer loop
      vertex 81 68.85 4.67
      vertex 73.6 68.85 4.66
      vertex 81 68.85 4.66
    endloop
  endfacet
  facet normal 0 -0.571266 0.820765
    outer loop
      vertex 81 68.85 4.66
      vertex 75.985 66.465 3
      vertex 78.615 66.465 3
    endloop
  endfacet
  facet normal 0 -0.571266 0.820765
    outer loop
      vertex 75.985 66.465 3
      vertex 81 68.85 4.66
      vertex 73.6 68.85 4.66
    endloop
  endfacet
  facet normal -0.571266 0 0.820765
    outer loop
      vertex 78.615 66.465 3
      vertex 81 61.45 4.66
      vertex 81 68.85 4.66
    endloop
  endfacet
  facet normal -0.571266 0 0.820765
    outer loop
      vertex 81 61.45 4.66
      vertex 78.615 66.465 3
      vertex 78.615 63.835 3
    endloop
  endfacet
  facet normal -1 0 0
    outer loop
      vertex 81 61.45 4.66
      vertex 81 68.85 4.67
      vertex 81 68.85 4.66
    endloop
  endfacet
  facet normal -1 -0 0
    outer loop
      vertex 81 68.85 4.67
      vertex 81 61.45 4.66
      vertex 81 61.45 4.67
    endloop
  endfacet
  facet normal 0.99994 0 0.0109985
    outer loop
      vertex 73.2004 60.2496 41
      vertex 73.6 52.45 4.67
      vertex 73.6 59.85 4.67
    endloop
  endfacet
  facet normal 0.99994 0 0.0109985
    outer loop
      vertex 73.6 52.45 4.67
      vertex 73.2004 60.2496 41
      vertex 73.2004 52.0504 41
    endloop
  endfacet
  facet normal 0 0.99994 0.0109985
    outer loop
      vertex 81 52.45 4.67
      vertex 73.2004 52.0504 41
      vertex 81.3996 52.0504 41
    endloop
  endfacet
  facet normal 0 0.99994 0.0109985
    outer loop
      vertex 73.2004 52.0504 41
      vertex 81 52.45 4.67
      vertex 73.6 52.45 4.67
    endloop
  endfacet
  facet normal 0 -0.99994 0.0109985
    outer loop
      vertex 73.6 59.85 4.67
      vertex 81.3996 60.2496 41
      vertex 73.2004 60.2496 41
    endloop
  endfacet
  facet normal 0 -0.99994 0.0109985
    outer loop
      vertex 81.3996 60.2496 41
      vertex 73.6 59.85 4.67
      vertex 81 59.85 4.67
    endloop
  endfacet
  facet normal -0.99994 0 0.0109985
    outer loop
      vertex 81 52.45 4.67
      vertex 81.3996 60.2496 41
      vertex 81 59.85 4.67
    endloop
  endfacet
  facet normal -0.99994 0 0.0109985
    outer loop
      vertex 81.3996 60.2496 41
      vertex 81 52.45 4.67
      vertex 81.3996 52.0504 41
    endloop
  endfacet
  facet normal 0 1 -0
    outer loop
      vertex 81 52.45 4.66
      vertex 73.6 52.45 4.67
      vertex 81 52.45 4.67
    endloop
  endfacet
  facet normal 0 1 0
    outer loop
      vertex 73.6 52.45 4.67
      vertex 81 52.45 4.66
      vertex 73.6 52.45 4.66
    endloop
  endfacet
  facet normal -0 0 1
    outer loop
      vertex 75.985 57.465 3
      vertex 78.615 54.835 3
      vertex 78.615 57.465 3
    endloop
  endfacet
  facet normal 0 0 1
    outer loop
      vertex 78.615 54.835 3
      vertex 75.985 57.465 3
      vertex 75.985 54.835 3
    endloop
  endfacet
  facet normal 1 -0 0
    outer loop
      vertex 73.6 52.45 4.67
      vertex 73.6 59.85 4.66
      vertex 73.6 59.85 4.67
    endloop
  endfacet
  facet normal 1 0 0
    outer loop
      vertex 73.6 59.85 4.66
      vertex 73.6 52.45 4.67
      vertex 73.6 52.45 4.66
    endloop
  endfacet
  facet normal 0.571266 0 0.820765
    outer loop
      vertex 73.6 59.85 4.66
      vertex 75.985 54.835 3
      vertex 75.985 57.465 3
    endloop
  endfacet
  facet normal 0.571266 0 0.820765
    outer loop
      vertex 75.985 54.835 3
      vertex 73.6 59.85 4.66
      vertex 73.6 52.45 4.66
    endloop
  endfacet
  facet normal -0 0.571266 0.820765
    outer loop
      vertex 75.985 54.835 3
      vertex 81 52.45 4.66
      vertex 78.615 54.835 3
    endloop
  endfacet
  facet normal 0 0.571266 0.820765
    outer loop
      vertex 81 52.45 4.66
      vertex 75.985 54.835 3
      vertex 73.6 52.45 4.66
    endloop
  endfacet
  facet normal 0 -1 0
    outer loop
      vertex 73.6 59.85 4.66
      vertex 81 59.85 4.67
      vertex 73.6 59.85 4.67
    endloop
  endfacet
  facet normal 0 -1 -0
    outer loop
      vertex 81 59.85 4.67
      vertex 73.6 59.85 4.66
      vertex 81 59.85 4.66
    endloop
  endfacet
  facet normal 0 -0.571266 0.820765
    outer loop
      vertex 81 59.85 4.66
      vertex 75.985 57.465 3
      vertex 78.615 57.465 3
    endloop
  endfacet
  facet normal 0 -0.571266 0.820765
    outer loop
      vertex 75.985 57.465 3
      vertex 81 59.85 4.66
      vertex 73.6 59.85 4.66
    endloop
  endfacet
  facet normal -0.571266 0 0.820765
    outer loop
      vertex 78.615 57.465 3
      vertex 81 52.45 4.66
      vertex 81 59.85 4.66
    endloop
  endfacet
  facet normal -0.571266 0 0.820765
    outer loop
      vertex 81 52.45 4.66
      vertex 78.615 57.465 3
      vertex 78.615 54.835 3
    endloop
  endfacet
  facet normal -1 0 0
    outer loop
      vertex 81 52.45 4.66
      vertex 81 59.85 4.67
      vertex 81 59.85 4.66
    endloop
  endfacet
  facet normal -1 -0 0
    outer loop
      vertex 81 59.85 4.67
      vertex 81 52.45 4.66
      vertex 81 52.45 4.67
    endloop
  endfacet
  facet normal 0.99994 0 0.0109985
    outer loop
      vertex 73.2004 51.2496 41
      vertex 73.6 43.45 4.67
      vertex 73.6 50.85 4.67
    endloop
  endfacet
  facet normal 0.99994 0 0.0109985
    outer loop
      vertex 73.6 43.45 4.67
      vertex 73.2004 51.2496 41
      vertex 73.2004 43.0504 41
    endloop
  endfacet
  facet normal 0 0.99994 0.0109985
    outer loop
      vertex 81 43.45 4.67
      vertex 73.2004 43.0504 41
      vertex 81.3996 43.0504 41
    endloop
  endfacet
  facet normal 0 0.99994 0.0109985
    outer loop
      vertex 73.2004 43.0504 41
      vertex 81 43.45 4.67
      vertex 73.6 43.45 4.67
    endloop
  endfacet
  facet normal 0 -0.99994 0.0109985
    outer loop
      vertex 73.6 50.85 4.67
      vertex 81.3996 51.2496 41
      vertex 73.2004 51.2496 41
    endloop
  endfacet
  facet normal 0 -0.99994 0.0109985
    outer loop
      vertex 81.3996 51.2496 41
      vertex 73.6 50.85 4.67
      vertex 81 50.85 4.67
    endloop
  endfacet
  facet normal -0.99994 0 0.0109985
    outer loop
      vertex 81 43.45 4.67
      vertex 81.3996 51.2496 41
      vertex 81 50.85 4.67
    endloop
  endfacet
  facet normal -0.99994 0 0.0109985
    outer loop
      vertex 81.3996 51.2496 41
      vertex 81 43.45 4.67
      vertex 81.3996 43.0504 41
    endloop
  endfacet
  facet normal 0 1 -0
    outer loop
      vertex 81 43.45 4.66
      vertex 73.6 43.45 4.67
      vertex 81 43.45 4.67
    endloop
  endfacet
  facet normal 0 1 0
    outer loop
      vertex 73.6 43.45 4.67
      vertex 81 43.45 4.66
      vertex 73.6 43.45 4.66
    endloop
  endfacet
  facet normal -0 0 1
    outer loop
      vertex 75.985 48.465 3
      vertex 78.615 45.835 3
      vertex 78.615 48.465 3
    endloop
  endfacet
  facet normal 0 0 1
    outer loop
      vertex 78.615 45.835 3
      vertex 75.985 48.465 3
      vertex 75.985 45.835 3
    endloop
  endfacet
  facet normal 1 -0 0
    outer loop
      vertex 73.6 43.45 4.67
      vertex 73.6 50.85 4.66
      vertex 73.6 50.85 4.67
    endloop
  endfacet
  facet normal 1 0 0
    outer loop
      vertex 73.6 50.85 4.66
      vertex 73.6 43.45 4.67
      vertex 73.6 43.45 4.66
    endloop
  endfacet
  facet normal 0.571266 0 0.820765
    outer loop
      vertex 73.6 50.85 4.66
      vertex 75.985 45.835 3
      vertex 75.985 48.465 3
    endloop
  endfacet
  facet normal 0.571266 0 0.820765
    outer loop
      vertex 75.985 45.835 3
      vertex 73.6 50.85 4.66
      vertex 73.6 43.45 4.66
    endloop
  endfacet
  facet normal -0 0.571266 0.820765
    outer loop
      vertex 75.985 45.835 3
      vertex 81 43.45 4.66
      vertex 78.615 45.835 3
    endloop
  endfacet
  facet normal 0 0.571266 0.820765
    outer loop
      vertex 81 43.45 4.66
      vertex 75.985 45.835 3
      vertex 73.6 43.45 4.66
    endloop
  endfacet
  facet normal 0 -1 0
    outer loop
      vertex 73.6 50.85 4.66
      vertex 81 50.85 4.67
      vertex 73.6 50.85 4.67
    endloop
  endfacet
  facet normal 0 -1 -0
    outer loop
      vertex 81 50.85 4.67
      vertex 73.6 50.85 4.66
      vertex 81 50.85 4.66
    endloop
  endfacet
  facet normal 0 -0.571266 0.820765
    outer loop
      vertex 81 50.85 4.66
      vertex 75.985 48.465 3
      vertex 78.615 48.465 3
    endloop
  endfacet
  facet normal 0 -0.571266 0.820765
    outer loop
      vertex 75.985 48.465 3
      vertex 81 50.85 4.66
      vertex 73.6 50.85 4.66
    endloop
  endfacet
  facet normal -0.571266 0 0.820765
    outer loop
      vertex 78.615 48.465 3
      vertex 81 43.45 4.66
      vertex 81 50.85 4.66
    endloop
  endfacet
  facet normal -0.571266 0 0.820765
    outer loop
      vertex 81 43.45 4.66
      vertex 78.615 48.465 3
      vertex 78.615 45.835 3
    endloop
  endfacet
  facet normal -1 0 0
    outer loop
      vertex 81 43.45 4.66
      vertex 81 50.85 4.67
      vertex 81 50.85 4.66
    endloop
  endfacet
  facet normal -1 -0 0
    outer loop
      vertex 81 50.85 4.67
      vertex 81 43.45 4.66
      vertex 81 43.45 4.67
    endloop
  endfacet
  facet normal 0.99994 0 0.0109985
    outer loop
      vertex 73.2004 42.2496 41
      vertex 73.6 34.45 4.67
      vertex 73.6 41.85 4.67
    endloop
  endfacet
  facet normal 0.99994 0 0.0109985
    outer loop
      vertex 73.6 34.45 4.67
      vertex 73.2004 42.2496 41
      vertex 73.2004 34.0504 41
    endloop
  endfacet
  facet normal 0 0.99994 0.0109985
    outer loop
      vertex 81 34.45 4.67
      vertex 73.2004 34.0504 41
      vertex 81.3996 34.0504 41
    endloop
  endfacet
  facet normal 0 0.99994 0.0109985
    outer loop
      vertex 73.2004 34.0504 41
      vertex 81 34.45 4.67
      vertex 73.6 34.45 4.67
    endloop
  endfacet
  facet normal 0 -0.99994 0.0109985
    outer loop
      vertex 73.6 41.85 4.67
      vertex 81.3996 42.2496 41
      vertex 73.2004 42.2496 41
    endloop
  endfacet
  facet normal 0 -0.99994 0.0109985
    outer loop
      vertex 81.3996 42.2496 41
      vertex 73.6 41.85 4.67
      vertex 81 41.85 4.67
    endloop
  endfacet
  facet normal -0.99994 0 0.0109985
    outer loop
      vertex 81 34.45 4.67
      vertex 81.3996 42.2496 41
      vertex 81 41.85 4.67
    endloop
  endfacet
  facet normal -0.99994 0 0.0109985
    outer loop
      vertex 81.3996 42.2496 41
      vertex 81 34.45 4.67
      vertex 81.3996 34.0504 41
    endloop
  endfacet
  facet normal 0 1 -0
    outer loop
      vertex 81 34.45 4.66
      vertex 73.6 34.45 4.67
      vertex 81 34.45 4.67
    endloop
  endfacet
  facet normal 0 1 0
    outer loop
      vertex 73.6 34.45 4.67
      vertex 81 34.45 4.66
      vertex 73.6 34.45 4.66
    endloop
  endfacet
  facet normal -0 0 1
    outer loop
      vertex 75.985 39.465 3
      vertex 78.615 36.835 3
      vertex 78.615 39.465 3
    endloop
  endfacet
  facet normal 0 0 1
    outer loop
      vertex 78.615 36.835 3
      vertex 75.985 39.465 3
      vertex 75.985 36.835 3
    endloop
  endfacet
  facet normal 1 -0 0
    outer loop
      vertex 73.6 34.45 4.67
      vertex 73.6 41.85 4.66
      vertex 73.6 41.85 4.67
    endloop
  endfacet
  facet normal 1 0 0
    outer loop
      vertex 73.6 41.85 4.66
      vertex 73.6 34.45 4.67
      vertex 73.6 34.45 4.66
    endloop
  endfacet
  facet normal 0.571266 0 0.820765
    outer loop
      vertex 73.6 41.85 4.66
      vertex 75.985 36.835 3
      vertex 75.985 39.465 3
    endloop
  endfacet
  facet normal 0.571266 0 0.820765
    outer loop
      vertex 75.985 36.835 3
      vertex 73.6 41.85 4.66
      vertex 73.6 34.45 4.66
    endloop
  endfacet
  facet normal -0 0.571266 0.820765
    outer loop
      vertex 75.985 36.835 3
      vertex 81 34.45 4.66
      vertex 78.615 36.835 3
    endloop
  endfacet
  facet normal 0 0.571266 0.820765
    outer loop
      vertex 81 34.45 4.66
      vertex 75.985 36.835 3
      vertex 73.6 34.45 4.66
    endloop
  endfacet
  facet normal 0 -1 0
    outer loop
      vertex 73.6 41.85 4.66
      vertex 81 41.85 4.67
      vertex 73.6 41.85 4.67
    endloop
  endfacet
  facet normal 0 -1 -0
    outer loop
      vertex 81 41.85 4.67
      vertex 73.6 41.85 4.66
      vertex 81 41.85 4.66
    endloop
  endfacet
  facet normal 0 -0.571266 0.820765
    outer loop
      vertex 81 41.85 4.66
      vertex 75.985 39.465 3
      vertex 78.615 39.465 3
    endloop
  endfacet
  facet normal 0 -0.571266 0.820765
    outer loop
      vertex 75.985 39.465 3
      vertex 81 41.85 4.66
      vertex 73.6 41.85 4.66
    endloop
  endfacet
  facet normal -0.571266 0 0.820765
    outer loop
      vertex 78.615 39.465 3
      vertex 81 34.45 4.66
      vertex 81 41.85 4.66
    endloop
  endfacet
  facet normal -0.571266 0 0.820765
    outer loop
      vertex 81 34.45 4.66
      vertex 78.615 39.465 3
      vertex 78.615 36.835 3
    endloop
  endfacet
  facet normal -1 0 0
    outer loop
      vertex 81 34.45 4.66
      vertex 81 41.85 4.67
      vertex 81 41.85 4.66
    endloop
  endfacet
  facet normal -1 -0 0
    outer loop
      vertex 81 41.85 4.67
      vertex 81 34.45 4.66
      vertex 81 34.45 4.67
    endloop
  endfacet
  facet normal 0.99994 0 0.0109985
    outer loop
      vertex 73.2004 33.2496 41
      vertex 73.6 25.45 4.67
      vertex 73.6 32.85 4.67
    endloop
  endfacet
  facet normal 0.99994 0 0.0109985
    outer loop
      vertex 73.6 25.45 4.67
      vertex 73.2004 33.2496 41
      vertex 73.2004 25.0504 41
    endloop
  endfacet
  facet normal 0 0.99994 0.0109985
    outer loop
      vertex 81 25.45 4.67
      vertex 73.2004 25.0504 41
      vertex 81.3996 25.0504 41
    endloop
  endfacet
  facet normal 0 0.99994 0.0109985
    outer loop
      vertex 73.2004 25.0504 41
      vertex 81 25.45 4.67
      vertex 73.6 25.45 4.67
    endloop
  endfacet
  facet normal 0 -0.99994 0.0109985
    outer loop
      vertex 73.6 32.85 4.67
      vertex 81.3996 33.2496 41
      vertex 73.2004 33.2496 41
    endloop
  endfacet
  facet normal 0 -0.99994 0.0109985
    outer loop
      vertex 81.3996 33.2496 41
      vertex 73.6 32.85 4.67
      vertex 81 32.85 4.67
    endloop
  endfacet
  facet normal -0.99994 0 0.0109985
    outer loop
      vertex 81 25.45 4.67
      vertex 81.3996 33.2496 41
      vertex 81 32.85 4.67
    endloop
  endfacet
  facet normal -0.99994 0 0.0109985
    outer loop
      vertex 81.3996 33.2496 41
      vertex 81 25.45 4.67
      vertex 81.3996 25.0504 41
    endloop
  endfacet
  facet normal 0 1 -0
    outer loop
      vertex 81 25.45 4.66
      vertex 73.6 25.45 4.67
      vertex 81 25.45 4.67
    endloop
  endfacet
  facet normal 0 1 0
    outer loop
      vertex 73.6 25.45 4.67
      vertex 81 25.45 4.66
      vertex 73.6 25.45 4.66
    endloop
  endfacet
  facet normal -0 0 1
    outer loop
      vertex 75.985 30.465 3
      vertex 78.615 27.835 3
      vertex 78.615 30.465 3
    endloop
  endfacet
  facet normal 0 0 1
    outer loop
      vertex 78.615 27.835 3
      vertex 75.985 30.465 3
      vertex 75.985 27.835 3
    endloop
  endfacet
  facet normal 1 -0 0
    outer loop
      vertex 73.6 25.45 4.67
      vertex 73.6 32.85 4.66
      vertex 73.6 32.85 4.67
    endloop
  endfacet
  facet normal 1 0 0
    outer loop
      vertex 73.6 32.85 4.66
      vertex 73.6 25.45 4.67
      vertex 73.6 25.45 4.66
    endloop
  endfacet
  facet normal 0.571266 0 0.820765
    outer loop
      vertex 73.6 32.85 4.66
      vertex 75.985 27.835 3
      vertex 75.985 30.465 3
    endloop
  endfacet
  facet normal 0.571266 0 0.820765
    outer loop
      vertex 75.985 27.835 3
      vertex 73.6 32.85 4.66
      vertex 73.6 25.45 4.66
    endloop
  endfacet
  facet normal -0 0.571266 0.820765
    outer loop
      vertex 75.985 27.835 3
      vertex 81 25.45 4.66
      vertex 78.615 27.835 3
    endloop
  endfacet
  facet normal 0 0.571266 0.820765
    outer loop
      vertex 81 25.45 4.66
      vertex 75.985 27.835 3
      vertex 73.6 25.45 4.66
    endloop
  endfacet
  facet normal 0 -1 0
    outer loop
      vertex 73.6 32.85 4.66
      vertex 81 32.85 4.67
      vertex 73.6 32.85 4.67
    endloop
  endfacet
  facet normal 0 -1 -0
    outer loop
      vertex 81 32.85 4.67
      vertex 73.6 32.85 4.66
      vertex 81 32.85 4.66
    endloop
  endfacet
  facet normal 0 -0.571266 0.820765
    outer loop
      vertex 81 32.85 4.66
      vertex 75.985 30.465 3
      vertex 78.615 30.465 3
    endloop
  endfacet
  facet normal 0 -0.571266 0.820765
    outer loop
      vertex 75.985 30.465 3
      vertex 81 32.85 4.66
      vertex 73.6 32.85 4.66
    endloop
  endfacet
  facet normal -0.571266 0 0.820765
    outer loop
      vertex 78.615 30.465 3
      vertex 81 25.45 4.66
      vertex 81 32.85 4.66
    endloop
  endfacet
  facet normal -0.571266 0 0.820765
    outer loop
      vertex 81 25.45 4.66
      vertex 78.615 30.465 3
      vertex 78.615 27.835 3
    endloop
  endfacet
  facet normal -1 0 0
    outer loop
      vertex 81 25.45 4.66
      vertex 81 32.85 4.67
      vertex 81 32.85 4.66
    endloop
  endfacet
  facet normal -1 -0 0
    outer loop
      vertex 81 32.85 4.67
      vertex 81 25.45 4.66
      vertex 81 25.45 4.67
    endloop
  endfacet
  facet normal 0.99994 0 0.0109985
    outer loop
      vertex 73.2004 24.2496 41
      vertex 73.6 16.45 4.67
      vertex 73.6 23.85 4.67
    endloop
  endfacet
  facet normal 0.99994 0 0.0109985
    outer loop
      vertex 73.6 16.45 4.67
      vertex 73.2004 24.2496 41
      vertex 73.2004 16.0504 41
    endloop
  endfacet
  facet normal 0 0.99994 0.0109985
    outer loop
      vertex 81 16.45 4.67
      vertex 73.2004 16.0504 41
      vertex 81.3996 16.0504 41
    endloop
  endfacet
  facet normal 0 0.99994 0.0109985
    outer loop
      vertex 73.2004 16.0504 41
      vertex 81 16.45 4.67
      vertex 73.6 16.45 4.67
    endloop
  endfacet
  facet normal 0 -0.99994 0.0109985
    outer loop
      vertex 73.6 23.85 4.67
      vertex 81.3996 24.2496 41
      vertex 73.2004 24.2496 41
    endloop
  endfacet
  facet normal 0 -0.99994 0.0109985
    outer loop
      vertex 81.3996 24.2496 41
      vertex 73.6 23.85 4.67
      vertex 81 23.85 4.67
    endloop
  endfacet
  facet normal -0.99994 0 0.0109985
    outer loop
      vertex 81 16.45 4.67
      vertex 81.3996 24.2496 41
      vertex 81 23.85 4.67
    endloop
  endfacet
  facet normal -0.99994 0 0.0109985
    outer loop
      vertex 81.3996 24.2496 41
      vertex 81 16.45 4.67
      vertex 81.3996 16.0504 41
    endloop
  endfacet
  facet normal 0 1 -0
    outer loop
      vertex 81 16.45 4.66
      vertex 73.6 16.45 4.67
      vertex 81 16.45 4.67
    endloop
  endfacet
  facet normal 0 1 0
    outer loop
      vertex 73.6 16.45 4.67
      vertex 81 16.45 4.66
      vertex 73.6 16.45 4.66
    endloop
  endfacet
  facet normal -0 0 1
    outer loop
      vertex 75.985 21.465 3
      vertex 78.615 18.835 3
      vertex 78.615 21.465 3
    endloop
  endfacet
  facet normal 0 0 1
    outer loop
      vertex 78.615 18.835 3
      vertex 75.985 21.465 3
      vertex 75.985 18.835 3
    endloop
  endfacet
  facet normal 1 -0 0
    outer loop
      vertex 73.6 16.45 4.67
      vertex 73.6 23.85 4.66
      vertex 73.6 23.85 4.67
    endloop
  endfacet
  facet normal 1 0 0
    outer loop
      vertex 73.6 23.85 4.66
      vertex 73.6 16.45 4.67
      vertex 73.6 16.45 4.66
    endloop
  endfacet
  facet normal 0.571266 0 0.820765
    outer loop
      vertex 73.6 23.85 4.66
      vertex 75.985 18.835 3
      vertex 75.985 21.465 3
    endloop
  endfacet
  facet normal 0.571266 0 0.820765
    outer loop
      vertex 75.985 18.835 3
      vertex 73.6 23.85 4.66
      vertex 73.6 16.45 4.66
    endloop
  endfacet
  facet normal -0 0.571266 0.820765
    outer loop
      vertex 75.985 18.835 3
      vertex 81 16.45 4.66
      vertex 78.615 18.835 3
    endloop
  endfacet
  facet normal 0 0.571266 0.820765
    outer loop
      vertex 81 16.45 4.66
      vertex 75.985 18.835 3
      vertex 73.6 16.45 4.66
    endloop
  endfacet
  facet normal 0 -1 0
    outer loop
      vertex 73.6 23.85 4.66
      vertex 81 23.85 4.67
      vertex 73.6 23.85 4.67
    endloop
  endfacet
  facet normal 0 -1 -0
    outer loop
      vertex 81 23.85 4.67
      vertex 73.6 23.85 4.66
      vertex 81 23.85 4.66
    endloop
  endfacet
  facet normal 0 -0.571266 0.820765
    outer loop
      vertex 81 23.85 4.66
      vertex 75.985 21.465 3
      vertex 78.615 21.465 3
    endloop
  endfacet
  facet normal 0 -0.571266 0.820765
    outer loop
      vertex 75.985 21.465 3
      vertex 81 23.85 4.66
      vertex 73.6 23.85 4.66
    endloop
  endfacet
  facet normal -0.571266 0 0.820765
    outer loop
      vertex 78.615 21.465 3
      vertex 81 16.45 4.66
      vertex 81 23.85 4.66
    endloop
  endfacet
  facet normal -0.571266 0 0.820765
    outer loop
      vertex 81 16.45 4.66
      vertex 78.615 21.465 3
      vertex 78.615 18.835 3
    endloop
  endfacet
  facet normal -1 0 0
    outer loop
      vertex 81 16.45 4.66
      vertex 81 23.85 4.67
      vertex 81 23.85 4.66
    endloop
  endfacet
  facet normal -1 -0 0
    outer loop
      vertex 81 23.85 4.67
      vertex 81 16.45 4.66
      vertex 81 16.45 4.67
    endloop
  endfacet
  facet normal 0.99994 0 0.0109985
    outer loop
      vertex 73.2004 15.2496 41
      vertex 73.6 7.45 4.67
      vertex 73.6 14.85 4.67
    endloop
  endfacet
  facet normal 0.99994 0 0.0109985
    outer loop
      vertex 73.6 7.45 4.67
      vertex 73.2004 15.2496 41
      vertex 73.2004 7.05044 41
    endloop
  endfacet
  facet normal 0 0.99994 0.0109974
    outer loop
      vertex 81 7.45 4.67
      vertex 73.2004 7.05044 41
      vertex 81.3996 7.05044 41
    endloop
  endfacet
  facet normal 0 0.99994 0.0109974
    outer loop
      vertex 73.2004 7.05044 41
      vertex 81 7.45 4.67
      vertex 73.6 7.45 4.67
    endloop
  endfacet
  facet normal 0 -0.99994 0.0109985
    outer loop
      vertex 73.6 14.85 4.67
      vertex 81.3996 15.2496 41
      vertex 73.2004 15.2496 41
    endloop
  endfacet
  facet normal 0 -0.99994 0.0109985
    outer loop
      vertex 81.3996 15.2496 41
      vertex 73.6 14.85 4.67
      vertex 81 14.85 4.67
    endloop
  endfacet
  facet normal -0.99994 0 0.0109985
    outer loop
      vertex 81 7.45 4.67
      vertex 81.3996 15.2496 41
      vertex 81 14.85 4.67
    endloop
  endfacet
  facet normal -0.99994 0 0.0109985
    outer loop
      vertex 81.3996 15.2496 41
      vertex 81 7.45 4.67
      vertex 81.3996 7.05044 41
    endloop
  endfacet
  facet normal 0 1 -0
    outer loop
      vertex 81 7.45 4.66
      vertex 73.6 7.45 4.67
      vertex 81 7.45 4.67
    endloop
  endfacet
  facet normal 0 1 0
    outer loop
      vertex 73.6 7.45 4.67
      vertex 81 7.45 4.66
      vertex 73.6 7.45 4.66
    endloop
  endfacet
  facet normal -0 0 1
    outer loop
      vertex 75.985 12.465 3
      vertex 78.615 9.835 3
      vertex 78.615 12.465 3
    endloop
  endfacet
  facet normal 0 0 1
    outer loop
      vertex 78.615 9.835 3
      vertex 75.985 12.465 3
      vertex 75.985 9.835 3
    endloop
  endfacet
  facet normal 1 -0 0
    outer loop
      vertex 73.6 7.45 4.67
      vertex 73.6 14.85 4.66
      vertex 73.6 14.85 4.67
    endloop
  endfacet
  facet normal 1 0 0
    outer loop
      vertex 73.6 14.85 4.66
      vertex 73.6 7.45 4.67
      vertex 73.6 7.45 4.66
    endloop
  endfacet
  facet normal 0.571266 0 0.820765
    outer loop
      vertex 73.6 14.85 4.66
      vertex 75.985 9.835 3
      vertex 75.985 12.465 3
    endloop
  endfacet
  facet normal 0.571266 0 0.820765
    outer loop
      vertex 75.985 9.835 3
      vertex 73.6 14.85 4.66
      vertex 73.6 7.45 4.66
    endloop
  endfacet
  facet normal -0 0.571266 0.820765
    outer loop
      vertex 75.985 9.835 3
      vertex 81 7.45 4.66
      vertex 78.615 9.835 3
    endloop
  endfacet
  facet normal 0 0.571266 0.820765
    outer loop
      vertex 81 7.45 4.66
      vertex 75.985 9.835 3
      vertex 73.6 7.45 4.66
    endloop
  endfacet
  facet normal 0 -1 0
    outer loop
      vertex 73.6 14.85 4.66
      vertex 81 14.85 4.67
      vertex 73.6 14.85 4.67
    endloop
  endfacet
  facet normal 0 -1 -0
    outer loop
      vertex 81 14.85 4.67
      vertex 73.6 14.85 4.66
      vertex 81 14.85 4.66
    endloop
  endfacet
  facet normal 0 -0.571266 0.820765
    outer loop
      vertex 81 14.85 4.66
      vertex 75.985 12.465 3
      vertex 78.615 12.465 3
    endloop
  endfacet
  facet normal 0 -0.571266 0.820765
    outer loop
      vertex 75.985 12.465 3
      vertex 81 14.85 4.66
      vertex 73.6 14.85 4.66
    endloop
  endfacet
  facet normal -0.571266 0 0.820765
    outer loop
      vertex 78.615 12.465 3
      vertex 81 7.45 4.66
      vertex 81 14.85 4.66
    endloop
  endfacet
  facet normal -0.571266 0 0.820765
    outer loop
      vertex 81 7.45 4.66
      vertex 78.615 12.465 3
      vertex 78.615 9.835 3
    endloop
  endfacet
  facet normal -1 0 0
    outer loop
      vertex 81 7.45 4.66
      vertex 81 14.85 4.67
      vertex 81 14.85 4.66
    endloop
  endfacet
  facet normal -1 -0 0
    outer loop
      vertex 81 14.85 4.67
      vertex 81 7.45 4.66
      vertex 81 7.45 4.67
    endloop
  endfacet
  facet normal 0.99994 0 0.0109985
    outer loop
      vertex 82.2004 78.2496 41
      vertex 82.6 70.45 4.67
      vertex 82.6 77.85 4.67
    endloop
  endfacet
  facet normal 0.99994 0 0.0109985
    outer loop
      vertex 82.6 70.45 4.67
      vertex 82.2004 78.2496 41
      vertex 82.2004 70.0504 41
    endloop
  endfacet
  facet normal 0 0.99994 0.0109985
    outer loop
      vertex 90 70.45 4.67
      vertex 82.2004 70.0504 41
      vertex 90.3996 70.0504 41
    endloop
  endfacet
  facet normal 0 0.99994 0.0109985
    outer loop
      vertex 82.2004 70.0504 41
      vertex 90 70.45 4.67
      vertex 82.6 70.45 4.67
    endloop
  endfacet
  facet normal 0 -0.99994 0.0109985
    outer loop
      vertex 82.6 77.85 4.67
      vertex 90.3996 78.2496 41
      vertex 82.2004 78.2496 41
    endloop
  endfacet
  facet normal 0 -0.99994 0.0109985
    outer loop
      vertex 90.3996 78.2496 41
      vertex 82.6 77.85 4.67
      vertex 90 77.85 4.67
    endloop
  endfacet
  facet normal -0.99994 0 0.0109985
    outer loop
      vertex 90 70.45 4.67
      vertex 90.3996 78.2496 41
      vertex 90 77.85 4.67
    endloop
  endfacet
  facet normal -0.99994 0 0.0109985
    outer loop
      vertex 90.3996 78.2496 41
      vertex 90 70.45 4.67
      vertex 90.3996 70.0504 41
    endloop
  endfacet
  facet normal 0 1 -0
    outer loop
      vertex 90 70.45 4.66
      vertex 82.6 70.45 4.67
      vertex 90 70.45 4.67
    endloop
  endfacet
  facet normal 0 1 0
    outer loop
      vertex 82.6 70.45 4.67
      vertex 90 70.45 4.66
      vertex 82.6 70.45 4.66
    endloop
  endfacet
  facet normal -0 0 1
    outer loop
      vertex 84.985 75.465 3
      vertex 87.615 72.835 3
      vertex 87.615 75.465 3
    endloop
  endfacet
  facet normal 0 0 1
    outer loop
      vertex 87.615 72.835 3
      vertex 84.985 75.465 3
      vertex 84.985 72.835 3
    endloop
  endfacet
  facet normal 1 -0 0
    outer loop
      vertex 82.6 70.45 4.67
      vertex 82.6 77.85 4.66
      vertex 82.6 77.85 4.67
    endloop
  endfacet
  facet normal 1 0 0
    outer loop
      vertex 82.6 77.85 4.66
      vertex 82.6 70.45 4.67
      vertex 82.6 70.45 4.66
    endloop
  endfacet
  facet normal 0.571266 0 0.820765
    outer loop
      vertex 82.6 77.85 4.66
      vertex 84.985 72.835 3
      vertex 84.985 75.465 3
    endloop
  endfacet
  facet normal 0.571266 0 0.820765
    outer loop
      vertex 84.985 72.835 3
      vertex 82.6 77.85 4.66
      vertex 82.6 70.45 4.66
    endloop
  endfacet
  facet normal -0 0.571266 0.820765
    outer loop
      vertex 84.985 72.835 3
      vertex 90 70.45 4.66
      vertex 87.615 72.835 3
    endloop
  endfacet
  facet normal 0 0.571266 0.820765
    outer loop
      vertex 90 70.45 4.66
      vertex 84.985 72.835 3
      vertex 82.6 70.45 4.66
    endloop
  endfacet
  facet normal 0 -1 0
    outer loop
      vertex 82.6 77.85 4.66
      vertex 90 77.85 4.67
      vertex 82.6 77.85 4.67
    endloop
  endfacet
  facet normal 0 -1 -0
    outer loop
      vertex 90 77.85 4.67
      vertex 82.6 77.85 4.66
      vertex 90 77.85 4.66
    endloop
  endfacet
  facet normal 0 -0.571266 0.820765
    outer loop
      vertex 90 77.85 4.66
      vertex 84.985 75.465 3
      vertex 87.615 75.465 3
    endloop
  endfacet
  facet normal 0 -0.571266 0.820765
    outer loop
      vertex 84.985 75.465 3
      vertex 90 77.85 4.66
      vertex 82.6 77.85 4.66
    endloop
  endfacet
  facet normal -0.571266 0 0.820765
    outer loop
      vertex 87.615 75.465 3
      vertex 90 70.45 4.66
      vertex 90 77.85 4.66
    endloop
  endfacet
  facet normal -0.571266 0 0.820765
    outer loop
      vertex 90 70.45 4.66
      vertex 87.615 75.465 3
      vertex 87.615 72.835 3
    endloop
  endfacet
  facet normal -1 0 0
    outer loop
      vertex 90 70.45 4.66
      vertex 90 77.85 4.67
      vertex 90 77.85 4.66
    endloop
  endfacet
  facet normal -1 -0 0
    outer loop
      vertex 90 77.85 4.67
      vertex 90 70.45 4.66
      vertex 90 70.45 4.67
    endloop
  endfacet
  facet normal 0.99994 0 0.0109985
    outer loop
      vertex 82.2004 69.2496 41
      vertex 82.6 61.45 4.67
      vertex 82.6 68.85 4.67
    endloop
  endfacet
  facet normal 0.99994 0 0.0109985
    outer loop
      vertex 82.6 61.45 4.67
      vertex 82.2004 69.2496 41
      vertex 82.2004 61.0504 41
    endloop
  endfacet
  facet normal 0 0.99994 0.0109985
    outer loop
      vertex 90 61.45 4.67
      vertex 82.2004 61.0504 41
      vertex 90.3996 61.0504 41
    endloop
  endfacet
  facet normal 0 0.99994 0.0109985
    outer loop
      vertex 82.2004 61.0504 41
      vertex 90 61.45 4.67
      vertex 82.6 61.45 4.67
    endloop
  endfacet
  facet normal 0 -0.99994 0.0109985
    outer loop
      vertex 82.6 68.85 4.67
      vertex 90.3996 69.2496 41
      vertex 82.2004 69.2496 41
    endloop
  endfacet
  facet normal 0 -0.99994 0.0109985
    outer loop
      vertex 90.3996 69.2496 41
      vertex 82.6 68.85 4.67
      vertex 90 68.85 4.67
    endloop
  endfacet
  facet normal -0.99994 0 0.0109985
    outer loop
      vertex 90 61.45 4.67
      vertex 90.3996 69.2496 41
      vertex 90 68.85 4.67
    endloop
  endfacet
  facet normal -0.99994 0 0.0109985
    outer loop
      vertex 90.3996 69.2496 41
      vertex 90 61.45 4.67
      vertex 90.3996 61.0504 41
    endloop
  endfacet
  facet normal 0 1 -0
    outer loop
      vertex 90 61.45 4.66
      vertex 82.6 61.45 4.67
      vertex 90 61.45 4.67
    endloop
  endfacet
  facet normal 0 1 0
    outer loop
      vertex 82.6 61.45 4.67
      vertex 90 61.45 4.66
      vertex 82.6 61.45 4.66
    endloop
  endfacet
  facet normal -0 0 1
    outer loop
      vertex 84.985 66.465 3
      vertex 87.615 63.835 3
      vertex 87.615 66.465 3
    endloop
  endfacet
  facet normal 0 0 1
    outer loop
      vertex 87.615 63.835 3
      vertex 84.985 66.465 3
      vertex 84.985 63.835 3
    endloop
  endfacet
  facet normal 1 -0 0
    outer loop
      vertex 82.6 61.45 4.67
      vertex 82.6 68.85 4.66
      vertex 82.6 68.85 4.67
    endloop
  endfacet
  facet normal 1 0 0
    outer loop
      vertex 82.6 68.85 4.66
      vertex 82.6 61.45 4.67
      vertex 82.6 61.45 4.66
    endloop
  endfacet
  facet normal 0.571266 0 0.820765
    outer loop
      vertex 82.6 68.85 4.66
      vertex 84.985 63.835 3
      vertex 84.985 66.465 3
    endloop
  endfacet
  facet normal 0.571266 0 0.820765
    outer loop
      vertex 84.985 63.835 3
      vertex 82.6 68.85 4.66
      vertex 82.6 61.45 4.66
    endloop
  endfacet
  facet normal -0 0.571266 0.820765
    outer loop
      vertex 84.985 63.835 3
      vertex 90 61.45 4.66
      vertex 87.615 63.835 3
    endloop
  endfacet
  facet normal 0 0.571266 0.820765
    outer loop
      vertex 90 61.45 4.66
      vertex 84.985 63.835 3
      vertex 82.6 61.45 4.66
    endloop
  endfacet
  facet normal 0 -1 0
    outer loop
      vertex 82.6 68.85 4.66
      vertex 90 68.85 4.67
      vertex 82.6 68.85 4.67
    endloop
  endfacet
  facet normal 0 -1 -0
    outer loop
      vertex 90 68.85 4.67
      vertex 82.6 68.85 4.66
      vertex 90 68.85 4.66
    endloop
  endfacet
  facet normal 0 -0.571266 0.820765
    outer loop
      vertex 90 68.85 4.66
      vertex 84.985 66.465 3
      vertex 87.615 66.465 3
    endloop
  endfacet
  facet normal 0 -0.571266 0.820765
    outer loop
      vertex 84.985 66.465 3
      vertex 90 68.85 4.66
      vertex 82.6 68.85 4.66
    endloop
  endfacet
  facet normal -0.571266 0 0.820765
    outer loop
      vertex 87.615 66.465 3
      vertex 90 61.45 4.66
      vertex 90 68.85 4.66
    endloop
  endfacet
  facet normal -0.571266 0 0.820765
    outer loop
      vertex 90 61.45 4.66
      vertex 87.615 66.465 3
      vertex 87.615 63.835 3
    endloop
  endfacet
  facet normal -1 0 0
    outer loop
      vertex 90 61.45 4.66
      vertex 90 68.85 4.67
      vertex 90 68.85 4.66
    endloop
  endfacet
  facet normal -1 -0 0
    outer loop
      vertex 90 68.85 4.67
      vertex 90 61.45 4.66
      vertex 90 61.45 4.67
    endloop
  endfacet
  facet normal 0.99994 0 0.0109985
    outer loop
      vertex 82.2004 60.2496 41
      vertex 82.6 52.45 4.67
      vertex 82.6 59.85 4.67
    endloop
  endfacet
  facet normal 0.99994 0 0.0109985
    outer loop
      vertex 82.6 52.45 4.67
      vertex 82.2004 60.2496 41
      vertex 82.2004 52.0504 41
    endloop
  endfacet
  facet normal 0 0.99994 0.0109985
    outer loop
      vertex 90 52.45 4.67
      vertex 82.2004 52.0504 41
      vertex 90.3996 52.0504 41
    endloop
  endfacet
  facet normal 0 0.99994 0.0109985
    outer loop
      vertex 82.2004 52.0504 41
      vertex 90 52.45 4.67
      vertex 82.6 52.45 4.67
    endloop
  endfacet
  facet normal 0 -0.99994 0.0109985
    outer loop
      vertex 82.6 59.85 4.67
      vertex 90.3996 60.2496 41
      vertex 82.2004 60.2496 41
    endloop
  endfacet
  facet normal 0 -0.99994 0.0109985
    outer loop
      vertex 90.3996 60.2496 41
      vertex 82.6 59.85 4.67
      vertex 90 59.85 4.67
    endloop
  endfacet
  facet normal -0.99994 0 0.0109985
    outer loop
      vertex 90 52.45 4.67
      vertex 90.3996 60.2496 41
      vertex 90 59.85 4.67
    endloop
  endfacet
  facet normal -0.99994 0 0.0109985
    outer loop
      vertex 90.3996 60.2496 41
      vertex 90 52.45 4.67
      vertex 90.3996 52.0504 41
    endloop
  endfacet
  facet normal 0 1 -0
    outer loop
      vertex 90 52.45 4.66
      vertex 82.6 52.45 4.67
      vertex 90 52.45 4.67
    endloop
  endfacet
  facet normal 0 1 0
    outer loop
      vertex 82.6 52.45 4.67
      vertex 90 52.45 4.66
      vertex 82.6 52.45 4.66
    endloop
  endfacet
  facet normal -0 0 1
    outer loop
      vertex 84.985 57.465 3
      vertex 87.615 54.835 3
      vertex 87.615 57.465 3
    endloop
  endfacet
  facet normal 0 0 1
    outer loop
      vertex 87.615 54.835 3
      vertex 84.985 57.465 3
      vertex 84.985 54.835 3
    endloop
  endfacet
  facet normal 1 -0 0
    outer loop
      vertex 82.6 52.45 4.67
      vertex 82.6 59.85 4.66
      vertex 82.6 59.85 4.67
    endloop
  endfacet
  facet normal 1 0 0
    outer loop
      vertex 82.6 59.85 4.66
      vertex 82.6 52.45 4.67
      vertex 82.6 52.45 4.66
    endloop
  endfacet
  facet normal 0.571266 0 0.820765
    outer loop
      vertex 82.6 59.85 4.66
      vertex 84.985 54.835 3
      vertex 84.985 57.465 3
    endloop
  endfacet
  facet normal 0.571266 0 0.820765
    outer loop
      vertex 84.985 54.835 3
      vertex 82.6 59.85 4.66
      vertex 82.6 52.45 4.66
    endloop
  endfacet
  facet normal -0 0.571266 0.820765
    outer loop
      vertex 84.985 54.835 3
      vertex 90 52.45 4.66
      vertex 87.615 54.835 3
    endloop
  endfacet
  facet normal 0 0.571266 0.820765
    outer loop
      vertex 90 52.45 4.66
      vertex 84.985 54.835 3
      vertex 82.6 52.45 4.66
    endloop
  endfacet
  facet normal 0 -1 0
    outer loop
      vertex 82.6 59.85 4.66
      vertex 90 59.85 4.67
      vertex 82.6 59.85 4.67
    endloop
  endfacet
  facet normal 0 -1 -0
    outer loop
      vertex 90 59.85 4.67
      vertex 82.6 59.85 4.66
      vertex 90 59.85 4.66
    endloop
  endfacet
  facet normal 0 -0.571266 0.820765
    outer loop
      vertex 90 59.85 4.66
      vertex 84.985 57.465 3
      vertex 87.615 57.465 3
    endloop
  endfacet
  facet normal 0 -0.571266 0.820765
    outer loop
      vertex 84.985 57.465 3
      vertex 90 59.85 4.66
      vertex 82.6 59.85 4.66
    endloop
  endfacet
  facet normal -0.571266 0 0.820765
    outer loop
      vertex 87.615 57.465 3
      vertex 90 52.45 4.66
      vertex 90 59.85 4.66
    endloop
  endfacet
  facet normal -0.571266 0 0.820765
    outer loop
      vertex 90 52.45 4.66
      vertex 87.615 57.465 3
      vertex 87.615 54.835 3
    endloop
  endfacet
  facet normal -1 0 0
    outer loop
      vertex 90 52.45 4.66
      vertex 90 59.85 4.67
      vertex 90 59.85 4.66
    endloop
  endfacet
  facet normal -1 -0 0
    outer loop
      vertex 90 59.85 4.67
      vertex 90 52.45 4.66
      vertex 90 52.45 4.67
    endloop
  endfacet
  facet normal 0.99994 0 0.0109985
    outer loop
      vertex 82.2004 51.2496 41
      vertex 82.6 43.45 4.67
      vertex 82.6 50.85 4.67
    endloop
  endfacet
  facet normal 0.99994 0 0.0109985
    outer loop
      vertex 82.6 43.45 4.67
      vertex 82.2004 51.2496 41
      vertex 82.2004 43.0504 41
    endloop
  endfacet
  facet normal 0 0.99994 0.0109985
    outer loop
      vertex 90 43.45 4.67
      vertex 82.2004 43.0504 41
      vertex 90.3996 43.0504 41
    endloop
  endfacet
  facet normal 0 0.99994 0.0109985
    outer loop
      vertex 82.2004 43.0504 41
      vertex 90 43.45 4.67
      vertex 82.6 43.45 4.67
    endloop
  endfacet
  facet normal 0 -0.99994 0.0109985
    outer loop
      vertex 82.6 50.85 4.67
      vertex 90.3996 51.2496 41
      vertex 82.2004 51.2496 41
    endloop
  endfacet
  facet normal 0 -0.99994 0.0109985
    outer loop
      vertex 90.3996 51.2496 41
      vertex 82.6 50.85 4.67
      vertex 90 50.85 4.67
    endloop
  endfacet
  facet normal -0.99994 0 0.0109985
    outer loop
      vertex 90 43.45 4.67
      vertex 90.3996 51.2496 41
      vertex 90 50.85 4.67
    endloop
  endfacet
  facet normal -0.99994 0 0.0109985
    outer loop
      vertex 90.3996 51.2496 41
      vertex 90 43.45 4.67
      vertex 90.3996 43.0504 41
    endloop
  endfacet
  facet normal 0 1 -0
    outer loop
      vertex 90 43.45 4.66
      vertex 82.6 43.45 4.67
      vertex 90 43.45 4.67
    endloop
  endfacet
  facet normal 0 1 0
    outer loop
      vertex 82.6 43.45 4.67
      vertex 90 43.45 4.66
      vertex 82.6 43.45 4.66
    endloop
  endfacet
  facet normal -0 0 1
    outer loop
      vertex 84.985 48.465 3
      vertex 87.615 45.835 3
      vertex 87.615 48.465 3
    endloop
  endfacet
  facet normal 0 0 1
    outer loop
      vertex 87.615 45.835 3
      vertex 84.985 48.465 3
      vertex 84.985 45.835 3
    endloop
  endfacet
  facet normal 1 -0 0
    outer loop
      vertex 82.6 43.45 4.67
      vertex 82.6 50.85 4.66
      vertex 82.6 50.85 4.67
    endloop
  endfacet
  facet normal 1 0 0
    outer loop
      vertex 82.6 50.85 4.66
      vertex 82.6 43.45 4.67
      vertex 82.6 43.45 4.66
    endloop
  endfacet
  facet normal 0.571266 0 0.820765
    outer loop
      vertex 82.6 50.85 4.66
      vertex 84.985 45.835 3
      vertex 84.985 48.465 3
    endloop
  endfacet
  facet normal 0.571266 0 0.820765
    outer loop
      vertex 84.985 45.835 3
      vertex 82.6 50.85 4.66
      vertex 82.6 43.45 4.66
    endloop
  endfacet
  facet normal -0 0.571266 0.820765
    outer loop
      vertex 84.985 45.835 3
      vertex 90 43.45 4.66
      vertex 87.615 45.835 3
    endloop
  endfacet
  facet normal 0 0.571266 0.820765
    outer loop
      vertex 90 43.45 4.66
      vertex 84.985 45.835 3
      vertex 82.6 43.45 4.66
    endloop
  endfacet
  facet normal 0 -1 0
    outer loop
      vertex 82.6 50.85 4.66
      vertex 90 50.85 4.67
      vertex 82.6 50.85 4.67
    endloop
  endfacet
  facet normal 0 -1 -0
    outer loop
      vertex 90 50.85 4.67
      vertex 82.6 50.85 4.66
      vertex 90 50.85 4.66
    endloop
  endfacet
  facet normal 0 -0.571266 0.820765
    outer loop
      vertex 90 50.85 4.66
      vertex 84.985 48.465 3
      vertex 87.615 48.465 3
    endloop
  endfacet
  facet normal 0 -0.571266 0.820765
    outer loop
      vertex 84.985 48.465 3
      vertex 90 50.85 4.66
      vertex 82.6 50.85 4.66
    endloop
  endfacet
  facet normal -0.571266 0 0.820765
    outer loop
      vertex 87.615 48.465 3
      vertex 90 43.45 4.66
      vertex 90 50.85 4.66
    endloop
  endfacet
  facet normal -0.571266 0 0.820765
    outer loop
      vertex 90 43.45 4.66
      vertex 87.615 48.465 3
      vertex 87.615 45.835 3
    endloop
  endfacet
  facet normal -1 0 0
    outer loop
      vertex 90 43.45 4.66
      vertex 90 50.85 4.67
      vertex 90 50.85 4.66
    endloop
  endfacet
  facet normal -1 -0 0
    outer loop
      vertex 90 50.85 4.67
      vertex 90 43.45 4.66
      vertex 90 43.45 4.67
    endloop
  endfacet
  facet normal 0.99994 0 0.0109985
    outer loop
      vertex 82.2004 42.2496 41
      vertex 82.6 34.45 4.67
      vertex 82.6 41.85 4.67
    endloop
  endfacet
  facet normal 0.99994 0 0.0109985
    outer loop
      vertex 82.6 34.45 4.67
      vertex 82.2004 42.2496 41
      vertex 82.2004 34.0504 41
    endloop
  endfacet
  facet normal 0 0.99994 0.0109985
    outer loop
      vertex 90 34.45 4.67
      vertex 82.2004 34.0504 41
      vertex 90.3996 34.0504 41
    endloop
  endfacet
  facet normal 0 0.99994 0.0109985
    outer loop
      vertex 82.2004 34.0504 41
      vertex 90 34.45 4.67
      vertex 82.6 34.45 4.67
    endloop
  endfacet
  facet normal 0 -0.99994 0.0109985
    outer loop
      vertex 82.6 41.85 4.67
      vertex 90.3996 42.2496 41
      vertex 82.2004 42.2496 41
    endloop
  endfacet
  facet normal 0 -0.99994 0.0109985
    outer loop
      vertex 90.3996 42.2496 41
      vertex 82.6 41.85 4.67
      vertex 90 41.85 4.67
    endloop
  endfacet
  facet normal -0.99994 0 0.0109985
    outer loop
      vertex 90 34.45 4.67
      vertex 90.3996 42.2496 41
      vertex 90 41.85 4.67
    endloop
  endfacet
  facet normal -0.99994 0 0.0109985
    outer loop
      vertex 90.3996 42.2496 41
      vertex 90 34.45 4.67
      vertex 90.3996 34.0504 41
    endloop
  endfacet
  facet normal 0 1 -0
    outer loop
      vertex 90 34.45 4.66
      vertex 82.6 34.45 4.67
      vertex 90 34.45 4.67
    endloop
  endfacet
  facet normal 0 1 0
    outer loop
      vertex 82.6 34.45 4.67
      vertex 90 34.45 4.66
      vertex 82.6 34.45 4.66
    endloop
  endfacet
  facet normal -0 0 1
    outer loop
      vertex 84.985 39.465 3
      vertex 87.615 36.835 3
      vertex 87.615 39.465 3
    endloop
  endfacet
  facet normal 0 0 1
    outer loop
      vertex 87.615 36.835 3
      vertex 84.985 39.465 3
      vertex 84.985 36.835 3
    endloop
  endfacet
  facet normal 1 -0 0
    outer loop
      vertex 82.6 34.45 4.67
      vertex 82.6 41.85 4.66
      vertex 82.6 41.85 4.67
    endloop
  endfacet
  facet normal 1 0 0
    outer loop
      vertex 82.6 41.85 4.66
      vertex 82.6 34.45 4.67
      vertex 82.6 34.45 4.66
    endloop
  endfacet
  facet normal 0.571266 0 0.820765
    outer loop
      vertex 82.6 41.85 4.66
      vertex 84.985 36.835 3
      vertex 84.985 39.465 3
    endloop
  endfacet
  facet normal 0.571266 0 0.820765
    outer loop
      vertex 84.985 36.835 3
      vertex 82.6 41.85 4.66
      vertex 82.6 34.45 4.66
    endloop
  endfacet
  facet normal -0 0.571266 0.820765
    outer loop
      vertex 84.985 36.835 3
      vertex 90 34.45 4.66
      vertex 87.615 36.835 3
    endloop
  endfacet
  facet normal 0 0.571266 0.820765
    outer loop
      vertex 90 34.45 4.66
      vertex 84.985 36.835 3
      vertex 82.6 34.45 4.66
    endloop
  endfacet
  facet normal 0 -1 0
    outer loop
      vertex 82.6 41.85 4.66
      vertex 90 41.85 4.67
      vertex 82.6 41.85 4.67
    endloop
  endfacet
  facet normal 0 -1 -0
    outer loop
      vertex 90 41.85 4.67
      vertex 82.6 41.85 4.66
      vertex 90 41.85 4.66
    endloop
  endfacet
  facet normal 0 -0.571266 0.820765
    outer loop
      vertex 90 41.85 4.66
      vertex 84.985 39.465 3
      vertex 87.615 39.465 3
    endloop
  endfacet
  facet normal 0 -0.571266 0.820765
    outer loop
      vertex 84.985 39.465 3
      vertex 90 41.85 4.66
      vertex 82.6 41.85 4.66
    endloop
  endfacet
  facet normal -0.571266 0 0.820765
    outer loop
      vertex 87.615 39.465 3
      vertex 90 34.45 4.66
      vertex 90 41.85 4.66
    endloop
  endfacet
  facet normal -0.571266 0 0.820765
    outer loop
      vertex 90 34.45 4.66
      vertex 87.615 39.465 3
      vertex 87.615 36.835 3
    endloop
  endfacet
  facet normal -1 0 0
    outer loop
      vertex 90 34.45 4.66
      vertex 90 41.85 4.67
      vertex 90 41.85 4.66
    endloop
  endfacet
  facet normal -1 -0 0
    outer loop
      vertex 90 41.85 4.67
      vertex 90 34.45 4.66
      vertex 90 34.45 4.67
    endloop
  endfacet
  facet normal 0.99994 0 0.0109985
    outer loop
      vertex 82.2004 33.2496 41
      vertex 82.6 25.45 4.67
      vertex 82.6 32.85 4.67
    endloop
  endfacet
  facet normal 0.99994 0 0.0109985
    outer loop
      vertex 82.6 25.45 4.67
      vertex 82.2004 33.2496 41
      vertex 82.2004 25.0504 41
    endloop
  endfacet
  facet normal 0 0.99994 0.0109985
    outer loop
      vertex 90 25.45 4.67
      vertex 82.2004 25.0504 41
      vertex 90.3996 25.0504 41
    endloop
  endfacet
  facet normal 0 0.99994 0.0109985
    outer loop
      vertex 82.2004 25.0504 41
      vertex 90 25.45 4.67
      vertex 82.6 25.45 4.67
    endloop
  endfacet
  facet normal 0 -0.99994 0.0109985
    outer loop
      vertex 82.6 32.85 4.67
      vertex 90.3996 33.2496 41
      vertex 82.2004 33.2496 41
    endloop
  endfacet
  facet normal 0 -0.99994 0.0109985
    outer loop
      vertex 90.3996 33.2496 41
      vertex 82.6 32.85 4.67
      vertex 90 32.85 4.67
    endloop
  endfacet
  facet normal -0.99994 0 0.0109985
    outer loop
      vertex 90 25.45 4.67
      vertex 90.3996 33.2496 41
      vertex 90 32.85 4.67
    endloop
  endfacet
  facet normal -0.99994 0 0.0109985
    outer loop
      vertex 90.3996 33.2496 41
      vertex 90 25.45 4.67
      vertex 90.3996 25.0504 41
    endloop
  endfacet
  facet normal 0 1 -0
    outer loop
      vertex 90 25.45 4.66
      vertex 82.6 25.45 4.67
      vertex 90 25.45 4.67
    endloop
  endfacet
  facet normal 0 1 0
    outer loop
      vertex 82.6 25.45 4.67
      vertex 90 25.45 4.66
      vertex 82.6 25.45 4.66
    endloop
  endfacet
  facet normal -0 0 1
    outer loop
      vertex 84.985 30.465 3
      vertex 87.615 27.835 3
      vertex 87.615 30.465 3
    endloop
  endfacet
  facet normal 0 0 1
    outer loop
      vertex 87.615 27.835 3
      vertex 84.985 30.465 3
      vertex 84.985 27.835 3
    endloop
  endfacet
  facet normal 1 -0 0
    outer loop
      vertex 82.6 25.45 4.67
      vertex 82.6 32.85 4.66
      vertex 82.6 32.85 4.67
    endloop
  endfacet
  facet normal 1 0 0
    outer loop
      vertex 82.6 32.85 4.66
      vertex 82.6 25.45 4.67
      vertex 82.6 25.45 4.66
    endloop
  endfacet
  facet normal 0.571266 0 0.820765
    outer loop
      vertex 82.6 32.85 4.66
      vertex 84.985 27.835 3
      vertex 84.985 30.465 3
    endloop
  endfacet
  facet normal 0.571266 0 0.820765
    outer loop
      vertex 84.985 27.835 3
      vertex 82.6 32.85 4.66
      vertex 82.6 25.45 4.66
    endloop
  endfacet
  facet normal -0 0.571266 0.820765
    outer loop
      vertex 84.985 27.835 3
      vertex 90 25.45 4.66
      vertex 87.615 27.835 3
    endloop
  endfacet
  facet normal 0 0.571266 0.820765
    outer loop
      vertex 90 25.45 4.66
      vertex 84.985 27.835 3
      vertex 82.6 25.45 4.66
    endloop
  endfacet
  facet normal 0 -1 0
    outer loop
      vertex 82.6 32.85 4.66
      vertex 90 32.85 4.67
      vertex 82.6 32.85 4.67
    endloop
  endfacet
  facet normal 0 -1 -0
    outer loop
      vertex 90 32.85 4.67
      vertex 82.6 32.85 4.66
      vertex 90 32.85 4.66
    endloop
  endfacet
  facet normal 0 -0.571266 0.820765
    outer loop
      vertex 90 32.85 4.66
      vertex 84.985 30.465 3
      vertex 87.615 30.465 3
    endloop
  endfacet
  facet normal 0 -0.571266 0.820765
    outer loop
      vertex 84.985 30.465 3
      vertex 90 32.85 4.66
      vertex 82.6 32.85 4.66
    endloop
  endfacet
  facet normal -0.571266 0 0.820765
    outer loop
      vertex 87.615 30.465 3
      vertex 90 25.45 4.66
      vertex 90 32.85 4.66
    endloop
  endfacet
  facet normal -0.571266 0 0.820765
    outer loop
      vertex 90 25.45 4.66
      vertex 87.615 30.465 3
      vertex 87.615 27.835 3
    endloop
  endfacet
  facet normal -1 0 0
    outer loop
      vertex 90 25.45 4.66
      vertex 90 32.85 4.67
      vertex 90 32.85 4.66
    endloop
  endfacet
  facet normal -1 -0 0
    outer loop
      vertex 90 32.85 4.67
      vertex 90 25.45 4.66
      vertex 90 25.45 4.67
    endloop
  endfacet
  facet normal 0.99994 0 0.0109985
    outer loop
      vertex 82.2004 24.2496 41
      vertex 82.6 16.45 4.67
      vertex 82.6 23.85 4.67
    endloop
  endfacet
  facet normal 0.99994 0 0.0109985
    outer loop
      vertex 82.6 16.45 4.67
      vertex 82.2004 24.2496 41
      vertex 82.2004 16.0504 41
    endloop
  endfacet
  facet normal 0 0.99994 0.0109985
    outer loop
      vertex 90 16.45 4.67
      vertex 82.2004 16.0504 41
      vertex 90.3996 16.0504 41
    endloop
  endfacet
  facet normal 0 0.99994 0.0109985
    outer loop
      vertex 82.2004 16.0504 41
      vertex 90 16.45 4.67
      vertex 82.6 16.45 4.67
    endloop
  endfacet
  facet normal 0 -0.99994 0.0109985
    outer loop
      vertex 82.6 23.85 4.67
      vertex 90.3996 24.2496 41
      vertex 82.2004 24.2496 41
    endloop
  endfacet
  facet normal 0 -0.99994 0.0109985
    outer loop
      vertex 90.3996 24.2496 41
      vertex 82.6 23.85 4.67
      vertex 90 23.85 4.67
    endloop
  endfacet
  facet normal -0.99994 0 0.0109985
    outer loop
      vertex 90 16.45 4.67
      vertex 90.3996 24.2496 41
      vertex 90 23.85 4.67
    endloop
  endfacet
  facet normal -0.99994 0 0.0109985
    outer loop
      vertex 90.3996 24.2496 41
      vertex 90 16.45 4.67
      vertex 90.3996 16.0504 41
    endloop
  endfacet
  facet normal 0 1 -0
    outer loop
      vertex 90 16.45 4.66
      vertex 82.6 16.45 4.67
      vertex 90 16.45 4.67
    endloop
  endfacet
  facet normal 0 1 0
    outer loop
      vertex 82.6 16.45 4.67
      vertex 90 16.45 4.66
      vertex 82.6 16.45 4.66
    endloop
  endfacet
  facet normal -0 0 1
    outer loop
      vertex 84.985 21.465 3
      vertex 87.615 18.835 3
      vertex 87.615 21.465 3
    endloop
  endfacet
  facet normal 0 0 1
    outer loop
      vertex 87.615 18.835 3
      vertex 84.985 21.465 3
      vertex 84.985 18.835 3
    endloop
  endfacet
  facet normal 1 -0 0
    outer loop
      vertex 82.6 16.45 4.67
      vertex 82.6 23.85 4.66
      vertex 82.6 23.85 4.67
    endloop
  endfacet
  facet normal 1 0 0
    outer loop
      vertex 82.6 23.85 4.66
      vertex 82.6 16.45 4.67
      vertex 82.6 16.45 4.66
    endloop
  endfacet
  facet normal 0.571266 0 0.820765
    outer loop
      vertex 82.6 23.85 4.66
      vertex 84.985 18.835 3
      vertex 84.985 21.465 3
    endloop
  endfacet
  facet normal 0.571266 0 0.820765
    outer loop
      vertex 84.985 18.835 3
      vertex 82.6 23.85 4.66
      vertex 82.6 16.45 4.66
    endloop
  endfacet
  facet normal -0 0.571266 0.820765
    outer loop
      vertex 84.985 18.835 3
      vertex 90 16.45 4.66
      vertex 87.615 18.835 3
    endloop
  endfacet
  facet normal 0 0.571266 0.820765
    outer loop
      vertex 90 16.45 4.66
      vertex 84.985 18.835 3
      vertex 82.6 16.45 4.66
    endloop
  endfacet
  facet normal 0 -1 0
    outer loop
      vertex 82.6 23.85 4.66
      vertex 90 23.85 4.67
      vertex 82.6 23.85 4.67
    endloop
  endfacet
  facet normal 0 -1 -0
    outer loop
      vertex 90 23.85 4.67
      vertex 82.6 23.85 4.66
      vertex 90 23.85 4.66
    endloop
  endfacet
  facet normal 0 -0.571266 0.820765
    outer loop
      vertex 90 23.85 4.66
      vertex 84.985 21.465 3
      vertex 87.615 21.465 3
    endloop
  endfacet
  facet normal 0 -0.571266 0.820765
    outer loop
      vertex 84.985 21.465 3
      vertex 90 23.85 4.66
      vertex 82.6 23.85 4.66
    endloop
  endfacet
  facet normal -0.571266 0 0.820765
    outer loop
      vertex 87.615 21.465 3
      vertex 90 16.45 4.66
      vertex 90 23.85 4.66
    endloop
  endfacet
  facet normal -0.571266 0 0.820765
    outer loop
      vertex 90 16.45 4.66
      vertex 87.615 21.465 3
      vertex 87.615 18.835 3
    endloop
  endfacet
  facet normal -1 0 0
    outer loop
      vertex 90 16.45 4.66
      vertex 90 23.85 4.67
      vertex 90 23.85 4.66
    endloop
  endfacet
  facet normal -1 -0 0
    outer loop
      vertex 90 23.85 4.67
      vertex 90 16.45 4.66
      vertex 90 16.45 4.67
    endloop
  endfacet
  facet normal 0.99994 0 0.0109985
    outer loop
      vertex 82.2004 15.2496 41
      vertex 82.6 7.45 4.67
      vertex 82.6 14.85 4.67
    endloop
  endfacet
  facet normal 0.99994 0 0.0109985
    outer loop
      vertex 82.6 7.45 4.67
      vertex 82.2004 15.2496 41
      vertex 82.2004 7.05044 41
    endloop
  endfacet
  facet normal 0 0.99994 0.0109974
    outer loop
      vertex 90 7.45 4.67
      vertex 82.2004 7.05044 41
      vertex 90.3996 7.05044 41
    endloop
  endfacet
  facet normal 0 0.99994 0.0109974
    outer loop
      vertex 82.2004 7.05044 41
      vertex 90 7.45 4.67
      vertex 82.6 7.45 4.67
    endloop
  endfacet
  facet normal 0 -0.99994 0.0109985
    outer loop
      vertex 82.6 14.85 4.67
      vertex 90.3996 15.2496 41
      vertex 82.2004 15.2496 41
    endloop
  endfacet
  facet normal 0 -0.99994 0.0109985
    outer loop
      vertex 90.3996 15.2496 41
      vertex 82.6 14.85 4.67
      vertex 90 14.85 4.67
    endloop
  endfacet
  facet normal -0.99994 0 0.0109985
    outer loop
      vertex 90 7.45 4.67
      vertex 90.3996 15.2496 41
      vertex 90 14.85 4.67
    endloop
  endfacet
  facet normal -0.99994 0 0.0109985
    outer loop
      vertex 90.3996 15.2496 41
      vertex 90 7.45 4.67
      vertex 90.3996 7.05044 41
    endloop
  endfacet
  facet normal 0 1 -0
    outer loop
      vertex 90 7.45 4.66
      vertex 82.6 7.45 4.67
      vertex 90 7.45 4.67
    endloop
  endfacet
  facet normal 0 1 0
    outer loop
      vertex 82.6 7.45 4.67
      vertex 90 7.45 4.66
      vertex 82.6 7.45 4.66
    endloop
  endfacet
  facet normal -0 0 1
    outer loop
      vertex 84.985 12.465 3
      vertex 87.615 9.835 3
      vertex 87.615 12.465 3
    endloop
  endfacet
  facet normal 0 0 1
    outer loop
      vertex 87.615 9.835 3
      vertex 84.985 12.465 3
      vertex 84.985 9.835 3
    endloop
  endfacet
  facet normal 1 -0 0
    outer loop
      vertex 82.6 7.45 4.67
      vertex 82.6 14.85 4.66
      vertex 82.6 14.85 4.67
    endloop
  endfacet
  facet normal 1 0 0
    outer loop
      vertex 82.6 14.85 4.66
      vertex 82.6 7.45 4.67
      vertex 82.6 7.45 4.66
    endloop
  endfacet
  facet normal 0.571266 0 0.820765
    outer loop
      vertex 82.6 14.85 4.66
      vertex 84.985 9.835 3
      vertex 84.985 12.465 3
    endloop
  endfacet
  facet normal 0.571266 0 0.820765
    outer loop
      vertex 84.985 9.835 3
      vertex 82.6 14.85 4.66
      vertex 82.6 7.45 4.66
    endloop
  endfacet
  facet normal -0 0.571266 0.820765
    outer loop
      vertex 84.985 9.835 3
      vertex 90 7.45 4.66
      vertex 87.615 9.835 3
    endloop
  endfacet
  facet normal 0 0.571266 0.820765
    outer loop
      vertex 90 7.45 4.66
      vertex 84.985 9.835 3
      vertex 82.6 7.45 4.66
    endloop
  endfacet
  facet normal 0 -1 0
    outer loop
      vertex 82.6 14.85 4.66
      vertex 90 14.85 4.67
      vertex 82.6 14.85 4.67
    endloop
  endfacet
  facet normal 0 -1 -0
    outer loop
      vertex 90 14.85 4.67
      vertex 82.6 14.85 4.66
      vertex 90 14.85 4.66
    endloop
  endfacet
  facet normal 0 -0.571266 0.820765
    outer loop
      vertex 90 14.85 4.66
      vertex 84.985 12.465 3
      vertex 87.615 12.465 3
    endloop
  endfacet
  facet normal 0 -0.571266 0.820765
    outer loop
      vertex 84.985 12.465 3
      vertex 90 14.85 4.66
      vertex 82.6 14.85 4.66
    endloop
  endfacet
  facet normal -0.571266 0 0.820765
    outer loop
      vertex 87.615 12.465 3
      vertex 90 7.45 4.66
      vertex 90 14.85 4.66
    endloop
  endfacet
  facet normal -0.571266 0 0.820765
    outer loop
      vertex 90 7.45 4.66
      vertex 87.615 12.465 3
      vertex 87.615 9.835 3
    endloop
  endfacet
  facet normal -1 0 0
    outer loop
      vertex 90 7.45 4.66
      vertex 90 14.85 4.67
      vertex 90 14.85 4.66
    endloop
  endfacet
  facet normal -1 -0 0
    outer loop
      vertex 90 14.85 4.67
      vertex 90 7.45 4.66
      vertex 90 7.45 4.67
    endloop
  endfacet
  facet normal 0.99994 0 0.0109985
    outer loop
      vertex 91.2004 78.2496 41
      vertex 91.6 70.45 4.67
      vertex 91.6 77.85 4.67
    endloop
  endfacet
  facet normal 0.99994 0 0.0109985
    outer loop
      vertex 91.6 70.45 4.67
      vertex 91.2004 78.2496 41
      vertex 91.2004 70.0504 41
    endloop
  endfacet
  facet normal 0 0.99994 0.0109985
    outer loop
      vertex 99 70.45 4.67
      vertex 91.2004 70.0504 41
      vertex 99.3996 70.0504 41
    endloop
  endfacet
  facet normal 0 0.99994 0.0109985
    outer loop
      vertex 91.2004 70.0504 41
      vertex 99 70.45 4.67
      vertex 91.6 70.45 4.67
    endloop
  endfacet
  facet normal 0 -0.99994 0.0109985
    outer loop
      vertex 91.6 77.85 4.67
      vertex 99.3996 78.2496 41
      vertex 91.2004 78.2496 41
    endloop
  endfacet
  facet normal 0 -0.99994 0.0109985
    outer loop
      vertex 99.3996 78.2496 41
      vertex 91.6 77.85 4.67
      vertex 99 77.85 4.67
    endloop
  endfacet
  facet normal -0.99994 0 0.0109985
    outer loop
      vertex 99 70.45 4.67
      vertex 99.3996 78.2496 41
      vertex 99 77.85 4.67
    endloop
  endfacet
  facet normal -0.99994 0 0.0109985
    outer loop
      vertex 99.3996 78.2496 41
      vertex 99 70.45 4.67
      vertex 99.3996 70.0504 41
    endloop
  endfacet
  facet normal 0 1 -0
    outer loop
      vertex 99 70.45 4.66
      vertex 91.6 70.45 4.67
      vertex 99 70.45 4.67
    endloop
  endfacet
  facet normal 0 1 0
    outer loop
      vertex 91.6 70.45 4.67
      vertex 99 70.45 4.66
      vertex 91.6 70.45 4.66
    endloop
  endfacet
  facet normal -0 0 1
    outer loop
      vertex 93.985 75.465 3
      vertex 96.615 72.835 3
      vertex 96.615 75.465 3
    endloop
  endfacet
  facet normal 0 0 1
    outer loop
      vertex 96.615 72.835 3
      vertex 93.985 75.465 3
      vertex 93.985 72.835 3
    endloop
  endfacet
  facet normal 1 -0 0
    outer loop
      vertex 91.6 70.45 4.67
      vertex 91.6 77.85 4.66
      vertex 91.6 77.85 4.67
    endloop
  endfacet
  facet normal 1 0 0
    outer loop
      vertex 91.6 77.85 4.66
      vertex 91.6 70.45 4.67
      vertex 91.6 70.45 4.66
    endloop
  endfacet
  facet normal 0.571266 0 0.820765
    outer loop
      vertex 91.6 77.85 4.66
      vertex 93.985 72.835 3
      vertex 93.985 75.465 3
    endloop
  endfacet
  facet normal 0.571266 0 0.820765
    outer loop
      vertex 93.985 72.835 3
      vertex 91.6 77.85 4.66
      vertex 91.6 70.45 4.66
    endloop
  endfacet
  facet normal -0 0.571266 0.820765
    outer loop
      vertex 93.985 72.835 3
      vertex 99 70.45 4.66
      vertex 96.615 72.835 3
    endloop
  endfacet
  facet normal 0 0.571266 0.820765
    outer loop
      vertex 99 70.45 4.66
      vertex 93.985 72.835 3
      vertex 91.6 70.45 4.66
    endloop
  endfacet
  facet normal 0 -1 0
    outer loop
      vertex 91.6 77.85 4.66
      vertex 99 77.85 4.67
      vertex 91.6 77.85 4.67
    endloop
  endfacet
  facet normal 0 -1 -0
    outer loop
      vertex 99 77.85 4.67
      vertex 91.6 77.85 4.66
      vertex 99 77.85 4.66
    endloop
  endfacet
  facet normal 0 -0.571266 0.820765
    outer loop
      vertex 99 77.85 4.66
      vertex 93.985 75.465 3
      vertex 96.615 75.465 3
    endloop
  endfacet
  facet normal 0 -0.571266 0.820765
    outer loop
      vertex 93.985 75.465 3
      vertex 99 77.85 4.66
      vertex 91.6 77.85 4.66
    endloop
  endfacet
  facet normal -0.571266 0 0.820765
    outer loop
      vertex 96.615 75.465 3
      vertex 99 70.45 4.66
      vertex 99 77.85 4.66
    endloop
  endfacet
  facet normal -0.571266 0 0.820765
    outer loop
      vertex 99 70.45 4.66
      vertex 96.615 75.465 3
      vertex 96.615 72.835 3
    endloop
  endfacet
  facet normal -1 0 0
    outer loop
      vertex 99 70.45 4.66
      vertex 99 77.85 4.67
      vertex 99 77.85 4.66
    endloop
  endfacet
  facet normal -1 -0 0
    outer loop
      vertex 99 77.85 4.67
      vertex 99 70.45 4.66
      vertex 99 70.45 4.67
    endloop
  endfacet
  facet normal 0.99994 0 0.0109985
    outer loop
      vertex 91.2004 69.2496 41
      vertex 91.6 61.45 4.67
      vertex 91.6 68.85 4.67
    endloop
  endfacet
  facet normal 0.99994 0 0.0109985
    outer loop
      vertex 91.6 61.45 4.67
      vertex 91.2004 69.2496 41
      vertex 91.2004 61.0504 41
    endloop
  endfacet
  facet normal 0 0.99994 0.0109985
    outer loop
      vertex 99 61.45 4.67
      vertex 91.2004 61.0504 41
      vertex 99.3996 61.0504 41
    endloop
  endfacet
  facet normal 0 0.99994 0.0109985
    outer loop
      vertex 91.2004 61.0504 41
      vertex 99 61.45 4.67
      vertex 91.6 61.45 4.67
    endloop
  endfacet
  facet normal 0 -0.99994 0.0109985
    outer loop
      vertex 91.6 68.85 4.67
      vertex 99.3996 69.2496 41
      vertex 91.2004 69.2496 41
    endloop
  endfacet
  facet normal 0 -0.99994 0.0109985
    outer loop
      vertex 99.3996 69.2496 41
      vertex 91.6 68.85 4.67
      vertex 99 68.85 4.67
    endloop
  endfacet
  facet normal -0.99994 0 0.0109985
    outer loop
      vertex 99 61.45 4.67
      vertex 99.3996 69.2496 41
      vertex 99 68.85 4.67
    endloop
  endfacet
  facet normal -0.99994 0 0.0109985
    outer loop
      vertex 99.3996 69.2496 41
      vertex 99 61.45 4.67
      vertex 99.3996 61.0504 41
    endloop
  endfacet
  facet normal 0 1 -0
    outer loop
      vertex 99 61.45 4.66
      vertex 91.6 61.45 4.67
      vertex 99 61.45 4.67
    endloop
  endfacet
  facet normal 0 1 0
    outer loop
      vertex 91.6 61.45 4.67
      vertex 99 61.45 4.66
      vertex 91.6 61.45 4.66
    endloop
  endfacet
  facet normal -0 0 1
    outer loop
      vertex 93.985 66.465 3
      vertex 96.615 63.835 3
      vertex 96.615 66.465 3
    endloop
  endfacet
  facet normal 0 0 1
    outer loop
      vertex 96.615 63.835 3
      vertex 93.985 66.465 3
      vertex 93.985 63.835 3
    endloop
  endfacet
  facet normal 1 -0 0
    outer loop
      vertex 91.6 61.45 4.67
      vertex 91.6 68.85 4.66
      vertex 91.6 68.85 4.67
    endloop
  endfacet
  facet normal 1 0 0
    outer loop
      vertex 91.6 68.85 4.66
      vertex 91.6 61.45 4.67
      vertex 91.6 61.45 4.66
    endloop
  endfacet
  facet normal 0.571266 0 0.820765
    outer loop
      vertex 91.6 68.85 4.66
      vertex 93.985 63.835 3
      vertex 93.985 66.465 3
    endloop
  endfacet
  facet normal 0.571266 0 0.820765
    outer loop
      vertex 93.985 63.835 3
      vertex 91.6 68.85 4.66
      vertex 91.6 61.45 4.66
    endloop
  endfacet
  facet normal -0 0.571266 0.820765
    outer loop
      vertex 93.985 63.835 3
      vertex 99 61.45 4.66
      vertex 96.615 63.835 3
    endloop
  endfacet
  facet normal 0 0.571266 0.820765
    outer loop
      vertex 99 61.45 4.66
      vertex 93.985 63.835 3
      vertex 91.6 61.45 4.66
    endloop
  endfacet
  facet normal 0 -1 0
    outer loop
      vertex 91.6 68.85 4.66
      vertex 99 68.85 4.67
      vertex 91.6 68.85 4.67
    endloop
  endfacet
  facet normal 0 -1 -0
    outer loop
      vertex 99 68.85 4.67
      vertex 91.6 68.85 4.66
      vertex 99 68.85 4.66
    endloop
  endfacet
  facet normal 0 -0.571266 0.820765
    outer loop
      vertex 99 68.85 4.66
      vertex 93.985 66.465 3
      vertex 96.615 66.465 3
    endloop
  endfacet
  facet normal 0 -0.571266 0.820765
    outer loop
      vertex 93.985 66.465 3
      vertex 99 68.85 4.66
      vertex 91.6 68.85 4.66
    endloop
  endfacet
  facet normal -0.571266 0 0.820765
    outer loop
      vertex 96.615 66.465 3
      vertex 99 61.45 4.66
      vertex 99 68.85 4.66
    endloop
  endfacet
  facet normal -0.571266 0 0.820765
    outer loop
      vertex 99 61.45 4.66
      vertex 96.615 66.465 3
      vertex 96.615 63.835 3
    endloop
  endfacet
  facet normal -1 0 0
    outer loop
      vertex 99 61.45 4.66
      vertex 99 68.85 4.67
      vertex 99 68.85 4.66
    endloop
  endfacet
  facet normal -1 -0 0
    outer loop
      vertex 99 68.85 4.67
      vertex 99 61.45 4.66
      vertex 99 61.45 4.67
    endloop
  endfacet
  facet normal 0.99994 0 0.0109985
    outer loop
      vertex 91.2004 60.2496 41
      vertex 91.6 52.45 4.67
      vertex 91.6 59.85 4.67
    endloop
  endfacet
  facet normal 0.99994 0 0.0109985
    outer loop
      vertex 91.6 52.45 4.67
      vertex 91.2004 60.2496 41
      vertex 91.2004 52.0504 41
    endloop
  endfacet
  facet normal 0 0.99994 0.0109985
    outer loop
      vertex 99 52.45 4.67
      vertex 91.2004 52.0504 41
      vertex 99.3996 52.0504 41
    endloop
  endfacet
  facet normal 0 0.99994 0.0109985
    outer loop
      vertex 91.2004 52.0504 41
      vertex 99 52.45 4.67
      vertex 91.6 52.45 4.67
    endloop
  endfacet
  facet normal 0 -0.99994 0.0109985
    outer loop
      vertex 91.6 59.85 4.67
      vertex 99.3996 60.2496 41
      vertex 91.2004 60.2496 41
    endloop
  endfacet
  facet normal 0 -0.99994 0.0109985
    outer loop
      vertex 99.3996 60.2496 41
      vertex 91.6 59.85 4.67
      vertex 99 59.85 4.67
    endloop
  endfacet
  facet normal -0.99994 0 0.0109985
    outer loop
      vertex 99 52.45 4.67
      vertex 99.3996 60.2496 41
      vertex 99 59.85 4.67
    endloop
  endfacet
  facet normal -0.99994 0 0.0109985
    outer loop
      vertex 99.3996 60.2496 41
      vertex 99 52.45 4.67
      vertex 99.3996 52.0504 41
    endloop
  endfacet
  facet normal 0 1 -0
    outer loop
      vertex 99 52.45 4.66
      vertex 91.6 52.45 4.67
      vertex 99 52.45 4.67
    endloop
  endfacet
  facet normal 0 1 0
    outer loop
      vertex 91.6 52.45 4.67
      vertex 99 52.45 4.66
      vertex 91.6 52.45 4.66
    endloop
  endfacet
  facet normal -0 0 1
    outer loop
      vertex 93.985 57.465 3
      vertex 96.615 54.835 3
      vertex 96.615 57.465 3
    endloop
  endfacet
  facet normal 0 0 1
    outer loop
      vertex 96.615 54.835 3
      vertex 93.985 57.465 3
      vertex 93.985 54.835 3
    endloop
  endfacet
  facet normal 1 -0 0
    outer loop
      vertex 91.6 52.45 4.67
      vertex 91.6 59.85 4.66
      vertex 91.6 59.85 4.67
    endloop
  endfacet
  facet normal 1 0 0
    outer loop
      vertex 91.6 59.85 4.66
      vertex 91.6 52.45 4.67
      vertex 91.6 52.45 4.66
    endloop
  endfacet
  facet normal 0.571266 0 0.820765
    outer loop
      vertex 91.6 59.85 4.66
      vertex 93.985 54.835 3
      vertex 93.985 57.465 3
    endloop
  endfacet
  facet normal 0.571266 0 0.820765
    outer loop
      vertex 93.985 54.835 3
      vertex 91.6 59.85 4.66
      vertex 91.6 52.45 4.66
    endloop
  endfacet
  facet normal -0 0.571266 0.820765
    outer loop
      vertex 93.985 54.835 3
      vertex 99 52.45 4.66
      vertex 96.615 54.835 3
    endloop
  endfacet
  facet normal 0 0.571266 0.820765
    outer loop
      vertex 99 52.45 4.66
      vertex 93.985 54.835 3
      vertex 91.6 52.45 4.66
    endloop
  endfacet
  facet normal 0 -1 0
    outer loop
      vertex 91.6 59.85 4.66
      vertex 99 59.85 4.67
      vertex 91.6 59.85 4.67
    endloop
  endfacet
  facet normal 0 -1 -0
    outer loop
      vertex 99 59.85 4.67
      vertex 91.6 59.85 4.66
      vertex 99 59.85 4.66
    endloop
  endfacet
  facet normal 0 -0.571266 0.820765
    outer loop
      vertex 99 59.85 4.66
      vertex 93.985 57.465 3
      vertex 96.615 57.465 3
    endloop
  endfacet
  facet normal 0 -0.571266 0.820765
    outer loop
      vertex 93.985 57.465 3
      vertex 99 59.85 4.66
      vertex 91.6 59.85 4.66
    endloop
  endfacet
  facet normal -0.571266 0 0.820765
    outer loop
      vertex 96.615 57.465 3
      vertex 99 52.45 4.66
      vertex 99 59.85 4.66
    endloop
  endfacet
  facet normal -0.571266 0 0.820765
    outer loop
      vertex 99 52.45 4.66
      vertex 96.615 57.465 3
      vertex 96.615 54.835 3
    endloop
  endfacet
  facet normal -1 0 0
    outer loop
      vertex 99 52.45 4.66
      vertex 99 59.85 4.67
      vertex 99 59.85 4.66
    endloop
  endfacet
  facet normal -1 -0 0
    outer loop
      vertex 99 59.85 4.67
      vertex 99 52.45 4.66
      vertex 99 52.45 4.67
    endloop
  endfacet
  facet normal 0.99994 0 0.0109985
    outer loop
      vertex 91.2004 51.2496 41
      vertex 91.6 43.45 4.67
      vertex 91.6 50.85 4.67
    endloop
  endfacet
  facet normal 0.99994 0 0.0109985
    outer loop
      vertex 91.6 43.45 4.67
      vertex 91.2004 51.2496 41
      vertex 91.2004 43.0504 41
    endloop
  endfacet
  facet normal 0 0.99994 0.0109985
    outer loop
      vertex 99 43.45 4.67
      vertex 91.2004 43.0504 41
      vertex 99.3996 43.0504 41
    endloop
  endfacet
  facet normal 0 0.99994 0.0109985
    outer loop
      vertex 91.2004 43.0504 41
      vertex 99 43.45 4.67
      vertex 91.6 43.45 4.67
    endloop
  endfacet
  facet normal 0 -0.99994 0.0109985
    outer loop
      vertex 91.6 50.85 4.67
      vertex 99.3996 51.2496 41
      vertex 91.2004 51.2496 41
    endloop
  endfacet
  facet normal 0 -0.99994 0.0109985
    outer loop
      vertex 99.3996 51.2496 41
      vertex 91.6 50.85 4.67
      vertex 99 50.85 4.67
    endloop
  endfacet
  facet normal -0.99994 0 0.0109985
    outer loop
      vertex 99 43.45 4.67
      vertex 99.3996 51.2496 41
      vertex 99 50.85 4.67
    endloop
  endfacet
  facet normal -0.99994 0 0.0109985
    outer loop
      vertex 99.3996 51.2496 41
      vertex 99 43.45 4.67
      vertex 99.3996 43.0504 41
    endloop
  endfacet
  facet normal 0 1 -0
    outer loop
      vertex 99 43.45 4.66
      vertex 91.6 43.45 4.67
      vertex 99 43.45 4.67
    endloop
  endfacet
  facet normal 0 1 0
    outer loop
      vertex 91.6 43.45 4.67
      vertex 99 43.45 4.66
      vertex 91.6 43.45 4.66
    endloop
  endfacet
  facet normal -0 0 1
    outer loop
      vertex 93.985 48.465 3
      vertex 96.615 45.835 3
      vertex 96.615 48.465 3
    endloop
  endfacet
  facet normal 0 0 1
    outer loop
      vertex 96.615 45.835 3
      vertex 93.985 48.465 3
      vertex 93.985 45.835 3
    endloop
  endfacet
  facet normal 1 -0 0
    outer loop
      vertex 91.6 43.45 4.67
      vertex 91.6 50.85 4.66
      vertex 91.6 50.85 4.67
    endloop
  endfacet
  facet normal 1 0 0
    outer loop
      vertex 91.6 50.85 4.66
      vertex 91.6 43.45 4.67
      vertex 91.6 43.45 4.66
    endloop
  endfacet
  facet normal 0.571266 0 0.820765
    outer loop
      vertex 91.6 50.85 4.66
      vertex 93.985 45.835 3
      vertex 93.985 48.465 3
    endloop
  endfacet
  facet normal 0.571266 0 0.820765
    outer loop
      vertex 93.985 45.835 3
      vertex 91.6 50.85 4.66
      vertex 91.6 43.45 4.66
    endloop
  endfacet
  facet normal -0 0.571266 0.820765
    outer loop
      vertex 93.985 45.835 3
      vertex 99 43.45 4.66
      vertex 96.615 45.835 3
    endloop
  endfacet
  facet normal 0 0.571266 0.820765
    outer loop
      vertex 99 43.45 4.66
      vertex 93.985 45.835 3
      vertex 91.6 43.45 4.66
    endloop
  endfacet
  facet normal 0 -1 0
    outer loop
      vertex 91.6 50.85 4.66
      vertex 99 50.85 4.67
      vertex 91.6 50.85 4.67
    endloop
  endfacet
  facet normal 0 -1 -0
    outer loop
      vertex 99 50.85 4.67
      vertex 91.6 50.85 4.66
      vertex 99 50.85 4.66
    endloop
  endfacet
  facet normal 0 -0.571266 0.820765
    outer loop
      vertex 99 50.85 4.66
      vertex 93.985 48.465 3
      vertex 96.615 48.465 3
    endloop
  endfacet
  facet normal 0 -0.571266 0.820765
    outer loop
      vertex 93.985 48.465 3
      vertex 99 50.85 4.66
      vertex 91.6 50.85 4.66
    endloop
  endfacet
  facet normal -0.571266 0 0.820765
    outer loop
      vertex 96.615 48.465 3
      vertex 99 43.45 4.66
      vertex 99 50.85 4.66
    endloop
  endfacet
  facet normal -0.571266 0 0.820765
    outer loop
      vertex 99 43.45 4.66
      vertex 96.615 48.465 3
      vertex 96.615 45.835 3
    endloop
  endfacet
  facet normal -1 0 0
    outer loop
      vertex 99 43.45 4.66
      vertex 99 50.85 4.67
      vertex 99 50.85 4.66
    endloop
  endfacet
  facet normal -1 -0 0
    outer loop
      vertex 99 50.85 4.67
      vertex 99 43.45 4.66
      vertex 99 43.45 4.67
    endloop
  endfacet
  facet normal 0.99994 0 0.0109985
    outer loop
      vertex 91.2004 42.2496 41
      vertex 91.6 34.45 4.67
      vertex 91.6 41.85 4.67
    endloop
  endfacet
  facet normal 0.99994 0 0.0109985
    outer loop
      vertex 91.6 34.45 4.67
      vertex 91.2004 42.2496 41
      vertex 91.2004 34.0504 41
    endloop
  endfacet
  facet normal 0 0.99994 0.0109985
    outer loop
      vertex 99 34.45 4.67
      vertex 91.2004 34.0504 41
      vertex 99.3996 34.0504 41
    endloop
  endfacet
  facet normal 0 0.99994 0.0109985
    outer loop
      vertex 91.2004 34.0504 41
      vertex 99 34.45 4.67
      vertex 91.6 34.45 4.67
    endloop
  endfacet
  facet normal 0 -0.99994 0.0109985
    outer loop
      vertex 91.6 41.85 4.67
      vertex 99.3996 42.2496 41
      vertex 91.2004 42.2496 41
    endloop
  endfacet
  facet normal 0 -0.99994 0.0109985
    outer loop
      vertex 99.3996 42.2496 41
      vertex 91.6 41.85 4.67
      vertex 99 41.85 4.67
    endloop
  endfacet
  facet normal -0.99994 0 0.0109985
    outer loop
      vertex 99 34.45 4.67
      vertex 99.3996 42.2496 41
      vertex 99 41.85 4.67
    endloop
  endfacet
  facet normal -0.99994 0 0.0109985
    outer loop
      vertex 99.3996 42.2496 41
      vertex 99 34.45 4.67
      vertex 99.3996 34.0504 41
    endloop
  endfacet
  facet normal 0 1 -0
    outer loop
      vertex 99 34.45 4.66
      vertex 91.6 34.45 4.67
      vertex 99 34.45 4.67
    endloop
  endfacet
  facet normal 0 1 0
    outer loop
      vertex 91.6 34.45 4.67
      vertex 99 34.45 4.66
      vertex 91.6 34.45 4.66
    endloop
  endfacet
  facet normal -0 0 1
    outer loop
      vertex 93.985 39.465 3
      vertex 96.615 36.835 3
      vertex 96.615 39.465 3
    endloop
  endfacet
  facet normal 0 0 1
    outer loop
      vertex 96.615 36.835 3
      vertex 93.985 39.465 3
      vertex 93.985 36.835 3
    endloop
  endfacet
  facet normal 1 -0 0
    outer loop
      vertex 91.6 34.45 4.67
      vertex 91.6 41.85 4.66
      vertex 91.6 41.85 4.67
    endloop
  endfacet
  facet normal 1 0 0
    outer loop
      vertex 91.6 41.85 4.66
      vertex 91.6 34.45 4.67
      vertex 91.6 34.45 4.66
    endloop
  endfacet
  facet normal 0.571266 0 0.820765
    outer loop
      vertex 91.6 41.85 4.66
      vertex 93.985 36.835 3
      vertex 93.985 39.465 3
    endloop
  endfacet
  facet normal 0.571266 0 0.820765
    outer loop
      vertex 93.985 36.835 3
      vertex 91.6 41.85 4.66
      vertex 91.6 34.45 4.66
    endloop
  endfacet
  facet normal -0 0.571266 0.820765
    outer loop
      vertex 93.985 36.835 3
      vertex 99 34.45 4.66
      vertex 96.615 36.835 3
    endloop
  endfacet
  facet normal 0 0.571266 0.820765
    outer loop
      vertex 99 34.45 4.66
      vertex 93.985 36.835 3
      vertex 91.6 34.45 4.66
    endloop
  endfacet
  facet normal 0 -1 0
    outer loop
      vertex 91.6 41.85 4.66
      vertex 99 41.85 4.67
      vertex 91.6 41.85 4.67
    endloop
  endfacet
  facet normal 0 -1 -0
    outer loop
      vertex 99 41.85 4.67
      vertex 91.6 41.85 4.66
      vertex 99 41.85 4.66
    endloop
  endfacet
  facet normal 0 -0.571266 0.820765
    outer loop
      vertex 99 41.85 4.66
      vertex 93.985 39.465 3
      vertex 96.615 39.465 3
    endloop
  endfacet
  facet normal 0 -0.571266 0.820765
    outer loop
      vertex 93.985 39.465 3
      vertex 99 41.85 4.66
      vertex 91.6 41.85 4.66
    endloop
  endfacet
  facet normal -0.571266 0 0.820765
    outer loop
      vertex 96.615 39.465 3
      vertex 99 34.45 4.66
      vertex 99 41.85 4.66
    endloop
  endfacet
  facet normal -0.571266 0 0.820765
    outer loop
      vertex 99 34.45 4.66
      vertex 96.615 39.465 3
      vertex 96.615 36.835 3
    endloop
  endfacet
  facet normal -1 0 0
    outer loop
      vertex 99 34.45 4.66
      vertex 99 41.85 4.67
      vertex 99 41.85 4.66
    endloop
  endfacet
  facet normal -1 -0 0
    outer loop
      vertex 99 41.85 4.67
      vertex 99 34.45 4.66
      vertex 99 34.45 4.67
    endloop
  endfacet
  facet normal 0.99994 0 0.0109985
    outer loop
      vertex 91.2004 33.2496 41
      vertex 91.6 25.45 4.67
      vertex 91.6 32.85 4.67
    endloop
  endfacet
  facet normal 0.99994 0 0.0109985
    outer loop
      vertex 91.6 25.45 4.67
      vertex 91.2004 33.2496 41
      vertex 91.2004 25.0504 41
    endloop
  endfacet
  facet normal 0 0.99994 0.0109985
    outer loop
      vertex 99 25.45 4.67
      vertex 91.2004 25.0504 41
      vertex 99.3996 25.0504 41
    endloop
  endfacet
  facet normal 0 0.99994 0.0109985
    outer loop
      vertex 91.2004 25.0504 41
      vertex 99 25.45 4.67
      vertex 91.6 25.45 4.67
    endloop
  endfacet
  facet normal 0 -0.99994 0.0109985
    outer loop
      vertex 91.6 32.85 4.67
      vertex 99.3996 33.2496 41
      vertex 91.2004 33.2496 41
    endloop
  endfacet
  facet normal 0 -0.99994 0.0109985
    outer loop
      vertex 99.3996 33.2496 41
      vertex 91.6 32.85 4.67
      vertex 99 32.85 4.67
    endloop
  endfacet
  facet normal -0.99994 0 0.0109985
    outer loop
      vertex 99 25.45 4.67
      vertex 99.3996 33.2496 41
      vertex 99 32.85 4.67
    endloop
  endfacet
  facet normal -0.99994 0 0.0109985
    outer loop
      vertex 99.3996 33.2496 41
      vertex 99 25.45 4.67
      vertex 99.3996 25.0504 41
    endloop
  endfacet
  facet normal 0 1 -0
    outer loop
      vertex 99 25.45 4.66
      vertex 91.6 25.45 4.67
      vertex 99 25.45 4.67
    endloop
  endfacet
  facet normal 0 1 0
    outer loop
      vertex 91.6 25.45 4.67
      vertex 99 25.45 4.66
      vertex 91.6 25.45 4.66
    endloop
  endfacet
  facet normal -0 0 1
    outer loop
      vertex 93.985 30.465 3
      vertex 96.615 27.835 3
      vertex 96.615 30.465 3
    endloop
  endfacet
  facet normal 0 0 1
    outer loop
      vertex 96.615 27.835 3
      vertex 93.985 30.465 3
      vertex 93.985 27.835 3
    endloop
  endfacet
  facet normal 1 -0 0
    outer loop
      vertex 91.6 25.45 4.67
      vertex 91.6 32.85 4.66
      vertex 91.6 32.85 4.67
    endloop
  endfacet
  facet normal 1 0 0
    outer loop
      vertex 91.6 32.85 4.66
      vertex 91.6 25.45 4.67
      vertex 91.6 25.45 4.66
    endloop
  endfacet
  facet normal 0.571266 0 0.820765
    outer loop
      vertex 91.6 32.85 4.66
      vertex 93.985 27.835 3
      vertex 93.985 30.465 3
    endloop
  endfacet
  facet normal 0.571266 0 0.820765
    outer loop
      vertex 93.985 27.835 3
      vertex 91.6 32.85 4.66
      vertex 91.6 25.45 4.66
    endloop
  endfacet
  facet normal -0 0.571266 0.820765
    outer loop
      vertex 93.985 27.835 3
      vertex 99 25.45 4.66
      vertex 96.615 27.835 3
    endloop
  endfacet
  facet normal 0 0.571266 0.820765
    outer loop
      vertex 99 25.45 4.66
      vertex 93.985 27.835 3
      vertex 91.6 25.45 4.66
    endloop
  endfacet
  facet normal 0 -1 0
    outer loop
      vertex 91.6 32.85 4.66
      vertex 99 32.85 4.67
      vertex 91.6 32.85 4.67
    endloop
  endfacet
  facet normal 0 -1 -0
    outer loop
      vertex 99 32.85 4.67
      vertex 91.6 32.85 4.66
      vertex 99 32.85 4.66
    endloop
  endfacet
  facet normal 0 -0.571266 0.820765
    outer loop
      vertex 99 32.85 4.66
      vertex 93.985 30.465 3
      vertex 96.615 30.465 3
    endloop
  endfacet
  facet normal 0 -0.571266 0.820765
    outer loop
      vertex 93.985 30.465 3
      vertex 99 32.85 4.66
      vertex 91.6 32.85 4.66
    endloop
  endfacet
  facet normal -0.571266 0 0.820765
    outer loop
      vertex 96.615 30.465 3
      vertex 99 25.45 4.66
      vertex 99 32.85 4.66
    endloop
  endfacet
  facet normal -0.571266 0 0.820765
    outer loop
      vertex 99 25.45 4.66
      vertex 96.615 30.465 3
      vertex 96.615 27.835 3
    endloop
  endfacet
  facet normal -1 0 0
    outer loop
      vertex 99 25.45 4.66
      vertex 99 32.85 4.67
      vertex 99 32.85 4.66
    endloop
  endfacet
  facet normal -1 -0 0
    outer loop
      vertex 99 32.85 4.67
      vertex 99 25.45 4.66
      vertex 99 25.45 4.67
    endloop
  endfacet
  facet normal 0.99994 0 0.0109985
    outer loop
      vertex 91.2004 24.2496 41
      vertex 91.6 16.45 4.67
      vertex 91.6 23.85 4.67
    endloop
  endfacet
  facet normal 0.99994 0 0.0109985
    outer loop
      vertex 91.6 16.45 4.67
      vertex 91.2004 24.2496 41
      vertex 91.2004 16.0504 41
    endloop
  endfacet
  facet normal 0 0.99994 0.0109985
    outer loop
      vertex 99 16.45 4.67
      vertex 91.2004 16.0504 41
      vertex 99.3996 16.0504 41
    endloop
  endfacet
  facet normal 0 0.99994 0.0109985
    outer loop
      vertex 91.2004 16.0504 41
      vertex 99 16.45 4.67
      vertex 91.6 16.45 4.67
    endloop
  endfacet
  facet normal 0 -0.99994 0.0109985
    outer loop
      vertex 91.6 23.85 4.67
      vertex 99.3996 24.2496 41
      vertex 91.2004 24.2496 41
    endloop
  endfacet
  facet normal 0 -0.99994 0.0109985
    outer loop
      vertex 99.3996 24.2496 41
      vertex 91.6 23.85 4.67
      vertex 99 23.85 4.67
    endloop
  endfacet
  facet normal -0.99994 0 0.0109985
    outer loop
      vertex 99 16.45 4.67
      vertex 99.3996 24.2496 41
      vertex 99 23.85 4.67
    endloop
  endfacet
  facet normal -0.99994 0 0.0109985
    outer loop
      vertex 99.3996 24.2496 41
      vertex 99 16.45 4.67
      vertex 99.3996 16.0504 41
    endloop
  endfacet
  facet normal 0 1 -0
    outer loop
      vertex 99 16.45 4.66
      vertex 91.6 16.45 4.67
      vertex 99 16.45 4.67
    endloop
  endfacet
  facet normal 0 1 0
    outer loop
      vertex 91.6 16.45 4.67
      vertex 99 16.45 4.66
      vertex 91.6 16.45 4.66
    endloop
  endfacet
  facet normal -0 0 1
    outer loop
      vertex 93.985 21.465 3
      vertex 96.615 18.835 3
      vertex 96.615 21.465 3
    endloop
  endfacet
  facet normal 0 0 1
    outer loop
      vertex 96.615 18.835 3
      vertex 93.985 21.465 3
      vertex 93.985 18.835 3
    endloop
  endfacet
  facet normal 1 -0 0
    outer loop
      vertex 91.6 16.45 4.67
      vertex 91.6 23.85 4.66
      vertex 91.6 23.85 4.67
    endloop
  endfacet
  facet normal 1 0 0
    outer loop
      vertex 91.6 23.85 4.66
      vertex 91.6 16.45 4.67
      vertex 91.6 16.45 4.66
    endloop
  endfacet
  facet normal 0.571266 0 0.820765
    outer loop
      vertex 91.6 23.85 4.66
      vertex 93.985 18.835 3
      vertex 93.985 21.465 3
    endloop
  endfacet
  facet normal 0.571266 0 0.820765
    outer loop
      vertex 93.985 18.835 3
      vertex 91.6 23.85 4.66
      vertex 91.6 16.45 4.66
    endloop
  endfacet
  facet normal -0 0.571266 0.820765
    outer loop
      vertex 93.985 18.835 3
      vertex 99 16.45 4.66
      vertex 96.615 18.835 3
    endloop
  endfacet
  facet normal 0 0.571266 0.820765
    outer loop
      vertex 99 16.45 4.66
      vertex 93.985 18.835 3
      vertex 91.6 16.45 4.66
    endloop
  endfacet
  facet normal 0 -1 0
    outer loop
      vertex 91.6 23.85 4.66
      vertex 99 23.85 4.67
      vertex 91.6 23.85 4.67
    endloop
  endfacet
  facet normal 0 -1 -0
    outer loop
      vertex 99 23.85 4.67
      vertex 91.6 23.85 4.66
      vertex 99 23.85 4.66
    endloop
  endfacet
  facet normal 0 -0.571266 0.820765
    outer loop
      vertex 99 23.85 4.66
      vertex 93.985 21.465 3
      vertex 96.615 21.465 3
    endloop
  endfacet
  facet normal 0 -0.571266 0.820765
    outer loop
      vertex 93.985 21.465 3
      vertex 99 23.85 4.66
      vertex 91.6 23.85 4.66
    endloop
  endfacet
  facet normal -0.571266 0 0.820765
    outer loop
      vertex 96.615 21.465 3
      vertex 99 16.45 4.66
      vertex 99 23.85 4.66
    endloop
  endfacet
  facet normal -0.571266 0 0.820765
    outer loop
      vertex 99 16.45 4.66
      vertex 96.615 21.465 3
      vertex 96.615 18.835 3
    endloop
  endfacet
  facet normal -1 0 0
    outer loop
      vertex 99 16.45 4.66
      vertex 99 23.85 4.67
      vertex 99 23.85 4.66
    endloop
  endfacet
  facet normal -1 -0 0
    outer loop
      vertex 99 23.85 4.67
      vertex 99 16.45 4.66
      vertex 99 16.45 4.67
    endloop
  endfacet
  facet normal 0.99994 0 0.0109985
    outer loop
      vertex 91.2004 15.2496 41
      vertex 91.6 7.45 4.67
      vertex 91.6 14.85 4.67
    endloop
  endfacet
  facet normal 0.99994 0 0.0109985
    outer loop
      vertex 91.6 7.45 4.67
      vertex 91.2004 15.2496 41
      vertex 91.2004 7.05044 41
    endloop
  endfacet
  facet normal 0 0.99994 0.0109974
    outer loop
      vertex 99 7.45 4.67
      vertex 91.2004 7.05044 41
      vertex 99.3996 7.05044 41
    endloop
  endfacet
  facet normal 0 0.99994 0.0109974
    outer loop
      vertex 91.2004 7.05044 41
      vertex 99 7.45 4.67
      vertex 91.6 7.45 4.67
    endloop
  endfacet
  facet normal 0 -0.99994 0.0109985
    outer loop
      vertex 91.6 14.85 4.67
      vertex 99.3996 15.2496 41
      vertex 91.2004 15.2496 41
    endloop
  endfacet
  facet normal 0 -0.99994 0.0109985
    outer loop
      vertex 99.3996 15.2496 41
      vertex 91.6 14.85 4.67
      vertex 99 14.85 4.67
    endloop
  endfacet
  facet normal -0.99994 0 0.0109985
    outer loop
      vertex 99 7.45 4.67
      vertex 99.3996 15.2496 41
      vertex 99 14.85 4.67
    endloop
  endfacet
  facet normal -0.99994 0 0.0109985
    outer loop
      vertex 99.3996 15.2496 41
      vertex 99 7.45 4.67
      vertex 99.3996 7.05044 41
    endloop
  endfacet
  facet normal 0 1 -0
    outer loop
      vertex 99 7.45 4.66
      vertex 91.6 7.45 4.67
      vertex 99 7.45 4.67
    endloop
  endfacet
  facet normal 0 1 0
    outer loop
      vertex 91.6 7.45 4.67
      vertex 99 7.45 4.66
      vertex 91.6 7.45 4.66
    endloop
  endfacet
  facet normal -0 0 1
    outer loop
      vertex 93.985 12.465 3
      vertex 96.615 9.835 3
      vertex 96.615 12.465 3
    endloop
  endfacet
  facet normal 0 0 1
    outer loop
      vertex 96.615 9.835 3
      vertex 93.985 12.465 3
      vertex 93.985 9.835 3
    endloop
  endfacet
  facet normal 1 -0 0
    outer loop
      vertex 91.6 7.45 4.67
      vertex 91.6 14.85 4.66
      vertex 91.6 14.85 4.67
    endloop
  endfacet
  facet normal 1 0 0
    outer loop
      vertex 91.6 14.85 4.66
      vertex 91.6 7.45 4.67
      vertex 91.6 7.45 4.66
    endloop
  endfacet
  facet normal 0.571266 0 0.820765
    outer loop
      vertex 91.6 14.85 4.66
      vertex 93.985 9.835 3
      vertex 93.985 12.465 3
    endloop
  endfacet
  facet normal 0.571266 0 0.820765
    outer loop
      vertex 93.985 9.835 3
      vertex 91.6 14.85 4.66
      vertex 91.6 7.45 4.66
    endloop
  endfacet
  facet normal -0 0.571266 0.820765
    outer loop
      vertex 93.985 9.835 3
      vertex 99 7.45 4.66
      vertex 96.615 9.835 3
    endloop
  endfacet
  facet normal 0 0.571266 0.820765
    outer loop
      vertex 99 7.45 4.66
      vertex 93.985 9.835 3
      vertex 91.6 7.45 4.66
    endloop
  endfacet
  facet normal 0 -1 0
    outer loop
      vertex 91.6 14.85 4.66
      vertex 99 14.85 4.67
      vertex 91.6 14.85 4.67
    endloop
  endfacet
  facet normal 0 -1 -0
    outer loop
      vertex 99 14.85 4.67
      vertex 91.6 14.85 4.66
      vertex 99 14.85 4.66
    endloop
  endfacet
  facet normal 0 -0.571266 0.820765
    outer loop
      vertex 99 14.85 4.66
      vertex 93.985 12.465 3
      vertex 96.615 12.465 3
    endloop
  endfacet
  facet normal 0 -0.571266 0.820765
    outer loop
      vertex 93.985 12.465 3
      vertex 99 14.85 4.66
      vertex 91.6 14.85 4.66
    endloop
  endfacet
  facet normal -0.571266 0 0.820765
    outer loop
      vertex 96.615 12.465 3
      vertex 99 7.45 4.66
      vertex 99 14.85 4.66
    endloop
  endfacet
  facet normal -0.571266 0 0.820765
    outer loop
      vertex 99 7.45 4.66
      vertex 96.615 12.465 3
      vertex 96.615 9.835 3
    endloop
  endfacet
  facet normal -1 0 0
    outer loop
      vertex 99 7.45 4.66
      vertex 99 14.85 4.67
      vertex 99 14.85 4.66
    endloop
  endfacet
  facet normal -1 -0 0
    outer loop
      vertex 99 14.85 4.67
      vertex 99 7.45 4.66
      vertex 99 7.45 4.67
    endloop
  endfacet
  facet normal 0.999939 0 0.0110095
    outer loop
      vertex 100.2 78.2496 41
      vertex 100.6 70.45 4.67
      vertex 100.6 77.85 4.67
    endloop
  endfacet
  facet normal 0.999939 0 0.0110095
    outer loop
      vertex 100.6 70.45 4.67
      vertex 100.2 78.2496 41
      vertex 100.2 70.0504 41
    endloop
  endfacet
  facet normal 0 0.99994 0.0109985
    outer loop
      vertex 108 70.45 4.67
      vertex 100.2 70.0504 41
      vertex 108.4 70.0504 41
    endloop
  endfacet
  facet normal 0 0.99994 0.0109985
    outer loop
      vertex 100.2 70.0504 41
      vertex 108 70.45 4.67
      vertex 100.6 70.45 4.67
    endloop
  endfacet
  facet normal 0 -0.99994 0.0109985
    outer loop
      vertex 100.6 77.85 4.67
      vertex 108.4 78.2496 41
      vertex 100.2 78.2496 41
    endloop
  endfacet
  facet normal 0 -0.99994 0.0109985
    outer loop
      vertex 108.4 78.2496 41
      vertex 100.6 77.85 4.67
      vertex 108 77.85 4.67
    endloop
  endfacet
  facet normal -0.999939 0 0.0110095
    outer loop
      vertex 108 70.45 4.67
      vertex 108.4 78.2496 41
      vertex 108 77.85 4.67
    endloop
  endfacet
  facet normal -0.999939 0 0.0110095
    outer loop
      vertex 108.4 78.2496 41
      vertex 108 70.45 4.67
      vertex 108.4 70.0504 41
    endloop
  endfacet
  facet normal 0 1 -0
    outer loop
      vertex 108 70.45 4.66
      vertex 100.6 70.45 4.67
      vertex 108 70.45 4.67
    endloop
  endfacet
  facet normal 0 1 0
    outer loop
      vertex 100.6 70.45 4.67
      vertex 108 70.45 4.66
      vertex 100.6 70.45 4.66
    endloop
  endfacet
  facet normal -0 0 1
    outer loop
      vertex 102.985 75.465 3
      vertex 105.615 72.835 3
      vertex 105.615 75.465 3
    endloop
  endfacet
  facet normal 0 0 1
    outer loop
      vertex 105.615 72.835 3
      vertex 102.985 75.465 3
      vertex 102.985 72.835 3
    endloop
  endfacet
  facet normal 1 -0 0
    outer loop
      vertex 100.6 70.45 4.67
      vertex 100.6 77.85 4.66
      vertex 100.6 77.85 4.67
    endloop
  endfacet
  facet normal 1 0 0
    outer loop
      vertex 100.6 77.85 4.66
      vertex 100.6 70.45 4.67
      vertex 100.6 70.45 4.66
    endloop
  endfacet
  facet normal 0.571266 0 0.820765
    outer loop
      vertex 100.6 77.85 4.66
      vertex 102.985 72.835 3
      vertex 102.985 75.465 3
    endloop
  endfacet
  facet normal 0.571266 0 0.820765
    outer loop
      vertex 102.985 72.835 3
      vertex 100.6 77.85 4.66
      vertex 100.6 70.45 4.66
    endloop
  endfacet
  facet normal -0 0.571266 0.820765
    outer loop
      vertex 102.985 72.835 3
      vertex 108 70.45 4.66
      vertex 105.615 72.835 3
    endloop
  endfacet
  facet normal 0 0.571266 0.820765
    outer loop
      vertex 108 70.45 4.66
      vertex 102.985 72.835 3
      vertex 100.6 70.45 4.66
    endloop
  endfacet
  facet normal 0 -1 0
    outer loop
      vertex 100.6 77.85 4.66
      vertex 108 77.85 4.67
      vertex 100.6 77.85 4.67
    endloop
  endfacet
  facet normal 0 -1 -0
    outer loop
      vertex 108 77.85 4.67
      vertex 100.6 77.85 4.66
      vertex 108 77.85 4.66
    endloop
  endfacet
  facet normal 0 -0.571266 0.820765
    outer loop
      vertex 108 77.85 4.66
      vertex 102.985 75.465 3
      vertex 105.615 75.465 3
    endloop
  endfacet
  facet normal 0 -0.571266 0.820765
    outer loop
      vertex 102.985 75.465 3
      vertex 108 77.85 4.66
      vertex 100.6 77.85 4.66
    endloop
  endfacet
  facet normal -0.571266 0 0.820765
    outer loop
      vertex 105.615 75.465 3
      vertex 108 70.45 4.66
      vertex 108 77.85 4.66
    endloop
  endfacet
  facet normal -0.571266 0 0.820765
    outer loop
      vertex 108 70.45 4.66
      vertex 105.615 75.465 3
      vertex 105.615 72.835 3
    endloop
  endfacet
  facet normal -1 0 0
    outer loop
      vertex 108 70.45 4.66
      vertex 108 77.85 4.67
      vertex 108 77.85 4.66
    endloop
  endfacet
  facet normal -1 -0 0
    outer loop
      vertex 108 77.85 4.67
      vertex 108 70.45 4.66
      vertex 108 70.45 4.67
    endloop
  endfacet
  facet normal 0.999939 0 0.0110095
    outer loop
      vertex 100.2 69.2496 41
      vertex 100.6 61.45 4.67
      vertex 100.6 68.85 4.67
    endloop
  endfacet
  facet normal 0.999939 0 0.0110095
    outer loop
      vertex 100.6 61.45 4.67
      vertex 100.2 69.2496 41
      vertex 100.2 61.0504 41
    endloop
  endfacet
  facet normal 0 0.99994 0.0109985
    outer loop
      vertex 108 61.45 4.67
      vertex 100.2 61.0504 41
      vertex 108.4 61.0504 41
    endloop
  endfacet
  facet normal 0 0.99994 0.0109985
    outer loop
      vertex 100.2 61.0504 41
      vertex 108 61.45 4.67
      vertex 100.6 61.45 4.67
    endloop
  endfacet
  facet normal 0 -0.99994 0.0109985
    outer loop
      vertex 100.6 68.85 4.67
      vertex 108.4 69.2496 41
      vertex 100.2 69.2496 41
    endloop
  endfacet
  facet normal 0 -0.99994 0.0109985
    outer loop
      vertex 108.4 69.2496 41
      vertex 100.6 68.85 4.67
      vertex 108 68.85 4.67
    endloop
  endfacet
  facet normal -0.999939 0 0.0110095
    outer loop
      vertex 108 61.45 4.67
      vertex 108.4 69.2496 41
      vertex 108 68.85 4.67
    endloop
  endfacet
  facet normal -0.999939 0 0.0110095
    outer loop
      vertex 108.4 69.2496 41
      vertex 108 61.45 4.67
      vertex 108.4 61.0504 41
    endloop
  endfacet
  facet normal 0 1 -0
    outer loop
      vertex 108 61.45 4.66
      vertex 100.6 61.45 4.67
      vertex 108 61.45 4.67
    endloop
  endfacet
  facet normal 0 1 0
    outer loop
      vertex 100.6 61.45 4.67
      vertex 108 61.45 4.66
      vertex 100.6 61.45 4.66
    endloop
  endfacet
  facet normal -0 0 1
    outer loop
      vertex 102.985 66.465 3
      vertex 105.615 63.835 3
      vertex 105.615 66.465 3
    endloop
  endfacet
  facet normal 0 0 1
    outer loop
      vertex 105.615 63.835 3
      vertex 102.985 66.465 3
      vertex 102.985 63.835 3
    endloop
  endfacet
  facet normal 1 -0 0
    outer loop
      vertex 100.6 61.45 4.67
      vertex 100.6 68.85 4.66
      vertex 100.6 68.85 4.67
    endloop
  endfacet
  facet normal 1 0 0
    outer loop
      vertex 100.6 68.85 4.66
      vertex 100.6 61.45 4.67
      vertex 100.6 61.45 4.66
    endloop
  endfacet
  facet normal 0.571266 0 0.820765
    outer loop
      vertex 100.6 68.85 4.66
      vertex 102.985 63.835 3
      vertex 102.985 66.465 3
    endloop
  endfacet
  facet normal 0.571266 0 0.820765
    outer loop
      vertex 102.985 63.835 3
      vertex 100.6 68.85 4.66
      vertex 100.6 61.45 4.66
    endloop
  endfacet
  facet normal -0 0.571266 0.820765
    outer loop
      vertex 102.985 63.835 3
      vertex 108 61.45 4.66
      vertex 105.615 63.835 3
    endloop
  endfacet
  facet normal 0 0.571266 0.820765
    outer loop
      vertex 108 61.45 4.66
      vertex 102.985 63.835 3
      vertex 100.6 61.45 4.66
    endloop
  endfacet
  facet normal 0 -1 0
    outer loop
      vertex 100.6 68.85 4.66
      vertex 108 68.85 4.67
      vertex 100.6 68.85 4.67
    endloop
  endfacet
  facet normal 0 -1 -0
    outer loop
      vertex 108 68.85 4.67
      vertex 100.6 68.85 4.66
      vertex 108 68.85 4.66
    endloop
  endfacet
  facet normal 0 -0.571266 0.820765
    outer loop
      vertex 108 68.85 4.66
      vertex 102.985 66.465 3
      vertex 105.615 66.465 3
    endloop
  endfacet
  facet normal 0 -0.571266 0.820765
    outer loop
      vertex 102.985 66.465 3
      vertex 108 68.85 4.66
      vertex 100.6 68.85 4.66
    endloop
  endfacet
  facet normal -0.571266 0 0.820765
    outer loop
      vertex 105.615 66.465 3
      vertex 108 61.45 4.66
      vertex 108 68.85 4.66
    endloop
  endfacet
  facet normal -0.571266 0 0.820765
    outer loop
      vertex 108 61.45 4.66
      vertex 105.615 66.465 3
      vertex 105.615 63.835 3
    endloop
  endfacet
  facet normal -1 0 0
    outer loop
      vertex 108 61.45 4.66
      vertex 108 68.85 4.67
      vertex 108 68.85 4.66
    endloop
  endfacet
  facet normal -1 -0 0
    outer loop
      vertex 108 68.85 4.67
      vertex 108 61.45 4.66
      vertex 108 61.45 4.67
    endloop
  endfacet
  facet normal 0.999939 0 0.0110095
    outer loop
      vertex 100.2 60.2496 41
      vertex 100.6 52.45 4.67
      vertex 100.6 59.85 4.67
    endloop
  endfacet
  facet normal 0.999939 0 0.0110095
    outer loop
      vertex 100.6 52.45 4.67
      vertex 100.2 60.2496 41
      vertex 100.2 52.0504 41
    endloop
  endfacet
  facet normal 0 0.99994 0.0109985
    outer loop
      vertex 108 52.45 4.67
      vertex 100.2 52.0504 41
      vertex 108.4 52.0504 41
    endloop
  endfacet
  facet normal 0 0.99994 0.0109985
    outer loop
      vertex 100.2 52.0504 41
      vertex 108 52.45 4.67
      vertex 100.6 52.45 4.67
    endloop
  endfacet
  facet normal 0 -0.99994 0.0109985
    outer loop
      vertex 100.6 59.85 4.67
      vertex 108.4 60.2496 41
      vertex 100.2 60.2496 41
    endloop
  endfacet
  facet normal 0 -0.99994 0.0109985
    outer loop
      vertex 108.4 60.2496 41
      vertex 100.6 59.85 4.67
      vertex 108 59.85 4.67
    endloop
  endfacet
  facet normal -0.999939 0 0.0110095
    outer loop
      vertex 108 52.45 4.67
      vertex 108.4 60.2496 41
      vertex 108 59.85 4.67
    endloop
  endfacet
  facet normal -0.999939 0 0.0110095
    outer loop
      vertex 108.4 60.2496 41
      vertex 108 52.45 4.67
      vertex 108.4 52.0504 41
    endloop
  endfacet
  facet normal 0 1 -0
    outer loop
      vertex 108 52.45 4.66
      vertex 100.6 52.45 4.67
      vertex 108 52.45 4.67
    endloop
  endfacet
  facet normal 0 1 0
    outer loop
      vertex 100.6 52.45 4.67
      vertex 108 52.45 4.66
      vertex 100.6 52.45 4.66
    endloop
  endfacet
  facet normal -0 0 1
    outer loop
      vertex 102.985 57.465 3
      vertex 105.615 54.835 3
      vertex 105.615 57.465 3
    endloop
  endfacet
  facet normal 0 0 1
    outer loop
      vertex 105.615 54.835 3
      vertex 102.985 57.465 3
      vertex 102.985 54.835 3
    endloop
  endfacet
  facet normal 1 -0 0
    outer loop
      vertex 100.6 52.45 4.67
      vertex 100.6 59.85 4.66
      vertex 100.6 59.85 4.67
    endloop
  endfacet
  facet normal 1 0 0
    outer loop
      vertex 100.6 59.85 4.66
      vertex 100.6 52.45 4.67
      vertex 100.6 52.45 4.66
    endloop
  endfacet
  facet normal 0.571266 0 0.820765
    outer loop
      vertex 100.6 59.85 4.66
      vertex 102.985 54.835 3
      vertex 102.985 57.465 3
    endloop
  endfacet
  facet normal 0.571266 0 0.820765
    outer loop
      vertex 102.985 54.835 3
      vertex 100.6 59.85 4.66
      vertex 100.6 52.45 4.66
    endloop
  endfacet
  facet normal -0 0.571266 0.820765
    outer loop
      vertex 102.985 54.835 3
      vertex 108 52.45 4.66
      vertex 105.615 54.835 3
    endloop
  endfacet
  facet normal 0 0.571266 0.820765
    outer loop
      vertex 108 52.45 4.66
      vertex 102.985 54.835 3
      vertex 100.6 52.45 4.66
    endloop
  endfacet
  facet normal 0 -1 0
    outer loop
      vertex 100.6 59.85 4.66
      vertex 108 59.85 4.67
      vertex 100.6 59.85 4.67
    endloop
  endfacet
  facet normal 0 -1 -0
    outer loop
      vertex 108 59.85 4.67
      vertex 100.6 59.85 4.66
      vertex 108 59.85 4.66
    endloop
  endfacet
  facet normal 0 -0.571266 0.820765
    outer loop
      vertex 108 59.85 4.66
      vertex 102.985 57.465 3
      vertex 105.615 57.465 3
    endloop
  endfacet
  facet normal 0 -0.571266 0.820765
    outer loop
      vertex 102.985 57.465 3
      vertex 108 59.85 4.66
      vertex 100.6 59.85 4.66
    endloop
  endfacet
  facet normal -0.571266 0 0.820765
    outer loop
      vertex 105.615 57.465 3
      vertex 108 52.45 4.66
      vertex 108 59.85 4.66
    endloop
  endfacet
  facet normal -0.571266 0 0.820765
    outer loop
      vertex 108 52.45 4.66
      vertex 105.615 57.465 3
      vertex 105.615 54.835 3
    endloop
  endfacet
  facet normal -1 0 0
    outer loop
      vertex 108 52.45 4.66
      vertex 108 59.85 4.67
      vertex 108 59.85 4.66
    endloop
  endfacet
  facet normal -1 -0 0
    outer loop
      vertex 108 59.85 4.67
      vertex 108 52.45 4.66
      vertex 108 52.45 4.67
    endloop
  endfacet
  facet normal 0.999939 0 0.0110095
    outer loop
      vertex 100.2 51.2496 41
      vertex 100.6 43.45 4.67
      vertex 100.6 50.85 4.67
    endloop
  endfacet
  facet normal 0.999939 0 0.0110095
    outer loop
      vertex 100.6 43.45 4.67
      vertex 100.2 51.2496 41
      vertex 100.2 43.0504 41
    endloop
  endfacet
  facet normal 0 0.99994 0.0109985
    outer loop
      vertex 108 43.45 4.67
      vertex 100.2 43.0504 41
      vertex 108.4 43.0504 41
    endloop
  endfacet
  facet normal 0 0.99994 0.0109985
    outer loop
      vertex 100.2 43.0504 41
      vertex 108 43.45 4.67
      vertex 100.6 43.45 4.67
    endloop
  endfacet
  facet normal 0 -0.99994 0.0109985
    outer loop
      vertex 100.6 50.85 4.67
      vertex 108.4 51.2496 41
      vertex 100.2 51.2496 41
    endloop
  endfacet
  facet normal 0 -0.99994 0.0109985
    outer loop
      vertex 108.4 51.2496 41
      vertex 100.6 50.85 4.67
      vertex 108 50.85 4.67
    endloop
  endfacet
  facet normal -0.999939 0 0.0110095
    outer loop
      vertex 108 43.45 4.67
      vertex 108.4 51.2496 41
      vertex 108 50.85 4.67
    endloop
  endfacet
  facet normal -0.999939 0 0.0110095
    outer loop
      vertex 108.4 51.2496 41
      vertex 108 43.45 4.67
      vertex 108.4 43.0504 41
    endloop
  endfacet
  facet normal 0 1 -0
    outer loop
      vertex 108 43.45 4.66
      vertex 100.6 43.45 4.67
      vertex 108 43.45 4.67
    endloop
  endfacet
  facet normal 0 1 0
    outer loop
      vertex 100.6 43.45 4.67
      vertex 108 43.45 4.66
      vertex 100.6 43.45 4.66
    endloop
  endfacet
  facet normal -0 0 1
    outer loop
      vertex 102.985 48.465 3
      vertex 105.615 45.835 3
      vertex 105.615 48.465 3
    endloop
  endfacet
  facet normal 0 0 1
    outer loop
      vertex 105.615 45.835 3
      vertex 102.985 48.465 3
      vertex 102.985 45.835 3
    endloop
  endfacet
  facet normal 1 -0 0
    outer loop
      vertex 100.6 43.45 4.67
      vertex 100.6 50.85 4.66
      vertex 100.6 50.85 4.67
    endloop
  endfacet
  facet normal 1 0 0
    outer loop
      vertex 100.6 50.85 4.66
      vertex 100.6 43.45 4.67
      vertex 100.6 43.45 4.66
    endloop
  endfacet
  facet normal 0.571266 0 0.820765
    outer loop
      vertex 100.6 50.85 4.66
      vertex 102.985 45.835 3
      vertex 102.985 48.465 3
    endloop
  endfacet
  facet normal 0.571266 0 0.820765
    outer loop
      vertex 102.985 45.835 3
      vertex 100.6 50.85 4.66
      vertex 100.6 43.45 4.66
    endloop
  endfacet
  facet normal -0 0.571266 0.820765
    outer loop
      vertex 102.985 45.835 3
      vertex 108 43.45 4.66
      vertex 105.615 45.835 3
    endloop
  endfacet
  facet normal 0 0.571266 0.820765
    outer loop
      vertex 108 43.45 4.66
      vertex 102.985 45.835 3
      vertex 100.6 43.45 4.66
    endloop
  endfacet
  facet normal 0 -1 0
    outer loop
      vertex 100.6 50.85 4.66
      vertex 108 50.85 4.67
      vertex 100.6 50.85 4.67
    endloop
  endfacet
  facet normal 0 -1 -0
    outer loop
      vertex 108 50.85 4.67
      vertex 100.6 50.85 4.66
      vertex 108 50.85 4.66
    endloop
  endfacet
  facet normal 0 -0.571266 0.820765
    outer loop
      vertex 108 50.85 4.66
      vertex 102.985 48.465 3
      vertex 105.615 48.465 3
    endloop
  endfacet
  facet normal 0 -0.571266 0.820765
    outer loop
      vertex 102.985 48.465 3
      vertex 108 50.85 4.66
      vertex 100.6 50.85 4.66
    endloop
  endfacet
  facet normal -0.571266 0 0.820765
    outer loop
      vertex 105.615 48.465 3
      vertex 108 43.45 4.66
      vertex 108 50.85 4.66
    endloop
  endfacet
  facet normal -0.571266 0 0.820765
    outer loop
      vertex 108 43.45 4.66
      vertex 105.615 48.465 3
      vertex 105.615 45.835 3
    endloop
  endfacet
  facet normal -1 0 0
    outer loop
      vertex 108 43.45 4.66
      vertex 108 50.85 4.67
      vertex 108 50.85 4.66
    endloop
  endfacet
  facet normal -1 -0 0
    outer loop
      vertex 108 50.85 4.67
      vertex 108 43.45 4.66
      vertex 108 43.45 4.67
    endloop
  endfacet
  facet normal 0.999939 0 0.0110095
    outer loop
      vertex 100.2 42.2496 41
      vertex 100.6 34.45 4.67
      vertex 100.6 41.85 4.67
    endloop
  endfacet
  facet normal 0.999939 0 0.0110095
    outer loop
      vertex 100.6 34.45 4.67
      vertex 100.2 42.2496 41
      vertex 100.2 34.0504 41
    endloop
  endfacet
  facet normal 0 0.99994 0.0109985
    outer loop
      vertex 108 34.45 4.67
      vertex 100.2 34.0504 41
      vertex 108.4 34.0504 41
    endloop
  endfacet
  facet normal 0 0.99994 0.0109985
    outer loop
      vertex 100.2 34.0504 41
      vertex 108 34.45 4.67
      vertex 100.6 34.45 4.67
    endloop
  endfacet
  facet normal 0 -0.99994 0.0109985
    outer loop
      vertex 100.6 41.85 4.67
      vertex 108.4 42.2496 41
      vertex 100.2 42.2496 41
    endloop
  endfacet
  facet normal 0 -0.99994 0.0109985
    outer loop
      vertex 108.4 42.2496 41
      vertex 100.6 41.85 4.67
      vertex 108 41.85 4.67
    endloop
  endfacet
  facet normal -0.999939 0 0.0110095
    outer loop
      vertex 108 34.45 4.67
      vertex 108.4 42.2496 41
      vertex 108 41.85 4.67
    endloop
  endfacet
  facet normal -0.999939 0 0.0110095
    outer loop
      vertex 108.4 42.2496 41
      vertex 108 34.45 4.67
      vertex 108.4 34.0504 41
    endloop
  endfacet
  facet normal 0 1 -0
    outer loop
      vertex 108 34.45 4.66
      vertex 100.6 34.45 4.67
      vertex 108 34.45 4.67
    endloop
  endfacet
  facet normal 0 1 0
    outer loop
      vertex 100.6 34.45 4.67
      vertex 108 34.45 4.66
      vertex 100.6 34.45 4.66
    endloop
  endfacet
  facet normal -0 0 1
    outer loop
      vertex 102.985 39.465 3
      vertex 105.615 36.835 3
      vertex 105.615 39.465 3
    endloop
  endfacet
  facet normal 0 0 1
    outer loop
      vertex 105.615 36.835 3
      vertex 102.985 39.465 3
      vertex 102.985 36.835 3
    endloop
  endfacet
  facet normal 1 -0 0
    outer loop
      vertex 100.6 34.45 4.67
      vertex 100.6 41.85 4.66
      vertex 100.6 41.85 4.67
    endloop
  endfacet
  facet normal 1 0 0
    outer loop
      vertex 100.6 41.85 4.66
      vertex 100.6 34.45 4.67
      vertex 100.6 34.45 4.66
    endloop
  endfacet
  facet normal 0.571266 0 0.820765
    outer loop
      vertex 100.6 41.85 4.66
      vertex 102.985 36.835 3
      vertex 102.985 39.465 3
    endloop
  endfacet
  facet normal 0.571266 0 0.820765
    outer loop
      vertex 102.985 36.835 3
      vertex 100.6 41.85 4.66
      vertex 100.6 34.45 4.66
    endloop
  endfacet
  facet normal -0 0.571266 0.820765
    outer loop
      vertex 102.985 36.835 3
      vertex 108 34.45 4.66
      vertex 105.615 36.835 3
    endloop
  endfacet
  facet normal 0 0.571266 0.820765
    outer loop
      vertex 108 34.45 4.66
      vertex 102.985 36.835 3
      vertex 100.6 34.45 4.66
    endloop
  endfacet
  facet normal 0 -1 0
    outer loop
      vertex 100.6 41.85 4.66
      vertex 108 41.85 4.67
      vertex 100.6 41.85 4.67
    endloop
  endfacet
  facet normal 0 -1 -0
    outer loop
      vertex 108 41.85 4.67
      vertex 100.6 41.85 4.66
      vertex 108 41.85 4.66
    endloop
  endfacet
  facet normal 0 -0.571266 0.820765
    outer loop
      vertex 108 41.85 4.66
      vertex 102.985 39.465 3
      vertex 105.615 39.465 3
    endloop
  endfacet
  facet normal 0 -0.571266 0.820765
    outer loop
      vertex 102.985 39.465 3
      vertex 108 41.85 4.66
      vertex 100.6 41.85 4.66
    endloop
  endfacet
  facet normal -0.571266 0 0.820765
    outer loop
      vertex 105.615 39.465 3
      vertex 108 34.45 4.66
      vertex 108 41.85 4.66
    endloop
  endfacet
  facet normal -0.571266 0 0.820765
    outer loop
      vertex 108 34.45 4.66
      vertex 105.615 39.465 3
      vertex 105.615 36.835 3
    endloop
  endfacet
  facet normal -1 0 0
    outer loop
      vertex 108 34.45 4.66
      vertex 108 41.85 4.67
      vertex 108 41.85 4.66
    endloop
  endfacet
  facet normal -1 -0 0
    outer loop
      vertex 108 41.85 4.67
      vertex 108 34.45 4.66
      vertex 108 34.45 4.67
    endloop
  endfacet
  facet normal 0.999939 0 0.0110095
    outer loop
      vertex 100.2 33.2496 41
      vertex 100.6 25.45 4.67
      vertex 100.6 32.85 4.67
    endloop
  endfacet
  facet normal 0.999939 0 0.0110095
    outer loop
      vertex 100.6 25.45 4.67
      vertex 100.2 33.2496 41
      vertex 100.2 25.0504 41
    endloop
  endfacet
  facet normal 0 0.99994 0.0109985
    outer loop
      vertex 108 25.45 4.67
      vertex 100.2 25.0504 41
      vertex 108.4 25.0504 41
    endloop
  endfacet
  facet normal 0 0.99994 0.0109985
    outer loop
      vertex 100.2 25.0504 41
      vertex 108 25.45 4.67
      vertex 100.6 25.45 4.67
    endloop
  endfacet
  facet normal 0 -0.99994 0.0109985
    outer loop
      vertex 100.6 32.85 4.67
      vertex 108.4 33.2496 41
      vertex 100.2 33.2496 41
    endloop
  endfacet
  facet normal 0 -0.99994 0.0109985
    outer loop
      vertex 108.4 33.2496 41
      vertex 100.6 32.85 4.67
      vertex 108 32.85 4.67
    endloop
  endfacet
  facet normal -0.999939 0 0.0110095
    outer loop
      vertex 108 25.45 4.67
      vertex 108.4 33.2496 41
      vertex 108 32.85 4.67
    endloop
  endfacet
  facet normal -0.999939 0 0.0110095
    outer loop
      vertex 108.4 33.2496 41
      vertex 108 25.45 4.67
      vertex 108.4 25.0504 41
    endloop
  endfacet
  facet normal 0 1 -0
    outer loop
      vertex 108 25.45 4.66
      vertex 100.6 25.45 4.67
      vertex 108 25.45 4.67
    endloop
  endfacet
  facet normal 0 1 0
    outer loop
      vertex 100.6 25.45 4.67
      vertex 108 25.45 4.66
      vertex 100.6 25.45 4.66
    endloop
  endfacet
  facet normal -0 0 1
    outer loop
      vertex 102.985 30.465 3
      vertex 105.615 27.835 3
      vertex 105.615 30.465 3
    endloop
  endfacet
  facet normal 0 0 1
    outer loop
      vertex 105.615 27.835 3
      vertex 102.985 30.465 3
      vertex 102.985 27.835 3
    endloop
  endfacet
  facet normal 1 -0 0
    outer loop
      vertex 100.6 25.45 4.67
      vertex 100.6 32.85 4.66
      vertex 100.6 32.85 4.67
    endloop
  endfacet
  facet normal 1 0 0
    outer loop
      vertex 100.6 32.85 4.66
      vertex 100.6 25.45 4.67
      vertex 100.6 25.45 4.66
    endloop
  endfacet
  facet normal 0.571266 0 0.820765
    outer loop
      vertex 100.6 32.85 4.66
      vertex 102.985 27.835 3
      vertex 102.985 30.465 3
    endloop
  endfacet
  facet normal 0.571266 0 0.820765
    outer loop
      vertex 102.985 27.835 3
      vertex 100.6 32.85 4.66
      vertex 100.6 25.45 4.66
    endloop
  endfacet
  facet normal -0 0.571266 0.820765
    outer loop
      vertex 102.985 27.835 3
      vertex 108 25.45 4.66
      vertex 105.615 27.835 3
    endloop
  endfacet
  facet normal 0 0.571266 0.820765
    outer loop
      vertex 108 25.45 4.66
      vertex 102.985 27.835 3
      vertex 100.6 25.45 4.66
    endloop
  endfacet
  facet normal 0 -1 0
    outer loop
      vertex 100.6 32.85 4.66
      vertex 108 32.85 4.67
      vertex 100.6 32.85 4.67
    endloop
  endfacet
  facet normal 0 -1 -0
    outer loop
      vertex 108 32.85 4.67
      vertex 100.6 32.85 4.66
      vertex 108 32.85 4.66
    endloop
  endfacet
  facet normal 0 -0.571266 0.820765
    outer loop
      vertex 108 32.85 4.66
      vertex 102.985 30.465 3
      vertex 105.615 30.465 3
    endloop
  endfacet
  facet normal 0 -0.571266 0.820765
    outer loop
      vertex 102.985 30.465 3
      vertex 108 32.85 4.66
      vertex 100.6 32.85 4.66
    endloop
  endfacet
  facet normal -0.571266 0 0.820765
    outer loop
      vertex 105.615 30.465 3
      vertex 108 25.45 4.66
      vertex 108 32.85 4.66
    endloop
  endfacet
  facet normal -0.571266 0 0.820765
    outer loop
      vertex 108 25.45 4.66
      vertex 105.615 30.465 3
      vertex 105.615 27.835 3
    endloop
  endfacet
  facet normal -1 0 0
    outer loop
      vertex 108 25.45 4.66
      vertex 108 32.85 4.67
      vertex 108 32.85 4.66
    endloop
  endfacet
  facet normal -1 -0 0
    outer loop
      vertex 108 32.85 4.67
      vertex 108 25.45 4.66
      vertex 108 25.45 4.67
    endloop
  endfacet
  facet normal 0.999939 0 0.0110095
    outer loop
      vertex 100.2 24.2496 41
      vertex 100.6 16.45 4.67
      vertex 100.6 23.85 4.67
    endloop
  endfacet
  facet normal 0.999939 0 0.0110095
    outer loop
      vertex 100.6 16.45 4.67
      vertex 100.2 24.2496 41
      vertex 100.2 16.0504 41
    endloop
  endfacet
  facet normal 0 0.99994 0.0109985
    outer loop
      vertex 108 16.45 4.67
      vertex 100.2 16.0504 41
      vertex 108.4 16.0504 41
    endloop
  endfacet
  facet normal 0 0.99994 0.0109985
    outer loop
      vertex 100.2 16.0504 41
      vertex 108 16.45 4.67
      vertex 100.6 16.45 4.67
    endloop
  endfacet
  facet normal 0 -0.99994 0.0109985
    outer loop
      vertex 100.6 23.85 4.67
      vertex 108.4 24.2496 41
      vertex 100.2 24.2496 41
    endloop
  endfacet
  facet normal 0 -0.99994 0.0109985
    outer loop
      vertex 108.4 24.2496 41
      vertex 100.6 23.85 4.67
      vertex 108 23.85 4.67
    endloop
  endfacet
  facet normal -0.999939 0 0.0110095
    outer loop
      vertex 108 16.45 4.67
      vertex 108.4 24.2496 41
      vertex 108 23.85 4.67
    endloop
  endfacet
  facet normal -0.999939 0 0.0110095
    outer loop
      vertex 108.4 24.2496 41
      vertex 108 16.45 4.67
      vertex 108.4 16.0504 41
    endloop
  endfacet
  facet normal 0 1 -0
    outer loop
      vertex 108 16.45 4.66
      vertex 100.6 16.45 4.67
      vertex 108 16.45 4.67
    endloop
  endfacet
  facet normal 0 1 0
    outer loop
      vertex 100.6 16.45 4.67
      vertex 108 16.45 4.66
      vertex 100.6 16.45 4.66
    endloop
  endfacet
  facet normal -0 0 1
    outer loop
      vertex 102.985 21.465 3
      vertex 105.615 18.835 3
      vertex 105.615 21.465 3
    endloop
  endfacet
  facet normal 0 0 1
    outer loop
      vertex 105.615 18.835 3
      vertex 102.985 21.465 3
      vertex 102.985 18.835 3
    endloop
  endfacet
  facet normal 1 -0 0
    outer loop
      vertex 100.6 16.45 4.67
      vertex 100.6 23.85 4.66
      vertex 100.6 23.85 4.67
    endloop
  endfacet
  facet normal 1 0 0
    outer loop
      vertex 100.6 23.85 4.66
      vertex 100.6 16.45 4.67
      vertex 100.6 16.45 4.66
    endloop
  endfacet
  facet normal 0.571266 0 0.820765
    outer loop
      vertex 100.6 23.85 4.66
      vertex 102.985 18.835 3
      vertex 102.985 21.465 3
    endloop
  endfacet
  facet normal 0.571266 0 0.820765
    outer loop
      vertex 102.985 18.835 3
      vertex 100.6 23.85 4.66
      vertex 100.6 16.45 4.66
    endloop
  endfacet
  facet normal -0 0.571266 0.820765
    outer loop
      vertex 102.985 18.835 3
      vertex 108 16.45 4.66
      vertex 105.615 18.835 3
    endloop
  endfacet
  facet normal 0 0.571266 0.820765
    outer loop
      vertex 108 16.45 4.66
      vertex 102.985 18.835 3
      vertex 100.6 16.45 4.66
    endloop
  endfacet
  facet normal 0 -1 0
    outer loop
      vertex 100.6 23.85 4.66
      vertex 108 23.85 4.67
      vertex 100.6 23.85 4.67
    endloop
  endfacet
  facet normal 0 -1 -0
    outer loop
      vertex 108 23.85 4.67
      vertex 100.6 23.85 4.66
      vertex 108 23.85 4.66
    endloop
  endfacet
  facet normal 0 -0.571266 0.820765
    outer loop
      vertex 108 23.85 4.66
      vertex 102.985 21.465 3
      vertex 105.615 21.465 3
    endloop
  endfacet
  facet normal 0 -0.571266 0.820765
    outer loop
      vertex 102.985 21.465 3
      vertex 108 23.85 4.66
      vertex 100.6 23.85 4.66
    endloop
  endfacet
  facet normal -0.571266 0 0.820765
    outer loop
      vertex 105.615 21.465 3
      vertex 108 16.45 4.66
      vertex 108 23.85 4.66
    endloop
  endfacet
  facet normal -0.571266 0 0.820765
    outer loop
      vertex 108 16.45 4.66
      vertex 105.615 21.465 3
      vertex 105.615 18.835 3
    endloop
  endfacet
  facet normal -1 0 0
    outer loop
      vertex 108 16.45 4.66
      vertex 108 23.85 4.67
      vertex 108 23.85 4.66
    endloop
  endfacet
  facet normal -1 -0 0
    outer loop
      vertex 108 23.85 4.67
      vertex 108 16.45 4.66
      vertex 108 16.45 4.67
    endloop
  endfacet
  facet normal 0.999939 0 0.0110095
    outer loop
      vertex 100.2 15.2496 41
      vertex 100.6 7.45 4.67
      vertex 100.6 14.85 4.67
    endloop
  endfacet
  facet normal 0.999939 0 0.0110095
    outer loop
      vertex 100.6 7.45 4.67
      vertex 100.2 15.2496 41
      vertex 100.2 7.05044 41
    endloop
  endfacet
  facet normal 0 0.99994 0.0109974
    outer loop
      vertex 108 7.45 4.67
      vertex 100.2 7.05044 41
      vertex 108.4 7.05044 41
    endloop
  endfacet
  facet normal 0 0.99994 0.0109974
    outer loop
      vertex 100.2 7.05044 41
      vertex 108 7.45 4.67
      vertex 100.6 7.45 4.67
    endloop
  endfacet
  facet normal 0 -0.99994 0.0109985
    outer loop
      vertex 100.6 14.85 4.67
      vertex 108.4 15.2496 41
      vertex 100.2 15.2496 41
    endloop
  endfacet
  facet normal 0 -0.99994 0.0109985
    outer loop
      vertex 108.4 15.2496 41
      vertex 100.6 14.85 4.67
      vertex 108 14.85 4.67
    endloop
  endfacet
  facet normal -0.999939 0 0.0110095
    outer loop
      vertex 108 7.45 4.67
      vertex 108.4 15.2496 41
      vertex 108 14.85 4.67
    endloop
  endfacet
  facet normal -0.999939 0 0.0110095
    outer loop
      vertex 108.4 15.2496 41
      vertex 108 7.45 4.67
      vertex 108.4 7.05044 41
    endloop
  endfacet
  facet normal 0 1 -0
    outer loop
      vertex 108 7.45 4.66
      vertex 100.6 7.45 4.67
      vertex 108 7.45 4.67
    endloop
  endfacet
  facet normal 0 1 0
    outer loop
      vertex 100.6 7.45 4.67
      vertex 108 7.45 4.66
      vertex 100.6 7.45 4.66
    endloop
  endfacet
  facet normal -0 0 1
    outer loop
      vertex 102.985 12.465 3
      vertex 105.615 9.835 3
      vertex 105.615 12.465 3
    endloop
  endfacet
  facet normal 0 0 1
    outer loop
      vertex 105.615 9.835 3
      vertex 102.985 12.465 3
      vertex 102.985 9.835 3
    endloop
  endfacet
  facet normal 1 -0 0
    outer loop
      vertex 100.6 7.45 4.67
      vertex 100.6 14.85 4.66
      vertex 100.6 14.85 4.67
    endloop
  endfacet
  facet normal 1 0 0
    outer loop
      vertex 100.6 14.85 4.66
      vertex 100.6 7.45 4.67
      vertex 100.6 7.45 4.66
    endloop
  endfacet
  facet normal 0.571266 0 0.820765
    outer loop
      vertex 100.6 14.85 4.66
      vertex 102.985 9.835 3
      vertex 102.985 12.465 3
    endloop
  endfacet
  facet normal 0.571266 0 0.820765
    outer loop
      vertex 102.985 9.835 3
      vertex 100.6 14.85 4.66
      vertex 100.6 7.45 4.66
    endloop
  endfacet
  facet normal -0 0.571266 0.820765
    outer loop
      vertex 102.985 9.835 3
      vertex 108 7.45 4.66
      vertex 105.615 9.835 3
    endloop
  endfacet
  facet normal 0 0.571266 0.820765
    outer loop
      vertex 108 7.45 4.66
      vertex 102.985 9.835 3
      vertex 100.6 7.45 4.66
    endloop
  endfacet
  facet normal 0 -1 0
    outer loop
      vertex 100.6 14.85 4.66
      vertex 108 14.85 4.67
      vertex 100.6 14.85 4.67
    endloop
  endfacet
  facet normal 0 -1 -0
    outer loop
      vertex 108 14.85 4.67
      vertex 100.6 14.85 4.66
      vertex 108 14.85 4.66
    endloop
  endfacet
  facet normal 0 -0.571266 0.820765
    outer loop
      vertex 108 14.85 4.66
      vertex 102.985 12.465 3
      vertex 105.615 12.465 3
    endloop
  endfacet
  facet normal 0 -0.571266 0.820765
    outer loop
      vertex 102.985 12.465 3
      vertex 108 14.85 4.66
      vertex 100.6 14.85 4.66
    endloop
  endfacet
  facet normal -0.571266 0 0.820765
    outer loop
      vertex 105.615 12.465 3
      vertex 108 7.45 4.66
      vertex 108 14.85 4.66
    endloop
  endfacet
  facet normal -0.571266 0 0.820765
    outer loop
      vertex 108 7.45 4.66
      vertex 105.615 12.465 3
      vertex 105.615 9.835 3
    endloop
  endfacet
  facet normal -1 0 0
    outer loop
      vertex 108 7.45 4.66
      vertex 108 14.85 4.67
      vertex 108 14.85 4.66
    endloop
  endfacet
  facet normal -1 -0 0
    outer loop
      vertex 108 14.85 4.67
      vertex 108 7.45 4.66
      vertex 108 7.45 4.67
    endloop
  endfacet
  facet normal 0.999939 0 0.0110095
    outer loop
      vertex 109.2 78.2496 41
      vertex 109.6 70.45 4.67
      vertex 109.6 77.85 4.67
    endloop
  endfacet
  facet normal 0.999939 0 0.0110095
    outer loop
      vertex 109.6 70.45 4.67
      vertex 109.2 78.2496 41
      vertex 109.2 70.0504 41
    endloop
  endfacet
  facet normal 0 0.99994 0.0109985
    outer loop
      vertex 117 70.45 4.67
      vertex 109.2 70.0504 41
      vertex 117.4 70.0504 41
    endloop
  endfacet
  facet normal 0 0.99994 0.0109985
    outer loop
      vertex 109.2 70.0504 41
      vertex 117 70.45 4.67
      vertex 109.6 70.45 4.67
    endloop
  endfacet
  facet normal 0 -0.99994 0.0109985
    outer loop
      vertex 109.6 77.85 4.67
      vertex 117.4 78.2496 41
      vertex 109.2 78.2496 41
    endloop
  endfacet
  facet normal 0 -0.99994 0.0109985
    outer loop
      vertex 117.4 78.2496 41
      vertex 109.6 77.85 4.67
      vertex 117 77.85 4.67
    endloop
  endfacet
  facet normal -0.999939 0 0.0110095
    outer loop
      vertex 117 70.45 4.67
      vertex 117.4 78.2496 41
      vertex 117 77.85 4.67
    endloop
  endfacet
  facet normal -0.999939 0 0.0110095
    outer loop
      vertex 117.4 78.2496 41
      vertex 117 70.45 4.67
      vertex 117.4 70.0504 41
    endloop
  endfacet
  facet normal 0 1 -0
    outer loop
      vertex 117 70.45 4.66
      vertex 109.6 70.45 4.67
      vertex 117 70.45 4.67
    endloop
  endfacet
  facet normal 0 1 0
    outer loop
      vertex 109.6 70.45 4.67
      vertex 117 70.45 4.66
      vertex 109.6 70.45 4.66
    endloop
  endfacet
  facet normal -0 0 1
    outer loop
      vertex 111.985 75.465 3
      vertex 114.615 72.835 3
      vertex 114.615 75.465 3
    endloop
  endfacet
  facet normal 0 0 1
    outer loop
      vertex 114.615 72.835 3
      vertex 111.985 75.465 3
      vertex 111.985 72.835 3
    endloop
  endfacet
  facet normal 1 -0 0
    outer loop
      vertex 109.6 70.45 4.67
      vertex 109.6 77.85 4.66
      vertex 109.6 77.85 4.67
    endloop
  endfacet
  facet normal 1 0 0
    outer loop
      vertex 109.6 77.85 4.66
      vertex 109.6 70.45 4.67
      vertex 109.6 70.45 4.66
    endloop
  endfacet
  facet normal 0.571266 0 0.820765
    outer loop
      vertex 109.6 77.85 4.66
      vertex 111.985 72.835 3
      vertex 111.985 75.465 3
    endloop
  endfacet
  facet normal 0.571266 0 0.820765
    outer loop
      vertex 111.985 72.835 3
      vertex 109.6 77.85 4.66
      vertex 109.6 70.45 4.66
    endloop
  endfacet
  facet normal -0 0.571266 0.820765
    outer loop
      vertex 111.985 72.835 3
      vertex 117 70.45 4.66
      vertex 114.615 72.835 3
    endloop
  endfacet
  facet normal 0 0.571266 0.820765
    outer loop
      vertex 117 70.45 4.66
      vertex 111.985 72.835 3
      vertex 109.6 70.45 4.66
    endloop
  endfacet
  facet normal 0 -1 0
    outer loop
      vertex 109.6 77.85 4.66
      vertex 117 77.85 4.67
      vertex 109.6 77.85 4.67
    endloop
  endfacet
  facet normal 0 -1 -0
    outer loop
      vertex 117 77.85 4.67
      vertex 109.6 77.85 4.66
      vertex 117 77.85 4.66
    endloop
  endfacet
  facet normal 0 -0.571266 0.820765
    outer loop
      vertex 117 77.85 4.66
      vertex 111.985 75.465 3
      vertex 114.615 75.465 3
    endloop
  endfacet
  facet normal 0 -0.571266 0.820765
    outer loop
      vertex 111.985 75.465 3
      vertex 117 77.85 4.66
      vertex 109.6 77.85 4.66
    endloop
  endfacet
  facet normal -0.571266 0 0.820765
    outer loop
      vertex 114.615 75.465 3
      vertex 117 70.45 4.66
      vertex 117 77.85 4.66
    endloop
  endfacet
  facet normal -0.571266 0 0.820765
    outer loop
      vertex 117 70.45 4.66
      vertex 114.615 75.465 3
      vertex 114.615 72.835 3
    endloop
  endfacet
  facet normal -1 0 0
    outer loop
      vertex 117 70.45 4.66
      vertex 117 77.85 4.67
      vertex 117 77.85 4.66
    endloop
  endfacet
  facet normal -1 -0 0
    outer loop
      vertex 117 77.85 4.67
      vertex 117 70.45 4.66
      vertex 117 70.45 4.67
    endloop
  endfacet
  facet normal 0.999939 0 0.0110095
    outer loop
      vertex 109.2 69.2496 41
      vertex 109.6 61.45 4.67
      vertex 109.6 68.85 4.67
    endloop
  endfacet
  facet normal 0.999939 0 0.0110095
    outer loop
      vertex 109.6 61.45 4.67
      vertex 109.2 69.2496 41
      vertex 109.2 61.0504 41
    endloop
  endfacet
  facet normal 0 0.99994 0.0109985
    outer loop
      vertex 117 61.45 4.67
      vertex 109.2 61.0504 41
      vertex 117.4 61.0504 41
    endloop
  endfacet
  facet normal 0 0.99994 0.0109985
    outer loop
      vertex 109.2 61.0504 41
      vertex 117 61.45 4.67
      vertex 109.6 61.45 4.67
    endloop
  endfacet
  facet normal 0 -0.99994 0.0109985
    outer loop
      vertex 109.6 68.85 4.67
      vertex 117.4 69.2496 41
      vertex 109.2 69.2496 41
    endloop
  endfacet
  facet normal 0 -0.99994 0.0109985
    outer loop
      vertex 117.4 69.2496 41
      vertex 109.6 68.85 4.67
      vertex 117 68.85 4.67
    endloop
  endfacet
  facet normal -0.999939 0 0.0110095
    outer loop
      vertex 117 61.45 4.67
      vertex 117.4 69.2496 41
      vertex 117 68.85 4.67
    endloop
  endfacet
  facet normal -0.999939 0 0.0110095
    outer loop
      vertex 117.4 69.2496 41
      vertex 117 61.45 4.67
      vertex 117.4 61.0504 41
    endloop
  endfacet
  facet normal 0 1 -0
    outer loop
      vertex 117 61.45 4.66
      vertex 109.6 61.45 4.67
      vertex 117 61.45 4.67
    endloop
  endfacet
  facet normal 0 1 0
    outer loop
      vertex 109.6 61.45 4.67
      vertex 117 61.45 4.66
      vertex 109.6 61.45 4.66
    endloop
  endfacet
  facet normal -0 0 1
    outer loop
      vertex 111.985 66.465 3
      vertex 114.615 63.835 3
      vertex 114.615 66.465 3
    endloop
  endfacet
  facet normal 0 0 1
    outer loop
      vertex 114.615 63.835 3
      vertex 111.985 66.465 3
      vertex 111.985 63.835 3
    endloop
  endfacet
  facet normal 1 -0 0
    outer loop
      vertex 109.6 61.45 4.67
      vertex 109.6 68.85 4.66
      vertex 109.6 68.85 4.67
    endloop
  endfacet
  facet normal 1 0 0
    outer loop
      vertex 109.6 68.85 4.66
      vertex 109.6 61.45 4.67
      vertex 109.6 61.45 4.66
    endloop
  endfacet
  facet normal 0.571266 0 0.820765
    outer loop
      vertex 109.6 68.85 4.66
      vertex 111.985 63.835 3
      vertex 111.985 66.465 3
    endloop
  endfacet
  facet normal 0.571266 0 0.820765
    outer loop
      vertex 111.985 63.835 3
      vertex 109.6 68.85 4.66
      vertex 109.6 61.45 4.66
    endloop
  endfacet
  facet normal -0 0.571266 0.820765
    outer loop
      vertex 111.985 63.835 3
      vertex 117 61.45 4.66
      vertex 114.615 63.835 3
    endloop
  endfacet
  facet normal 0 0.571266 0.820765
    outer loop
      vertex 117 61.45 4.66
      vertex 111.985 63.835 3
      vertex 109.6 61.45 4.66
    endloop
  endfacet
  facet normal 0 -1 0
    outer loop
      vertex 109.6 68.85 4.66
      vertex 117 68.85 4.67
      vertex 109.6 68.85 4.67
    endloop
  endfacet
  facet normal 0 -1 -0
    outer loop
      vertex 117 68.85 4.67
      vertex 109.6 68.85 4.66
      vertex 117 68.85 4.66
    endloop
  endfacet
  facet normal 0 -0.571266 0.820765
    outer loop
      vertex 117 68.85 4.66
      vertex 111.985 66.465 3
      vertex 114.615 66.465 3
    endloop
  endfacet
  facet normal 0 -0.571266 0.820765
    outer loop
      vertex 111.985 66.465 3
      vertex 117 68.85 4.66
      vertex 109.6 68.85 4.66
    endloop
  endfacet
  facet normal -0.571266 0 0.820765
    outer loop
      vertex 114.615 66.465 3
      vertex 117 61.45 4.66
      vertex 117 68.85 4.66
    endloop
  endfacet
  facet normal -0.571266 0 0.820765
    outer loop
      vertex 117 61.45 4.66
      vertex 114.615 66.465 3
      vertex 114.615 63.835 3
    endloop
  endfacet
  facet normal -1 0 0
    outer loop
      vertex 117 61.45 4.66
      vertex 117 68.85 4.67
      vertex 117 68.85 4.66
    endloop
  endfacet
  facet normal -1 -0 0
    outer loop
      vertex 117 68.85 4.67
      vertex 117 61.45 4.66
      vertex 117 61.45 4.67
    endloop
  endfacet
  facet normal 0.999939 0 0.0110095
    outer loop
      vertex 109.2 60.2496 41
      vertex 109.6 52.45 4.67
      vertex 109.6 59.85 4.67
    endloop
  endfacet
  facet normal 0.999939 0 0.0110095
    outer loop
      vertex 109.6 52.45 4.67
      vertex 109.2 60.2496 41
      vertex 109.2 52.0504 41
    endloop
  endfacet
  facet normal 0 0.99994 0.0109985
    outer loop
      vertex 117 52.45 4.67
      vertex 109.2 52.0504 41
      vertex 117.4 52.0504 41
    endloop
  endfacet
  facet normal 0 0.99994 0.0109985
    outer loop
      vertex 109.2 52.0504 41
      vertex 117 52.45 4.67
      vertex 109.6 52.45 4.67
    endloop
  endfacet
  facet normal 0 -0.99994 0.0109985
    outer loop
      vertex 109.6 59.85 4.67
      vertex 117.4 60.2496 41
      vertex 109.2 60.2496 41
    endloop
  endfacet
  facet normal 0 -0.99994 0.0109985
    outer loop
      vertex 117.4 60.2496 41
      vertex 109.6 59.85 4.67
      vertex 117 59.85 4.67
    endloop
  endfacet
  facet normal -0.999939 0 0.0110095
    outer loop
      vertex 117 52.45 4.67
      vertex 117.4 60.2496 41
      vertex 117 59.85 4.67
    endloop
  endfacet
  facet normal -0.999939 0 0.0110095
    outer loop
      vertex 117.4 60.2496 41
      vertex 117 52.45 4.67
      vertex 117.4 52.0504 41
    endloop
  endfacet
  facet normal 0 1 -0
    outer loop
      vertex 117 52.45 4.66
      vertex 109.6 52.45 4.67
      vertex 117 52.45 4.67
    endloop
  endfacet
  facet normal 0 1 0
    outer loop
      vertex 109.6 52.45 4.67
      vertex 117 52.45 4.66
      vertex 109.6 52.45 4.66
    endloop
  endfacet
  facet normal -0 0 1
    outer loop
      vertex 111.985 57.465 3
      vertex 114.615 54.835 3
      vertex 114.615 57.465 3
    endloop
  endfacet
  facet normal 0 0 1
    outer loop
      vertex 114.615 54.835 3
      vertex 111.985 57.465 3
      vertex 111.985 54.835 3
    endloop
  endfacet
  facet normal 1 -0 0
    outer loop
      vertex 109.6 52.45 4.67
      vertex 109.6 59.85 4.66
      vertex 109.6 59.85 4.67
    endloop
  endfacet
  facet normal 1 0 0
    outer loop
      vertex 109.6 59.85 4.66
      vertex 109.6 52.45 4.67
      vertex 109.6 52.45 4.66
    endloop
  endfacet
  facet normal 0.571266 0 0.820765
    outer loop
      vertex 109.6 59.85 4.66
      vertex 111.985 54.835 3
      vertex 111.985 57.465 3
    endloop
  endfacet
  facet normal 0.571266 0 0.820765
    outer loop
      vertex 111.985 54.835 3
      vertex 109.6 59.85 4.66
      vertex 109.6 52.45 4.66
    endloop
  endfacet
  facet normal -0 0.571266 0.820765
    outer loop
      vertex 111.985 54.835 3
      vertex 117 52.45 4.66
      vertex 114.615 54.835 3
    endloop
  endfacet
  facet normal 0 0.571266 0.820765
    outer loop
      vertex 117 52.45 4.66
      vertex 111.985 54.835 3
      vertex 109.6 52.45 4.66
    endloop
  endfacet
  facet normal 0 -1 0
    outer loop
      vertex 109.6 59.85 4.66
      vertex 117 59.85 4.67
      vertex 109.6 59.85 4.67
    endloop
  endfacet
  facet normal 0 -1 -0
    outer loop
      vertex 117 59.85 4.67
      vertex 109.6 59.85 4.66
      vertex 117 59.85 4.66
    endloop
  endfacet
  facet normal 0 -0.571266 0.820765
    outer loop
      vertex 117 59.85 4.66
      vertex 111.985 57.465 3
      vertex 114.615 57.465 3
    endloop
  endfacet
  facet normal 0 -0.571266 0.820765
    outer loop
      vertex 111.985 57.465 3
      vertex 117 59.85 4.66
      vertex 109.6 59.85 4.66
    endloop
  endfacet
  facet normal -0.571266 0 0.820765
    outer loop
      vertex 114.615 57.465 3
      vertex 117 52.45 4.66
      vertex 117 59.85 4.66
    endloop
  endfacet
  facet normal -0.571266 0 0.820765
    outer loop
      vertex 117 52.45 4.66
      vertex 114.615 57.465 3
      vertex 114.615 54.835 3
    endloop
  endfacet
  facet normal -1 0 0
    outer loop
      vertex 117 52.45 4.66
      vertex 117 59.85 4.67
      vertex 117 59.85 4.66
    endloop
  endfacet
  facet normal -1 -0 0
    outer loop
      vertex 117 59.85 4.67
      vertex 117 52.45 4.66
      vertex 117 52.45 4.67
    endloop
  endfacet
  facet normal 0.999939 0 0.0110095
    outer loop
      vertex 109.2 51.2496 41
      vertex 109.6 43.45 4.67
      vertex 109.6 50.85 4.67
    endloop
  endfacet
  facet normal 0.999939 0 0.0110095
    outer loop
      vertex 109.6 43.45 4.67
      vertex 109.2 51.2496 41
      vertex 109.2 43.0504 41
    endloop
  endfacet
  facet normal 0 0.99994 0.0109985
    outer loop
      vertex 117 43.45 4.67
      vertex 109.2 43.0504 41
      vertex 117.4 43.0504 41
    endloop
  endfacet
  facet normal 0 0.99994 0.0109985
    outer loop
      vertex 109.2 43.0504 41
      vertex 117 43.45 4.67
      vertex 109.6 43.45 4.67
    endloop
  endfacet
  facet normal 0 -0.99994 0.0109985
    outer loop
      vertex 109.6 50.85 4.67
      vertex 117.4 51.2496 41
      vertex 109.2 51.2496 41
    endloop
  endfacet
  facet normal 0 -0.99994 0.0109985
    outer loop
      vertex 117.4 51.2496 41
      vertex 109.6 50.85 4.67
      vertex 117 50.85 4.67
    endloop
  endfacet
  facet normal -0.999939 0 0.0110095
    outer loop
      vertex 117 43.45 4.67
      vertex 117.4 51.2496 41
      vertex 117 50.85 4.67
    endloop
  endfacet
  facet normal -0.999939 0 0.0110095
    outer loop
      vertex 117.4 51.2496 41
      vertex 117 43.45 4.67
      vertex 117.4 43.0504 41
    endloop
  endfacet
  facet normal 0 1 -0
    outer loop
      vertex 117 43.45 4.66
      vertex 109.6 43.45 4.67
      vertex 117 43.45 4.67
    endloop
  endfacet
  facet normal 0 1 0
    outer loop
      vertex 109.6 43.45 4.67
      vertex 117 43.45 4.66
      vertex 109.6 43.45 4.66
    endloop
  endfacet
  facet normal -0 0 1
    outer loop
      vertex 111.985 48.465 3
      vertex 114.615 45.835 3
      vertex 114.615 48.465 3
    endloop
  endfacet
  facet normal 0 0 1
    outer loop
      vertex 114.615 45.835 3
      vertex 111.985 48.465 3
      vertex 111.985 45.835 3
    endloop
  endfacet
  facet normal 1 -0 0
    outer loop
      vertex 109.6 43.45 4.67
      vertex 109.6 50.85 4.66
      vertex 109.6 50.85 4.67
    endloop
  endfacet
  facet normal 1 0 0
    outer loop
      vertex 109.6 50.85 4.66
      vertex 109.6 43.45 4.67
      vertex 109.6 43.45 4.66
    endloop
  endfacet
  facet normal 0.571266 0 0.820765
    outer loop
      vertex 109.6 50.85 4.66
      vertex 111.985 45.835 3
      vertex 111.985 48.465 3
    endloop
  endfacet
  facet normal 0.571266 0 0.820765
    outer loop
      vertex 111.985 45.835 3
      vertex 109.6 50.85 4.66
      vertex 109.6 43.45 4.66
    endloop
  endfacet
  facet normal -0 0.571266 0.820765
    outer loop
      vertex 111.985 45.835 3
      vertex 117 43.45 4.66
      vertex 114.615 45.835 3
    endloop
  endfacet
  facet normal 0 0.571266 0.820765
    outer loop
      vertex 117 43.45 4.66
      vertex 111.985 45.835 3
      vertex 109.6 43.45 4.66
    endloop
  endfacet
  facet normal 0 -1 0
    outer loop
      vertex 109.6 50.85 4.66
      vertex 117 50.85 4.67
      vertex 109.6 50.85 4.67
    endloop
  endfacet
  facet normal 0 -1 -0
    outer loop
      vertex 117 50.85 4.67
      vertex 109.6 50.85 4.66
      vertex 117 50.85 4.66
    endloop
  endfacet
  facet normal 0 -0.571266 0.820765
    outer loop
      vertex 117 50.85 4.66
      vertex 111.985 48.465 3
      vertex 114.615 48.465 3
    endloop
  endfacet
  facet normal 0 -0.571266 0.820765
    outer loop
      vertex 111.985 48.465 3
      vertex 117 50.85 4.66
      vertex 109.6 50.85 4.66
    endloop
  endfacet
  facet normal -0.571266 0 0.820765
    outer loop
      vertex 114.615 48.465 3
      vertex 117 43.45 4.66
      vertex 117 50.85 4.66
    endloop
  endfacet
  facet normal -0.571266 0 0.820765
    outer loop
      vertex 117 43.45 4.66
      vertex 114.615 48.465 3
      vertex 114.615 45.835 3
    endloop
  endfacet
  facet normal -1 0 0
    outer loop
      vertex 117 43.45 4.66
      vertex 117 50.85 4.67
      vertex 117 50.85 4.66
    endloop
  endfacet
  facet normal -1 -0 0
    outer loop
      vertex 117 50.85 4.67
      vertex 117 43.45 4.66
      vertex 117 43.45 4.67
    endloop
  endfacet
  facet normal 0.999939 0 0.0110095
    outer loop
      vertex 109.2 42.2496 41
      vertex 109.6 34.45 4.67
      vertex 109.6 41.85 4.67
    endloop
  endfacet
  facet normal 0.999939 0 0.0110095
    outer loop
      vertex 109.6 34.45 4.67
      vertex 109.2 42.2496 41
      vertex 109.2 34.0504 41
    endloop
  endfacet
  facet normal 0 0.99994 0.0109985
    outer loop
      vertex 117 34.45 4.67
      vertex 109.2 34.0504 41
      vertex 117.4 34.0504 41
    endloop
  endfacet
  facet normal 0 0.99994 0.0109985
    outer loop
      vertex 109.2 34.0504 41
      vertex 117 34.45 4.67
      vertex 109.6 34.45 4.67
    endloop
  endfacet
  facet normal 0 -0.99994 0.0109985
    outer loop
      vertex 109.6 41.85 4.67
      vertex 117.4 42.2496 41
      vertex 109.2 42.2496 41
    endloop
  endfacet
  facet normal 0 -0.99994 0.0109985
    outer loop
      vertex 117.4 42.2496 41
      vertex 109.6 41.85 4.67
      vertex 117 41.85 4.67
    endloop
  endfacet
  facet normal -0.999939 0 0.0110095
    outer loop
      vertex 117 34.45 4.67
      vertex 117.4 42.2496 41
      vertex 117 41.85 4.67
    endloop
  endfacet
  facet normal -0.999939 0 0.0110095
    outer loop
      vertex 117.4 42.2496 41
      vertex 117 34.45 4.67
      vertex 117.4 34.0504 41
    endloop
  endfacet
  facet normal 0 1 -0
    outer loop
      vertex 117 34.45 4.66
      vertex 109.6 34.45 4.67
      vertex 117 34.45 4.67
    endloop
  endfacet
  facet normal 0 1 0
    outer loop
      vertex 109.6 34.45 4.67
      vertex 117 34.45 4.66
      vertex 109.6 34.45 4.66
    endloop
  endfacet
  facet normal -0 0 1
    outer loop
      vertex 111.985 39.465 3
      vertex 114.615 36.835 3
      vertex 114.615 39.465 3
    endloop
  endfacet
  facet normal 0 0 1
    outer loop
      vertex 114.615 36.835 3
      vertex 111.985 39.465 3
      vertex 111.985 36.835 3
    endloop
  endfacet
  facet normal 1 -0 0
    outer loop
      vertex 109.6 34.45 4.67
      vertex 109.6 41.85 4.66
      vertex 109.6 41.85 4.67
    endloop
  endfacet
  facet normal 1 0 0
    outer loop
      vertex 109.6 41.85 4.66
      vertex 109.6 34.45 4.67
      vertex 109.6 34.45 4.66
    endloop
  endfacet
  facet normal 0.571266 0 0.820765
    outer loop
      vertex 109.6 41.85 4.66
      vertex 111.985 36.835 3
      vertex 111.985 39.465 3
    endloop
  endfacet
  facet normal 0.571266 0 0.820765
    outer loop
      vertex 111.985 36.835 3
      vertex 109.6 41.85 4.66
      vertex 109.6 34.45 4.66
    endloop
  endfacet
  facet normal -0 0.571266 0.820765
    outer loop
      vertex 111.985 36.835 3
      vertex 117 34.45 4.66
      vertex 114.615 36.835 3
    endloop
  endfacet
  facet normal 0 0.571266 0.820765
    outer loop
      vertex 117 34.45 4.66
      vertex 111.985 36.835 3
      vertex 109.6 34.45 4.66
    endloop
  endfacet
  facet normal 0 -1 0
    outer loop
      vertex 109.6 41.85 4.66
      vertex 117 41.85 4.67
      vertex 109.6 41.85 4.67
    endloop
  endfacet
  facet normal 0 -1 -0
    outer loop
      vertex 117 41.85 4.67
      vertex 109.6 41.85 4.66
      vertex 117 41.85 4.66
    endloop
  endfacet
  facet normal 0 -0.571266 0.820765
    outer loop
      vertex 117 41.85 4.66
      vertex 111.985 39.465 3
      vertex 114.615 39.465 3
    endloop
  endfacet
  facet normal 0 -0.571266 0.820765
    outer loop
      vertex 111.985 39.465 3
      vertex 117 41.85 4.66
      vertex 109.6 41.85 4.66
    endloop
  endfacet
  facet normal -0.571266 0 0.820765
    outer loop
      vertex 114.615 39.465 3
      vertex 117 34.45 4.66
      vertex 117 41.85 4.66
    endloop
  endfacet
  facet normal -0.571266 0 0.820765
    outer loop
      vertex 117 34.45 4.66
      vertex 114.615 39.465 3
      vertex 114.615 36.835 3
    endloop
  endfacet
  facet normal -1 0 0
    outer loop
      vertex 117 34.45 4.66
      vertex 117 41.85 4.67
      vertex 117 41.85 4.66
    endloop
  endfacet
  facet normal -1 -0 0
    outer loop
      vertex 117 41.85 4.67
      vertex 117 34.45 4.66
      vertex 117 34.45 4.67
    endloop
  endfacet
  facet normal 0.999939 0 0.0110095
    outer loop
      vertex 109.2 33.2496 41
      vertex 109.6 25.45 4.67
      vertex 109.6 32.85 4.67
    endloop
  endfacet
  facet normal 0.999939 0 0.0110095
    outer loop
      vertex 109.6 25.45 4.67
      vertex 109.2 33.2496 41
      vertex 109.2 25.0504 41
    endloop
  endfacet
  facet normal 0 0.99994 0.0109985
    outer loop
      vertex 117 25.45 4.67
      vertex 109.2 25.0504 41
      vertex 117.4 25.0504 41
    endloop
  endfacet
  facet normal 0 0.99994 0.0109985
    outer loop
      vertex 109.2 25.0504 41
      vertex 117 25.45 4.67
      vertex 109.6 25.45 4.67
    endloop
  endfacet
  facet normal 0 -0.99994 0.0109985
    outer loop
      vertex 109.6 32.85 4.67
      vertex 117.4 33.2496 41
      vertex 109.2 33.2496 41
    endloop
  endfacet
  facet normal 0 -0.99994 0.0109985
    outer loop
      vertex 117.4 33.2496 41
      vertex 109.6 32.85 4.67
      vertex 117 32.85 4.67
    endloop
  endfacet
  facet normal -0.999939 0 0.0110095
    outer loop
      vertex 117 25.45 4.67
      vertex 117.4 33.2496 41
      vertex 117 32.85 4.67
    endloop
  endfacet
  facet normal -0.999939 0 0.0110095
    outer loop
      vertex 117.4 33.2496 41
      vertex 117 25.45 4.67
      vertex 117.4 25.0504 41
    endloop
  endfacet
  facet normal 0 1 -0
    outer loop
      vertex 117 25.45 4.66
      vertex 109.6 25.45 4.67
      vertex 117 25.45 4.67
    endloop
  endfacet
  facet normal 0 1 0
    outer loop
      vertex 109.6 25.45 4.67
      vertex 117 25.45 4.66
      vertex 109.6 25.45 4.66
    endloop
  endfacet
  facet normal -0 0 1
    outer loop
      vertex 111.985 30.465 3
      vertex 114.615 27.835 3
      vertex 114.615 30.465 3
    endloop
  endfacet
  facet normal 0 0 1
    outer loop
      vertex 114.615 27.835 3
      vertex 111.985 30.465 3
      vertex 111.985 27.835 3
    endloop
  endfacet
  facet normal 1 -0 0
    outer loop
      vertex 109.6 25.45 4.67
      vertex 109.6 32.85 4.66
      vertex 109.6 32.85 4.67
    endloop
  endfacet
  facet normal 1 0 0
    outer loop
      vertex 109.6 32.85 4.66
      vertex 109.6 25.45 4.67
      vertex 109.6 25.45 4.66
    endloop
  endfacet
  facet normal 0.571266 0 0.820765
    outer loop
      vertex 109.6 32.85 4.66
      vertex 111.985 27.835 3
      vertex 111.985 30.465 3
    endloop
  endfacet
  facet normal 0.571266 0 0.820765
    outer loop
      vertex 111.985 27.835 3
      vertex 109.6 32.85 4.66
      vertex 109.6 25.45 4.66
    endloop
  endfacet
  facet normal -0 0.571266 0.820765
    outer loop
      vertex 111.985 27.835 3
      vertex 117 25.45 4.66
      vertex 114.615 27.835 3
    endloop
  endfacet
  facet normal 0 0.571266 0.820765
    outer loop
      vertex 117 25.45 4.66
      vertex 111.985 27.835 3
      vertex 109.6 25.45 4.66
    endloop
  endfacet
  facet normal 0 -1 0
    outer loop
      vertex 109.6 32.85 4.66
      vertex 117 32.85 4.67
      vertex 109.6 32.85 4.67
    endloop
  endfacet
  facet normal 0 -1 -0
    outer loop
      vertex 117 32.85 4.67
      vertex 109.6 32.85 4.66
      vertex 117 32.85 4.66
    endloop
  endfacet
  facet normal 0 -0.571266 0.820765
    outer loop
      vertex 117 32.85 4.66
      vertex 111.985 30.465 3
      vertex 114.615 30.465 3
    endloop
  endfacet
  facet normal 0 -0.571266 0.820765
    outer loop
      vertex 111.985 30.465 3
      vertex 117 32.85 4.66
      vertex 109.6 32.85 4.66
    endloop
  endfacet
  facet normal -0.571266 0 0.820765
    outer loop
      vertex 114.615 30.465 3
      vertex 117 25.45 4.66
      vertex 117 32.85 4.66
    endloop
  endfacet
  facet normal -0.571266 0 0.820765
    outer loop
      vertex 117 25.45 4.66
      vertex 114.615 30.465 3
      vertex 114.615 27.835 3
    endloop
  endfacet
  facet normal -1 0 0
    outer loop
      vertex 117 25.45 4.66
      vertex 117 32.85 4.67
      vertex 117 32.85 4.66
    endloop
  endfacet
  facet normal -1 -0 0
    outer loop
      vertex 117 32.85 4.67
      vertex 117 25.45 4.66
      vertex 117 25.45 4.67
    endloop
  endfacet
  facet normal 0.999939 0 0.0110095
    outer loop
      vertex 109.2 24.2496 41
      vertex 109.6 16.45 4.67
      vertex 109.6 23.85 4.67
    endloop
  endfacet
  facet normal 0.999939 0 0.0110095
    outer loop
      vertex 109.6 16.45 4.67
      vertex 109.2 24.2496 41
      vertex 109.2 16.0504 41
    endloop
  endfacet
  facet normal 0 0.99994 0.0109985
    outer loop
      vertex 117 16.45 4.67
      vertex 109.2 16.0504 41
      vertex 117.4 16.0504 41
    endloop
  endfacet
  facet normal 0 0.99994 0.0109985
    outer loop
      vertex 109.2 16.0504 41
      vertex 117 16.45 4.67
      vertex 109.6 16.45 4.67
    endloop
  endfacet
  facet normal 0 -0.99994 0.0109985
    outer loop
      vertex 109.6 23.85 4.67
      vertex 117.4 24.2496 41
      vertex 109.2 24.2496 41
    endloop
  endfacet
  facet normal 0 -0.99994 0.0109985
    outer loop
      vertex 117.4 24.2496 41
      vertex 109.6 23.85 4.67
      vertex 117 23.85 4.67
    endloop
  endfacet
  facet normal -0.999939 0 0.0110095
    outer loop
      vertex 117 16.45 4.67
      vertex 117.4 24.2496 41
      vertex 117 23.85 4.67
    endloop
  endfacet
  facet normal -0.999939 0 0.0110095
    outer loop
      vertex 117.4 24.2496 41
      vertex 117 16.45 4.67
      vertex 117.4 16.0504 41
    endloop
  endfacet
  facet normal 0 1 -0
    outer loop
      vertex 117 16.45 4.66
      vertex 109.6 16.45 4.67
      vertex 117 16.45 4.67
    endloop
  endfacet
  facet normal 0 1 0
    outer loop
      vertex 109.6 16.45 4.67
      vertex 117 16.45 4.66
      vertex 109.6 16.45 4.66
    endloop
  endfacet
  facet normal -0 0 1
    outer loop
      vertex 111.985 21.465 3
      vertex 114.615 18.835 3
      vertex 114.615 21.465 3
    endloop
  endfacet
  facet normal 0 0 1
    outer loop
      vertex 114.615 18.835 3
      vertex 111.985 21.465 3
      vertex 111.985 18.835 3
    endloop
  endfacet
  facet normal 1 -0 0
    outer loop
      vertex 109.6 16.45 4.67
      vertex 109.6 23.85 4.66
      vertex 109.6 23.85 4.67
    endloop
  endfacet
  facet normal 1 0 0
    outer loop
      vertex 109.6 23.85 4.66
      vertex 109.6 16.45 4.67
      vertex 109.6 16.45 4.66
    endloop
  endfacet
  facet normal 0.571266 0 0.820765
    outer loop
      vertex 109.6 23.85 4.66
      vertex 111.985 18.835 3
      vertex 111.985 21.465 3
    endloop
  endfacet
  facet normal 0.571266 0 0.820765
    outer loop
      vertex 111.985 18.835 3
      vertex 109.6 23.85 4.66
      vertex 109.6 16.45 4.66
    endloop
  endfacet
  facet normal -0 0.571266 0.820765
    outer loop
      vertex 111.985 18.835 3
      vertex 117 16.45 4.66
      vertex 114.615 18.835 3
    endloop
  endfacet
  facet normal 0 0.571266 0.820765
    outer loop
      vertex 117 16.45 4.66
      vertex 111.985 18.835 3
      vertex 109.6 16.45 4.66
    endloop
  endfacet
  facet normal 0 -1 0
    outer loop
      vertex 109.6 23.85 4.66
      vertex 117 23.85 4.67
      vertex 109.6 23.85 4.67
    endloop
  endfacet
  facet normal 0 -1 -0
    outer loop
      vertex 117 23.85 4.67
      vertex 109.6 23.85 4.66
      vertex 117 23.85 4.66
    endloop
  endfacet
  facet normal 0 -0.571266 0.820765
    outer loop
      vertex 117 23.85 4.66
      vertex 111.985 21.465 3
      vertex 114.615 21.465 3
    endloop
  endfacet
  facet normal 0 -0.571266 0.820765
    outer loop
      vertex 111.985 21.465 3
      vertex 117 23.85 4.66
      vertex 109.6 23.85 4.66
    endloop
  endfacet
  facet normal -0.571266 0 0.820765
    outer loop
      vertex 114.615 21.465 3
      vertex 117 16.45 4.66
      vertex 117 23.85 4.66
    endloop
  endfacet
  facet normal -0.571266 0 0.820765
    outer loop
      vertex 117 16.45 4.66
      vertex 114.615 21.465 3
      vertex 114.615 18.835 3
    endloop
  endfacet
  facet normal -1 0 0
    outer loop
      vertex 117 16.45 4.66
      vertex 117 23.85 4.67
      vertex 117 23.85 4.66
    endloop
  endfacet
  facet normal -1 -0 0
    outer loop
      vertex 117 23.85 4.67
      vertex 117 16.45 4.66
      vertex 117 16.45 4.67
    endloop
  endfacet
  facet normal 0.999939 0 0.0110095
    outer loop
      vertex 109.2 15.2496 41
      vertex 109.6 7.45 4.67
      vertex 109.6 14.85 4.67
    endloop
  endfacet
  facet normal 0.999939 0 0.0110095
    outer loop
      vertex 109.6 7.45 4.67
      vertex 109.2 15.2496 41
      vertex 109.2 7.05044 41
    endloop
  endfacet
  facet normal 0 0.99994 0.0109974
    outer loop
      vertex 117 7.45 4.67
      vertex 109.2 7.05044 41
      vertex 117.4 7.05044 41
    endloop
  endfacet
  facet normal 0 0.99994 0.0109974
    outer loop
      vertex 109.2 7.05044 41
      vertex 117 7.45 4.67
      vertex 109.6 7.45 4.67
    endloop
  endfacet
  facet normal 0 -0.99994 0.0109985
    outer loop
      vertex 109.6 14.85 4.67
      vertex 117.4 15.2496 41
      vertex 109.2 15.2496 41
    endloop
  endfacet
  facet normal 0 -0.99994 0.0109985
    outer loop
      vertex 117.4 15.2496 41
      vertex 109.6 14.85 4.67
      vertex 117 14.85 4.67
    endloop
  endfacet
  facet normal -0.999939 0 0.0110095
    outer loop
      vertex 117 7.45 4.67
      vertex 117.4 15.2496 41
      vertex 117 14.85 4.67
    endloop
  endfacet
  facet normal -0.999939 0 0.0110095
    outer loop
      vertex 117.4 15.2496 41
      vertex 117 7.45 4.67
      vertex 117.4 7.05044 41
    endloop
  endfacet
  facet normal 0 1 -0
    outer loop
      vertex 117 7.45 4.66
      vertex 109.6 7.45 4.67
      vertex 117 7.45 4.67
    endloop
  endfacet
  facet normal 0 1 0
    outer loop
      vertex 109.6 7.45 4.67
      vertex 117 7.45 4.66
      vertex 109.6 7.45 4.66
    endloop
  endfacet
  facet normal -0 0 1
    outer loop
      vertex 111.985 12.465 3
      vertex 114.615 9.835 3
      vertex 114.615 12.465 3
    endloop
  endfacet
  facet normal 0 0 1
    outer loop
      vertex 114.615 9.835 3
      vertex 111.985 12.465 3
      vertex 111.985 9.835 3
    endloop
  endfacet
  facet normal 1 -0 0
    outer loop
      vertex 109.6 7.45 4.67
      vertex 109.6 14.85 4.66
      vertex 109.6 14.85 4.67
    endloop
  endfacet
  facet normal 1 0 0
    outer loop
      vertex 109.6 14.85 4.66
      vertex 109.6 7.45 4.67
      vertex 109.6 7.45 4.66
    endloop
  endfacet
  facet normal 0.571266 0 0.820765
    outer loop
      vertex 109.6 14.85 4.66
      vertex 111.985 9.835 3
      vertex 111.985 12.465 3
    endloop
  endfacet
  facet normal 0.571266 0 0.820765
    outer loop
      vertex 111.985 9.835 3
      vertex 109.6 14.85 4.66
      vertex 109.6 7.45 4.66
    endloop
  endfacet
  facet normal -0 0.571266 0.820765
    outer loop
      vertex 111.985 9.835 3
      vertex 117 7.45 4.66
      vertex 114.615 9.835 3
    endloop
  endfacet
  facet normal 0 0.571266 0.820765
    outer loop
      vertex 117 7.45 4.66
      vertex 111.985 9.835 3
      vertex 109.6 7.45 4.66
    endloop
  endfacet
  facet normal 0 -1 0
    outer loop
      vertex 109.6 14.85 4.66
      vertex 117 14.85 4.67
      vertex 109.6 14.85 4.67
    endloop
  endfacet
  facet normal 0 -1 -0
    outer loop
      vertex 117 14.85 4.67
      vertex 109.6 14.85 4.66
      vertex 117 14.85 4.66
    endloop
  endfacet
  facet normal 0 -0.571266 0.820765
    outer loop
      vertex 117 14.85 4.66
      vertex 111.985 12.465 3
      vertex 114.615 12.465 3
    endloop
  endfacet
  facet normal 0 -0.571266 0.820765
    outer loop
      vertex 111.985 12.465 3
      vertex 117 14.85 4.66
      vertex 109.6 14.85 4.66
    endloop
  endfacet
  facet normal -0.571266 0 0.820765
    outer loop
      vertex 114.615 12.465 3
      vertex 117 7.45 4.66
      vertex 117 14.85 4.66
    endloop
  endfacet
  facet normal -0.571266 0 0.820765
    outer loop
      vertex 117 7.45 4.66
      vertex 114.615 12.465 3
      vertex 114.615 9.835 3
    endloop
  endfacet
  facet normal -1 0 0
    outer loop
      vertex 117 7.45 4.66
      vertex 117 14.85 4.67
      vertex 117 14.85 4.66
    endloop
  endfacet
  facet normal -1 -0 0
    outer loop
      vertex 117 14.85 4.67
      vertex 117 7.45 4.66
      vertex 117 7.45 4.67
    endloop
  endfacet
  facet normal -1 0 0
    outer loop
      vertex 0 0 0
      vertex 0 85.3 41
      vertex 0 85.3 0
    endloop
  endfacet
  facet normal -1 -0 0
    outer loop
      vertex 0 85.3 41
      vertex 0 0 0
      vertex 0 0 41
    endloop
  endfacet
  facet normal -0 0 1
    outer loop
      vertex 10.2004 16.0504 41
      vertex 18.3996 15.2496 41
      vertex 18.3996 16.0504 41
    endloop
  endfacet
  facet normal 0 0 1
    outer loop
      vertex 18.3996 15.2496 41
      vertex 10.2004 16.0504 41
      vertex 10.2004 15.2496 41
    endloop
  endfacet
  facet normal -0 0 1
    outer loop
      vertex 10.2004 25.0504 41
      vertex 18.3996 24.2496 41
      vertex 18.3996 25.0504 41
    endloop
  endfacet
  facet normal 0 0 1
    outer loop
      vertex 18.3996 24.2496 41
      vertex 10.2004 25.0504 41
      vertex 10.2004 24.2496 41
    endloop
  endfacet
  facet normal -0 0 1
    outer loop
      vertex 10.2004 34.0504 41
      vertex 18.3996 33.2496 41
      vertex 18.3996 34.0504 41
    endloop
  endfacet
  facet normal 0 0 1
    outer loop
      vertex 18.3996 33.2496 41
      vertex 10.2004 34.0504 41
      vertex 10.2004 33.2496 41
    endloop
  endfacet
  facet normal -0 0 1
    outer loop
      vertex 10.2004 43.0504 41
      vertex 18.3996 42.2496 41
      vertex 18.3996 43.0504 41
    endloop
  endfacet
  facet normal 0 0 1
    outer loop
      vertex 18.3996 42.2496 41
      vertex 10.2004 43.0504 41
      vertex 10.2004 42.2496 41
    endloop
  endfacet
  facet normal -0 0 1
    outer loop
      vertex 10.2004 52.0504 41
      vertex 18.3996 51.2496 41
      vertex 18.3996 52.0504 41
    endloop
  endfacet
  facet normal 0 0 1
    outer loop
      vertex 18.3996 51.2496 41
      vertex 10.2004 52.0504 41
      vertex 10.2004 51.2496 41
    endloop
  endfacet
  facet normal -0 0 1
    outer loop
      vertex 10.2004 61.0504 41
      vertex 18.3996 60.2496 41
      vertex 18.3996 61.0504 41
    endloop
  endfacet
  facet normal 0 0 1
    outer loop
      vertex 18.3996 60.2496 41
      vertex 10.2004 61.0504 41
      vertex 10.2004 60.2496 41
    endloop
  endfacet
  facet normal -0 0 1
    outer loop
      vertex 10.2004 70.0504 41
      vertex 18.3996 69.2496 41
      vertex 18.3996 70.0504 41
    endloop
  endfacet
  facet normal 0 0 1
    outer loop
      vertex 18.3996 69.2496 41
      vertex 10.2004 70.0504 41
      vertex 10.2004 69.2496 41
    endloop
  endfacet
  facet normal -0 0 1
    outer loop
      vertex 19.2004 16.0504 41
      vertex 27.3996 15.2496 41
      vertex 27.3996 16.0504 41
    endloop
  endfacet
  facet normal 0 0 1
    outer loop
      vertex 27.3996 15.2496 41
      vertex 19.2004 16.0504 41
      vertex 19.2004 15.2496 41
    endloop
  endfacet
  facet normal -0 0 1
    outer loop
      vertex 19.2004 25.0504 41
      vertex 27.3996 24.2496 41
      vertex 27.3996 25.0504 41
    endloop
  endfacet
  facet normal 0 0 1
    outer loop
      vertex 27.3996 24.2496 41
      vertex 19.2004 25.0504 41
      vertex 19.2004 24.2496 41
    endloop
  endfacet
  facet normal -0 0 1
    outer loop
      vertex 19.2004 34.0504 41
      vertex 27.3996 33.2496 41
      vertex 27.3996 34.0504 41
    endloop
  endfacet
  facet normal 0 0 1
    outer loop
      vertex 27.3996 33.2496 41
      vertex 19.2004 34.0504 41
      vertex 19.2004 33.2496 41
    endloop
  endfacet
  facet normal -0 0 1
    outer loop
      vertex 19.2004 43.0504 41
      vertex 27.3996 42.2496 41
      vertex 27.3996 43.0504 41
    endloop
  endfacet
  facet normal 0 0 1
    outer loop
      vertex 27.3996 42.2496 41
      vertex 19.2004 43.0504 41
      vertex 19.2004 42.2496 41
    endloop
  endfacet
  facet normal -0 0 1
    outer loop
      vertex 19.2004 52.0504 41
      vertex 27.3996 51.2496 41
      vertex 27.3996 52.0504 41
    endloop
  endfacet
  facet normal 0 0 1
    outer loop
      vertex 27.3996 51.2496 41
      vertex 19.2004 52.0504 41
      vertex 19.2004 51.2496 41
    endloop
  endfacet
  facet normal -0 0 1
    outer loop
      vertex 19.2004 61.0504 41
      vertex 27.3996 60.2496 41
      vertex 27.3996 61.0504 41
    endloop
  endfacet
  facet normal 0 0 1
    outer loop
      vertex 27.3996 60.2496 41
      vertex 19.2004 61.0504 41
      vertex 19.2004 60.2496 41
    endloop
  endfacet
  facet normal -0 0 1
    outer loop
      vertex 19.2004 70.0504 41
      vertex 27.3996 69.2496 41
      vertex 27.3996 70.0504 41
    endloop
  endfacet
  facet normal 0 0 1
    outer loop
      vertex 27.3996 69.2496 41
      vertex 19.2004 70.0504 41
      vertex 19.2004 69.2496 41
    endloop
  endfacet
  facet normal -0 0 1
    outer loop
      vertex 28.2004 16.0504 41
      vertex 36.3996 15.2496 41
      vertex 36.3996 16.0504 41
    endloop
  endfacet
  facet normal 0 0 1
    outer loop
      vertex 36.3996 15.2496 41
      vertex 28.2004 16.0504 41
      vertex 28.2004 15.2496 41
    endloop
  endfacet
  facet normal -0 0 1
    outer loop
      vertex 28.2004 25.0504 41
      vertex 36.3996 24.2496 41
      vertex 36.3996 25.0504 41
    endloop
  endfacet
  facet normal 0 0 1
    outer loop
      vertex 36.3996 24.2496 41
      vertex 28.2004 25.0504 41
      vertex 28.2004 24.2496 41
    endloop
  endfacet
  facet normal -0 0 1
    outer loop
      vertex 28.2004 34.0504 41
      vertex 36.3996 33.2496 41
      vertex 36.3996 34.0504 41
    endloop
  endfacet
  facet normal 0 0 1
    outer loop
      vertex 36.3996 33.2496 41
      vertex 28.2004 34.0504 41
      vertex 28.2004 33.2496 41
    endloop
  endfacet
  facet normal -0 0 1
    outer loop
      vertex 28.2004 43.0504 41
      vertex 36.3996 42.2496 41
      vertex 36.3996 43.0504 41
    endloop
  endfacet
  facet normal 0 0 1
    outer loop
      vertex 36.3996 42.2496 41
      vertex 28.2004 43.0504 41
      vertex 28.2004 42.2496 41
    endloop
  endfacet
  facet normal -0 0 1
    outer loop
      vertex 28.2004 52.0504 41
      vertex 36.3996 51.2496 41
      vertex 36.3996 52.0504 41
    endloop
  endfacet
  facet normal 0 0 1
    outer loop
      vertex 36.3996 51.2496 41
      vertex 28.2004 52.0504 41
      vertex 28.2004 51.2496 41
    endloop
  endfacet
  facet normal -0 0 1
    outer loop
      vertex 28.2004 61.0504 41
      vertex 36.3996 60.2496 41
      vertex 36.3996 61.0504 41
    endloop
  endfacet
  facet normal 0 0 1
    outer loop
      vertex 36.3996 60.2496 41
      vertex 28.2004 61.0504 41
      vertex 28.2004 60.2496 41
    endloop
  endfacet
  facet normal -0 0 1
    outer loop
      vertex 28.2004 70.0504 41
      vertex 36.3996 69.2496 41
      vertex 36.3996 70.0504 41
    endloop
  endfacet
  facet normal 0 0 1
    outer loop
      vertex 36.3996 69.2496 41
      vertex 28.2004 70.0504 41
      vertex 28.2004 69.2496 41
    endloop
  endfacet
  facet normal -0 0 1
    outer loop
      vertex 37.2004 16.0504 41
      vertex 45.3996 15.2496 41
      vertex 45.3996 16.0504 41
    endloop
  endfacet
  facet normal 0 0 1
    outer loop
      vertex 45.3996 15.2496 41
      vertex 37.2004 16.0504 41
      vertex 37.2004 15.2496 41
    endloop
  endfacet
  facet normal -0 0 1
    outer loop
      vertex 37.2004 25.0504 41
      vertex 45.3996 24.2496 41
      vertex 45.3996 25.0504 41
    endloop
  endfacet
  facet normal 0 0 1
    outer loop
      vertex 45.3996 24.2496 41
      vertex 37.2004 25.0504 41
      vertex 37.2004 24.2496 41
    endloop
  endfacet
  facet normal -0 0 1
    outer loop
      vertex 37.2004 34.0504 41
      vertex 45.3996 33.2496 41
      vertex 45.3996 34.0504 41
    endloop
  endfacet
  facet normal 0 0 1
    outer loop
      vertex 45.3996 33.2496 41
      vertex 37.2004 34.0504 41
      vertex 37.2004 33.2496 41
    endloop
  endfacet
  facet normal -0 0 1
    outer loop
      vertex 37.2004 43.0504 41
      vertex 45.3996 42.2496 41
      vertex 45.3996 43.0504 41
    endloop
  endfacet
  facet normal 0 0 1
    outer loop
      vertex 45.3996 42.2496 41
      vertex 37.2004 43.0504 41
      vertex 37.2004 42.2496 41
    endloop
  endfacet
  facet normal -0 0 1
    outer loop
      vertex 37.2004 52.0504 41
      vertex 45.3996 51.2496 41
      vertex 45.3996 52.0504 41
    endloop
  endfacet
  facet normal 0 0 1
    outer loop
      vertex 45.3996 51.2496 41
      vertex 37.2004 52.0504 41
      vertex 37.2004 51.2496 41
    endloop
  endfacet
  facet normal -0 0 1
    outer loop
      vertex 37.2004 61.0504 41
      vertex 45.3996 60.2496 41
      vertex 45.3996 61.0504 41
    endloop
  endfacet
  facet normal 0 0 1
    outer loop
      vertex 45.3996 60.2496 41
      vertex 37.2004 61.0504 41
      vertex 37.2004 60.2496 41
    endloop
  endfacet
  facet normal -0 0 1
    outer loop
      vertex 37.2004 70.0504 41
      vertex 45.3996 69.2496 41
      vertex 45.3996 70.0504 41
    endloop
  endfacet
  facet normal 0 0 1
    outer loop
      vertex 45.3996 69.2496 41
      vertex 37.2004 70.0504 41
      vertex 37.2004 69.2496 41
    endloop
  endfacet
  facet normal -0 0 1
    outer loop
      vertex 46.2004 16.0504 41
      vertex 54.3996 15.2496 41
      vertex 54.3996 16.0504 41
    endloop
  endfacet
  facet normal 0 0 1
    outer loop
      vertex 54.3996 15.2496 41
      vertex 46.2004 16.0504 41
      vertex 46.2004 15.2496 41
    endloop
  endfacet
  facet normal -0 0 1
    outer loop
      vertex 46.2004 25.0504 41
      vertex 54.3996 24.2496 41
      vertex 54.3996 25.0504 41
    endloop
  endfacet
  facet normal 0 0 1
    outer loop
      vertex 54.3996 24.2496 41
      vertex 46.2004 25.0504 41
      vertex 46.2004 24.2496 41
    endloop
  endfacet
  facet normal -0 0 1
    outer loop
      vertex 46.2004 34.0504 41
      vertex 54.3996 33.2496 41
      vertex 54.3996 34.0504 41
    endloop
  endfacet
  facet normal 0 0 1
    outer loop
      vertex 54.3996 33.2496 41
      vertex 46.2004 34.0504 41
      vertex 46.2004 33.2496 41
    endloop
  endfacet
  facet normal -0 0 1
    outer loop
      vertex 46.2004 43.0504 41
      vertex 54.3996 42.2496 41
      vertex 54.3996 43.0504 41
    endloop
  endfacet
  facet normal 0 0 1
    outer loop
      vertex 54.3996 42.2496 41
      vertex 46.2004 43.0504 41
      vertex 46.2004 42.2496 41
    endloop
  endfacet
  facet normal -0 0 1
    outer loop
      vertex 46.2004 52.0504 41
      vertex 54.3996 51.2496 41
      vertex 54.3996 52.0504 41
    endloop
  endfacet
  facet normal 0 0 1
    outer loop
      vertex 54.3996 51.2496 41
      vertex 46.2004 52.0504 41
      vertex 46.2004 51.2496 41
    endloop
  endfacet
  facet normal -0 0 1
    outer loop
      vertex 46.2004 61.0504 41
      vertex 54.3996 60.2496 41
      vertex 54.3996 61.0504 41
    endloop
  endfacet
  facet normal 0 0 1
    outer loop
      vertex 54.3996 60.2496 41
      vertex 46.2004 61.0504 41
      vertex 46.2004 60.2496 41
    endloop
  endfacet
  facet normal -0 0 1
    outer loop
      vertex 46.2004 70.0504 41
      vertex 54.3996 69.2496 41
      vertex 54.3996 70.0504 41
    endloop
  endfacet
  facet normal 0 0 1
    outer loop
      vertex 54.3996 69.2496 41
      vertex 46.2004 70.0504 41
      vertex 46.2004 69.2496 41
    endloop
  endfacet
  facet normal -0 0 1
    outer loop
      vertex 55.2004 16.0504 41
      vertex 63.3996 15.2496 41
      vertex 63.3996 16.0504 41
    endloop
  endfacet
  facet normal 0 0 1
    outer loop
      vertex 63.3996 15.2496 41
      vertex 55.2004 16.0504 41
      vertex 55.2004 15.2496 41
    endloop
  endfacet
  facet normal -0 0 1
    outer loop
      vertex 55.2004 25.0504 41
      vertex 63.3996 24.2496 41
      vertex 63.3996 25.0504 41
    endloop
  endfacet
  facet normal 0 0 1
    outer loop
      vertex 63.3996 24.2496 41
      vertex 55.2004 25.0504 41
      vertex 55.2004 24.2496 41
    endloop
  endfacet
  facet normal -0 0 1
    outer loop
      vertex 55.2004 34.0504 41
      vertex 63.3996 33.2496 41
      vertex 63.3996 34.0504 41
    endloop
  endfacet
  facet normal 0 0 1
    outer loop
      vertex 63.3996 33.2496 41
      vertex 55.2004 34.0504 41
      vertex 55.2004 33.2496 41
    endloop
  endfacet
  facet normal -0 0 1
    outer loop
      vertex 55.2004 43.0504 41
      vertex 63.3996 42.2496 41
      vertex 63.3996 43.0504 41
    endloop
  endfacet
  facet normal 0 0 1
    outer loop
      vertex 63.3996 42.2496 41
      vertex 55.2004 43.0504 41
      vertex 55.2004 42.2496 41
    endloop
  endfacet
  facet normal -0 0 1
    outer loop
      vertex 55.2004 52.0504 41
      vertex 63.3996 51.2496 41
      vertex 63.3996 52.0504 41
    endloop
  endfacet
  facet normal 0 0 1
    outer loop
      vertex 63.3996 51.2496 41
      vertex 55.2004 52.0504 41
      vertex 55.2004 51.2496 41
    endloop
  endfacet
  facet normal -0 0 1
    outer loop
      vertex 55.2004 61.0504 41
      vertex 63.3996 60.2496 41
      vertex 63.3996 61.0504 41
    endloop
  endfacet
  facet normal 0 0 1
    outer loop
      vertex 63.3996 60.2496 41
      vertex 55.2004 61.0504 41
      vertex 55.2004 60.2496 41
    endloop
  endfacet
  facet normal -0 0 1
    outer loop
      vertex 55.2004 70.0504 41
      vertex 63.3996 69.2496 41
      vertex 63.3996 70.0504 41
    endloop
  endfacet
  facet normal 0 0 1
    outer loop
      vertex 63.3996 69.2496 41
      vertex 55.2004 70.0504 41
      vertex 55.2004 69.2496 41
    endloop
  endfacet
  facet normal -0 0 1
    outer loop
      vertex 64.2004 16.0504 41
      vertex 72.3996 15.2496 41
      vertex 72.3996 16.0504 41
    endloop
  endfacet
  facet normal 0 0 1
    outer loop
      vertex 72.3996 15.2496 41
      vertex 64.2004 16.0504 41
      vertex 64.2004 15.2496 41
    endloop
  endfacet
  facet normal -0 0 1
    outer loop
      vertex 64.2004 25.0504 41
      vertex 72.3996 24.2496 41
      vertex 72.3996 25.0504 41
    endloop
  endfacet
  facet normal 0 0 1
    outer loop
      vertex 72.3996 24.2496 41
      vertex 64.2004 25.0504 41
      vertex 64.2004 24.2496 41
    endloop
  endfacet
  facet normal -0 0 1
    outer loop
      vertex 64.2004 34.0504 41
      vertex 72.3996 33.2496 41
      vertex 72.3996 34.0504 41
    endloop
  endfacet
  facet normal 0 0 1
    outer loop
      vertex 72.3996 33.2496 41
      vertex 64.2004 34.0504 41
      vertex 64.2004 33.2496 41
    endloop
  endfacet
  facet normal -0 0 1
    outer loop
      vertex 64.2004 43.0504 41
      vertex 72.3996 42.2496 41
      vertex 72.3996 43.0504 41
    endloop
  endfacet
  facet normal 0 0 1
    outer loop
      vertex 72.3996 42.2496 41
      vertex 64.2004 43.0504 41
      vertex 64.2004 42.2496 41
    endloop
  endfacet
  facet normal -0 0 1
    outer loop
      vertex 64.2004 52.0504 41
      vertex 72.3996 51.2496 41
      vertex 72.3996 52.0504 41
    endloop
  endfacet
  facet normal 0 0 1
    outer loop
      vertex 72.3996 51.2496 41
      vertex 64.2004 52.0504 41
      vertex 64.2004 51.2496 41
    endloop
  endfacet
  facet normal -0 0 1
    outer loop
      vertex 64.2004 61.0504 41
      vertex 72.3996 60.2496 41
      vertex 72.3996 61.0504 41
    endloop
  endfacet
  facet normal 0 0 1
    outer loop
      vertex 72.3996 60.2496 41
      vertex 64.2004 61.0504 41
      vertex 64.2004 60.2496 41
    endloop
  endfacet
  facet normal -0 0 1
    outer loop
      vertex 64.2004 70.0504 41
      vertex 72.3996 69.2496 41
      vertex 72.3996 70.0504 41
    endloop
  endfacet
  facet normal 0 0 1
    outer loop
      vertex 72.3996 69.2496 41
      vertex 64.2004 70.0504 41
      vertex 64.2004 69.2496 41
    endloop
  endfacet
  facet normal -0 0 1
    outer loop
      vertex 73.2004 16.0504 41
      vertex 81.3996 15.2496 41
      vertex 81.3996 16.0504 41
    endloop
  endfacet
  facet normal 0 0 1
    outer loop
      vertex 81.3996 15.2496 41
      vertex 73.2004 16.0504 41
      vertex 73.2004 15.2496 41
    endloop
  endfacet
  facet normal -0 0 1
    outer loop
      vertex 73.2004 25.0504 41
      vertex 81.3996 24.2496 41
      vertex 81.3996 25.0504 41
    endloop
  endfacet
  facet normal 0 0 1
    outer loop
      vertex 81.3996 24.2496 41
      vertex 73.2004 25.0504 41
      vertex 73.2004 24.2496 41
    endloop
  endfacet
  facet normal -0 0 1
    outer loop
      vertex 73.2004 34.0504 41
      vertex 81.3996 33.2496 41
      vertex 81.3996 34.0504 41
    endloop
  endfacet
  facet normal 0 0 1
    outer loop
      vertex 81.3996 33.2496 41
      vertex 73.2004 34.0504 41
      vertex 73.2004 33.2496 41
    endloop
  endfacet
  facet normal -0 0 1
    outer loop
      vertex 73.2004 43.0504 41
      vertex 81.3996 42.2496 41
      vertex 81.3996 43.0504 41
    endloop
  endfacet
  facet normal 0 0 1
    outer loop
      vertex 81.3996 42.2496 41
      vertex 73.2004 43.0504 41
      vertex 73.2004 42.2496 41
    endloop
  endfacet
  facet normal -0 0 1
    outer loop
      vertex 73.2004 52.0504 41
      vertex 81.3996 51.2496 41
      vertex 81.3996 52.0504 41
    endloop
  endfacet
  facet normal 0 0 1
    outer loop
      vertex 81.3996 51.2496 41
      vertex 73.2004 52.0504 41
      vertex 73.2004 51.2496 41
    endloop
  endfacet
  facet normal -0 0 1
    outer loop
      vertex 73.2004 61.0504 41
      vertex 81.3996 60.2496 41
      vertex 81.3996 61.0504 41
    endloop
  endfacet
  facet normal 0 0 1
    outer loop
      vertex 81.3996 60.2496 41
      vertex 73.2004 61.0504 41
      vertex 73.2004 60.2496 41
    endloop
  endfacet
  facet normal -0 0 1
    outer loop
      vertex 73.2004 70.0504 41
      vertex 81.3996 69.2496 41
      vertex 81.3996 70.0504 41
    endloop
  endfacet
  facet normal 0 0 1
    outer loop
      vertex 81.3996 69.2496 41
      vertex 73.2004 70.0504 41
      vertex 73.2004 69.2496 41
    endloop
  endfacet
  facet normal -0 0 1
    outer loop
      vertex 82.2004 16.0504 41
      vertex 90.3996 15.2496 41
      vertex 90.3996 16.0504 41
    endloop
  endfacet
  facet normal 0 0 1
    outer loop
      vertex 90.3996 15.2496 41
      vertex 82.2004 16.0504 41
      vertex 82.2004 15.2496 41
    endloop
  endfacet
  facet normal -0 0 1
    outer loop
      vertex 82.2004 25.0504 41
      vertex 90.3996 24.2496 41
      vertex 90.3996 25.0504 41
    endloop
  endfacet
  facet normal 0 0 1
    outer loop
      vertex 90.3996 24.2496 41
      vertex 82.2004 25.0504 41
      vertex 82.2004 24.2496 41
    endloop
  endfacet
  facet normal -0 0 1
    outer loop
      vertex 82.2004 34.0504 41
      vertex 90.3996 33.2496 41
      vertex 90.3996 34.0504 41
    endloop
  endfacet
  facet normal 0 0 1
    outer loop
      vertex 90.3996 33.2496 41
      vertex 82.2004 34.0504 41
      vertex 82.2004 33.2496 41
    endloop
  endfacet
  facet normal -0 0 1
    outer loop
      vertex 82.2004 43.0504 41
      vertex 90.3996 42.2496 41
      vertex 90.3996 43.0504 41
    endloop
  endfacet
  facet normal 0 0 1
    outer loop
      vertex 90.3996 42.2496 41
      vertex 82.2004 43.0504 41
      vertex 82.2004 42.2496 41
    endloop
  endfacet
  facet normal -0 0 1
    outer loop
      vertex 82.2004 52.0504 41
      vertex 90.3996 51.2496 41
      vertex 90.3996 52.0504 41
    endloop
  endfacet
  facet normal 0 0 1
    outer loop
      vertex 90.3996 51.2496 41
      vertex 82.2004 52.0504 41
      vertex 82.2004 51.2496 41
    endloop
  endfacet
  facet normal -0 0 1
    outer loop
      vertex 82.2004 61.0504 41
      vertex 90.3996 60.2496 41
      vertex 90.3996 61.0504 41
    endloop
  endfacet
  facet normal 0 0 1
    outer loop
      vertex 90.3996 60.2496 41
      vertex 82.2004 61.0504 41
      vertex 82.2004 60.2496 41
    endloop
  endfacet
  facet normal -0 0 1
    outer loop
      vertex 82.2004 70.0504 41
      vertex 90.3996 69.2496 41
      vertex 90.3996 70.0504 41
    endloop
  endfacet
  facet normal 0 0 1
    outer loop
      vertex 90.3996 69.2496 41
      vertex 82.2004 70.0504 41
      vertex 82.2004 69.2496 41
    endloop
  endfacet
  facet normal -0 0 1
    outer loop
      vertex 91.2004 16.0504 41
      vertex 99.3996 15.2496 41
      vertex 99.3996 16.0504 41
    endloop
  endfacet
  facet normal 0 0 1
    outer loop
      vertex 99.3996 15.2496 41
      vertex 91.2004 16.0504 41
      vertex 91.2004 15.2496 41
    endloop
  endfacet
  facet normal -0 0 1
    outer loop
      vertex 91.2004 25.0504 41
      vertex 99.3996 24.2496 41
      vertex 99.3996 25.0504 41
    endloop
  endfacet
  facet normal 0 0 1
    outer loop
      vertex 99.3996 24.2496 41
      vertex 91.2004 25.0504 41
      vertex 91.2004 24.2496 41
    endloop
  endfacet
  facet normal -0 0 1
    outer loop
      vertex 91.2004 34.0504 41
      vertex 99.3996 33.2496 41
      vertex 99.3996 34.0504 41
    endloop
  endfacet
  facet normal 0 0 1
    outer loop
      vertex 99.3996 33.2496 41
      vertex 91.2004 34.0504 41
      vertex 91.2004 33.2496 41
    endloop
  endfacet
  facet normal -0 0 1
    outer loop
      vertex 91.2004 43.0504 41
      vertex 99.3996 42.2496 41
      vertex 99.3996 43.0504 41
    endloop
  endfacet
  facet normal 0 0 1
    outer loop
      vertex 99.3996 42.2496 41
      vertex 91.2004 43.0504 41
      vertex 91.2004 42.2496 41
    endloop
  endfacet
  facet normal -0 0 1
    outer loop
      vertex 91.2004 52.0504 41
      vertex 99.3996 51.2496 41
      vertex 99.3996 52.0504 41
    endloop
  endfacet
  facet normal 0 0 1
    outer loop
      vertex 99.3996 51.2496 41
      vertex 91.2004 52.0504 41
      vertex 91.2004 51.2496 41
    endloop
  endfacet
  facet normal -0 0 1
    outer loop
      vertex 91.2004 61.0504 41
      vertex 99.3996 60.2496 41
      vertex 99.3996 61.0504 41
    endloop
  endfacet
  facet normal 0 0 1
    outer loop
      vertex 99.3996 60.2496 41
      vertex 91.2004 61.0504 41
      vertex 91.2004 60.2496 41
    endloop
  endfacet
  facet normal -0 0 1
    outer loop
      vertex 91.2004 70.0504 41
      vertex 99.3996 69.2496 41
      vertex 99.3996 70.0504 41
    endloop
  endfacet
  facet normal 0 0 1
    outer loop
      vertex 99.3996 69.2496 41
      vertex 91.2004 70.0504 41
      vertex 91.2004 69.2496 41
    endloop
  endfacet
  facet normal -0 0 1
    outer loop
      vertex 100.2 16.0504 41
      vertex 108.4 15.2496 41
      vertex 108.4 16.0504 41
    endloop
  endfacet
  facet normal 0 0 1
    outer loop
      vertex 108.4 15.2496 41
      vertex 100.2 16.0504 41
      vertex 100.2 15.2496 41
    endloop
  endfacet
  facet normal -0 0 1
    outer loop
      vertex 100.2 25.0504 41
      vertex 108.4 24.2496 41
      vertex 108.4 25.0504 41
    endloop
  endfacet
  facet normal 0 0 1
    outer loop
      vertex 108.4 24.2496 41
      vertex 100.2 25.0504 41
      vertex 100.2 24.2496 41
    endloop
  endfacet
  facet normal -0 0 1
    outer loop
      vertex 100.2 34.0504 41
      vertex 108.4 33.2496 41
      vertex 108.4 34.0504 41
    endloop
  endfacet
  facet normal 0 0 1
    outer loop
      vertex 108.4 33.2496 41
      vertex 100.2 34.0504 41
      vertex 100.2 33.2496 41
    endloop
  endfacet
  facet normal -0 0 1
    outer loop
      vertex 100.2 43.0504 41
      vertex 108.4 42.2496 41
      vertex 108.4 43.0504 41
    endloop
  endfacet
  facet normal 0 0 1
    outer loop
      vertex 108.4 42.2496 41
      vertex 100.2 43.0504 41
      vertex 100.2 42.2496 41
    endloop
  endfacet
  facet normal -0 0 1
    outer loop
      vertex 100.2 52.0504 41
      vertex 108.4 51.2496 41
      vertex 108.4 52.0504 41
    endloop
  endfacet
  facet normal 0 0 1
    outer loop
      vertex 108.4 51.2496 41
      vertex 100.2 52.0504 41
      vertex 100.2 51.2496 41
    endloop
  endfacet
  facet normal -0 0 1
    outer loop
      vertex 100.2 61.0504 41
      vertex 108.4 60.2496 41
      vertex 108.4 61.0504 41
    endloop
  endfacet
  facet normal 0 0 1
    outer loop
      vertex 108.4 60.2496 41
      vertex 100.2 61.0504 41
      vertex 100.2 60.2496 41
    endloop
  endfacet
  facet normal -0 0 1
    outer loop
      vertex 100.2 70.0504 41
      vertex 108.4 69.2496 41
      vertex 108.4 70.0504 41
    endloop
  endfacet
  facet normal 0 0 1
    outer loop
      vertex 108.4 69.2496 41
      vertex 100.2 70.0504 41
      vertex 100.2 69.2496 41
    endloop
  endfacet
  facet normal -0 0 1
    outer loop
      vertex 109.2 16.0504 41
      vertex 117.4 15.2496 41
      vertex 117.4 16.0504 41
    endloop
  endfacet
  facet normal 0 0 1
    outer loop
      vertex 117.4 15.2496 41
      vertex 109.2 16.0504 41
      vertex 109.2 15.2496 41
    endloop
  endfacet
  facet normal -0 0 1
    outer loop
      vertex 109.2 25.0504 41
      vertex 117.4 24.2496 41
      vertex 117.4 25.0504 41
    endloop
  endfacet
  facet normal 0 0 1
    outer loop
      vertex 117.4 24.2496 41
      vertex 109.2 25.0504 41
      vertex 109.2 24.2496 41
    endloop
  endfacet
  facet normal -0 0 1
    outer loop
      vertex 109.2 34.0504 41
      vertex 117.4 33.2496 41
      vertex 117.4 34.0504 41
    endloop
  endfacet
  facet normal 0 0 1
    outer loop
      vertex 117.4 33.2496 41
      vertex 109.2 34.0504 41
      vertex 109.2 33.2496 41
    endloop
  endfacet
  facet normal -0 0 1
    outer loop
      vertex 109.2 43.0504 41
      vertex 117.4 42.2496 41
      vertex 117.4 43.0504 41
    endloop
  endfacet
  facet normal 0 0 1
    outer loop
      vertex 117.4 42.2496 41
      vertex 109.2 43.0504 41
      vertex 109.2 42.2496 41
    endloop
  endfacet
  facet normal -0 0 1
    outer loop
      vertex 109.2 52.0504 41
      vertex 117.4 51.2496 41
      vertex 117.4 52.0504 41
    endloop
  endfacet
  facet normal 0 0 1
    outer loop
      vertex 117.4 51.2496 41
      vertex 109.2 52.0504 41
      vertex 109.2 51.2496 41
    endloop
  endfacet
  facet normal -0 0 1
    outer loop
      vertex 109.2 61.0504 41
      vertex 117.4 60.2496 41
      vertex 117.4 61.0504 41
    endloop
  endfacet
  facet normal 0 0 1
    outer loop
      vertex 117.4 60.2496 41
      vertex 109.2 61.0504 41
      vertex 109.2 60.2496 41
    endloop
  endfacet
  facet normal -0 0 1
    outer loop
      vertex 109.2 70.0504 41
      vertex 117.4 69.2496 41
      vertex 117.4 70.0504 41
    endloop
  endfacet
  facet normal 0 0 1
    outer loop
      vertex 117.4 69.2496 41
      vertex 109.2 70.0504 41
      vertex 109.2 69.2496 41
    endloop
  endfacet
  facet normal 0 0 1
    outer loop
      vertex 117.4 70.0504 41
      vertex 127.6 85.3 41
      vertex 117.4 78.2496 41
    endloop
  endfacet
  facet normal 0 0 1
    outer loop
      vertex 127.6 85.3 41
      vertex 109.2 78.2496 41
      vertex 117.4 78.2496 41
    endloop
  endfacet
  facet normal 0 0 1
    outer loop
      vertex 108.4 70.0504 41
      vertex 109.2 70.0504 41
      vertex 109.2 78.2496 41
    endloop
  endfacet
  facet normal 0 0 1
    outer loop
      vertex 109.2 70.0504 41
      vertex 108.4 70.0504 41
      vertex 109.2 69.2496 41
    endloop
  endfacet
  facet normal 0 0 1
    outer loop
      vertex 109.2 69.2496 41
      vertex 108.4 69.2496 41
      vertex 109.2 61.0504 41
    endloop
  endfacet
  facet normal 0 0 1
    outer loop
      vertex 108.4 61.0504 41
      vertex 109.2 61.0504 41
      vertex 108.4 69.2496 41
    endloop
  endfacet
  facet normal 0 0 1
    outer loop
      vertex 108.4 60.2496 41
      vertex 109.2 60.2496 41
      vertex 108.4 61.0504 41
    endloop
  endfacet
  facet normal 0 0 1
    outer loop
      vertex 109.2 60.2496 41
      vertex 108.4 60.2496 41
      vertex 109.2 52.0504 41
    endloop
  endfacet
  facet normal 0 0 1
    outer loop
      vertex 109.2 52.0504 41
      vertex 108.4 52.0504 41
      vertex 109.2 51.2496 41
    endloop
  endfacet
  facet normal 0 0 1
    outer loop
      vertex 108.4 51.2496 41
      vertex 109.2 51.2496 41
      vertex 108.4 52.0504 41
    endloop
  endfacet
  facet normal 0 0 1
    outer loop
      vertex 108.4 43.0504 41
      vertex 109.2 43.0504 41
      vertex 108.4 51.2496 41
    endloop
  endfacet
  facet normal 0 0 1
    outer loop
      vertex 109.2 43.0504 41
      vertex 108.4 43.0504 41
      vertex 109.2 42.2496 41
    endloop
  endfacet
  facet normal 0 0 1
    outer loop
      vertex 109.2 42.2496 41
      vertex 108.4 42.2496 41
      vertex 109.2 34.0504 41
    endloop
  endfacet
  facet normal 0 0 1
    outer loop
      vertex 108.4 34.0504 41
      vertex 109.2 34.0504 41
      vertex 108.4 42.2496 41
    endloop
  endfacet
  facet normal 0 0 1
    outer loop
      vertex 109.2 34.0504 41
      vertex 108.4 34.0504 41
      vertex 109.2 33.2496 41
    endloop
  endfacet
  facet normal 0 0 1
    outer loop
      vertex 108.4 33.2496 41
      vertex 109.2 33.2496 41
      vertex 108.4 34.0504 41
    endloop
  endfacet
  facet normal 0 0 1
    outer loop
      vertex 108.4 70.0504 41
      vertex 109.2 78.2496 41
      vertex 108.4 78.2496 41
    endloop
  endfacet
  facet normal 0 0 1
    outer loop
      vertex 127.6 85.3 41
      vertex 108.4 78.2496 41
      vertex 109.2 78.2496 41
    endloop
  endfacet
  facet normal 0 0 1
    outer loop
      vertex 127.6 85.3 41
      vertex 100.2 78.2496 41
      vertex 108.4 78.2496 41
    endloop
  endfacet
  facet normal 0 0 1
    outer loop
      vertex 99.3996 70.0504 41
      vertex 100.2 70.0504 41
      vertex 100.2 78.2496 41
    endloop
  endfacet
  facet normal 0 0 1
    outer loop
      vertex 100.2 70.0504 41
      vertex 99.3996 70.0504 41
      vertex 100.2 69.2496 41
    endloop
  endfacet
  facet normal 0 0 1
    outer loop
      vertex 100.2 69.2496 41
      vertex 99.3996 69.2496 41
      vertex 100.2 61.0504 41
    endloop
  endfacet
  facet normal 0 0 1
    outer loop
      vertex 99.3996 61.0504 41
      vertex 100.2 61.0504 41
      vertex 99.3996 69.2496 41
    endloop
  endfacet
  facet normal 0 0 1
    outer loop
      vertex 99.3996 60.2496 41
      vertex 100.2 60.2496 41
      vertex 99.3996 61.0504 41
    endloop
  endfacet
  facet normal 0 0 1
    outer loop
      vertex 100.2 60.2496 41
      vertex 99.3996 60.2496 41
      vertex 100.2 52.0504 41
    endloop
  endfacet
  facet normal 0 0 1
    outer loop
      vertex 100.2 52.0504 41
      vertex 99.3996 52.0504 41
      vertex 100.2 51.2496 41
    endloop
  endfacet
  facet normal 0 0 1
    outer loop
      vertex 99.3996 51.2496 41
      vertex 100.2 51.2496 41
      vertex 99.3996 52.0504 41
    endloop
  endfacet
  facet normal 0 0 1
    outer loop
      vertex 99.3996 43.0504 41
      vertex 100.2 43.0504 41
      vertex 99.3996 51.2496 41
    endloop
  endfacet
  facet normal 0 0 1
    outer loop
      vertex 100.2 43.0504 41
      vertex 99.3996 43.0504 41
      vertex 100.2 42.2496 41
    endloop
  endfacet
  facet normal 0 0 1
    outer loop
      vertex 100.2 42.2496 41
      vertex 99.3996 42.2496 41
      vertex 100.2 34.0504 41
    endloop
  endfacet
  facet normal 0 0 1
    outer loop
      vertex 99.3996 34.0504 41
      vertex 100.2 34.0504 41
      vertex 99.3996 42.2496 41
    endloop
  endfacet
  facet normal 0 0 1
    outer loop
      vertex 100.2 34.0504 41
      vertex 99.3996 34.0504 41
      vertex 100.2 33.2496 41
    endloop
  endfacet
  facet normal 0 0 1
    outer loop
      vertex 99.3996 33.2496 41
      vertex 100.2 33.2496 41
      vertex 99.3996 34.0504 41
    endloop
  endfacet
  facet normal 0 0 1
    outer loop
      vertex 99.3996 70.0504 41
      vertex 100.2 78.2496 41
      vertex 99.3996 78.2496 41
    endloop
  endfacet
  facet normal 0 0 1
    outer loop
      vertex 127.6 85.3 41
      vertex 99.3996 78.2496 41
      vertex 100.2 78.2496 41
    endloop
  endfacet
  facet normal 0 0 1
    outer loop
      vertex 127.6 85.3 41
      vertex 91.2004 78.2496 41
      vertex 99.3996 78.2496 41
    endloop
  endfacet
  facet normal 0 0 1
    outer loop
      vertex 90.3996 70.0504 41
      vertex 91.2004 70.0504 41
      vertex 91.2004 78.2496 41
    endloop
  endfacet
  facet normal 0 0 1
    outer loop
      vertex 91.2004 70.0504 41
      vertex 90.3996 70.0504 41
      vertex 91.2004 69.2496 41
    endloop
  endfacet
  facet normal 0 0 1
    outer loop
      vertex 91.2004 69.2496 41
      vertex 90.3996 69.2496 41
      vertex 91.2004 61.0504 41
    endloop
  endfacet
  facet normal 0 0 1
    outer loop
      vertex 90.3996 61.0504 41
      vertex 91.2004 61.0504 41
      vertex 90.3996 69.2496 41
    endloop
  endfacet
  facet normal 0 0 1
    outer loop
      vertex 90.3996 60.2496 41
      vertex 91.2004 60.2496 41
      vertex 90.3996 61.0504 41
    endloop
  endfacet
  facet normal 0 0 1
    outer loop
      vertex 91.2004 60.2496 41
      vertex 90.3996 60.2496 41
      vertex 91.2004 52.0504 41
    endloop
  endfacet
  facet normal 0 0 1
    outer loop
      vertex 91.2004 52.0504 41
      vertex 90.3996 52.0504 41
      vertex 91.2004 51.2496 41
    endloop
  endfacet
  facet normal 0 0 1
    outer loop
      vertex 90.3996 51.2496 41
      vertex 91.2004 51.2496 41
      vertex 90.3996 52.0504 41
    endloop
  endfacet
  facet normal 0 0 1
    outer loop
      vertex 90.3996 43.0504 41
      vertex 91.2004 43.0504 41
      vertex 90.3996 51.2496 41
    endloop
  endfacet
  facet normal 0 0 1
    outer loop
      vertex 91.2004 43.0504 41
      vertex 90.3996 43.0504 41
      vertex 91.2004 42.2496 41
    endloop
  endfacet
  facet normal 0 0 1
    outer loop
      vertex 91.2004 42.2496 41
      vertex 90.3996 42.2496 41
      vertex 91.2004 34.0504 41
    endloop
  endfacet
  facet normal 0 0 1
    outer loop
      vertex 90.3996 34.0504 41
      vertex 91.2004 34.0504 41
      vertex 90.3996 42.2496 41
    endloop
  endfacet
  facet normal 0 0 1
    outer loop
      vertex 91.2004 34.0504 41
      vertex 90.3996 34.0504 41
      vertex 91.2004 33.2496 41
    endloop
  endfacet
  facet normal 0 0 1
    outer loop
      vertex 90.3996 33.2496 41
      vertex 91.2004 33.2496 41
      vertex 90.3996 34.0504 41
    endloop
  endfacet
  facet normal 0 0 1
    outer loop
      vertex 90.3996 70.0504 41
      vertex 91.2004 78.2496 41
      vertex 90.3996 78.2496 41
    endloop
  endfacet
  facet normal 0 0 1
    outer loop
      vertex 127.6 85.3 41
      vertex 90.3996 78.2496 41
      vertex 91.2004 78.2496 41
    endloop
  endfacet
  facet normal 0 0 1
    outer loop
      vertex 127.6 85.3 41
      vertex 82.2004 78.2496 41
      vertex 90.3996 78.2496 41
    endloop
  endfacet
  facet normal 0 0 1
    outer loop
      vertex 81.3996 70.0504 41
      vertex 82.2004 70.0504 41
      vertex 82.2004 78.2496 41
    endloop
  endfacet
  facet normal 0 0 1
    outer loop
      vertex 82.2004 70.0504 41
      vertex 81.3996 70.0504 41
      vertex 82.2004 69.2496 41
    endloop
  endfacet
  facet normal 0 0 1
    outer loop
      vertex 82.2004 69.2496 41
      vertex 81.3996 69.2496 41
      vertex 82.2004 61.0504 41
    endloop
  endfacet
  facet normal 0 0 1
    outer loop
      vertex 81.3996 61.0504 41
      vertex 82.2004 61.0504 41
      vertex 81.3996 69.2496 41
    endloop
  endfacet
  facet normal 0 0 1
    outer loop
      vertex 81.3996 60.2496 41
      vertex 82.2004 60.2496 41
      vertex 81.3996 61.0504 41
    endloop
  endfacet
  facet normal 0 0 1
    outer loop
      vertex 82.2004 60.2496 41
      vertex 81.3996 60.2496 41
      vertex 82.2004 52.0504 41
    endloop
  endfacet
  facet normal 0 0 1
    outer loop
      vertex 82.2004 52.0504 41
      vertex 81.3996 52.0504 41
      vertex 82.2004 51.2496 41
    endloop
  endfacet
  facet normal 0 0 1
    outer loop
      vertex 81.3996 51.2496 41
      vertex 82.2004 51.2496 41
      vertex 81.3996 52.0504 41
    endloop
  endfacet
  facet normal 0 0 1
    outer loop
      vertex 81.3996 43.0504 41
      vertex 82.2004 43.0504 41
      vertex 81.3996 51.2496 41
    endloop
  endfacet
  facet normal 0 0 1
    outer loop
      vertex 82.2004 43.0504 41
      vertex 81.3996 43.0504 41
      vertex 82.2004 42.2496 41
    endloop
  endfacet
  facet normal 0 0 1
    outer loop
      vertex 82.2004 42.2496 41
      vertex 81.3996 42.2496 41
      vertex 82.2004 34.0504 41
    endloop
  endfacet
  facet normal 0 0 1
    outer loop
      vertex 81.3996 34.0504 41
      vertex 82.2004 34.0504 41
      vertex 81.3996 42.2496 41
    endloop
  endfacet
  facet normal 0 0 1
    outer loop
      vertex 82.2004 34.0504 41
      vertex 81.3996 34.0504 41
      vertex 82.2004 33.2496 41
    endloop
  endfacet
  facet normal 0 0 1
    outer loop
      vertex 81.3996 33.2496 41
      vertex 82.2004 33.2496 41
      vertex 81.3996 34.0504 41
    endloop
  endfacet
  facet normal 0 0 1
    outer loop
      vertex 81.3996 70.0504 41
      vertex 82.2004 78.2496 41
      vertex 81.3996 78.2496 41
    endloop
  endfacet
  facet normal 0 0 1
    outer loop
      vertex 127.6 85.3 41
      vertex 81.3996 78.2496 41
      vertex 82.2004 78.2496 41
    endloop
  endfacet
  facet normal 0 0 1
    outer loop
      vertex 127.6 85.3 41
      vertex 73.2004 78.2496 41
      vertex 81.3996 78.2496 41
    endloop
  endfacet
  facet normal 0 0 1
    outer loop
      vertex 72.3996 70.0504 41
      vertex 73.2004 70.0504 41
      vertex 73.2004 78.2496 41
    endloop
  endfacet
  facet normal 0 0 1
    outer loop
      vertex 73.2004 70.0504 41
      vertex 72.3996 70.0504 41
      vertex 73.2004 69.2496 41
    endloop
  endfacet
  facet normal 0 0 1
    outer loop
      vertex 73.2004 69.2496 41
      vertex 72.3996 69.2496 41
      vertex 73.2004 61.0504 41
    endloop
  endfacet
  facet normal 0 0 1
    outer loop
      vertex 72.3996 61.0504 41
      vertex 73.2004 61.0504 41
      vertex 72.3996 69.2496 41
    endloop
  endfacet
  facet normal 0 0 1
    outer loop
      vertex 72.3996 60.2496 41
      vertex 73.2004 60.2496 41
      vertex 72.3996 61.0504 41
    endloop
  endfacet
  facet normal 0 0 1
    outer loop
      vertex 73.2004 60.2496 41
      vertex 72.3996 60.2496 41
      vertex 73.2004 52.0504 41
    endloop
  endfacet
  facet normal 0 0 1
    outer loop
      vertex 73.2004 52.0504 41
      vertex 72.3996 52.0504 41
      vertex 73.2004 51.2496 41
    endloop
  endfacet
  facet normal 0 0 1
    outer loop
      vertex 72.3996 51.2496 41
      vertex 73.2004 51.2496 41
      vertex 72.3996 52.0504 41
    endloop
  endfacet
  facet normal 0 0 1
    outer loop
      vertex 72.3996 43.0504 41
      vertex 73.2004 43.0504 41
      vertex 72.3996 51.2496 41
    endloop
  endfacet
  facet normal 0 0 1
    outer loop
      vertex 73.2004 43.0504 41
      vertex 72.3996 43.0504 41
      vertex 73.2004 42.2496 41
    endloop
  endfacet
  facet normal 0 0 1
    outer loop
      vertex 73.2004 42.2496 41
      vertex 72.3996 42.2496 41
      vertex 73.2004 34.0504 41
    endloop
  endfacet
  facet normal 0 0 1
    outer loop
      vertex 72.3996 34.0504 41
      vertex 73.2004 34.0504 41
      vertex 72.3996 42.2496 41
    endloop
  endfacet
  facet normal 0 0 1
    outer loop
      vertex 73.2004 34.0504 41
      vertex 72.3996 34.0504 41
      vertex 73.2004 33.2496 41
    endloop
  endfacet
  facet normal 0 0 1
    outer loop
      vertex 72.3996 33.2496 41
      vertex 73.2004 33.2496 41
      vertex 72.3996 34.0504 41
    endloop
  endfacet
  facet normal 0 0 1
    outer loop
      vertex 72.3996 70.0504 41
      vertex 73.2004 78.2496 41
      vertex 72.3996 78.2496 41
    endloop
  endfacet
  facet normal 0 0 1
    outer loop
      vertex 127.6 85.3 41
      vertex 72.3996 78.2496 41
      vertex 73.2004 78.2496 41
    endloop
  endfacet
  facet normal 0 0 1
    outer loop
      vertex 127.6 85.3 41
      vertex 64.2004 78.2496 41
      vertex 72.3996 78.2496 41
    endloop
  endfacet
  facet normal 0 0 1
    outer loop
      vertex 63.3996 70.0504 41
      vertex 64.2004 70.0504 41
      vertex 64.2004 78.2496 41
    endloop
  endfacet
  facet normal 0 0 1
    outer loop
      vertex 64.2004 70.0504 41
      vertex 63.3996 70.0504 41
      vertex 64.2004 69.2496 41
    endloop
  endfacet
  facet normal 0 0 1
    outer loop
      vertex 64.2004 69.2496 41
      vertex 63.3996 69.2496 41
      vertex 64.2004 61.0504 41
    endloop
  endfacet
  facet normal 0 0 1
    outer loop
      vertex 63.3996 61.0504 41
      vertex 64.2004 61.0504 41
      vertex 63.3996 69.2496 41
    endloop
  endfacet
  facet normal 0 0 1
    outer loop
      vertex 63.3996 60.2496 41
      vertex 64.2004 60.2496 41
      vertex 63.3996 61.0504 41
    endloop
  endfacet
  facet normal 0 0 1
    outer loop
      vertex 64.2004 60.2496 41
      vertex 63.3996 60.2496 41
      vertex 64.2004 52.0504 41
    endloop
  endfacet
  facet normal 0 0 1
    outer loop
      vertex 64.2004 52.0504 41
      vertex 63.3996 52.0504 41
      vertex 64.2004 51.2496 41
    endloop
  endfacet
  facet normal 0 0 1
    outer loop
      vertex 63.3996 51.2496 41
      vertex 64.2004 51.2496 41
      vertex 63.3996 52.0504 41
    endloop
  endfacet
  facet normal 0 0 1
    outer loop
      vertex 63.3996 43.0504 41
      vertex 64.2004 43.0504 41
      vertex 63.3996 51.2496 41
    endloop
  endfacet
  facet normal 0 0 1
    outer loop
      vertex 64.2004 43.0504 41
      vertex 63.3996 43.0504 41
      vertex 64.2004 42.2496 41
    endloop
  endfacet
  facet normal 0 0 1
    outer loop
      vertex 64.2004 42.2496 41
      vertex 63.3996 42.2496 41
      vertex 64.2004 34.0504 41
    endloop
  endfacet
  facet normal 0 0 1
    outer loop
      vertex 63.3996 34.0504 41
      vertex 64.2004 34.0504 41
      vertex 63.3996 42.2496 41
    endloop
  endfacet
  facet normal 0 0 1
    outer loop
      vertex 64.2004 34.0504 41
      vertex 63.3996 34.0504 41
      vertex 64.2004 33.2496 41
    endloop
  endfacet
  facet normal 0 0 1
    outer loop
      vertex 63.3996 33.2496 41
      vertex 64.2004 33.2496 41
      vertex 63.3996 34.0504 41
    endloop
  endfacet
  facet normal 0 0 1
    outer loop
      vertex 63.3996 70.0504 41
      vertex 64.2004 78.2496 41
      vertex 63.3996 78.2496 41
    endloop
  endfacet
  facet normal 0 0 1
    outer loop
      vertex 127.6 85.3 41
      vertex 63.3996 78.2496 41
      vertex 64.2004 78.2496 41
    endloop
  endfacet
  facet normal -0 0 1
    outer loop
      vertex 0 85.3 41
      vertex 63.3996 78.2496 41
      vertex 127.6 85.3 41
    endloop
  endfacet
  facet normal 0 0 1
    outer loop
      vertex 54.3996 70.0504 41
      vertex 55.2004 70.0504 41
      vertex 55.2004 78.2496 41
    endloop
  endfacet
  facet normal 0 0 1
    outer loop
      vertex 55.2004 70.0504 41
      vertex 54.3996 70.0504 41
      vertex 55.2004 69.2496 41
    endloop
  endfacet
  facet normal 0 0 1
    outer loop
      vertex 55.2004 69.2496 41
      vertex 54.3996 69.2496 41
      vertex 55.2004 61.0504 41
    endloop
  endfacet
  facet normal 0 0 1
    outer loop
      vertex 54.3996 61.0504 41
      vertex 55.2004 61.0504 41
      vertex 54.3996 69.2496 41
    endloop
  endfacet
  facet normal 0 0 1
    outer loop
      vertex 54.3996 60.2496 41
      vertex 55.2004 60.2496 41
      vertex 54.3996 61.0504 41
    endloop
  endfacet
  facet normal 0 0 1
    outer loop
      vertex 55.2004 60.2496 41
      vertex 54.3996 60.2496 41
      vertex 55.2004 52.0504 41
    endloop
  endfacet
  facet normal 0 0 1
    outer loop
      vertex 55.2004 52.0504 41
      vertex 54.3996 52.0504 41
      vertex 55.2004 51.2496 41
    endloop
  endfacet
  facet normal 0 0 1
    outer loop
      vertex 54.3996 51.2496 41
      vertex 55.2004 51.2496 41
      vertex 54.3996 52.0504 41
    endloop
  endfacet
  facet normal 0 0 1
    outer loop
      vertex 54.3996 43.0504 41
      vertex 55.2004 43.0504 41
      vertex 54.3996 51.2496 41
    endloop
  endfacet
  facet normal 0 0 1
    outer loop
      vertex 55.2004 43.0504 41
      vertex 54.3996 43.0504 41
      vertex 55.2004 42.2496 41
    endloop
  endfacet
  facet normal 0 0 1
    outer loop
      vertex 55.2004 42.2496 41
      vertex 54.3996 42.2496 41
      vertex 55.2004 34.0504 41
    endloop
  endfacet
  facet normal 0 0 1
    outer loop
      vertex 54.3996 34.0504 41
      vertex 55.2004 34.0504 41
      vertex 54.3996 42.2496 41
    endloop
  endfacet
  facet normal 0 0 1
    outer loop
      vertex 55.2004 34.0504 41
      vertex 54.3996 34.0504 41
      vertex 55.2004 33.2496 41
    endloop
  endfacet
  facet normal 0 0 1
    outer loop
      vertex 54.3996 33.2496 41
      vertex 55.2004 33.2496 41
      vertex 54.3996 34.0504 41
    endloop
  endfacet
  facet normal 0 0 1
    outer loop
      vertex 54.3996 70.0504 41
      vertex 55.2004 78.2496 41
      vertex 54.3996 78.2496 41
    endloop
  endfacet
  facet normal 0 0 1
    outer loop
      vertex 63.3996 78.2496 41
      vertex 0 85.3 41
      vertex 55.2004 78.2496 41
    endloop
  endfacet
  facet normal 0 0 1
    outer loop
      vertex 55.2004 78.2496 41
      vertex 0 85.3 41
      vertex 54.3996 78.2496 41
    endloop
  endfacet
  facet normal 0 0 1
    outer loop
      vertex 45.3996 70.0504 41
      vertex 46.2004 70.0504 41
      vertex 46.2004 78.2496 41
    endloop
  endfacet
  facet normal 0 0 1
    outer loop
      vertex 46.2004 70.0504 41
      vertex 45.3996 70.0504 41
      vertex 46.2004 69.2496 41
    endloop
  endfacet
  facet normal 0 0 1
    outer loop
      vertex 46.2004 69.2496 41
      vertex 45.3996 69.2496 41
      vertex 46.2004 61.0504 41
    endloop
  endfacet
  facet normal 0 0 1
    outer loop
      vertex 45.3996 61.0504 41
      vertex 46.2004 61.0504 41
      vertex 45.3996 69.2496 41
    endloop
  endfacet
  facet normal 0 0 1
    outer loop
      vertex 45.3996 60.2496 41
      vertex 46.2004 60.2496 41
      vertex 45.3996 61.0504 41
    endloop
  endfacet
  facet normal 0 0 1
    outer loop
      vertex 46.2004 60.2496 41
      vertex 45.3996 60.2496 41
      vertex 46.2004 52.0504 41
    endloop
  endfacet
  facet normal 0 0 1
    outer loop
      vertex 46.2004 52.0504 41
      vertex 45.3996 52.0504 41
      vertex 46.2004 51.2496 41
    endloop
  endfacet
  facet normal 0 0 1
    outer loop
      vertex 45.3996 51.2496 41
      vertex 46.2004 51.2496 41
      vertex 45.3996 52.0504 41
    endloop
  endfacet
  facet normal 0 0 1
    outer loop
      vertex 45.3996 43.0504 41
      vertex 46.2004 43.0504 41
      vertex 45.3996 51.2496 41
    endloop
  endfacet
  facet normal 0 0 1
    outer loop
      vertex 46.2004 43.0504 41
      vertex 45.3996 43.0504 41
      vertex 46.2004 42.2496 41
    endloop
  endfacet
  facet normal 0 0 1
    outer loop
      vertex 46.2004 42.2496 41
      vertex 45.3996 42.2496 41
      vertex 46.2004 34.0504 41
    endloop
  endfacet
  facet normal 0 0 1
    outer loop
      vertex 45.3996 34.0504 41
      vertex 46.2004 34.0504 41
      vertex 45.3996 42.2496 41
    endloop
  endfacet
  facet normal 0 0 1
    outer loop
      vertex 46.2004 34.0504 41
      vertex 45.3996 34.0504 41
      vertex 46.2004 33.2496 41
    endloop
  endfacet
  facet normal 0 0 1
    outer loop
      vertex 45.3996 33.2496 41
      vertex 46.2004 33.2496 41
      vertex 45.3996 34.0504 41
    endloop
  endfacet
  facet normal 0 0 1
    outer loop
      vertex 45.3996 70.0504 41
      vertex 46.2004 78.2496 41
      vertex 45.3996 78.2496 41
    endloop
  endfacet
  facet normal 0 0 1
    outer loop
      vertex 54.3996 78.2496 41
      vertex 0 85.3 41
      vertex 46.2004 78.2496 41
    endloop
  endfacet
  facet normal 0 0 1
    outer loop
      vertex 46.2004 78.2496 41
      vertex 0 85.3 41
      vertex 45.3996 78.2496 41
    endloop
  endfacet
  facet normal 0 0 1
    outer loop
      vertex 36.3996 70.0504 41
      vertex 37.2004 70.0504 41
      vertex 37.2004 78.2496 41
    endloop
  endfacet
  facet normal 0 0 1
    outer loop
      vertex 37.2004 70.0504 41
      vertex 36.3996 70.0504 41
      vertex 37.2004 69.2496 41
    endloop
  endfacet
  facet normal 0 0 1
    outer loop
      vertex 37.2004 69.2496 41
      vertex 36.3996 69.2496 41
      vertex 37.2004 61.0504 41
    endloop
  endfacet
  facet normal 0 0 1
    outer loop
      vertex 36.3996 61.0504 41
      vertex 37.2004 61.0504 41
      vertex 36.3996 69.2496 41
    endloop
  endfacet
  facet normal 0 0 1
    outer loop
      vertex 36.3996 60.2496 41
      vertex 37.2004 60.2496 41
      vertex 36.3996 61.0504 41
    endloop
  endfacet
  facet normal 0 0 1
    outer loop
      vertex 37.2004 60.2496 41
      vertex 36.3996 60.2496 41
      vertex 37.2004 52.0504 41
    endloop
  endfacet
  facet normal 0 0 1
    outer loop
      vertex 37.2004 52.0504 41
      vertex 36.3996 52.0504 41
      vertex 37.2004 51.2496 41
    endloop
  endfacet
  facet normal 0 0 1
    outer loop
      vertex 36.3996 51.2496 41
      vertex 37.2004 51.2496 41
      vertex 36.3996 52.0504 41
    endloop
  endfacet
  facet normal 0 0 1
    outer loop
      vertex 36.3996 43.0504 41
      vertex 37.2004 43.0504 41
      vertex 36.3996 51.2496 41
    endloop
  endfacet
  facet normal 0 0 1
    outer loop
      vertex 37.2004 43.0504 41
      vertex 36.3996 43.0504 41
      vertex 37.2004 42.2496 41
    endloop
  endfacet
  facet normal 0 0 1
    outer loop
      vertex 37.2004 42.2496 41
      vertex 36.3996 42.2496 41
      vertex 37.2004 34.0504 41
    endloop
  endfacet
  facet normal 0 0 1
    outer loop
      vertex 36.3996 34.0504 41
      vertex 37.2004 34.0504 41
      vertex 36.3996 42.2496 41
    endloop
  endfacet
  facet normal 0 0 1
    outer loop
      vertex 37.2004 34.0504 41
      vertex 36.3996 34.0504 41
      vertex 37.2004 33.2496 41
    endloop
  endfacet
  facet normal 0 0 1
    outer loop
      vertex 36.3996 33.2496 41
      vertex 37.2004 33.2496 41
      vertex 36.3996 34.0504 41
    endloop
  endfacet
  facet normal 0 0 1
    outer loop
      vertex 36.3996 70.0504 41
      vertex 37.2004 78.2496 41
      vertex 36.3996 78.2496 41
    endloop
  endfacet
  facet normal 0 0 1
    outer loop
      vertex 45.3996 78.2496 41
      vertex 0 85.3 41
      vertex 37.2004 78.2496 41
    endloop
  endfacet
  facet normal 0 0 1
    outer loop
      vertex 37.2004 78.2496 41
      vertex 0 85.3 41
      vertex 36.3996 78.2496 41
    endloop
  endfacet
  facet normal 0 0 1
    outer loop
      vertex 27.3996 70.0504 41
      vertex 28.2004 70.0504 41
      vertex 28.2004 78.2496 41
    endloop
  endfacet
  facet normal 0 0 1
    outer loop
      vertex 28.2004 70.0504 41
      vertex 27.3996 70.0504 41
      vertex 28.2004 69.2496 41
    endloop
  endfacet
  facet normal 0 0 1
    outer loop
      vertex 28.2004 69.2496 41
      vertex 27.3996 69.2496 41
      vertex 28.2004 61.0504 41
    endloop
  endfacet
  facet normal 0 0 1
    outer loop
      vertex 27.3996 61.0504 41
      vertex 28.2004 61.0504 41
      vertex 27.3996 69.2496 41
    endloop
  endfacet
  facet normal 0 0 1
    outer loop
      vertex 27.3996 60.2496 41
      vertex 28.2004 60.2496 41
      vertex 27.3996 61.0504 41
    endloop
  endfacet
  facet normal 0 0 1
    outer loop
      vertex 28.2004 60.2496 41
      vertex 27.3996 60.2496 41
      vertex 28.2004 52.0504 41
    endloop
  endfacet
  facet normal 0 0 1
    outer loop
      vertex 28.2004 52.0504 41
      vertex 27.3996 52.0504 41
      vertex 28.2004 51.2496 41
    endloop
  endfacet
  facet normal 0 0 1
    outer loop
      vertex 27.3996 51.2496 41
      vertex 28.2004 51.2496 41
      vertex 27.3996 52.0504 41
    endloop
  endfacet
  facet normal 0 0 1
    outer loop
      vertex 27.3996 43.0504 41
      vertex 28.2004 43.0504 41
      vertex 27.3996 51.2496 41
    endloop
  endfacet
  facet normal 0 0 1
    outer loop
      vertex 28.2004 43.0504 41
      vertex 27.3996 43.0504 41
      vertex 28.2004 42.2496 41
    endloop
  endfacet
  facet normal 0 0 1
    outer loop
      vertex 28.2004 42.2496 41
      vertex 27.3996 42.2496 41
      vertex 28.2004 34.0504 41
    endloop
  endfacet
  facet normal 0 0 1
    outer loop
      vertex 27.3996 34.0504 41
      vertex 28.2004 34.0504 41
      vertex 27.3996 42.2496 41
    endloop
  endfacet
  facet normal 0 0 1
    outer loop
      vertex 28.2004 34.0504 41
      vertex 27.3996 34.0504 41
      vertex 28.2004 33.2496 41
    endloop
  endfacet
  facet normal 0 0 1
    outer loop
      vertex 27.3996 33.2496 41
      vertex 28.2004 33.2496 41
      vertex 27.3996 34.0504 41
    endloop
  endfacet
  facet normal 0 0 1
    outer loop
      vertex 27.3996 70.0504 41
      vertex 28.2004 78.2496 41
      vertex 27.3996 78.2496 41
    endloop
  endfacet
  facet normal 0 0 1
    outer loop
      vertex 36.3996 78.2496 41
      vertex 0 85.3 41
      vertex 28.2004 78.2496 41
    endloop
  endfacet
  facet normal 0 0 1
    outer loop
      vertex 28.2004 78.2496 41
      vertex 0 85.3 41
      vertex 27.3996 78.2496 41
    endloop
  endfacet
  facet normal 0 0 1
    outer loop
      vertex 18.3996 70.0504 41
      vertex 19.2004 70.0504 41
      vertex 19.2004 78.2496 41
    endloop
  endfacet
  facet normal 0 0 1
    outer loop
      vertex 19.2004 70.0504 41
      vertex 18.3996 70.0504 41
      vertex 19.2004 69.2496 41
    endloop
  endfacet
  facet normal 0 0 1
    outer loop
      vertex 19.2004 69.2496 41
      vertex 18.3996 69.2496 41
      vertex 19.2004 61.0504 41
    endloop
  endfacet
  facet normal 0 0 1
    outer loop
      vertex 18.3996 61.0504 41
      vertex 19.2004 61.0504 41
      vertex 18.3996 69.2496 41
    endloop
  endfacet
  facet normal 0 0 1
    outer loop
      vertex 18.3996 60.2496 41
      vertex 19.2004 60.2496 41
      vertex 18.3996 61.0504 41
    endloop
  endfacet
  facet normal 0 0 1
    outer loop
      vertex 19.2004 60.2496 41
      vertex 18.3996 60.2496 41
      vertex 19.2004 52.0504 41
    endloop
  endfacet
  facet normal 0 0 1
    outer loop
      vertex 19.2004 52.0504 41
      vertex 18.3996 52.0504 41
      vertex 19.2004 51.2496 41
    endloop
  endfacet
  facet normal 0 0 1
    outer loop
      vertex 18.3996 51.2496 41
      vertex 19.2004 51.2496 41
      vertex 18.3996 52.0504 41
    endloop
  endfacet
  facet normal 0 0 1
    outer loop
      vertex 18.3996 43.0504 41
      vertex 19.2004 43.0504 41
      vertex 18.3996 51.2496 41
    endloop
  endfacet
  facet normal 0 0 1
    outer loop
      vertex 19.2004 43.0504 41
      vertex 18.3996 43.0504 41
      vertex 19.2004 42.2496 41
    endloop
  endfacet
  facet normal 0 0 1
    outer loop
      vertex 19.2004 42.2496 41
      vertex 18.3996 42.2496 41
      vertex 19.2004 34.0504 41
    endloop
  endfacet
  facet normal 0 0 1
    outer loop
      vertex 18.3996 34.0504 41
      vertex 19.2004 34.0504 41
      vertex 18.3996 42.2496 41
    endloop
  endfacet
  facet normal 0 0 1
    outer loop
      vertex 19.2004 34.0504 41
      vertex 18.3996 34.0504 41
      vertex 19.2004 33.2496 41
    endloop
  endfacet
  facet normal 0 0 1
    outer loop
      vertex 18.3996 33.2496 41
      vertex 19.2004 33.2496 41
      vertex 18.3996 34.0504 41
    endloop
  endfacet
  facet normal 0 0 1
    outer loop
      vertex 18.3996 70.0504 41
      vertex 19.2004 78.2496 41
      vertex 18.3996 78.2496 41
    endloop
  endfacet
  facet normal 0 0 1
    outer loop
      vertex 27.3996 78.2496 41
      vertex 0 85.3 41
      vertex 19.2004 78.2496 41
    endloop
  endfacet
  facet normal 0 0 1
    outer loop
      vertex 19.2004 78.2496 41
      vertex 0 85.3 41
      vertex 18.3996 78.2496 41
    endloop
  endfacet
  facet normal 0 0 1
    outer loop
      vertex 0 85.3 41
      vertex 10.2004 70.0504 41
      vertex 10.2004 78.2496 41
    endloop
  endfacet
  facet normal 0 0 1
    outer loop
      vertex 10.2004 70.0504 41
      vertex 0 85.3 41
      vertex 10.2004 69.2496 41
    endloop
  endfacet
  facet normal 0 0 1
    outer loop
      vertex 10.2004 69.2496 41
      vertex 0 85.3 41
      vertex 10.2004 61.0504 41
    endloop
  endfacet
  facet normal 0 0 1
    outer loop
      vertex 10.2004 61.0504 41
      vertex 0 85.3 41
      vertex 10.2004 60.2496 41
    endloop
  endfacet
  facet normal 0 0 1
    outer loop
      vertex 10.2004 60.2496 41
      vertex 0 85.3 41
      vertex 10.2004 52.0504 41
    endloop
  endfacet
  facet normal 0 0 1
    outer loop
      vertex 10.2004 52.0504 41
      vertex 0 85.3 41
      vertex 10.2004 51.2496 41
    endloop
  endfacet
  facet normal 0 0 1
    outer loop
      vertex 10.2004 51.2496 41
      vertex 0 85.3 41
      vertex 10.2004 43.0504 41
    endloop
  endfacet
  facet normal 0 0 1
    outer loop
      vertex 10.2004 43.0504 41
      vertex 0 85.3 41
      vertex 10.2004 42.2496 41
    endloop
  endfacet
  facet normal 0 0 1
    outer loop
      vertex 0 0 41
      vertex 10.2004 42.2496 41
      vertex 0 85.3 41
    endloop
  endfacet
  facet normal 0 0 1
    outer loop
      vertex 10.2004 42.2496 41
      vertex 0 0 41
      vertex 10.2004 34.0504 41
    endloop
  endfacet
  facet normal 0 0 1
    outer loop
      vertex 10.2004 34.0504 41
      vertex 0 0 41
      vertex 10.2004 33.2496 41
    endloop
  endfacet
  facet normal 0 0 1
    outer loop
      vertex 10.2004 33.2496 41
      vertex 0 0 41
      vertex 10.2004 25.0504 41
    endloop
  endfacet
  facet normal 0 0 1
    outer loop
      vertex 10.2004 25.0504 41
      vertex 0 0 41
      vertex 10.2004 24.2496 41
    endloop
  endfacet
  facet normal 0 0 1
    outer loop
      vertex 10.2004 24.2496 41
      vertex 0 0 41
      vertex 10.2004 16.0504 41
    endloop
  endfacet
  facet normal 0 0 1
    outer loop
      vertex 10.2004 16.0504 41
      vertex 0 0 41
      vertex 10.2004 15.2496 41
    endloop
  endfacet
  facet normal 0 0 1
    outer loop
      vertex 18.3996 78.2496 41
      vertex 0 85.3 41
      vertex 10.2004 78.2496 41
    endloop
  endfacet
  facet normal 0 0 1
    outer loop
      vertex 117.4 69.2496 41
      vertex 127.6 85.3 41
      vertex 117.4 70.0504 41
    endloop
  endfacet
  facet normal 0 0 1
    outer loop
      vertex 117.4 61.0504 41
      vertex 127.6 85.3 41
      vertex 117.4 69.2496 41
    endloop
  endfacet
  facet normal 0 0 1
    outer loop
      vertex 117.4 60.2496 41
      vertex 127.6 85.3 41
      vertex 117.4 61.0504 41
    endloop
  endfacet
  facet normal 0 0 1
    outer loop
      vertex 117.4 52.0504 41
      vertex 127.6 85.3 41
      vertex 117.4 60.2496 41
    endloop
  endfacet
  facet normal 0 0 1
    outer loop
      vertex 117.4 51.2496 41
      vertex 127.6 85.3 41
      vertex 117.4 52.0504 41
    endloop
  endfacet
  facet normal 0 0 1
    outer loop
      vertex 117.4 43.0504 41
      vertex 127.6 85.3 41
      vertex 117.4 51.2496 41
    endloop
  endfacet
  facet normal 0 0 1
    outer loop
      vertex 127.6 85.3 41
      vertex 117.4 43.0504 41
      vertex 127.6 0 41
    endloop
  endfacet
  facet normal -0 0 1
    outer loop
      vertex 117.4 42.2496 41
      vertex 127.6 0 41
      vertex 117.4 43.0504 41
    endloop
  endfacet
  facet normal -0 0 1
    outer loop
      vertex 117.4 34.0504 41
      vertex 127.6 0 41
      vertex 117.4 42.2496 41
    endloop
  endfacet
  facet normal -0 0 1
    outer loop
      vertex 117.4 33.2496 41
      vertex 127.6 0 41
      vertex 117.4 34.0504 41
    endloop
  endfacet
  facet normal -0 0 1
    outer loop
      vertex 117.4 25.0504 41
      vertex 127.6 0 41
      vertex 117.4 33.2496 41
    endloop
  endfacet
  facet normal -0 0 1
    outer loop
      vertex 117.4 24.2496 41
      vertex 127.6 0 41
      vertex 117.4 25.0504 41
    endloop
  endfacet
  facet normal -0 0 1
    outer loop
      vertex 117.4 16.0504 41
      vertex 127.6 0 41
      vertex 117.4 24.2496 41
    endloop
  endfacet
  facet normal -0 0 1
    outer loop
      vertex 117.4 15.2496 41
      vertex 127.6 0 41
      vertex 117.4 16.0504 41
    endloop
  endfacet
  facet normal -0 0 1
    outer loop
      vertex 117.4 7.05044 41
      vertex 127.6 0 41
      vertex 117.4 15.2496 41
    endloop
  endfacet
  facet normal -0 0 1
    outer loop
      vertex 109.2 7.05044 41
      vertex 127.6 0 41
      vertex 117.4 7.05044 41
    endloop
  endfacet
  facet normal 0 0 1
    outer loop
      vertex 109.2 69.2496 41
      vertex 108.4 70.0504 41
      vertex 108.4 69.2496 41
    endloop
  endfacet
  facet normal 0 0 1
    outer loop
      vertex 109.2 61.0504 41
      vertex 108.4 61.0504 41
      vertex 109.2 60.2496 41
    endloop
  endfacet
  facet normal 0 0 1
    outer loop
      vertex 108.4 52.0504 41
      vertex 109.2 52.0504 41
      vertex 108.4 60.2496 41
    endloop
  endfacet
  facet normal 0 0 1
    outer loop
      vertex 109.2 51.2496 41
      vertex 108.4 51.2496 41
      vertex 109.2 43.0504 41
    endloop
  endfacet
  facet normal 0 0 1
    outer loop
      vertex 108.4 42.2496 41
      vertex 109.2 42.2496 41
      vertex 108.4 43.0504 41
    endloop
  endfacet
  facet normal 0 0 1
    outer loop
      vertex 109.2 33.2496 41
      vertex 108.4 33.2496 41
      vertex 109.2 25.0504 41
    endloop
  endfacet
  facet normal 0 0 1
    outer loop
      vertex 108.4 25.0504 41
      vertex 109.2 25.0504 41
      vertex 108.4 33.2496 41
    endloop
  endfacet
  facet normal 0 0 1
    outer loop
      vertex 109.2 25.0504 41
      vertex 108.4 25.0504 41
      vertex 109.2 24.2496 41
    endloop
  endfacet
  facet normal 0 0 1
    outer loop
      vertex 108.4 24.2496 41
      vertex 109.2 24.2496 41
      vertex 108.4 25.0504 41
    endloop
  endfacet
  facet normal 0 0 1
    outer loop
      vertex 109.2 24.2496 41
      vertex 108.4 24.2496 41
      vertex 109.2 16.0504 41
    endloop
  endfacet
  facet normal 0 0 1
    outer loop
      vertex 108.4 16.0504 41
      vertex 109.2 16.0504 41
      vertex 108.4 24.2496 41
    endloop
  endfacet
  facet normal 0 0 1
    outer loop
      vertex 109.2 16.0504 41
      vertex 108.4 16.0504 41
      vertex 109.2 15.2496 41
    endloop
  endfacet
  facet normal 0 0 1
    outer loop
      vertex 108.4 15.2496 41
      vertex 109.2 15.2496 41
      vertex 108.4 16.0504 41
    endloop
  endfacet
  facet normal 0 0 1
    outer loop
      vertex 109.2 15.2496 41
      vertex 108.4 15.2496 41
      vertex 109.2 7.05044 41
    endloop
  endfacet
  facet normal 0 0 1
    outer loop
      vertex 108.4 7.05044 41
      vertex 109.2 7.05044 41
      vertex 108.4 15.2496 41
    endloop
  endfacet
  facet normal -0 0 1
    outer loop
      vertex 108.4 7.05044 41
      vertex 127.6 0 41
      vertex 109.2 7.05044 41
    endloop
  endfacet
  facet normal -0 0 1
    outer loop
      vertex 100.2 7.05044 41
      vertex 127.6 0 41
      vertex 108.4 7.05044 41
    endloop
  endfacet
  facet normal 0 0 1
    outer loop
      vertex 100.2 69.2496 41
      vertex 99.3996 70.0504 41
      vertex 99.3996 69.2496 41
    endloop
  endfacet
  facet normal 0 0 1
    outer loop
      vertex 100.2 61.0504 41
      vertex 99.3996 61.0504 41
      vertex 100.2 60.2496 41
    endloop
  endfacet
  facet normal 0 0 1
    outer loop
      vertex 99.3996 52.0504 41
      vertex 100.2 52.0504 41
      vertex 99.3996 60.2496 41
    endloop
  endfacet
  facet normal 0 0 1
    outer loop
      vertex 100.2 51.2496 41
      vertex 99.3996 51.2496 41
      vertex 100.2 43.0504 41
    endloop
  endfacet
  facet normal 0 0 1
    outer loop
      vertex 99.3996 42.2496 41
      vertex 100.2 42.2496 41
      vertex 99.3996 43.0504 41
    endloop
  endfacet
  facet normal 0 0 1
    outer loop
      vertex 100.2 33.2496 41
      vertex 99.3996 33.2496 41
      vertex 100.2 25.0504 41
    endloop
  endfacet
  facet normal 0 0 1
    outer loop
      vertex 99.3996 25.0504 41
      vertex 100.2 25.0504 41
      vertex 99.3996 33.2496 41
    endloop
  endfacet
  facet normal 0 0 1
    outer loop
      vertex 100.2 25.0504 41
      vertex 99.3996 25.0504 41
      vertex 100.2 24.2496 41
    endloop
  endfacet
  facet normal 0 0 1
    outer loop
      vertex 99.3996 24.2496 41
      vertex 100.2 24.2496 41
      vertex 99.3996 25.0504 41
    endloop
  endfacet
  facet normal 0 0 1
    outer loop
      vertex 100.2 24.2496 41
      vertex 99.3996 24.2496 41
      vertex 100.2 16.0504 41
    endloop
  endfacet
  facet normal 0 0 1
    outer loop
      vertex 99.3996 16.0504 41
      vertex 100.2 16.0504 41
      vertex 99.3996 24.2496 41
    endloop
  endfacet
  facet normal 0 0 1
    outer loop
      vertex 100.2 16.0504 41
      vertex 99.3996 16.0504 41
      vertex 100.2 15.2496 41
    endloop
  endfacet
  facet normal 0 0 1
    outer loop
      vertex 99.3996 15.2496 41
      vertex 100.2 15.2496 41
      vertex 99.3996 16.0504 41
    endloop
  endfacet
  facet normal 0 0 1
    outer loop
      vertex 100.2 15.2496 41
      vertex 99.3996 15.2496 41
      vertex 100.2 7.05044 41
    endloop
  endfacet
  facet normal 0 0 1
    outer loop
      vertex 99.3996 7.05044 41
      vertex 100.2 7.05044 41
      vertex 99.3996 15.2496 41
    endloop
  endfacet
  facet normal -0 0 1
    outer loop
      vertex 99.3996 7.05044 41
      vertex 127.6 0 41
      vertex 100.2 7.05044 41
    endloop
  endfacet
  facet normal -0 0 1
    outer loop
      vertex 91.2004 7.05044 41
      vertex 127.6 0 41
      vertex 99.3996 7.05044 41
    endloop
  endfacet
  facet normal 0 0 1
    outer loop
      vertex 91.2004 69.2496 41
      vertex 90.3996 70.0504 41
      vertex 90.3996 69.2496 41
    endloop
  endfacet
  facet normal 0 0 1
    outer loop
      vertex 91.2004 61.0504 41
      vertex 90.3996 61.0504 41
      vertex 91.2004 60.2496 41
    endloop
  endfacet
  facet normal 0 0 1
    outer loop
      vertex 90.3996 52.0504 41
      vertex 91.2004 52.0504 41
      vertex 90.3996 60.2496 41
    endloop
  endfacet
  facet normal 0 0 1
    outer loop
      vertex 91.2004 51.2496 41
      vertex 90.3996 51.2496 41
      vertex 91.2004 43.0504 41
    endloop
  endfacet
  facet normal 0 0 1
    outer loop
      vertex 90.3996 42.2496 41
      vertex 91.2004 42.2496 41
      vertex 90.3996 43.0504 41
    endloop
  endfacet
  facet normal 0 0 1
    outer loop
      vertex 91.2004 33.2496 41
      vertex 90.3996 33.2496 41
      vertex 91.2004 25.0504 41
    endloop
  endfacet
  facet normal 0 0 1
    outer loop
      vertex 90.3996 25.0504 41
      vertex 91.2004 25.0504 41
      vertex 90.3996 33.2496 41
    endloop
  endfacet
  facet normal 0 0 1
    outer loop
      vertex 91.2004 25.0504 41
      vertex 90.3996 25.0504 41
      vertex 91.2004 24.2496 41
    endloop
  endfacet
  facet normal 0 0 1
    outer loop
      vertex 90.3996 24.2496 41
      vertex 91.2004 24.2496 41
      vertex 90.3996 25.0504 41
    endloop
  endfacet
  facet normal 0 0 1
    outer loop
      vertex 91.2004 24.2496 41
      vertex 90.3996 24.2496 41
      vertex 91.2004 16.0504 41
    endloop
  endfacet
  facet normal 0 0 1
    outer loop
      vertex 90.3996 16.0504 41
      vertex 91.2004 16.0504 41
      vertex 90.3996 24.2496 41
    endloop
  endfacet
  facet normal 0 0 1
    outer loop
      vertex 91.2004 16.0504 41
      vertex 90.3996 16.0504 41
      vertex 91.2004 15.2496 41
    endloop
  endfacet
  facet normal 0 0 1
    outer loop
      vertex 90.3996 15.2496 41
      vertex 91.2004 15.2496 41
      vertex 90.3996 16.0504 41
    endloop
  endfacet
  facet normal 0 0 1
    outer loop
      vertex 91.2004 15.2496 41
      vertex 90.3996 15.2496 41
      vertex 91.2004 7.05044 41
    endloop
  endfacet
  facet normal 0 0 1
    outer loop
      vertex 90.3996 7.05044 41
      vertex 91.2004 7.05044 41
      vertex 90.3996 15.2496 41
    endloop
  endfacet
  facet normal -0 0 1
    outer loop
      vertex 90.3996 7.05044 41
      vertex 127.6 0 41
      vertex 91.2004 7.05044 41
    endloop
  endfacet
  facet normal -0 0 1
    outer loop
      vertex 82.2004 7.05044 41
      vertex 127.6 0 41
      vertex 90.3996 7.05044 41
    endloop
  endfacet
  facet normal 0 0 1
    outer loop
      vertex 82.2004 69.2496 41
      vertex 81.3996 70.0504 41
      vertex 81.3996 69.2496 41
    endloop
  endfacet
  facet normal 0 0 1
    outer loop
      vertex 82.2004 61.0504 41
      vertex 81.3996 61.0504 41
      vertex 82.2004 60.2496 41
    endloop
  endfacet
  facet normal 0 0 1
    outer loop
      vertex 81.3996 52.0504 41
      vertex 82.2004 52.0504 41
      vertex 81.3996 60.2496 41
    endloop
  endfacet
  facet normal 0 0 1
    outer loop
      vertex 82.2004 51.2496 41
      vertex 81.3996 51.2496 41
      vertex 82.2004 43.0504 41
    endloop
  endfacet
  facet normal 0 0 1
    outer loop
      vertex 81.3996 42.2496 41
      vertex 82.2004 42.2496 41
      vertex 81.3996 43.0504 41
    endloop
  endfacet
  facet normal 0 0 1
    outer loop
      vertex 82.2004 33.2496 41
      vertex 81.3996 33.2496 41
      vertex 82.2004 25.0504 41
    endloop
  endfacet
  facet normal 0 0 1
    outer loop
      vertex 81.3996 25.0504 41
      vertex 82.2004 25.0504 41
      vertex 81.3996 33.2496 41
    endloop
  endfacet
  facet normal 0 0 1
    outer loop
      vertex 82.2004 25.0504 41
      vertex 81.3996 25.0504 41
      vertex 82.2004 24.2496 41
    endloop
  endfacet
  facet normal 0 0 1
    outer loop
      vertex 81.3996 24.2496 41
      vertex 82.2004 24.2496 41
      vertex 81.3996 25.0504 41
    endloop
  endfacet
  facet normal 0 0 1
    outer loop
      vertex 82.2004 24.2496 41
      vertex 81.3996 24.2496 41
      vertex 82.2004 16.0504 41
    endloop
  endfacet
  facet normal 0 0 1
    outer loop
      vertex 81.3996 16.0504 41
      vertex 82.2004 16.0504 41
      vertex 81.3996 24.2496 41
    endloop
  endfacet
  facet normal 0 0 1
    outer loop
      vertex 82.2004 16.0504 41
      vertex 81.3996 16.0504 41
      vertex 82.2004 15.2496 41
    endloop
  endfacet
  facet normal 0 0 1
    outer loop
      vertex 81.3996 15.2496 41
      vertex 82.2004 15.2496 41
      vertex 81.3996 16.0504 41
    endloop
  endfacet
  facet normal 0 0 1
    outer loop
      vertex 82.2004 15.2496 41
      vertex 81.3996 15.2496 41
      vertex 82.2004 7.05044 41
    endloop
  endfacet
  facet normal 0 0 1
    outer loop
      vertex 81.3996 7.05044 41
      vertex 82.2004 7.05044 41
      vertex 81.3996 15.2496 41
    endloop
  endfacet
  facet normal -0 0 1
    outer loop
      vertex 81.3996 7.05044 41
      vertex 127.6 0 41
      vertex 82.2004 7.05044 41
    endloop
  endfacet
  facet normal -0 0 1
    outer loop
      vertex 73.2004 7.05044 41
      vertex 127.6 0 41
      vertex 81.3996 7.05044 41
    endloop
  endfacet
  facet normal 0 0 1
    outer loop
      vertex 73.2004 69.2496 41
      vertex 72.3996 70.0504 41
      vertex 72.3996 69.2496 41
    endloop
  endfacet
  facet normal 0 0 1
    outer loop
      vertex 73.2004 61.0504 41
      vertex 72.3996 61.0504 41
      vertex 73.2004 60.2496 41
    endloop
  endfacet
  facet normal 0 0 1
    outer loop
      vertex 72.3996 52.0504 41
      vertex 73.2004 52.0504 41
      vertex 72.3996 60.2496 41
    endloop
  endfacet
  facet normal 0 0 1
    outer loop
      vertex 73.2004 51.2496 41
      vertex 72.3996 51.2496 41
      vertex 73.2004 43.0504 41
    endloop
  endfacet
  facet normal 0 0 1
    outer loop
      vertex 72.3996 42.2496 41
      vertex 73.2004 42.2496 41
      vertex 72.3996 43.0504 41
    endloop
  endfacet
  facet normal 0 0 1
    outer loop
      vertex 73.2004 33.2496 41
      vertex 72.3996 33.2496 41
      vertex 73.2004 25.0504 41
    endloop
  endfacet
  facet normal 0 0 1
    outer loop
      vertex 72.3996 25.0504 41
      vertex 73.2004 25.0504 41
      vertex 72.3996 33.2496 41
    endloop
  endfacet
  facet normal 0 0 1
    outer loop
      vertex 73.2004 25.0504 41
      vertex 72.3996 25.0504 41
      vertex 73.2004 24.2496 41
    endloop
  endfacet
  facet normal 0 0 1
    outer loop
      vertex 72.3996 24.2496 41
      vertex 73.2004 24.2496 41
      vertex 72.3996 25.0504 41
    endloop
  endfacet
  facet normal 0 0 1
    outer loop
      vertex 73.2004 24.2496 41
      vertex 72.3996 24.2496 41
      vertex 73.2004 16.0504 41
    endloop
  endfacet
  facet normal 0 0 1
    outer loop
      vertex 72.3996 16.0504 41
      vertex 73.2004 16.0504 41
      vertex 72.3996 24.2496 41
    endloop
  endfacet
  facet normal 0 0 1
    outer loop
      vertex 73.2004 16.0504 41
      vertex 72.3996 16.0504 41
      vertex 73.2004 15.2496 41
    endloop
  endfacet
  facet normal 0 0 1
    outer loop
      vertex 72.3996 15.2496 41
      vertex 73.2004 15.2496 41
      vertex 72.3996 16.0504 41
    endloop
  endfacet
  facet normal 0 0 1
    outer loop
      vertex 73.2004 15.2496 41
      vertex 72.3996 15.2496 41
      vertex 73.2004 7.05044 41
    endloop
  endfacet
  facet normal 0 0 1
    outer loop
      vertex 72.3996 7.05044 41
      vertex 73.2004 7.05044 41
      vertex 72.3996 15.2496 41
    endloop
  endfacet
  facet normal -0 0 1
    outer loop
      vertex 72.3996 7.05044 41
      vertex 127.6 0 41
      vertex 73.2004 7.05044 41
    endloop
  endfacet
  facet normal -0 0 1
    outer loop
      vertex 64.2004 7.05044 41
      vertex 127.6 0 41
      vertex 72.3996 7.05044 41
    endloop
  endfacet
  facet normal 0 0 1
    outer loop
      vertex 64.2004 69.2496 41
      vertex 63.3996 70.0504 41
      vertex 63.3996 69.2496 41
    endloop
  endfacet
  facet normal 0 0 1
    outer loop
      vertex 64.2004 61.0504 41
      vertex 63.3996 61.0504 41
      vertex 64.2004 60.2496 41
    endloop
  endfacet
  facet normal 0 0 1
    outer loop
      vertex 63.3996 52.0504 41
      vertex 64.2004 52.0504 41
      vertex 63.3996 60.2496 41
    endloop
  endfacet
  facet normal 0 0 1
    outer loop
      vertex 64.2004 51.2496 41
      vertex 63.3996 51.2496 41
      vertex 64.2004 43.0504 41
    endloop
  endfacet
  facet normal 0 0 1
    outer loop
      vertex 63.3996 42.2496 41
      vertex 64.2004 42.2496 41
      vertex 63.3996 43.0504 41
    endloop
  endfacet
  facet normal 0 0 1
    outer loop
      vertex 64.2004 33.2496 41
      vertex 63.3996 33.2496 41
      vertex 64.2004 25.0504 41
    endloop
  endfacet
  facet normal 0 0 1
    outer loop
      vertex 63.3996 25.0504 41
      vertex 64.2004 25.0504 41
      vertex 63.3996 33.2496 41
    endloop
  endfacet
  facet normal 0 0 1
    outer loop
      vertex 64.2004 25.0504 41
      vertex 63.3996 25.0504 41
      vertex 64.2004 24.2496 41
    endloop
  endfacet
  facet normal 0 0 1
    outer loop
      vertex 63.3996 24.2496 41
      vertex 64.2004 24.2496 41
      vertex 63.3996 25.0504 41
    endloop
  endfacet
  facet normal 0 0 1
    outer loop
      vertex 64.2004 24.2496 41
      vertex 63.3996 24.2496 41
      vertex 64.2004 16.0504 41
    endloop
  endfacet
  facet normal 0 0 1
    outer loop
      vertex 63.3996 16.0504 41
      vertex 64.2004 16.0504 41
      vertex 63.3996 24.2496 41
    endloop
  endfacet
  facet normal 0 0 1
    outer loop
      vertex 64.2004 16.0504 41
      vertex 63.3996 16.0504 41
      vertex 64.2004 15.2496 41
    endloop
  endfacet
  facet normal 0 0 1
    outer loop
      vertex 63.3996 15.2496 41
      vertex 64.2004 15.2496 41
      vertex 63.3996 16.0504 41
    endloop
  endfacet
  facet normal 0 0 1
    outer loop
      vertex 64.2004 15.2496 41
      vertex 63.3996 15.2496 41
      vertex 64.2004 7.05044 41
    endloop
  endfacet
  facet normal 0 0 1
    outer loop
      vertex 63.3996 7.05044 41
      vertex 64.2004 7.05044 41
      vertex 63.3996 15.2496 41
    endloop
  endfacet
  facet normal -0 0 1
    outer loop
      vertex 63.3996 7.05044 41
      vertex 127.6 0 41
      vertex 64.2004 7.05044 41
    endloop
  endfacet
  facet normal 0 0 1
    outer loop
      vertex 0 0 41
      vertex 63.3996 7.05044 41
      vertex 55.2004 7.05044 41
    endloop
  endfacet
  facet normal 0 0 1
    outer loop
      vertex 55.2004 69.2496 41
      vertex 54.3996 70.0504 41
      vertex 54.3996 69.2496 41
    endloop
  endfacet
  facet normal 0 0 1
    outer loop
      vertex 55.2004 61.0504 41
      vertex 54.3996 61.0504 41
      vertex 55.2004 60.2496 41
    endloop
  endfacet
  facet normal 0 0 1
    outer loop
      vertex 54.3996 52.0504 41
      vertex 55.2004 52.0504 41
      vertex 54.3996 60.2496 41
    endloop
  endfacet
  facet normal 0 0 1
    outer loop
      vertex 55.2004 51.2496 41
      vertex 54.3996 51.2496 41
      vertex 55.2004 43.0504 41
    endloop
  endfacet
  facet normal 0 0 1
    outer loop
      vertex 54.3996 42.2496 41
      vertex 55.2004 42.2496 41
      vertex 54.3996 43.0504 41
    endloop
  endfacet
  facet normal 0 0 1
    outer loop
      vertex 55.2004 33.2496 41
      vertex 54.3996 33.2496 41
      vertex 55.2004 25.0504 41
    endloop
  endfacet
  facet normal 0 0 1
    outer loop
      vertex 54.3996 25.0504 41
      vertex 55.2004 25.0504 41
      vertex 54.3996 33.2496 41
    endloop
  endfacet
  facet normal 0 0 1
    outer loop
      vertex 55.2004 25.0504 41
      vertex 54.3996 25.0504 41
      vertex 55.2004 24.2496 41
    endloop
  endfacet
  facet normal 0 0 1
    outer loop
      vertex 54.3996 24.2496 41
      vertex 55.2004 24.2496 41
      vertex 54.3996 25.0504 41
    endloop
  endfacet
  facet normal 0 0 1
    outer loop
      vertex 55.2004 24.2496 41
      vertex 54.3996 24.2496 41
      vertex 55.2004 16.0504 41
    endloop
  endfacet
  facet normal 0 0 1
    outer loop
      vertex 54.3996 16.0504 41
      vertex 55.2004 16.0504 41
      vertex 54.3996 24.2496 41
    endloop
  endfacet
  facet normal 0 0 1
    outer loop
      vertex 55.2004 16.0504 41
      vertex 54.3996 16.0504 41
      vertex 55.2004 15.2496 41
    endloop
  endfacet
  facet normal 0 0 1
    outer loop
      vertex 54.3996 15.2496 41
      vertex 55.2004 15.2496 41
      vertex 54.3996 16.0504 41
    endloop
  endfacet
  facet normal 0 0 1
    outer loop
      vertex 55.2004 15.2496 41
      vertex 54.3996 15.2496 41
      vertex 55.2004 7.05044 41
    endloop
  endfacet
  facet normal 0 0 1
    outer loop
      vertex 54.3996 7.05044 41
      vertex 55.2004 7.05044 41
      vertex 54.3996 15.2496 41
    endloop
  endfacet
  facet normal 0 0 1
    outer loop
      vertex 0 0 41
      vertex 55.2004 7.05044 41
      vertex 54.3996 7.05044 41
    endloop
  endfacet
  facet normal 0 0 1
    outer loop
      vertex 0 0 41
      vertex 54.3996 7.05044 41
      vertex 46.2004 7.05044 41
    endloop
  endfacet
  facet normal 0 0 1
    outer loop
      vertex 46.2004 69.2496 41
      vertex 45.3996 70.0504 41
      vertex 45.3996 69.2496 41
    endloop
  endfacet
  facet normal 0 0 1
    outer loop
      vertex 46.2004 61.0504 41
      vertex 45.3996 61.0504 41
      vertex 46.2004 60.2496 41
    endloop
  endfacet
  facet normal 0 0 1
    outer loop
      vertex 45.3996 52.0504 41
      vertex 46.2004 52.0504 41
      vertex 45.3996 60.2496 41
    endloop
  endfacet
  facet normal 0 0 1
    outer loop
      vertex 46.2004 51.2496 41
      vertex 45.3996 51.2496 41
      vertex 46.2004 43.0504 41
    endloop
  endfacet
  facet normal 0 0 1
    outer loop
      vertex 45.3996 42.2496 41
      vertex 46.2004 42.2496 41
      vertex 45.3996 43.0504 41
    endloop
  endfacet
  facet normal 0 0 1
    outer loop
      vertex 46.2004 33.2496 41
      vertex 45.3996 33.2496 41
      vertex 46.2004 25.0504 41
    endloop
  endfacet
  facet normal 0 0 1
    outer loop
      vertex 45.3996 25.0504 41
      vertex 46.2004 25.0504 41
      vertex 45.3996 33.2496 41
    endloop
  endfacet
  facet normal 0 0 1
    outer loop
      vertex 46.2004 25.0504 41
      vertex 45.3996 25.0504 41
      vertex 46.2004 24.2496 41
    endloop
  endfacet
  facet normal 0 0 1
    outer loop
      vertex 45.3996 24.2496 41
      vertex 46.2004 24.2496 41
      vertex 45.3996 25.0504 41
    endloop
  endfacet
  facet normal 0 0 1
    outer loop
      vertex 46.2004 24.2496 41
      vertex 45.3996 24.2496 41
      vertex 46.2004 16.0504 41
    endloop
  endfacet
  facet normal 0 0 1
    outer loop
      vertex 45.3996 16.0504 41
      vertex 46.2004 16.0504 41
      vertex 45.3996 24.2496 41
    endloop
  endfacet
  facet normal 0 0 1
    outer loop
      vertex 46.2004 16.0504 41
      vertex 45.3996 16.0504 41
      vertex 46.2004 15.2496 41
    endloop
  endfacet
  facet normal 0 0 1
    outer loop
      vertex 45.3996 15.2496 41
      vertex 46.2004 15.2496 41
      vertex 45.3996 16.0504 41
    endloop
  endfacet
  facet normal 0 0 1
    outer loop
      vertex 46.2004 15.2496 41
      vertex 45.3996 15.2496 41
      vertex 46.2004 7.05044 41
    endloop
  endfacet
  facet normal 0 0 1
    outer loop
      vertex 45.3996 7.05044 41
      vertex 46.2004 7.05044 41
      vertex 45.3996 15.2496 41
    endloop
  endfacet
  facet normal 0 0 1
    outer loop
      vertex 0 0 41
      vertex 46.2004 7.05044 41
      vertex 45.3996 7.05044 41
    endloop
  endfacet
  facet normal 0 0 1
    outer loop
      vertex 0 0 41
      vertex 45.3996 7.05044 41
      vertex 37.2004 7.05044 41
    endloop
  endfacet
  facet normal 0 0 1
    outer loop
      vertex 37.2004 69.2496 41
      vertex 36.3996 70.0504 41
      vertex 36.3996 69.2496 41
    endloop
  endfacet
  facet normal 0 0 1
    outer loop
      vertex 37.2004 61.0504 41
      vertex 36.3996 61.0504 41
      vertex 37.2004 60.2496 41
    endloop
  endfacet
  facet normal 0 0 1
    outer loop
      vertex 36.3996 52.0504 41
      vertex 37.2004 52.0504 41
      vertex 36.3996 60.2496 41
    endloop
  endfacet
  facet normal 0 0 1
    outer loop
      vertex 37.2004 51.2496 41
      vertex 36.3996 51.2496 41
      vertex 37.2004 43.0504 41
    endloop
  endfacet
  facet normal 0 0 1
    outer loop
      vertex 36.3996 42.2496 41
      vertex 37.2004 42.2496 41
      vertex 36.3996 43.0504 41
    endloop
  endfacet
  facet normal 0 0 1
    outer loop
      vertex 37.2004 33.2496 41
      vertex 36.3996 33.2496 41
      vertex 37.2004 25.0504 41
    endloop
  endfacet
  facet normal 0 0 1
    outer loop
      vertex 36.3996 25.0504 41
      vertex 37.2004 25.0504 41
      vertex 36.3996 33.2496 41
    endloop
  endfacet
  facet normal 0 0 1
    outer loop
      vertex 37.2004 25.0504 41
      vertex 36.3996 25.0504 41
      vertex 37.2004 24.2496 41
    endloop
  endfacet
  facet normal 0 0 1
    outer loop
      vertex 36.3996 24.2496 41
      vertex 37.2004 24.2496 41
      vertex 36.3996 25.0504 41
    endloop
  endfacet
  facet normal 0 0 1
    outer loop
      vertex 37.2004 24.2496 41
      vertex 36.3996 24.2496 41
      vertex 37.2004 16.0504 41
    endloop
  endfacet
  facet normal 0 0 1
    outer loop
      vertex 36.3996 16.0504 41
      vertex 37.2004 16.0504 41
      vertex 36.3996 24.2496 41
    endloop
  endfacet
  facet normal 0 0 1
    outer loop
      vertex 37.2004 16.0504 41
      vertex 36.3996 16.0504 41
      vertex 37.2004 15.2496 41
    endloop
  endfacet
  facet normal 0 0 1
    outer loop
      vertex 36.3996 15.2496 41
      vertex 37.2004 15.2496 41
      vertex 36.3996 16.0504 41
    endloop
  endfacet
  facet normal 0 0 1
    outer loop
      vertex 37.2004 15.2496 41
      vertex 36.3996 15.2496 41
      vertex 37.2004 7.05044 41
    endloop
  endfacet
  facet normal 0 0 1
    outer loop
      vertex 36.3996 7.05044 41
      vertex 37.2004 7.05044 41
      vertex 36.3996 15.2496 41
    endloop
  endfacet
  facet normal 0 0 1
    outer loop
      vertex 0 0 41
      vertex 37.2004 7.05044 41
      vertex 36.3996 7.05044 41
    endloop
  endfacet
  facet normal 0 0 1
    outer loop
      vertex 0 0 41
      vertex 36.3996 7.05044 41
      vertex 28.2004 7.05044 41
    endloop
  endfacet
  facet normal 0 0 1
    outer loop
      vertex 28.2004 69.2496 41
      vertex 27.3996 70.0504 41
      vertex 27.3996 69.2496 41
    endloop
  endfacet
  facet normal 0 0 1
    outer loop
      vertex 28.2004 61.0504 41
      vertex 27.3996 61.0504 41
      vertex 28.2004 60.2496 41
    endloop
  endfacet
  facet normal 0 0 1
    outer loop
      vertex 27.3996 52.0504 41
      vertex 28.2004 52.0504 41
      vertex 27.3996 60.2496 41
    endloop
  endfacet
  facet normal 0 0 1
    outer loop
      vertex 28.2004 51.2496 41
      vertex 27.3996 51.2496 41
      vertex 28.2004 43.0504 41
    endloop
  endfacet
  facet normal 0 0 1
    outer loop
      vertex 27.3996 42.2496 41
      vertex 28.2004 42.2496 41
      vertex 27.3996 43.0504 41
    endloop
  endfacet
  facet normal 0 0 1
    outer loop
      vertex 28.2004 33.2496 41
      vertex 27.3996 33.2496 41
      vertex 28.2004 25.0504 41
    endloop
  endfacet
  facet normal 0 0 1
    outer loop
      vertex 27.3996 25.0504 41
      vertex 28.2004 25.0504 41
      vertex 27.3996 33.2496 41
    endloop
  endfacet
  facet normal 0 0 1
    outer loop
      vertex 28.2004 25.0504 41
      vertex 27.3996 25.0504 41
      vertex 28.2004 24.2496 41
    endloop
  endfacet
  facet normal 0 0 1
    outer loop
      vertex 27.3996 24.2496 41
      vertex 28.2004 24.2496 41
      vertex 27.3996 25.0504 41
    endloop
  endfacet
  facet normal 0 0 1
    outer loop
      vertex 28.2004 24.2496 41
      vertex 27.3996 24.2496 41
      vertex 28.2004 16.0504 41
    endloop
  endfacet
  facet normal 0 0 1
    outer loop
      vertex 27.3996 16.0504 41
      vertex 28.2004 16.0504 41
      vertex 27.3996 24.2496 41
    endloop
  endfacet
  facet normal 0 0 1
    outer loop
      vertex 28.2004 16.0504 41
      vertex 27.3996 16.0504 41
      vertex 28.2004 15.2496 41
    endloop
  endfacet
  facet normal 0 0 1
    outer loop
      vertex 27.3996 15.2496 41
      vertex 28.2004 15.2496 41
      vertex 27.3996 16.0504 41
    endloop
  endfacet
  facet normal 0 0 1
    outer loop
      vertex 28.2004 15.2496 41
      vertex 27.3996 15.2496 41
      vertex 28.2004 7.05044 41
    endloop
  endfacet
  facet normal 0 0 1
    outer loop
      vertex 27.3996 7.05044 41
      vertex 28.2004 7.05044 41
      vertex 27.3996 15.2496 41
    endloop
  endfacet
  facet normal 0 0 1
    outer loop
      vertex 0 0 41
      vertex 28.2004 7.05044 41
      vertex 27.3996 7.05044 41
    endloop
  endfacet
  facet normal 0 0 1
    outer loop
      vertex 0 0 41
      vertex 27.3996 7.05044 41
      vertex 19.2004 7.05044 41
    endloop
  endfacet
  facet normal 0 0 1
    outer loop
      vertex 19.2004 69.2496 41
      vertex 18.3996 70.0504 41
      vertex 18.3996 69.2496 41
    endloop
  endfacet
  facet normal 0 0 1
    outer loop
      vertex 19.2004 61.0504 41
      vertex 18.3996 61.0504 41
      vertex 19.2004 60.2496 41
    endloop
  endfacet
  facet normal 0 0 1
    outer loop
      vertex 18.3996 52.0504 41
      vertex 19.2004 52.0504 41
      vertex 18.3996 60.2496 41
    endloop
  endfacet
  facet normal 0 0 1
    outer loop
      vertex 19.2004 51.2496 41
      vertex 18.3996 51.2496 41
      vertex 19.2004 43.0504 41
    endloop
  endfacet
  facet normal 0 0 1
    outer loop
      vertex 18.3996 42.2496 41
      vertex 19.2004 42.2496 41
      vertex 18.3996 43.0504 41
    endloop
  endfacet
  facet normal 0 0 1
    outer loop
      vertex 19.2004 33.2496 41
      vertex 18.3996 33.2496 41
      vertex 19.2004 25.0504 41
    endloop
  endfacet
  facet normal 0 0 1
    outer loop
      vertex 18.3996 25.0504 41
      vertex 19.2004 25.0504 41
      vertex 18.3996 33.2496 41
    endloop
  endfacet
  facet normal 0 0 1
    outer loop
      vertex 19.2004 25.0504 41
      vertex 18.3996 25.0504 41
      vertex 19.2004 24.2496 41
    endloop
  endfacet
  facet normal 0 0 1
    outer loop
      vertex 18.3996 24.2496 41
      vertex 19.2004 24.2496 41
      vertex 18.3996 25.0504 41
    endloop
  endfacet
  facet normal 0 0 1
    outer loop
      vertex 19.2004 24.2496 41
      vertex 18.3996 24.2496 41
      vertex 19.2004 16.0504 41
    endloop
  endfacet
  facet normal 0 0 1
    outer loop
      vertex 18.3996 16.0504 41
      vertex 19.2004 16.0504 41
      vertex 18.3996 24.2496 41
    endloop
  endfacet
  facet normal 0 0 1
    outer loop
      vertex 19.2004 16.0504 41
      vertex 18.3996 16.0504 41
      vertex 19.2004 15.2496 41
    endloop
  endfacet
  facet normal 0 0 1
    outer loop
      vertex 18.3996 15.2496 41
      vertex 19.2004 15.2496 41
      vertex 18.3996 16.0504 41
    endloop
  endfacet
  facet normal 0 0 1
    outer loop
      vertex 19.2004 15.2496 41
      vertex 18.3996 15.2496 41
      vertex 19.2004 7.05044 41
    endloop
  endfacet
  facet normal 0 0 1
    outer loop
      vertex 18.3996 7.05044 41
      vertex 19.2004 7.05044 41
      vertex 18.3996 15.2496 41
    endloop
  endfacet
  facet normal 0 0 1
    outer loop
      vertex 0 0 41
      vertex 19.2004 7.05044 41
      vertex 18.3996 7.05044 41
    endloop
  endfacet
  facet normal 0 0 1
    outer loop
      vertex 0 0 41
      vertex 18.3996 7.05044 41
      vertex 10.2004 7.05044 41
    endloop
  endfacet
  facet normal 0 0 1
    outer loop
      vertex 63.3996 7.05044 41
      vertex 0 0 41
      vertex 127.6 0 41
    endloop
  endfacet
  facet normal 0 0 1
    outer loop
      vertex 10.2004 15.2496 41
      vertex 0 0 41
      vertex 10.2004 7.05044 41
    endloop
  endfacet
  facet normal 1 -0 0
    outer loop
      vertex 127.6 0 41
      vertex 127.6 85.3 0
      vertex 127.6 85.3 41
    endloop
  endfacet
  facet normal 1 0 0
    outer loop
      vertex 127.6 85.3 0
      vertex 127.6 0 41
      vertex 127.6 0 0
    endloop
  endfacet
  facet normal 0 0 -1
    outer loop
      vertex 0 0 0
      vertex 127.6 85.3 0
      vertex 127.6 0 0
    endloop
  endfacet
  facet normal -0 0 -1
    outer loop
      vertex 127.6 85.3 0
      vertex 0 0 0
      vertex 0 85.3 0
    endloop
  endfacet
  facet normal 0 -1 0
    outer loop
      vertex 0 0 0
      vertex 127.6 0 41
      vertex 0 0 41
    endloop
  endfacet
  facet normal 0 -1 -0
    outer loop
      vertex 127.6 0 41
      vertex 0 0 0
      vertex 127.6 0 0
    endloop
  endfacet
  facet normal 0 1 -0
    outer loop
      vertex 127.6 85.3 0
      vertex 0 85.3 41
      vertex 127.6 85.3 41
    endloop
  endfacet
  facet normal 0 1 0
    outer loop
      vertex 0 85.3 41
      vertex 127.6 85.3 0
      vertex 0 85.3 0
    endloop
  endfacet
endsolid OpenSCAD_Model
