solid OpenSCAD_Model
  facet normal -1 0 0
    outer loop
      vertex 0 0 0
      vertex 0 85.48 63.9
      vertex 0 85.48 0
    endloop
  endfacet
  facet normal -1 -0 0
    outer loop
      vertex 0 85.48 63.9
      vertex 0 0 0
      vertex 0 0 63.9
    endloop
  endfacet
  facet normal 0 0 1
    outer loop
      vertex 15.9527 11.5127 63.9
      vertex 20.4273 11.5127 63.9
      vertex 15.9527 15.9873 63.9
    endloop
  endfacet
  facet normal 0 0 1
    outer loop
      vertex 20.4273 11.5127 63.9
      vertex 15.9527 11.5127 63.9
      vertex 16.89 9.25 63.9
    endloop
  endfacet
  facet normal -0 0 1
    outer loop
      vertex 13.69 15.05 63.9
      vertex 15.9527 11.5127 63.9
      vertex 15.9527 15.9873 63.9
    endloop
  endfacet
  facet normal 0 0 1
    outer loop
      vertex 13.69 15.05 63.9
      vertex 13.69 12.45 63.9
      vertex 15.9527 11.5127 63.9
    endloop
  endfacet
  facet normal 0 0 1
    outer loop
      vertex 11.4273 15.9873 63.9
      vertex 13.69 12.45 63.9
      vertex 13.69 15.05 63.9
    endloop
  endfacet
  facet normal 0 0 1
    outer loop
      vertex 11.4273 15.9873 63.9
      vertex 11.4273 11.5127 63.9
      vertex 13.69 12.45 63.9
    endloop
  endfacet
  facet normal 0 0 1
    outer loop
      vertex 10.49 18.25 63.9
      vertex 11.4273 11.5127 63.9
      vertex 11.4273 15.9873 63.9
    endloop
  endfacet
  facet normal 0 0 1
    outer loop
      vertex 11.4273 11.5127 63.9
      vertex 10.49 18.25 63.9
      vertex 10.49 9.25 63.9
    endloop
  endfacet
  facet normal 0 0 1
    outer loop
      vertex 15.9527 20.5127 63.9
      vertex 20.4273 20.5127 63.9
      vertex 15.9527 24.9873 63.9
    endloop
  endfacet
  facet normal 0 0 1
    outer loop
      vertex 20.4273 20.5127 63.9
      vertex 15.9527 20.5127 63.9
      vertex 16.89 18.25 63.9
    endloop
  endfacet
  facet normal -0 0 1
    outer loop
      vertex 13.69 24.05 63.9
      vertex 15.9527 20.5127 63.9
      vertex 15.9527 24.9873 63.9
    endloop
  endfacet
  facet normal 0 0 1
    outer loop
      vertex 13.69 24.05 63.9
      vertex 13.69 21.45 63.9
      vertex 15.9527 20.5127 63.9
    endloop
  endfacet
  facet normal 0 0 1
    outer loop
      vertex 11.4273 24.9873 63.9
      vertex 13.69 21.45 63.9
      vertex 13.69 24.05 63.9
    endloop
  endfacet
  facet normal 0 0 1
    outer loop
      vertex 11.4273 24.9873 63.9
      vertex 11.4273 20.5127 63.9
      vertex 13.69 21.45 63.9
    endloop
  endfacet
  facet normal 0 0 1
    outer loop
      vertex 10.49 27.25 63.9
      vertex 11.4273 20.5127 63.9
      vertex 11.4273 24.9873 63.9
    endloop
  endfacet
  facet normal 0 0 1
    outer loop
      vertex 11.4273 20.5127 63.9
      vertex 10.49 27.25 63.9
      vertex 10.49 18.25 63.9
    endloop
  endfacet
  facet normal 0 0 1
    outer loop
      vertex 15.9527 29.5127 63.9
      vertex 20.4273 29.5127 63.9
      vertex 15.9527 33.9873 63.9
    endloop
  endfacet
  facet normal 0 0 1
    outer loop
      vertex 20.4273 29.5127 63.9
      vertex 15.9527 29.5127 63.9
      vertex 16.89 27.25 63.9
    endloop
  endfacet
  facet normal -0 0 1
    outer loop
      vertex 13.69 33.05 63.9
      vertex 15.9527 29.5127 63.9
      vertex 15.9527 33.9873 63.9
    endloop
  endfacet
  facet normal 0 0 1
    outer loop
      vertex 13.69 33.05 63.9
      vertex 13.69 30.45 63.9
      vertex 15.9527 29.5127 63.9
    endloop
  endfacet
  facet normal 0 0 1
    outer loop
      vertex 11.4273 33.9873 63.9
      vertex 13.69 30.45 63.9
      vertex 13.69 33.05 63.9
    endloop
  endfacet
  facet normal 0 0 1
    outer loop
      vertex 11.4273 33.9873 63.9
      vertex 11.4273 29.5127 63.9
      vertex 13.69 30.45 63.9
    endloop
  endfacet
  facet normal 0 0 1
    outer loop
      vertex 10.49 36.25 63.9
      vertex 11.4273 29.5127 63.9
      vertex 11.4273 33.9873 63.9
    endloop
  endfacet
  facet normal 0 0 1
    outer loop
      vertex 11.4273 29.5127 63.9
      vertex 10.49 36.25 63.9
      vertex 10.49 27.25 63.9
    endloop
  endfacet
  facet normal 0 0 1
    outer loop
      vertex 15.9527 38.5127 63.9
      vertex 20.4273 38.5127 63.9
      vertex 15.9527 42.9873 63.9
    endloop
  endfacet
  facet normal 0 0 1
    outer loop
      vertex 20.4273 38.5127 63.9
      vertex 15.9527 38.5127 63.9
      vertex 16.89 36.25 63.9
    endloop
  endfacet
  facet normal -0 0 1
    outer loop
      vertex 13.69 42.05 63.9
      vertex 15.9527 38.5127 63.9
      vertex 15.9527 42.9873 63.9
    endloop
  endfacet
  facet normal 0 0 1
    outer loop
      vertex 13.69 42.05 63.9
      vertex 13.69 39.45 63.9
      vertex 15.9527 38.5127 63.9
    endloop
  endfacet
  facet normal 0 0 1
    outer loop
      vertex 11.4273 42.9873 63.9
      vertex 13.69 39.45 63.9
      vertex 13.69 42.05 63.9
    endloop
  endfacet
  facet normal 0 0 1
    outer loop
      vertex 11.4273 42.9873 63.9
      vertex 11.4273 38.5127 63.9
      vertex 13.69 39.45 63.9
    endloop
  endfacet
  facet normal 0 0 1
    outer loop
      vertex 10.49 45.25 63.9
      vertex 11.4273 38.5127 63.9
      vertex 11.4273 42.9873 63.9
    endloop
  endfacet
  facet normal 0 0 1
    outer loop
      vertex 11.4273 38.5127 63.9
      vertex 10.49 45.25 63.9
      vertex 10.49 36.25 63.9
    endloop
  endfacet
  facet normal 0 0 1
    outer loop
      vertex 15.9527 47.5127 63.9
      vertex 20.4273 47.5127 63.9
      vertex 15.9527 51.9873 63.9
    endloop
  endfacet
  facet normal 0 0 1
    outer loop
      vertex 20.4273 47.5127 63.9
      vertex 15.9527 47.5127 63.9
      vertex 16.89 45.25 63.9
    endloop
  endfacet
  facet normal -0 0 1
    outer loop
      vertex 13.69 51.05 63.9
      vertex 15.9527 47.5127 63.9
      vertex 15.9527 51.9873 63.9
    endloop
  endfacet
  facet normal 0 0 1
    outer loop
      vertex 13.69 51.05 63.9
      vertex 13.69 48.45 63.9
      vertex 15.9527 47.5127 63.9
    endloop
  endfacet
  facet normal 0 0 1
    outer loop
      vertex 11.4273 51.9873 63.9
      vertex 13.69 48.45 63.9
      vertex 13.69 51.05 63.9
    endloop
  endfacet
  facet normal 0 0 1
    outer loop
      vertex 11.4273 51.9873 63.9
      vertex 11.4273 47.5127 63.9
      vertex 13.69 48.45 63.9
    endloop
  endfacet
  facet normal 0 0 1
    outer loop
      vertex 10.49 54.25 63.9
      vertex 11.4273 47.5127 63.9
      vertex 11.4273 51.9873 63.9
    endloop
  endfacet
  facet normal 0 0 1
    outer loop
      vertex 11.4273 47.5127 63.9
      vertex 10.49 54.25 63.9
      vertex 10.49 45.25 63.9
    endloop
  endfacet
  facet normal 0 0 1
    outer loop
      vertex 15.9527 56.5127 63.9
      vertex 20.4273 56.5127 63.9
      vertex 15.9527 60.9873 63.9
    endloop
  endfacet
  facet normal 0 0 1
    outer loop
      vertex 20.4273 56.5127 63.9
      vertex 15.9527 56.5127 63.9
      vertex 16.89 54.25 63.9
    endloop
  endfacet
  facet normal -0 0 1
    outer loop
      vertex 13.69 60.05 63.9
      vertex 15.9527 56.5127 63.9
      vertex 15.9527 60.9873 63.9
    endloop
  endfacet
  facet normal 0 0 1
    outer loop
      vertex 13.69 60.05 63.9
      vertex 13.69 57.45 63.9
      vertex 15.9527 56.5127 63.9
    endloop
  endfacet
  facet normal 0 0 1
    outer loop
      vertex 11.4273 60.9873 63.9
      vertex 13.69 57.45 63.9
      vertex 13.69 60.05 63.9
    endloop
  endfacet
  facet normal 0 0 1
    outer loop
      vertex 11.4273 60.9873 63.9
      vertex 11.4273 56.5127 63.9
      vertex 13.69 57.45 63.9
    endloop
  endfacet
  facet normal 0 0 1
    outer loop
      vertex 10.49 63.25 63.9
      vertex 11.4273 56.5127 63.9
      vertex 11.4273 60.9873 63.9
    endloop
  endfacet
  facet normal 0 0 1
    outer loop
      vertex 11.4273 56.5127 63.9
      vertex 10.49 63.25 63.9
      vertex 10.49 54.25 63.9
    endloop
  endfacet
  facet normal 0 0 1
    outer loop
      vertex 15.9527 65.5127 63.9
      vertex 20.4273 65.5127 63.9
      vertex 15.9527 69.9873 63.9
    endloop
  endfacet
  facet normal 0 0 1
    outer loop
      vertex 20.4273 65.5127 63.9
      vertex 15.9527 65.5127 63.9
      vertex 16.89 63.25 63.9
    endloop
  endfacet
  facet normal -0 0 1
    outer loop
      vertex 13.69 69.05 63.9
      vertex 15.9527 65.5127 63.9
      vertex 15.9527 69.9873 63.9
    endloop
  endfacet
  facet normal 0 0 1
    outer loop
      vertex 13.69 69.05 63.9
      vertex 13.69 66.45 63.9
      vertex 15.9527 65.5127 63.9
    endloop
  endfacet
  facet normal 0 0 1
    outer loop
      vertex 11.4273 69.9873 63.9
      vertex 13.69 66.45 63.9
      vertex 13.69 69.05 63.9
    endloop
  endfacet
  facet normal 0 0 1
    outer loop
      vertex 11.4273 69.9873 63.9
      vertex 11.4273 65.5127 63.9
      vertex 13.69 66.45 63.9
    endloop
  endfacet
  facet normal 0 0 1
    outer loop
      vertex 10.49 72.25 63.9
      vertex 11.4273 65.5127 63.9
      vertex 11.4273 69.9873 63.9
    endloop
  endfacet
  facet normal 0 0 1
    outer loop
      vertex 11.4273 65.5127 63.9
      vertex 10.49 72.25 63.9
      vertex 10.49 63.25 63.9
    endloop
  endfacet
  facet normal 0 0 1
    outer loop
      vertex 24.9527 11.5127 63.9
      vertex 29.4273 11.5127 63.9
      vertex 24.9527 15.9873 63.9
    endloop
  endfacet
  facet normal 0 0 1
    outer loop
      vertex 29.4273 11.5127 63.9
      vertex 24.9527 11.5127 63.9
      vertex 25.89 9.25 63.9
    endloop
  endfacet
  facet normal -0 0 1
    outer loop
      vertex 22.69 15.05 63.9
      vertex 24.9527 11.5127 63.9
      vertex 24.9527 15.9873 63.9
    endloop
  endfacet
  facet normal 0 0 1
    outer loop
      vertex 22.69 15.05 63.9
      vertex 22.69 12.45 63.9
      vertex 24.9527 11.5127 63.9
    endloop
  endfacet
  facet normal 0 0 1
    outer loop
      vertex 20.4273 15.9873 63.9
      vertex 22.69 12.45 63.9
      vertex 22.69 15.05 63.9
    endloop
  endfacet
  facet normal 0 0 1
    outer loop
      vertex 20.4273 15.9873 63.9
      vertex 20.4273 11.5127 63.9
      vertex 22.69 12.45 63.9
    endloop
  endfacet
  facet normal -0 0 1
    outer loop
      vertex 16.89 18.25 63.9
      vertex 20.4273 15.9873 63.9
      vertex 19.49 18.25 63.9
    endloop
  endfacet
  facet normal 0 0 1
    outer loop
      vertex 15.9527 15.9873 63.9
      vertex 20.4273 15.9873 63.9
      vertex 16.89 18.25 63.9
    endloop
  endfacet
  facet normal 0 0 1
    outer loop
      vertex 24.9527 20.5127 63.9
      vertex 29.4273 20.5127 63.9
      vertex 24.9527 24.9873 63.9
    endloop
  endfacet
  facet normal 0 0 1
    outer loop
      vertex 29.4273 20.5127 63.9
      vertex 24.9527 20.5127 63.9
      vertex 25.89 18.25 63.9
    endloop
  endfacet
  facet normal -0 0 1
    outer loop
      vertex 22.69 24.05 63.9
      vertex 24.9527 20.5127 63.9
      vertex 24.9527 24.9873 63.9
    endloop
  endfacet
  facet normal 0 0 1
    outer loop
      vertex 22.69 24.05 63.9
      vertex 22.69 21.45 63.9
      vertex 24.9527 20.5127 63.9
    endloop
  endfacet
  facet normal 0 0 1
    outer loop
      vertex 20.4273 24.9873 63.9
      vertex 22.69 21.45 63.9
      vertex 22.69 24.05 63.9
    endloop
  endfacet
  facet normal 0 0 1
    outer loop
      vertex 20.4273 24.9873 63.9
      vertex 20.4273 20.5127 63.9
      vertex 22.69 21.45 63.9
    endloop
  endfacet
  facet normal -0 0 1
    outer loop
      vertex 16.89 27.25 63.9
      vertex 20.4273 24.9873 63.9
      vertex 19.49 27.25 63.9
    endloop
  endfacet
  facet normal 0 0 1
    outer loop
      vertex 15.9527 24.9873 63.9
      vertex 20.4273 24.9873 63.9
      vertex 16.89 27.25 63.9
    endloop
  endfacet
  facet normal 0 0 1
    outer loop
      vertex 24.9527 29.5127 63.9
      vertex 29.4273 29.5127 63.9
      vertex 24.9527 33.9873 63.9
    endloop
  endfacet
  facet normal 0 0 1
    outer loop
      vertex 29.4273 29.5127 63.9
      vertex 24.9527 29.5127 63.9
      vertex 25.89 27.25 63.9
    endloop
  endfacet
  facet normal -0 0 1
    outer loop
      vertex 22.69 33.05 63.9
      vertex 24.9527 29.5127 63.9
      vertex 24.9527 33.9873 63.9
    endloop
  endfacet
  facet normal 0 0 1
    outer loop
      vertex 22.69 33.05 63.9
      vertex 22.69 30.45 63.9
      vertex 24.9527 29.5127 63.9
    endloop
  endfacet
  facet normal 0 0 1
    outer loop
      vertex 20.4273 33.9873 63.9
      vertex 22.69 30.45 63.9
      vertex 22.69 33.05 63.9
    endloop
  endfacet
  facet normal 0 0 1
    outer loop
      vertex 20.4273 33.9873 63.9
      vertex 20.4273 29.5127 63.9
      vertex 22.69 30.45 63.9
    endloop
  endfacet
  facet normal -0 0 1
    outer loop
      vertex 16.89 36.25 63.9
      vertex 20.4273 33.9873 63.9
      vertex 19.49 36.25 63.9
    endloop
  endfacet
  facet normal 0 0 1
    outer loop
      vertex 15.9527 33.9873 63.9
      vertex 20.4273 33.9873 63.9
      vertex 16.89 36.25 63.9
    endloop
  endfacet
  facet normal 0 0 1
    outer loop
      vertex 24.9527 38.5127 63.9
      vertex 29.4273 38.5127 63.9
      vertex 24.9527 42.9873 63.9
    endloop
  endfacet
  facet normal 0 0 1
    outer loop
      vertex 29.4273 38.5127 63.9
      vertex 24.9527 38.5127 63.9
      vertex 25.89 36.25 63.9
    endloop
  endfacet
  facet normal -0 0 1
    outer loop
      vertex 22.69 42.05 63.9
      vertex 24.9527 38.5127 63.9
      vertex 24.9527 42.9873 63.9
    endloop
  endfacet
  facet normal 0 0 1
    outer loop
      vertex 22.69 42.05 63.9
      vertex 22.69 39.45 63.9
      vertex 24.9527 38.5127 63.9
    endloop
  endfacet
  facet normal 0 0 1
    outer loop
      vertex 20.4273 42.9873 63.9
      vertex 22.69 39.45 63.9
      vertex 22.69 42.05 63.9
    endloop
  endfacet
  facet normal 0 0 1
    outer loop
      vertex 20.4273 42.9873 63.9
      vertex 20.4273 38.5127 63.9
      vertex 22.69 39.45 63.9
    endloop
  endfacet
  facet normal -0 0 1
    outer loop
      vertex 16.89 45.25 63.9
      vertex 20.4273 42.9873 63.9
      vertex 19.49 45.25 63.9
    endloop
  endfacet
  facet normal 0 0 1
    outer loop
      vertex 15.9527 42.9873 63.9
      vertex 20.4273 42.9873 63.9
      vertex 16.89 45.25 63.9
    endloop
  endfacet
  facet normal 0 0 1
    outer loop
      vertex 24.9527 47.5127 63.9
      vertex 29.4273 47.5127 63.9
      vertex 24.9527 51.9873 63.9
    endloop
  endfacet
  facet normal 0 0 1
    outer loop
      vertex 29.4273 47.5127 63.9
      vertex 24.9527 47.5127 63.9
      vertex 25.89 45.25 63.9
    endloop
  endfacet
  facet normal -0 0 1
    outer loop
      vertex 22.69 51.05 63.9
      vertex 24.9527 47.5127 63.9
      vertex 24.9527 51.9873 63.9
    endloop
  endfacet
  facet normal 0 0 1
    outer loop
      vertex 22.69 51.05 63.9
      vertex 22.69 48.45 63.9
      vertex 24.9527 47.5127 63.9
    endloop
  endfacet
  facet normal 0 0 1
    outer loop
      vertex 20.4273 51.9873 63.9
      vertex 22.69 48.45 63.9
      vertex 22.69 51.05 63.9
    endloop
  endfacet
  facet normal 0 0 1
    outer loop
      vertex 20.4273 51.9873 63.9
      vertex 20.4273 47.5127 63.9
      vertex 22.69 48.45 63.9
    endloop
  endfacet
  facet normal -0 0 1
    outer loop
      vertex 16.89 54.25 63.9
      vertex 20.4273 51.9873 63.9
      vertex 19.49 54.25 63.9
    endloop
  endfacet
  facet normal 0 0 1
    outer loop
      vertex 15.9527 51.9873 63.9
      vertex 20.4273 51.9873 63.9
      vertex 16.89 54.25 63.9
    endloop
  endfacet
  facet normal 0 0 1
    outer loop
      vertex 24.9527 56.5127 63.9
      vertex 29.4273 56.5127 63.9
      vertex 24.9527 60.9873 63.9
    endloop
  endfacet
  facet normal 0 0 1
    outer loop
      vertex 29.4273 56.5127 63.9
      vertex 24.9527 56.5127 63.9
      vertex 25.89 54.25 63.9
    endloop
  endfacet
  facet normal -0 0 1
    outer loop
      vertex 22.69 60.05 63.9
      vertex 24.9527 56.5127 63.9
      vertex 24.9527 60.9873 63.9
    endloop
  endfacet
  facet normal 0 0 1
    outer loop
      vertex 22.69 60.05 63.9
      vertex 22.69 57.45 63.9
      vertex 24.9527 56.5127 63.9
    endloop
  endfacet
  facet normal 0 0 1
    outer loop
      vertex 20.4273 60.9873 63.9
      vertex 22.69 57.45 63.9
      vertex 22.69 60.05 63.9
    endloop
  endfacet
  facet normal 0 0 1
    outer loop
      vertex 20.4273 60.9873 63.9
      vertex 20.4273 56.5127 63.9
      vertex 22.69 57.45 63.9
    endloop
  endfacet
  facet normal -0 0 1
    outer loop
      vertex 16.89 63.25 63.9
      vertex 20.4273 60.9873 63.9
      vertex 19.49 63.25 63.9
    endloop
  endfacet
  facet normal 0 0 1
    outer loop
      vertex 15.9527 60.9873 63.9
      vertex 20.4273 60.9873 63.9
      vertex 16.89 63.25 63.9
    endloop
  endfacet
  facet normal 0 0 1
    outer loop
      vertex 24.9527 65.5127 63.9
      vertex 29.4273 65.5127 63.9
      vertex 24.9527 69.9873 63.9
    endloop
  endfacet
  facet normal 0 0 1
    outer loop
      vertex 29.4273 65.5127 63.9
      vertex 24.9527 65.5127 63.9
      vertex 25.89 63.25 63.9
    endloop
  endfacet
  facet normal -0 0 1
    outer loop
      vertex 22.69 69.05 63.9
      vertex 24.9527 65.5127 63.9
      vertex 24.9527 69.9873 63.9
    endloop
  endfacet
  facet normal 0 0 1
    outer loop
      vertex 22.69 69.05 63.9
      vertex 22.69 66.45 63.9
      vertex 24.9527 65.5127 63.9
    endloop
  endfacet
  facet normal 0 0 1
    outer loop
      vertex 20.4273 69.9873 63.9
      vertex 22.69 66.45 63.9
      vertex 22.69 69.05 63.9
    endloop
  endfacet
  facet normal 0 0 1
    outer loop
      vertex 20.4273 69.9873 63.9
      vertex 20.4273 65.5127 63.9
      vertex 22.69 66.45 63.9
    endloop
  endfacet
  facet normal -0 0 1
    outer loop
      vertex 16.89 72.25 63.9
      vertex 20.4273 69.9873 63.9
      vertex 19.49 72.25 63.9
    endloop
  endfacet
  facet normal 0 0 1
    outer loop
      vertex 15.9527 69.9873 63.9
      vertex 20.4273 69.9873 63.9
      vertex 16.89 72.25 63.9
    endloop
  endfacet
  facet normal 0 0 1
    outer loop
      vertex 33.9527 11.5127 63.9
      vertex 38.4273 11.5127 63.9
      vertex 33.9527 15.9873 63.9
    endloop
  endfacet
  facet normal 0 0 1
    outer loop
      vertex 38.4273 11.5127 63.9
      vertex 33.9527 11.5127 63.9
      vertex 34.89 9.25 63.9
    endloop
  endfacet
  facet normal -0 0 1
    outer loop
      vertex 31.69 15.05 63.9
      vertex 33.9527 11.5127 63.9
      vertex 33.9527 15.9873 63.9
    endloop
  endfacet
  facet normal 0 0 1
    outer loop
      vertex 31.69 15.05 63.9
      vertex 31.69 12.45 63.9
      vertex 33.9527 11.5127 63.9
    endloop
  endfacet
  facet normal 0 0 1
    outer loop
      vertex 29.4273 15.9873 63.9
      vertex 31.69 12.45 63.9
      vertex 31.69 15.05 63.9
    endloop
  endfacet
  facet normal 0 0 1
    outer loop
      vertex 29.4273 15.9873 63.9
      vertex 29.4273 11.5127 63.9
      vertex 31.69 12.45 63.9
    endloop
  endfacet
  facet normal -0 0 1
    outer loop
      vertex 25.89 18.25 63.9
      vertex 29.4273 15.9873 63.9
      vertex 28.49 18.25 63.9
    endloop
  endfacet
  facet normal 0 0 1
    outer loop
      vertex 24.9527 15.9873 63.9
      vertex 29.4273 15.9873 63.9
      vertex 25.89 18.25 63.9
    endloop
  endfacet
  facet normal 0 0 1
    outer loop
      vertex 33.9527 20.5127 63.9
      vertex 38.4273 20.5127 63.9
      vertex 33.9527 24.9873 63.9
    endloop
  endfacet
  facet normal 0 0 1
    outer loop
      vertex 38.4273 20.5127 63.9
      vertex 33.9527 20.5127 63.9
      vertex 34.89 18.25 63.9
    endloop
  endfacet
  facet normal -0 0 1
    outer loop
      vertex 31.69 24.05 63.9
      vertex 33.9527 20.5127 63.9
      vertex 33.9527 24.9873 63.9
    endloop
  endfacet
  facet normal 0 0 1
    outer loop
      vertex 31.69 24.05 63.9
      vertex 31.69 21.45 63.9
      vertex 33.9527 20.5127 63.9
    endloop
  endfacet
  facet normal 0 0 1
    outer loop
      vertex 29.4273 24.9873 63.9
      vertex 31.69 21.45 63.9
      vertex 31.69 24.05 63.9
    endloop
  endfacet
  facet normal 0 0 1
    outer loop
      vertex 29.4273 24.9873 63.9
      vertex 29.4273 20.5127 63.9
      vertex 31.69 21.45 63.9
    endloop
  endfacet
  facet normal -0 0 1
    outer loop
      vertex 25.89 27.25 63.9
      vertex 29.4273 24.9873 63.9
      vertex 28.49 27.25 63.9
    endloop
  endfacet
  facet normal 0 0 1
    outer loop
      vertex 24.9527 24.9873 63.9
      vertex 29.4273 24.9873 63.9
      vertex 25.89 27.25 63.9
    endloop
  endfacet
  facet normal 0 0 1
    outer loop
      vertex 33.9527 29.5127 63.9
      vertex 38.4273 29.5127 63.9
      vertex 33.9527 33.9873 63.9
    endloop
  endfacet
  facet normal 0 0 1
    outer loop
      vertex 38.4273 29.5127 63.9
      vertex 33.9527 29.5127 63.9
      vertex 34.89 27.25 63.9
    endloop
  endfacet
  facet normal -0 0 1
    outer loop
      vertex 31.69 33.05 63.9
      vertex 33.9527 29.5127 63.9
      vertex 33.9527 33.9873 63.9
    endloop
  endfacet
  facet normal 0 0 1
    outer loop
      vertex 31.69 33.05 63.9
      vertex 31.69 30.45 63.9
      vertex 33.9527 29.5127 63.9
    endloop
  endfacet
  facet normal 0 0 1
    outer loop
      vertex 29.4273 33.9873 63.9
      vertex 31.69 30.45 63.9
      vertex 31.69 33.05 63.9
    endloop
  endfacet
  facet normal 0 0 1
    outer loop
      vertex 29.4273 33.9873 63.9
      vertex 29.4273 29.5127 63.9
      vertex 31.69 30.45 63.9
    endloop
  endfacet
  facet normal -0 0 1
    outer loop
      vertex 25.89 36.25 63.9
      vertex 29.4273 33.9873 63.9
      vertex 28.49 36.25 63.9
    endloop
  endfacet
  facet normal 0 0 1
    outer loop
      vertex 24.9527 33.9873 63.9
      vertex 29.4273 33.9873 63.9
      vertex 25.89 36.25 63.9
    endloop
  endfacet
  facet normal 0 0 1
    outer loop
      vertex 33.9527 38.5127 63.9
      vertex 38.4273 38.5127 63.9
      vertex 33.9527 42.9873 63.9
    endloop
  endfacet
  facet normal 0 0 1
    outer loop
      vertex 38.4273 38.5127 63.9
      vertex 33.9527 38.5127 63.9
      vertex 34.89 36.25 63.9
    endloop
  endfacet
  facet normal -0 0 1
    outer loop
      vertex 31.69 42.05 63.9
      vertex 33.9527 38.5127 63.9
      vertex 33.9527 42.9873 63.9
    endloop
  endfacet
  facet normal 0 0 1
    outer loop
      vertex 31.69 42.05 63.9
      vertex 31.69 39.45 63.9
      vertex 33.9527 38.5127 63.9
    endloop
  endfacet
  facet normal 0 0 1
    outer loop
      vertex 29.4273 42.9873 63.9
      vertex 31.69 39.45 63.9
      vertex 31.69 42.05 63.9
    endloop
  endfacet
  facet normal 0 0 1
    outer loop
      vertex 29.4273 42.9873 63.9
      vertex 29.4273 38.5127 63.9
      vertex 31.69 39.45 63.9
    endloop
  endfacet
  facet normal -0 0 1
    outer loop
      vertex 25.89 45.25 63.9
      vertex 29.4273 42.9873 63.9
      vertex 28.49 45.25 63.9
    endloop
  endfacet
  facet normal 0 0 1
    outer loop
      vertex 24.9527 42.9873 63.9
      vertex 29.4273 42.9873 63.9
      vertex 25.89 45.25 63.9
    endloop
  endfacet
  facet normal 0 0 1
    outer loop
      vertex 33.9527 47.5127 63.9
      vertex 38.4273 47.5127 63.9
      vertex 33.9527 51.9873 63.9
    endloop
  endfacet
  facet normal 0 0 1
    outer loop
      vertex 38.4273 47.5127 63.9
      vertex 33.9527 47.5127 63.9
      vertex 34.89 45.25 63.9
    endloop
  endfacet
  facet normal -0 0 1
    outer loop
      vertex 31.69 51.05 63.9
      vertex 33.9527 47.5127 63.9
      vertex 33.9527 51.9873 63.9
    endloop
  endfacet
  facet normal 0 0 1
    outer loop
      vertex 31.69 51.05 63.9
      vertex 31.69 48.45 63.9
      vertex 33.9527 47.5127 63.9
    endloop
  endfacet
  facet normal 0 0 1
    outer loop
      vertex 29.4273 51.9873 63.9
      vertex 31.69 48.45 63.9
      vertex 31.69 51.05 63.9
    endloop
  endfacet
  facet normal 0 0 1
    outer loop
      vertex 29.4273 51.9873 63.9
      vertex 29.4273 47.5127 63.9
      vertex 31.69 48.45 63.9
    endloop
  endfacet
  facet normal -0 0 1
    outer loop
      vertex 25.89 54.25 63.9
      vertex 29.4273 51.9873 63.9
      vertex 28.49 54.25 63.9
    endloop
  endfacet
  facet normal 0 0 1
    outer loop
      vertex 24.9527 51.9873 63.9
      vertex 29.4273 51.9873 63.9
      vertex 25.89 54.25 63.9
    endloop
  endfacet
  facet normal 0 0 1
    outer loop
      vertex 33.9527 56.5127 63.9
      vertex 38.4273 56.5127 63.9
      vertex 33.9527 60.9873 63.9
    endloop
  endfacet
  facet normal 0 0 1
    outer loop
      vertex 38.4273 56.5127 63.9
      vertex 33.9527 56.5127 63.9
      vertex 34.89 54.25 63.9
    endloop
  endfacet
  facet normal -0 0 1
    outer loop
      vertex 31.69 60.05 63.9
      vertex 33.9527 56.5127 63.9
      vertex 33.9527 60.9873 63.9
    endloop
  endfacet
  facet normal 0 0 1
    outer loop
      vertex 31.69 60.05 63.9
      vertex 31.69 57.45 63.9
      vertex 33.9527 56.5127 63.9
    endloop
  endfacet
  facet normal 0 0 1
    outer loop
      vertex 29.4273 60.9873 63.9
      vertex 31.69 57.45 63.9
      vertex 31.69 60.05 63.9
    endloop
  endfacet
  facet normal 0 0 1
    outer loop
      vertex 29.4273 60.9873 63.9
      vertex 29.4273 56.5127 63.9
      vertex 31.69 57.45 63.9
    endloop
  endfacet
  facet normal -0 0 1
    outer loop
      vertex 25.89 63.25 63.9
      vertex 29.4273 60.9873 63.9
      vertex 28.49 63.25 63.9
    endloop
  endfacet
  facet normal 0 0 1
    outer loop
      vertex 24.9527 60.9873 63.9
      vertex 29.4273 60.9873 63.9
      vertex 25.89 63.25 63.9
    endloop
  endfacet
  facet normal 0 0 1
    outer loop
      vertex 33.9527 65.5127 63.9
      vertex 38.4273 65.5127 63.9
      vertex 33.9527 69.9873 63.9
    endloop
  endfacet
  facet normal 0 0 1
    outer loop
      vertex 38.4273 65.5127 63.9
      vertex 33.9527 65.5127 63.9
      vertex 34.89 63.25 63.9
    endloop
  endfacet
  facet normal -0 0 1
    outer loop
      vertex 31.69 69.05 63.9
      vertex 33.9527 65.5127 63.9
      vertex 33.9527 69.9873 63.9
    endloop
  endfacet
  facet normal 0 0 1
    outer loop
      vertex 31.69 69.05 63.9
      vertex 31.69 66.45 63.9
      vertex 33.9527 65.5127 63.9
    endloop
  endfacet
  facet normal 0 0 1
    outer loop
      vertex 29.4273 69.9873 63.9
      vertex 31.69 66.45 63.9
      vertex 31.69 69.05 63.9
    endloop
  endfacet
  facet normal 0 0 1
    outer loop
      vertex 29.4273 69.9873 63.9
      vertex 29.4273 65.5127 63.9
      vertex 31.69 66.45 63.9
    endloop
  endfacet
  facet normal -0 0 1
    outer loop
      vertex 25.89 72.25 63.9
      vertex 29.4273 69.9873 63.9
      vertex 28.49 72.25 63.9
    endloop
  endfacet
  facet normal 0 0 1
    outer loop
      vertex 24.9527 69.9873 63.9
      vertex 29.4273 69.9873 63.9
      vertex 25.89 72.25 63.9
    endloop
  endfacet
  facet normal 0 0 1
    outer loop
      vertex 42.9527 11.5127 63.9
      vertex 47.4273 11.5127 63.9
      vertex 42.9527 15.9873 63.9
    endloop
  endfacet
  facet normal 0 0 1
    outer loop
      vertex 47.4273 11.5127 63.9
      vertex 42.9527 11.5127 63.9
      vertex 43.89 9.25 63.9
    endloop
  endfacet
  facet normal -0 0 1
    outer loop
      vertex 40.69 15.05 63.9
      vertex 42.9527 11.5127 63.9
      vertex 42.9527 15.9873 63.9
    endloop
  endfacet
  facet normal 0 0 1
    outer loop
      vertex 40.69 15.05 63.9
      vertex 40.69 12.45 63.9
      vertex 42.9527 11.5127 63.9
    endloop
  endfacet
  facet normal 0 0 1
    outer loop
      vertex 38.4273 15.9873 63.9
      vertex 40.69 12.45 63.9
      vertex 40.69 15.05 63.9
    endloop
  endfacet
  facet normal 0 0 1
    outer loop
      vertex 38.4273 15.9873 63.9
      vertex 38.4273 11.5127 63.9
      vertex 40.69 12.45 63.9
    endloop
  endfacet
  facet normal -0 0 1
    outer loop
      vertex 34.89 18.25 63.9
      vertex 38.4273 15.9873 63.9
      vertex 37.49 18.25 63.9
    endloop
  endfacet
  facet normal 0 0 1
    outer loop
      vertex 33.9527 15.9873 63.9
      vertex 38.4273 15.9873 63.9
      vertex 34.89 18.25 63.9
    endloop
  endfacet
  facet normal 0 0 1
    outer loop
      vertex 42.9527 20.5127 63.9
      vertex 47.4273 20.5127 63.9
      vertex 42.9527 24.9873 63.9
    endloop
  endfacet
  facet normal 0 0 1
    outer loop
      vertex 47.4273 20.5127 63.9
      vertex 42.9527 20.5127 63.9
      vertex 43.89 18.25 63.9
    endloop
  endfacet
  facet normal -0 0 1
    outer loop
      vertex 40.69 24.05 63.9
      vertex 42.9527 20.5127 63.9
      vertex 42.9527 24.9873 63.9
    endloop
  endfacet
  facet normal 0 0 1
    outer loop
      vertex 40.69 24.05 63.9
      vertex 40.69 21.45 63.9
      vertex 42.9527 20.5127 63.9
    endloop
  endfacet
  facet normal 0 0 1
    outer loop
      vertex 38.4273 24.9873 63.9
      vertex 40.69 21.45 63.9
      vertex 40.69 24.05 63.9
    endloop
  endfacet
  facet normal 0 0 1
    outer loop
      vertex 38.4273 24.9873 63.9
      vertex 38.4273 20.5127 63.9
      vertex 40.69 21.45 63.9
    endloop
  endfacet
  facet normal -0 0 1
    outer loop
      vertex 34.89 27.25 63.9
      vertex 38.4273 24.9873 63.9
      vertex 37.49 27.25 63.9
    endloop
  endfacet
  facet normal 0 0 1
    outer loop
      vertex 33.9527 24.9873 63.9
      vertex 38.4273 24.9873 63.9
      vertex 34.89 27.25 63.9
    endloop
  endfacet
  facet normal 0 0 1
    outer loop
      vertex 42.9527 29.5127 63.9
      vertex 47.4273 29.5127 63.9
      vertex 42.9527 33.9873 63.9
    endloop
  endfacet
  facet normal 0 0 1
    outer loop
      vertex 47.4273 29.5127 63.9
      vertex 42.9527 29.5127 63.9
      vertex 43.89 27.25 63.9
    endloop
  endfacet
  facet normal -0 0 1
    outer loop
      vertex 40.69 33.05 63.9
      vertex 42.9527 29.5127 63.9
      vertex 42.9527 33.9873 63.9
    endloop
  endfacet
  facet normal 0 0 1
    outer loop
      vertex 40.69 33.05 63.9
      vertex 40.69 30.45 63.9
      vertex 42.9527 29.5127 63.9
    endloop
  endfacet
  facet normal 0 0 1
    outer loop
      vertex 38.4273 33.9873 63.9
      vertex 40.69 30.45 63.9
      vertex 40.69 33.05 63.9
    endloop
  endfacet
  facet normal 0 0 1
    outer loop
      vertex 38.4273 33.9873 63.9
      vertex 38.4273 29.5127 63.9
      vertex 40.69 30.45 63.9
    endloop
  endfacet
  facet normal -0 0 1
    outer loop
      vertex 34.89 36.25 63.9
      vertex 38.4273 33.9873 63.9
      vertex 37.49 36.25 63.9
    endloop
  endfacet
  facet normal 0 0 1
    outer loop
      vertex 33.9527 33.9873 63.9
      vertex 38.4273 33.9873 63.9
      vertex 34.89 36.25 63.9
    endloop
  endfacet
  facet normal 0 0 1
    outer loop
      vertex 42.9527 38.5127 63.9
      vertex 47.4273 38.5127 63.9
      vertex 42.9527 42.9873 63.9
    endloop
  endfacet
  facet normal 0 0 1
    outer loop
      vertex 47.4273 38.5127 63.9
      vertex 42.9527 38.5127 63.9
      vertex 43.89 36.25 63.9
    endloop
  endfacet
  facet normal -0 0 1
    outer loop
      vertex 40.69 42.05 63.9
      vertex 42.9527 38.5127 63.9
      vertex 42.9527 42.9873 63.9
    endloop
  endfacet
  facet normal 0 0 1
    outer loop
      vertex 40.69 42.05 63.9
      vertex 40.69 39.45 63.9
      vertex 42.9527 38.5127 63.9
    endloop
  endfacet
  facet normal 0 0 1
    outer loop
      vertex 38.4273 42.9873 63.9
      vertex 40.69 39.45 63.9
      vertex 40.69 42.05 63.9
    endloop
  endfacet
  facet normal 0 0 1
    outer loop
      vertex 38.4273 42.9873 63.9
      vertex 38.4273 38.5127 63.9
      vertex 40.69 39.45 63.9
    endloop
  endfacet
  facet normal -0 0 1
    outer loop
      vertex 34.89 45.25 63.9
      vertex 38.4273 42.9873 63.9
      vertex 37.49 45.25 63.9
    endloop
  endfacet
  facet normal 0 0 1
    outer loop
      vertex 33.9527 42.9873 63.9
      vertex 38.4273 42.9873 63.9
      vertex 34.89 45.25 63.9
    endloop
  endfacet
  facet normal 0 0 1
    outer loop
      vertex 42.9527 47.5127 63.9
      vertex 47.4273 47.5127 63.9
      vertex 42.9527 51.9873 63.9
    endloop
  endfacet
  facet normal 0 0 1
    outer loop
      vertex 47.4273 47.5127 63.9
      vertex 42.9527 47.5127 63.9
      vertex 43.89 45.25 63.9
    endloop
  endfacet
  facet normal -0 0 1
    outer loop
      vertex 40.69 51.05 63.9
      vertex 42.9527 47.5127 63.9
      vertex 42.9527 51.9873 63.9
    endloop
  endfacet
  facet normal 0 0 1
    outer loop
      vertex 40.69 51.05 63.9
      vertex 40.69 48.45 63.9
      vertex 42.9527 47.5127 63.9
    endloop
  endfacet
  facet normal 0 0 1
    outer loop
      vertex 38.4273 51.9873 63.9
      vertex 40.69 48.45 63.9
      vertex 40.69 51.05 63.9
    endloop
  endfacet
  facet normal 0 0 1
    outer loop
      vertex 38.4273 51.9873 63.9
      vertex 38.4273 47.5127 63.9
      vertex 40.69 48.45 63.9
    endloop
  endfacet
  facet normal -0 0 1
    outer loop
      vertex 34.89 54.25 63.9
      vertex 38.4273 51.9873 63.9
      vertex 37.49 54.25 63.9
    endloop
  endfacet
  facet normal 0 0 1
    outer loop
      vertex 33.9527 51.9873 63.9
      vertex 38.4273 51.9873 63.9
      vertex 34.89 54.25 63.9
    endloop
  endfacet
  facet normal 0 0 1
    outer loop
      vertex 42.9527 56.5127 63.9
      vertex 47.4273 56.5127 63.9
      vertex 42.9527 60.9873 63.9
    endloop
  endfacet
  facet normal 0 0 1
    outer loop
      vertex 47.4273 56.5127 63.9
      vertex 42.9527 56.5127 63.9
      vertex 43.89 54.25 63.9
    endloop
  endfacet
  facet normal -0 0 1
    outer loop
      vertex 40.69 60.05 63.9
      vertex 42.9527 56.5127 63.9
      vertex 42.9527 60.9873 63.9
    endloop
  endfacet
  facet normal 0 0 1
    outer loop
      vertex 40.69 60.05 63.9
      vertex 40.69 57.45 63.9
      vertex 42.9527 56.5127 63.9
    endloop
  endfacet
  facet normal 0 0 1
    outer loop
      vertex 38.4273 60.9873 63.9
      vertex 40.69 57.45 63.9
      vertex 40.69 60.05 63.9
    endloop
  endfacet
  facet normal 0 0 1
    outer loop
      vertex 38.4273 60.9873 63.9
      vertex 38.4273 56.5127 63.9
      vertex 40.69 57.45 63.9
    endloop
  endfacet
  facet normal -0 0 1
    outer loop
      vertex 34.89 63.25 63.9
      vertex 38.4273 60.9873 63.9
      vertex 37.49 63.25 63.9
    endloop
  endfacet
  facet normal 0 0 1
    outer loop
      vertex 33.9527 60.9873 63.9
      vertex 38.4273 60.9873 63.9
      vertex 34.89 63.25 63.9
    endloop
  endfacet
  facet normal 0 0 1
    outer loop
      vertex 42.9527 65.5127 63.9
      vertex 47.4273 65.5127 63.9
      vertex 42.9527 69.9873 63.9
    endloop
  endfacet
  facet normal 0 0 1
    outer loop
      vertex 47.4273 65.5127 63.9
      vertex 42.9527 65.5127 63.9
      vertex 43.89 63.25 63.9
    endloop
  endfacet
  facet normal -0 0 1
    outer loop
      vertex 40.69 69.05 63.9
      vertex 42.9527 65.5127 63.9
      vertex 42.9527 69.9873 63.9
    endloop
  endfacet
  facet normal 0 0 1
    outer loop
      vertex 40.69 69.05 63.9
      vertex 40.69 66.45 63.9
      vertex 42.9527 65.5127 63.9
    endloop
  endfacet
  facet normal 0 0 1
    outer loop
      vertex 38.4273 69.9873 63.9
      vertex 40.69 66.45 63.9
      vertex 40.69 69.05 63.9
    endloop
  endfacet
  facet normal 0 0 1
    outer loop
      vertex 38.4273 69.9873 63.9
      vertex 38.4273 65.5127 63.9
      vertex 40.69 66.45 63.9
    endloop
  endfacet
  facet normal -0 0 1
    outer loop
      vertex 34.89 72.25 63.9
      vertex 38.4273 69.9873 63.9
      vertex 37.49 72.25 63.9
    endloop
  endfacet
  facet normal 0 0 1
    outer loop
      vertex 33.9527 69.9873 63.9
      vertex 38.4273 69.9873 63.9
      vertex 34.89 72.25 63.9
    endloop
  endfacet
  facet normal 0 0 1
    outer loop
      vertex 51.9527 11.5127 63.9
      vertex 56.4273 11.5127 63.9
      vertex 51.9527 15.9873 63.9
    endloop
  endfacet
  facet normal 0 0 1
    outer loop
      vertex 56.4273 11.5127 63.9
      vertex 51.9527 11.5127 63.9
      vertex 52.89 9.25 63.9
    endloop
  endfacet
  facet normal -0 0 1
    outer loop
      vertex 49.69 15.05 63.9
      vertex 51.9527 11.5127 63.9
      vertex 51.9527 15.9873 63.9
    endloop
  endfacet
  facet normal 0 0 1
    outer loop
      vertex 49.69 15.05 63.9
      vertex 49.69 12.45 63.9
      vertex 51.9527 11.5127 63.9
    endloop
  endfacet
  facet normal 0 0 1
    outer loop
      vertex 47.4273 15.9873 63.9
      vertex 49.69 12.45 63.9
      vertex 49.69 15.05 63.9
    endloop
  endfacet
  facet normal 0 0 1
    outer loop
      vertex 47.4273 15.9873 63.9
      vertex 47.4273 11.5127 63.9
      vertex 49.69 12.45 63.9
    endloop
  endfacet
  facet normal -0 0 1
    outer loop
      vertex 43.89 18.25 63.9
      vertex 47.4273 15.9873 63.9
      vertex 46.49 18.25 63.9
    endloop
  endfacet
  facet normal 0 0 1
    outer loop
      vertex 42.9527 15.9873 63.9
      vertex 47.4273 15.9873 63.9
      vertex 43.89 18.25 63.9
    endloop
  endfacet
  facet normal 0 0 1
    outer loop
      vertex 51.9527 20.5127 63.9
      vertex 56.4273 20.5127 63.9
      vertex 51.9527 24.9873 63.9
    endloop
  endfacet
  facet normal 0 0 1
    outer loop
      vertex 56.4273 20.5127 63.9
      vertex 51.9527 20.5127 63.9
      vertex 52.89 18.25 63.9
    endloop
  endfacet
  facet normal -0 0 1
    outer loop
      vertex 49.69 24.05 63.9
      vertex 51.9527 20.5127 63.9
      vertex 51.9527 24.9873 63.9
    endloop
  endfacet
  facet normal 0 0 1
    outer loop
      vertex 49.69 24.05 63.9
      vertex 49.69 21.45 63.9
      vertex 51.9527 20.5127 63.9
    endloop
  endfacet
  facet normal 0 0 1
    outer loop
      vertex 47.4273 24.9873 63.9
      vertex 49.69 21.45 63.9
      vertex 49.69 24.05 63.9
    endloop
  endfacet
  facet normal 0 0 1
    outer loop
      vertex 47.4273 24.9873 63.9
      vertex 47.4273 20.5127 63.9
      vertex 49.69 21.45 63.9
    endloop
  endfacet
  facet normal -0 0 1
    outer loop
      vertex 43.89 27.25 63.9
      vertex 47.4273 24.9873 63.9
      vertex 46.49 27.25 63.9
    endloop
  endfacet
  facet normal 0 0 1
    outer loop
      vertex 42.9527 24.9873 63.9
      vertex 47.4273 24.9873 63.9
      vertex 43.89 27.25 63.9
    endloop
  endfacet
  facet normal 0 0 1
    outer loop
      vertex 51.9527 29.5127 63.9
      vertex 56.4273 29.5127 63.9
      vertex 51.9527 33.9873 63.9
    endloop
  endfacet
  facet normal 0 0 1
    outer loop
      vertex 56.4273 29.5127 63.9
      vertex 51.9527 29.5127 63.9
      vertex 52.89 27.25 63.9
    endloop
  endfacet
  facet normal -0 0 1
    outer loop
      vertex 49.69 33.05 63.9
      vertex 51.9527 29.5127 63.9
      vertex 51.9527 33.9873 63.9
    endloop
  endfacet
  facet normal 0 0 1
    outer loop
      vertex 49.69 33.05 63.9
      vertex 49.69 30.45 63.9
      vertex 51.9527 29.5127 63.9
    endloop
  endfacet
  facet normal 0 0 1
    outer loop
      vertex 47.4273 33.9873 63.9
      vertex 49.69 30.45 63.9
      vertex 49.69 33.05 63.9
    endloop
  endfacet
  facet normal 0 0 1
    outer loop
      vertex 47.4273 33.9873 63.9
      vertex 47.4273 29.5127 63.9
      vertex 49.69 30.45 63.9
    endloop
  endfacet
  facet normal -0 0 1
    outer loop
      vertex 43.89 36.25 63.9
      vertex 47.4273 33.9873 63.9
      vertex 46.49 36.25 63.9
    endloop
  endfacet
  facet normal 0 0 1
    outer loop
      vertex 42.9527 33.9873 63.9
      vertex 47.4273 33.9873 63.9
      vertex 43.89 36.25 63.9
    endloop
  endfacet
  facet normal 0 0 1
    outer loop
      vertex 51.9527 38.5127 63.9
      vertex 56.4273 38.5127 63.9
      vertex 51.9527 42.9873 63.9
    endloop
  endfacet
  facet normal 0 0 1
    outer loop
      vertex 56.4273 38.5127 63.9
      vertex 51.9527 38.5127 63.9
      vertex 52.89 36.25 63.9
    endloop
  endfacet
  facet normal -0 0 1
    outer loop
      vertex 49.69 42.05 63.9
      vertex 51.9527 38.5127 63.9
      vertex 51.9527 42.9873 63.9
    endloop
  endfacet
  facet normal 0 0 1
    outer loop
      vertex 49.69 42.05 63.9
      vertex 49.69 39.45 63.9
      vertex 51.9527 38.5127 63.9
    endloop
  endfacet
  facet normal 0 0 1
    outer loop
      vertex 47.4273 42.9873 63.9
      vertex 49.69 39.45 63.9
      vertex 49.69 42.05 63.9
    endloop
  endfacet
  facet normal 0 0 1
    outer loop
      vertex 47.4273 42.9873 63.9
      vertex 47.4273 38.5127 63.9
      vertex 49.69 39.45 63.9
    endloop
  endfacet
  facet normal -0 0 1
    outer loop
      vertex 43.89 45.25 63.9
      vertex 47.4273 42.9873 63.9
      vertex 46.49 45.25 63.9
    endloop
  endfacet
  facet normal 0 0 1
    outer loop
      vertex 42.9527 42.9873 63.9
      vertex 47.4273 42.9873 63.9
      vertex 43.89 45.25 63.9
    endloop
  endfacet
  facet normal 0 0 1
    outer loop
      vertex 51.9527 47.5127 63.9
      vertex 56.4273 47.5127 63.9
      vertex 51.9527 51.9873 63.9
    endloop
  endfacet
  facet normal 0 0 1
    outer loop
      vertex 56.4273 47.5127 63.9
      vertex 51.9527 47.5127 63.9
      vertex 52.89 45.25 63.9
    endloop
  endfacet
  facet normal -0 0 1
    outer loop
      vertex 49.69 51.05 63.9
      vertex 51.9527 47.5127 63.9
      vertex 51.9527 51.9873 63.9
    endloop
  endfacet
  facet normal 0 0 1
    outer loop
      vertex 49.69 51.05 63.9
      vertex 49.69 48.45 63.9
      vertex 51.9527 47.5127 63.9
    endloop
  endfacet
  facet normal 0 0 1
    outer loop
      vertex 47.4273 51.9873 63.9
      vertex 49.69 48.45 63.9
      vertex 49.69 51.05 63.9
    endloop
  endfacet
  facet normal 0 0 1
    outer loop
      vertex 47.4273 51.9873 63.9
      vertex 47.4273 47.5127 63.9
      vertex 49.69 48.45 63.9
    endloop
  endfacet
  facet normal -0 0 1
    outer loop
      vertex 43.89 54.25 63.9
      vertex 47.4273 51.9873 63.9
      vertex 46.49 54.25 63.9
    endloop
  endfacet
  facet normal 0 0 1
    outer loop
      vertex 42.9527 51.9873 63.9
      vertex 47.4273 51.9873 63.9
      vertex 43.89 54.25 63.9
    endloop
  endfacet
  facet normal 0 0 1
    outer loop
      vertex 51.9527 56.5127 63.9
      vertex 56.4273 56.5127 63.9
      vertex 51.9527 60.9873 63.9
    endloop
  endfacet
  facet normal 0 0 1
    outer loop
      vertex 56.4273 56.5127 63.9
      vertex 51.9527 56.5127 63.9
      vertex 52.89 54.25 63.9
    endloop
  endfacet
  facet normal -0 0 1
    outer loop
      vertex 49.69 60.05 63.9
      vertex 51.9527 56.5127 63.9
      vertex 51.9527 60.9873 63.9
    endloop
  endfacet
  facet normal 0 0 1
    outer loop
      vertex 49.69 60.05 63.9
      vertex 49.69 57.45 63.9
      vertex 51.9527 56.5127 63.9
    endloop
  endfacet
  facet normal 0 0 1
    outer loop
      vertex 47.4273 60.9873 63.9
      vertex 49.69 57.45 63.9
      vertex 49.69 60.05 63.9
    endloop
  endfacet
  facet normal 0 0 1
    outer loop
      vertex 47.4273 60.9873 63.9
      vertex 47.4273 56.5127 63.9
      vertex 49.69 57.45 63.9
    endloop
  endfacet
  facet normal -0 0 1
    outer loop
      vertex 43.89 63.25 63.9
      vertex 47.4273 60.9873 63.9
      vertex 46.49 63.25 63.9
    endloop
  endfacet
  facet normal 0 0 1
    outer loop
      vertex 42.9527 60.9873 63.9
      vertex 47.4273 60.9873 63.9
      vertex 43.89 63.25 63.9
    endloop
  endfacet
  facet normal 0 0 1
    outer loop
      vertex 51.9527 65.5127 63.9
      vertex 56.4273 65.5127 63.9
      vertex 51.9527 69.9873 63.9
    endloop
  endfacet
  facet normal 0 0 1
    outer loop
      vertex 56.4273 65.5127 63.9
      vertex 51.9527 65.5127 63.9
      vertex 52.89 63.25 63.9
    endloop
  endfacet
  facet normal -0 0 1
    outer loop
      vertex 49.69 69.05 63.9
      vertex 51.9527 65.5127 63.9
      vertex 51.9527 69.9873 63.9
    endloop
  endfacet
  facet normal 0 0 1
    outer loop
      vertex 49.69 69.05 63.9
      vertex 49.69 66.45 63.9
      vertex 51.9527 65.5127 63.9
    endloop
  endfacet
  facet normal 0 0 1
    outer loop
      vertex 47.4273 69.9873 63.9
      vertex 49.69 66.45 63.9
      vertex 49.69 69.05 63.9
    endloop
  endfacet
  facet normal 0 0 1
    outer loop
      vertex 47.4273 69.9873 63.9
      vertex 47.4273 65.5127 63.9
      vertex 49.69 66.45 63.9
    endloop
  endfacet
  facet normal -0 0 1
    outer loop
      vertex 43.89 72.25 63.9
      vertex 47.4273 69.9873 63.9
      vertex 46.49 72.25 63.9
    endloop
  endfacet
  facet normal 0 0 1
    outer loop
      vertex 42.9527 69.9873 63.9
      vertex 47.4273 69.9873 63.9
      vertex 43.89 72.25 63.9
    endloop
  endfacet
  facet normal 0 0 1
    outer loop
      vertex 60.9527 11.5127 63.9
      vertex 65.4273 11.5127 63.9
      vertex 60.9527 15.9873 63.9
    endloop
  endfacet
  facet normal 0 0 1
    outer loop
      vertex 65.4273 11.5127 63.9
      vertex 60.9527 11.5127 63.9
      vertex 61.89 9.25 63.9
    endloop
  endfacet
  facet normal -0 0 1
    outer loop
      vertex 58.69 15.05 63.9
      vertex 60.9527 11.5127 63.9
      vertex 60.9527 15.9873 63.9
    endloop
  endfacet
  facet normal 0 0 1
    outer loop
      vertex 58.69 15.05 63.9
      vertex 58.69 12.45 63.9
      vertex 60.9527 11.5127 63.9
    endloop
  endfacet
  facet normal 0 0 1
    outer loop
      vertex 56.4273 15.9873 63.9
      vertex 58.69 12.45 63.9
      vertex 58.69 15.05 63.9
    endloop
  endfacet
  facet normal 0 0 1
    outer loop
      vertex 56.4273 15.9873 63.9
      vertex 56.4273 11.5127 63.9
      vertex 58.69 12.45 63.9
    endloop
  endfacet
  facet normal -0 0 1
    outer loop
      vertex 52.89 18.25 63.9
      vertex 56.4273 15.9873 63.9
      vertex 55.49 18.25 63.9
    endloop
  endfacet
  facet normal 0 0 1
    outer loop
      vertex 51.9527 15.9873 63.9
      vertex 56.4273 15.9873 63.9
      vertex 52.89 18.25 63.9
    endloop
  endfacet
  facet normal 0 0 1
    outer loop
      vertex 60.9527 20.5127 63.9
      vertex 65.4273 20.5127 63.9
      vertex 60.9527 24.9873 63.9
    endloop
  endfacet
  facet normal 0 0 1
    outer loop
      vertex 65.4273 20.5127 63.9
      vertex 60.9527 20.5127 63.9
      vertex 61.89 18.25 63.9
    endloop
  endfacet
  facet normal -0 0 1
    outer loop
      vertex 58.69 24.05 63.9
      vertex 60.9527 20.5127 63.9
      vertex 60.9527 24.9873 63.9
    endloop
  endfacet
  facet normal 0 0 1
    outer loop
      vertex 58.69 24.05 63.9
      vertex 58.69 21.45 63.9
      vertex 60.9527 20.5127 63.9
    endloop
  endfacet
  facet normal 0 0 1
    outer loop
      vertex 56.4273 24.9873 63.9
      vertex 58.69 21.45 63.9
      vertex 58.69 24.05 63.9
    endloop
  endfacet
  facet normal 0 0 1
    outer loop
      vertex 56.4273 24.9873 63.9
      vertex 56.4273 20.5127 63.9
      vertex 58.69 21.45 63.9
    endloop
  endfacet
  facet normal -0 0 1
    outer loop
      vertex 52.89 27.25 63.9
      vertex 56.4273 24.9873 63.9
      vertex 55.49 27.25 63.9
    endloop
  endfacet
  facet normal 0 0 1
    outer loop
      vertex 51.9527 24.9873 63.9
      vertex 56.4273 24.9873 63.9
      vertex 52.89 27.25 63.9
    endloop
  endfacet
  facet normal 0 0 1
    outer loop
      vertex 60.9527 29.5127 63.9
      vertex 65.4273 29.5127 63.9
      vertex 60.9527 33.9873 63.9
    endloop
  endfacet
  facet normal 0 0 1
    outer loop
      vertex 65.4273 29.5127 63.9
      vertex 60.9527 29.5127 63.9
      vertex 61.89 27.25 63.9
    endloop
  endfacet
  facet normal -0 0 1
    outer loop
      vertex 58.69 33.05 63.9
      vertex 60.9527 29.5127 63.9
      vertex 60.9527 33.9873 63.9
    endloop
  endfacet
  facet normal 0 0 1
    outer loop
      vertex 58.69 33.05 63.9
      vertex 58.69 30.45 63.9
      vertex 60.9527 29.5127 63.9
    endloop
  endfacet
  facet normal 0 0 1
    outer loop
      vertex 56.4273 33.9873 63.9
      vertex 58.69 30.45 63.9
      vertex 58.69 33.05 63.9
    endloop
  endfacet
  facet normal 0 0 1
    outer loop
      vertex 56.4273 33.9873 63.9
      vertex 56.4273 29.5127 63.9
      vertex 58.69 30.45 63.9
    endloop
  endfacet
  facet normal -0 0 1
    outer loop
      vertex 52.89 36.25 63.9
      vertex 56.4273 33.9873 63.9
      vertex 55.49 36.25 63.9
    endloop
  endfacet
  facet normal 0 0 1
    outer loop
      vertex 51.9527 33.9873 63.9
      vertex 56.4273 33.9873 63.9
      vertex 52.89 36.25 63.9
    endloop
  endfacet
  facet normal 0 0 1
    outer loop
      vertex 60.9527 38.5127 63.9
      vertex 65.4273 38.5127 63.9
      vertex 60.9527 42.9873 63.9
    endloop
  endfacet
  facet normal 0 0 1
    outer loop
      vertex 65.4273 38.5127 63.9
      vertex 60.9527 38.5127 63.9
      vertex 61.89 36.25 63.9
    endloop
  endfacet
  facet normal -0 0 1
    outer loop
      vertex 58.69 42.05 63.9
      vertex 60.9527 38.5127 63.9
      vertex 60.9527 42.9873 63.9
    endloop
  endfacet
  facet normal 0 0 1
    outer loop
      vertex 58.69 42.05 63.9
      vertex 58.69 39.45 63.9
      vertex 60.9527 38.5127 63.9
    endloop
  endfacet
  facet normal 0 0 1
    outer loop
      vertex 56.4273 42.9873 63.9
      vertex 58.69 39.45 63.9
      vertex 58.69 42.05 63.9
    endloop
  endfacet
  facet normal 0 0 1
    outer loop
      vertex 56.4273 42.9873 63.9
      vertex 56.4273 38.5127 63.9
      vertex 58.69 39.45 63.9
    endloop
  endfacet
  facet normal -0 0 1
    outer loop
      vertex 52.89 45.25 63.9
      vertex 56.4273 42.9873 63.9
      vertex 55.49 45.25 63.9
    endloop
  endfacet
  facet normal 0 0 1
    outer loop
      vertex 51.9527 42.9873 63.9
      vertex 56.4273 42.9873 63.9
      vertex 52.89 45.25 63.9
    endloop
  endfacet
  facet normal 0 0 1
    outer loop
      vertex 60.9527 47.5127 63.9
      vertex 65.4273 47.5127 63.9
      vertex 60.9527 51.9873 63.9
    endloop
  endfacet
  facet normal 0 0 1
    outer loop
      vertex 65.4273 47.5127 63.9
      vertex 60.9527 47.5127 63.9
      vertex 61.89 45.25 63.9
    endloop
  endfacet
  facet normal -0 0 1
    outer loop
      vertex 58.69 51.05 63.9
      vertex 60.9527 47.5127 63.9
      vertex 60.9527 51.9873 63.9
    endloop
  endfacet
  facet normal 0 0 1
    outer loop
      vertex 58.69 51.05 63.9
      vertex 58.69 48.45 63.9
      vertex 60.9527 47.5127 63.9
    endloop
  endfacet
  facet normal 0 0 1
    outer loop
      vertex 56.4273 51.9873 63.9
      vertex 58.69 48.45 63.9
      vertex 58.69 51.05 63.9
    endloop
  endfacet
  facet normal 0 0 1
    outer loop
      vertex 56.4273 51.9873 63.9
      vertex 56.4273 47.5127 63.9
      vertex 58.69 48.45 63.9
    endloop
  endfacet
  facet normal -0 0 1
    outer loop
      vertex 52.89 54.25 63.9
      vertex 56.4273 51.9873 63.9
      vertex 55.49 54.25 63.9
    endloop
  endfacet
  facet normal 0 0 1
    outer loop
      vertex 51.9527 51.9873 63.9
      vertex 56.4273 51.9873 63.9
      vertex 52.89 54.25 63.9
    endloop
  endfacet
  facet normal 0 0 1
    outer loop
      vertex 60.9527 56.5127 63.9
      vertex 65.4273 56.5127 63.9
      vertex 60.9527 60.9873 63.9
    endloop
  endfacet
  facet normal 0 0 1
    outer loop
      vertex 65.4273 56.5127 63.9
      vertex 60.9527 56.5127 63.9
      vertex 61.89 54.25 63.9
    endloop
  endfacet
  facet normal -0 0 1
    outer loop
      vertex 58.69 60.05 63.9
      vertex 60.9527 56.5127 63.9
      vertex 60.9527 60.9873 63.9
    endloop
  endfacet
  facet normal 0 0 1
    outer loop
      vertex 58.69 60.05 63.9
      vertex 58.69 57.45 63.9
      vertex 60.9527 56.5127 63.9
    endloop
  endfacet
  facet normal 0 0 1
    outer loop
      vertex 56.4273 60.9873 63.9
      vertex 58.69 57.45 63.9
      vertex 58.69 60.05 63.9
    endloop
  endfacet
  facet normal 0 0 1
    outer loop
      vertex 56.4273 60.9873 63.9
      vertex 56.4273 56.5127 63.9
      vertex 58.69 57.45 63.9
    endloop
  endfacet
  facet normal -0 0 1
    outer loop
      vertex 52.89 63.25 63.9
      vertex 56.4273 60.9873 63.9
      vertex 55.49 63.25 63.9
    endloop
  endfacet
  facet normal 0 0 1
    outer loop
      vertex 51.9527 60.9873 63.9
      vertex 56.4273 60.9873 63.9
      vertex 52.89 63.25 63.9
    endloop
  endfacet
  facet normal 0 0 1
    outer loop
      vertex 60.9527 65.5127 63.9
      vertex 65.4273 65.5127 63.9
      vertex 60.9527 69.9873 63.9
    endloop
  endfacet
  facet normal 0 0 1
    outer loop
      vertex 65.4273 65.5127 63.9
      vertex 60.9527 65.5127 63.9
      vertex 61.89 63.25 63.9
    endloop
  endfacet
  facet normal -0 0 1
    outer loop
      vertex 58.69 69.05 63.9
      vertex 60.9527 65.5127 63.9
      vertex 60.9527 69.9873 63.9
    endloop
  endfacet
  facet normal 0 0 1
    outer loop
      vertex 58.69 69.05 63.9
      vertex 58.69 66.45 63.9
      vertex 60.9527 65.5127 63.9
    endloop
  endfacet
  facet normal 0 0 1
    outer loop
      vertex 56.4273 69.9873 63.9
      vertex 58.69 66.45 63.9
      vertex 58.69 69.05 63.9
    endloop
  endfacet
  facet normal 0 0 1
    outer loop
      vertex 56.4273 69.9873 63.9
      vertex 56.4273 65.5127 63.9
      vertex 58.69 66.45 63.9
    endloop
  endfacet
  facet normal -0 0 1
    outer loop
      vertex 52.89 72.25 63.9
      vertex 56.4273 69.9873 63.9
      vertex 55.49 72.25 63.9
    endloop
  endfacet
  facet normal 0 0 1
    outer loop
      vertex 51.9527 69.9873 63.9
      vertex 56.4273 69.9873 63.9
      vertex 52.89 72.25 63.9
    endloop
  endfacet
  facet normal 0 0 1
    outer loop
      vertex 69.9527 11.5127 63.9
      vertex 74.4273 11.5127 63.9
      vertex 69.9527 15.9873 63.9
    endloop
  endfacet
  facet normal 0 0 1
    outer loop
      vertex 74.4273 11.5127 63.9
      vertex 69.9527 11.5127 63.9
      vertex 70.89 9.25 63.9
    endloop
  endfacet
  facet normal -0 0 1
    outer loop
      vertex 67.69 15.05 63.9
      vertex 69.9527 11.5127 63.9
      vertex 69.9527 15.9873 63.9
    endloop
  endfacet
  facet normal 0 0 1
    outer loop
      vertex 67.69 15.05 63.9
      vertex 67.69 12.45 63.9
      vertex 69.9527 11.5127 63.9
    endloop
  endfacet
  facet normal 0 0 1
    outer loop
      vertex 65.4273 15.9873 63.9
      vertex 67.69 12.45 63.9
      vertex 67.69 15.05 63.9
    endloop
  endfacet
  facet normal 0 0 1
    outer loop
      vertex 65.4273 15.9873 63.9
      vertex 65.4273 11.5127 63.9
      vertex 67.69 12.45 63.9
    endloop
  endfacet
  facet normal -0 0 1
    outer loop
      vertex 61.89 18.25 63.9
      vertex 65.4273 15.9873 63.9
      vertex 64.49 18.25 63.9
    endloop
  endfacet
  facet normal 0 0 1
    outer loop
      vertex 60.9527 15.9873 63.9
      vertex 65.4273 15.9873 63.9
      vertex 61.89 18.25 63.9
    endloop
  endfacet
  facet normal 0 0 1
    outer loop
      vertex 69.9527 20.5127 63.9
      vertex 74.4273 20.5127 63.9
      vertex 69.9527 24.9873 63.9
    endloop
  endfacet
  facet normal 0 0 1
    outer loop
      vertex 74.4273 20.5127 63.9
      vertex 69.9527 20.5127 63.9
      vertex 70.89 18.25 63.9
    endloop
  endfacet
  facet normal -0 0 1
    outer loop
      vertex 67.69 24.05 63.9
      vertex 69.9527 20.5127 63.9
      vertex 69.9527 24.9873 63.9
    endloop
  endfacet
  facet normal 0 0 1
    outer loop
      vertex 67.69 24.05 63.9
      vertex 67.69 21.45 63.9
      vertex 69.9527 20.5127 63.9
    endloop
  endfacet
  facet normal 0 0 1
    outer loop
      vertex 65.4273 24.9873 63.9
      vertex 67.69 21.45 63.9
      vertex 67.69 24.05 63.9
    endloop
  endfacet
  facet normal 0 0 1
    outer loop
      vertex 65.4273 24.9873 63.9
      vertex 65.4273 20.5127 63.9
      vertex 67.69 21.45 63.9
    endloop
  endfacet
  facet normal -0 0 1
    outer loop
      vertex 61.89 27.25 63.9
      vertex 65.4273 24.9873 63.9
      vertex 64.49 27.25 63.9
    endloop
  endfacet
  facet normal 0 0 1
    outer loop
      vertex 60.9527 24.9873 63.9
      vertex 65.4273 24.9873 63.9
      vertex 61.89 27.25 63.9
    endloop
  endfacet
  facet normal 0 0 1
    outer loop
      vertex 69.9527 29.5127 63.9
      vertex 74.4273 29.5127 63.9
      vertex 69.9527 33.9873 63.9
    endloop
  endfacet
  facet normal 0 0 1
    outer loop
      vertex 74.4273 29.5127 63.9
      vertex 69.9527 29.5127 63.9
      vertex 70.89 27.25 63.9
    endloop
  endfacet
  facet normal -0 0 1
    outer loop
      vertex 67.69 33.05 63.9
      vertex 69.9527 29.5127 63.9
      vertex 69.9527 33.9873 63.9
    endloop
  endfacet
  facet normal 0 0 1
    outer loop
      vertex 67.69 33.05 63.9
      vertex 67.69 30.45 63.9
      vertex 69.9527 29.5127 63.9
    endloop
  endfacet
  facet normal 0 0 1
    outer loop
      vertex 65.4273 33.9873 63.9
      vertex 67.69 30.45 63.9
      vertex 67.69 33.05 63.9
    endloop
  endfacet
  facet normal 0 0 1
    outer loop
      vertex 65.4273 33.9873 63.9
      vertex 65.4273 29.5127 63.9
      vertex 67.69 30.45 63.9
    endloop
  endfacet
  facet normal -0 0 1
    outer loop
      vertex 61.89 36.25 63.9
      vertex 65.4273 33.9873 63.9
      vertex 64.49 36.25 63.9
    endloop
  endfacet
  facet normal 0 0 1
    outer loop
      vertex 60.9527 33.9873 63.9
      vertex 65.4273 33.9873 63.9
      vertex 61.89 36.25 63.9
    endloop
  endfacet
  facet normal 0 0 1
    outer loop
      vertex 69.9527 38.5127 63.9
      vertex 74.4273 38.5127 63.9
      vertex 69.9527 42.9873 63.9
    endloop
  endfacet
  facet normal 0 0 1
    outer loop
      vertex 74.4273 38.5127 63.9
      vertex 69.9527 38.5127 63.9
      vertex 70.89 36.25 63.9
    endloop
  endfacet
  facet normal -0 0 1
    outer loop
      vertex 67.69 42.05 63.9
      vertex 69.9527 38.5127 63.9
      vertex 69.9527 42.9873 63.9
    endloop
  endfacet
  facet normal 0 0 1
    outer loop
      vertex 67.69 42.05 63.9
      vertex 67.69 39.45 63.9
      vertex 69.9527 38.5127 63.9
    endloop
  endfacet
  facet normal 0 0 1
    outer loop
      vertex 65.4273 42.9873 63.9
      vertex 67.69 39.45 63.9
      vertex 67.69 42.05 63.9
    endloop
  endfacet
  facet normal 0 0 1
    outer loop
      vertex 65.4273 42.9873 63.9
      vertex 65.4273 38.5127 63.9
      vertex 67.69 39.45 63.9
    endloop
  endfacet
  facet normal -0 0 1
    outer loop
      vertex 61.89 45.25 63.9
      vertex 65.4273 42.9873 63.9
      vertex 64.49 45.25 63.9
    endloop
  endfacet
  facet normal 0 0 1
    outer loop
      vertex 60.9527 42.9873 63.9
      vertex 65.4273 42.9873 63.9
      vertex 61.89 45.25 63.9
    endloop
  endfacet
  facet normal 0 0 1
    outer loop
      vertex 69.9527 47.5127 63.9
      vertex 74.4273 47.5127 63.9
      vertex 69.9527 51.9873 63.9
    endloop
  endfacet
  facet normal 0 0 1
    outer loop
      vertex 74.4273 47.5127 63.9
      vertex 69.9527 47.5127 63.9
      vertex 70.89 45.25 63.9
    endloop
  endfacet
  facet normal -0 0 1
    outer loop
      vertex 67.69 51.05 63.9
      vertex 69.9527 47.5127 63.9
      vertex 69.9527 51.9873 63.9
    endloop
  endfacet
  facet normal 0 0 1
    outer loop
      vertex 67.69 51.05 63.9
      vertex 67.69 48.45 63.9
      vertex 69.9527 47.5127 63.9
    endloop
  endfacet
  facet normal 0 0 1
    outer loop
      vertex 65.4273 51.9873 63.9
      vertex 67.69 48.45 63.9
      vertex 67.69 51.05 63.9
    endloop
  endfacet
  facet normal 0 0 1
    outer loop
      vertex 65.4273 51.9873 63.9
      vertex 65.4273 47.5127 63.9
      vertex 67.69 48.45 63.9
    endloop
  endfacet
  facet normal -0 0 1
    outer loop
      vertex 61.89 54.25 63.9
      vertex 65.4273 51.9873 63.9
      vertex 64.49 54.25 63.9
    endloop
  endfacet
  facet normal 0 0 1
    outer loop
      vertex 60.9527 51.9873 63.9
      vertex 65.4273 51.9873 63.9
      vertex 61.89 54.25 63.9
    endloop
  endfacet
  facet normal 0 0 1
    outer loop
      vertex 69.9527 56.5127 63.9
      vertex 74.4273 56.5127 63.9
      vertex 69.9527 60.9873 63.9
    endloop
  endfacet
  facet normal 0 0 1
    outer loop
      vertex 74.4273 56.5127 63.9
      vertex 69.9527 56.5127 63.9
      vertex 70.89 54.25 63.9
    endloop
  endfacet
  facet normal -0 0 1
    outer loop
      vertex 67.69 60.05 63.9
      vertex 69.9527 56.5127 63.9
      vertex 69.9527 60.9873 63.9
    endloop
  endfacet
  facet normal 0 0 1
    outer loop
      vertex 67.69 60.05 63.9
      vertex 67.69 57.45 63.9
      vertex 69.9527 56.5127 63.9
    endloop
  endfacet
  facet normal 0 0 1
    outer loop
      vertex 65.4273 60.9873 63.9
      vertex 67.69 57.45 63.9
      vertex 67.69 60.05 63.9
    endloop
  endfacet
  facet normal 0 0 1
    outer loop
      vertex 65.4273 60.9873 63.9
      vertex 65.4273 56.5127 63.9
      vertex 67.69 57.45 63.9
    endloop
  endfacet
  facet normal -0 0 1
    outer loop
      vertex 61.89 63.25 63.9
      vertex 65.4273 60.9873 63.9
      vertex 64.49 63.25 63.9
    endloop
  endfacet
  facet normal 0 0 1
    outer loop
      vertex 60.9527 60.9873 63.9
      vertex 65.4273 60.9873 63.9
      vertex 61.89 63.25 63.9
    endloop
  endfacet
  facet normal 0 0 1
    outer loop
      vertex 69.9527 65.5127 63.9
      vertex 74.4273 65.5127 63.9
      vertex 69.9527 69.9873 63.9
    endloop
  endfacet
  facet normal 0 0 1
    outer loop
      vertex 74.4273 65.5127 63.9
      vertex 69.9527 65.5127 63.9
      vertex 70.89 63.25 63.9
    endloop
  endfacet
  facet normal -0 0 1
    outer loop
      vertex 67.69 69.05 63.9
      vertex 69.9527 65.5127 63.9
      vertex 69.9527 69.9873 63.9
    endloop
  endfacet
  facet normal 0 0 1
    outer loop
      vertex 67.69 69.05 63.9
      vertex 67.69 66.45 63.9
      vertex 69.9527 65.5127 63.9
    endloop
  endfacet
  facet normal 0 0 1
    outer loop
      vertex 65.4273 69.9873 63.9
      vertex 67.69 66.45 63.9
      vertex 67.69 69.05 63.9
    endloop
  endfacet
  facet normal 0 0 1
    outer loop
      vertex 65.4273 69.9873 63.9
      vertex 65.4273 65.5127 63.9
      vertex 67.69 66.45 63.9
    endloop
  endfacet
  facet normal -0 0 1
    outer loop
      vertex 61.89 72.25 63.9
      vertex 65.4273 69.9873 63.9
      vertex 64.49 72.25 63.9
    endloop
  endfacet
  facet normal 0 0 1
    outer loop
      vertex 60.9527 69.9873 63.9
      vertex 65.4273 69.9873 63.9
      vertex 61.89 72.25 63.9
    endloop
  endfacet
  facet normal 0 0 1
    outer loop
      vertex 78.9527 11.5127 63.9
      vertex 83.4273 11.5127 63.9
      vertex 78.9527 15.9873 63.9
    endloop
  endfacet
  facet normal 0 0 1
    outer loop
      vertex 83.4273 11.5127 63.9
      vertex 78.9527 11.5127 63.9
      vertex 79.89 9.25 63.9
    endloop
  endfacet
  facet normal -0 0 1
    outer loop
      vertex 76.69 15.05 63.9
      vertex 78.9527 11.5127 63.9
      vertex 78.9527 15.9873 63.9
    endloop
  endfacet
  facet normal 0 0 1
    outer loop
      vertex 76.69 15.05 63.9
      vertex 76.69 12.45 63.9
      vertex 78.9527 11.5127 63.9
    endloop
  endfacet
  facet normal 0 0 1
    outer loop
      vertex 74.4273 15.9873 63.9
      vertex 76.69 12.45 63.9
      vertex 76.69 15.05 63.9
    endloop
  endfacet
  facet normal 0 0 1
    outer loop
      vertex 74.4273 15.9873 63.9
      vertex 74.4273 11.5127 63.9
      vertex 76.69 12.45 63.9
    endloop
  endfacet
  facet normal -0 0 1
    outer loop
      vertex 70.89 18.25 63.9
      vertex 74.4273 15.9873 63.9
      vertex 73.49 18.25 63.9
    endloop
  endfacet
  facet normal 0 0 1
    outer loop
      vertex 69.9527 15.9873 63.9
      vertex 74.4273 15.9873 63.9
      vertex 70.89 18.25 63.9
    endloop
  endfacet
  facet normal 0 0 1
    outer loop
      vertex 78.9527 20.5127 63.9
      vertex 83.4273 20.5127 63.9
      vertex 78.9527 24.9873 63.9
    endloop
  endfacet
  facet normal 0 0 1
    outer loop
      vertex 83.4273 20.5127 63.9
      vertex 78.9527 20.5127 63.9
      vertex 79.89 18.25 63.9
    endloop
  endfacet
  facet normal -0 0 1
    outer loop
      vertex 76.69 24.05 63.9
      vertex 78.9527 20.5127 63.9
      vertex 78.9527 24.9873 63.9
    endloop
  endfacet
  facet normal 0 0 1
    outer loop
      vertex 76.69 24.05 63.9
      vertex 76.69 21.45 63.9
      vertex 78.9527 20.5127 63.9
    endloop
  endfacet
  facet normal 0 0 1
    outer loop
      vertex 74.4273 24.9873 63.9
      vertex 76.69 21.45 63.9
      vertex 76.69 24.05 63.9
    endloop
  endfacet
  facet normal 0 0 1
    outer loop
      vertex 74.4273 24.9873 63.9
      vertex 74.4273 20.5127 63.9
      vertex 76.69 21.45 63.9
    endloop
  endfacet
  facet normal -0 0 1
    outer loop
      vertex 70.89 27.25 63.9
      vertex 74.4273 24.9873 63.9
      vertex 73.49 27.25 63.9
    endloop
  endfacet
  facet normal 0 0 1
    outer loop
      vertex 69.9527 24.9873 63.9
      vertex 74.4273 24.9873 63.9
      vertex 70.89 27.25 63.9
    endloop
  endfacet
  facet normal 0 0 1
    outer loop
      vertex 78.9527 29.5127 63.9
      vertex 83.4273 29.5127 63.9
      vertex 78.9527 33.9873 63.9
    endloop
  endfacet
  facet normal 0 0 1
    outer loop
      vertex 83.4273 29.5127 63.9
      vertex 78.9527 29.5127 63.9
      vertex 79.89 27.25 63.9
    endloop
  endfacet
  facet normal -0 0 1
    outer loop
      vertex 76.69 33.05 63.9
      vertex 78.9527 29.5127 63.9
      vertex 78.9527 33.9873 63.9
    endloop
  endfacet
  facet normal 0 0 1
    outer loop
      vertex 76.69 33.05 63.9
      vertex 76.69 30.45 63.9
      vertex 78.9527 29.5127 63.9
    endloop
  endfacet
  facet normal 0 0 1
    outer loop
      vertex 74.4273 33.9873 63.9
      vertex 76.69 30.45 63.9
      vertex 76.69 33.05 63.9
    endloop
  endfacet
  facet normal 0 0 1
    outer loop
      vertex 74.4273 33.9873 63.9
      vertex 74.4273 29.5127 63.9
      vertex 76.69 30.45 63.9
    endloop
  endfacet
  facet normal -0 0 1
    outer loop
      vertex 70.89 36.25 63.9
      vertex 74.4273 33.9873 63.9
      vertex 73.49 36.25 63.9
    endloop
  endfacet
  facet normal 0 0 1
    outer loop
      vertex 69.9527 33.9873 63.9
      vertex 74.4273 33.9873 63.9
      vertex 70.89 36.25 63.9
    endloop
  endfacet
  facet normal 0 0 1
    outer loop
      vertex 78.9527 38.5127 63.9
      vertex 83.4273 38.5127 63.9
      vertex 78.9527 42.9873 63.9
    endloop
  endfacet
  facet normal 0 0 1
    outer loop
      vertex 83.4273 38.5127 63.9
      vertex 78.9527 38.5127 63.9
      vertex 79.89 36.25 63.9
    endloop
  endfacet
  facet normal -0 0 1
    outer loop
      vertex 76.69 42.05 63.9
      vertex 78.9527 38.5127 63.9
      vertex 78.9527 42.9873 63.9
    endloop
  endfacet
  facet normal 0 0 1
    outer loop
      vertex 76.69 42.05 63.9
      vertex 76.69 39.45 63.9
      vertex 78.9527 38.5127 63.9
    endloop
  endfacet
  facet normal 0 0 1
    outer loop
      vertex 74.4273 42.9873 63.9
      vertex 76.69 39.45 63.9
      vertex 76.69 42.05 63.9
    endloop
  endfacet
  facet normal 0 0 1
    outer loop
      vertex 74.4273 42.9873 63.9
      vertex 74.4273 38.5127 63.9
      vertex 76.69 39.45 63.9
    endloop
  endfacet
  facet normal -0 0 1
    outer loop
      vertex 70.89 45.25 63.9
      vertex 74.4273 42.9873 63.9
      vertex 73.49 45.25 63.9
    endloop
  endfacet
  facet normal 0 0 1
    outer loop
      vertex 69.9527 42.9873 63.9
      vertex 74.4273 42.9873 63.9
      vertex 70.89 45.25 63.9
    endloop
  endfacet
  facet normal 0 0 1
    outer loop
      vertex 78.9527 47.5127 63.9
      vertex 83.4273 47.5127 63.9
      vertex 78.9527 51.9873 63.9
    endloop
  endfacet
  facet normal 0 0 1
    outer loop
      vertex 83.4273 47.5127 63.9
      vertex 78.9527 47.5127 63.9
      vertex 79.89 45.25 63.9
    endloop
  endfacet
  facet normal -0 0 1
    outer loop
      vertex 76.69 51.05 63.9
      vertex 78.9527 47.5127 63.9
      vertex 78.9527 51.9873 63.9
    endloop
  endfacet
  facet normal 0 0 1
    outer loop
      vertex 76.69 51.05 63.9
      vertex 76.69 48.45 63.9
      vertex 78.9527 47.5127 63.9
    endloop
  endfacet
  facet normal 0 0 1
    outer loop
      vertex 74.4273 51.9873 63.9
      vertex 76.69 48.45 63.9
      vertex 76.69 51.05 63.9
    endloop
  endfacet
  facet normal 0 0 1
    outer loop
      vertex 74.4273 51.9873 63.9
      vertex 74.4273 47.5127 63.9
      vertex 76.69 48.45 63.9
    endloop
  endfacet
  facet normal -0 0 1
    outer loop
      vertex 70.89 54.25 63.9
      vertex 74.4273 51.9873 63.9
      vertex 73.49 54.25 63.9
    endloop
  endfacet
  facet normal 0 0 1
    outer loop
      vertex 69.9527 51.9873 63.9
      vertex 74.4273 51.9873 63.9
      vertex 70.89 54.25 63.9
    endloop
  endfacet
  facet normal 0 0 1
    outer loop
      vertex 78.9527 56.5127 63.9
      vertex 83.4273 56.5127 63.9
      vertex 78.9527 60.9873 63.9
    endloop
  endfacet
  facet normal 0 0 1
    outer loop
      vertex 83.4273 56.5127 63.9
      vertex 78.9527 56.5127 63.9
      vertex 79.89 54.25 63.9
    endloop
  endfacet
  facet normal -0 0 1
    outer loop
      vertex 76.69 60.05 63.9
      vertex 78.9527 56.5127 63.9
      vertex 78.9527 60.9873 63.9
    endloop
  endfacet
  facet normal 0 0 1
    outer loop
      vertex 76.69 60.05 63.9
      vertex 76.69 57.45 63.9
      vertex 78.9527 56.5127 63.9
    endloop
  endfacet
  facet normal 0 0 1
    outer loop
      vertex 74.4273 60.9873 63.9
      vertex 76.69 57.45 63.9
      vertex 76.69 60.05 63.9
    endloop
  endfacet
  facet normal 0 0 1
    outer loop
      vertex 74.4273 60.9873 63.9
      vertex 74.4273 56.5127 63.9
      vertex 76.69 57.45 63.9
    endloop
  endfacet
  facet normal -0 0 1
    outer loop
      vertex 70.89 63.25 63.9
      vertex 74.4273 60.9873 63.9
      vertex 73.49 63.25 63.9
    endloop
  endfacet
  facet normal 0 0 1
    outer loop
      vertex 69.9527 60.9873 63.9
      vertex 74.4273 60.9873 63.9
      vertex 70.89 63.25 63.9
    endloop
  endfacet
  facet normal 0 0 1
    outer loop
      vertex 78.9527 65.5127 63.9
      vertex 83.4273 65.5127 63.9
      vertex 78.9527 69.9873 63.9
    endloop
  endfacet
  facet normal 0 0 1
    outer loop
      vertex 83.4273 65.5127 63.9
      vertex 78.9527 65.5127 63.9
      vertex 79.89 63.25 63.9
    endloop
  endfacet
  facet normal -0 0 1
    outer loop
      vertex 76.69 69.05 63.9
      vertex 78.9527 65.5127 63.9
      vertex 78.9527 69.9873 63.9
    endloop
  endfacet
  facet normal 0 0 1
    outer loop
      vertex 76.69 69.05 63.9
      vertex 76.69 66.45 63.9
      vertex 78.9527 65.5127 63.9
    endloop
  endfacet
  facet normal 0 0 1
    outer loop
      vertex 74.4273 69.9873 63.9
      vertex 76.69 66.45 63.9
      vertex 76.69 69.05 63.9
    endloop
  endfacet
  facet normal 0 0 1
    outer loop
      vertex 74.4273 69.9873 63.9
      vertex 74.4273 65.5127 63.9
      vertex 76.69 66.45 63.9
    endloop
  endfacet
  facet normal -0 0 1
    outer loop
      vertex 70.89 72.25 63.9
      vertex 74.4273 69.9873 63.9
      vertex 73.49 72.25 63.9
    endloop
  endfacet
  facet normal 0 0 1
    outer loop
      vertex 69.9527 69.9873 63.9
      vertex 74.4273 69.9873 63.9
      vertex 70.89 72.25 63.9
    endloop
  endfacet
  facet normal 0 0 1
    outer loop
      vertex 87.9527 11.5127 63.9
      vertex 92.4273 11.5127 63.9
      vertex 87.9527 15.9873 63.9
    endloop
  endfacet
  facet normal 0 0 1
    outer loop
      vertex 92.4273 11.5127 63.9
      vertex 87.9527 11.5127 63.9
      vertex 88.89 9.25 63.9
    endloop
  endfacet
  facet normal -0 0 1
    outer loop
      vertex 85.69 15.05 63.9
      vertex 87.9527 11.5127 63.9
      vertex 87.9527 15.9873 63.9
    endloop
  endfacet
  facet normal 0 0 1
    outer loop
      vertex 85.69 15.05 63.9
      vertex 85.69 12.45 63.9
      vertex 87.9527 11.5127 63.9
    endloop
  endfacet
  facet normal 0 0 1
    outer loop
      vertex 83.4273 15.9873 63.9
      vertex 85.69 12.45 63.9
      vertex 85.69 15.05 63.9
    endloop
  endfacet
  facet normal 0 0 1
    outer loop
      vertex 83.4273 15.9873 63.9
      vertex 83.4273 11.5127 63.9
      vertex 85.69 12.45 63.9
    endloop
  endfacet
  facet normal -0 0 1
    outer loop
      vertex 79.89 18.25 63.9
      vertex 83.4273 15.9873 63.9
      vertex 82.49 18.25 63.9
    endloop
  endfacet
  facet normal 0 0 1
    outer loop
      vertex 78.9527 15.9873 63.9
      vertex 83.4273 15.9873 63.9
      vertex 79.89 18.25 63.9
    endloop
  endfacet
  facet normal 0 0 1
    outer loop
      vertex 87.9527 20.5127 63.9
      vertex 92.4273 20.5127 63.9
      vertex 87.9527 24.9873 63.9
    endloop
  endfacet
  facet normal 0 0 1
    outer loop
      vertex 92.4273 20.5127 63.9
      vertex 87.9527 20.5127 63.9
      vertex 88.89 18.25 63.9
    endloop
  endfacet
  facet normal -0 0 1
    outer loop
      vertex 85.69 24.05 63.9
      vertex 87.9527 20.5127 63.9
      vertex 87.9527 24.9873 63.9
    endloop
  endfacet
  facet normal 0 0 1
    outer loop
      vertex 85.69 24.05 63.9
      vertex 85.69 21.45 63.9
      vertex 87.9527 20.5127 63.9
    endloop
  endfacet
  facet normal 0 0 1
    outer loop
      vertex 83.4273 24.9873 63.9
      vertex 85.69 21.45 63.9
      vertex 85.69 24.05 63.9
    endloop
  endfacet
  facet normal 0 0 1
    outer loop
      vertex 83.4273 24.9873 63.9
      vertex 83.4273 20.5127 63.9
      vertex 85.69 21.45 63.9
    endloop
  endfacet
  facet normal -0 0 1
    outer loop
      vertex 79.89 27.25 63.9
      vertex 83.4273 24.9873 63.9
      vertex 82.49 27.25 63.9
    endloop
  endfacet
  facet normal 0 0 1
    outer loop
      vertex 78.9527 24.9873 63.9
      vertex 83.4273 24.9873 63.9
      vertex 79.89 27.25 63.9
    endloop
  endfacet
  facet normal 0 0 1
    outer loop
      vertex 87.9527 29.5127 63.9
      vertex 92.4273 29.5127 63.9
      vertex 87.9527 33.9873 63.9
    endloop
  endfacet
  facet normal 0 0 1
    outer loop
      vertex 92.4273 29.5127 63.9
      vertex 87.9527 29.5127 63.9
      vertex 88.89 27.25 63.9
    endloop
  endfacet
  facet normal -0 0 1
    outer loop
      vertex 85.69 33.05 63.9
      vertex 87.9527 29.5127 63.9
      vertex 87.9527 33.9873 63.9
    endloop
  endfacet
  facet normal 0 0 1
    outer loop
      vertex 85.69 33.05 63.9
      vertex 85.69 30.45 63.9
      vertex 87.9527 29.5127 63.9
    endloop
  endfacet
  facet normal 0 0 1
    outer loop
      vertex 83.4273 33.9873 63.9
      vertex 85.69 30.45 63.9
      vertex 85.69 33.05 63.9
    endloop
  endfacet
  facet normal 0 0 1
    outer loop
      vertex 83.4273 33.9873 63.9
      vertex 83.4273 29.5127 63.9
      vertex 85.69 30.45 63.9
    endloop
  endfacet
  facet normal -0 0 1
    outer loop
      vertex 79.89 36.25 63.9
      vertex 83.4273 33.9873 63.9
      vertex 82.49 36.25 63.9
    endloop
  endfacet
  facet normal 0 0 1
    outer loop
      vertex 78.9527 33.9873 63.9
      vertex 83.4273 33.9873 63.9
      vertex 79.89 36.25 63.9
    endloop
  endfacet
  facet normal 0 0 1
    outer loop
      vertex 87.9527 38.5127 63.9
      vertex 92.4273 38.5127 63.9
      vertex 87.9527 42.9873 63.9
    endloop
  endfacet
  facet normal 0 0 1
    outer loop
      vertex 92.4273 38.5127 63.9
      vertex 87.9527 38.5127 63.9
      vertex 88.89 36.25 63.9
    endloop
  endfacet
  facet normal -0 0 1
    outer loop
      vertex 85.69 42.05 63.9
      vertex 87.9527 38.5127 63.9
      vertex 87.9527 42.9873 63.9
    endloop
  endfacet
  facet normal 0 0 1
    outer loop
      vertex 85.69 42.05 63.9
      vertex 85.69 39.45 63.9
      vertex 87.9527 38.5127 63.9
    endloop
  endfacet
  facet normal 0 0 1
    outer loop
      vertex 83.4273 42.9873 63.9
      vertex 85.69 39.45 63.9
      vertex 85.69 42.05 63.9
    endloop
  endfacet
  facet normal 0 0 1
    outer loop
      vertex 83.4273 42.9873 63.9
      vertex 83.4273 38.5127 63.9
      vertex 85.69 39.45 63.9
    endloop
  endfacet
  facet normal -0 0 1
    outer loop
      vertex 79.89 45.25 63.9
      vertex 83.4273 42.9873 63.9
      vertex 82.49 45.25 63.9
    endloop
  endfacet
  facet normal 0 0 1
    outer loop
      vertex 78.9527 42.9873 63.9
      vertex 83.4273 42.9873 63.9
      vertex 79.89 45.25 63.9
    endloop
  endfacet
  facet normal 0 0 1
    outer loop
      vertex 87.9527 47.5127 63.9
      vertex 92.4273 47.5127 63.9
      vertex 87.9527 51.9873 63.9
    endloop
  endfacet
  facet normal 0 0 1
    outer loop
      vertex 92.4273 47.5127 63.9
      vertex 87.9527 47.5127 63.9
      vertex 88.89 45.25 63.9
    endloop
  endfacet
  facet normal -0 0 1
    outer loop
      vertex 85.69 51.05 63.9
      vertex 87.9527 47.5127 63.9
      vertex 87.9527 51.9873 63.9
    endloop
  endfacet
  facet normal 0 0 1
    outer loop
      vertex 85.69 51.05 63.9
      vertex 85.69 48.45 63.9
      vertex 87.9527 47.5127 63.9
    endloop
  endfacet
  facet normal 0 0 1
    outer loop
      vertex 83.4273 51.9873 63.9
      vertex 85.69 48.45 63.9
      vertex 85.69 51.05 63.9
    endloop
  endfacet
  facet normal 0 0 1
    outer loop
      vertex 83.4273 51.9873 63.9
      vertex 83.4273 47.5127 63.9
      vertex 85.69 48.45 63.9
    endloop
  endfacet
  facet normal -0 0 1
    outer loop
      vertex 79.89 54.25 63.9
      vertex 83.4273 51.9873 63.9
      vertex 82.49 54.25 63.9
    endloop
  endfacet
  facet normal 0 0 1
    outer loop
      vertex 78.9527 51.9873 63.9
      vertex 83.4273 51.9873 63.9
      vertex 79.89 54.25 63.9
    endloop
  endfacet
  facet normal 0 0 1
    outer loop
      vertex 87.9527 56.5127 63.9
      vertex 92.4273 56.5127 63.9
      vertex 87.9527 60.9873 63.9
    endloop
  endfacet
  facet normal 0 0 1
    outer loop
      vertex 92.4273 56.5127 63.9
      vertex 87.9527 56.5127 63.9
      vertex 88.89 54.25 63.9
    endloop
  endfacet
  facet normal -0 0 1
    outer loop
      vertex 85.69 60.05 63.9
      vertex 87.9527 56.5127 63.9
      vertex 87.9527 60.9873 63.9
    endloop
  endfacet
  facet normal 0 0 1
    outer loop
      vertex 85.69 60.05 63.9
      vertex 85.69 57.45 63.9
      vertex 87.9527 56.5127 63.9
    endloop
  endfacet
  facet normal 0 0 1
    outer loop
      vertex 83.4273 60.9873 63.9
      vertex 85.69 57.45 63.9
      vertex 85.69 60.05 63.9
    endloop
  endfacet
  facet normal 0 0 1
    outer loop
      vertex 83.4273 60.9873 63.9
      vertex 83.4273 56.5127 63.9
      vertex 85.69 57.45 63.9
    endloop
  endfacet
  facet normal -0 0 1
    outer loop
      vertex 79.89 63.25 63.9
      vertex 83.4273 60.9873 63.9
      vertex 82.49 63.25 63.9
    endloop
  endfacet
  facet normal 0 0 1
    outer loop
      vertex 78.9527 60.9873 63.9
      vertex 83.4273 60.9873 63.9
      vertex 79.89 63.25 63.9
    endloop
  endfacet
  facet normal 0 0 1
    outer loop
      vertex 87.9527 65.5127 63.9
      vertex 92.4273 65.5127 63.9
      vertex 87.9527 69.9873 63.9
    endloop
  endfacet
  facet normal 0 0 1
    outer loop
      vertex 92.4273 65.5127 63.9
      vertex 87.9527 65.5127 63.9
      vertex 88.89 63.25 63.9
    endloop
  endfacet
  facet normal -0 0 1
    outer loop
      vertex 85.69 69.05 63.9
      vertex 87.9527 65.5127 63.9
      vertex 87.9527 69.9873 63.9
    endloop
  endfacet
  facet normal 0 0 1
    outer loop
      vertex 85.69 69.05 63.9
      vertex 85.69 66.45 63.9
      vertex 87.9527 65.5127 63.9
    endloop
  endfacet
  facet normal 0 0 1
    outer loop
      vertex 83.4273 69.9873 63.9
      vertex 85.69 66.45 63.9
      vertex 85.69 69.05 63.9
    endloop
  endfacet
  facet normal 0 0 1
    outer loop
      vertex 83.4273 69.9873 63.9
      vertex 83.4273 65.5127 63.9
      vertex 85.69 66.45 63.9
    endloop
  endfacet
  facet normal -0 0 1
    outer loop
      vertex 79.89 72.25 63.9
      vertex 83.4273 69.9873 63.9
      vertex 82.49 72.25 63.9
    endloop
  endfacet
  facet normal 0 0 1
    outer loop
      vertex 78.9527 69.9873 63.9
      vertex 83.4273 69.9873 63.9
      vertex 79.89 72.25 63.9
    endloop
  endfacet
  facet normal 0 0 1
    outer loop
      vertex 96.9527 11.5127 63.9
      vertex 101.427 11.5127 63.9
      vertex 96.9527 15.9873 63.9
    endloop
  endfacet
  facet normal 0 0 1
    outer loop
      vertex 101.427 11.5127 63.9
      vertex 96.9527 11.5127 63.9
      vertex 97.89 9.25 63.9
    endloop
  endfacet
  facet normal -0 0 1
    outer loop
      vertex 94.69 15.05 63.9
      vertex 96.9527 11.5127 63.9
      vertex 96.9527 15.9873 63.9
    endloop
  endfacet
  facet normal 0 0 1
    outer loop
      vertex 94.69 15.05 63.9
      vertex 94.69 12.45 63.9
      vertex 96.9527 11.5127 63.9
    endloop
  endfacet
  facet normal 0 0 1
    outer loop
      vertex 92.4273 15.9873 63.9
      vertex 94.69 12.45 63.9
      vertex 94.69 15.05 63.9
    endloop
  endfacet
  facet normal 0 0 1
    outer loop
      vertex 92.4273 15.9873 63.9
      vertex 92.4273 11.5127 63.9
      vertex 94.69 12.45 63.9
    endloop
  endfacet
  facet normal -0 0 1
    outer loop
      vertex 88.89 18.25 63.9
      vertex 92.4273 15.9873 63.9
      vertex 91.49 18.25 63.9
    endloop
  endfacet
  facet normal 0 0 1
    outer loop
      vertex 87.9527 15.9873 63.9
      vertex 92.4273 15.9873 63.9
      vertex 88.89 18.25 63.9
    endloop
  endfacet
  facet normal 0 0 1
    outer loop
      vertex 96.9527 20.5127 63.9
      vertex 101.427 20.5127 63.9
      vertex 96.9527 24.9873 63.9
    endloop
  endfacet
  facet normal 0 0 1
    outer loop
      vertex 101.427 20.5127 63.9
      vertex 96.9527 20.5127 63.9
      vertex 97.89 18.25 63.9
    endloop
  endfacet
  facet normal -0 0 1
    outer loop
      vertex 94.69 24.05 63.9
      vertex 96.9527 20.5127 63.9
      vertex 96.9527 24.9873 63.9
    endloop
  endfacet
  facet normal 0 0 1
    outer loop
      vertex 94.69 24.05 63.9
      vertex 94.69 21.45 63.9
      vertex 96.9527 20.5127 63.9
    endloop
  endfacet
  facet normal 0 0 1
    outer loop
      vertex 92.4273 24.9873 63.9
      vertex 94.69 21.45 63.9
      vertex 94.69 24.05 63.9
    endloop
  endfacet
  facet normal 0 0 1
    outer loop
      vertex 92.4273 24.9873 63.9
      vertex 92.4273 20.5127 63.9
      vertex 94.69 21.45 63.9
    endloop
  endfacet
  facet normal -0 0 1
    outer loop
      vertex 88.89 27.25 63.9
      vertex 92.4273 24.9873 63.9
      vertex 91.49 27.25 63.9
    endloop
  endfacet
  facet normal 0 0 1
    outer loop
      vertex 87.9527 24.9873 63.9
      vertex 92.4273 24.9873 63.9
      vertex 88.89 27.25 63.9
    endloop
  endfacet
  facet normal 0 0 1
    outer loop
      vertex 96.9527 29.5127 63.9
      vertex 101.427 29.5127 63.9
      vertex 96.9527 33.9873 63.9
    endloop
  endfacet
  facet normal 0 0 1
    outer loop
      vertex 101.427 29.5127 63.9
      vertex 96.9527 29.5127 63.9
      vertex 97.89 27.25 63.9
    endloop
  endfacet
  facet normal -0 0 1
    outer loop
      vertex 94.69 33.05 63.9
      vertex 96.9527 29.5127 63.9
      vertex 96.9527 33.9873 63.9
    endloop
  endfacet
  facet normal 0 0 1
    outer loop
      vertex 94.69 33.05 63.9
      vertex 94.69 30.45 63.9
      vertex 96.9527 29.5127 63.9
    endloop
  endfacet
  facet normal 0 0 1
    outer loop
      vertex 92.4273 33.9873 63.9
      vertex 94.69 30.45 63.9
      vertex 94.69 33.05 63.9
    endloop
  endfacet
  facet normal 0 0 1
    outer loop
      vertex 92.4273 33.9873 63.9
      vertex 92.4273 29.5127 63.9
      vertex 94.69 30.45 63.9
    endloop
  endfacet
  facet normal -0 0 1
    outer loop
      vertex 88.89 36.25 63.9
      vertex 92.4273 33.9873 63.9
      vertex 91.49 36.25 63.9
    endloop
  endfacet
  facet normal 0 0 1
    outer loop
      vertex 87.9527 33.9873 63.9
      vertex 92.4273 33.9873 63.9
      vertex 88.89 36.25 63.9
    endloop
  endfacet
  facet normal 0 0 1
    outer loop
      vertex 96.9527 38.5127 63.9
      vertex 101.427 38.5127 63.9
      vertex 96.9527 42.9873 63.9
    endloop
  endfacet
  facet normal 0 0 1
    outer loop
      vertex 101.427 38.5127 63.9
      vertex 96.9527 38.5127 63.9
      vertex 97.89 36.25 63.9
    endloop
  endfacet
  facet normal -0 0 1
    outer loop
      vertex 94.69 42.05 63.9
      vertex 96.9527 38.5127 63.9
      vertex 96.9527 42.9873 63.9
    endloop
  endfacet
  facet normal 0 0 1
    outer loop
      vertex 94.69 42.05 63.9
      vertex 94.69 39.45 63.9
      vertex 96.9527 38.5127 63.9
    endloop
  endfacet
  facet normal 0 0 1
    outer loop
      vertex 92.4273 42.9873 63.9
      vertex 94.69 39.45 63.9
      vertex 94.69 42.05 63.9
    endloop
  endfacet
  facet normal 0 0 1
    outer loop
      vertex 92.4273 42.9873 63.9
      vertex 92.4273 38.5127 63.9
      vertex 94.69 39.45 63.9
    endloop
  endfacet
  facet normal -0 0 1
    outer loop
      vertex 88.89 45.25 63.9
      vertex 92.4273 42.9873 63.9
      vertex 91.49 45.25 63.9
    endloop
  endfacet
  facet normal 0 0 1
    outer loop
      vertex 87.9527 42.9873 63.9
      vertex 92.4273 42.9873 63.9
      vertex 88.89 45.25 63.9
    endloop
  endfacet
  facet normal 0 0 1
    outer loop
      vertex 96.9527 47.5127 63.9
      vertex 101.427 47.5127 63.9
      vertex 96.9527 51.9873 63.9
    endloop
  endfacet
  facet normal 0 0 1
    outer loop
      vertex 101.427 47.5127 63.9
      vertex 96.9527 47.5127 63.9
      vertex 97.89 45.25 63.9
    endloop
  endfacet
  facet normal -0 0 1
    outer loop
      vertex 94.69 51.05 63.9
      vertex 96.9527 47.5127 63.9
      vertex 96.9527 51.9873 63.9
    endloop
  endfacet
  facet normal 0 0 1
    outer loop
      vertex 94.69 51.05 63.9
      vertex 94.69 48.45 63.9
      vertex 96.9527 47.5127 63.9
    endloop
  endfacet
  facet normal 0 0 1
    outer loop
      vertex 92.4273 51.9873 63.9
      vertex 94.69 48.45 63.9
      vertex 94.69 51.05 63.9
    endloop
  endfacet
  facet normal 0 0 1
    outer loop
      vertex 92.4273 51.9873 63.9
      vertex 92.4273 47.5127 63.9
      vertex 94.69 48.45 63.9
    endloop
  endfacet
  facet normal -0 0 1
    outer loop
      vertex 88.89 54.25 63.9
      vertex 92.4273 51.9873 63.9
      vertex 91.49 54.25 63.9
    endloop
  endfacet
  facet normal 0 0 1
    outer loop
      vertex 87.9527 51.9873 63.9
      vertex 92.4273 51.9873 63.9
      vertex 88.89 54.25 63.9
    endloop
  endfacet
  facet normal 0 0 1
    outer loop
      vertex 96.9527 56.5127 63.9
      vertex 101.427 56.5127 63.9
      vertex 96.9527 60.9873 63.9
    endloop
  endfacet
  facet normal 0 0 1
    outer loop
      vertex 101.427 56.5127 63.9
      vertex 96.9527 56.5127 63.9
      vertex 97.89 54.25 63.9
    endloop
  endfacet
  facet normal -0 0 1
    outer loop
      vertex 94.69 60.05 63.9
      vertex 96.9527 56.5127 63.9
      vertex 96.9527 60.9873 63.9
    endloop
  endfacet
  facet normal 0 0 1
    outer loop
      vertex 94.69 60.05 63.9
      vertex 94.69 57.45 63.9
      vertex 96.9527 56.5127 63.9
    endloop
  endfacet
  facet normal 0 0 1
    outer loop
      vertex 92.4273 60.9873 63.9
      vertex 94.69 57.45 63.9
      vertex 94.69 60.05 63.9
    endloop
  endfacet
  facet normal 0 0 1
    outer loop
      vertex 92.4273 60.9873 63.9
      vertex 92.4273 56.5127 63.9
      vertex 94.69 57.45 63.9
    endloop
  endfacet
  facet normal -0 0 1
    outer loop
      vertex 88.89 63.25 63.9
      vertex 92.4273 60.9873 63.9
      vertex 91.49 63.25 63.9
    endloop
  endfacet
  facet normal 0 0 1
    outer loop
      vertex 87.9527 60.9873 63.9
      vertex 92.4273 60.9873 63.9
      vertex 88.89 63.25 63.9
    endloop
  endfacet
  facet normal 0 0 1
    outer loop
      vertex 96.9527 65.5127 63.9
      vertex 101.427 65.5127 63.9
      vertex 96.9527 69.9873 63.9
    endloop
  endfacet
  facet normal 0 0 1
    outer loop
      vertex 101.427 65.5127 63.9
      vertex 96.9527 65.5127 63.9
      vertex 97.89 63.25 63.9
    endloop
  endfacet
  facet normal -0 0 1
    outer loop
      vertex 94.69 69.05 63.9
      vertex 96.9527 65.5127 63.9
      vertex 96.9527 69.9873 63.9
    endloop
  endfacet
  facet normal 0 0 1
    outer loop
      vertex 94.69 69.05 63.9
      vertex 94.69 66.45 63.9
      vertex 96.9527 65.5127 63.9
    endloop
  endfacet
  facet normal 0 0 1
    outer loop
      vertex 92.4273 69.9873 63.9
      vertex 94.69 66.45 63.9
      vertex 94.69 69.05 63.9
    endloop
  endfacet
  facet normal 0 0 1
    outer loop
      vertex 92.4273 69.9873 63.9
      vertex 92.4273 65.5127 63.9
      vertex 94.69 66.45 63.9
    endloop
  endfacet
  facet normal -0 0 1
    outer loop
      vertex 88.89 72.25 63.9
      vertex 92.4273 69.9873 63.9
      vertex 91.49 72.25 63.9
    endloop
  endfacet
  facet normal 0 0 1
    outer loop
      vertex 87.9527 69.9873 63.9
      vertex 92.4273 69.9873 63.9
      vertex 88.89 72.25 63.9
    endloop
  endfacet
  facet normal 0 0 1
    outer loop
      vertex 105.953 11.5127 63.9
      vertex 110.427 11.5127 63.9
      vertex 105.953 15.9873 63.9
    endloop
  endfacet
  facet normal 0 0 1
    outer loop
      vertex 110.427 11.5127 63.9
      vertex 105.953 11.5127 63.9
      vertex 106.89 9.25 63.9
    endloop
  endfacet
  facet normal -0 0 1
    outer loop
      vertex 103.69 15.05 63.9
      vertex 105.953 11.5127 63.9
      vertex 105.953 15.9873 63.9
    endloop
  endfacet
  facet normal 0 0 1
    outer loop
      vertex 103.69 15.05 63.9
      vertex 103.69 12.45 63.9
      vertex 105.953 11.5127 63.9
    endloop
  endfacet
  facet normal 0 0 1
    outer loop
      vertex 101.427 15.9873 63.9
      vertex 103.69 12.45 63.9
      vertex 103.69 15.05 63.9
    endloop
  endfacet
  facet normal 0 0 1
    outer loop
      vertex 101.427 15.9873 63.9
      vertex 101.427 11.5127 63.9
      vertex 103.69 12.45 63.9
    endloop
  endfacet
  facet normal -0 0 1
    outer loop
      vertex 97.89 18.25 63.9
      vertex 101.427 15.9873 63.9
      vertex 100.49 18.25 63.9
    endloop
  endfacet
  facet normal 0 0 1
    outer loop
      vertex 96.9527 15.9873 63.9
      vertex 101.427 15.9873 63.9
      vertex 97.89 18.25 63.9
    endloop
  endfacet
  facet normal 0 0 1
    outer loop
      vertex 105.953 20.5127 63.9
      vertex 110.427 20.5127 63.9
      vertex 105.953 24.9873 63.9
    endloop
  endfacet
  facet normal 0 0 1
    outer loop
      vertex 110.427 20.5127 63.9
      vertex 105.953 20.5127 63.9
      vertex 106.89 18.25 63.9
    endloop
  endfacet
  facet normal -0 0 1
    outer loop
      vertex 103.69 24.05 63.9
      vertex 105.953 20.5127 63.9
      vertex 105.953 24.9873 63.9
    endloop
  endfacet
  facet normal 0 0 1
    outer loop
      vertex 103.69 24.05 63.9
      vertex 103.69 21.45 63.9
      vertex 105.953 20.5127 63.9
    endloop
  endfacet
  facet normal 0 0 1
    outer loop
      vertex 101.427 24.9873 63.9
      vertex 103.69 21.45 63.9
      vertex 103.69 24.05 63.9
    endloop
  endfacet
  facet normal 0 0 1
    outer loop
      vertex 101.427 24.9873 63.9
      vertex 101.427 20.5127 63.9
      vertex 103.69 21.45 63.9
    endloop
  endfacet
  facet normal -0 0 1
    outer loop
      vertex 97.89 27.25 63.9
      vertex 101.427 24.9873 63.9
      vertex 100.49 27.25 63.9
    endloop
  endfacet
  facet normal 0 0 1
    outer loop
      vertex 96.9527 24.9873 63.9
      vertex 101.427 24.9873 63.9
      vertex 97.89 27.25 63.9
    endloop
  endfacet
  facet normal 0 0 1
    outer loop
      vertex 105.953 29.5127 63.9
      vertex 110.427 29.5127 63.9
      vertex 105.953 33.9873 63.9
    endloop
  endfacet
  facet normal 0 0 1
    outer loop
      vertex 110.427 29.5127 63.9
      vertex 105.953 29.5127 63.9
      vertex 106.89 27.25 63.9
    endloop
  endfacet
  facet normal -0 0 1
    outer loop
      vertex 103.69 33.05 63.9
      vertex 105.953 29.5127 63.9
      vertex 105.953 33.9873 63.9
    endloop
  endfacet
  facet normal 0 0 1
    outer loop
      vertex 103.69 33.05 63.9
      vertex 103.69 30.45 63.9
      vertex 105.953 29.5127 63.9
    endloop
  endfacet
  facet normal 0 0 1
    outer loop
      vertex 101.427 33.9873 63.9
      vertex 103.69 30.45 63.9
      vertex 103.69 33.05 63.9
    endloop
  endfacet
  facet normal 0 0 1
    outer loop
      vertex 101.427 33.9873 63.9
      vertex 101.427 29.5127 63.9
      vertex 103.69 30.45 63.9
    endloop
  endfacet
  facet normal -0 0 1
    outer loop
      vertex 97.89 36.25 63.9
      vertex 101.427 33.9873 63.9
      vertex 100.49 36.25 63.9
    endloop
  endfacet
  facet normal 0 0 1
    outer loop
      vertex 96.9527 33.9873 63.9
      vertex 101.427 33.9873 63.9
      vertex 97.89 36.25 63.9
    endloop
  endfacet
  facet normal 0 0 1
    outer loop
      vertex 105.953 38.5127 63.9
      vertex 110.427 38.5127 63.9
      vertex 105.953 42.9873 63.9
    endloop
  endfacet
  facet normal 0 0 1
    outer loop
      vertex 110.427 38.5127 63.9
      vertex 105.953 38.5127 63.9
      vertex 106.89 36.25 63.9
    endloop
  endfacet
  facet normal -0 0 1
    outer loop
      vertex 103.69 42.05 63.9
      vertex 105.953 38.5127 63.9
      vertex 105.953 42.9873 63.9
    endloop
  endfacet
  facet normal 0 0 1
    outer loop
      vertex 103.69 42.05 63.9
      vertex 103.69 39.45 63.9
      vertex 105.953 38.5127 63.9
    endloop
  endfacet
  facet normal 0 0 1
    outer loop
      vertex 101.427 42.9873 63.9
      vertex 103.69 39.45 63.9
      vertex 103.69 42.05 63.9
    endloop
  endfacet
  facet normal 0 0 1
    outer loop
      vertex 101.427 42.9873 63.9
      vertex 101.427 38.5127 63.9
      vertex 103.69 39.45 63.9
    endloop
  endfacet
  facet normal -0 0 1
    outer loop
      vertex 97.89 45.25 63.9
      vertex 101.427 42.9873 63.9
      vertex 100.49 45.25 63.9
    endloop
  endfacet
  facet normal 0 0 1
    outer loop
      vertex 96.9527 42.9873 63.9
      vertex 101.427 42.9873 63.9
      vertex 97.89 45.25 63.9
    endloop
  endfacet
  facet normal 0 0 1
    outer loop
      vertex 105.953 47.5127 63.9
      vertex 110.427 47.5127 63.9
      vertex 105.953 51.9873 63.9
    endloop
  endfacet
  facet normal 0 0 1
    outer loop
      vertex 110.427 47.5127 63.9
      vertex 105.953 47.5127 63.9
      vertex 106.89 45.25 63.9
    endloop
  endfacet
  facet normal -0 0 1
    outer loop
      vertex 103.69 51.05 63.9
      vertex 105.953 47.5127 63.9
      vertex 105.953 51.9873 63.9
    endloop
  endfacet
  facet normal 0 0 1
    outer loop
      vertex 103.69 51.05 63.9
      vertex 103.69 48.45 63.9
      vertex 105.953 47.5127 63.9
    endloop
  endfacet
  facet normal 0 0 1
    outer loop
      vertex 101.427 51.9873 63.9
      vertex 103.69 48.45 63.9
      vertex 103.69 51.05 63.9
    endloop
  endfacet
  facet normal 0 0 1
    outer loop
      vertex 101.427 51.9873 63.9
      vertex 101.427 47.5127 63.9
      vertex 103.69 48.45 63.9
    endloop
  endfacet
  facet normal -0 0 1
    outer loop
      vertex 97.89 54.25 63.9
      vertex 101.427 51.9873 63.9
      vertex 100.49 54.25 63.9
    endloop
  endfacet
  facet normal 0 0 1
    outer loop
      vertex 96.9527 51.9873 63.9
      vertex 101.427 51.9873 63.9
      vertex 97.89 54.25 63.9
    endloop
  endfacet
  facet normal 0 0 1
    outer loop
      vertex 105.953 56.5127 63.9
      vertex 110.427 56.5127 63.9
      vertex 105.953 60.9873 63.9
    endloop
  endfacet
  facet normal 0 0 1
    outer loop
      vertex 110.427 56.5127 63.9
      vertex 105.953 56.5127 63.9
      vertex 106.89 54.25 63.9
    endloop
  endfacet
  facet normal -0 0 1
    outer loop
      vertex 103.69 60.05 63.9
      vertex 105.953 56.5127 63.9
      vertex 105.953 60.9873 63.9
    endloop
  endfacet
  facet normal 0 0 1
    outer loop
      vertex 103.69 60.05 63.9
      vertex 103.69 57.45 63.9
      vertex 105.953 56.5127 63.9
    endloop
  endfacet
  facet normal 0 0 1
    outer loop
      vertex 101.427 60.9873 63.9
      vertex 103.69 57.45 63.9
      vertex 103.69 60.05 63.9
    endloop
  endfacet
  facet normal 0 0 1
    outer loop
      vertex 101.427 60.9873 63.9
      vertex 101.427 56.5127 63.9
      vertex 103.69 57.45 63.9
    endloop
  endfacet
  facet normal -0 0 1
    outer loop
      vertex 97.89 63.25 63.9
      vertex 101.427 60.9873 63.9
      vertex 100.49 63.25 63.9
    endloop
  endfacet
  facet normal 0 0 1
    outer loop
      vertex 96.9527 60.9873 63.9
      vertex 101.427 60.9873 63.9
      vertex 97.89 63.25 63.9
    endloop
  endfacet
  facet normal 0 0 1
    outer loop
      vertex 105.953 65.5127 63.9
      vertex 110.427 65.5127 63.9
      vertex 105.953 69.9873 63.9
    endloop
  endfacet
  facet normal 0 0 1
    outer loop
      vertex 110.427 65.5127 63.9
      vertex 105.953 65.5127 63.9
      vertex 106.89 63.25 63.9
    endloop
  endfacet
  facet normal -0 0 1
    outer loop
      vertex 103.69 69.05 63.9
      vertex 105.953 65.5127 63.9
      vertex 105.953 69.9873 63.9
    endloop
  endfacet
  facet normal 0 0 1
    outer loop
      vertex 103.69 69.05 63.9
      vertex 103.69 66.45 63.9
      vertex 105.953 65.5127 63.9
    endloop
  endfacet
  facet normal 0 0 1
    outer loop
      vertex 101.427 69.9873 63.9
      vertex 103.69 66.45 63.9
      vertex 103.69 69.05 63.9
    endloop
  endfacet
  facet normal 0 0 1
    outer loop
      vertex 101.427 69.9873 63.9
      vertex 101.427 65.5127 63.9
      vertex 103.69 66.45 63.9
    endloop
  endfacet
  facet normal -0 0 1
    outer loop
      vertex 97.89 72.25 63.9
      vertex 101.427 69.9873 63.9
      vertex 100.49 72.25 63.9
    endloop
  endfacet
  facet normal 0 0 1
    outer loop
      vertex 96.9527 69.9873 63.9
      vertex 101.427 69.9873 63.9
      vertex 97.89 72.25 63.9
    endloop
  endfacet
  facet normal -0 0 1
    outer loop
      vertex 114.953 15.9873 63.9
      vertex 115.89 9.25 63.9
      vertex 115.89 18.25 63.9
    endloop
  endfacet
  facet normal 0 0 1
    outer loop
      vertex 114.953 15.9873 63.9
      vertex 114.953 11.5127 63.9
      vertex 115.89 9.25 63.9
    endloop
  endfacet
  facet normal -0 0 1
    outer loop
      vertex 112.69 15.05 63.9
      vertex 114.953 11.5127 63.9
      vertex 114.953 15.9873 63.9
    endloop
  endfacet
  facet normal 0 0 1
    outer loop
      vertex 112.69 15.05 63.9
      vertex 112.69 12.45 63.9
      vertex 114.953 11.5127 63.9
    endloop
  endfacet
  facet normal 0 0 1
    outer loop
      vertex 110.427 15.9873 63.9
      vertex 112.69 12.45 63.9
      vertex 112.69 15.05 63.9
    endloop
  endfacet
  facet normal 0 0 1
    outer loop
      vertex 110.427 15.9873 63.9
      vertex 110.427 11.5127 63.9
      vertex 112.69 12.45 63.9
    endloop
  endfacet
  facet normal -0 0 1
    outer loop
      vertex 106.89 18.25 63.9
      vertex 110.427 15.9873 63.9
      vertex 109.49 18.25 63.9
    endloop
  endfacet
  facet normal 0 0 1
    outer loop
      vertex 105.953 15.9873 63.9
      vertex 110.427 15.9873 63.9
      vertex 106.89 18.25 63.9
    endloop
  endfacet
  facet normal -0 0 1
    outer loop
      vertex 114.953 24.9873 63.9
      vertex 115.89 18.25 63.9
      vertex 115.89 27.25 63.9
    endloop
  endfacet
  facet normal 0 0 1
    outer loop
      vertex 114.953 24.9873 63.9
      vertex 114.953 20.5127 63.9
      vertex 115.89 18.25 63.9
    endloop
  endfacet
  facet normal -0 0 1
    outer loop
      vertex 112.69 24.05 63.9
      vertex 114.953 20.5127 63.9
      vertex 114.953 24.9873 63.9
    endloop
  endfacet
  facet normal 0 0 1
    outer loop
      vertex 112.69 24.05 63.9
      vertex 112.69 21.45 63.9
      vertex 114.953 20.5127 63.9
    endloop
  endfacet
  facet normal 0 0 1
    outer loop
      vertex 110.427 24.9873 63.9
      vertex 112.69 21.45 63.9
      vertex 112.69 24.05 63.9
    endloop
  endfacet
  facet normal 0 0 1
    outer loop
      vertex 110.427 24.9873 63.9
      vertex 110.427 20.5127 63.9
      vertex 112.69 21.45 63.9
    endloop
  endfacet
  facet normal -0 0 1
    outer loop
      vertex 106.89 27.25 63.9
      vertex 110.427 24.9873 63.9
      vertex 109.49 27.25 63.9
    endloop
  endfacet
  facet normal 0 0 1
    outer loop
      vertex 105.953 24.9873 63.9
      vertex 110.427 24.9873 63.9
      vertex 106.89 27.25 63.9
    endloop
  endfacet
  facet normal -0 0 1
    outer loop
      vertex 114.953 33.9873 63.9
      vertex 115.89 27.25 63.9
      vertex 115.89 36.25 63.9
    endloop
  endfacet
  facet normal 0 0 1
    outer loop
      vertex 114.953 33.9873 63.9
      vertex 114.953 29.5127 63.9
      vertex 115.89 27.25 63.9
    endloop
  endfacet
  facet normal -0 0 1
    outer loop
      vertex 112.69 33.05 63.9
      vertex 114.953 29.5127 63.9
      vertex 114.953 33.9873 63.9
    endloop
  endfacet
  facet normal 0 0 1
    outer loop
      vertex 112.69 33.05 63.9
      vertex 112.69 30.45 63.9
      vertex 114.953 29.5127 63.9
    endloop
  endfacet
  facet normal 0 0 1
    outer loop
      vertex 110.427 33.9873 63.9
      vertex 112.69 30.45 63.9
      vertex 112.69 33.05 63.9
    endloop
  endfacet
  facet normal 0 0 1
    outer loop
      vertex 110.427 33.9873 63.9
      vertex 110.427 29.5127 63.9
      vertex 112.69 30.45 63.9
    endloop
  endfacet
  facet normal -0 0 1
    outer loop
      vertex 106.89 36.25 63.9
      vertex 110.427 33.9873 63.9
      vertex 109.49 36.25 63.9
    endloop
  endfacet
  facet normal 0 0 1
    outer loop
      vertex 105.953 33.9873 63.9
      vertex 110.427 33.9873 63.9
      vertex 106.89 36.25 63.9
    endloop
  endfacet
  facet normal -0 0 1
    outer loop
      vertex 114.953 42.9873 63.9
      vertex 115.89 36.25 63.9
      vertex 115.89 45.25 63.9
    endloop
  endfacet
  facet normal 0 0 1
    outer loop
      vertex 114.953 42.9873 63.9
      vertex 114.953 38.5127 63.9
      vertex 115.89 36.25 63.9
    endloop
  endfacet
  facet normal -0 0 1
    outer loop
      vertex 112.69 42.05 63.9
      vertex 114.953 38.5127 63.9
      vertex 114.953 42.9873 63.9
    endloop
  endfacet
  facet normal 0 0 1
    outer loop
      vertex 112.69 42.05 63.9
      vertex 112.69 39.45 63.9
      vertex 114.953 38.5127 63.9
    endloop
  endfacet
  facet normal 0 0 1
    outer loop
      vertex 110.427 42.9873 63.9
      vertex 112.69 39.45 63.9
      vertex 112.69 42.05 63.9
    endloop
  endfacet
  facet normal 0 0 1
    outer loop
      vertex 110.427 42.9873 63.9
      vertex 110.427 38.5127 63.9
      vertex 112.69 39.45 63.9
    endloop
  endfacet
  facet normal -0 0 1
    outer loop
      vertex 106.89 45.25 63.9
      vertex 110.427 42.9873 63.9
      vertex 109.49 45.25 63.9
    endloop
  endfacet
  facet normal 0 0 1
    outer loop
      vertex 105.953 42.9873 63.9
      vertex 110.427 42.9873 63.9
      vertex 106.89 45.25 63.9
    endloop
  endfacet
  facet normal -0 0 1
    outer loop
      vertex 114.953 51.9873 63.9
      vertex 115.89 45.25 63.9
      vertex 115.89 54.25 63.9
    endloop
  endfacet
  facet normal 0 0 1
    outer loop
      vertex 114.953 51.9873 63.9
      vertex 114.953 47.5127 63.9
      vertex 115.89 45.25 63.9
    endloop
  endfacet
  facet normal -0 0 1
    outer loop
      vertex 112.69 51.05 63.9
      vertex 114.953 47.5127 63.9
      vertex 114.953 51.9873 63.9
    endloop
  endfacet
  facet normal 0 0 1
    outer loop
      vertex 112.69 51.05 63.9
      vertex 112.69 48.45 63.9
      vertex 114.953 47.5127 63.9
    endloop
  endfacet
  facet normal 0 0 1
    outer loop
      vertex 110.427 51.9873 63.9
      vertex 112.69 48.45 63.9
      vertex 112.69 51.05 63.9
    endloop
  endfacet
  facet normal 0 0 1
    outer loop
      vertex 110.427 51.9873 63.9
      vertex 110.427 47.5127 63.9
      vertex 112.69 48.45 63.9
    endloop
  endfacet
  facet normal -0 0 1
    outer loop
      vertex 106.89 54.25 63.9
      vertex 110.427 51.9873 63.9
      vertex 109.49 54.25 63.9
    endloop
  endfacet
  facet normal 0 0 1
    outer loop
      vertex 105.953 51.9873 63.9
      vertex 110.427 51.9873 63.9
      vertex 106.89 54.25 63.9
    endloop
  endfacet
  facet normal -0 0 1
    outer loop
      vertex 114.953 60.9873 63.9
      vertex 115.89 54.25 63.9
      vertex 115.89 63.25 63.9
    endloop
  endfacet
  facet normal 0 0 1
    outer loop
      vertex 114.953 60.9873 63.9
      vertex 114.953 56.5127 63.9
      vertex 115.89 54.25 63.9
    endloop
  endfacet
  facet normal -0 0 1
    outer loop
      vertex 112.69 60.05 63.9
      vertex 114.953 56.5127 63.9
      vertex 114.953 60.9873 63.9
    endloop
  endfacet
  facet normal 0 0 1
    outer loop
      vertex 112.69 60.05 63.9
      vertex 112.69 57.45 63.9
      vertex 114.953 56.5127 63.9
    endloop
  endfacet
  facet normal 0 0 1
    outer loop
      vertex 110.427 60.9873 63.9
      vertex 112.69 57.45 63.9
      vertex 112.69 60.05 63.9
    endloop
  endfacet
  facet normal 0 0 1
    outer loop
      vertex 110.427 60.9873 63.9
      vertex 110.427 56.5127 63.9
      vertex 112.69 57.45 63.9
    endloop
  endfacet
  facet normal -0 0 1
    outer loop
      vertex 106.89 63.25 63.9
      vertex 110.427 60.9873 63.9
      vertex 109.49 63.25 63.9
    endloop
  endfacet
  facet normal 0 0 1
    outer loop
      vertex 105.953 60.9873 63.9
      vertex 110.427 60.9873 63.9
      vertex 106.89 63.25 63.9
    endloop
  endfacet
  facet normal -0 0 1
    outer loop
      vertex 114.953 69.9873 63.9
      vertex 115.89 63.25 63.9
      vertex 115.89 72.25 63.9
    endloop
  endfacet
  facet normal 0 0 1
    outer loop
      vertex 114.953 69.9873 63.9
      vertex 114.953 65.5127 63.9
      vertex 115.89 63.25 63.9
    endloop
  endfacet
  facet normal -0 0 1
    outer loop
      vertex 112.69 69.05 63.9
      vertex 114.953 65.5127 63.9
      vertex 114.953 69.9873 63.9
    endloop
  endfacet
  facet normal 0 0 1
    outer loop
      vertex 112.69 69.05 63.9
      vertex 112.69 66.45 63.9
      vertex 114.953 65.5127 63.9
    endloop
  endfacet
  facet normal 0 0 1
    outer loop
      vertex 110.427 69.9873 63.9
      vertex 112.69 66.45 63.9
      vertex 112.69 69.05 63.9
    endloop
  endfacet
  facet normal 0 0 1
    outer loop
      vertex 110.427 69.9873 63.9
      vertex 110.427 65.5127 63.9
      vertex 112.69 66.45 63.9
    endloop
  endfacet
  facet normal -0 0 1
    outer loop
      vertex 106.89 72.25 63.9
      vertex 110.427 69.9873 63.9
      vertex 109.49 72.25 63.9
    endloop
  endfacet
  facet normal 0 0 1
    outer loop
      vertex 105.953 69.9873 63.9
      vertex 110.427 69.9873 63.9
      vertex 106.89 72.25 63.9
    endloop
  endfacet
  facet normal 0 0 1
    outer loop
      vertex 115.89 63.25 63.9
      vertex 127.76 85.48 63.9
      vertex 115.89 72.25 63.9
    endloop
  endfacet
  facet normal 0 0 1
    outer loop
      vertex 127.76 85.48 63.9
      vertex 114.953 74.5127 63.9
      vertex 115.89 72.25 63.9
    endloop
  endfacet
  facet normal 0 0 1
    outer loop
      vertex 127.76 85.48 63.9
      vertex 112.69 75.45 63.9
      vertex 114.953 74.5127 63.9
    endloop
  endfacet
  facet normal 0 0 1
    outer loop
      vertex 103.69 75.45 63.9
      vertex 112.69 75.45 63.9
      vertex 127.76 85.48 63.9
    endloop
  endfacet
  facet normal 0 0 1
    outer loop
      vertex 110.427 65.5127 63.9
      vertex 106.89 63.25 63.9
      vertex 109.49 63.25 63.9
    endloop
  endfacet
  facet normal 0 0 1
    outer loop
      vertex 110.427 60.9873 63.9
      vertex 105.953 60.9873 63.9
      vertex 110.427 56.5127 63.9
    endloop
  endfacet
  facet normal 0 0 1
    outer loop
      vertex 110.427 51.9873 63.9
      vertex 105.953 51.9873 63.9
      vertex 110.427 47.5127 63.9
    endloop
  endfacet
  facet normal 0 0 1
    outer loop
      vertex 110.427 47.5127 63.9
      vertex 106.89 45.25 63.9
      vertex 109.49 45.25 63.9
    endloop
  endfacet
  facet normal 0 0 1
    outer loop
      vertex 110.427 38.5127 63.9
      vertex 106.89 36.25 63.9
      vertex 109.49 36.25 63.9
    endloop
  endfacet
  facet normal 0 0 1
    outer loop
      vertex 110.427 33.9873 63.9
      vertex 105.953 33.9873 63.9
      vertex 110.427 29.5127 63.9
    endloop
  endfacet
  facet normal 0 0 1
    outer loop
      vertex 110.427 69.9873 63.9
      vertex 105.953 69.9873 63.9
      vertex 110.427 65.5127 63.9
    endloop
  endfacet
  facet normal 0 0 1
    outer loop
      vertex 110.427 74.5127 63.9
      vertex 106.89 72.25 63.9
      vertex 109.49 72.25 63.9
    endloop
  endfacet
  facet normal 0 0 1
    outer loop
      vertex 110.427 74.5127 63.9
      vertex 105.953 74.5127 63.9
      vertex 106.89 72.25 63.9
    endloop
  endfacet
  facet normal 0 0 1
    outer loop
      vertex 112.69 75.45 63.9
      vertex 103.69 75.45 63.9
      vertex 110.427 74.5127 63.9
    endloop
  endfacet
  facet normal 0 0 1
    outer loop
      vertex 110.427 74.5127 63.9
      vertex 103.69 75.45 63.9
      vertex 105.953 74.5127 63.9
    endloop
  endfacet
  facet normal 0 0 1
    outer loop
      vertex 94.69 75.45 63.9
      vertex 103.69 75.45 63.9
      vertex 127.76 85.48 63.9
    endloop
  endfacet
  facet normal 0 0 1
    outer loop
      vertex 101.427 65.5127 63.9
      vertex 97.89 63.25 63.9
      vertex 100.49 63.25 63.9
    endloop
  endfacet
  facet normal 0 0 1
    outer loop
      vertex 101.427 60.9873 63.9
      vertex 96.9527 60.9873 63.9
      vertex 101.427 56.5127 63.9
    endloop
  endfacet
  facet normal 0 0 1
    outer loop
      vertex 101.427 51.9873 63.9
      vertex 96.9527 51.9873 63.9
      vertex 101.427 47.5127 63.9
    endloop
  endfacet
  facet normal 0 0 1
    outer loop
      vertex 101.427 47.5127 63.9
      vertex 97.89 45.25 63.9
      vertex 100.49 45.25 63.9
    endloop
  endfacet
  facet normal 0 0 1
    outer loop
      vertex 101.427 38.5127 63.9
      vertex 97.89 36.25 63.9
      vertex 100.49 36.25 63.9
    endloop
  endfacet
  facet normal 0 0 1
    outer loop
      vertex 101.427 33.9873 63.9
      vertex 96.9527 33.9873 63.9
      vertex 101.427 29.5127 63.9
    endloop
  endfacet
  facet normal 0 0 1
    outer loop
      vertex 101.427 69.9873 63.9
      vertex 96.9527 69.9873 63.9
      vertex 101.427 65.5127 63.9
    endloop
  endfacet
  facet normal 0 0 1
    outer loop
      vertex 101.427 74.5127 63.9
      vertex 97.89 72.25 63.9
      vertex 100.49 72.25 63.9
    endloop
  endfacet
  facet normal 0 0 1
    outer loop
      vertex 101.427 74.5127 63.9
      vertex 96.9527 74.5127 63.9
      vertex 97.89 72.25 63.9
    endloop
  endfacet
  facet normal 0 0 1
    outer loop
      vertex 103.69 75.45 63.9
      vertex 94.69 75.45 63.9
      vertex 101.427 74.5127 63.9
    endloop
  endfacet
  facet normal 0 0 1
    outer loop
      vertex 101.427 74.5127 63.9
      vertex 94.69 75.45 63.9
      vertex 96.9527 74.5127 63.9
    endloop
  endfacet
  facet normal 0 0 1
    outer loop
      vertex 92.4273 65.5127 63.9
      vertex 88.89 63.25 63.9
      vertex 91.49 63.25 63.9
    endloop
  endfacet
  facet normal 0 0 1
    outer loop
      vertex 92.4273 60.9873 63.9
      vertex 87.9527 60.9873 63.9
      vertex 92.4273 56.5127 63.9
    endloop
  endfacet
  facet normal 0 0 1
    outer loop
      vertex 92.4273 51.9873 63.9
      vertex 87.9527 51.9873 63.9
      vertex 92.4273 47.5127 63.9
    endloop
  endfacet
  facet normal 0 0 1
    outer loop
      vertex 92.4273 47.5127 63.9
      vertex 88.89 45.25 63.9
      vertex 91.49 45.25 63.9
    endloop
  endfacet
  facet normal 0 0 1
    outer loop
      vertex 92.4273 38.5127 63.9
      vertex 88.89 36.25 63.9
      vertex 91.49 36.25 63.9
    endloop
  endfacet
  facet normal 0 0 1
    outer loop
      vertex 92.4273 33.9873 63.9
      vertex 87.9527 33.9873 63.9
      vertex 92.4273 29.5127 63.9
    endloop
  endfacet
  facet normal 0 0 1
    outer loop
      vertex 92.4273 69.9873 63.9
      vertex 87.9527 69.9873 63.9
      vertex 92.4273 65.5127 63.9
    endloop
  endfacet
  facet normal 0 0 1
    outer loop
      vertex 92.4273 74.5127 63.9
      vertex 88.89 72.25 63.9
      vertex 91.49 72.25 63.9
    endloop
  endfacet
  facet normal 0 0 1
    outer loop
      vertex 92.4273 74.5127 63.9
      vertex 87.9527 74.5127 63.9
      vertex 88.89 72.25 63.9
    endloop
  endfacet
  facet normal 0 0 1
    outer loop
      vertex 94.69 75.45 63.9
      vertex 87.9527 74.5127 63.9
      vertex 92.4273 74.5127 63.9
    endloop
  endfacet
  facet normal 0 0 1
    outer loop
      vertex 85.69 75.45 63.9
      vertex 94.69 75.45 63.9
      vertex 127.76 85.48 63.9
    endloop
  endfacet
  facet normal 0 0 1
    outer loop
      vertex 94.69 75.45 63.9
      vertex 85.69 75.45 63.9
      vertex 87.9527 74.5127 63.9
    endloop
  endfacet
  facet normal 0 0 1
    outer loop
      vertex 83.4273 65.5127 63.9
      vertex 79.89 63.25 63.9
      vertex 82.49 63.25 63.9
    endloop
  endfacet
  facet normal 0 0 1
    outer loop
      vertex 83.4273 60.9873 63.9
      vertex 78.9527 60.9873 63.9
      vertex 83.4273 56.5127 63.9
    endloop
  endfacet
  facet normal 0 0 1
    outer loop
      vertex 83.4273 51.9873 63.9
      vertex 78.9527 51.9873 63.9
      vertex 83.4273 47.5127 63.9
    endloop
  endfacet
  facet normal 0 0 1
    outer loop
      vertex 83.4273 47.5127 63.9
      vertex 79.89 45.25 63.9
      vertex 82.49 45.25 63.9
    endloop
  endfacet
  facet normal 0 0 1
    outer loop
      vertex 83.4273 38.5127 63.9
      vertex 79.89 36.25 63.9
      vertex 82.49 36.25 63.9
    endloop
  endfacet
  facet normal 0 0 1
    outer loop
      vertex 83.4273 33.9873 63.9
      vertex 78.9527 33.9873 63.9
      vertex 83.4273 29.5127 63.9
    endloop
  endfacet
  facet normal 0 0 1
    outer loop
      vertex 83.4273 69.9873 63.9
      vertex 78.9527 69.9873 63.9
      vertex 83.4273 65.5127 63.9
    endloop
  endfacet
  facet normal 0 0 1
    outer loop
      vertex 83.4273 74.5127 63.9
      vertex 79.89 72.25 63.9
      vertex 82.49 72.25 63.9
    endloop
  endfacet
  facet normal 0 0 1
    outer loop
      vertex 83.4273 74.5127 63.9
      vertex 78.9527 74.5127 63.9
      vertex 79.89 72.25 63.9
    endloop
  endfacet
  facet normal 0 0 1
    outer loop
      vertex 85.69 75.45 63.9
      vertex 78.9527 74.5127 63.9
      vertex 83.4273 74.5127 63.9
    endloop
  endfacet
  facet normal 0 0 1
    outer loop
      vertex 76.69 75.45 63.9
      vertex 85.69 75.45 63.9
      vertex 127.76 85.48 63.9
    endloop
  endfacet
  facet normal 0 0 1
    outer loop
      vertex 85.69 75.45 63.9
      vertex 76.69 75.45 63.9
      vertex 78.9527 74.5127 63.9
    endloop
  endfacet
  facet normal 0 0 1
    outer loop
      vertex 74.4273 65.5127 63.9
      vertex 70.89 63.25 63.9
      vertex 73.49 63.25 63.9
    endloop
  endfacet
  facet normal 0 0 1
    outer loop
      vertex 74.4273 60.9873 63.9
      vertex 69.9527 60.9873 63.9
      vertex 74.4273 56.5127 63.9
    endloop
  endfacet
  facet normal 0 0 1
    outer loop
      vertex 74.4273 51.9873 63.9
      vertex 69.9527 51.9873 63.9
      vertex 74.4273 47.5127 63.9
    endloop
  endfacet
  facet normal 0 0 1
    outer loop
      vertex 74.4273 47.5127 63.9
      vertex 70.89 45.25 63.9
      vertex 73.49 45.25 63.9
    endloop
  endfacet
  facet normal 0 0 1
    outer loop
      vertex 74.4273 38.5127 63.9
      vertex 70.89 36.25 63.9
      vertex 73.49 36.25 63.9
    endloop
  endfacet
  facet normal 0 0 1
    outer loop
      vertex 74.4273 33.9873 63.9
      vertex 69.9527 33.9873 63.9
      vertex 74.4273 29.5127 63.9
    endloop
  endfacet
  facet normal 0 0 1
    outer loop
      vertex 74.4273 69.9873 63.9
      vertex 69.9527 69.9873 63.9
      vertex 74.4273 65.5127 63.9
    endloop
  endfacet
  facet normal 0 0 1
    outer loop
      vertex 74.4273 74.5127 63.9
      vertex 70.89 72.25 63.9
      vertex 73.49 72.25 63.9
    endloop
  endfacet
  facet normal 0 0 1
    outer loop
      vertex 74.4273 74.5127 63.9
      vertex 69.9527 74.5127 63.9
      vertex 70.89 72.25 63.9
    endloop
  endfacet
  facet normal 0 0 1
    outer loop
      vertex 76.69 75.45 63.9
      vertex 69.9527 74.5127 63.9
      vertex 74.4273 74.5127 63.9
    endloop
  endfacet
  facet normal 0 0 1
    outer loop
      vertex 67.69 75.45 63.9
      vertex 76.69 75.45 63.9
      vertex 127.76 85.48 63.9
    endloop
  endfacet
  facet normal 0 0 1
    outer loop
      vertex 76.69 75.45 63.9
      vertex 67.69 75.45 63.9
      vertex 69.9527 74.5127 63.9
    endloop
  endfacet
  facet normal 0 0 1
    outer loop
      vertex 65.4273 65.5127 63.9
      vertex 61.89 63.25 63.9
      vertex 64.49 63.25 63.9
    endloop
  endfacet
  facet normal 0 0 1
    outer loop
      vertex 65.4273 60.9873 63.9
      vertex 60.9527 60.9873 63.9
      vertex 65.4273 56.5127 63.9
    endloop
  endfacet
  facet normal 0 0 1
    outer loop
      vertex 65.4273 51.9873 63.9
      vertex 60.9527 51.9873 63.9
      vertex 65.4273 47.5127 63.9
    endloop
  endfacet
  facet normal 0 0 1
    outer loop
      vertex 65.4273 47.5127 63.9
      vertex 61.89 45.25 63.9
      vertex 64.49 45.25 63.9
    endloop
  endfacet
  facet normal 0 0 1
    outer loop
      vertex 65.4273 38.5127 63.9
      vertex 61.89 36.25 63.9
      vertex 64.49 36.25 63.9
    endloop
  endfacet
  facet normal 0 0 1
    outer loop
      vertex 65.4273 33.9873 63.9
      vertex 60.9527 33.9873 63.9
      vertex 65.4273 29.5127 63.9
    endloop
  endfacet
  facet normal 0 0 1
    outer loop
      vertex 65.4273 69.9873 63.9
      vertex 60.9527 69.9873 63.9
      vertex 65.4273 65.5127 63.9
    endloop
  endfacet
  facet normal 0 0 1
    outer loop
      vertex 65.4273 74.5127 63.9
      vertex 61.89 72.25 63.9
      vertex 64.49 72.25 63.9
    endloop
  endfacet
  facet normal 0 0 1
    outer loop
      vertex 65.4273 74.5127 63.9
      vertex 60.9527 74.5127 63.9
      vertex 61.89 72.25 63.9
    endloop
  endfacet
  facet normal 0 0 1
    outer loop
      vertex 67.69 75.45 63.9
      vertex 60.9527 74.5127 63.9
      vertex 65.4273 74.5127 63.9
    endloop
  endfacet
  facet normal 0 0 1
    outer loop
      vertex 58.69 75.45 63.9
      vertex 67.69 75.45 63.9
      vertex 127.76 85.48 63.9
    endloop
  endfacet
  facet normal 0 0 1
    outer loop
      vertex 67.69 75.45 63.9
      vertex 58.69 75.45 63.9
      vertex 60.9527 74.5127 63.9
    endloop
  endfacet
  facet normal 0 0 1
    outer loop
      vertex 56.4273 65.5127 63.9
      vertex 52.89 63.25 63.9
      vertex 55.49 63.25 63.9
    endloop
  endfacet
  facet normal 0 0 1
    outer loop
      vertex 56.4273 60.9873 63.9
      vertex 51.9527 60.9873 63.9
      vertex 56.4273 56.5127 63.9
    endloop
  endfacet
  facet normal 0 0 1
    outer loop
      vertex 56.4273 51.9873 63.9
      vertex 51.9527 51.9873 63.9
      vertex 56.4273 47.5127 63.9
    endloop
  endfacet
  facet normal 0 0 1
    outer loop
      vertex 56.4273 47.5127 63.9
      vertex 52.89 45.25 63.9
      vertex 55.49 45.25 63.9
    endloop
  endfacet
  facet normal 0 0 1
    outer loop
      vertex 56.4273 38.5127 63.9
      vertex 52.89 36.25 63.9
      vertex 55.49 36.25 63.9
    endloop
  endfacet
  facet normal 0 0 1
    outer loop
      vertex 56.4273 33.9873 63.9
      vertex 51.9527 33.9873 63.9
      vertex 56.4273 29.5127 63.9
    endloop
  endfacet
  facet normal 0 0 1
    outer loop
      vertex 56.4273 69.9873 63.9
      vertex 51.9527 69.9873 63.9
      vertex 56.4273 65.5127 63.9
    endloop
  endfacet
  facet normal 0 0 1
    outer loop
      vertex 56.4273 74.5127 63.9
      vertex 52.89 72.25 63.9
      vertex 55.49 72.25 63.9
    endloop
  endfacet
  facet normal 0 0 1
    outer loop
      vertex 56.4273 74.5127 63.9
      vertex 51.9527 74.5127 63.9
      vertex 52.89 72.25 63.9
    endloop
  endfacet
  facet normal 0 0 1
    outer loop
      vertex 58.69 75.45 63.9
      vertex 51.9527 74.5127 63.9
      vertex 56.4273 74.5127 63.9
    endloop
  endfacet
  facet normal -0 0 1
    outer loop
      vertex 0 85.48 63.9
      vertex 58.69 75.45 63.9
      vertex 127.76 85.48 63.9
    endloop
  endfacet
  facet normal 0 0 1
    outer loop
      vertex 58.69 75.45 63.9
      vertex 49.69 75.45 63.9
      vertex 51.9527 74.5127 63.9
    endloop
  endfacet
  facet normal 0 0 1
    outer loop
      vertex 47.4273 65.5127 63.9
      vertex 43.89 63.25 63.9
      vertex 46.49 63.25 63.9
    endloop
  endfacet
  facet normal 0 0 1
    outer loop
      vertex 47.4273 60.9873 63.9
      vertex 42.9527 60.9873 63.9
      vertex 47.4273 56.5127 63.9
    endloop
  endfacet
  facet normal 0 0 1
    outer loop
      vertex 47.4273 51.9873 63.9
      vertex 42.9527 51.9873 63.9
      vertex 47.4273 47.5127 63.9
    endloop
  endfacet
  facet normal 0 0 1
    outer loop
      vertex 47.4273 47.5127 63.9
      vertex 43.89 45.25 63.9
      vertex 46.49 45.25 63.9
    endloop
  endfacet
  facet normal 0 0 1
    outer loop
      vertex 47.4273 38.5127 63.9
      vertex 43.89 36.25 63.9
      vertex 46.49 36.25 63.9
    endloop
  endfacet
  facet normal 0 0 1
    outer loop
      vertex 47.4273 33.9873 63.9
      vertex 42.9527 33.9873 63.9
      vertex 47.4273 29.5127 63.9
    endloop
  endfacet
  facet normal 0 0 1
    outer loop
      vertex 47.4273 69.9873 63.9
      vertex 42.9527 69.9873 63.9
      vertex 47.4273 65.5127 63.9
    endloop
  endfacet
  facet normal 0 0 1
    outer loop
      vertex 47.4273 74.5127 63.9
      vertex 43.89 72.25 63.9
      vertex 46.49 72.25 63.9
    endloop
  endfacet
  facet normal 0 0 1
    outer loop
      vertex 47.4273 74.5127 63.9
      vertex 42.9527 74.5127 63.9
      vertex 43.89 72.25 63.9
    endloop
  endfacet
  facet normal 0 0 1
    outer loop
      vertex 49.69 75.45 63.9
      vertex 42.9527 74.5127 63.9
      vertex 47.4273 74.5127 63.9
    endloop
  endfacet
  facet normal 0 0 1
    outer loop
      vertex 49.69 75.45 63.9
      vertex 40.69 75.45 63.9
      vertex 42.9527 74.5127 63.9
    endloop
  endfacet
  facet normal 0 0 1
    outer loop
      vertex 58.69 75.45 63.9
      vertex 0 85.48 63.9
      vertex 49.69 75.45 63.9
    endloop
  endfacet
  facet normal 0 0 1
    outer loop
      vertex 38.4273 65.5127 63.9
      vertex 34.89 63.25 63.9
      vertex 37.49 63.25 63.9
    endloop
  endfacet
  facet normal 0 0 1
    outer loop
      vertex 38.4273 60.9873 63.9
      vertex 33.9527 60.9873 63.9
      vertex 38.4273 56.5127 63.9
    endloop
  endfacet
  facet normal 0 0 1
    outer loop
      vertex 38.4273 51.9873 63.9
      vertex 33.9527 51.9873 63.9
      vertex 38.4273 47.5127 63.9
    endloop
  endfacet
  facet normal 0 0 1
    outer loop
      vertex 38.4273 47.5127 63.9
      vertex 34.89 45.25 63.9
      vertex 37.49 45.25 63.9
    endloop
  endfacet
  facet normal 0 0 1
    outer loop
      vertex 38.4273 38.5127 63.9
      vertex 34.89 36.25 63.9
      vertex 37.49 36.25 63.9
    endloop
  endfacet
  facet normal 0 0 1
    outer loop
      vertex 38.4273 33.9873 63.9
      vertex 33.9527 33.9873 63.9
      vertex 38.4273 29.5127 63.9
    endloop
  endfacet
  facet normal 0 0 1
    outer loop
      vertex 38.4273 69.9873 63.9
      vertex 33.9527 69.9873 63.9
      vertex 38.4273 65.5127 63.9
    endloop
  endfacet
  facet normal 0 0 1
    outer loop
      vertex 38.4273 74.5127 63.9
      vertex 34.89 72.25 63.9
      vertex 37.49 72.25 63.9
    endloop
  endfacet
  facet normal 0 0 1
    outer loop
      vertex 38.4273 74.5127 63.9
      vertex 33.9527 74.5127 63.9
      vertex 34.89 72.25 63.9
    endloop
  endfacet
  facet normal 0 0 1
    outer loop
      vertex 40.69 75.45 63.9
      vertex 33.9527 74.5127 63.9
      vertex 38.4273 74.5127 63.9
    endloop
  endfacet
  facet normal 0 0 1
    outer loop
      vertex 40.69 75.45 63.9
      vertex 31.69 75.45 63.9
      vertex 33.9527 74.5127 63.9
    endloop
  endfacet
  facet normal 0 0 1
    outer loop
      vertex 49.69 75.45 63.9
      vertex 0 85.48 63.9
      vertex 40.69 75.45 63.9
    endloop
  endfacet
  facet normal 0 0 1
    outer loop
      vertex 29.4273 65.5127 63.9
      vertex 25.89 63.25 63.9
      vertex 28.49 63.25 63.9
    endloop
  endfacet
  facet normal 0 0 1
    outer loop
      vertex 29.4273 60.9873 63.9
      vertex 24.9527 60.9873 63.9
      vertex 29.4273 56.5127 63.9
    endloop
  endfacet
  facet normal 0 0 1
    outer loop
      vertex 29.4273 51.9873 63.9
      vertex 24.9527 51.9873 63.9
      vertex 29.4273 47.5127 63.9
    endloop
  endfacet
  facet normal 0 0 1
    outer loop
      vertex 29.4273 47.5127 63.9
      vertex 25.89 45.25 63.9
      vertex 28.49 45.25 63.9
    endloop
  endfacet
  facet normal 0 0 1
    outer loop
      vertex 29.4273 38.5127 63.9
      vertex 25.89 36.25 63.9
      vertex 28.49 36.25 63.9
    endloop
  endfacet
  facet normal 0 0 1
    outer loop
      vertex 29.4273 33.9873 63.9
      vertex 24.9527 33.9873 63.9
      vertex 29.4273 29.5127 63.9
    endloop
  endfacet
  facet normal 0 0 1
    outer loop
      vertex 29.4273 69.9873 63.9
      vertex 24.9527 69.9873 63.9
      vertex 29.4273 65.5127 63.9
    endloop
  endfacet
  facet normal 0 0 1
    outer loop
      vertex 29.4273 74.5127 63.9
      vertex 25.89 72.25 63.9
      vertex 28.49 72.25 63.9
    endloop
  endfacet
  facet normal 0 0 1
    outer loop
      vertex 29.4273 74.5127 63.9
      vertex 24.9527 74.5127 63.9
      vertex 25.89 72.25 63.9
    endloop
  endfacet
  facet normal 0 0 1
    outer loop
      vertex 31.69 75.45 63.9
      vertex 24.9527 74.5127 63.9
      vertex 29.4273 74.5127 63.9
    endloop
  endfacet
  facet normal 0 0 1
    outer loop
      vertex 31.69 75.45 63.9
      vertex 22.69 75.45 63.9
      vertex 24.9527 74.5127 63.9
    endloop
  endfacet
  facet normal 0 0 1
    outer loop
      vertex 40.69 75.45 63.9
      vertex 0 85.48 63.9
      vertex 31.69 75.45 63.9
    endloop
  endfacet
  facet normal 0 0 1
    outer loop
      vertex 20.4273 65.5127 63.9
      vertex 16.89 63.25 63.9
      vertex 19.49 63.25 63.9
    endloop
  endfacet
  facet normal 0 0 1
    outer loop
      vertex 20.4273 60.9873 63.9
      vertex 15.9527 60.9873 63.9
      vertex 20.4273 56.5127 63.9
    endloop
  endfacet
  facet normal 0 0 1
    outer loop
      vertex 20.4273 51.9873 63.9
      vertex 15.9527 51.9873 63.9
      vertex 20.4273 47.5127 63.9
    endloop
  endfacet
  facet normal 0 0 1
    outer loop
      vertex 20.4273 47.5127 63.9
      vertex 16.89 45.25 63.9
      vertex 19.49 45.25 63.9
    endloop
  endfacet
  facet normal 0 0 1
    outer loop
      vertex 20.4273 38.5127 63.9
      vertex 16.89 36.25 63.9
      vertex 19.49 36.25 63.9
    endloop
  endfacet
  facet normal 0 0 1
    outer loop
      vertex 20.4273 33.9873 63.9
      vertex 15.9527 33.9873 63.9
      vertex 20.4273 29.5127 63.9
    endloop
  endfacet
  facet normal 0 0 1
    outer loop
      vertex 20.4273 69.9873 63.9
      vertex 15.9527 69.9873 63.9
      vertex 20.4273 65.5127 63.9
    endloop
  endfacet
  facet normal 0 0 1
    outer loop
      vertex 20.4273 74.5127 63.9
      vertex 16.89 72.25 63.9
      vertex 19.49 72.25 63.9
    endloop
  endfacet
  facet normal 0 0 1
    outer loop
      vertex 20.4273 74.5127 63.9
      vertex 15.9527 74.5127 63.9
      vertex 16.89 72.25 63.9
    endloop
  endfacet
  facet normal 0 0 1
    outer loop
      vertex 22.69 75.45 63.9
      vertex 15.9527 74.5127 63.9
      vertex 20.4273 74.5127 63.9
    endloop
  endfacet
  facet normal 0 0 1
    outer loop
      vertex 22.69 75.45 63.9
      vertex 13.69 75.45 63.9
      vertex 15.9527 74.5127 63.9
    endloop
  endfacet
  facet normal 0 0 1
    outer loop
      vertex 31.69 75.45 63.9
      vertex 0 85.48 63.9
      vertex 22.69 75.45 63.9
    endloop
  endfacet
  facet normal 0 0 1
    outer loop
      vertex 0 85.48 63.9
      vertex 10.49 63.25 63.9
      vertex 10.49 72.25 63.9
    endloop
  endfacet
  facet normal 0 0 1
    outer loop
      vertex 10.49 63.25 63.9
      vertex 0 85.48 63.9
      vertex 10.49 54.25 63.9
    endloop
  endfacet
  facet normal 0 0 1
    outer loop
      vertex 10.49 54.25 63.9
      vertex 0 85.48 63.9
      vertex 10.49 45.25 63.9
    endloop
  endfacet
  facet normal 0 0 1
    outer loop
      vertex 0 0 63.9
      vertex 10.49 45.25 63.9
      vertex 0 85.48 63.9
    endloop
  endfacet
  facet normal 0 0 1
    outer loop
      vertex 10.49 45.25 63.9
      vertex 0 0 63.9
      vertex 10.49 36.25 63.9
    endloop
  endfacet
  facet normal 0 0 1
    outer loop
      vertex 10.49 36.25 63.9
      vertex 0 0 63.9
      vertex 10.49 27.25 63.9
    endloop
  endfacet
  facet normal 0 0 1
    outer loop
      vertex 10.49 27.25 63.9
      vertex 0 0 63.9
      vertex 10.49 18.25 63.9
    endloop
  endfacet
  facet normal 0 0 1
    outer loop
      vertex 11.4273 74.5127 63.9
      vertex 0 85.48 63.9
      vertex 10.49 72.25 63.9
    endloop
  endfacet
  facet normal 0 0 1
    outer loop
      vertex 13.69 75.45 63.9
      vertex 0 85.48 63.9
      vertex 11.4273 74.5127 63.9
    endloop
  endfacet
  facet normal 0 0 1
    outer loop
      vertex 22.69 75.45 63.9
      vertex 0 85.48 63.9
      vertex 13.69 75.45 63.9
    endloop
  endfacet
  facet normal 0 0 1
    outer loop
      vertex 115.89 54.25 63.9
      vertex 127.76 85.48 63.9
      vertex 115.89 63.25 63.9
    endloop
  endfacet
  facet normal 0 0 1
    outer loop
      vertex 115.89 45.25 63.9
      vertex 127.76 85.48 63.9
      vertex 115.89 54.25 63.9
    endloop
  endfacet
  facet normal 0 0 1
    outer loop
      vertex 127.76 85.48 63.9
      vertex 115.89 45.25 63.9
      vertex 127.76 0 63.9
    endloop
  endfacet
  facet normal -0 0 1
    outer loop
      vertex 115.89 36.25 63.9
      vertex 127.76 0 63.9
      vertex 115.89 45.25 63.9
    endloop
  endfacet
  facet normal -0 0 1
    outer loop
      vertex 115.89 27.25 63.9
      vertex 127.76 0 63.9
      vertex 115.89 36.25 63.9
    endloop
  endfacet
  facet normal -0 0 1
    outer loop
      vertex 115.89 18.25 63.9
      vertex 127.76 0 63.9
      vertex 115.89 27.25 63.9
    endloop
  endfacet
  facet normal -0 0 1
    outer loop
      vertex 115.89 9.25 63.9
      vertex 127.76 0 63.9
      vertex 115.89 18.25 63.9
    endloop
  endfacet
  facet normal -0 0 1
    outer loop
      vertex 114.953 6.98726 63.9
      vertex 127.76 0 63.9
      vertex 115.89 9.25 63.9
    endloop
  endfacet
  facet normal -0 0 1
    outer loop
      vertex 112.69 6.05 63.9
      vertex 127.76 0 63.9
      vertex 114.953 6.98726 63.9
    endloop
  endfacet
  facet normal 0 0 1
    outer loop
      vertex 110.427 56.5127 63.9
      vertex 106.89 54.25 63.9
      vertex 109.49 54.25 63.9
    endloop
  endfacet
  facet normal 0 0 1
    outer loop
      vertex 110.427 42.9873 63.9
      vertex 105.953 42.9873 63.9
      vertex 110.427 38.5127 63.9
    endloop
  endfacet
  facet normal 0 0 1
    outer loop
      vertex 110.427 29.5127 63.9
      vertex 106.89 27.25 63.9
      vertex 109.49 27.25 63.9
    endloop
  endfacet
  facet normal 0 0 1
    outer loop
      vertex 110.427 24.9873 63.9
      vertex 105.953 24.9873 63.9
      vertex 110.427 20.5127 63.9
    endloop
  endfacet
  facet normal 0 0 1
    outer loop
      vertex 110.427 20.5127 63.9
      vertex 106.89 18.25 63.9
      vertex 109.49 18.25 63.9
    endloop
  endfacet
  facet normal 0 0 1
    outer loop
      vertex 110.427 15.9873 63.9
      vertex 105.953 15.9873 63.9
      vertex 110.427 11.5127 63.9
    endloop
  endfacet
  facet normal 0 0 1
    outer loop
      vertex 110.427 11.5127 63.9
      vertex 106.89 9.25 63.9
      vertex 109.49 9.25 63.9
    endloop
  endfacet
  facet normal -0 0 1
    outer loop
      vertex 106.89 9.25 63.9
      vertex 110.427 6.98726 63.9
      vertex 109.49 9.25 63.9
    endloop
  endfacet
  facet normal 0 0 1
    outer loop
      vertex 105.953 6.98726 63.9
      vertex 110.427 6.98726 63.9
      vertex 106.89 9.25 63.9
    endloop
  endfacet
  facet normal -0 0 1
    outer loop
      vertex 105.953 6.98726 63.9
      vertex 112.69 6.05 63.9
      vertex 110.427 6.98726 63.9
    endloop
  endfacet
  facet normal 0 0 1
    outer loop
      vertex 103.69 6.05 63.9
      vertex 112.69 6.05 63.9
      vertex 105.953 6.98726 63.9
    endloop
  endfacet
  facet normal 0 0 1
    outer loop
      vertex 112.69 6.05 63.9
      vertex 103.69 6.05 63.9
      vertex 127.76 0 63.9
    endloop
  endfacet
  facet normal 0 0 1
    outer loop
      vertex 101.427 56.5127 63.9
      vertex 97.89 54.25 63.9
      vertex 100.49 54.25 63.9
    endloop
  endfacet
  facet normal 0 0 1
    outer loop
      vertex 101.427 42.9873 63.9
      vertex 96.9527 42.9873 63.9
      vertex 101.427 38.5127 63.9
    endloop
  endfacet
  facet normal 0 0 1
    outer loop
      vertex 101.427 29.5127 63.9
      vertex 97.89 27.25 63.9
      vertex 100.49 27.25 63.9
    endloop
  endfacet
  facet normal 0 0 1
    outer loop
      vertex 101.427 24.9873 63.9
      vertex 96.9527 24.9873 63.9
      vertex 101.427 20.5127 63.9
    endloop
  endfacet
  facet normal 0 0 1
    outer loop
      vertex 101.427 20.5127 63.9
      vertex 97.89 18.25 63.9
      vertex 100.49 18.25 63.9
    endloop
  endfacet
  facet normal 0 0 1
    outer loop
      vertex 101.427 15.9873 63.9
      vertex 96.9527 15.9873 63.9
      vertex 101.427 11.5127 63.9
    endloop
  endfacet
  facet normal 0 0 1
    outer loop
      vertex 101.427 11.5127 63.9
      vertex 97.89 9.25 63.9
      vertex 100.49 9.25 63.9
    endloop
  endfacet
  facet normal -0 0 1
    outer loop
      vertex 97.89 9.25 63.9
      vertex 101.427 6.98726 63.9
      vertex 100.49 9.25 63.9
    endloop
  endfacet
  facet normal 0 0 1
    outer loop
      vertex 96.9527 6.98726 63.9
      vertex 101.427 6.98726 63.9
      vertex 97.89 9.25 63.9
    endloop
  endfacet
  facet normal -0 0 1
    outer loop
      vertex 96.9527 6.98726 63.9
      vertex 103.69 6.05 63.9
      vertex 101.427 6.98726 63.9
    endloop
  endfacet
  facet normal 0 0 1
    outer loop
      vertex 94.69 6.05 63.9
      vertex 103.69 6.05 63.9
      vertex 96.9527 6.98726 63.9
    endloop
  endfacet
  facet normal 0 0 1
    outer loop
      vertex 103.69 6.05 63.9
      vertex 94.69 6.05 63.9
      vertex 127.76 0 63.9
    endloop
  endfacet
  facet normal 0 0 1
    outer loop
      vertex 92.4273 56.5127 63.9
      vertex 88.89 54.25 63.9
      vertex 91.49 54.25 63.9
    endloop
  endfacet
  facet normal 0 0 1
    outer loop
      vertex 92.4273 42.9873 63.9
      vertex 87.9527 42.9873 63.9
      vertex 92.4273 38.5127 63.9
    endloop
  endfacet
  facet normal 0 0 1
    outer loop
      vertex 92.4273 29.5127 63.9
      vertex 88.89 27.25 63.9
      vertex 91.49 27.25 63.9
    endloop
  endfacet
  facet normal 0 0 1
    outer loop
      vertex 92.4273 24.9873 63.9
      vertex 87.9527 24.9873 63.9
      vertex 92.4273 20.5127 63.9
    endloop
  endfacet
  facet normal 0 0 1
    outer loop
      vertex 92.4273 20.5127 63.9
      vertex 88.89 18.25 63.9
      vertex 91.49 18.25 63.9
    endloop
  endfacet
  facet normal 0 0 1
    outer loop
      vertex 92.4273 15.9873 63.9
      vertex 87.9527 15.9873 63.9
      vertex 92.4273 11.5127 63.9
    endloop
  endfacet
  facet normal 0 0 1
    outer loop
      vertex 92.4273 11.5127 63.9
      vertex 88.89 9.25 63.9
      vertex 91.49 9.25 63.9
    endloop
  endfacet
  facet normal -0 0 1
    outer loop
      vertex 88.89 9.25 63.9
      vertex 92.4273 6.98726 63.9
      vertex 91.49 9.25 63.9
    endloop
  endfacet
  facet normal 0 0 1
    outer loop
      vertex 87.9527 6.98726 63.9
      vertex 92.4273 6.98726 63.9
      vertex 88.89 9.25 63.9
    endloop
  endfacet
  facet normal -0 0 1
    outer loop
      vertex 87.9527 6.98726 63.9
      vertex 94.69 6.05 63.9
      vertex 92.4273 6.98726 63.9
    endloop
  endfacet
  facet normal 0 0 1
    outer loop
      vertex 85.69 6.05 63.9
      vertex 94.69 6.05 63.9
      vertex 87.9527 6.98726 63.9
    endloop
  endfacet
  facet normal 0 0 1
    outer loop
      vertex 94.69 6.05 63.9
      vertex 85.69 6.05 63.9
      vertex 127.76 0 63.9
    endloop
  endfacet
  facet normal 0 0 1
    outer loop
      vertex 83.4273 56.5127 63.9
      vertex 79.89 54.25 63.9
      vertex 82.49 54.25 63.9
    endloop
  endfacet
  facet normal 0 0 1
    outer loop
      vertex 83.4273 42.9873 63.9
      vertex 78.9527 42.9873 63.9
      vertex 83.4273 38.5127 63.9
    endloop
  endfacet
  facet normal 0 0 1
    outer loop
      vertex 83.4273 29.5127 63.9
      vertex 79.89 27.25 63.9
      vertex 82.49 27.25 63.9
    endloop
  endfacet
  facet normal 0 0 1
    outer loop
      vertex 83.4273 24.9873 63.9
      vertex 78.9527 24.9873 63.9
      vertex 83.4273 20.5127 63.9
    endloop
  endfacet
  facet normal 0 0 1
    outer loop
      vertex 83.4273 20.5127 63.9
      vertex 79.89 18.25 63.9
      vertex 82.49 18.25 63.9
    endloop
  endfacet
  facet normal 0 0 1
    outer loop
      vertex 83.4273 15.9873 63.9
      vertex 78.9527 15.9873 63.9
      vertex 83.4273 11.5127 63.9
    endloop
  endfacet
  facet normal 0 0 1
    outer loop
      vertex 83.4273 11.5127 63.9
      vertex 79.89 9.25 63.9
      vertex 82.49 9.25 63.9
    endloop
  endfacet
  facet normal -0 0 1
    outer loop
      vertex 79.89 9.25 63.9
      vertex 83.4273 6.98726 63.9
      vertex 82.49 9.25 63.9
    endloop
  endfacet
  facet normal 0 0 1
    outer loop
      vertex 78.9527 6.98726 63.9
      vertex 83.4273 6.98726 63.9
      vertex 79.89 9.25 63.9
    endloop
  endfacet
  facet normal -0 0 1
    outer loop
      vertex 78.9527 6.98726 63.9
      vertex 85.69 6.05 63.9
      vertex 83.4273 6.98726 63.9
    endloop
  endfacet
  facet normal 0 0 1
    outer loop
      vertex 76.69 6.05 63.9
      vertex 85.69 6.05 63.9
      vertex 78.9527 6.98726 63.9
    endloop
  endfacet
  facet normal 0 0 1
    outer loop
      vertex 85.69 6.05 63.9
      vertex 76.69 6.05 63.9
      vertex 127.76 0 63.9
    endloop
  endfacet
  facet normal 0 0 1
    outer loop
      vertex 74.4273 56.5127 63.9
      vertex 70.89 54.25 63.9
      vertex 73.49 54.25 63.9
    endloop
  endfacet
  facet normal 0 0 1
    outer loop
      vertex 74.4273 42.9873 63.9
      vertex 69.9527 42.9873 63.9
      vertex 74.4273 38.5127 63.9
    endloop
  endfacet
  facet normal 0 0 1
    outer loop
      vertex 74.4273 29.5127 63.9
      vertex 70.89 27.25 63.9
      vertex 73.49 27.25 63.9
    endloop
  endfacet
  facet normal 0 0 1
    outer loop
      vertex 74.4273 24.9873 63.9
      vertex 69.9527 24.9873 63.9
      vertex 74.4273 20.5127 63.9
    endloop
  endfacet
  facet normal 0 0 1
    outer loop
      vertex 74.4273 20.5127 63.9
      vertex 70.89 18.25 63.9
      vertex 73.49 18.25 63.9
    endloop
  endfacet
  facet normal 0 0 1
    outer loop
      vertex 74.4273 15.9873 63.9
      vertex 69.9527 15.9873 63.9
      vertex 74.4273 11.5127 63.9
    endloop
  endfacet
  facet normal 0 0 1
    outer loop
      vertex 74.4273 11.5127 63.9
      vertex 70.89 9.25 63.9
      vertex 73.49 9.25 63.9
    endloop
  endfacet
  facet normal -0 0 1
    outer loop
      vertex 70.89 9.25 63.9
      vertex 74.4273 6.98726 63.9
      vertex 73.49 9.25 63.9
    endloop
  endfacet
  facet normal 0 0 1
    outer loop
      vertex 69.9527 6.98726 63.9
      vertex 74.4273 6.98726 63.9
      vertex 70.89 9.25 63.9
    endloop
  endfacet
  facet normal -0 0 1
    outer loop
      vertex 69.9527 6.98726 63.9
      vertex 76.69 6.05 63.9
      vertex 74.4273 6.98726 63.9
    endloop
  endfacet
  facet normal 0 0 1
    outer loop
      vertex 67.69 6.05 63.9
      vertex 76.69 6.05 63.9
      vertex 69.9527 6.98726 63.9
    endloop
  endfacet
  facet normal -0 0 1
    outer loop
      vertex 67.69 6.05 63.9
      vertex 127.76 0 63.9
      vertex 76.69 6.05 63.9
    endloop
  endfacet
  facet normal 0 0 1
    outer loop
      vertex 65.4273 56.5127 63.9
      vertex 61.89 54.25 63.9
      vertex 64.49 54.25 63.9
    endloop
  endfacet
  facet normal 0 0 1
    outer loop
      vertex 65.4273 42.9873 63.9
      vertex 60.9527 42.9873 63.9
      vertex 65.4273 38.5127 63.9
    endloop
  endfacet
  facet normal 0 0 1
    outer loop
      vertex 65.4273 29.5127 63.9
      vertex 61.89 27.25 63.9
      vertex 64.49 27.25 63.9
    endloop
  endfacet
  facet normal 0 0 1
    outer loop
      vertex 65.4273 24.9873 63.9
      vertex 60.9527 24.9873 63.9
      vertex 65.4273 20.5127 63.9
    endloop
  endfacet
  facet normal 0 0 1
    outer loop
      vertex 65.4273 20.5127 63.9
      vertex 61.89 18.25 63.9
      vertex 64.49 18.25 63.9
    endloop
  endfacet
  facet normal 0 0 1
    outer loop
      vertex 65.4273 15.9873 63.9
      vertex 60.9527 15.9873 63.9
      vertex 65.4273 11.5127 63.9
    endloop
  endfacet
  facet normal 0 0 1
    outer loop
      vertex 65.4273 11.5127 63.9
      vertex 61.89 9.25 63.9
      vertex 64.49 9.25 63.9
    endloop
  endfacet
  facet normal -0 0 1
    outer loop
      vertex 61.89 9.25 63.9
      vertex 65.4273 6.98726 63.9
      vertex 64.49 9.25 63.9
    endloop
  endfacet
  facet normal 0 0 1
    outer loop
      vertex 60.9527 6.98726 63.9
      vertex 65.4273 6.98726 63.9
      vertex 61.89 9.25 63.9
    endloop
  endfacet
  facet normal -0 0 1
    outer loop
      vertex 60.9527 6.98726 63.9
      vertex 67.69 6.05 63.9
      vertex 65.4273 6.98726 63.9
    endloop
  endfacet
  facet normal 0 0 1
    outer loop
      vertex 58.69 6.05 63.9
      vertex 67.69 6.05 63.9
      vertex 60.9527 6.98726 63.9
    endloop
  endfacet
  facet normal -0 0 1
    outer loop
      vertex 58.69 6.05 63.9
      vertex 127.76 0 63.9
      vertex 67.69 6.05 63.9
    endloop
  endfacet
  facet normal 0 0 1
    outer loop
      vertex 56.4273 56.5127 63.9
      vertex 52.89 54.25 63.9
      vertex 55.49 54.25 63.9
    endloop
  endfacet
  facet normal 0 0 1
    outer loop
      vertex 56.4273 42.9873 63.9
      vertex 51.9527 42.9873 63.9
      vertex 56.4273 38.5127 63.9
    endloop
  endfacet
  facet normal 0 0 1
    outer loop
      vertex 56.4273 29.5127 63.9
      vertex 52.89 27.25 63.9
      vertex 55.49 27.25 63.9
    endloop
  endfacet
  facet normal 0 0 1
    outer loop
      vertex 56.4273 24.9873 63.9
      vertex 51.9527 24.9873 63.9
      vertex 56.4273 20.5127 63.9
    endloop
  endfacet
  facet normal 0 0 1
    outer loop
      vertex 56.4273 20.5127 63.9
      vertex 52.89 18.25 63.9
      vertex 55.49 18.25 63.9
    endloop
  endfacet
  facet normal 0 0 1
    outer loop
      vertex 56.4273 15.9873 63.9
      vertex 51.9527 15.9873 63.9
      vertex 56.4273 11.5127 63.9
    endloop
  endfacet
  facet normal 0 0 1
    outer loop
      vertex 56.4273 11.5127 63.9
      vertex 52.89 9.25 63.9
      vertex 55.49 9.25 63.9
    endloop
  endfacet
  facet normal -0 0 1
    outer loop
      vertex 52.89 9.25 63.9
      vertex 56.4273 6.98726 63.9
      vertex 55.49 9.25 63.9
    endloop
  endfacet
  facet normal 0 0 1
    outer loop
      vertex 51.9527 6.98726 63.9
      vertex 56.4273 6.98726 63.9
      vertex 52.89 9.25 63.9
    endloop
  endfacet
  facet normal -0 0 1
    outer loop
      vertex 51.9527 6.98726 63.9
      vertex 58.69 6.05 63.9
      vertex 56.4273 6.98726 63.9
    endloop
  endfacet
  facet normal 0 0 1
    outer loop
      vertex 49.69 6.05 63.9
      vertex 58.69 6.05 63.9
      vertex 51.9527 6.98726 63.9
    endloop
  endfacet
  facet normal 0 0 1
    outer loop
      vertex 0 0 63.9
      vertex 58.69 6.05 63.9
      vertex 49.69 6.05 63.9
    endloop
  endfacet
  facet normal 0 0 1
    outer loop
      vertex 47.4273 56.5127 63.9
      vertex 43.89 54.25 63.9
      vertex 46.49 54.25 63.9
    endloop
  endfacet
  facet normal 0 0 1
    outer loop
      vertex 47.4273 42.9873 63.9
      vertex 42.9527 42.9873 63.9
      vertex 47.4273 38.5127 63.9
    endloop
  endfacet
  facet normal 0 0 1
    outer loop
      vertex 47.4273 29.5127 63.9
      vertex 43.89 27.25 63.9
      vertex 46.49 27.25 63.9
    endloop
  endfacet
  facet normal 0 0 1
    outer loop
      vertex 47.4273 24.9873 63.9
      vertex 42.9527 24.9873 63.9
      vertex 47.4273 20.5127 63.9
    endloop
  endfacet
  facet normal 0 0 1
    outer loop
      vertex 47.4273 20.5127 63.9
      vertex 43.89 18.25 63.9
      vertex 46.49 18.25 63.9
    endloop
  endfacet
  facet normal 0 0 1
    outer loop
      vertex 47.4273 15.9873 63.9
      vertex 42.9527 15.9873 63.9
      vertex 47.4273 11.5127 63.9
    endloop
  endfacet
  facet normal 0 0 1
    outer loop
      vertex 47.4273 11.5127 63.9
      vertex 43.89 9.25 63.9
      vertex 46.49 9.25 63.9
    endloop
  endfacet
  facet normal -0 0 1
    outer loop
      vertex 43.89 9.25 63.9
      vertex 47.4273 6.98726 63.9
      vertex 46.49 9.25 63.9
    endloop
  endfacet
  facet normal 0 0 1
    outer loop
      vertex 42.9527 6.98726 63.9
      vertex 47.4273 6.98726 63.9
      vertex 43.89 9.25 63.9
    endloop
  endfacet
  facet normal -0 0 1
    outer loop
      vertex 42.9527 6.98726 63.9
      vertex 49.69 6.05 63.9
      vertex 47.4273 6.98726 63.9
    endloop
  endfacet
  facet normal 0 0 1
    outer loop
      vertex 40.69 6.05 63.9
      vertex 49.69 6.05 63.9
      vertex 42.9527 6.98726 63.9
    endloop
  endfacet
  facet normal 0 0 1
    outer loop
      vertex 0 0 63.9
      vertex 49.69 6.05 63.9
      vertex 40.69 6.05 63.9
    endloop
  endfacet
  facet normal 0 0 1
    outer loop
      vertex 38.4273 56.5127 63.9
      vertex 34.89 54.25 63.9
      vertex 37.49 54.25 63.9
    endloop
  endfacet
  facet normal 0 0 1
    outer loop
      vertex 38.4273 42.9873 63.9
      vertex 33.9527 42.9873 63.9
      vertex 38.4273 38.5127 63.9
    endloop
  endfacet
  facet normal 0 0 1
    outer loop
      vertex 38.4273 29.5127 63.9
      vertex 34.89 27.25 63.9
      vertex 37.49 27.25 63.9
    endloop
  endfacet
  facet normal 0 0 1
    outer loop
      vertex 38.4273 24.9873 63.9
      vertex 33.9527 24.9873 63.9
      vertex 38.4273 20.5127 63.9
    endloop
  endfacet
  facet normal 0 0 1
    outer loop
      vertex 38.4273 20.5127 63.9
      vertex 34.89 18.25 63.9
      vertex 37.49 18.25 63.9
    endloop
  endfacet
  facet normal 0 0 1
    outer loop
      vertex 38.4273 15.9873 63.9
      vertex 33.9527 15.9873 63.9
      vertex 38.4273 11.5127 63.9
    endloop
  endfacet
  facet normal 0 0 1
    outer loop
      vertex 38.4273 11.5127 63.9
      vertex 34.89 9.25 63.9
      vertex 37.49 9.25 63.9
    endloop
  endfacet
  facet normal -0 0 1
    outer loop
      vertex 34.89 9.25 63.9
      vertex 38.4273 6.98726 63.9
      vertex 37.49 9.25 63.9
    endloop
  endfacet
  facet normal 0 0 1
    outer loop
      vertex 33.9527 6.98726 63.9
      vertex 38.4273 6.98726 63.9
      vertex 34.89 9.25 63.9
    endloop
  endfacet
  facet normal -0 0 1
    outer loop
      vertex 33.9527 6.98726 63.9
      vertex 40.69 6.05 63.9
      vertex 38.4273 6.98726 63.9
    endloop
  endfacet
  facet normal 0 0 1
    outer loop
      vertex 31.69 6.05 63.9
      vertex 40.69 6.05 63.9
      vertex 33.9527 6.98726 63.9
    endloop
  endfacet
  facet normal 0 0 1
    outer loop
      vertex 0 0 63.9
      vertex 40.69 6.05 63.9
      vertex 31.69 6.05 63.9
    endloop
  endfacet
  facet normal 0 0 1
    outer loop
      vertex 29.4273 56.5127 63.9
      vertex 25.89 54.25 63.9
      vertex 28.49 54.25 63.9
    endloop
  endfacet
  facet normal 0 0 1
    outer loop
      vertex 29.4273 42.9873 63.9
      vertex 24.9527 42.9873 63.9
      vertex 29.4273 38.5127 63.9
    endloop
  endfacet
  facet normal 0 0 1
    outer loop
      vertex 29.4273 29.5127 63.9
      vertex 25.89 27.25 63.9
      vertex 28.49 27.25 63.9
    endloop
  endfacet
  facet normal 0 0 1
    outer loop
      vertex 29.4273 24.9873 63.9
      vertex 24.9527 24.9873 63.9
      vertex 29.4273 20.5127 63.9
    endloop
  endfacet
  facet normal 0 0 1
    outer loop
      vertex 29.4273 20.5127 63.9
      vertex 25.89 18.25 63.9
      vertex 28.49 18.25 63.9
    endloop
  endfacet
  facet normal 0 0 1
    outer loop
      vertex 29.4273 15.9873 63.9
      vertex 24.9527 15.9873 63.9
      vertex 29.4273 11.5127 63.9
    endloop
  endfacet
  facet normal 0 0 1
    outer loop
      vertex 29.4273 11.5127 63.9
      vertex 25.89 9.25 63.9
      vertex 28.49 9.25 63.9
    endloop
  endfacet
  facet normal -0 0 1
    outer loop
      vertex 25.89 9.25 63.9
      vertex 29.4273 6.98726 63.9
      vertex 28.49 9.25 63.9
    endloop
  endfacet
  facet normal 0 0 1
    outer loop
      vertex 24.9527 6.98726 63.9
      vertex 29.4273 6.98726 63.9
      vertex 25.89 9.25 63.9
    endloop
  endfacet
  facet normal -0 0 1
    outer loop
      vertex 24.9527 6.98726 63.9
      vertex 31.69 6.05 63.9
      vertex 29.4273 6.98726 63.9
    endloop
  endfacet
  facet normal 0 0 1
    outer loop
      vertex 22.69 6.05 63.9
      vertex 31.69 6.05 63.9
      vertex 24.9527 6.98726 63.9
    endloop
  endfacet
  facet normal 0 0 1
    outer loop
      vertex 0 0 63.9
      vertex 31.69 6.05 63.9
      vertex 22.69 6.05 63.9
    endloop
  endfacet
  facet normal 0 0 1
    outer loop
      vertex 20.4273 56.5127 63.9
      vertex 16.89 54.25 63.9
      vertex 19.49 54.25 63.9
    endloop
  endfacet
  facet normal 0 0 1
    outer loop
      vertex 20.4273 42.9873 63.9
      vertex 15.9527 42.9873 63.9
      vertex 20.4273 38.5127 63.9
    endloop
  endfacet
  facet normal 0 0 1
    outer loop
      vertex 20.4273 29.5127 63.9
      vertex 16.89 27.25 63.9
      vertex 19.49 27.25 63.9
    endloop
  endfacet
  facet normal 0 0 1
    outer loop
      vertex 20.4273 24.9873 63.9
      vertex 15.9527 24.9873 63.9
      vertex 20.4273 20.5127 63.9
    endloop
  endfacet
  facet normal 0 0 1
    outer loop
      vertex 20.4273 20.5127 63.9
      vertex 16.89 18.25 63.9
      vertex 19.49 18.25 63.9
    endloop
  endfacet
  facet normal 0 0 1
    outer loop
      vertex 20.4273 15.9873 63.9
      vertex 15.9527 15.9873 63.9
      vertex 20.4273 11.5127 63.9
    endloop
  endfacet
  facet normal 0 0 1
    outer loop
      vertex 20.4273 11.5127 63.9
      vertex 16.89 9.25 63.9
      vertex 19.49 9.25 63.9
    endloop
  endfacet
  facet normal -0 0 1
    outer loop
      vertex 16.89 9.25 63.9
      vertex 20.4273 6.98726 63.9
      vertex 19.49 9.25 63.9
    endloop
  endfacet
  facet normal 0 0 1
    outer loop
      vertex 15.9527 6.98726 63.9
      vertex 20.4273 6.98726 63.9
      vertex 16.89 9.25 63.9
    endloop
  endfacet
  facet normal -0 0 1
    outer loop
      vertex 15.9527 6.98726 63.9
      vertex 22.69 6.05 63.9
      vertex 20.4273 6.98726 63.9
    endloop
  endfacet
  facet normal 0 0 1
    outer loop
      vertex 13.69 6.05 63.9
      vertex 22.69 6.05 63.9
      vertex 15.9527 6.98726 63.9
    endloop
  endfacet
  facet normal 0 0 1
    outer loop
      vertex 0 0 63.9
      vertex 22.69 6.05 63.9
      vertex 13.69 6.05 63.9
    endloop
  endfacet
  facet normal 0 0 1
    outer loop
      vertex 58.69 6.05 63.9
      vertex 0 0 63.9
      vertex 127.76 0 63.9
    endloop
  endfacet
  facet normal 0 0 1
    outer loop
      vertex 11.4273 6.98726 63.9
      vertex 0 0 63.9
      vertex 13.69 6.05 63.9
    endloop
  endfacet
  facet normal 0 0 1
    outer loop
      vertex 10.49 9.25 63.9
      vertex 0 0 63.9
      vertex 11.4273 6.98726 63.9
    endloop
  endfacet
  facet normal 0 0 1
    outer loop
      vertex 10.49 18.25 63.9
      vertex 0 0 63.9
      vertex 10.49 9.25 63.9
    endloop
  endfacet
  facet normal 1 -0 0
    outer loop
      vertex 127.76 0 63.9
      vertex 127.76 85.48 0
      vertex 127.76 85.48 63.9
    endloop
  endfacet
  facet normal 1 0 0
    outer loop
      vertex 127.76 85.48 0
      vertex 127.76 0 63.9
      vertex 127.76 0 0
    endloop
  endfacet
  facet normal 0 1 -0
    outer loop
      vertex 127.76 85.48 0
      vertex 0 85.48 63.9
      vertex 127.76 85.48 63.9
    endloop
  endfacet
  facet normal 0 1 0
    outer loop
      vertex 0 85.48 63.9
      vertex 127.76 85.48 0
      vertex 0 85.48 0
    endloop
  endfacet
  facet normal 0 0 -1
    outer loop
      vertex 0 0 0
      vertex 127.76 85.48 0
      vertex 127.76 0 0
    endloop
  endfacet
  facet normal -0 0 -1
    outer loop
      vertex 127.76 85.48 0
      vertex 0 0 0
      vertex 0 85.48 0
    endloop
  endfacet
  facet normal 0 -1 0
    outer loop
      vertex 0 0 0
      vertex 127.76 0 63.9
      vertex 0 0 63.9
    endloop
  endfacet
  facet normal 0 -1 -0
    outer loop
      vertex 127.76 0 63.9
      vertex 0 0 0
      vertex 127.76 0 0
    endloop
  endfacet
  facet normal -0.923871 -0.382704 0
    outer loop
      vertex 16.89 9.25 53.36
      vertex 15.9527 11.5127 63.9
      vertex 15.9527 11.5127 53.36
    endloop
  endfacet
  facet normal -0.923871 -0.382704 0
    outer loop
      vertex 15.9527 11.5127 63.9
      vertex 16.89 9.25 53.36
      vertex 16.89 9.25 63.9
    endloop
  endfacet
  facet normal 0.382704 -0.923871 0
    outer loop
      vertex 11.4273 11.5127 53.36
      vertex 13.69 12.45 63.9
      vertex 11.4273 11.5127 63.9
    endloop
  endfacet
  facet normal 0.382704 -0.923871 0
    outer loop
      vertex 13.69 12.45 63.9
      vertex 11.4273 11.5127 53.36
      vertex 13.69 12.45 53.36
    endloop
  endfacet
  facet normal -0.382704 -0.923871 0
    outer loop
      vertex 13.69 12.45 53.36
      vertex 15.9527 11.5127 63.9
      vertex 13.69 12.45 63.9
    endloop
  endfacet
  facet normal -0.382704 -0.923871 -0
    outer loop
      vertex 15.9527 11.5127 63.9
      vertex 13.69 12.45 53.36
      vertex 15.9527 11.5127 53.36
    endloop
  endfacet
  facet normal 0.923871 -0.382704 0
    outer loop
      vertex 10.49 9.25 63.9
      vertex 11.4273 11.5127 53.36
      vertex 11.4273 11.5127 63.9
    endloop
  endfacet
  facet normal 0.923871 -0.382704 0
    outer loop
      vertex 11.4273 11.5127 53.36
      vertex 10.49 9.25 63.9
      vertex 10.49 9.25 53.36
    endloop
  endfacet
  facet normal 0 0 1
    outer loop
      vertex 15.9527 11.5127 53.36
      vertex 15.9527 6.98726 53.36
      vertex 16.89 9.25 53.36
    endloop
  endfacet
  facet normal 0 0 1
    outer loop
      vertex 13.69 12.45 53.36
      vertex 15.9527 6.98726 53.36
      vertex 15.9527 11.5127 53.36
    endloop
  endfacet
  facet normal 0 0 1
    outer loop
      vertex 13.69 12.45 53.36
      vertex 13.69 6.05 53.36
      vertex 15.9527 6.98726 53.36
    endloop
  endfacet
  facet normal -0 0 1
    outer loop
      vertex 11.4273 11.5127 53.36
      vertex 13.69 6.05 53.36
      vertex 13.69 12.45 53.36
    endloop
  endfacet
  facet normal 0 0 1
    outer loop
      vertex 11.4273 11.5127 53.36
      vertex 11.4273 6.98726 53.36
      vertex 13.69 6.05 53.36
    endloop
  endfacet
  facet normal 0 -0 1
    outer loop
      vertex 11.4273 6.98726 53.36
      vertex 11.4273 11.5127 53.36
      vertex 10.49 9.25 53.36
    endloop
  endfacet
  facet normal -0.923873 0.382698 0
    outer loop
      vertex 15.9527 6.98726 53.36
      vertex 16.89 9.25 63.9
      vertex 16.89 9.25 53.36
    endloop
  endfacet
  facet normal -0.923873 0.382698 0
    outer loop
      vertex 16.89 9.25 63.9
      vertex 15.9527 6.98726 53.36
      vertex 15.9527 6.98726 63.9
    endloop
  endfacet
  facet normal 0.923873 0.382698 0
    outer loop
      vertex 11.4273 6.98726 63.9
      vertex 10.49 9.25 53.36
      vertex 10.49 9.25 63.9
    endloop
  endfacet
  facet normal 0.923873 0.382698 0
    outer loop
      vertex 10.49 9.25 53.36
      vertex 11.4273 6.98726 63.9
      vertex 11.4273 6.98726 53.36
    endloop
  endfacet
  facet normal -0.38269 0.923877 0
    outer loop
      vertex 15.9527 6.98726 53.36
      vertex 13.69 6.05 63.9
      vertex 15.9527 6.98726 63.9
    endloop
  endfacet
  facet normal -0.38269 0.923877 0
    outer loop
      vertex 13.69 6.05 63.9
      vertex 15.9527 6.98726 53.36
      vertex 13.69 6.05 53.36
    endloop
  endfacet
  facet normal 0.38269 0.923877 -0
    outer loop
      vertex 13.69 6.05 53.36
      vertex 11.4273 6.98726 63.9
      vertex 13.69 6.05 63.9
    endloop
  endfacet
  facet normal 0.38269 0.923877 0
    outer loop
      vertex 11.4273 6.98726 63.9
      vertex 13.69 6.05 53.36
      vertex 11.4273 6.98726 53.36
    endloop
  endfacet
  facet normal -0.923871 -0.382704 0
    outer loop
      vertex 16.89 18.25 53.36
      vertex 15.9527 20.5127 63.9
      vertex 15.9527 20.5127 53.36
    endloop
  endfacet
  facet normal -0.923871 -0.382704 0
    outer loop
      vertex 15.9527 20.5127 63.9
      vertex 16.89 18.25 53.36
      vertex 16.89 18.25 63.9
    endloop
  endfacet
  facet normal 0.382704 0.923871 -0
    outer loop
      vertex 13.69 15.05 53.36
      vertex 11.4273 15.9873 63.9
      vertex 13.69 15.05 63.9
    endloop
  endfacet
  facet normal 0.382704 0.923871 0
    outer loop
      vertex 11.4273 15.9873 63.9
      vertex 13.69 15.05 53.36
      vertex 11.4273 15.9873 53.36
    endloop
  endfacet
  facet normal 0.382704 -0.923871 0
    outer loop
      vertex 11.4273 20.5127 53.36
      vertex 13.69 21.45 63.9
      vertex 11.4273 20.5127 63.9
    endloop
  endfacet
  facet normal 0.382704 -0.923871 0
    outer loop
      vertex 13.69 21.45 63.9
      vertex 11.4273 20.5127 53.36
      vertex 13.69 21.45 53.36
    endloop
  endfacet
  facet normal -0.382704 -0.923871 0
    outer loop
      vertex 13.69 21.45 53.36
      vertex 15.9527 20.5127 63.9
      vertex 13.69 21.45 63.9
    endloop
  endfacet
  facet normal -0.382704 -0.923871 -0
    outer loop
      vertex 15.9527 20.5127 63.9
      vertex 13.69 21.45 53.36
      vertex 15.9527 20.5127 53.36
    endloop
  endfacet
  facet normal 0.923871 -0.382704 0
    outer loop
      vertex 10.49 18.25 63.9
      vertex 11.4273 20.5127 53.36
      vertex 11.4273 20.5127 63.9
    endloop
  endfacet
  facet normal 0.923871 -0.382704 0
    outer loop
      vertex 11.4273 20.5127 53.36
      vertex 10.49 18.25 63.9
      vertex 10.49 18.25 53.36
    endloop
  endfacet
  facet normal 0 0 1
    outer loop
      vertex 15.9527 20.5127 53.36
      vertex 15.9527 15.9873 53.36
      vertex 16.89 18.25 53.36
    endloop
  endfacet
  facet normal 0 0 1
    outer loop
      vertex 13.69 21.45 53.36
      vertex 15.9527 15.9873 53.36
      vertex 15.9527 20.5127 53.36
    endloop
  endfacet
  facet normal 0 0 1
    outer loop
      vertex 13.69 21.45 53.36
      vertex 13.69 15.05 53.36
      vertex 15.9527 15.9873 53.36
    endloop
  endfacet
  facet normal -0 0 1
    outer loop
      vertex 11.4273 20.5127 53.36
      vertex 13.69 15.05 53.36
      vertex 13.69 21.45 53.36
    endloop
  endfacet
  facet normal 0 0 1
    outer loop
      vertex 11.4273 20.5127 53.36
      vertex 11.4273 15.9873 53.36
      vertex 13.69 15.05 53.36
    endloop
  endfacet
  facet normal 0 -0 1
    outer loop
      vertex 11.4273 15.9873 53.36
      vertex 11.4273 20.5127 53.36
      vertex 10.49 18.25 53.36
    endloop
  endfacet
  facet normal -0.923871 0.382704 0
    outer loop
      vertex 15.9527 15.9873 53.36
      vertex 16.89 18.25 63.9
      vertex 16.89 18.25 53.36
    endloop
  endfacet
  facet normal -0.923871 0.382704 0
    outer loop
      vertex 16.89 18.25 63.9
      vertex 15.9527 15.9873 53.36
      vertex 15.9527 15.9873 63.9
    endloop
  endfacet
  facet normal 0.923871 0.382704 0
    outer loop
      vertex 11.4273 15.9873 63.9
      vertex 10.49 18.25 53.36
      vertex 10.49 18.25 63.9
    endloop
  endfacet
  facet normal 0.923871 0.382704 0
    outer loop
      vertex 10.49 18.25 53.36
      vertex 11.4273 15.9873 63.9
      vertex 11.4273 15.9873 53.36
    endloop
  endfacet
  facet normal -0.382704 0.923871 0
    outer loop
      vertex 15.9527 15.9873 53.36
      vertex 13.69 15.05 63.9
      vertex 15.9527 15.9873 63.9
    endloop
  endfacet
  facet normal -0.382704 0.923871 0
    outer loop
      vertex 13.69 15.05 63.9
      vertex 15.9527 15.9873 53.36
      vertex 13.69 15.05 53.36
    endloop
  endfacet
  facet normal -0.923871 -0.382704 0
    outer loop
      vertex 16.89 27.25 53.36
      vertex 15.9527 29.5127 63.9
      vertex 15.9527 29.5127 53.36
    endloop
  endfacet
  facet normal -0.923871 -0.382704 0
    outer loop
      vertex 15.9527 29.5127 63.9
      vertex 16.89 27.25 53.36
      vertex 16.89 27.25 63.9
    endloop
  endfacet
  facet normal 0.923871 0.382704 0
    outer loop
      vertex 11.4273 24.9873 63.9
      vertex 10.49 27.25 53.36
      vertex 10.49 27.25 63.9
    endloop
  endfacet
  facet normal 0.923871 0.382704 0
    outer loop
      vertex 10.49 27.25 53.36
      vertex 11.4273 24.9873 63.9
      vertex 11.4273 24.9873 53.36
    endloop
  endfacet
  facet normal 0.382704 0.923871 -0
    outer loop
      vertex 13.69 24.05 53.36
      vertex 11.4273 24.9873 63.9
      vertex 13.69 24.05 63.9
    endloop
  endfacet
  facet normal 0.382704 0.923871 0
    outer loop
      vertex 11.4273 24.9873 63.9
      vertex 13.69 24.05 53.36
      vertex 11.4273 24.9873 53.36
    endloop
  endfacet
  facet normal 0.382704 -0.923871 0
    outer loop
      vertex 11.4273 29.5127 53.36
      vertex 13.69 30.45 63.9
      vertex 11.4273 29.5127 63.9
    endloop
  endfacet
  facet normal 0.382704 -0.923871 0
    outer loop
      vertex 13.69 30.45 63.9
      vertex 11.4273 29.5127 53.36
      vertex 13.69 30.45 53.36
    endloop
  endfacet
  facet normal -0.382704 -0.923871 0
    outer loop
      vertex 13.69 30.45 53.36
      vertex 15.9527 29.5127 63.9
      vertex 13.69 30.45 63.9
    endloop
  endfacet
  facet normal -0.382704 -0.923871 -0
    outer loop
      vertex 15.9527 29.5127 63.9
      vertex 13.69 30.45 53.36
      vertex 15.9527 29.5127 53.36
    endloop
  endfacet
  facet normal 0.923871 -0.382704 0
    outer loop
      vertex 10.49 27.25 63.9
      vertex 11.4273 29.5127 53.36
      vertex 11.4273 29.5127 63.9
    endloop
  endfacet
  facet normal 0.923871 -0.382704 0
    outer loop
      vertex 11.4273 29.5127 53.36
      vertex 10.49 27.25 63.9
      vertex 10.49 27.25 53.36
    endloop
  endfacet
  facet normal 0 0 1
    outer loop
      vertex 15.9527 29.5127 53.36
      vertex 15.9527 24.9873 53.36
      vertex 16.89 27.25 53.36
    endloop
  endfacet
  facet normal 0 0 1
    outer loop
      vertex 13.69 30.45 53.36
      vertex 15.9527 24.9873 53.36
      vertex 15.9527 29.5127 53.36
    endloop
  endfacet
  facet normal 0 0 1
    outer loop
      vertex 13.69 30.45 53.36
      vertex 13.69 24.05 53.36
      vertex 15.9527 24.9873 53.36
    endloop
  endfacet
  facet normal -0 0 1
    outer loop
      vertex 11.4273 29.5127 53.36
      vertex 13.69 24.05 53.36
      vertex 13.69 30.45 53.36
    endloop
  endfacet
  facet normal 0 0 1
    outer loop
      vertex 11.4273 29.5127 53.36
      vertex 11.4273 24.9873 53.36
      vertex 13.69 24.05 53.36
    endloop
  endfacet
  facet normal 0 -0 1
    outer loop
      vertex 11.4273 24.9873 53.36
      vertex 11.4273 29.5127 53.36
      vertex 10.49 27.25 53.36
    endloop
  endfacet
  facet normal -0.382704 0.923871 0
    outer loop
      vertex 15.9527 24.9873 53.36
      vertex 13.69 24.05 63.9
      vertex 15.9527 24.9873 63.9
    endloop
  endfacet
  facet normal -0.382704 0.923871 0
    outer loop
      vertex 13.69 24.05 63.9
      vertex 15.9527 24.9873 53.36
      vertex 13.69 24.05 53.36
    endloop
  endfacet
  facet normal -0.923871 0.382704 0
    outer loop
      vertex 15.9527 24.9873 53.36
      vertex 16.89 27.25 63.9
      vertex 16.89 27.25 53.36
    endloop
  endfacet
  facet normal -0.923871 0.382704 0
    outer loop
      vertex 16.89 27.25 63.9
      vertex 15.9527 24.9873 53.36
      vertex 15.9527 24.9873 63.9
    endloop
  endfacet
  facet normal -0.923871 -0.382704 0
    outer loop
      vertex 16.89 36.25 53.36
      vertex 15.9527 38.5127 63.9
      vertex 15.9527 38.5127 53.36
    endloop
  endfacet
  facet normal -0.923871 -0.382704 0
    outer loop
      vertex 15.9527 38.5127 63.9
      vertex 16.89 36.25 53.36
      vertex 16.89 36.25 63.9
    endloop
  endfacet
  facet normal 0.382704 0.923871 -0
    outer loop
      vertex 13.69 33.05 53.36
      vertex 11.4273 33.9873 63.9
      vertex 13.69 33.05 63.9
    endloop
  endfacet
  facet normal 0.382704 0.923871 0
    outer loop
      vertex 11.4273 33.9873 63.9
      vertex 13.69 33.05 53.36
      vertex 11.4273 33.9873 53.36
    endloop
  endfacet
  facet normal 0.382704 -0.923871 0
    outer loop
      vertex 11.4273 38.5127 53.36
      vertex 13.69 39.45 63.9
      vertex 11.4273 38.5127 63.9
    endloop
  endfacet
  facet normal 0.382704 -0.923871 0
    outer loop
      vertex 13.69 39.45 63.9
      vertex 11.4273 38.5127 53.36
      vertex 13.69 39.45 53.36
    endloop
  endfacet
  facet normal -0.382704 -0.923871 0
    outer loop
      vertex 13.69 39.45 53.36
      vertex 15.9527 38.5127 63.9
      vertex 13.69 39.45 63.9
    endloop
  endfacet
  facet normal -0.382704 -0.923871 -0
    outer loop
      vertex 15.9527 38.5127 63.9
      vertex 13.69 39.45 53.36
      vertex 15.9527 38.5127 53.36
    endloop
  endfacet
  facet normal 0.923871 -0.382704 0
    outer loop
      vertex 10.49 36.25 63.9
      vertex 11.4273 38.5127 53.36
      vertex 11.4273 38.5127 63.9
    endloop
  endfacet
  facet normal 0.923871 -0.382704 0
    outer loop
      vertex 11.4273 38.5127 53.36
      vertex 10.49 36.25 63.9
      vertex 10.49 36.25 53.36
    endloop
  endfacet
  facet normal 0 0 1
    outer loop
      vertex 15.9527 38.5127 53.36
      vertex 15.9527 33.9873 53.36
      vertex 16.89 36.25 53.36
    endloop
  endfacet
  facet normal 0 0 1
    outer loop
      vertex 13.69 39.45 53.36
      vertex 15.9527 33.9873 53.36
      vertex 15.9527 38.5127 53.36
    endloop
  endfacet
  facet normal 0 0 1
    outer loop
      vertex 13.69 39.45 53.36
      vertex 13.69 33.05 53.36
      vertex 15.9527 33.9873 53.36
    endloop
  endfacet
  facet normal -0 0 1
    outer loop
      vertex 11.4273 38.5127 53.36
      vertex 13.69 33.05 53.36
      vertex 13.69 39.45 53.36
    endloop
  endfacet
  facet normal 0 0 1
    outer loop
      vertex 11.4273 38.5127 53.36
      vertex 11.4273 33.9873 53.36
      vertex 13.69 33.05 53.36
    endloop
  endfacet
  facet normal 0 -0 1
    outer loop
      vertex 11.4273 33.9873 53.36
      vertex 11.4273 38.5127 53.36
      vertex 10.49 36.25 53.36
    endloop
  endfacet
  facet normal -0.923871 0.382704 0
    outer loop
      vertex 15.9527 33.9873 53.36
      vertex 16.89 36.25 63.9
      vertex 16.89 36.25 53.36
    endloop
  endfacet
  facet normal -0.923871 0.382704 0
    outer loop
      vertex 16.89 36.25 63.9
      vertex 15.9527 33.9873 53.36
      vertex 15.9527 33.9873 63.9
    endloop
  endfacet
  facet normal 0.923871 0.382704 0
    outer loop
      vertex 11.4273 33.9873 63.9
      vertex 10.49 36.25 53.36
      vertex 10.49 36.25 63.9
    endloop
  endfacet
  facet normal 0.923871 0.382704 0
    outer loop
      vertex 10.49 36.25 53.36
      vertex 11.4273 33.9873 63.9
      vertex 11.4273 33.9873 53.36
    endloop
  endfacet
  facet normal -0.382704 0.923871 0
    outer loop
      vertex 15.9527 33.9873 53.36
      vertex 13.69 33.05 63.9
      vertex 15.9527 33.9873 63.9
    endloop
  endfacet
  facet normal -0.382704 0.923871 0
    outer loop
      vertex 13.69 33.05 63.9
      vertex 15.9527 33.9873 53.36
      vertex 13.69 33.05 53.36
    endloop
  endfacet
  facet normal -0.923871 -0.382704 0
    outer loop
      vertex 16.89 45.25 53.36
      vertex 15.9527 47.5127 63.9
      vertex 15.9527 47.5127 53.36
    endloop
  endfacet
  facet normal -0.923871 -0.382704 0
    outer loop
      vertex 15.9527 47.5127 63.9
      vertex 16.89 45.25 53.36
      vertex 16.89 45.25 63.9
    endloop
  endfacet
  facet normal 0.382704 -0.923871 0
    outer loop
      vertex 11.4273 47.5127 53.36
      vertex 13.69 48.45 63.9
      vertex 11.4273 47.5127 63.9
    endloop
  endfacet
  facet normal 0.382704 -0.923871 0
    outer loop
      vertex 13.69 48.45 63.9
      vertex 11.4273 47.5127 53.36
      vertex 13.69 48.45 53.36
    endloop
  endfacet
  facet normal -0.382704 -0.923871 0
    outer loop
      vertex 13.69 48.45 53.36
      vertex 15.9527 47.5127 63.9
      vertex 13.69 48.45 63.9
    endloop
  endfacet
  facet normal -0.382704 -0.923871 -0
    outer loop
      vertex 15.9527 47.5127 63.9
      vertex 13.69 48.45 53.36
      vertex 15.9527 47.5127 53.36
    endloop
  endfacet
  facet normal 0.923871 -0.382704 0
    outer loop
      vertex 10.49 45.25 63.9
      vertex 11.4273 47.5127 53.36
      vertex 11.4273 47.5127 63.9
    endloop
  endfacet
  facet normal 0.923871 -0.382704 0
    outer loop
      vertex 11.4273 47.5127 53.36
      vertex 10.49 45.25 63.9
      vertex 10.49 45.25 53.36
    endloop
  endfacet
  facet normal 0 0 1
    outer loop
      vertex 15.9527 47.5127 53.36
      vertex 15.9527 42.9873 53.36
      vertex 16.89 45.25 53.36
    endloop
  endfacet
  facet normal 0 0 1
    outer loop
      vertex 13.69 48.45 53.36
      vertex 15.9527 42.9873 53.36
      vertex 15.9527 47.5127 53.36
    endloop
  endfacet
  facet normal 0 0 1
    outer loop
      vertex 13.69 48.45 53.36
      vertex 13.69 42.05 53.36
      vertex 15.9527 42.9873 53.36
    endloop
  endfacet
  facet normal -0 0 1
    outer loop
      vertex 11.4273 47.5127 53.36
      vertex 13.69 42.05 53.36
      vertex 13.69 48.45 53.36
    endloop
  endfacet
  facet normal 0 0 1
    outer loop
      vertex 11.4273 47.5127 53.36
      vertex 11.4273 42.9873 53.36
      vertex 13.69 42.05 53.36
    endloop
  endfacet
  facet normal 0 -0 1
    outer loop
      vertex 11.4273 42.9873 53.36
      vertex 11.4273 47.5127 53.36
      vertex 10.49 45.25 53.36
    endloop
  endfacet
  facet normal -0.923871 0.382704 0
    outer loop
      vertex 15.9527 42.9873 53.36
      vertex 16.89 45.25 63.9
      vertex 16.89 45.25 53.36
    endloop
  endfacet
  facet normal -0.923871 0.382704 0
    outer loop
      vertex 16.89 45.25 63.9
      vertex 15.9527 42.9873 53.36
      vertex 15.9527 42.9873 63.9
    endloop
  endfacet
  facet normal 0.923871 0.382704 0
    outer loop
      vertex 11.4273 42.9873 63.9
      vertex 10.49 45.25 53.36
      vertex 10.49 45.25 63.9
    endloop
  endfacet
  facet normal 0.923871 0.382704 0
    outer loop
      vertex 10.49 45.25 53.36
      vertex 11.4273 42.9873 63.9
      vertex 11.4273 42.9873 53.36
    endloop
  endfacet
  facet normal -0.382704 0.923871 0
    outer loop
      vertex 15.9527 42.9873 53.36
      vertex 13.69 42.05 63.9
      vertex 15.9527 42.9873 63.9
    endloop
  endfacet
  facet normal -0.382704 0.923871 0
    outer loop
      vertex 13.69 42.05 63.9
      vertex 15.9527 42.9873 53.36
      vertex 13.69 42.05 53.36
    endloop
  endfacet
  facet normal 0.382704 0.923871 -0
    outer loop
      vertex 13.69 42.05 53.36
      vertex 11.4273 42.9873 63.9
      vertex 13.69 42.05 63.9
    endloop
  endfacet
  facet normal 0.382704 0.923871 0
    outer loop
      vertex 11.4273 42.9873 63.9
      vertex 13.69 42.05 53.36
      vertex 11.4273 42.9873 53.36
    endloop
  endfacet
  facet normal -0.923871 -0.382704 0
    outer loop
      vertex 16.89 54.25 53.36
      vertex 15.9527 56.5127 63.9
      vertex 15.9527 56.5127 53.36
    endloop
  endfacet
  facet normal -0.923871 -0.382704 0
    outer loop
      vertex 15.9527 56.5127 63.9
      vertex 16.89 54.25 53.36
      vertex 16.89 54.25 63.9
    endloop
  endfacet
  facet normal 0.382704 0.923871 -0
    outer loop
      vertex 13.69 51.05 53.36
      vertex 11.4273 51.9873 63.9
      vertex 13.69 51.05 63.9
    endloop
  endfacet
  facet normal 0.382704 0.923871 0
    outer loop
      vertex 11.4273 51.9873 63.9
      vertex 13.69 51.05 53.36
      vertex 11.4273 51.9873 53.36
    endloop
  endfacet
  facet normal 0.382704 -0.923871 0
    outer loop
      vertex 11.4273 56.5127 53.36
      vertex 13.69 57.45 63.9
      vertex 11.4273 56.5127 63.9
    endloop
  endfacet
  facet normal 0.382704 -0.923871 0
    outer loop
      vertex 13.69 57.45 63.9
      vertex 11.4273 56.5127 53.36
      vertex 13.69 57.45 53.36
    endloop
  endfacet
  facet normal -0.382704 -0.923871 0
    outer loop
      vertex 13.69 57.45 53.36
      vertex 15.9527 56.5127 63.9
      vertex 13.69 57.45 63.9
    endloop
  endfacet
  facet normal -0.382704 -0.923871 -0
    outer loop
      vertex 15.9527 56.5127 63.9
      vertex 13.69 57.45 53.36
      vertex 15.9527 56.5127 53.36
    endloop
  endfacet
  facet normal 0.923871 -0.382704 0
    outer loop
      vertex 10.49 54.25 63.9
      vertex 11.4273 56.5127 53.36
      vertex 11.4273 56.5127 63.9
    endloop
  endfacet
  facet normal 0.923871 -0.382704 0
    outer loop
      vertex 11.4273 56.5127 53.36
      vertex 10.49 54.25 63.9
      vertex 10.49 54.25 53.36
    endloop
  endfacet
  facet normal 0 0 1
    outer loop
      vertex 15.9527 56.5127 53.36
      vertex 15.9527 51.9873 53.36
      vertex 16.89 54.25 53.36
    endloop
  endfacet
  facet normal 0 0 1
    outer loop
      vertex 13.69 57.45 53.36
      vertex 15.9527 51.9873 53.36
      vertex 15.9527 56.5127 53.36
    endloop
  endfacet
  facet normal 0 0 1
    outer loop
      vertex 13.69 57.45 53.36
      vertex 13.69 51.05 53.36
      vertex 15.9527 51.9873 53.36
    endloop
  endfacet
  facet normal -0 0 1
    outer loop
      vertex 11.4273 56.5127 53.36
      vertex 13.69 51.05 53.36
      vertex 13.69 57.45 53.36
    endloop
  endfacet
  facet normal 0 0 1
    outer loop
      vertex 11.4273 56.5127 53.36
      vertex 11.4273 51.9873 53.36
      vertex 13.69 51.05 53.36
    endloop
  endfacet
  facet normal 0 -0 1
    outer loop
      vertex 11.4273 51.9873 53.36
      vertex 11.4273 56.5127 53.36
      vertex 10.49 54.25 53.36
    endloop
  endfacet
  facet normal 0.923871 0.382704 0
    outer loop
      vertex 11.4273 51.9873 63.9
      vertex 10.49 54.25 53.36
      vertex 10.49 54.25 63.9
    endloop
  endfacet
  facet normal 0.923871 0.382704 0
    outer loop
      vertex 10.49 54.25 53.36
      vertex 11.4273 51.9873 63.9
      vertex 11.4273 51.9873 53.36
    endloop
  endfacet
  facet normal -0.382704 0.923871 0
    outer loop
      vertex 15.9527 51.9873 53.36
      vertex 13.69 51.05 63.9
      vertex 15.9527 51.9873 63.9
    endloop
  endfacet
  facet normal -0.382704 0.923871 0
    outer loop
      vertex 13.69 51.05 63.9
      vertex 15.9527 51.9873 53.36
      vertex 13.69 51.05 53.36
    endloop
  endfacet
  facet normal -0.923871 0.382704 0
    outer loop
      vertex 15.9527 51.9873 53.36
      vertex 16.89 54.25 63.9
      vertex 16.89 54.25 53.36
    endloop
  endfacet
  facet normal -0.923871 0.382704 0
    outer loop
      vertex 16.89 54.25 63.9
      vertex 15.9527 51.9873 53.36
      vertex 15.9527 51.9873 63.9
    endloop
  endfacet
  facet normal -0.923871 -0.382704 0
    outer loop
      vertex 16.89 63.25 53.36
      vertex 15.9527 65.5127 63.9
      vertex 15.9527 65.5127 53.36
    endloop
  endfacet
  facet normal -0.923871 -0.382704 0
    outer loop
      vertex 15.9527 65.5127 63.9
      vertex 16.89 63.25 53.36
      vertex 16.89 63.25 63.9
    endloop
  endfacet
  facet normal 0.923871 0.382704 0
    outer loop
      vertex 11.4273 60.9873 63.9
      vertex 10.49 63.25 53.36
      vertex 10.49 63.25 63.9
    endloop
  endfacet
  facet normal 0.923871 0.382704 0
    outer loop
      vertex 10.49 63.25 53.36
      vertex 11.4273 60.9873 63.9
      vertex 11.4273 60.9873 53.36
    endloop
  endfacet
  facet normal 0.382704 0.923871 -0
    outer loop
      vertex 13.69 60.05 53.36
      vertex 11.4273 60.9873 63.9
      vertex 13.69 60.05 63.9
    endloop
  endfacet
  facet normal 0.382704 0.923871 0
    outer loop
      vertex 11.4273 60.9873 63.9
      vertex 13.69 60.05 53.36
      vertex 11.4273 60.9873 53.36
    endloop
  endfacet
  facet normal 0.382704 -0.923871 0
    outer loop
      vertex 11.4273 65.5127 53.36
      vertex 13.69 66.45 63.9
      vertex 11.4273 65.5127 63.9
    endloop
  endfacet
  facet normal 0.382704 -0.923871 0
    outer loop
      vertex 13.69 66.45 63.9
      vertex 11.4273 65.5127 53.36
      vertex 13.69 66.45 53.36
    endloop
  endfacet
  facet normal -0.382704 -0.923871 0
    outer loop
      vertex 13.69 66.45 53.36
      vertex 15.9527 65.5127 63.9
      vertex 13.69 66.45 63.9
    endloop
  endfacet
  facet normal -0.382704 -0.923871 -0
    outer loop
      vertex 15.9527 65.5127 63.9
      vertex 13.69 66.45 53.36
      vertex 15.9527 65.5127 53.36
    endloop
  endfacet
  facet normal 0.923871 -0.382704 0
    outer loop
      vertex 10.49 63.25 63.9
      vertex 11.4273 65.5127 53.36
      vertex 11.4273 65.5127 63.9
    endloop
  endfacet
  facet normal 0.923871 -0.382704 0
    outer loop
      vertex 11.4273 65.5127 53.36
      vertex 10.49 63.25 63.9
      vertex 10.49 63.25 53.36
    endloop
  endfacet
  facet normal 0 0 1
    outer loop
      vertex 15.9527 65.5127 53.36
      vertex 15.9527 60.9873 53.36
      vertex 16.89 63.25 53.36
    endloop
  endfacet
  facet normal 0 0 1
    outer loop
      vertex 13.69 66.45 53.36
      vertex 15.9527 60.9873 53.36
      vertex 15.9527 65.5127 53.36
    endloop
  endfacet
  facet normal 0 0 1
    outer loop
      vertex 13.69 66.45 53.36
      vertex 13.69 60.05 53.36
      vertex 15.9527 60.9873 53.36
    endloop
  endfacet
  facet normal -0 0 1
    outer loop
      vertex 11.4273 65.5127 53.36
      vertex 13.69 60.05 53.36
      vertex 13.69 66.45 53.36
    endloop
  endfacet
  facet normal 0 0 1
    outer loop
      vertex 11.4273 65.5127 53.36
      vertex 11.4273 60.9873 53.36
      vertex 13.69 60.05 53.36
    endloop
  endfacet
  facet normal 0 -0 1
    outer loop
      vertex 11.4273 60.9873 53.36
      vertex 11.4273 65.5127 53.36
      vertex 10.49 63.25 53.36
    endloop
  endfacet
  facet normal -0.382704 0.923871 0
    outer loop
      vertex 15.9527 60.9873 53.36
      vertex 13.69 60.05 63.9
      vertex 15.9527 60.9873 63.9
    endloop
  endfacet
  facet normal -0.382704 0.923871 0
    outer loop
      vertex 13.69 60.05 63.9
      vertex 15.9527 60.9873 53.36
      vertex 13.69 60.05 53.36
    endloop
  endfacet
  facet normal -0.923871 0.382704 0
    outer loop
      vertex 15.9527 60.9873 53.36
      vertex 16.89 63.25 63.9
      vertex 16.89 63.25 53.36
    endloop
  endfacet
  facet normal -0.923871 0.382704 0
    outer loop
      vertex 16.89 63.25 63.9
      vertex 15.9527 60.9873 53.36
      vertex 15.9527 60.9873 63.9
    endloop
  endfacet
  facet normal -0.923871 -0.382704 0
    outer loop
      vertex 16.89 72.25 53.36
      vertex 15.9527 74.5127 63.9
      vertex 15.9527 74.5127 53.36
    endloop
  endfacet
  facet normal -0.923871 -0.382704 0
    outer loop
      vertex 15.9527 74.5127 63.9
      vertex 16.89 72.25 53.36
      vertex 16.89 72.25 63.9
    endloop
  endfacet
  facet normal 0.923871 0.382704 0
    outer loop
      vertex 11.4273 69.9873 63.9
      vertex 10.49 72.25 53.36
      vertex 10.49 72.25 63.9
    endloop
  endfacet
  facet normal 0.923871 0.382704 0
    outer loop
      vertex 10.49 72.25 53.36
      vertex 11.4273 69.9873 63.9
      vertex 11.4273 69.9873 53.36
    endloop
  endfacet
  facet normal 0.382704 -0.923871 0
    outer loop
      vertex 11.4273 74.5127 53.36
      vertex 13.69 75.45 63.9
      vertex 11.4273 74.5127 63.9
    endloop
  endfacet
  facet normal 0.382704 -0.923871 0
    outer loop
      vertex 13.69 75.45 63.9
      vertex 11.4273 74.5127 53.36
      vertex 13.69 75.45 53.36
    endloop
  endfacet
  facet normal -0.382704 -0.923871 0
    outer loop
      vertex 13.69 75.45 53.36
      vertex 15.9527 74.5127 63.9
      vertex 13.69 75.45 63.9
    endloop
  endfacet
  facet normal -0.382704 -0.923871 -0
    outer loop
      vertex 15.9527 74.5127 63.9
      vertex 13.69 75.45 53.36
      vertex 15.9527 74.5127 53.36
    endloop
  endfacet
  facet normal 0.923871 -0.382704 0
    outer loop
      vertex 10.49 72.25 63.9
      vertex 11.4273 74.5127 53.36
      vertex 11.4273 74.5127 63.9
    endloop
  endfacet
  facet normal 0.923871 -0.382704 0
    outer loop
      vertex 11.4273 74.5127 53.36
      vertex 10.49 72.25 63.9
      vertex 10.49 72.25 53.36
    endloop
  endfacet
  facet normal 0 0 1
    outer loop
      vertex 15.9527 74.5127 53.36
      vertex 15.9527 69.9873 53.36
      vertex 16.89 72.25 53.36
    endloop
  endfacet
  facet normal 0 0 1
    outer loop
      vertex 13.69 75.45 53.36
      vertex 15.9527 69.9873 53.36
      vertex 15.9527 74.5127 53.36
    endloop
  endfacet
  facet normal 0 0 1
    outer loop
      vertex 13.69 75.45 53.36
      vertex 13.69 69.05 53.36
      vertex 15.9527 69.9873 53.36
    endloop
  endfacet
  facet normal -0 0 1
    outer loop
      vertex 11.4273 74.5127 53.36
      vertex 13.69 69.05 53.36
      vertex 13.69 75.45 53.36
    endloop
  endfacet
  facet normal 0 0 1
    outer loop
      vertex 11.4273 74.5127 53.36
      vertex 11.4273 69.9873 53.36
      vertex 13.69 69.05 53.36
    endloop
  endfacet
  facet normal 0 -0 1
    outer loop
      vertex 11.4273 69.9873 53.36
      vertex 11.4273 74.5127 53.36
      vertex 10.49 72.25 53.36
    endloop
  endfacet
  facet normal -0.923871 0.382704 0
    outer loop
      vertex 15.9527 69.9873 53.36
      vertex 16.89 72.25 63.9
      vertex 16.89 72.25 53.36
    endloop
  endfacet
  facet normal -0.923871 0.382704 0
    outer loop
      vertex 16.89 72.25 63.9
      vertex 15.9527 69.9873 53.36
      vertex 15.9527 69.9873 63.9
    endloop
  endfacet
  facet normal -0.382704 0.923871 0
    outer loop
      vertex 15.9527 69.9873 53.36
      vertex 13.69 69.05 63.9
      vertex 15.9527 69.9873 63.9
    endloop
  endfacet
  facet normal -0.382704 0.923871 0
    outer loop
      vertex 13.69 69.05 63.9
      vertex 15.9527 69.9873 53.36
      vertex 13.69 69.05 53.36
    endloop
  endfacet
  facet normal 0.382704 0.923871 -0
    outer loop
      vertex 13.69 69.05 53.36
      vertex 11.4273 69.9873 63.9
      vertex 13.69 69.05 63.9
    endloop
  endfacet
  facet normal 0.382704 0.923871 0
    outer loop
      vertex 11.4273 69.9873 63.9
      vertex 13.69 69.05 53.36
      vertex 11.4273 69.9873 53.36
    endloop
  endfacet
  facet normal -0.923871 -0.382704 0
    outer loop
      vertex 25.89 9.25 53.36
      vertex 24.9527 11.5127 63.9
      vertex 24.9527 11.5127 53.36
    endloop
  endfacet
  facet normal -0.923871 -0.382704 0
    outer loop
      vertex 24.9527 11.5127 63.9
      vertex 25.89 9.25 53.36
      vertex 25.89 9.25 63.9
    endloop
  endfacet
  facet normal 0.382704 -0.923871 0
    outer loop
      vertex 20.4273 11.5127 53.36
      vertex 22.69 12.45 63.9
      vertex 20.4273 11.5127 63.9
    endloop
  endfacet
  facet normal 0.382704 -0.923871 0
    outer loop
      vertex 22.69 12.45 63.9
      vertex 20.4273 11.5127 53.36
      vertex 22.69 12.45 53.36
    endloop
  endfacet
  facet normal -0.382704 -0.923871 0
    outer loop
      vertex 22.69 12.45 53.36
      vertex 24.9527 11.5127 63.9
      vertex 22.69 12.45 63.9
    endloop
  endfacet
  facet normal -0.382704 -0.923871 -0
    outer loop
      vertex 24.9527 11.5127 63.9
      vertex 22.69 12.45 53.36
      vertex 24.9527 11.5127 53.36
    endloop
  endfacet
  facet normal 0.923871 -0.382704 0
    outer loop
      vertex 19.49 9.25 63.9
      vertex 20.4273 11.5127 53.36
      vertex 20.4273 11.5127 63.9
    endloop
  endfacet
  facet normal 0.923871 -0.382704 0
    outer loop
      vertex 20.4273 11.5127 53.36
      vertex 19.49 9.25 63.9
      vertex 19.49 9.25 53.36
    endloop
  endfacet
  facet normal 0 0 1
    outer loop
      vertex 24.9527 11.5127 53.36
      vertex 24.9527 6.98726 53.36
      vertex 25.89 9.25 53.36
    endloop
  endfacet
  facet normal 0 0 1
    outer loop
      vertex 22.69 12.45 53.36
      vertex 24.9527 6.98726 53.36
      vertex 24.9527 11.5127 53.36
    endloop
  endfacet
  facet normal 0 0 1
    outer loop
      vertex 22.69 12.45 53.36
      vertex 22.69 6.05 53.36
      vertex 24.9527 6.98726 53.36
    endloop
  endfacet
  facet normal -0 0 1
    outer loop
      vertex 20.4273 11.5127 53.36
      vertex 22.69 6.05 53.36
      vertex 22.69 12.45 53.36
    endloop
  endfacet
  facet normal 0 0 1
    outer loop
      vertex 20.4273 11.5127 53.36
      vertex 20.4273 6.98726 53.36
      vertex 22.69 6.05 53.36
    endloop
  endfacet
  facet normal 0 -0 1
    outer loop
      vertex 20.4273 6.98726 53.36
      vertex 20.4273 11.5127 53.36
      vertex 19.49 9.25 53.36
    endloop
  endfacet
  facet normal -0.923873 0.382698 0
    outer loop
      vertex 24.9527 6.98726 53.36
      vertex 25.89 9.25 63.9
      vertex 25.89 9.25 53.36
    endloop
  endfacet
  facet normal -0.923873 0.382698 0
    outer loop
      vertex 25.89 9.25 63.9
      vertex 24.9527 6.98726 53.36
      vertex 24.9527 6.98726 63.9
    endloop
  endfacet
  facet normal 0.923873 0.382698 0
    outer loop
      vertex 20.4273 6.98726 63.9
      vertex 19.49 9.25 53.36
      vertex 19.49 9.25 63.9
    endloop
  endfacet
  facet normal 0.923873 0.382698 0
    outer loop
      vertex 19.49 9.25 53.36
      vertex 20.4273 6.98726 63.9
      vertex 20.4273 6.98726 53.36
    endloop
  endfacet
  facet normal -0.38269 0.923877 0
    outer loop
      vertex 24.9527 6.98726 53.36
      vertex 22.69 6.05 63.9
      vertex 24.9527 6.98726 63.9
    endloop
  endfacet
  facet normal -0.38269 0.923877 0
    outer loop
      vertex 22.69 6.05 63.9
      vertex 24.9527 6.98726 53.36
      vertex 22.69 6.05 53.36
    endloop
  endfacet
  facet normal 0.38269 0.923877 -0
    outer loop
      vertex 22.69 6.05 53.36
      vertex 20.4273 6.98726 63.9
      vertex 22.69 6.05 63.9
    endloop
  endfacet
  facet normal 0.38269 0.923877 0
    outer loop
      vertex 20.4273 6.98726 63.9
      vertex 22.69 6.05 53.36
      vertex 20.4273 6.98726 53.36
    endloop
  endfacet
  facet normal -0.923871 -0.382704 0
    outer loop
      vertex 25.89 18.25 53.36
      vertex 24.9527 20.5127 63.9
      vertex 24.9527 20.5127 53.36
    endloop
  endfacet
  facet normal -0.923871 -0.382704 0
    outer loop
      vertex 24.9527 20.5127 63.9
      vertex 25.89 18.25 53.36
      vertex 25.89 18.25 63.9
    endloop
  endfacet
  facet normal 0.382704 0.923871 -0
    outer loop
      vertex 22.69 15.05 53.36
      vertex 20.4273 15.9873 63.9
      vertex 22.69 15.05 63.9
    endloop
  endfacet
  facet normal 0.382704 0.923871 0
    outer loop
      vertex 20.4273 15.9873 63.9
      vertex 22.69 15.05 53.36
      vertex 20.4273 15.9873 53.36
    endloop
  endfacet
  facet normal 0.382704 -0.923871 0
    outer loop
      vertex 20.4273 20.5127 53.36
      vertex 22.69 21.45 63.9
      vertex 20.4273 20.5127 63.9
    endloop
  endfacet
  facet normal 0.382704 -0.923871 0
    outer loop
      vertex 22.69 21.45 63.9
      vertex 20.4273 20.5127 53.36
      vertex 22.69 21.45 53.36
    endloop
  endfacet
  facet normal -0.382704 -0.923871 0
    outer loop
      vertex 22.69 21.45 53.36
      vertex 24.9527 20.5127 63.9
      vertex 22.69 21.45 63.9
    endloop
  endfacet
  facet normal -0.382704 -0.923871 -0
    outer loop
      vertex 24.9527 20.5127 63.9
      vertex 22.69 21.45 53.36
      vertex 24.9527 20.5127 53.36
    endloop
  endfacet
  facet normal 0.923871 -0.382704 0
    outer loop
      vertex 19.49 18.25 63.9
      vertex 20.4273 20.5127 53.36
      vertex 20.4273 20.5127 63.9
    endloop
  endfacet
  facet normal 0.923871 -0.382704 0
    outer loop
      vertex 20.4273 20.5127 53.36
      vertex 19.49 18.25 63.9
      vertex 19.49 18.25 53.36
    endloop
  endfacet
  facet normal 0 0 1
    outer loop
      vertex 24.9527 20.5127 53.36
      vertex 24.9527 15.9873 53.36
      vertex 25.89 18.25 53.36
    endloop
  endfacet
  facet normal 0 0 1
    outer loop
      vertex 22.69 21.45 53.36
      vertex 24.9527 15.9873 53.36
      vertex 24.9527 20.5127 53.36
    endloop
  endfacet
  facet normal 0 0 1
    outer loop
      vertex 22.69 21.45 53.36
      vertex 22.69 15.05 53.36
      vertex 24.9527 15.9873 53.36
    endloop
  endfacet
  facet normal -0 0 1
    outer loop
      vertex 20.4273 20.5127 53.36
      vertex 22.69 15.05 53.36
      vertex 22.69 21.45 53.36
    endloop
  endfacet
  facet normal 0 0 1
    outer loop
      vertex 20.4273 20.5127 53.36
      vertex 20.4273 15.9873 53.36
      vertex 22.69 15.05 53.36
    endloop
  endfacet
  facet normal 0 -0 1
    outer loop
      vertex 20.4273 15.9873 53.36
      vertex 20.4273 20.5127 53.36
      vertex 19.49 18.25 53.36
    endloop
  endfacet
  facet normal -0.923871 0.382704 0
    outer loop
      vertex 24.9527 15.9873 53.36
      vertex 25.89 18.25 63.9
      vertex 25.89 18.25 53.36
    endloop
  endfacet
  facet normal -0.923871 0.382704 0
    outer loop
      vertex 25.89 18.25 63.9
      vertex 24.9527 15.9873 53.36
      vertex 24.9527 15.9873 63.9
    endloop
  endfacet
  facet normal 0.923871 0.382704 0
    outer loop
      vertex 20.4273 15.9873 63.9
      vertex 19.49 18.25 53.36
      vertex 19.49 18.25 63.9
    endloop
  endfacet
  facet normal 0.923871 0.382704 0
    outer loop
      vertex 19.49 18.25 53.36
      vertex 20.4273 15.9873 63.9
      vertex 20.4273 15.9873 53.36
    endloop
  endfacet
  facet normal -0.382704 0.923871 0
    outer loop
      vertex 24.9527 15.9873 53.36
      vertex 22.69 15.05 63.9
      vertex 24.9527 15.9873 63.9
    endloop
  endfacet
  facet normal -0.382704 0.923871 0
    outer loop
      vertex 22.69 15.05 63.9
      vertex 24.9527 15.9873 53.36
      vertex 22.69 15.05 53.36
    endloop
  endfacet
  facet normal -0.923871 -0.382704 0
    outer loop
      vertex 25.89 27.25 53.36
      vertex 24.9527 29.5127 63.9
      vertex 24.9527 29.5127 53.36
    endloop
  endfacet
  facet normal -0.923871 -0.382704 0
    outer loop
      vertex 24.9527 29.5127 63.9
      vertex 25.89 27.25 53.36
      vertex 25.89 27.25 63.9
    endloop
  endfacet
  facet normal 0.382704 -0.923871 0
    outer loop
      vertex 20.4273 29.5127 53.36
      vertex 22.69 30.45 63.9
      vertex 20.4273 29.5127 63.9
    endloop
  endfacet
  facet normal 0.382704 -0.923871 0
    outer loop
      vertex 22.69 30.45 63.9
      vertex 20.4273 29.5127 53.36
      vertex 22.69 30.45 53.36
    endloop
  endfacet
  facet normal -0.382704 -0.923871 0
    outer loop
      vertex 22.69 30.45 53.36
      vertex 24.9527 29.5127 63.9
      vertex 22.69 30.45 63.9
    endloop
  endfacet
  facet normal -0.382704 -0.923871 -0
    outer loop
      vertex 24.9527 29.5127 63.9
      vertex 22.69 30.45 53.36
      vertex 24.9527 29.5127 53.36
    endloop
  endfacet
  facet normal 0.923871 -0.382704 0
    outer loop
      vertex 19.49 27.25 63.9
      vertex 20.4273 29.5127 53.36
      vertex 20.4273 29.5127 63.9
    endloop
  endfacet
  facet normal 0.923871 -0.382704 0
    outer loop
      vertex 20.4273 29.5127 53.36
      vertex 19.49 27.25 63.9
      vertex 19.49 27.25 53.36
    endloop
  endfacet
  facet normal 0 0 1
    outer loop
      vertex 24.9527 29.5127 53.36
      vertex 24.9527 24.9873 53.36
      vertex 25.89 27.25 53.36
    endloop
  endfacet
  facet normal 0 0 1
    outer loop
      vertex 22.69 30.45 53.36
      vertex 24.9527 24.9873 53.36
      vertex 24.9527 29.5127 53.36
    endloop
  endfacet
  facet normal 0 0 1
    outer loop
      vertex 22.69 30.45 53.36
      vertex 22.69 24.05 53.36
      vertex 24.9527 24.9873 53.36
    endloop
  endfacet
  facet normal -0 0 1
    outer loop
      vertex 20.4273 29.5127 53.36
      vertex 22.69 24.05 53.36
      vertex 22.69 30.45 53.36
    endloop
  endfacet
  facet normal 0 0 1
    outer loop
      vertex 20.4273 29.5127 53.36
      vertex 20.4273 24.9873 53.36
      vertex 22.69 24.05 53.36
    endloop
  endfacet
  facet normal 0 -0 1
    outer loop
      vertex 20.4273 24.9873 53.36
      vertex 20.4273 29.5127 53.36
      vertex 19.49 27.25 53.36
    endloop
  endfacet
  facet normal 0.923871 0.382704 0
    outer loop
      vertex 20.4273 24.9873 63.9
      vertex 19.49 27.25 53.36
      vertex 19.49 27.25 63.9
    endloop
  endfacet
  facet normal 0.923871 0.382704 0
    outer loop
      vertex 19.49 27.25 53.36
      vertex 20.4273 24.9873 63.9
      vertex 20.4273 24.9873 53.36
    endloop
  endfacet
  facet normal -0.382704 0.923871 0
    outer loop
      vertex 24.9527 24.9873 53.36
      vertex 22.69 24.05 63.9
      vertex 24.9527 24.9873 63.9
    endloop
  endfacet
  facet normal -0.382704 0.923871 0
    outer loop
      vertex 22.69 24.05 63.9
      vertex 24.9527 24.9873 53.36
      vertex 22.69 24.05 53.36
    endloop
  endfacet
  facet normal 0.382704 0.923871 -0
    outer loop
      vertex 22.69 24.05 53.36
      vertex 20.4273 24.9873 63.9
      vertex 22.69 24.05 63.9
    endloop
  endfacet
  facet normal 0.382704 0.923871 0
    outer loop
      vertex 20.4273 24.9873 63.9
      vertex 22.69 24.05 53.36
      vertex 20.4273 24.9873 53.36
    endloop
  endfacet
  facet normal -0.923871 0.382704 0
    outer loop
      vertex 24.9527 24.9873 53.36
      vertex 25.89 27.25 63.9
      vertex 25.89 27.25 53.36
    endloop
  endfacet
  facet normal -0.923871 0.382704 0
    outer loop
      vertex 25.89 27.25 63.9
      vertex 24.9527 24.9873 53.36
      vertex 24.9527 24.9873 63.9
    endloop
  endfacet
  facet normal -0.923871 -0.382704 0
    outer loop
      vertex 25.89 36.25 53.36
      vertex 24.9527 38.5127 63.9
      vertex 24.9527 38.5127 53.36
    endloop
  endfacet
  facet normal -0.923871 -0.382704 0
    outer loop
      vertex 24.9527 38.5127 63.9
      vertex 25.89 36.25 53.36
      vertex 25.89 36.25 63.9
    endloop
  endfacet
  facet normal 0.923871 0.382704 0
    outer loop
      vertex 20.4273 33.9873 63.9
      vertex 19.49 36.25 53.36
      vertex 19.49 36.25 63.9
    endloop
  endfacet
  facet normal 0.923871 0.382704 0
    outer loop
      vertex 19.49 36.25 53.36
      vertex 20.4273 33.9873 63.9
      vertex 20.4273 33.9873 53.36
    endloop
  endfacet
  facet normal 0.382704 -0.923871 0
    outer loop
      vertex 20.4273 38.5127 53.36
      vertex 22.69 39.45 63.9
      vertex 20.4273 38.5127 63.9
    endloop
  endfacet
  facet normal 0.382704 -0.923871 0
    outer loop
      vertex 22.69 39.45 63.9
      vertex 20.4273 38.5127 53.36
      vertex 22.69 39.45 53.36
    endloop
  endfacet
  facet normal -0.382704 -0.923871 0
    outer loop
      vertex 22.69 39.45 53.36
      vertex 24.9527 38.5127 63.9
      vertex 22.69 39.45 63.9
    endloop
  endfacet
  facet normal -0.382704 -0.923871 -0
    outer loop
      vertex 24.9527 38.5127 63.9
      vertex 22.69 39.45 53.36
      vertex 24.9527 38.5127 53.36
    endloop
  endfacet
  facet normal 0.923871 -0.382704 0
    outer loop
      vertex 19.49 36.25 63.9
      vertex 20.4273 38.5127 53.36
      vertex 20.4273 38.5127 63.9
    endloop
  endfacet
  facet normal 0.923871 -0.382704 0
    outer loop
      vertex 20.4273 38.5127 53.36
      vertex 19.49 36.25 63.9
      vertex 19.49 36.25 53.36
    endloop
  endfacet
  facet normal 0 0 1
    outer loop
      vertex 24.9527 38.5127 53.36
      vertex 24.9527 33.9873 53.36
      vertex 25.89 36.25 53.36
    endloop
  endfacet
  facet normal 0 0 1
    outer loop
      vertex 22.69 39.45 53.36
      vertex 24.9527 33.9873 53.36
      vertex 24.9527 38.5127 53.36
    endloop
  endfacet
  facet normal 0 0 1
    outer loop
      vertex 22.69 39.45 53.36
      vertex 22.69 33.05 53.36
      vertex 24.9527 33.9873 53.36
    endloop
  endfacet
  facet normal -0 0 1
    outer loop
      vertex 20.4273 38.5127 53.36
      vertex 22.69 33.05 53.36
      vertex 22.69 39.45 53.36
    endloop
  endfacet
  facet normal 0 0 1
    outer loop
      vertex 20.4273 38.5127 53.36
      vertex 20.4273 33.9873 53.36
      vertex 22.69 33.05 53.36
    endloop
  endfacet
  facet normal 0 -0 1
    outer loop
      vertex 20.4273 33.9873 53.36
      vertex 20.4273 38.5127 53.36
      vertex 19.49 36.25 53.36
    endloop
  endfacet
  facet normal -0.923871 0.382704 0
    outer loop
      vertex 24.9527 33.9873 53.36
      vertex 25.89 36.25 63.9
      vertex 25.89 36.25 53.36
    endloop
  endfacet
  facet normal -0.923871 0.382704 0
    outer loop
      vertex 25.89 36.25 63.9
      vertex 24.9527 33.9873 53.36
      vertex 24.9527 33.9873 63.9
    endloop
  endfacet
  facet normal -0.382704 0.923871 0
    outer loop
      vertex 24.9527 33.9873 53.36
      vertex 22.69 33.05 63.9
      vertex 24.9527 33.9873 63.9
    endloop
  endfacet
  facet normal -0.382704 0.923871 0
    outer loop
      vertex 22.69 33.05 63.9
      vertex 24.9527 33.9873 53.36
      vertex 22.69 33.05 53.36
    endloop
  endfacet
  facet normal 0.382704 0.923871 -0
    outer loop
      vertex 22.69 33.05 53.36
      vertex 20.4273 33.9873 63.9
      vertex 22.69 33.05 63.9
    endloop
  endfacet
  facet normal 0.382704 0.923871 0
    outer loop
      vertex 20.4273 33.9873 63.9
      vertex 22.69 33.05 53.36
      vertex 20.4273 33.9873 53.36
    endloop
  endfacet
  facet normal -0.923871 -0.382704 0
    outer loop
      vertex 25.89 45.25 53.36
      vertex 24.9527 47.5127 63.9
      vertex 24.9527 47.5127 53.36
    endloop
  endfacet
  facet normal -0.923871 -0.382704 0
    outer loop
      vertex 24.9527 47.5127 63.9
      vertex 25.89 45.25 53.36
      vertex 25.89 45.25 63.9
    endloop
  endfacet
  facet normal 0.382704 -0.923871 0
    outer loop
      vertex 20.4273 47.5127 53.36
      vertex 22.69 48.45 63.9
      vertex 20.4273 47.5127 63.9
    endloop
  endfacet
  facet normal 0.382704 -0.923871 0
    outer loop
      vertex 22.69 48.45 63.9
      vertex 20.4273 47.5127 53.36
      vertex 22.69 48.45 53.36
    endloop
  endfacet
  facet normal -0.382704 -0.923871 0
    outer loop
      vertex 22.69 48.45 53.36
      vertex 24.9527 47.5127 63.9
      vertex 22.69 48.45 63.9
    endloop
  endfacet
  facet normal -0.382704 -0.923871 -0
    outer loop
      vertex 24.9527 47.5127 63.9
      vertex 22.69 48.45 53.36
      vertex 24.9527 47.5127 53.36
    endloop
  endfacet
  facet normal 0.923871 -0.382704 0
    outer loop
      vertex 19.49 45.25 63.9
      vertex 20.4273 47.5127 53.36
      vertex 20.4273 47.5127 63.9
    endloop
  endfacet
  facet normal 0.923871 -0.382704 0
    outer loop
      vertex 20.4273 47.5127 53.36
      vertex 19.49 45.25 63.9
      vertex 19.49 45.25 53.36
    endloop
  endfacet
  facet normal 0 0 1
    outer loop
      vertex 24.9527 47.5127 53.36
      vertex 24.9527 42.9873 53.36
      vertex 25.89 45.25 53.36
    endloop
  endfacet
  facet normal 0 0 1
    outer loop
      vertex 22.69 48.45 53.36
      vertex 24.9527 42.9873 53.36
      vertex 24.9527 47.5127 53.36
    endloop
  endfacet
  facet normal 0 0 1
    outer loop
      vertex 22.69 48.45 53.36
      vertex 22.69 42.05 53.36
      vertex 24.9527 42.9873 53.36
    endloop
  endfacet
  facet normal -0 0 1
    outer loop
      vertex 20.4273 47.5127 53.36
      vertex 22.69 42.05 53.36
      vertex 22.69 48.45 53.36
    endloop
  endfacet
  facet normal 0 0 1
    outer loop
      vertex 20.4273 47.5127 53.36
      vertex 20.4273 42.9873 53.36
      vertex 22.69 42.05 53.36
    endloop
  endfacet
  facet normal 0 -0 1
    outer loop
      vertex 20.4273 42.9873 53.36
      vertex 20.4273 47.5127 53.36
      vertex 19.49 45.25 53.36
    endloop
  endfacet
  facet normal -0.923871 0.382704 0
    outer loop
      vertex 24.9527 42.9873 53.36
      vertex 25.89 45.25 63.9
      vertex 25.89 45.25 53.36
    endloop
  endfacet
  facet normal -0.923871 0.382704 0
    outer loop
      vertex 25.89 45.25 63.9
      vertex 24.9527 42.9873 53.36
      vertex 24.9527 42.9873 63.9
    endloop
  endfacet
  facet normal 0.923871 0.382704 0
    outer loop
      vertex 20.4273 42.9873 63.9
      vertex 19.49 45.25 53.36
      vertex 19.49 45.25 63.9
    endloop
  endfacet
  facet normal 0.923871 0.382704 0
    outer loop
      vertex 19.49 45.25 53.36
      vertex 20.4273 42.9873 63.9
      vertex 20.4273 42.9873 53.36
    endloop
  endfacet
  facet normal -0.382704 0.923871 0
    outer loop
      vertex 24.9527 42.9873 53.36
      vertex 22.69 42.05 63.9
      vertex 24.9527 42.9873 63.9
    endloop
  endfacet
  facet normal -0.382704 0.923871 0
    outer loop
      vertex 22.69 42.05 63.9
      vertex 24.9527 42.9873 53.36
      vertex 22.69 42.05 53.36
    endloop
  endfacet
  facet normal 0.382704 0.923871 -0
    outer loop
      vertex 22.69 42.05 53.36
      vertex 20.4273 42.9873 63.9
      vertex 22.69 42.05 63.9
    endloop
  endfacet
  facet normal 0.382704 0.923871 0
    outer loop
      vertex 20.4273 42.9873 63.9
      vertex 22.69 42.05 53.36
      vertex 20.4273 42.9873 53.36
    endloop
  endfacet
  facet normal -0.923871 -0.382704 0
    outer loop
      vertex 25.89 54.25 53.36
      vertex 24.9527 56.5127 63.9
      vertex 24.9527 56.5127 53.36
    endloop
  endfacet
  facet normal -0.923871 -0.382704 0
    outer loop
      vertex 24.9527 56.5127 63.9
      vertex 25.89 54.25 53.36
      vertex 25.89 54.25 63.9
    endloop
  endfacet
  facet normal 0.382704 0.923871 -0
    outer loop
      vertex 22.69 51.05 53.36
      vertex 20.4273 51.9873 63.9
      vertex 22.69 51.05 63.9
    endloop
  endfacet
  facet normal 0.382704 0.923871 0
    outer loop
      vertex 20.4273 51.9873 63.9
      vertex 22.69 51.05 53.36
      vertex 20.4273 51.9873 53.36
    endloop
  endfacet
  facet normal 0.382704 -0.923871 0
    outer loop
      vertex 20.4273 56.5127 53.36
      vertex 22.69 57.45 63.9
      vertex 20.4273 56.5127 63.9
    endloop
  endfacet
  facet normal 0.382704 -0.923871 0
    outer loop
      vertex 22.69 57.45 63.9
      vertex 20.4273 56.5127 53.36
      vertex 22.69 57.45 53.36
    endloop
  endfacet
  facet normal -0.382704 -0.923871 0
    outer loop
      vertex 22.69 57.45 53.36
      vertex 24.9527 56.5127 63.9
      vertex 22.69 57.45 63.9
    endloop
  endfacet
  facet normal -0.382704 -0.923871 -0
    outer loop
      vertex 24.9527 56.5127 63.9
      vertex 22.69 57.45 53.36
      vertex 24.9527 56.5127 53.36
    endloop
  endfacet
  facet normal 0.923871 -0.382704 0
    outer loop
      vertex 19.49 54.25 63.9
      vertex 20.4273 56.5127 53.36
      vertex 20.4273 56.5127 63.9
    endloop
  endfacet
  facet normal 0.923871 -0.382704 0
    outer loop
      vertex 20.4273 56.5127 53.36
      vertex 19.49 54.25 63.9
      vertex 19.49 54.25 53.36
    endloop
  endfacet
  facet normal 0 0 1
    outer loop
      vertex 24.9527 56.5127 53.36
      vertex 24.9527 51.9873 53.36
      vertex 25.89 54.25 53.36
    endloop
  endfacet
  facet normal 0 0 1
    outer loop
      vertex 22.69 57.45 53.36
      vertex 24.9527 51.9873 53.36
      vertex 24.9527 56.5127 53.36
    endloop
  endfacet
  facet normal 0 0 1
    outer loop
      vertex 22.69 57.45 53.36
      vertex 22.69 51.05 53.36
      vertex 24.9527 51.9873 53.36
    endloop
  endfacet
  facet normal -0 0 1
    outer loop
      vertex 20.4273 56.5127 53.36
      vertex 22.69 51.05 53.36
      vertex 22.69 57.45 53.36
    endloop
  endfacet
  facet normal 0 0 1
    outer loop
      vertex 20.4273 56.5127 53.36
      vertex 20.4273 51.9873 53.36
      vertex 22.69 51.05 53.36
    endloop
  endfacet
  facet normal 0 -0 1
    outer loop
      vertex 20.4273 51.9873 53.36
      vertex 20.4273 56.5127 53.36
      vertex 19.49 54.25 53.36
    endloop
  endfacet
  facet normal 0.923871 0.382704 0
    outer loop
      vertex 20.4273 51.9873 63.9
      vertex 19.49 54.25 53.36
      vertex 19.49 54.25 63.9
    endloop
  endfacet
  facet normal 0.923871 0.382704 0
    outer loop
      vertex 19.49 54.25 53.36
      vertex 20.4273 51.9873 63.9
      vertex 20.4273 51.9873 53.36
    endloop
  endfacet
  facet normal -0.382704 0.923871 0
    outer loop
      vertex 24.9527 51.9873 53.36
      vertex 22.69 51.05 63.9
      vertex 24.9527 51.9873 63.9
    endloop
  endfacet
  facet normal -0.382704 0.923871 0
    outer loop
      vertex 22.69 51.05 63.9
      vertex 24.9527 51.9873 53.36
      vertex 22.69 51.05 53.36
    endloop
  endfacet
  facet normal -0.923871 0.382704 0
    outer loop
      vertex 24.9527 51.9873 53.36
      vertex 25.89 54.25 63.9
      vertex 25.89 54.25 53.36
    endloop
  endfacet
  facet normal -0.923871 0.382704 0
    outer loop
      vertex 25.89 54.25 63.9
      vertex 24.9527 51.9873 53.36
      vertex 24.9527 51.9873 63.9
    endloop
  endfacet
  facet normal -0.923871 -0.382704 0
    outer loop
      vertex 25.89 63.25 53.36
      vertex 24.9527 65.5127 63.9
      vertex 24.9527 65.5127 53.36
    endloop
  endfacet
  facet normal -0.923871 -0.382704 0
    outer loop
      vertex 24.9527 65.5127 63.9
      vertex 25.89 63.25 53.36
      vertex 25.89 63.25 63.9
    endloop
  endfacet
  facet normal 0.382704 0.923871 -0
    outer loop
      vertex 22.69 60.05 53.36
      vertex 20.4273 60.9873 63.9
      vertex 22.69 60.05 63.9
    endloop
  endfacet
  facet normal 0.382704 0.923871 0
    outer loop
      vertex 20.4273 60.9873 63.9
      vertex 22.69 60.05 53.36
      vertex 20.4273 60.9873 53.36
    endloop
  endfacet
  facet normal 0.382704 -0.923871 0
    outer loop
      vertex 20.4273 65.5127 53.36
      vertex 22.69 66.45 63.9
      vertex 20.4273 65.5127 63.9
    endloop
  endfacet
  facet normal 0.382704 -0.923871 0
    outer loop
      vertex 22.69 66.45 63.9
      vertex 20.4273 65.5127 53.36
      vertex 22.69 66.45 53.36
    endloop
  endfacet
  facet normal -0.382704 -0.923871 0
    outer loop
      vertex 22.69 66.45 53.36
      vertex 24.9527 65.5127 63.9
      vertex 22.69 66.45 63.9
    endloop
  endfacet
  facet normal -0.382704 -0.923871 -0
    outer loop
      vertex 24.9527 65.5127 63.9
      vertex 22.69 66.45 53.36
      vertex 24.9527 65.5127 53.36
    endloop
  endfacet
  facet normal 0.923871 -0.382704 0
    outer loop
      vertex 19.49 63.25 63.9
      vertex 20.4273 65.5127 53.36
      vertex 20.4273 65.5127 63.9
    endloop
  endfacet
  facet normal 0.923871 -0.382704 0
    outer loop
      vertex 20.4273 65.5127 53.36
      vertex 19.49 63.25 63.9
      vertex 19.49 63.25 53.36
    endloop
  endfacet
  facet normal 0 0 1
    outer loop
      vertex 24.9527 65.5127 53.36
      vertex 24.9527 60.9873 53.36
      vertex 25.89 63.25 53.36
    endloop
  endfacet
  facet normal 0 0 1
    outer loop
      vertex 22.69 66.45 53.36
      vertex 24.9527 60.9873 53.36
      vertex 24.9527 65.5127 53.36
    endloop
  endfacet
  facet normal 0 0 1
    outer loop
      vertex 22.69 66.45 53.36
      vertex 22.69 60.05 53.36
      vertex 24.9527 60.9873 53.36
    endloop
  endfacet
  facet normal -0 0 1
    outer loop
      vertex 20.4273 65.5127 53.36
      vertex 22.69 60.05 53.36
      vertex 22.69 66.45 53.36
    endloop
  endfacet
  facet normal 0 0 1
    outer loop
      vertex 20.4273 65.5127 53.36
      vertex 20.4273 60.9873 53.36
      vertex 22.69 60.05 53.36
    endloop
  endfacet
  facet normal 0 -0 1
    outer loop
      vertex 20.4273 60.9873 53.36
      vertex 20.4273 65.5127 53.36
      vertex 19.49 63.25 53.36
    endloop
  endfacet
  facet normal 0.923871 0.382704 0
    outer loop
      vertex 20.4273 60.9873 63.9
      vertex 19.49 63.25 53.36
      vertex 19.49 63.25 63.9
    endloop
  endfacet
  facet normal 0.923871 0.382704 0
    outer loop
      vertex 19.49 63.25 53.36
      vertex 20.4273 60.9873 63.9
      vertex 20.4273 60.9873 53.36
    endloop
  endfacet
  facet normal -0.382704 0.923871 0
    outer loop
      vertex 24.9527 60.9873 53.36
      vertex 22.69 60.05 63.9
      vertex 24.9527 60.9873 63.9
    endloop
  endfacet
  facet normal -0.382704 0.923871 0
    outer loop
      vertex 22.69 60.05 63.9
      vertex 24.9527 60.9873 53.36
      vertex 22.69 60.05 53.36
    endloop
  endfacet
  facet normal -0.923871 0.382704 0
    outer loop
      vertex 24.9527 60.9873 53.36
      vertex 25.89 63.25 63.9
      vertex 25.89 63.25 53.36
    endloop
  endfacet
  facet normal -0.923871 0.382704 0
    outer loop
      vertex 25.89 63.25 63.9
      vertex 24.9527 60.9873 53.36
      vertex 24.9527 60.9873 63.9
    endloop
  endfacet
  facet normal -0.923871 -0.382704 0
    outer loop
      vertex 25.89 72.25 53.36
      vertex 24.9527 74.5127 63.9
      vertex 24.9527 74.5127 53.36
    endloop
  endfacet
  facet normal -0.923871 -0.382704 0
    outer loop
      vertex 24.9527 74.5127 63.9
      vertex 25.89 72.25 53.36
      vertex 25.89 72.25 63.9
    endloop
  endfacet
  facet normal 0.382704 -0.923871 0
    outer loop
      vertex 20.4273 74.5127 53.36
      vertex 22.69 75.45 63.9
      vertex 20.4273 74.5127 63.9
    endloop
  endfacet
  facet normal 0.382704 -0.923871 0
    outer loop
      vertex 22.69 75.45 63.9
      vertex 20.4273 74.5127 53.36
      vertex 22.69 75.45 53.36
    endloop
  endfacet
  facet normal -0.382704 -0.923871 0
    outer loop
      vertex 22.69 75.45 53.36
      vertex 24.9527 74.5127 63.9
      vertex 22.69 75.45 63.9
    endloop
  endfacet
  facet normal -0.382704 -0.923871 -0
    outer loop
      vertex 24.9527 74.5127 63.9
      vertex 22.69 75.45 53.36
      vertex 24.9527 74.5127 53.36
    endloop
  endfacet
  facet normal 0.923871 -0.382704 0
    outer loop
      vertex 19.49 72.25 63.9
      vertex 20.4273 74.5127 53.36
      vertex 20.4273 74.5127 63.9
    endloop
  endfacet
  facet normal 0.923871 -0.382704 0
    outer loop
      vertex 20.4273 74.5127 53.36
      vertex 19.49 72.25 63.9
      vertex 19.49 72.25 53.36
    endloop
  endfacet
  facet normal 0 0 1
    outer loop
      vertex 24.9527 74.5127 53.36
      vertex 24.9527 69.9873 53.36
      vertex 25.89 72.25 53.36
    endloop
  endfacet
  facet normal 0 0 1
    outer loop
      vertex 22.69 75.45 53.36
      vertex 24.9527 69.9873 53.36
      vertex 24.9527 74.5127 53.36
    endloop
  endfacet
  facet normal 0 0 1
    outer loop
      vertex 22.69 75.45 53.36
      vertex 22.69 69.05 53.36
      vertex 24.9527 69.9873 53.36
    endloop
  endfacet
  facet normal -0 0 1
    outer loop
      vertex 20.4273 74.5127 53.36
      vertex 22.69 69.05 53.36
      vertex 22.69 75.45 53.36
    endloop
  endfacet
  facet normal 0 0 1
    outer loop
      vertex 20.4273 74.5127 53.36
      vertex 20.4273 69.9873 53.36
      vertex 22.69 69.05 53.36
    endloop
  endfacet
  facet normal 0 -0 1
    outer loop
      vertex 20.4273 69.9873 53.36
      vertex 20.4273 74.5127 53.36
      vertex 19.49 72.25 53.36
    endloop
  endfacet
  facet normal -0.923871 0.382704 0
    outer loop
      vertex 24.9527 69.9873 53.36
      vertex 25.89 72.25 63.9
      vertex 25.89 72.25 53.36
    endloop
  endfacet
  facet normal -0.923871 0.382704 0
    outer loop
      vertex 25.89 72.25 63.9
      vertex 24.9527 69.9873 53.36
      vertex 24.9527 69.9873 63.9
    endloop
  endfacet
  facet normal 0.923871 0.382704 0
    outer loop
      vertex 20.4273 69.9873 63.9
      vertex 19.49 72.25 53.36
      vertex 19.49 72.25 63.9
    endloop
  endfacet
  facet normal 0.923871 0.382704 0
    outer loop
      vertex 19.49 72.25 53.36
      vertex 20.4273 69.9873 63.9
      vertex 20.4273 69.9873 53.36
    endloop
  endfacet
  facet normal -0.382704 0.923871 0
    outer loop
      vertex 24.9527 69.9873 53.36
      vertex 22.69 69.05 63.9
      vertex 24.9527 69.9873 63.9
    endloop
  endfacet
  facet normal -0.382704 0.923871 0
    outer loop
      vertex 22.69 69.05 63.9
      vertex 24.9527 69.9873 53.36
      vertex 22.69 69.05 53.36
    endloop
  endfacet
  facet normal 0.382704 0.923871 -0
    outer loop
      vertex 22.69 69.05 53.36
      vertex 20.4273 69.9873 63.9
      vertex 22.69 69.05 63.9
    endloop
  endfacet
  facet normal 0.382704 0.923871 0
    outer loop
      vertex 20.4273 69.9873 63.9
      vertex 22.69 69.05 53.36
      vertex 20.4273 69.9873 53.36
    endloop
  endfacet
  facet normal -0.923871 -0.382704 0
    outer loop
      vertex 34.89 9.25 53.36
      vertex 33.9527 11.5127 63.9
      vertex 33.9527 11.5127 53.36
    endloop
  endfacet
  facet normal -0.923871 -0.382704 0
    outer loop
      vertex 33.9527 11.5127 63.9
      vertex 34.89 9.25 53.36
      vertex 34.89 9.25 63.9
    endloop
  endfacet
  facet normal 0.923873 0.382698 0
    outer loop
      vertex 29.4273 6.98726 63.9
      vertex 28.49 9.25 53.36
      vertex 28.49 9.25 63.9
    endloop
  endfacet
  facet normal 0.923873 0.382698 0
    outer loop
      vertex 28.49 9.25 53.36
      vertex 29.4273 6.98726 63.9
      vertex 29.4273 6.98726 53.36
    endloop
  endfacet
  facet normal 0.38269 0.923877 -0
    outer loop
      vertex 31.69 6.05 53.36
      vertex 29.4273 6.98726 63.9
      vertex 31.69 6.05 63.9
    endloop
  endfacet
  facet normal 0.38269 0.923877 0
    outer loop
      vertex 29.4273 6.98726 63.9
      vertex 31.69 6.05 53.36
      vertex 29.4273 6.98726 53.36
    endloop
  endfacet
  facet normal 0.382704 -0.923871 0
    outer loop
      vertex 29.4273 11.5127 53.36
      vertex 31.69 12.45 63.9
      vertex 29.4273 11.5127 63.9
    endloop
  endfacet
  facet normal 0.382704 -0.923871 0
    outer loop
      vertex 31.69 12.45 63.9
      vertex 29.4273 11.5127 53.36
      vertex 31.69 12.45 53.36
    endloop
  endfacet
  facet normal -0.382704 -0.923871 0
    outer loop
      vertex 31.69 12.45 53.36
      vertex 33.9527 11.5127 63.9
      vertex 31.69 12.45 63.9
    endloop
  endfacet
  facet normal -0.382704 -0.923871 -0
    outer loop
      vertex 33.9527 11.5127 63.9
      vertex 31.69 12.45 53.36
      vertex 33.9527 11.5127 53.36
    endloop
  endfacet
  facet normal 0.923871 -0.382704 0
    outer loop
      vertex 28.49 9.25 63.9
      vertex 29.4273 11.5127 53.36
      vertex 29.4273 11.5127 63.9
    endloop
  endfacet
  facet normal 0.923871 -0.382704 0
    outer loop
      vertex 29.4273 11.5127 53.36
      vertex 28.49 9.25 63.9
      vertex 28.49 9.25 53.36
    endloop
  endfacet
  facet normal 0 0 1
    outer loop
      vertex 33.9527 11.5127 53.36
      vertex 33.9527 6.98726 53.36
      vertex 34.89 9.25 53.36
    endloop
  endfacet
  facet normal 0 0 1
    outer loop
      vertex 31.69 12.45 53.36
      vertex 33.9527 6.98726 53.36
      vertex 33.9527 11.5127 53.36
    endloop
  endfacet
  facet normal 0 0 1
    outer loop
      vertex 31.69 12.45 53.36
      vertex 31.69 6.05 53.36
      vertex 33.9527 6.98726 53.36
    endloop
  endfacet
  facet normal -0 0 1
    outer loop
      vertex 29.4273 11.5127 53.36
      vertex 31.69 6.05 53.36
      vertex 31.69 12.45 53.36
    endloop
  endfacet
  facet normal 0 0 1
    outer loop
      vertex 29.4273 11.5127 53.36
      vertex 29.4273 6.98726 53.36
      vertex 31.69 6.05 53.36
    endloop
  endfacet
  facet normal 0 -0 1
    outer loop
      vertex 29.4273 6.98726 53.36
      vertex 29.4273 11.5127 53.36
      vertex 28.49 9.25 53.36
    endloop
  endfacet
  facet normal -0.38269 0.923877 0
    outer loop
      vertex 33.9527 6.98726 53.36
      vertex 31.69 6.05 63.9
      vertex 33.9527 6.98726 63.9
    endloop
  endfacet
  facet normal -0.38269 0.923877 0
    outer loop
      vertex 31.69 6.05 63.9
      vertex 33.9527 6.98726 53.36
      vertex 31.69 6.05 53.36
    endloop
  endfacet
  facet normal -0.923873 0.382698 0
    outer loop
      vertex 33.9527 6.98726 53.36
      vertex 34.89 9.25 63.9
      vertex 34.89 9.25 53.36
    endloop
  endfacet
  facet normal -0.923873 0.382698 0
    outer loop
      vertex 34.89 9.25 63.9
      vertex 33.9527 6.98726 53.36
      vertex 33.9527 6.98726 63.9
    endloop
  endfacet
  facet normal -0.923871 -0.382704 0
    outer loop
      vertex 34.89 18.25 53.36
      vertex 33.9527 20.5127 63.9
      vertex 33.9527 20.5127 53.36
    endloop
  endfacet
  facet normal -0.923871 -0.382704 0
    outer loop
      vertex 33.9527 20.5127 63.9
      vertex 34.89 18.25 53.36
      vertex 34.89 18.25 63.9
    endloop
  endfacet
  facet normal 0.923871 0.382704 0
    outer loop
      vertex 29.4273 15.9873 63.9
      vertex 28.49 18.25 53.36
      vertex 28.49 18.25 63.9
    endloop
  endfacet
  facet normal 0.923871 0.382704 0
    outer loop
      vertex 28.49 18.25 53.36
      vertex 29.4273 15.9873 63.9
      vertex 29.4273 15.9873 53.36
    endloop
  endfacet
  facet normal 0.382704 0.923871 -0
    outer loop
      vertex 31.69 15.05 53.36
      vertex 29.4273 15.9873 63.9
      vertex 31.69 15.05 63.9
    endloop
  endfacet
  facet normal 0.382704 0.923871 0
    outer loop
      vertex 29.4273 15.9873 63.9
      vertex 31.69 15.05 53.36
      vertex 29.4273 15.9873 53.36
    endloop
  endfacet
  facet normal 0.382704 -0.923871 0
    outer loop
      vertex 29.4273 20.5127 53.36
      vertex 31.69 21.45 63.9
      vertex 29.4273 20.5127 63.9
    endloop
  endfacet
  facet normal 0.382704 -0.923871 0
    outer loop
      vertex 31.69 21.45 63.9
      vertex 29.4273 20.5127 53.36
      vertex 31.69 21.45 53.36
    endloop
  endfacet
  facet normal -0.382704 -0.923871 0
    outer loop
      vertex 31.69 21.45 53.36
      vertex 33.9527 20.5127 63.9
      vertex 31.69 21.45 63.9
    endloop
  endfacet
  facet normal -0.382704 -0.923871 -0
    outer loop
      vertex 33.9527 20.5127 63.9
      vertex 31.69 21.45 53.36
      vertex 33.9527 20.5127 53.36
    endloop
  endfacet
  facet normal 0.923871 -0.382704 0
    outer loop
      vertex 28.49 18.25 63.9
      vertex 29.4273 20.5127 53.36
      vertex 29.4273 20.5127 63.9
    endloop
  endfacet
  facet normal 0.923871 -0.382704 0
    outer loop
      vertex 29.4273 20.5127 53.36
      vertex 28.49 18.25 63.9
      vertex 28.49 18.25 53.36
    endloop
  endfacet
  facet normal 0 0 1
    outer loop
      vertex 33.9527 20.5127 53.36
      vertex 33.9527 15.9873 53.36
      vertex 34.89 18.25 53.36
    endloop
  endfacet
  facet normal 0 0 1
    outer loop
      vertex 31.69 21.45 53.36
      vertex 33.9527 15.9873 53.36
      vertex 33.9527 20.5127 53.36
    endloop
  endfacet
  facet normal 0 0 1
    outer loop
      vertex 31.69 21.45 53.36
      vertex 31.69 15.05 53.36
      vertex 33.9527 15.9873 53.36
    endloop
  endfacet
  facet normal -0 0 1
    outer loop
      vertex 29.4273 20.5127 53.36
      vertex 31.69 15.05 53.36
      vertex 31.69 21.45 53.36
    endloop
  endfacet
  facet normal 0 0 1
    outer loop
      vertex 29.4273 20.5127 53.36
      vertex 29.4273 15.9873 53.36
      vertex 31.69 15.05 53.36
    endloop
  endfacet
  facet normal 0 -0 1
    outer loop
      vertex 29.4273 15.9873 53.36
      vertex 29.4273 20.5127 53.36
      vertex 28.49 18.25 53.36
    endloop
  endfacet
  facet normal -0.382704 0.923871 0
    outer loop
      vertex 33.9527 15.9873 53.36
      vertex 31.69 15.05 63.9
      vertex 33.9527 15.9873 63.9
    endloop
  endfacet
  facet normal -0.382704 0.923871 0
    outer loop
      vertex 31.69 15.05 63.9
      vertex 33.9527 15.9873 53.36
      vertex 31.69 15.05 53.36
    endloop
  endfacet
  facet normal -0.923871 0.382704 0
    outer loop
      vertex 33.9527 15.9873 53.36
      vertex 34.89 18.25 63.9
      vertex 34.89 18.25 53.36
    endloop
  endfacet
  facet normal -0.923871 0.382704 0
    outer loop
      vertex 34.89 18.25 63.9
      vertex 33.9527 15.9873 53.36
      vertex 33.9527 15.9873 63.9
    endloop
  endfacet
  facet normal -0.923871 -0.382704 0
    outer loop
      vertex 34.89 27.25 53.36
      vertex 33.9527 29.5127 63.9
      vertex 33.9527 29.5127 53.36
    endloop
  endfacet
  facet normal -0.923871 -0.382704 0
    outer loop
      vertex 33.9527 29.5127 63.9
      vertex 34.89 27.25 53.36
      vertex 34.89 27.25 63.9
    endloop
  endfacet
  facet normal 0.923871 0.382704 0
    outer loop
      vertex 29.4273 24.9873 63.9
      vertex 28.49 27.25 53.36
      vertex 28.49 27.25 63.9
    endloop
  endfacet
  facet normal 0.923871 0.382704 0
    outer loop
      vertex 28.49 27.25 53.36
      vertex 29.4273 24.9873 63.9
      vertex 29.4273 24.9873 53.36
    endloop
  endfacet
  facet normal 0.382704 -0.923871 0
    outer loop
      vertex 29.4273 29.5127 53.36
      vertex 31.69 30.45 63.9
      vertex 29.4273 29.5127 63.9
    endloop
  endfacet
  facet normal 0.382704 -0.923871 0
    outer loop
      vertex 31.69 30.45 63.9
      vertex 29.4273 29.5127 53.36
      vertex 31.69 30.45 53.36
    endloop
  endfacet
  facet normal -0.382704 -0.923871 0
    outer loop
      vertex 31.69 30.45 53.36
      vertex 33.9527 29.5127 63.9
      vertex 31.69 30.45 63.9
    endloop
  endfacet
  facet normal -0.382704 -0.923871 -0
    outer loop
      vertex 33.9527 29.5127 63.9
      vertex 31.69 30.45 53.36
      vertex 33.9527 29.5127 53.36
    endloop
  endfacet
  facet normal 0.923871 -0.382704 0
    outer loop
      vertex 28.49 27.25 63.9
      vertex 29.4273 29.5127 53.36
      vertex 29.4273 29.5127 63.9
    endloop
  endfacet
  facet normal 0.923871 -0.382704 0
    outer loop
      vertex 29.4273 29.5127 53.36
      vertex 28.49 27.25 63.9
      vertex 28.49 27.25 53.36
    endloop
  endfacet
  facet normal 0 0 1
    outer loop
      vertex 33.9527 29.5127 53.36
      vertex 33.9527 24.9873 53.36
      vertex 34.89 27.25 53.36
    endloop
  endfacet
  facet normal 0 0 1
    outer loop
      vertex 31.69 30.45 53.36
      vertex 33.9527 24.9873 53.36
      vertex 33.9527 29.5127 53.36
    endloop
  endfacet
  facet normal 0 0 1
    outer loop
      vertex 31.69 30.45 53.36
      vertex 31.69 24.05 53.36
      vertex 33.9527 24.9873 53.36
    endloop
  endfacet
  facet normal -0 0 1
    outer loop
      vertex 29.4273 29.5127 53.36
      vertex 31.69 24.05 53.36
      vertex 31.69 30.45 53.36
    endloop
  endfacet
  facet normal 0 0 1
    outer loop
      vertex 29.4273 29.5127 53.36
      vertex 29.4273 24.9873 53.36
      vertex 31.69 24.05 53.36
    endloop
  endfacet
  facet normal 0 -0 1
    outer loop
      vertex 29.4273 24.9873 53.36
      vertex 29.4273 29.5127 53.36
      vertex 28.49 27.25 53.36
    endloop
  endfacet
  facet normal -0.923871 0.382704 0
    outer loop
      vertex 33.9527 24.9873 53.36
      vertex 34.89 27.25 63.9
      vertex 34.89 27.25 53.36
    endloop
  endfacet
  facet normal -0.923871 0.382704 0
    outer loop
      vertex 34.89 27.25 63.9
      vertex 33.9527 24.9873 53.36
      vertex 33.9527 24.9873 63.9
    endloop
  endfacet
  facet normal -0.382704 0.923871 0
    outer loop
      vertex 33.9527 24.9873 53.36
      vertex 31.69 24.05 63.9
      vertex 33.9527 24.9873 63.9
    endloop
  endfacet
  facet normal -0.382704 0.923871 0
    outer loop
      vertex 31.69 24.05 63.9
      vertex 33.9527 24.9873 53.36
      vertex 31.69 24.05 53.36
    endloop
  endfacet
  facet normal 0.382704 0.923871 -0
    outer loop
      vertex 31.69 24.05 53.36
      vertex 29.4273 24.9873 63.9
      vertex 31.69 24.05 63.9
    endloop
  endfacet
  facet normal 0.382704 0.923871 0
    outer loop
      vertex 29.4273 24.9873 63.9
      vertex 31.69 24.05 53.36
      vertex 29.4273 24.9873 53.36
    endloop
  endfacet
  facet normal -0.923871 -0.382704 0
    outer loop
      vertex 34.89 36.25 53.36
      vertex 33.9527 38.5127 63.9
      vertex 33.9527 38.5127 53.36
    endloop
  endfacet
  facet normal -0.923871 -0.382704 0
    outer loop
      vertex 33.9527 38.5127 63.9
      vertex 34.89 36.25 53.36
      vertex 34.89 36.25 63.9
    endloop
  endfacet
  facet normal 0.382704 0.923871 -0
    outer loop
      vertex 31.69 33.05 53.36
      vertex 29.4273 33.9873 63.9
      vertex 31.69 33.05 63.9
    endloop
  endfacet
  facet normal 0.382704 0.923871 0
    outer loop
      vertex 29.4273 33.9873 63.9
      vertex 31.69 33.05 53.36
      vertex 29.4273 33.9873 53.36
    endloop
  endfacet
  facet normal 0.382704 -0.923871 0
    outer loop
      vertex 29.4273 38.5127 53.36
      vertex 31.69 39.45 63.9
      vertex 29.4273 38.5127 63.9
    endloop
  endfacet
  facet normal 0.382704 -0.923871 0
    outer loop
      vertex 31.69 39.45 63.9
      vertex 29.4273 38.5127 53.36
      vertex 31.69 39.45 53.36
    endloop
  endfacet
  facet normal -0.382704 -0.923871 0
    outer loop
      vertex 31.69 39.45 53.36
      vertex 33.9527 38.5127 63.9
      vertex 31.69 39.45 63.9
    endloop
  endfacet
  facet normal -0.382704 -0.923871 -0
    outer loop
      vertex 33.9527 38.5127 63.9
      vertex 31.69 39.45 53.36
      vertex 33.9527 38.5127 53.36
    endloop
  endfacet
  facet normal 0.923871 -0.382704 0
    outer loop
      vertex 28.49 36.25 63.9
      vertex 29.4273 38.5127 53.36
      vertex 29.4273 38.5127 63.9
    endloop
  endfacet
  facet normal 0.923871 -0.382704 0
    outer loop
      vertex 29.4273 38.5127 53.36
      vertex 28.49 36.25 63.9
      vertex 28.49 36.25 53.36
    endloop
  endfacet
  facet normal 0 0 1
    outer loop
      vertex 33.9527 38.5127 53.36
      vertex 33.9527 33.9873 53.36
      vertex 34.89 36.25 53.36
    endloop
  endfacet
  facet normal 0 0 1
    outer loop
      vertex 31.69 39.45 53.36
      vertex 33.9527 33.9873 53.36
      vertex 33.9527 38.5127 53.36
    endloop
  endfacet
  facet normal 0 0 1
    outer loop
      vertex 31.69 39.45 53.36
      vertex 31.69 33.05 53.36
      vertex 33.9527 33.9873 53.36
    endloop
  endfacet
  facet normal -0 0 1
    outer loop
      vertex 29.4273 38.5127 53.36
      vertex 31.69 33.05 53.36
      vertex 31.69 39.45 53.36
    endloop
  endfacet
  facet normal 0 0 1
    outer loop
      vertex 29.4273 38.5127 53.36
      vertex 29.4273 33.9873 53.36
      vertex 31.69 33.05 53.36
    endloop
  endfacet
  facet normal 0 -0 1
    outer loop
      vertex 29.4273 33.9873 53.36
      vertex 29.4273 38.5127 53.36
      vertex 28.49 36.25 53.36
    endloop
  endfacet
  facet normal 0.923871 0.382704 0
    outer loop
      vertex 29.4273 33.9873 63.9
      vertex 28.49 36.25 53.36
      vertex 28.49 36.25 63.9
    endloop
  endfacet
  facet normal 0.923871 0.382704 0
    outer loop
      vertex 28.49 36.25 53.36
      vertex 29.4273 33.9873 63.9
      vertex 29.4273 33.9873 53.36
    endloop
  endfacet
  facet normal -0.382704 0.923871 0
    outer loop
      vertex 33.9527 33.9873 53.36
      vertex 31.69 33.05 63.9
      vertex 33.9527 33.9873 63.9
    endloop
  endfacet
  facet normal -0.382704 0.923871 0
    outer loop
      vertex 31.69 33.05 63.9
      vertex 33.9527 33.9873 53.36
      vertex 31.69 33.05 53.36
    endloop
  endfacet
  facet normal -0.923871 0.382704 0
    outer loop
      vertex 33.9527 33.9873 53.36
      vertex 34.89 36.25 63.9
      vertex 34.89 36.25 53.36
    endloop
  endfacet
  facet normal -0.923871 0.382704 0
    outer loop
      vertex 34.89 36.25 63.9
      vertex 33.9527 33.9873 53.36
      vertex 33.9527 33.9873 63.9
    endloop
  endfacet
  facet normal -0.923871 -0.382704 0
    outer loop
      vertex 34.89 45.25 53.36
      vertex 33.9527 47.5127 63.9
      vertex 33.9527 47.5127 53.36
    endloop
  endfacet
  facet normal -0.923871 -0.382704 0
    outer loop
      vertex 33.9527 47.5127 63.9
      vertex 34.89 45.25 53.36
      vertex 34.89 45.25 63.9
    endloop
  endfacet
  facet normal 0.382704 -0.923871 0
    outer loop
      vertex 29.4273 47.5127 53.36
      vertex 31.69 48.45 63.9
      vertex 29.4273 47.5127 63.9
    endloop
  endfacet
  facet normal 0.382704 -0.923871 0
    outer loop
      vertex 31.69 48.45 63.9
      vertex 29.4273 47.5127 53.36
      vertex 31.69 48.45 53.36
    endloop
  endfacet
  facet normal -0.382704 -0.923871 0
    outer loop
      vertex 31.69 48.45 53.36
      vertex 33.9527 47.5127 63.9
      vertex 31.69 48.45 63.9
    endloop
  endfacet
  facet normal -0.382704 -0.923871 -0
    outer loop
      vertex 33.9527 47.5127 63.9
      vertex 31.69 48.45 53.36
      vertex 33.9527 47.5127 53.36
    endloop
  endfacet
  facet normal 0.923871 -0.382704 0
    outer loop
      vertex 28.49 45.25 63.9
      vertex 29.4273 47.5127 53.36
      vertex 29.4273 47.5127 63.9
    endloop
  endfacet
  facet normal 0.923871 -0.382704 0
    outer loop
      vertex 29.4273 47.5127 53.36
      vertex 28.49 45.25 63.9
      vertex 28.49 45.25 53.36
    endloop
  endfacet
  facet normal 0 0 1
    outer loop
      vertex 33.9527 47.5127 53.36
      vertex 33.9527 42.9873 53.36
      vertex 34.89 45.25 53.36
    endloop
  endfacet
  facet normal 0 0 1
    outer loop
      vertex 31.69 48.45 53.36
      vertex 33.9527 42.9873 53.36
      vertex 33.9527 47.5127 53.36
    endloop
  endfacet
  facet normal 0 0 1
    outer loop
      vertex 31.69 48.45 53.36
      vertex 31.69 42.05 53.36
      vertex 33.9527 42.9873 53.36
    endloop
  endfacet
  facet normal -0 0 1
    outer loop
      vertex 29.4273 47.5127 53.36
      vertex 31.69 42.05 53.36
      vertex 31.69 48.45 53.36
    endloop
  endfacet
  facet normal 0 0 1
    outer loop
      vertex 29.4273 47.5127 53.36
      vertex 29.4273 42.9873 53.36
      vertex 31.69 42.05 53.36
    endloop
  endfacet
  facet normal 0 -0 1
    outer loop
      vertex 29.4273 42.9873 53.36
      vertex 29.4273 47.5127 53.36
      vertex 28.49 45.25 53.36
    endloop
  endfacet
  facet normal 0.923871 0.382704 0
    outer loop
      vertex 29.4273 42.9873 63.9
      vertex 28.49 45.25 53.36
      vertex 28.49 45.25 63.9
    endloop
  endfacet
  facet normal 0.923871 0.382704 0
    outer loop
      vertex 28.49 45.25 53.36
      vertex 29.4273 42.9873 63.9
      vertex 29.4273 42.9873 53.36
    endloop
  endfacet
  facet normal -0.382704 0.923871 0
    outer loop
      vertex 33.9527 42.9873 53.36
      vertex 31.69 42.05 63.9
      vertex 33.9527 42.9873 63.9
    endloop
  endfacet
  facet normal -0.382704 0.923871 0
    outer loop
      vertex 31.69 42.05 63.9
      vertex 33.9527 42.9873 53.36
      vertex 31.69 42.05 53.36
    endloop
  endfacet
  facet normal 0.382704 0.923871 -0
    outer loop
      vertex 31.69 42.05 53.36
      vertex 29.4273 42.9873 63.9
      vertex 31.69 42.05 63.9
    endloop
  endfacet
  facet normal 0.382704 0.923871 0
    outer loop
      vertex 29.4273 42.9873 63.9
      vertex 31.69 42.05 53.36
      vertex 29.4273 42.9873 53.36
    endloop
  endfacet
  facet normal -0.923871 0.382704 0
    outer loop
      vertex 33.9527 42.9873 53.36
      vertex 34.89 45.25 63.9
      vertex 34.89 45.25 53.36
    endloop
  endfacet
  facet normal -0.923871 0.382704 0
    outer loop
      vertex 34.89 45.25 63.9
      vertex 33.9527 42.9873 53.36
      vertex 33.9527 42.9873 63.9
    endloop
  endfacet
  facet normal -0.923871 -0.382704 0
    outer loop
      vertex 34.89 54.25 53.36
      vertex 33.9527 56.5127 63.9
      vertex 33.9527 56.5127 53.36
    endloop
  endfacet
  facet normal -0.923871 -0.382704 0
    outer loop
      vertex 33.9527 56.5127 63.9
      vertex 34.89 54.25 53.36
      vertex 34.89 54.25 63.9
    endloop
  endfacet
  facet normal 0.382704 -0.923871 0
    outer loop
      vertex 29.4273 56.5127 53.36
      vertex 31.69 57.45 63.9
      vertex 29.4273 56.5127 63.9
    endloop
  endfacet
  facet normal 0.382704 -0.923871 0
    outer loop
      vertex 31.69 57.45 63.9
      vertex 29.4273 56.5127 53.36
      vertex 31.69 57.45 53.36
    endloop
  endfacet
  facet normal -0.382704 -0.923871 0
    outer loop
      vertex 31.69 57.45 53.36
      vertex 33.9527 56.5127 63.9
      vertex 31.69 57.45 63.9
    endloop
  endfacet
  facet normal -0.382704 -0.923871 -0
    outer loop
      vertex 33.9527 56.5127 63.9
      vertex 31.69 57.45 53.36
      vertex 33.9527 56.5127 53.36
    endloop
  endfacet
  facet normal 0.923871 -0.382704 0
    outer loop
      vertex 28.49 54.25 63.9
      vertex 29.4273 56.5127 53.36
      vertex 29.4273 56.5127 63.9
    endloop
  endfacet
  facet normal 0.923871 -0.382704 0
    outer loop
      vertex 29.4273 56.5127 53.36
      vertex 28.49 54.25 63.9
      vertex 28.49 54.25 53.36
    endloop
  endfacet
  facet normal 0 0 1
    outer loop
      vertex 33.9527 56.5127 53.36
      vertex 33.9527 51.9873 53.36
      vertex 34.89 54.25 53.36
    endloop
  endfacet
  facet normal 0 0 1
    outer loop
      vertex 31.69 57.45 53.36
      vertex 33.9527 51.9873 53.36
      vertex 33.9527 56.5127 53.36
    endloop
  endfacet
  facet normal 0 0 1
    outer loop
      vertex 31.69 57.45 53.36
      vertex 31.69 51.05 53.36
      vertex 33.9527 51.9873 53.36
    endloop
  endfacet
  facet normal -0 0 1
    outer loop
      vertex 29.4273 56.5127 53.36
      vertex 31.69 51.05 53.36
      vertex 31.69 57.45 53.36
    endloop
  endfacet
  facet normal 0 0 1
    outer loop
      vertex 29.4273 56.5127 53.36
      vertex 29.4273 51.9873 53.36
      vertex 31.69 51.05 53.36
    endloop
  endfacet
  facet normal 0 -0 1
    outer loop
      vertex 29.4273 51.9873 53.36
      vertex 29.4273 56.5127 53.36
      vertex 28.49 54.25 53.36
    endloop
  endfacet
  facet normal -0.923871 0.382704 0
    outer loop
      vertex 33.9527 51.9873 53.36
      vertex 34.89 54.25 63.9
      vertex 34.89 54.25 53.36
    endloop
  endfacet
  facet normal -0.923871 0.382704 0
    outer loop
      vertex 34.89 54.25 63.9
      vertex 33.9527 51.9873 53.36
      vertex 33.9527 51.9873 63.9
    endloop
  endfacet
  facet normal 0.923871 0.382704 0
    outer loop
      vertex 29.4273 51.9873 63.9
      vertex 28.49 54.25 53.36
      vertex 28.49 54.25 63.9
    endloop
  endfacet
  facet normal 0.923871 0.382704 0
    outer loop
      vertex 28.49 54.25 53.36
      vertex 29.4273 51.9873 63.9
      vertex 29.4273 51.9873 53.36
    endloop
  endfacet
  facet normal -0.382704 0.923871 0
    outer loop
      vertex 33.9527 51.9873 53.36
      vertex 31.69 51.05 63.9
      vertex 33.9527 51.9873 63.9
    endloop
  endfacet
  facet normal -0.382704 0.923871 0
    outer loop
      vertex 31.69 51.05 63.9
      vertex 33.9527 51.9873 53.36
      vertex 31.69 51.05 53.36
    endloop
  endfacet
  facet normal 0.382704 0.923871 -0
    outer loop
      vertex 31.69 51.05 53.36
      vertex 29.4273 51.9873 63.9
      vertex 31.69 51.05 63.9
    endloop
  endfacet
  facet normal 0.382704 0.923871 0
    outer loop
      vertex 29.4273 51.9873 63.9
      vertex 31.69 51.05 53.36
      vertex 29.4273 51.9873 53.36
    endloop
  endfacet
  facet normal -0.923871 -0.382704 0
    outer loop
      vertex 34.89 63.25 53.36
      vertex 33.9527 65.5127 63.9
      vertex 33.9527 65.5127 53.36
    endloop
  endfacet
  facet normal -0.923871 -0.382704 0
    outer loop
      vertex 33.9527 65.5127 63.9
      vertex 34.89 63.25 53.36
      vertex 34.89 63.25 63.9
    endloop
  endfacet
  facet normal 0.923871 0.382704 0
    outer loop
      vertex 29.4273 60.9873 63.9
      vertex 28.49 63.25 53.36
      vertex 28.49 63.25 63.9
    endloop
  endfacet
  facet normal 0.923871 0.382704 0
    outer loop
      vertex 28.49 63.25 53.36
      vertex 29.4273 60.9873 63.9
      vertex 29.4273 60.9873 53.36
    endloop
  endfacet
  facet normal 0.382704 -0.923871 0
    outer loop
      vertex 29.4273 65.5127 53.36
      vertex 31.69 66.45 63.9
      vertex 29.4273 65.5127 63.9
    endloop
  endfacet
  facet normal 0.382704 -0.923871 0
    outer loop
      vertex 31.69 66.45 63.9
      vertex 29.4273 65.5127 53.36
      vertex 31.69 66.45 53.36
    endloop
  endfacet
  facet normal -0.382704 -0.923871 0
    outer loop
      vertex 31.69 66.45 53.36
      vertex 33.9527 65.5127 63.9
      vertex 31.69 66.45 63.9
    endloop
  endfacet
  facet normal -0.382704 -0.923871 -0
    outer loop
      vertex 33.9527 65.5127 63.9
      vertex 31.69 66.45 53.36
      vertex 33.9527 65.5127 53.36
    endloop
  endfacet
  facet normal 0.923871 -0.382704 0
    outer loop
      vertex 28.49 63.25 63.9
      vertex 29.4273 65.5127 53.36
      vertex 29.4273 65.5127 63.9
    endloop
  endfacet
  facet normal 0.923871 -0.382704 0
    outer loop
      vertex 29.4273 65.5127 53.36
      vertex 28.49 63.25 63.9
      vertex 28.49 63.25 53.36
    endloop
  endfacet
  facet normal 0 0 1
    outer loop
      vertex 33.9527 65.5127 53.36
      vertex 33.9527 60.9873 53.36
      vertex 34.89 63.25 53.36
    endloop
  endfacet
  facet normal 0 0 1
    outer loop
      vertex 31.69 66.45 53.36
      vertex 33.9527 60.9873 53.36
      vertex 33.9527 65.5127 53.36
    endloop
  endfacet
  facet normal 0 0 1
    outer loop
      vertex 31.69 66.45 53.36
      vertex 31.69 60.05 53.36
      vertex 33.9527 60.9873 53.36
    endloop
  endfacet
  facet normal -0 0 1
    outer loop
      vertex 29.4273 65.5127 53.36
      vertex 31.69 60.05 53.36
      vertex 31.69 66.45 53.36
    endloop
  endfacet
  facet normal 0 0 1
    outer loop
      vertex 29.4273 65.5127 53.36
      vertex 29.4273 60.9873 53.36
      vertex 31.69 60.05 53.36
    endloop
  endfacet
  facet normal 0 -0 1
    outer loop
      vertex 29.4273 60.9873 53.36
      vertex 29.4273 65.5127 53.36
      vertex 28.49 63.25 53.36
    endloop
  endfacet
  facet normal -0.923871 0.382704 0
    outer loop
      vertex 33.9527 60.9873 53.36
      vertex 34.89 63.25 63.9
      vertex 34.89 63.25 53.36
    endloop
  endfacet
  facet normal -0.923871 0.382704 0
    outer loop
      vertex 34.89 63.25 63.9
      vertex 33.9527 60.9873 53.36
      vertex 33.9527 60.9873 63.9
    endloop
  endfacet
  facet normal -0.382704 0.923871 0
    outer loop
      vertex 33.9527 60.9873 53.36
      vertex 31.69 60.05 63.9
      vertex 33.9527 60.9873 63.9
    endloop
  endfacet
  facet normal -0.382704 0.923871 0
    outer loop
      vertex 31.69 60.05 63.9
      vertex 33.9527 60.9873 53.36
      vertex 31.69 60.05 53.36
    endloop
  endfacet
  facet normal 0.382704 0.923871 -0
    outer loop
      vertex 31.69 60.05 53.36
      vertex 29.4273 60.9873 63.9
      vertex 31.69 60.05 63.9
    endloop
  endfacet
  facet normal 0.382704 0.923871 0
    outer loop
      vertex 29.4273 60.9873 63.9
      vertex 31.69 60.05 53.36
      vertex 29.4273 60.9873 53.36
    endloop
  endfacet
  facet normal -0.923871 -0.382704 0
    outer loop
      vertex 34.89 72.25 53.36
      vertex 33.9527 74.5127 63.9
      vertex 33.9527 74.5127 53.36
    endloop
  endfacet
  facet normal -0.923871 -0.382704 0
    outer loop
      vertex 33.9527 74.5127 63.9
      vertex 34.89 72.25 53.36
      vertex 34.89 72.25 63.9
    endloop
  endfacet
  facet normal 0.382704 0.923871 -0
    outer loop
      vertex 31.69 69.05 53.36
      vertex 29.4273 69.9873 63.9
      vertex 31.69 69.05 63.9
    endloop
  endfacet
  facet normal 0.382704 0.923871 0
    outer loop
      vertex 29.4273 69.9873 63.9
      vertex 31.69 69.05 53.36
      vertex 29.4273 69.9873 53.36
    endloop
  endfacet
  facet normal 0.382704 -0.923871 0
    outer loop
      vertex 29.4273 74.5127 53.36
      vertex 31.69 75.45 63.9
      vertex 29.4273 74.5127 63.9
    endloop
  endfacet
  facet normal 0.382704 -0.923871 0
    outer loop
      vertex 31.69 75.45 63.9
      vertex 29.4273 74.5127 53.36
      vertex 31.69 75.45 53.36
    endloop
  endfacet
  facet normal -0.382704 -0.923871 0
    outer loop
      vertex 31.69 75.45 53.36
      vertex 33.9527 74.5127 63.9
      vertex 31.69 75.45 63.9
    endloop
  endfacet
  facet normal -0.382704 -0.923871 -0
    outer loop
      vertex 33.9527 74.5127 63.9
      vertex 31.69 75.45 53.36
      vertex 33.9527 74.5127 53.36
    endloop
  endfacet
  facet normal 0.923871 -0.382704 0
    outer loop
      vertex 28.49 72.25 63.9
      vertex 29.4273 74.5127 53.36
      vertex 29.4273 74.5127 63.9
    endloop
  endfacet
  facet normal 0.923871 -0.382704 0
    outer loop
      vertex 29.4273 74.5127 53.36
      vertex 28.49 72.25 63.9
      vertex 28.49 72.25 53.36
    endloop
  endfacet
  facet normal 0 0 1
    outer loop
      vertex 33.9527 74.5127 53.36
      vertex 33.9527 69.9873 53.36
      vertex 34.89 72.25 53.36
    endloop
  endfacet
  facet normal 0 0 1
    outer loop
      vertex 31.69 75.45 53.36
      vertex 33.9527 69.9873 53.36
      vertex 33.9527 74.5127 53.36
    endloop
  endfacet
  facet normal 0 0 1
    outer loop
      vertex 31.69 75.45 53.36
      vertex 31.69 69.05 53.36
      vertex 33.9527 69.9873 53.36
    endloop
  endfacet
  facet normal -0 0 1
    outer loop
      vertex 29.4273 74.5127 53.36
      vertex 31.69 69.05 53.36
      vertex 31.69 75.45 53.36
    endloop
  endfacet
  facet normal 0 0 1
    outer loop
      vertex 29.4273 74.5127 53.36
      vertex 29.4273 69.9873 53.36
      vertex 31.69 69.05 53.36
    endloop
  endfacet
  facet normal 0 -0 1
    outer loop
      vertex 29.4273 69.9873 53.36
      vertex 29.4273 74.5127 53.36
      vertex 28.49 72.25 53.36
    endloop
  endfacet
  facet normal 0.923871 0.382704 0
    outer loop
      vertex 29.4273 69.9873 63.9
      vertex 28.49 72.25 53.36
      vertex 28.49 72.25 63.9
    endloop
  endfacet
  facet normal 0.923871 0.382704 0
    outer loop
      vertex 28.49 72.25 53.36
      vertex 29.4273 69.9873 63.9
      vertex 29.4273 69.9873 53.36
    endloop
  endfacet
  facet normal -0.382704 0.923871 0
    outer loop
      vertex 33.9527 69.9873 53.36
      vertex 31.69 69.05 63.9
      vertex 33.9527 69.9873 63.9
    endloop
  endfacet
  facet normal -0.382704 0.923871 0
    outer loop
      vertex 31.69 69.05 63.9
      vertex 33.9527 69.9873 53.36
      vertex 31.69 69.05 53.36
    endloop
  endfacet
  facet normal -0.923871 0.382704 0
    outer loop
      vertex 33.9527 69.9873 53.36
      vertex 34.89 72.25 63.9
      vertex 34.89 72.25 53.36
    endloop
  endfacet
  facet normal -0.923871 0.382704 0
    outer loop
      vertex 34.89 72.25 63.9
      vertex 33.9527 69.9873 53.36
      vertex 33.9527 69.9873 63.9
    endloop
  endfacet
  facet normal -0.923871 -0.382704 0
    outer loop
      vertex 43.89 9.25 53.36
      vertex 42.9527 11.5127 63.9
      vertex 42.9527 11.5127 53.36
    endloop
  endfacet
  facet normal -0.923871 -0.382704 0
    outer loop
      vertex 42.9527 11.5127 63.9
      vertex 43.89 9.25 53.36
      vertex 43.89 9.25 63.9
    endloop
  endfacet
  facet normal 0.923873 0.382698 0
    outer loop
      vertex 38.4273 6.98726 63.9
      vertex 37.49 9.25 53.36
      vertex 37.49 9.25 63.9
    endloop
  endfacet
  facet normal 0.923873 0.382698 0
    outer loop
      vertex 37.49 9.25 53.36
      vertex 38.4273 6.98726 63.9
      vertex 38.4273 6.98726 53.36
    endloop
  endfacet
  facet normal 0.382704 -0.923871 0
    outer loop
      vertex 38.4273 11.5127 53.36
      vertex 40.69 12.45 63.9
      vertex 38.4273 11.5127 63.9
    endloop
  endfacet
  facet normal 0.382704 -0.923871 0
    outer loop
      vertex 40.69 12.45 63.9
      vertex 38.4273 11.5127 53.36
      vertex 40.69 12.45 53.36
    endloop
  endfacet
  facet normal -0.382704 -0.923871 0
    outer loop
      vertex 40.69 12.45 53.36
      vertex 42.9527 11.5127 63.9
      vertex 40.69 12.45 63.9
    endloop
  endfacet
  facet normal -0.382704 -0.923871 -0
    outer loop
      vertex 42.9527 11.5127 63.9
      vertex 40.69 12.45 53.36
      vertex 42.9527 11.5127 53.36
    endloop
  endfacet
  facet normal 0.923871 -0.382704 0
    outer loop
      vertex 37.49 9.25 63.9
      vertex 38.4273 11.5127 53.36
      vertex 38.4273 11.5127 63.9
    endloop
  endfacet
  facet normal 0.923871 -0.382704 0
    outer loop
      vertex 38.4273 11.5127 53.36
      vertex 37.49 9.25 63.9
      vertex 37.49 9.25 53.36
    endloop
  endfacet
  facet normal 0 0 1
    outer loop
      vertex 42.9527 11.5127 53.36
      vertex 42.9527 6.98726 53.36
      vertex 43.89 9.25 53.36
    endloop
  endfacet
  facet normal 0 0 1
    outer loop
      vertex 40.69 12.45 53.36
      vertex 42.9527 6.98726 53.36
      vertex 42.9527 11.5127 53.36
    endloop
  endfacet
  facet normal 0 0 1
    outer loop
      vertex 40.69 12.45 53.36
      vertex 40.69 6.05 53.36
      vertex 42.9527 6.98726 53.36
    endloop
  endfacet
  facet normal -0 0 1
    outer loop
      vertex 38.4273 11.5127 53.36
      vertex 40.69 6.05 53.36
      vertex 40.69 12.45 53.36
    endloop
  endfacet
  facet normal 0 0 1
    outer loop
      vertex 38.4273 11.5127 53.36
      vertex 38.4273 6.98726 53.36
      vertex 40.69 6.05 53.36
    endloop
  endfacet
  facet normal 0 -0 1
    outer loop
      vertex 38.4273 6.98726 53.36
      vertex 38.4273 11.5127 53.36
      vertex 37.49 9.25 53.36
    endloop
  endfacet
  facet normal -0.38269 0.923877 0
    outer loop
      vertex 42.9527 6.98726 53.36
      vertex 40.69 6.05 63.9
      vertex 42.9527 6.98726 63.9
    endloop
  endfacet
  facet normal -0.38269 0.923877 0
    outer loop
      vertex 40.69 6.05 63.9
      vertex 42.9527 6.98726 53.36
      vertex 40.69 6.05 53.36
    endloop
  endfacet
  facet normal 0.38269 0.923877 -0
    outer loop
      vertex 40.69 6.05 53.36
      vertex 38.4273 6.98726 63.9
      vertex 40.69 6.05 63.9
    endloop
  endfacet
  facet normal 0.38269 0.923877 0
    outer loop
      vertex 38.4273 6.98726 63.9
      vertex 40.69 6.05 53.36
      vertex 38.4273 6.98726 53.36
    endloop
  endfacet
  facet normal -0.923873 0.382698 0
    outer loop
      vertex 42.9527 6.98726 53.36
      vertex 43.89 9.25 63.9
      vertex 43.89 9.25 53.36
    endloop
  endfacet
  facet normal -0.923873 0.382698 0
    outer loop
      vertex 43.89 9.25 63.9
      vertex 42.9527 6.98726 53.36
      vertex 42.9527 6.98726 63.9
    endloop
  endfacet
  facet normal -0.923871 -0.382704 0
    outer loop
      vertex 43.89 18.25 53.36
      vertex 42.9527 20.5127 63.9
      vertex 42.9527 20.5127 53.36
    endloop
  endfacet
  facet normal -0.923871 -0.382704 0
    outer loop
      vertex 42.9527 20.5127 63.9
      vertex 43.89 18.25 53.36
      vertex 43.89 18.25 63.9
    endloop
  endfacet
  facet normal 0.923871 0.382704 0
    outer loop
      vertex 38.4273 15.9873 63.9
      vertex 37.49 18.25 53.36
      vertex 37.49 18.25 63.9
    endloop
  endfacet
  facet normal 0.923871 0.382704 0
    outer loop
      vertex 37.49 18.25 53.36
      vertex 38.4273 15.9873 63.9
      vertex 38.4273 15.9873 53.36
    endloop
  endfacet
  facet normal 0.382704 -0.923871 0
    outer loop
      vertex 38.4273 20.5127 53.36
      vertex 40.69 21.45 63.9
      vertex 38.4273 20.5127 63.9
    endloop
  endfacet
  facet normal 0.382704 -0.923871 0
    outer loop
      vertex 40.69 21.45 63.9
      vertex 38.4273 20.5127 53.36
      vertex 40.69 21.45 53.36
    endloop
  endfacet
  facet normal -0.382704 -0.923871 0
    outer loop
      vertex 40.69 21.45 53.36
      vertex 42.9527 20.5127 63.9
      vertex 40.69 21.45 63.9
    endloop
  endfacet
  facet normal -0.382704 -0.923871 -0
    outer loop
      vertex 42.9527 20.5127 63.9
      vertex 40.69 21.45 53.36
      vertex 42.9527 20.5127 53.36
    endloop
  endfacet
  facet normal 0.923871 -0.382704 0
    outer loop
      vertex 37.49 18.25 63.9
      vertex 38.4273 20.5127 53.36
      vertex 38.4273 20.5127 63.9
    endloop
  endfacet
  facet normal 0.923871 -0.382704 0
    outer loop
      vertex 38.4273 20.5127 53.36
      vertex 37.49 18.25 63.9
      vertex 37.49 18.25 53.36
    endloop
  endfacet
  facet normal 0 0 1
    outer loop
      vertex 42.9527 20.5127 53.36
      vertex 42.9527 15.9873 53.36
      vertex 43.89 18.25 53.36
    endloop
  endfacet
  facet normal 0 0 1
    outer loop
      vertex 40.69 21.45 53.36
      vertex 42.9527 15.9873 53.36
      vertex 42.9527 20.5127 53.36
    endloop
  endfacet
  facet normal 0 0 1
    outer loop
      vertex 40.69 21.45 53.36
      vertex 40.69 15.05 53.36
      vertex 42.9527 15.9873 53.36
    endloop
  endfacet
  facet normal -0 0 1
    outer loop
      vertex 38.4273 20.5127 53.36
      vertex 40.69 15.05 53.36
      vertex 40.69 21.45 53.36
    endloop
  endfacet
  facet normal 0 0 1
    outer loop
      vertex 38.4273 20.5127 53.36
      vertex 38.4273 15.9873 53.36
      vertex 40.69 15.05 53.36
    endloop
  endfacet
  facet normal 0 -0 1
    outer loop
      vertex 38.4273 15.9873 53.36
      vertex 38.4273 20.5127 53.36
      vertex 37.49 18.25 53.36
    endloop
  endfacet
  facet normal -0.923871 0.382704 0
    outer loop
      vertex 42.9527 15.9873 53.36
      vertex 43.89 18.25 63.9
      vertex 43.89 18.25 53.36
    endloop
  endfacet
  facet normal -0.923871 0.382704 0
    outer loop
      vertex 43.89 18.25 63.9
      vertex 42.9527 15.9873 53.36
      vertex 42.9527 15.9873 63.9
    endloop
  endfacet
  facet normal -0.382704 0.923871 0
    outer loop
      vertex 42.9527 15.9873 53.36
      vertex 40.69 15.05 63.9
      vertex 42.9527 15.9873 63.9
    endloop
  endfacet
  facet normal -0.382704 0.923871 0
    outer loop
      vertex 40.69 15.05 63.9
      vertex 42.9527 15.9873 53.36
      vertex 40.69 15.05 53.36
    endloop
  endfacet
  facet normal 0.382704 0.923871 -0
    outer loop
      vertex 40.69 15.05 53.36
      vertex 38.4273 15.9873 63.9
      vertex 40.69 15.05 63.9
    endloop
  endfacet
  facet normal 0.382704 0.923871 0
    outer loop
      vertex 38.4273 15.9873 63.9
      vertex 40.69 15.05 53.36
      vertex 38.4273 15.9873 53.36
    endloop
  endfacet
  facet normal -0.923871 -0.382704 0
    outer loop
      vertex 43.89 27.25 53.36
      vertex 42.9527 29.5127 63.9
      vertex 42.9527 29.5127 53.36
    endloop
  endfacet
  facet normal -0.923871 -0.382704 0
    outer loop
      vertex 42.9527 29.5127 63.9
      vertex 43.89 27.25 53.36
      vertex 43.89 27.25 63.9
    endloop
  endfacet
  facet normal 0.923871 0.382704 0
    outer loop
      vertex 38.4273 24.9873 63.9
      vertex 37.49 27.25 53.36
      vertex 37.49 27.25 63.9
    endloop
  endfacet
  facet normal 0.923871 0.382704 0
    outer loop
      vertex 37.49 27.25 53.36
      vertex 38.4273 24.9873 63.9
      vertex 38.4273 24.9873 53.36
    endloop
  endfacet
  facet normal 0.382704 -0.923871 0
    outer loop
      vertex 38.4273 29.5127 53.36
      vertex 40.69 30.45 63.9
      vertex 38.4273 29.5127 63.9
    endloop
  endfacet
  facet normal 0.382704 -0.923871 0
    outer loop
      vertex 40.69 30.45 63.9
      vertex 38.4273 29.5127 53.36
      vertex 40.69 30.45 53.36
    endloop
  endfacet
  facet normal -0.382704 -0.923871 0
    outer loop
      vertex 40.69 30.45 53.36
      vertex 42.9527 29.5127 63.9
      vertex 40.69 30.45 63.9
    endloop
  endfacet
  facet normal -0.382704 -0.923871 -0
    outer loop
      vertex 42.9527 29.5127 63.9
      vertex 40.69 30.45 53.36
      vertex 42.9527 29.5127 53.36
    endloop
  endfacet
  facet normal 0.923871 -0.382704 0
    outer loop
      vertex 37.49 27.25 63.9
      vertex 38.4273 29.5127 53.36
      vertex 38.4273 29.5127 63.9
    endloop
  endfacet
  facet normal 0.923871 -0.382704 0
    outer loop
      vertex 38.4273 29.5127 53.36
      vertex 37.49 27.25 63.9
      vertex 37.49 27.25 53.36
    endloop
  endfacet
  facet normal 0 0 1
    outer loop
      vertex 42.9527 29.5127 53.36
      vertex 42.9527 24.9873 53.36
      vertex 43.89 27.25 53.36
    endloop
  endfacet
  facet normal 0 0 1
    outer loop
      vertex 40.69 30.45 53.36
      vertex 42.9527 24.9873 53.36
      vertex 42.9527 29.5127 53.36
    endloop
  endfacet
  facet normal 0 0 1
    outer loop
      vertex 40.69 30.45 53.36
      vertex 40.69 24.05 53.36
      vertex 42.9527 24.9873 53.36
    endloop
  endfacet
  facet normal -0 0 1
    outer loop
      vertex 38.4273 29.5127 53.36
      vertex 40.69 24.05 53.36
      vertex 40.69 30.45 53.36
    endloop
  endfacet
  facet normal 0 0 1
    outer loop
      vertex 38.4273 29.5127 53.36
      vertex 38.4273 24.9873 53.36
      vertex 40.69 24.05 53.36
    endloop
  endfacet
  facet normal 0 -0 1
    outer loop
      vertex 38.4273 24.9873 53.36
      vertex 38.4273 29.5127 53.36
      vertex 37.49 27.25 53.36
    endloop
  endfacet
  facet normal -0.923871 0.382704 0
    outer loop
      vertex 42.9527 24.9873 53.36
      vertex 43.89 27.25 63.9
      vertex 43.89 27.25 53.36
    endloop
  endfacet
  facet normal -0.923871 0.382704 0
    outer loop
      vertex 43.89 27.25 63.9
      vertex 42.9527 24.9873 53.36
      vertex 42.9527 24.9873 63.9
    endloop
  endfacet
  facet normal -0.382704 0.923871 0
    outer loop
      vertex 42.9527 24.9873 53.36
      vertex 40.69 24.05 63.9
      vertex 42.9527 24.9873 63.9
    endloop
  endfacet
  facet normal -0.382704 0.923871 0
    outer loop
      vertex 40.69 24.05 63.9
      vertex 42.9527 24.9873 53.36
      vertex 40.69 24.05 53.36
    endloop
  endfacet
  facet normal 0.382704 0.923871 -0
    outer loop
      vertex 40.69 24.05 53.36
      vertex 38.4273 24.9873 63.9
      vertex 40.69 24.05 63.9
    endloop
  endfacet
  facet normal 0.382704 0.923871 0
    outer loop
      vertex 38.4273 24.9873 63.9
      vertex 40.69 24.05 53.36
      vertex 38.4273 24.9873 53.36
    endloop
  endfacet
  facet normal -0.923871 -0.382704 0
    outer loop
      vertex 43.89 36.25 53.36
      vertex 42.9527 38.5127 63.9
      vertex 42.9527 38.5127 53.36
    endloop
  endfacet
  facet normal -0.923871 -0.382704 0
    outer loop
      vertex 42.9527 38.5127 63.9
      vertex 43.89 36.25 53.36
      vertex 43.89 36.25 63.9
    endloop
  endfacet
  facet normal 0.923871 0.382704 0
    outer loop
      vertex 38.4273 33.9873 63.9
      vertex 37.49 36.25 53.36
      vertex 37.49 36.25 63.9
    endloop
  endfacet
  facet normal 0.923871 0.382704 0
    outer loop
      vertex 37.49 36.25 53.36
      vertex 38.4273 33.9873 63.9
      vertex 38.4273 33.9873 53.36
    endloop
  endfacet
  facet normal 0.382704 -0.923871 0
    outer loop
      vertex 38.4273 38.5127 53.36
      vertex 40.69 39.45 63.9
      vertex 38.4273 38.5127 63.9
    endloop
  endfacet
  facet normal 0.382704 -0.923871 0
    outer loop
      vertex 40.69 39.45 63.9
      vertex 38.4273 38.5127 53.36
      vertex 40.69 39.45 53.36
    endloop
  endfacet
  facet normal -0.382704 -0.923871 0
    outer loop
      vertex 40.69 39.45 53.36
      vertex 42.9527 38.5127 63.9
      vertex 40.69 39.45 63.9
    endloop
  endfacet
  facet normal -0.382704 -0.923871 -0
    outer loop
      vertex 42.9527 38.5127 63.9
      vertex 40.69 39.45 53.36
      vertex 42.9527 38.5127 53.36
    endloop
  endfacet
  facet normal 0.923871 -0.382704 0
    outer loop
      vertex 37.49 36.25 63.9
      vertex 38.4273 38.5127 53.36
      vertex 38.4273 38.5127 63.9
    endloop
  endfacet
  facet normal 0.923871 -0.382704 0
    outer loop
      vertex 38.4273 38.5127 53.36
      vertex 37.49 36.25 63.9
      vertex 37.49 36.25 53.36
    endloop
  endfacet
  facet normal 0 0 1
    outer loop
      vertex 42.9527 38.5127 53.36
      vertex 42.9527 33.9873 53.36
      vertex 43.89 36.25 53.36
    endloop
  endfacet
  facet normal 0 0 1
    outer loop
      vertex 40.69 39.45 53.36
      vertex 42.9527 33.9873 53.36
      vertex 42.9527 38.5127 53.36
    endloop
  endfacet
  facet normal 0 0 1
    outer loop
      vertex 40.69 39.45 53.36
      vertex 40.69 33.05 53.36
      vertex 42.9527 33.9873 53.36
    endloop
  endfacet
  facet normal -0 0 1
    outer loop
      vertex 38.4273 38.5127 53.36
      vertex 40.69 33.05 53.36
      vertex 40.69 39.45 53.36
    endloop
  endfacet
  facet normal 0 0 1
    outer loop
      vertex 38.4273 38.5127 53.36
      vertex 38.4273 33.9873 53.36
      vertex 40.69 33.05 53.36
    endloop
  endfacet
  facet normal 0 -0 1
    outer loop
      vertex 38.4273 33.9873 53.36
      vertex 38.4273 38.5127 53.36
      vertex 37.49 36.25 53.36
    endloop
  endfacet
  facet normal -0.923871 0.382704 0
    outer loop
      vertex 42.9527 33.9873 53.36
      vertex 43.89 36.25 63.9
      vertex 43.89 36.25 53.36
    endloop
  endfacet
  facet normal -0.923871 0.382704 0
    outer loop
      vertex 43.89 36.25 63.9
      vertex 42.9527 33.9873 53.36
      vertex 42.9527 33.9873 63.9
    endloop
  endfacet
  facet normal -0.382704 0.923871 0
    outer loop
      vertex 42.9527 33.9873 53.36
      vertex 40.69 33.05 63.9
      vertex 42.9527 33.9873 63.9
    endloop
  endfacet
  facet normal -0.382704 0.923871 0
    outer loop
      vertex 40.69 33.05 63.9
      vertex 42.9527 33.9873 53.36
      vertex 40.69 33.05 53.36
    endloop
  endfacet
  facet normal 0.382704 0.923871 -0
    outer loop
      vertex 40.69 33.05 53.36
      vertex 38.4273 33.9873 63.9
      vertex 40.69 33.05 63.9
    endloop
  endfacet
  facet normal 0.382704 0.923871 0
    outer loop
      vertex 38.4273 33.9873 63.9
      vertex 40.69 33.05 53.36
      vertex 38.4273 33.9873 53.36
    endloop
  endfacet
  facet normal -0.923871 -0.382704 0
    outer loop
      vertex 43.89 45.25 53.36
      vertex 42.9527 47.5127 63.9
      vertex 42.9527 47.5127 53.36
    endloop
  endfacet
  facet normal -0.923871 -0.382704 0
    outer loop
      vertex 42.9527 47.5127 63.9
      vertex 43.89 45.25 53.36
      vertex 43.89 45.25 63.9
    endloop
  endfacet
  facet normal 0.923871 0.382704 0
    outer loop
      vertex 38.4273 42.9873 63.9
      vertex 37.49 45.25 53.36
      vertex 37.49 45.25 63.9
    endloop
  endfacet
  facet normal 0.923871 0.382704 0
    outer loop
      vertex 37.49 45.25 53.36
      vertex 38.4273 42.9873 63.9
      vertex 38.4273 42.9873 53.36
    endloop
  endfacet
  facet normal 0.382704 -0.923871 0
    outer loop
      vertex 38.4273 47.5127 53.36
      vertex 40.69 48.45 63.9
      vertex 38.4273 47.5127 63.9
    endloop
  endfacet
  facet normal 0.382704 -0.923871 0
    outer loop
      vertex 40.69 48.45 63.9
      vertex 38.4273 47.5127 53.36
      vertex 40.69 48.45 53.36
    endloop
  endfacet
  facet normal -0.382704 -0.923871 0
    outer loop
      vertex 40.69 48.45 53.36
      vertex 42.9527 47.5127 63.9
      vertex 40.69 48.45 63.9
    endloop
  endfacet
  facet normal -0.382704 -0.923871 -0
    outer loop
      vertex 42.9527 47.5127 63.9
      vertex 40.69 48.45 53.36
      vertex 42.9527 47.5127 53.36
    endloop
  endfacet
  facet normal 0.923871 -0.382704 0
    outer loop
      vertex 37.49 45.25 63.9
      vertex 38.4273 47.5127 53.36
      vertex 38.4273 47.5127 63.9
    endloop
  endfacet
  facet normal 0.923871 -0.382704 0
    outer loop
      vertex 38.4273 47.5127 53.36
      vertex 37.49 45.25 63.9
      vertex 37.49 45.25 53.36
    endloop
  endfacet
  facet normal 0 0 1
    outer loop
      vertex 42.9527 47.5127 53.36
      vertex 42.9527 42.9873 53.36
      vertex 43.89 45.25 53.36
    endloop
  endfacet
  facet normal 0 0 1
    outer loop
      vertex 40.69 48.45 53.36
      vertex 42.9527 42.9873 53.36
      vertex 42.9527 47.5127 53.36
    endloop
  endfacet
  facet normal 0 0 1
    outer loop
      vertex 40.69 48.45 53.36
      vertex 40.69 42.05 53.36
      vertex 42.9527 42.9873 53.36
    endloop
  endfacet
  facet normal -0 0 1
    outer loop
      vertex 38.4273 47.5127 53.36
      vertex 40.69 42.05 53.36
      vertex 40.69 48.45 53.36
    endloop
  endfacet
  facet normal 0 0 1
    outer loop
      vertex 38.4273 47.5127 53.36
      vertex 38.4273 42.9873 53.36
      vertex 40.69 42.05 53.36
    endloop
  endfacet
  facet normal 0 -0 1
    outer loop
      vertex 38.4273 42.9873 53.36
      vertex 38.4273 47.5127 53.36
      vertex 37.49 45.25 53.36
    endloop
  endfacet
  facet normal -0.923871 0.382704 0
    outer loop
      vertex 42.9527 42.9873 53.36
      vertex 43.89 45.25 63.9
      vertex 43.89 45.25 53.36
    endloop
  endfacet
  facet normal -0.923871 0.382704 0
    outer loop
      vertex 43.89 45.25 63.9
      vertex 42.9527 42.9873 53.36
      vertex 42.9527 42.9873 63.9
    endloop
  endfacet
  facet normal -0.382704 0.923871 0
    outer loop
      vertex 42.9527 42.9873 53.36
      vertex 40.69 42.05 63.9
      vertex 42.9527 42.9873 63.9
    endloop
  endfacet
  facet normal -0.382704 0.923871 0
    outer loop
      vertex 40.69 42.05 63.9
      vertex 42.9527 42.9873 53.36
      vertex 40.69 42.05 53.36
    endloop
  endfacet
  facet normal 0.382704 0.923871 -0
    outer loop
      vertex 40.69 42.05 53.36
      vertex 38.4273 42.9873 63.9
      vertex 40.69 42.05 63.9
    endloop
  endfacet
  facet normal 0.382704 0.923871 0
    outer loop
      vertex 38.4273 42.9873 63.9
      vertex 40.69 42.05 53.36
      vertex 38.4273 42.9873 53.36
    endloop
  endfacet
  facet normal -0.923871 -0.382704 0
    outer loop
      vertex 43.89 54.25 53.36
      vertex 42.9527 56.5127 63.9
      vertex 42.9527 56.5127 53.36
    endloop
  endfacet
  facet normal -0.923871 -0.382704 0
    outer loop
      vertex 42.9527 56.5127 63.9
      vertex 43.89 54.25 53.36
      vertex 43.89 54.25 63.9
    endloop
  endfacet
  facet normal 0.382704 -0.923871 0
    outer loop
      vertex 38.4273 56.5127 53.36
      vertex 40.69 57.45 63.9
      vertex 38.4273 56.5127 63.9
    endloop
  endfacet
  facet normal 0.382704 -0.923871 0
    outer loop
      vertex 40.69 57.45 63.9
      vertex 38.4273 56.5127 53.36
      vertex 40.69 57.45 53.36
    endloop
  endfacet
  facet normal -0.382704 -0.923871 0
    outer loop
      vertex 40.69 57.45 53.36
      vertex 42.9527 56.5127 63.9
      vertex 40.69 57.45 63.9
    endloop
  endfacet
  facet normal -0.382704 -0.923871 -0
    outer loop
      vertex 42.9527 56.5127 63.9
      vertex 40.69 57.45 53.36
      vertex 42.9527 56.5127 53.36
    endloop
  endfacet
  facet normal 0.923871 -0.382704 0
    outer loop
      vertex 37.49 54.25 63.9
      vertex 38.4273 56.5127 53.36
      vertex 38.4273 56.5127 63.9
    endloop
  endfacet
  facet normal 0.923871 -0.382704 0
    outer loop
      vertex 38.4273 56.5127 53.36
      vertex 37.49 54.25 63.9
      vertex 37.49 54.25 53.36
    endloop
  endfacet
  facet normal 0 0 1
    outer loop
      vertex 42.9527 56.5127 53.36
      vertex 42.9527 51.9873 53.36
      vertex 43.89 54.25 53.36
    endloop
  endfacet
  facet normal 0 0 1
    outer loop
      vertex 40.69 57.45 53.36
      vertex 42.9527 51.9873 53.36
      vertex 42.9527 56.5127 53.36
    endloop
  endfacet
  facet normal 0 0 1
    outer loop
      vertex 40.69 57.45 53.36
      vertex 40.69 51.05 53.36
      vertex 42.9527 51.9873 53.36
    endloop
  endfacet
  facet normal -0 0 1
    outer loop
      vertex 38.4273 56.5127 53.36
      vertex 40.69 51.05 53.36
      vertex 40.69 57.45 53.36
    endloop
  endfacet
  facet normal 0 0 1
    outer loop
      vertex 38.4273 56.5127 53.36
      vertex 38.4273 51.9873 53.36
      vertex 40.69 51.05 53.36
    endloop
  endfacet
  facet normal 0 -0 1
    outer loop
      vertex 38.4273 51.9873 53.36
      vertex 38.4273 56.5127 53.36
      vertex 37.49 54.25 53.36
    endloop
  endfacet
  facet normal -0.923871 0.382704 0
    outer loop
      vertex 42.9527 51.9873 53.36
      vertex 43.89 54.25 63.9
      vertex 43.89 54.25 53.36
    endloop
  endfacet
  facet normal -0.923871 0.382704 0
    outer loop
      vertex 43.89 54.25 63.9
      vertex 42.9527 51.9873 53.36
      vertex 42.9527 51.9873 63.9
    endloop
  endfacet
  facet normal 0.923871 0.382704 0
    outer loop
      vertex 38.4273 51.9873 63.9
      vertex 37.49 54.25 53.36
      vertex 37.49 54.25 63.9
    endloop
  endfacet
  facet normal 0.923871 0.382704 0
    outer loop
      vertex 37.49 54.25 53.36
      vertex 38.4273 51.9873 63.9
      vertex 38.4273 51.9873 53.36
    endloop
  endfacet
  facet normal -0.382704 0.923871 0
    outer loop
      vertex 42.9527 51.9873 53.36
      vertex 40.69 51.05 63.9
      vertex 42.9527 51.9873 63.9
    endloop
  endfacet
  facet normal -0.382704 0.923871 0
    outer loop
      vertex 40.69 51.05 63.9
      vertex 42.9527 51.9873 53.36
      vertex 40.69 51.05 53.36
    endloop
  endfacet
  facet normal 0.382704 0.923871 -0
    outer loop
      vertex 40.69 51.05 53.36
      vertex 38.4273 51.9873 63.9
      vertex 40.69 51.05 63.9
    endloop
  endfacet
  facet normal 0.382704 0.923871 0
    outer loop
      vertex 38.4273 51.9873 63.9
      vertex 40.69 51.05 53.36
      vertex 38.4273 51.9873 53.36
    endloop
  endfacet
  facet normal -0.923871 -0.382704 0
    outer loop
      vertex 43.89 63.25 53.36
      vertex 42.9527 65.5127 63.9
      vertex 42.9527 65.5127 53.36
    endloop
  endfacet
  facet normal -0.923871 -0.382704 0
    outer loop
      vertex 42.9527 65.5127 63.9
      vertex 43.89 63.25 53.36
      vertex 43.89 63.25 63.9
    endloop
  endfacet
  facet normal 0.923871 0.382704 0
    outer loop
      vertex 38.4273 60.9873 63.9
      vertex 37.49 63.25 53.36
      vertex 37.49 63.25 63.9
    endloop
  endfacet
  facet normal 0.923871 0.382704 0
    outer loop
      vertex 37.49 63.25 53.36
      vertex 38.4273 60.9873 63.9
      vertex 38.4273 60.9873 53.36
    endloop
  endfacet
  facet normal 0.382704 -0.923871 0
    outer loop
      vertex 38.4273 65.5127 53.36
      vertex 40.69 66.45 63.9
      vertex 38.4273 65.5127 63.9
    endloop
  endfacet
  facet normal 0.382704 -0.923871 0
    outer loop
      vertex 40.69 66.45 63.9
      vertex 38.4273 65.5127 53.36
      vertex 40.69 66.45 53.36
    endloop
  endfacet
  facet normal -0.382704 -0.923871 0
    outer loop
      vertex 40.69 66.45 53.36
      vertex 42.9527 65.5127 63.9
      vertex 40.69 66.45 63.9
    endloop
  endfacet
  facet normal -0.382704 -0.923871 -0
    outer loop
      vertex 42.9527 65.5127 63.9
      vertex 40.69 66.45 53.36
      vertex 42.9527 65.5127 53.36
    endloop
  endfacet
  facet normal 0.923871 -0.382704 0
    outer loop
      vertex 37.49 63.25 63.9
      vertex 38.4273 65.5127 53.36
      vertex 38.4273 65.5127 63.9
    endloop
  endfacet
  facet normal 0.923871 -0.382704 0
    outer loop
      vertex 38.4273 65.5127 53.36
      vertex 37.49 63.25 63.9
      vertex 37.49 63.25 53.36
    endloop
  endfacet
  facet normal 0 0 1
    outer loop
      vertex 42.9527 65.5127 53.36
      vertex 42.9527 60.9873 53.36
      vertex 43.89 63.25 53.36
    endloop
  endfacet
  facet normal 0 0 1
    outer loop
      vertex 40.69 66.45 53.36
      vertex 42.9527 60.9873 53.36
      vertex 42.9527 65.5127 53.36
    endloop
  endfacet
  facet normal 0 0 1
    outer loop
      vertex 40.69 66.45 53.36
      vertex 40.69 60.05 53.36
      vertex 42.9527 60.9873 53.36
    endloop
  endfacet
  facet normal -0 0 1
    outer loop
      vertex 38.4273 65.5127 53.36
      vertex 40.69 60.05 53.36
      vertex 40.69 66.45 53.36
    endloop
  endfacet
  facet normal 0 0 1
    outer loop
      vertex 38.4273 65.5127 53.36
      vertex 38.4273 60.9873 53.36
      vertex 40.69 60.05 53.36
    endloop
  endfacet
  facet normal 0 -0 1
    outer loop
      vertex 38.4273 60.9873 53.36
      vertex 38.4273 65.5127 53.36
      vertex 37.49 63.25 53.36
    endloop
  endfacet
  facet normal -0.382704 0.923871 0
    outer loop
      vertex 42.9527 60.9873 53.36
      vertex 40.69 60.05 63.9
      vertex 42.9527 60.9873 63.9
    endloop
  endfacet
  facet normal -0.382704 0.923871 0
    outer loop
      vertex 40.69 60.05 63.9
      vertex 42.9527 60.9873 53.36
      vertex 40.69 60.05 53.36
    endloop
  endfacet
  facet normal 0.382704 0.923871 -0
    outer loop
      vertex 40.69 60.05 53.36
      vertex 38.4273 60.9873 63.9
      vertex 40.69 60.05 63.9
    endloop
  endfacet
  facet normal 0.382704 0.923871 0
    outer loop
      vertex 38.4273 60.9873 63.9
      vertex 40.69 60.05 53.36
      vertex 38.4273 60.9873 53.36
    endloop
  endfacet
  facet normal -0.923871 0.382704 0
    outer loop
      vertex 42.9527 60.9873 53.36
      vertex 43.89 63.25 63.9
      vertex 43.89 63.25 53.36
    endloop
  endfacet
  facet normal -0.923871 0.382704 0
    outer loop
      vertex 43.89 63.25 63.9
      vertex 42.9527 60.9873 53.36
      vertex 42.9527 60.9873 63.9
    endloop
  endfacet
  facet normal -0.923871 -0.382704 0
    outer loop
      vertex 43.89 72.25 53.36
      vertex 42.9527 74.5127 63.9
      vertex 42.9527 74.5127 53.36
    endloop
  endfacet
  facet normal -0.923871 -0.382704 0
    outer loop
      vertex 42.9527 74.5127 63.9
      vertex 43.89 72.25 53.36
      vertex 43.89 72.25 63.9
    endloop
  endfacet
  facet normal 0.382704 -0.923871 0
    outer loop
      vertex 38.4273 74.5127 53.36
      vertex 40.69 75.45 63.9
      vertex 38.4273 74.5127 63.9
    endloop
  endfacet
  facet normal 0.382704 -0.923871 0
    outer loop
      vertex 40.69 75.45 63.9
      vertex 38.4273 74.5127 53.36
      vertex 40.69 75.45 53.36
    endloop
  endfacet
  facet normal -0.382704 -0.923871 0
    outer loop
      vertex 40.69 75.45 53.36
      vertex 42.9527 74.5127 63.9
      vertex 40.69 75.45 63.9
    endloop
  endfacet
  facet normal -0.382704 -0.923871 -0
    outer loop
      vertex 42.9527 74.5127 63.9
      vertex 40.69 75.45 53.36
      vertex 42.9527 74.5127 53.36
    endloop
  endfacet
  facet normal 0.923871 -0.382704 0
    outer loop
      vertex 37.49 72.25 63.9
      vertex 38.4273 74.5127 53.36
      vertex 38.4273 74.5127 63.9
    endloop
  endfacet
  facet normal 0.923871 -0.382704 0
    outer loop
      vertex 38.4273 74.5127 53.36
      vertex 37.49 72.25 63.9
      vertex 37.49 72.25 53.36
    endloop
  endfacet
  facet normal 0 0 1
    outer loop
      vertex 42.9527 74.5127 53.36
      vertex 42.9527 69.9873 53.36
      vertex 43.89 72.25 53.36
    endloop
  endfacet
  facet normal 0 0 1
    outer loop
      vertex 40.69 75.45 53.36
      vertex 42.9527 69.9873 53.36
      vertex 42.9527 74.5127 53.36
    endloop
  endfacet
  facet normal 0 0 1
    outer loop
      vertex 40.69 75.45 53.36
      vertex 40.69 69.05 53.36
      vertex 42.9527 69.9873 53.36
    endloop
  endfacet
  facet normal -0 0 1
    outer loop
      vertex 38.4273 74.5127 53.36
      vertex 40.69 69.05 53.36
      vertex 40.69 75.45 53.36
    endloop
  endfacet
  facet normal 0 0 1
    outer loop
      vertex 38.4273 74.5127 53.36
      vertex 38.4273 69.9873 53.36
      vertex 40.69 69.05 53.36
    endloop
  endfacet
  facet normal 0 -0 1
    outer loop
      vertex 38.4273 69.9873 53.36
      vertex 38.4273 74.5127 53.36
      vertex 37.49 72.25 53.36
    endloop
  endfacet
  facet normal -0.923871 0.382704 0
    outer loop
      vertex 42.9527 69.9873 53.36
      vertex 43.89 72.25 63.9
      vertex 43.89 72.25 53.36
    endloop
  endfacet
  facet normal -0.923871 0.382704 0
    outer loop
      vertex 43.89 72.25 63.9
      vertex 42.9527 69.9873 53.36
      vertex 42.9527 69.9873 63.9
    endloop
  endfacet
  facet normal 0.923871 0.382704 0
    outer loop
      vertex 38.4273 69.9873 63.9
      vertex 37.49 72.25 53.36
      vertex 37.49 72.25 63.9
    endloop
  endfacet
  facet normal 0.923871 0.382704 0
    outer loop
      vertex 37.49 72.25 53.36
      vertex 38.4273 69.9873 63.9
      vertex 38.4273 69.9873 53.36
    endloop
  endfacet
  facet normal -0.382704 0.923871 0
    outer loop
      vertex 42.9527 69.9873 53.36
      vertex 40.69 69.05 63.9
      vertex 42.9527 69.9873 63.9
    endloop
  endfacet
  facet normal -0.382704 0.923871 0
    outer loop
      vertex 40.69 69.05 63.9
      vertex 42.9527 69.9873 53.36
      vertex 40.69 69.05 53.36
    endloop
  endfacet
  facet normal 0.382704 0.923871 -0
    outer loop
      vertex 40.69 69.05 53.36
      vertex 38.4273 69.9873 63.9
      vertex 40.69 69.05 63.9
    endloop
  endfacet
  facet normal 0.382704 0.923871 0
    outer loop
      vertex 38.4273 69.9873 63.9
      vertex 40.69 69.05 53.36
      vertex 38.4273 69.9873 53.36
    endloop
  endfacet
  facet normal -0.923871 -0.382704 0
    outer loop
      vertex 52.89 9.25 53.36
      vertex 51.9527 11.5127 63.9
      vertex 51.9527 11.5127 53.36
    endloop
  endfacet
  facet normal -0.923871 -0.382704 0
    outer loop
      vertex 51.9527 11.5127 63.9
      vertex 52.89 9.25 53.36
      vertex 52.89 9.25 63.9
    endloop
  endfacet
  facet normal 0.382704 -0.923871 0
    outer loop
      vertex 47.4273 11.5127 53.36
      vertex 49.69 12.45 63.9
      vertex 47.4273 11.5127 63.9
    endloop
  endfacet
  facet normal 0.382704 -0.923871 0
    outer loop
      vertex 49.69 12.45 63.9
      vertex 47.4273 11.5127 53.36
      vertex 49.69 12.45 53.36
    endloop
  endfacet
  facet normal -0.382704 -0.923871 0
    outer loop
      vertex 49.69 12.45 53.36
      vertex 51.9527 11.5127 63.9
      vertex 49.69 12.45 63.9
    endloop
  endfacet
  facet normal -0.382704 -0.923871 -0
    outer loop
      vertex 51.9527 11.5127 63.9
      vertex 49.69 12.45 53.36
      vertex 51.9527 11.5127 53.36
    endloop
  endfacet
  facet normal 0.923871 -0.382704 0
    outer loop
      vertex 46.49 9.25 63.9
      vertex 47.4273 11.5127 53.36
      vertex 47.4273 11.5127 63.9
    endloop
  endfacet
  facet normal 0.923871 -0.382704 0
    outer loop
      vertex 47.4273 11.5127 53.36
      vertex 46.49 9.25 63.9
      vertex 46.49 9.25 53.36
    endloop
  endfacet
  facet normal 0 0 1
    outer loop
      vertex 51.9527 11.5127 53.36
      vertex 51.9527 6.98726 53.36
      vertex 52.89 9.25 53.36
    endloop
  endfacet
  facet normal 0 0 1
    outer loop
      vertex 49.69 12.45 53.36
      vertex 51.9527 6.98726 53.36
      vertex 51.9527 11.5127 53.36
    endloop
  endfacet
  facet normal 0 0 1
    outer loop
      vertex 49.69 12.45 53.36
      vertex 49.69 6.05 53.36
      vertex 51.9527 6.98726 53.36
    endloop
  endfacet
  facet normal -0 0 1
    outer loop
      vertex 47.4273 11.5127 53.36
      vertex 49.69 6.05 53.36
      vertex 49.69 12.45 53.36
    endloop
  endfacet
  facet normal 0 0 1
    outer loop
      vertex 47.4273 11.5127 53.36
      vertex 47.4273 6.98726 53.36
      vertex 49.69 6.05 53.36
    endloop
  endfacet
  facet normal 0 -0 1
    outer loop
      vertex 47.4273 6.98726 53.36
      vertex 47.4273 11.5127 53.36
      vertex 46.49 9.25 53.36
    endloop
  endfacet
  facet normal -0.923873 0.382698 0
    outer loop
      vertex 51.9527 6.98726 53.36
      vertex 52.89 9.25 63.9
      vertex 52.89 9.25 53.36
    endloop
  endfacet
  facet normal -0.923873 0.382698 0
    outer loop
      vertex 52.89 9.25 63.9
      vertex 51.9527 6.98726 53.36
      vertex 51.9527 6.98726 63.9
    endloop
  endfacet
  facet normal 0.923873 0.382698 0
    outer loop
      vertex 47.4273 6.98726 63.9
      vertex 46.49 9.25 53.36
      vertex 46.49 9.25 63.9
    endloop
  endfacet
  facet normal 0.923873 0.382698 0
    outer loop
      vertex 46.49 9.25 53.36
      vertex 47.4273 6.98726 63.9
      vertex 47.4273 6.98726 53.36
    endloop
  endfacet
  facet normal -0.38269 0.923877 0
    outer loop
      vertex 51.9527 6.98726 53.36
      vertex 49.69 6.05 63.9
      vertex 51.9527 6.98726 63.9
    endloop
  endfacet
  facet normal -0.38269 0.923877 0
    outer loop
      vertex 49.69 6.05 63.9
      vertex 51.9527 6.98726 53.36
      vertex 49.69 6.05 53.36
    endloop
  endfacet
  facet normal 0.38269 0.923877 -0
    outer loop
      vertex 49.69 6.05 53.36
      vertex 47.4273 6.98726 63.9
      vertex 49.69 6.05 63.9
    endloop
  endfacet
  facet normal 0.38269 0.923877 0
    outer loop
      vertex 47.4273 6.98726 63.9
      vertex 49.69 6.05 53.36
      vertex 47.4273 6.98726 53.36
    endloop
  endfacet
  facet normal -0.923871 -0.382704 0
    outer loop
      vertex 52.89 18.25 53.36
      vertex 51.9527 20.5127 63.9
      vertex 51.9527 20.5127 53.36
    endloop
  endfacet
  facet normal -0.923871 -0.382704 0
    outer loop
      vertex 51.9527 20.5127 63.9
      vertex 52.89 18.25 53.36
      vertex 52.89 18.25 63.9
    endloop
  endfacet
  facet normal 0.382704 0.923871 -0
    outer loop
      vertex 49.69 15.05 53.36
      vertex 47.4273 15.9873 63.9
      vertex 49.69 15.05 63.9
    endloop
  endfacet
  facet normal 0.382704 0.923871 0
    outer loop
      vertex 47.4273 15.9873 63.9
      vertex 49.69 15.05 53.36
      vertex 47.4273 15.9873 53.36
    endloop
  endfacet
  facet normal 0.382704 -0.923871 0
    outer loop
      vertex 47.4273 20.5127 53.36
      vertex 49.69 21.45 63.9
      vertex 47.4273 20.5127 63.9
    endloop
  endfacet
  facet normal 0.382704 -0.923871 0
    outer loop
      vertex 49.69 21.45 63.9
      vertex 47.4273 20.5127 53.36
      vertex 49.69 21.45 53.36
    endloop
  endfacet
  facet normal -0.382704 -0.923871 0
    outer loop
      vertex 49.69 21.45 53.36
      vertex 51.9527 20.5127 63.9
      vertex 49.69 21.45 63.9
    endloop
  endfacet
  facet normal -0.382704 -0.923871 -0
    outer loop
      vertex 51.9527 20.5127 63.9
      vertex 49.69 21.45 53.36
      vertex 51.9527 20.5127 53.36
    endloop
  endfacet
  facet normal 0.923871 -0.382704 0
    outer loop
      vertex 46.49 18.25 63.9
      vertex 47.4273 20.5127 53.36
      vertex 47.4273 20.5127 63.9
    endloop
  endfacet
  facet normal 0.923871 -0.382704 0
    outer loop
      vertex 47.4273 20.5127 53.36
      vertex 46.49 18.25 63.9
      vertex 46.49 18.25 53.36
    endloop
  endfacet
  facet normal 0 0 1
    outer loop
      vertex 51.9527 20.5127 53.36
      vertex 51.9527 15.9873 53.36
      vertex 52.89 18.25 53.36
    endloop
  endfacet
  facet normal 0 0 1
    outer loop
      vertex 49.69 21.45 53.36
      vertex 51.9527 15.9873 53.36
      vertex 51.9527 20.5127 53.36
    endloop
  endfacet
  facet normal 0 0 1
    outer loop
      vertex 49.69 21.45 53.36
      vertex 49.69 15.05 53.36
      vertex 51.9527 15.9873 53.36
    endloop
  endfacet
  facet normal -0 0 1
    outer loop
      vertex 47.4273 20.5127 53.36
      vertex 49.69 15.05 53.36
      vertex 49.69 21.45 53.36
    endloop
  endfacet
  facet normal 0 0 1
    outer loop
      vertex 47.4273 20.5127 53.36
      vertex 47.4273 15.9873 53.36
      vertex 49.69 15.05 53.36
    endloop
  endfacet
  facet normal 0 -0 1
    outer loop
      vertex 47.4273 15.9873 53.36
      vertex 47.4273 20.5127 53.36
      vertex 46.49 18.25 53.36
    endloop
  endfacet
  facet normal 0.923871 0.382704 0
    outer loop
      vertex 47.4273 15.9873 63.9
      vertex 46.49 18.25 53.36
      vertex 46.49 18.25 63.9
    endloop
  endfacet
  facet normal 0.923871 0.382704 0
    outer loop
      vertex 46.49 18.25 53.36
      vertex 47.4273 15.9873 63.9
      vertex 47.4273 15.9873 53.36
    endloop
  endfacet
  facet normal -0.382704 0.923871 0
    outer loop
      vertex 51.9527 15.9873 53.36
      vertex 49.69 15.05 63.9
      vertex 51.9527 15.9873 63.9
    endloop
  endfacet
  facet normal -0.382704 0.923871 0
    outer loop
      vertex 49.69 15.05 63.9
      vertex 51.9527 15.9873 53.36
      vertex 49.69 15.05 53.36
    endloop
  endfacet
  facet normal -0.923871 0.382704 0
    outer loop
      vertex 51.9527 15.9873 53.36
      vertex 52.89 18.25 63.9
      vertex 52.89 18.25 53.36
    endloop
  endfacet
  facet normal -0.923871 0.382704 0
    outer loop
      vertex 52.89 18.25 63.9
      vertex 51.9527 15.9873 53.36
      vertex 51.9527 15.9873 63.9
    endloop
  endfacet
  facet normal -0.923871 -0.382704 0
    outer loop
      vertex 52.89 27.25 53.36
      vertex 51.9527 29.5127 63.9
      vertex 51.9527 29.5127 53.36
    endloop
  endfacet
  facet normal -0.923871 -0.382704 0
    outer loop
      vertex 51.9527 29.5127 63.9
      vertex 52.89 27.25 53.36
      vertex 52.89 27.25 63.9
    endloop
  endfacet
  facet normal 0.382704 -0.923871 0
    outer loop
      vertex 47.4273 29.5127 53.36
      vertex 49.69 30.45 63.9
      vertex 47.4273 29.5127 63.9
    endloop
  endfacet
  facet normal 0.382704 -0.923871 0
    outer loop
      vertex 49.69 30.45 63.9
      vertex 47.4273 29.5127 53.36
      vertex 49.69 30.45 53.36
    endloop
  endfacet
  facet normal -0.382704 -0.923871 0
    outer loop
      vertex 49.69 30.45 53.36
      vertex 51.9527 29.5127 63.9
      vertex 49.69 30.45 63.9
    endloop
  endfacet
  facet normal -0.382704 -0.923871 -0
    outer loop
      vertex 51.9527 29.5127 63.9
      vertex 49.69 30.45 53.36
      vertex 51.9527 29.5127 53.36
    endloop
  endfacet
  facet normal 0.923871 -0.382704 0
    outer loop
      vertex 46.49 27.25 63.9
      vertex 47.4273 29.5127 53.36
      vertex 47.4273 29.5127 63.9
    endloop
  endfacet
  facet normal 0.923871 -0.382704 0
    outer loop
      vertex 47.4273 29.5127 53.36
      vertex 46.49 27.25 63.9
      vertex 46.49 27.25 53.36
    endloop
  endfacet
  facet normal 0 0 1
    outer loop
      vertex 51.9527 29.5127 53.36
      vertex 51.9527 24.9873 53.36
      vertex 52.89 27.25 53.36
    endloop
  endfacet
  facet normal 0 0 1
    outer loop
      vertex 49.69 30.45 53.36
      vertex 51.9527 24.9873 53.36
      vertex 51.9527 29.5127 53.36
    endloop
  endfacet
  facet normal 0 0 1
    outer loop
      vertex 49.69 30.45 53.36
      vertex 49.69 24.05 53.36
      vertex 51.9527 24.9873 53.36
    endloop
  endfacet
  facet normal -0 0 1
    outer loop
      vertex 47.4273 29.5127 53.36
      vertex 49.69 24.05 53.36
      vertex 49.69 30.45 53.36
    endloop
  endfacet
  facet normal 0 0 1
    outer loop
      vertex 47.4273 29.5127 53.36
      vertex 47.4273 24.9873 53.36
      vertex 49.69 24.05 53.36
    endloop
  endfacet
  facet normal 0 -0 1
    outer loop
      vertex 47.4273 24.9873 53.36
      vertex 47.4273 29.5127 53.36
      vertex 46.49 27.25 53.36
    endloop
  endfacet
  facet normal -0.923871 0.382704 0
    outer loop
      vertex 51.9527 24.9873 53.36
      vertex 52.89 27.25 63.9
      vertex 52.89 27.25 53.36
    endloop
  endfacet
  facet normal -0.923871 0.382704 0
    outer loop
      vertex 52.89 27.25 63.9
      vertex 51.9527 24.9873 53.36
      vertex 51.9527 24.9873 63.9
    endloop
  endfacet
  facet normal 0.923871 0.382704 0
    outer loop
      vertex 47.4273 24.9873 63.9
      vertex 46.49 27.25 53.36
      vertex 46.49 27.25 63.9
    endloop
  endfacet
  facet normal 0.923871 0.382704 0
    outer loop
      vertex 46.49 27.25 53.36
      vertex 47.4273 24.9873 63.9
      vertex 47.4273 24.9873 53.36
    endloop
  endfacet
  facet normal -0.382704 0.923871 0
    outer loop
      vertex 51.9527 24.9873 53.36
      vertex 49.69 24.05 63.9
      vertex 51.9527 24.9873 63.9
    endloop
  endfacet
  facet normal -0.382704 0.923871 0
    outer loop
      vertex 49.69 24.05 63.9
      vertex 51.9527 24.9873 53.36
      vertex 49.69 24.05 53.36
    endloop
  endfacet
  facet normal 0.382704 0.923871 -0
    outer loop
      vertex 49.69 24.05 53.36
      vertex 47.4273 24.9873 63.9
      vertex 49.69 24.05 63.9
    endloop
  endfacet
  facet normal 0.382704 0.923871 0
    outer loop
      vertex 47.4273 24.9873 63.9
      vertex 49.69 24.05 53.36
      vertex 47.4273 24.9873 53.36
    endloop
  endfacet
  facet normal -0.923871 -0.382704 0
    outer loop
      vertex 52.89 36.25 53.36
      vertex 51.9527 38.5127 63.9
      vertex 51.9527 38.5127 53.36
    endloop
  endfacet
  facet normal -0.923871 -0.382704 0
    outer loop
      vertex 51.9527 38.5127 63.9
      vertex 52.89 36.25 53.36
      vertex 52.89 36.25 63.9
    endloop
  endfacet
  facet normal 0.382704 -0.923871 0
    outer loop
      vertex 47.4273 38.5127 53.36
      vertex 49.69 39.45 63.9
      vertex 47.4273 38.5127 63.9
    endloop
  endfacet
  facet normal 0.382704 -0.923871 0
    outer loop
      vertex 49.69 39.45 63.9
      vertex 47.4273 38.5127 53.36
      vertex 49.69 39.45 53.36
    endloop
  endfacet
  facet normal -0.382704 -0.923871 0
    outer loop
      vertex 49.69 39.45 53.36
      vertex 51.9527 38.5127 63.9
      vertex 49.69 39.45 63.9
    endloop
  endfacet
  facet normal -0.382704 -0.923871 -0
    outer loop
      vertex 51.9527 38.5127 63.9
      vertex 49.69 39.45 53.36
      vertex 51.9527 38.5127 53.36
    endloop
  endfacet
  facet normal 0.923871 -0.382704 0
    outer loop
      vertex 46.49 36.25 63.9
      vertex 47.4273 38.5127 53.36
      vertex 47.4273 38.5127 63.9
    endloop
  endfacet
  facet normal 0.923871 -0.382704 0
    outer loop
      vertex 47.4273 38.5127 53.36
      vertex 46.49 36.25 63.9
      vertex 46.49 36.25 53.36
    endloop
  endfacet
  facet normal 0 0 1
    outer loop
      vertex 51.9527 38.5127 53.36
      vertex 51.9527 33.9873 53.36
      vertex 52.89 36.25 53.36
    endloop
  endfacet
  facet normal 0 0 1
    outer loop
      vertex 49.69 39.45 53.36
      vertex 51.9527 33.9873 53.36
      vertex 51.9527 38.5127 53.36
    endloop
  endfacet
  facet normal 0 0 1
    outer loop
      vertex 49.69 39.45 53.36
      vertex 49.69 33.05 53.36
      vertex 51.9527 33.9873 53.36
    endloop
  endfacet
  facet normal -0 0 1
    outer loop
      vertex 47.4273 38.5127 53.36
      vertex 49.69 33.05 53.36
      vertex 49.69 39.45 53.36
    endloop
  endfacet
  facet normal 0 0 1
    outer loop
      vertex 47.4273 38.5127 53.36
      vertex 47.4273 33.9873 53.36
      vertex 49.69 33.05 53.36
    endloop
  endfacet
  facet normal 0 -0 1
    outer loop
      vertex 47.4273 33.9873 53.36
      vertex 47.4273 38.5127 53.36
      vertex 46.49 36.25 53.36
    endloop
  endfacet
  facet normal -0.923871 0.382704 0
    outer loop
      vertex 51.9527 33.9873 53.36
      vertex 52.89 36.25 63.9
      vertex 52.89 36.25 53.36
    endloop
  endfacet
  facet normal -0.923871 0.382704 0
    outer loop
      vertex 52.89 36.25 63.9
      vertex 51.9527 33.9873 53.36
      vertex 51.9527 33.9873 63.9
    endloop
  endfacet
  facet normal 0.923871 0.382704 0
    outer loop
      vertex 47.4273 33.9873 63.9
      vertex 46.49 36.25 53.36
      vertex 46.49 36.25 63.9
    endloop
  endfacet
  facet normal 0.923871 0.382704 0
    outer loop
      vertex 46.49 36.25 53.36
      vertex 47.4273 33.9873 63.9
      vertex 47.4273 33.9873 53.36
    endloop
  endfacet
  facet normal -0.382704 0.923871 0
    outer loop
      vertex 51.9527 33.9873 53.36
      vertex 49.69 33.05 63.9
      vertex 51.9527 33.9873 63.9
    endloop
  endfacet
  facet normal -0.382704 0.923871 0
    outer loop
      vertex 49.69 33.05 63.9
      vertex 51.9527 33.9873 53.36
      vertex 49.69 33.05 53.36
    endloop
  endfacet
  facet normal 0.382704 0.923871 -0
    outer loop
      vertex 49.69 33.05 53.36
      vertex 47.4273 33.9873 63.9
      vertex 49.69 33.05 63.9
    endloop
  endfacet
  facet normal 0.382704 0.923871 0
    outer loop
      vertex 47.4273 33.9873 63.9
      vertex 49.69 33.05 53.36
      vertex 47.4273 33.9873 53.36
    endloop
  endfacet
  facet normal -0.923871 -0.382704 0
    outer loop
      vertex 52.89 45.25 53.36
      vertex 51.9527 47.5127 63.9
      vertex 51.9527 47.5127 53.36
    endloop
  endfacet
  facet normal -0.923871 -0.382704 0
    outer loop
      vertex 51.9527 47.5127 63.9
      vertex 52.89 45.25 53.36
      vertex 52.89 45.25 63.9
    endloop
  endfacet
  facet normal 0.923871 0.382704 0
    outer loop
      vertex 47.4273 42.9873 63.9
      vertex 46.49 45.25 53.36
      vertex 46.49 45.25 63.9
    endloop
  endfacet
  facet normal 0.923871 0.382704 0
    outer loop
      vertex 46.49 45.25 53.36
      vertex 47.4273 42.9873 63.9
      vertex 47.4273 42.9873 53.36
    endloop
  endfacet
  facet normal 0.382704 0.923871 -0
    outer loop
      vertex 49.69 42.05 53.36
      vertex 47.4273 42.9873 63.9
      vertex 49.69 42.05 63.9
    endloop
  endfacet
  facet normal 0.382704 0.923871 0
    outer loop
      vertex 47.4273 42.9873 63.9
      vertex 49.69 42.05 53.36
      vertex 47.4273 42.9873 53.36
    endloop
  endfacet
  facet normal 0.382704 -0.923871 0
    outer loop
      vertex 47.4273 47.5127 53.36
      vertex 49.69 48.45 63.9
      vertex 47.4273 47.5127 63.9
    endloop
  endfacet
  facet normal 0.382704 -0.923871 0
    outer loop
      vertex 49.69 48.45 63.9
      vertex 47.4273 47.5127 53.36
      vertex 49.69 48.45 53.36
    endloop
  endfacet
  facet normal -0.382704 -0.923871 0
    outer loop
      vertex 49.69 48.45 53.36
      vertex 51.9527 47.5127 63.9
      vertex 49.69 48.45 63.9
    endloop
  endfacet
  facet normal -0.382704 -0.923871 -0
    outer loop
      vertex 51.9527 47.5127 63.9
      vertex 49.69 48.45 53.36
      vertex 51.9527 47.5127 53.36
    endloop
  endfacet
  facet normal 0.923871 -0.382704 0
    outer loop
      vertex 46.49 45.25 63.9
      vertex 47.4273 47.5127 53.36
      vertex 47.4273 47.5127 63.9
    endloop
  endfacet
  facet normal 0.923871 -0.382704 0
    outer loop
      vertex 47.4273 47.5127 53.36
      vertex 46.49 45.25 63.9
      vertex 46.49 45.25 53.36
    endloop
  endfacet
  facet normal 0 0 1
    outer loop
      vertex 51.9527 47.5127 53.36
      vertex 51.9527 42.9873 53.36
      vertex 52.89 45.25 53.36
    endloop
  endfacet
  facet normal 0 0 1
    outer loop
      vertex 49.69 48.45 53.36
      vertex 51.9527 42.9873 53.36
      vertex 51.9527 47.5127 53.36
    endloop
  endfacet
  facet normal 0 0 1
    outer loop
      vertex 49.69 48.45 53.36
      vertex 49.69 42.05 53.36
      vertex 51.9527 42.9873 53.36
    endloop
  endfacet
  facet normal -0 0 1
    outer loop
      vertex 47.4273 47.5127 53.36
      vertex 49.69 42.05 53.36
      vertex 49.69 48.45 53.36
    endloop
  endfacet
  facet normal 0 0 1
    outer loop
      vertex 47.4273 47.5127 53.36
      vertex 47.4273 42.9873 53.36
      vertex 49.69 42.05 53.36
    endloop
  endfacet
  facet normal 0 -0 1
    outer loop
      vertex 47.4273 42.9873 53.36
      vertex 47.4273 47.5127 53.36
      vertex 46.49 45.25 53.36
    endloop
  endfacet
  facet normal -0.382704 0.923871 0
    outer loop
      vertex 51.9527 42.9873 53.36
      vertex 49.69 42.05 63.9
      vertex 51.9527 42.9873 63.9
    endloop
  endfacet
  facet normal -0.382704 0.923871 0
    outer loop
      vertex 49.69 42.05 63.9
      vertex 51.9527 42.9873 53.36
      vertex 49.69 42.05 53.36
    endloop
  endfacet
  facet normal -0.923871 0.382704 0
    outer loop
      vertex 51.9527 42.9873 53.36
      vertex 52.89 45.25 63.9
      vertex 52.89 45.25 53.36
    endloop
  endfacet
  facet normal -0.923871 0.382704 0
    outer loop
      vertex 52.89 45.25 63.9
      vertex 51.9527 42.9873 53.36
      vertex 51.9527 42.9873 63.9
    endloop
  endfacet
  facet normal -0.923871 -0.382704 0
    outer loop
      vertex 52.89 54.25 53.36
      vertex 51.9527 56.5127 63.9
      vertex 51.9527 56.5127 53.36
    endloop
  endfacet
  facet normal -0.923871 -0.382704 0
    outer loop
      vertex 51.9527 56.5127 63.9
      vertex 52.89 54.25 53.36
      vertex 52.89 54.25 63.9
    endloop
  endfacet
  facet normal 0.382704 -0.923871 0
    outer loop
      vertex 47.4273 56.5127 53.36
      vertex 49.69 57.45 63.9
      vertex 47.4273 56.5127 63.9
    endloop
  endfacet
  facet normal 0.382704 -0.923871 0
    outer loop
      vertex 49.69 57.45 63.9
      vertex 47.4273 56.5127 53.36
      vertex 49.69 57.45 53.36
    endloop
  endfacet
  facet normal -0.382704 -0.923871 0
    outer loop
      vertex 49.69 57.45 53.36
      vertex 51.9527 56.5127 63.9
      vertex 49.69 57.45 63.9
    endloop
  endfacet
  facet normal -0.382704 -0.923871 -0
    outer loop
      vertex 51.9527 56.5127 63.9
      vertex 49.69 57.45 53.36
      vertex 51.9527 56.5127 53.36
    endloop
  endfacet
  facet normal 0.923871 -0.382704 0
    outer loop
      vertex 46.49 54.25 63.9
      vertex 47.4273 56.5127 53.36
      vertex 47.4273 56.5127 63.9
    endloop
  endfacet
  facet normal 0.923871 -0.382704 0
    outer loop
      vertex 47.4273 56.5127 53.36
      vertex 46.49 54.25 63.9
      vertex 46.49 54.25 53.36
    endloop
  endfacet
  facet normal 0 0 1
    outer loop
      vertex 51.9527 56.5127 53.36
      vertex 51.9527 51.9873 53.36
      vertex 52.89 54.25 53.36
    endloop
  endfacet
  facet normal 0 0 1
    outer loop
      vertex 49.69 57.45 53.36
      vertex 51.9527 51.9873 53.36
      vertex 51.9527 56.5127 53.36
    endloop
  endfacet
  facet normal 0 0 1
    outer loop
      vertex 49.69 57.45 53.36
      vertex 49.69 51.05 53.36
      vertex 51.9527 51.9873 53.36
    endloop
  endfacet
  facet normal -0 0 1
    outer loop
      vertex 47.4273 56.5127 53.36
      vertex 49.69 51.05 53.36
      vertex 49.69 57.45 53.36
    endloop
  endfacet
  facet normal 0 0 1
    outer loop
      vertex 47.4273 56.5127 53.36
      vertex 47.4273 51.9873 53.36
      vertex 49.69 51.05 53.36
    endloop
  endfacet
  facet normal 0 -0 1
    outer loop
      vertex 47.4273 51.9873 53.36
      vertex 47.4273 56.5127 53.36
      vertex 46.49 54.25 53.36
    endloop
  endfacet
  facet normal 0.923871 0.382704 0
    outer loop
      vertex 47.4273 51.9873 63.9
      vertex 46.49 54.25 53.36
      vertex 46.49 54.25 63.9
    endloop
  endfacet
  facet normal 0.923871 0.382704 0
    outer loop
      vertex 46.49 54.25 53.36
      vertex 47.4273 51.9873 63.9
      vertex 47.4273 51.9873 53.36
    endloop
  endfacet
  facet normal -0.382704 0.923871 0
    outer loop
      vertex 51.9527 51.9873 53.36
      vertex 49.69 51.05 63.9
      vertex 51.9527 51.9873 63.9
    endloop
  endfacet
  facet normal -0.382704 0.923871 0
    outer loop
      vertex 49.69 51.05 63.9
      vertex 51.9527 51.9873 53.36
      vertex 49.69 51.05 53.36
    endloop
  endfacet
  facet normal 0.382704 0.923871 -0
    outer loop
      vertex 49.69 51.05 53.36
      vertex 47.4273 51.9873 63.9
      vertex 49.69 51.05 63.9
    endloop
  endfacet
  facet normal 0.382704 0.923871 0
    outer loop
      vertex 47.4273 51.9873 63.9
      vertex 49.69 51.05 53.36
      vertex 47.4273 51.9873 53.36
    endloop
  endfacet
  facet normal -0.923871 0.382704 0
    outer loop
      vertex 51.9527 51.9873 53.36
      vertex 52.89 54.25 63.9
      vertex 52.89 54.25 53.36
    endloop
  endfacet
  facet normal -0.923871 0.382704 0
    outer loop
      vertex 52.89 54.25 63.9
      vertex 51.9527 51.9873 53.36
      vertex 51.9527 51.9873 63.9
    endloop
  endfacet
  facet normal -0.923871 -0.382704 0
    outer loop
      vertex 52.89 63.25 53.36
      vertex 51.9527 65.5127 63.9
      vertex 51.9527 65.5127 53.36
    endloop
  endfacet
  facet normal -0.923871 -0.382704 0
    outer loop
      vertex 51.9527 65.5127 63.9
      vertex 52.89 63.25 53.36
      vertex 52.89 63.25 63.9
    endloop
  endfacet
  facet normal 0.923871 0.382704 0
    outer loop
      vertex 47.4273 60.9873 63.9
      vertex 46.49 63.25 53.36
      vertex 46.49 63.25 63.9
    endloop
  endfacet
  facet normal 0.923871 0.382704 0
    outer loop
      vertex 46.49 63.25 53.36
      vertex 47.4273 60.9873 63.9
      vertex 47.4273 60.9873 53.36
    endloop
  endfacet
  facet normal 0.382704 -0.923871 0
    outer loop
      vertex 47.4273 65.5127 53.36
      vertex 49.69 66.45 63.9
      vertex 47.4273 65.5127 63.9
    endloop
  endfacet
  facet normal 0.382704 -0.923871 0
    outer loop
      vertex 49.69 66.45 63.9
      vertex 47.4273 65.5127 53.36
      vertex 49.69 66.45 53.36
    endloop
  endfacet
  facet normal -0.382704 -0.923871 0
    outer loop
      vertex 49.69 66.45 53.36
      vertex 51.9527 65.5127 63.9
      vertex 49.69 66.45 63.9
    endloop
  endfacet
  facet normal -0.382704 -0.923871 -0
    outer loop
      vertex 51.9527 65.5127 63.9
      vertex 49.69 66.45 53.36
      vertex 51.9527 65.5127 53.36
    endloop
  endfacet
  facet normal 0.923871 -0.382704 0
    outer loop
      vertex 46.49 63.25 63.9
      vertex 47.4273 65.5127 53.36
      vertex 47.4273 65.5127 63.9
    endloop
  endfacet
  facet normal 0.923871 -0.382704 0
    outer loop
      vertex 47.4273 65.5127 53.36
      vertex 46.49 63.25 63.9
      vertex 46.49 63.25 53.36
    endloop
  endfacet
  facet normal 0 0 1
    outer loop
      vertex 51.9527 65.5127 53.36
      vertex 51.9527 60.9873 53.36
      vertex 52.89 63.25 53.36
    endloop
  endfacet
  facet normal 0 0 1
    outer loop
      vertex 49.69 66.45 53.36
      vertex 51.9527 60.9873 53.36
      vertex 51.9527 65.5127 53.36
    endloop
  endfacet
  facet normal 0 0 1
    outer loop
      vertex 49.69 66.45 53.36
      vertex 49.69 60.05 53.36
      vertex 51.9527 60.9873 53.36
    endloop
  endfacet
  facet normal -0 0 1
    outer loop
      vertex 47.4273 65.5127 53.36
      vertex 49.69 60.05 53.36
      vertex 49.69 66.45 53.36
    endloop
  endfacet
  facet normal 0 0 1
    outer loop
      vertex 47.4273 65.5127 53.36
      vertex 47.4273 60.9873 53.36
      vertex 49.69 60.05 53.36
    endloop
  endfacet
  facet normal 0 -0 1
    outer loop
      vertex 47.4273 60.9873 53.36
      vertex 47.4273 65.5127 53.36
      vertex 46.49 63.25 53.36
    endloop
  endfacet
  facet normal -0.923871 0.382704 0
    outer loop
      vertex 51.9527 60.9873 53.36
      vertex 52.89 63.25 63.9
      vertex 52.89 63.25 53.36
    endloop
  endfacet
  facet normal -0.923871 0.382704 0
    outer loop
      vertex 52.89 63.25 63.9
      vertex 51.9527 60.9873 53.36
      vertex 51.9527 60.9873 63.9
    endloop
  endfacet
  facet normal -0.382704 0.923871 0
    outer loop
      vertex 51.9527 60.9873 53.36
      vertex 49.69 60.05 63.9
      vertex 51.9527 60.9873 63.9
    endloop
  endfacet
  facet normal -0.382704 0.923871 0
    outer loop
      vertex 49.69 60.05 63.9
      vertex 51.9527 60.9873 53.36
      vertex 49.69 60.05 53.36
    endloop
  endfacet
  facet normal 0.382704 0.923871 -0
    outer loop
      vertex 49.69 60.05 53.36
      vertex 47.4273 60.9873 63.9
      vertex 49.69 60.05 63.9
    endloop
  endfacet
  facet normal 0.382704 0.923871 0
    outer loop
      vertex 47.4273 60.9873 63.9
      vertex 49.69 60.05 53.36
      vertex 47.4273 60.9873 53.36
    endloop
  endfacet
  facet normal -0.923871 -0.382704 0
    outer loop
      vertex 52.89 72.25 53.36
      vertex 51.9527 74.5127 63.9
      vertex 51.9527 74.5127 53.36
    endloop
  endfacet
  facet normal -0.923871 -0.382704 0
    outer loop
      vertex 51.9527 74.5127 63.9
      vertex 52.89 72.25 53.36
      vertex 52.89 72.25 63.9
    endloop
  endfacet
  facet normal 0.382704 -0.923871 0
    outer loop
      vertex 47.4273 74.5127 53.36
      vertex 49.69 75.45 63.9
      vertex 47.4273 74.5127 63.9
    endloop
  endfacet
  facet normal 0.382704 -0.923871 0
    outer loop
      vertex 49.69 75.45 63.9
      vertex 47.4273 74.5127 53.36
      vertex 49.69 75.45 53.36
    endloop
  endfacet
  facet normal -0.382704 -0.923871 0
    outer loop
      vertex 49.69 75.45 53.36
      vertex 51.9527 74.5127 63.9
      vertex 49.69 75.45 63.9
    endloop
  endfacet
  facet normal -0.382704 -0.923871 -0
    outer loop
      vertex 51.9527 74.5127 63.9
      vertex 49.69 75.45 53.36
      vertex 51.9527 74.5127 53.36
    endloop
  endfacet
  facet normal 0.923871 -0.382704 0
    outer loop
      vertex 46.49 72.25 63.9
      vertex 47.4273 74.5127 53.36
      vertex 47.4273 74.5127 63.9
    endloop
  endfacet
  facet normal 0.923871 -0.382704 0
    outer loop
      vertex 47.4273 74.5127 53.36
      vertex 46.49 72.25 63.9
      vertex 46.49 72.25 53.36
    endloop
  endfacet
  facet normal 0 0 1
    outer loop
      vertex 51.9527 74.5127 53.36
      vertex 51.9527 69.9873 53.36
      vertex 52.89 72.25 53.36
    endloop
  endfacet
  facet normal 0 0 1
    outer loop
      vertex 49.69 75.45 53.36
      vertex 51.9527 69.9873 53.36
      vertex 51.9527 74.5127 53.36
    endloop
  endfacet
  facet normal 0 0 1
    outer loop
      vertex 49.69 75.45 53.36
      vertex 49.69 69.05 53.36
      vertex 51.9527 69.9873 53.36
    endloop
  endfacet
  facet normal -0 0 1
    outer loop
      vertex 47.4273 74.5127 53.36
      vertex 49.69 69.05 53.36
      vertex 49.69 75.45 53.36
    endloop
  endfacet
  facet normal 0 0 1
    outer loop
      vertex 47.4273 74.5127 53.36
      vertex 47.4273 69.9873 53.36
      vertex 49.69 69.05 53.36
    endloop
  endfacet
  facet normal 0 -0 1
    outer loop
      vertex 47.4273 69.9873 53.36
      vertex 47.4273 74.5127 53.36
      vertex 46.49 72.25 53.36
    endloop
  endfacet
  facet normal -0.923871 0.382704 0
    outer loop
      vertex 51.9527 69.9873 53.36
      vertex 52.89 72.25 63.9
      vertex 52.89 72.25 53.36
    endloop
  endfacet
  facet normal -0.923871 0.382704 0
    outer loop
      vertex 52.89 72.25 63.9
      vertex 51.9527 69.9873 53.36
      vertex 51.9527 69.9873 63.9
    endloop
  endfacet
  facet normal 0.923871 0.382704 0
    outer loop
      vertex 47.4273 69.9873 63.9
      vertex 46.49 72.25 53.36
      vertex 46.49 72.25 63.9
    endloop
  endfacet
  facet normal 0.923871 0.382704 0
    outer loop
      vertex 46.49 72.25 53.36
      vertex 47.4273 69.9873 63.9
      vertex 47.4273 69.9873 53.36
    endloop
  endfacet
  facet normal -0.382704 0.923871 0
    outer loop
      vertex 51.9527 69.9873 53.36
      vertex 49.69 69.05 63.9
      vertex 51.9527 69.9873 63.9
    endloop
  endfacet
  facet normal -0.382704 0.923871 0
    outer loop
      vertex 49.69 69.05 63.9
      vertex 51.9527 69.9873 53.36
      vertex 49.69 69.05 53.36
    endloop
  endfacet
  facet normal 0.382704 0.923871 -0
    outer loop
      vertex 49.69 69.05 53.36
      vertex 47.4273 69.9873 63.9
      vertex 49.69 69.05 63.9
    endloop
  endfacet
  facet normal 0.382704 0.923871 0
    outer loop
      vertex 47.4273 69.9873 63.9
      vertex 49.69 69.05 53.36
      vertex 47.4273 69.9873 53.36
    endloop
  endfacet
  facet normal -0.923871 -0.382704 0
    outer loop
      vertex 61.89 9.25 53.36
      vertex 60.9527 11.5127 63.9
      vertex 60.9527 11.5127 53.36
    endloop
  endfacet
  facet normal -0.923871 -0.382704 0
    outer loop
      vertex 60.9527 11.5127 63.9
      vertex 61.89 9.25 53.36
      vertex 61.89 9.25 63.9
    endloop
  endfacet
  facet normal 0.382704 -0.923871 0
    outer loop
      vertex 56.4273 11.5127 53.36
      vertex 58.69 12.45 63.9
      vertex 56.4273 11.5127 63.9
    endloop
  endfacet
  facet normal 0.382704 -0.923871 0
    outer loop
      vertex 58.69 12.45 63.9
      vertex 56.4273 11.5127 53.36
      vertex 58.69 12.45 53.36
    endloop
  endfacet
  facet normal -0.382704 -0.923871 0
    outer loop
      vertex 58.69 12.45 53.36
      vertex 60.9527 11.5127 63.9
      vertex 58.69 12.45 63.9
    endloop
  endfacet
  facet normal -0.382704 -0.923871 -0
    outer loop
      vertex 60.9527 11.5127 63.9
      vertex 58.69 12.45 53.36
      vertex 60.9527 11.5127 53.36
    endloop
  endfacet
  facet normal 0.923871 -0.382704 0
    outer loop
      vertex 55.49 9.25 63.9
      vertex 56.4273 11.5127 53.36
      vertex 56.4273 11.5127 63.9
    endloop
  endfacet
  facet normal 0.923871 -0.382704 0
    outer loop
      vertex 56.4273 11.5127 53.36
      vertex 55.49 9.25 63.9
      vertex 55.49 9.25 53.36
    endloop
  endfacet
  facet normal 0 0 1
    outer loop
      vertex 60.9527 11.5127 53.36
      vertex 60.9527 6.98726 53.36
      vertex 61.89 9.25 53.36
    endloop
  endfacet
  facet normal 0 0 1
    outer loop
      vertex 58.69 12.45 53.36
      vertex 60.9527 6.98726 53.36
      vertex 60.9527 11.5127 53.36
    endloop
  endfacet
  facet normal 0 0 1
    outer loop
      vertex 58.69 12.45 53.36
      vertex 58.69 6.05 53.36
      vertex 60.9527 6.98726 53.36
    endloop
  endfacet
  facet normal -0 0 1
    outer loop
      vertex 56.4273 11.5127 53.36
      vertex 58.69 6.05 53.36
      vertex 58.69 12.45 53.36
    endloop
  endfacet
  facet normal 0 0 1
    outer loop
      vertex 56.4273 11.5127 53.36
      vertex 56.4273 6.98726 53.36
      vertex 58.69 6.05 53.36
    endloop
  endfacet
  facet normal 0 -0 1
    outer loop
      vertex 56.4273 6.98726 53.36
      vertex 56.4273 11.5127 53.36
      vertex 55.49 9.25 53.36
    endloop
  endfacet
  facet normal -0.923873 0.382698 0
    outer loop
      vertex 60.9527 6.98726 53.36
      vertex 61.89 9.25 63.9
      vertex 61.89 9.25 53.36
    endloop
  endfacet
  facet normal -0.923873 0.382698 0
    outer loop
      vertex 61.89 9.25 63.9
      vertex 60.9527 6.98726 53.36
      vertex 60.9527 6.98726 63.9
    endloop
  endfacet
  facet normal 0.923873 0.382698 0
    outer loop
      vertex 56.4273 6.98726 63.9
      vertex 55.49 9.25 53.36
      vertex 55.49 9.25 63.9
    endloop
  endfacet
  facet normal 0.923873 0.382698 0
    outer loop
      vertex 55.49 9.25 53.36
      vertex 56.4273 6.98726 63.9
      vertex 56.4273 6.98726 53.36
    endloop
  endfacet
  facet normal -0.38269 0.923877 0
    outer loop
      vertex 60.9527 6.98726 53.36
      vertex 58.69 6.05 63.9
      vertex 60.9527 6.98726 63.9
    endloop
  endfacet
  facet normal -0.38269 0.923877 0
    outer loop
      vertex 58.69 6.05 63.9
      vertex 60.9527 6.98726 53.36
      vertex 58.69 6.05 53.36
    endloop
  endfacet
  facet normal 0.38269 0.923877 -0
    outer loop
      vertex 58.69 6.05 53.36
      vertex 56.4273 6.98726 63.9
      vertex 58.69 6.05 63.9
    endloop
  endfacet
  facet normal 0.38269 0.923877 0
    outer loop
      vertex 56.4273 6.98726 63.9
      vertex 58.69 6.05 53.36
      vertex 56.4273 6.98726 53.36
    endloop
  endfacet
  facet normal -0.923871 -0.382704 0
    outer loop
      vertex 61.89 18.25 53.36
      vertex 60.9527 20.5127 63.9
      vertex 60.9527 20.5127 53.36
    endloop
  endfacet
  facet normal -0.923871 -0.382704 0
    outer loop
      vertex 60.9527 20.5127 63.9
      vertex 61.89 18.25 53.36
      vertex 61.89 18.25 63.9
    endloop
  endfacet
  facet normal 0.923871 0.382704 0
    outer loop
      vertex 56.4273 15.9873 63.9
      vertex 55.49 18.25 53.36
      vertex 55.49 18.25 63.9
    endloop
  endfacet
  facet normal 0.923871 0.382704 0
    outer loop
      vertex 55.49 18.25 53.36
      vertex 56.4273 15.9873 63.9
      vertex 56.4273 15.9873 53.36
    endloop
  endfacet
  facet normal 0.382704 0.923871 -0
    outer loop
      vertex 58.69 15.05 53.36
      vertex 56.4273 15.9873 63.9
      vertex 58.69 15.05 63.9
    endloop
  endfacet
  facet normal 0.382704 0.923871 0
    outer loop
      vertex 56.4273 15.9873 63.9
      vertex 58.69 15.05 53.36
      vertex 56.4273 15.9873 53.36
    endloop
  endfacet
  facet normal 0.382704 -0.923871 0
    outer loop
      vertex 56.4273 20.5127 53.36
      vertex 58.69 21.45 63.9
      vertex 56.4273 20.5127 63.9
    endloop
  endfacet
  facet normal 0.382704 -0.923871 0
    outer loop
      vertex 58.69 21.45 63.9
      vertex 56.4273 20.5127 53.36
      vertex 58.69 21.45 53.36
    endloop
  endfacet
  facet normal -0.382704 -0.923871 0
    outer loop
      vertex 58.69 21.45 53.36
      vertex 60.9527 20.5127 63.9
      vertex 58.69 21.45 63.9
    endloop
  endfacet
  facet normal -0.382704 -0.923871 -0
    outer loop
      vertex 60.9527 20.5127 63.9
      vertex 58.69 21.45 53.36
      vertex 60.9527 20.5127 53.36
    endloop
  endfacet
  facet normal 0.923871 -0.382704 0
    outer loop
      vertex 55.49 18.25 63.9
      vertex 56.4273 20.5127 53.36
      vertex 56.4273 20.5127 63.9
    endloop
  endfacet
  facet normal 0.923871 -0.382704 0
    outer loop
      vertex 56.4273 20.5127 53.36
      vertex 55.49 18.25 63.9
      vertex 55.49 18.25 53.36
    endloop
  endfacet
  facet normal 0 0 1
    outer loop
      vertex 60.9527 20.5127 53.36
      vertex 60.9527 15.9873 53.36
      vertex 61.89 18.25 53.36
    endloop
  endfacet
  facet normal 0 0 1
    outer loop
      vertex 58.69 21.45 53.36
      vertex 60.9527 15.9873 53.36
      vertex 60.9527 20.5127 53.36
    endloop
  endfacet
  facet normal 0 0 1
    outer loop
      vertex 58.69 21.45 53.36
      vertex 58.69 15.05 53.36
      vertex 60.9527 15.9873 53.36
    endloop
  endfacet
  facet normal -0 0 1
    outer loop
      vertex 56.4273 20.5127 53.36
      vertex 58.69 15.05 53.36
      vertex 58.69 21.45 53.36
    endloop
  endfacet
  facet normal 0 0 1
    outer loop
      vertex 56.4273 20.5127 53.36
      vertex 56.4273 15.9873 53.36
      vertex 58.69 15.05 53.36
    endloop
  endfacet
  facet normal 0 -0 1
    outer loop
      vertex 56.4273 15.9873 53.36
      vertex 56.4273 20.5127 53.36
      vertex 55.49 18.25 53.36
    endloop
  endfacet
  facet normal -0.382704 0.923871 0
    outer loop
      vertex 60.9527 15.9873 53.36
      vertex 58.69 15.05 63.9
      vertex 60.9527 15.9873 63.9
    endloop
  endfacet
  facet normal -0.382704 0.923871 0
    outer loop
      vertex 58.69 15.05 63.9
      vertex 60.9527 15.9873 53.36
      vertex 58.69 15.05 53.36
    endloop
  endfacet
  facet normal -0.923871 0.382704 0
    outer loop
      vertex 60.9527 15.9873 53.36
      vertex 61.89 18.25 63.9
      vertex 61.89 18.25 53.36
    endloop
  endfacet
  facet normal -0.923871 0.382704 0
    outer loop
      vertex 61.89 18.25 63.9
      vertex 60.9527 15.9873 53.36
      vertex 60.9527 15.9873 63.9
    endloop
  endfacet
  facet normal -0.923871 -0.382704 0
    outer loop
      vertex 61.89 27.25 53.36
      vertex 60.9527 29.5127 63.9
      vertex 60.9527 29.5127 53.36
    endloop
  endfacet
  facet normal -0.923871 -0.382704 0
    outer loop
      vertex 60.9527 29.5127 63.9
      vertex 61.89 27.25 53.36
      vertex 61.89 27.25 63.9
    endloop
  endfacet
  facet normal 0.382704 -0.923871 0
    outer loop
      vertex 56.4273 29.5127 53.36
      vertex 58.69 30.45 63.9
      vertex 56.4273 29.5127 63.9
    endloop
  endfacet
  facet normal 0.382704 -0.923871 0
    outer loop
      vertex 58.69 30.45 63.9
      vertex 56.4273 29.5127 53.36
      vertex 58.69 30.45 53.36
    endloop
  endfacet
  facet normal -0.382704 -0.923871 0
    outer loop
      vertex 58.69 30.45 53.36
      vertex 60.9527 29.5127 63.9
      vertex 58.69 30.45 63.9
    endloop
  endfacet
  facet normal -0.382704 -0.923871 -0
    outer loop
      vertex 60.9527 29.5127 63.9
      vertex 58.69 30.45 53.36
      vertex 60.9527 29.5127 53.36
    endloop
  endfacet
  facet normal 0.923871 -0.382704 0
    outer loop
      vertex 55.49 27.25 63.9
      vertex 56.4273 29.5127 53.36
      vertex 56.4273 29.5127 63.9
    endloop
  endfacet
  facet normal 0.923871 -0.382704 0
    outer loop
      vertex 56.4273 29.5127 53.36
      vertex 55.49 27.25 63.9
      vertex 55.49 27.25 53.36
    endloop
  endfacet
  facet normal 0 0 1
    outer loop
      vertex 60.9527 29.5127 53.36
      vertex 60.9527 24.9873 53.36
      vertex 61.89 27.25 53.36
    endloop
  endfacet
  facet normal 0 0 1
    outer loop
      vertex 58.69 30.45 53.36
      vertex 60.9527 24.9873 53.36
      vertex 60.9527 29.5127 53.36
    endloop
  endfacet
  facet normal 0 0 1
    outer loop
      vertex 58.69 30.45 53.36
      vertex 58.69 24.05 53.36
      vertex 60.9527 24.9873 53.36
    endloop
  endfacet
  facet normal -0 0 1
    outer loop
      vertex 56.4273 29.5127 53.36
      vertex 58.69 24.05 53.36
      vertex 58.69 30.45 53.36
    endloop
  endfacet
  facet normal 0 0 1
    outer loop
      vertex 56.4273 29.5127 53.36
      vertex 56.4273 24.9873 53.36
      vertex 58.69 24.05 53.36
    endloop
  endfacet
  facet normal 0 -0 1
    outer loop
      vertex 56.4273 24.9873 53.36
      vertex 56.4273 29.5127 53.36
      vertex 55.49 27.25 53.36
    endloop
  endfacet
  facet normal 0.923871 0.382704 0
    outer loop
      vertex 56.4273 24.9873 63.9
      vertex 55.49 27.25 53.36
      vertex 55.49 27.25 63.9
    endloop
  endfacet
  facet normal 0.923871 0.382704 0
    outer loop
      vertex 55.49 27.25 53.36
      vertex 56.4273 24.9873 63.9
      vertex 56.4273 24.9873 53.36
    endloop
  endfacet
  facet normal -0.382704 0.923871 0
    outer loop
      vertex 60.9527 24.9873 53.36
      vertex 58.69 24.05 63.9
      vertex 60.9527 24.9873 63.9
    endloop
  endfacet
  facet normal -0.382704 0.923871 0
    outer loop
      vertex 58.69 24.05 63.9
      vertex 60.9527 24.9873 53.36
      vertex 58.69 24.05 53.36
    endloop
  endfacet
  facet normal 0.382704 0.923871 -0
    outer loop
      vertex 58.69 24.05 53.36
      vertex 56.4273 24.9873 63.9
      vertex 58.69 24.05 63.9
    endloop
  endfacet
  facet normal 0.382704 0.923871 0
    outer loop
      vertex 56.4273 24.9873 63.9
      vertex 58.69 24.05 53.36
      vertex 56.4273 24.9873 53.36
    endloop
  endfacet
  facet normal -0.923871 0.382704 0
    outer loop
      vertex 60.9527 24.9873 53.36
      vertex 61.89 27.25 63.9
      vertex 61.89 27.25 53.36
    endloop
  endfacet
  facet normal -0.923871 0.382704 0
    outer loop
      vertex 61.89 27.25 63.9
      vertex 60.9527 24.9873 53.36
      vertex 60.9527 24.9873 63.9
    endloop
  endfacet
  facet normal -0.923871 -0.382704 0
    outer loop
      vertex 61.89 36.25 53.36
      vertex 60.9527 38.5127 63.9
      vertex 60.9527 38.5127 53.36
    endloop
  endfacet
  facet normal -0.923871 -0.382704 0
    outer loop
      vertex 60.9527 38.5127 63.9
      vertex 61.89 36.25 53.36
      vertex 61.89 36.25 63.9
    endloop
  endfacet
  facet normal 0.382704 -0.923871 0
    outer loop
      vertex 56.4273 38.5127 53.36
      vertex 58.69 39.45 63.9
      vertex 56.4273 38.5127 63.9
    endloop
  endfacet
  facet normal 0.382704 -0.923871 0
    outer loop
      vertex 58.69 39.45 63.9
      vertex 56.4273 38.5127 53.36
      vertex 58.69 39.45 53.36
    endloop
  endfacet
  facet normal -0.382704 -0.923871 0
    outer loop
      vertex 58.69 39.45 53.36
      vertex 60.9527 38.5127 63.9
      vertex 58.69 39.45 63.9
    endloop
  endfacet
  facet normal -0.382704 -0.923871 -0
    outer loop
      vertex 60.9527 38.5127 63.9
      vertex 58.69 39.45 53.36
      vertex 60.9527 38.5127 53.36
    endloop
  endfacet
  facet normal 0.923871 -0.382704 0
    outer loop
      vertex 55.49 36.25 63.9
      vertex 56.4273 38.5127 53.36
      vertex 56.4273 38.5127 63.9
    endloop
  endfacet
  facet normal 0.923871 -0.382704 0
    outer loop
      vertex 56.4273 38.5127 53.36
      vertex 55.49 36.25 63.9
      vertex 55.49 36.25 53.36
    endloop
  endfacet
  facet normal 0 0 1
    outer loop
      vertex 60.9527 38.5127 53.36
      vertex 60.9527 33.9873 53.36
      vertex 61.89 36.25 53.36
    endloop
  endfacet
  facet normal 0 0 1
    outer loop
      vertex 58.69 39.45 53.36
      vertex 60.9527 33.9873 53.36
      vertex 60.9527 38.5127 53.36
    endloop
  endfacet
  facet normal 0 0 1
    outer loop
      vertex 58.69 39.45 53.36
      vertex 58.69 33.05 53.36
      vertex 60.9527 33.9873 53.36
    endloop
  endfacet
  facet normal -0 0 1
    outer loop
      vertex 56.4273 38.5127 53.36
      vertex 58.69 33.05 53.36
      vertex 58.69 39.45 53.36
    endloop
  endfacet
  facet normal 0 0 1
    outer loop
      vertex 56.4273 38.5127 53.36
      vertex 56.4273 33.9873 53.36
      vertex 58.69 33.05 53.36
    endloop
  endfacet
  facet normal 0 -0 1
    outer loop
      vertex 56.4273 33.9873 53.36
      vertex 56.4273 38.5127 53.36
      vertex 55.49 36.25 53.36
    endloop
  endfacet
  facet normal -0.923871 0.382704 0
    outer loop
      vertex 60.9527 33.9873 53.36
      vertex 61.89 36.25 63.9
      vertex 61.89 36.25 53.36
    endloop
  endfacet
  facet normal -0.923871 0.382704 0
    outer loop
      vertex 61.89 36.25 63.9
      vertex 60.9527 33.9873 53.36
      vertex 60.9527 33.9873 63.9
    endloop
  endfacet
  facet normal 0.923871 0.382704 0
    outer loop
      vertex 56.4273 33.9873 63.9
      vertex 55.49 36.25 53.36
      vertex 55.49 36.25 63.9
    endloop
  endfacet
  facet normal 0.923871 0.382704 0
    outer loop
      vertex 55.49 36.25 53.36
      vertex 56.4273 33.9873 63.9
      vertex 56.4273 33.9873 53.36
    endloop
  endfacet
  facet normal -0.382704 0.923871 0
    outer loop
      vertex 60.9527 33.9873 53.36
      vertex 58.69 33.05 63.9
      vertex 60.9527 33.9873 63.9
    endloop
  endfacet
  facet normal -0.382704 0.923871 0
    outer loop
      vertex 58.69 33.05 63.9
      vertex 60.9527 33.9873 53.36
      vertex 58.69 33.05 53.36
    endloop
  endfacet
  facet normal 0.382704 0.923871 -0
    outer loop
      vertex 58.69 33.05 53.36
      vertex 56.4273 33.9873 63.9
      vertex 58.69 33.05 63.9
    endloop
  endfacet
  facet normal 0.382704 0.923871 0
    outer loop
      vertex 56.4273 33.9873 63.9
      vertex 58.69 33.05 53.36
      vertex 56.4273 33.9873 53.36
    endloop
  endfacet
  facet normal -0.923871 -0.382704 0
    outer loop
      vertex 61.89 45.25 53.36
      vertex 60.9527 47.5127 63.9
      vertex 60.9527 47.5127 53.36
    endloop
  endfacet
  facet normal -0.923871 -0.382704 0
    outer loop
      vertex 60.9527 47.5127 63.9
      vertex 61.89 45.25 53.36
      vertex 61.89 45.25 63.9
    endloop
  endfacet
  facet normal 0.382704 -0.923871 0
    outer loop
      vertex 56.4273 47.5127 53.36
      vertex 58.69 48.45 63.9
      vertex 56.4273 47.5127 63.9
    endloop
  endfacet
  facet normal 0.382704 -0.923871 0
    outer loop
      vertex 58.69 48.45 63.9
      vertex 56.4273 47.5127 53.36
      vertex 58.69 48.45 53.36
    endloop
  endfacet
  facet normal -0.382704 -0.923871 0
    outer loop
      vertex 58.69 48.45 53.36
      vertex 60.9527 47.5127 63.9
      vertex 58.69 48.45 63.9
    endloop
  endfacet
  facet normal -0.382704 -0.923871 -0
    outer loop
      vertex 60.9527 47.5127 63.9
      vertex 58.69 48.45 53.36
      vertex 60.9527 47.5127 53.36
    endloop
  endfacet
  facet normal 0.923871 -0.382704 0
    outer loop
      vertex 55.49 45.25 63.9
      vertex 56.4273 47.5127 53.36
      vertex 56.4273 47.5127 63.9
    endloop
  endfacet
  facet normal 0.923871 -0.382704 0
    outer loop
      vertex 56.4273 47.5127 53.36
      vertex 55.49 45.25 63.9
      vertex 55.49 45.25 53.36
    endloop
  endfacet
  facet normal 0 0 1
    outer loop
      vertex 60.9527 47.5127 53.36
      vertex 60.9527 42.9873 53.36
      vertex 61.89 45.25 53.36
    endloop
  endfacet
  facet normal 0 0 1
    outer loop
      vertex 58.69 48.45 53.36
      vertex 60.9527 42.9873 53.36
      vertex 60.9527 47.5127 53.36
    endloop
  endfacet
  facet normal 0 0 1
    outer loop
      vertex 58.69 48.45 53.36
      vertex 58.69 42.05 53.36
      vertex 60.9527 42.9873 53.36
    endloop
  endfacet
  facet normal -0 0 1
    outer loop
      vertex 56.4273 47.5127 53.36
      vertex 58.69 42.05 53.36
      vertex 58.69 48.45 53.36
    endloop
  endfacet
  facet normal 0 0 1
    outer loop
      vertex 56.4273 47.5127 53.36
      vertex 56.4273 42.9873 53.36
      vertex 58.69 42.05 53.36
    endloop
  endfacet
  facet normal 0 -0 1
    outer loop
      vertex 56.4273 42.9873 53.36
      vertex 56.4273 47.5127 53.36
      vertex 55.49 45.25 53.36
    endloop
  endfacet
  facet normal -0.923871 0.382704 0
    outer loop
      vertex 60.9527 42.9873 53.36
      vertex 61.89 45.25 63.9
      vertex 61.89 45.25 53.36
    endloop
  endfacet
  facet normal -0.923871 0.382704 0
    outer loop
      vertex 61.89 45.25 63.9
      vertex 60.9527 42.9873 53.36
      vertex 60.9527 42.9873 63.9
    endloop
  endfacet
  facet normal 0.923871 0.382704 0
    outer loop
      vertex 56.4273 42.9873 63.9
      vertex 55.49 45.25 53.36
      vertex 55.49 45.25 63.9
    endloop
  endfacet
  facet normal 0.923871 0.382704 0
    outer loop
      vertex 55.49 45.25 53.36
      vertex 56.4273 42.9873 63.9
      vertex 56.4273 42.9873 53.36
    endloop
  endfacet
  facet normal -0.382704 0.923871 0
    outer loop
      vertex 60.9527 42.9873 53.36
      vertex 58.69 42.05 63.9
      vertex 60.9527 42.9873 63.9
    endloop
  endfacet
  facet normal -0.382704 0.923871 0
    outer loop
      vertex 58.69 42.05 63.9
      vertex 60.9527 42.9873 53.36
      vertex 58.69 42.05 53.36
    endloop
  endfacet
  facet normal 0.382704 0.923871 -0
    outer loop
      vertex 58.69 42.05 53.36
      vertex 56.4273 42.9873 63.9
      vertex 58.69 42.05 63.9
    endloop
  endfacet
  facet normal 0.382704 0.923871 0
    outer loop
      vertex 56.4273 42.9873 63.9
      vertex 58.69 42.05 53.36
      vertex 56.4273 42.9873 53.36
    endloop
  endfacet
  facet normal -0.923871 -0.382704 0
    outer loop
      vertex 61.89 54.25 53.36
      vertex 60.9527 56.5127 63.9
      vertex 60.9527 56.5127 53.36
    endloop
  endfacet
  facet normal -0.923871 -0.382704 0
    outer loop
      vertex 60.9527 56.5127 63.9
      vertex 61.89 54.25 53.36
      vertex 61.89 54.25 63.9
    endloop
  endfacet
  facet normal 0.382704 -0.923871 0
    outer loop
      vertex 56.4273 56.5127 53.36
      vertex 58.69 57.45 63.9
      vertex 56.4273 56.5127 63.9
    endloop
  endfacet
  facet normal 0.382704 -0.923871 0
    outer loop
      vertex 58.69 57.45 63.9
      vertex 56.4273 56.5127 53.36
      vertex 58.69 57.45 53.36
    endloop
  endfacet
  facet normal -0.382704 -0.923871 0
    outer loop
      vertex 58.69 57.45 53.36
      vertex 60.9527 56.5127 63.9
      vertex 58.69 57.45 63.9
    endloop
  endfacet
  facet normal -0.382704 -0.923871 -0
    outer loop
      vertex 60.9527 56.5127 63.9
      vertex 58.69 57.45 53.36
      vertex 60.9527 56.5127 53.36
    endloop
  endfacet
  facet normal 0.923871 -0.382704 0
    outer loop
      vertex 55.49 54.25 63.9
      vertex 56.4273 56.5127 53.36
      vertex 56.4273 56.5127 63.9
    endloop
  endfacet
  facet normal 0.923871 -0.382704 0
    outer loop
      vertex 56.4273 56.5127 53.36
      vertex 55.49 54.25 63.9
      vertex 55.49 54.25 53.36
    endloop
  endfacet
  facet normal 0 0 1
    outer loop
      vertex 60.9527 56.5127 53.36
      vertex 60.9527 51.9873 53.36
      vertex 61.89 54.25 53.36
    endloop
  endfacet
  facet normal 0 0 1
    outer loop
      vertex 58.69 57.45 53.36
      vertex 60.9527 51.9873 53.36
      vertex 60.9527 56.5127 53.36
    endloop
  endfacet
  facet normal 0 0 1
    outer loop
      vertex 58.69 57.45 53.36
      vertex 58.69 51.05 53.36
      vertex 60.9527 51.9873 53.36
    endloop
  endfacet
  facet normal -0 0 1
    outer loop
      vertex 56.4273 56.5127 53.36
      vertex 58.69 51.05 53.36
      vertex 58.69 57.45 53.36
    endloop
  endfacet
  facet normal 0 0 1
    outer loop
      vertex 56.4273 56.5127 53.36
      vertex 56.4273 51.9873 53.36
      vertex 58.69 51.05 53.36
    endloop
  endfacet
  facet normal 0 -0 1
    outer loop
      vertex 56.4273 51.9873 53.36
      vertex 56.4273 56.5127 53.36
      vertex 55.49 54.25 53.36
    endloop
  endfacet
  facet normal -0.923871 0.382704 0
    outer loop
      vertex 60.9527 51.9873 53.36
      vertex 61.89 54.25 63.9
      vertex 61.89 54.25 53.36
    endloop
  endfacet
  facet normal -0.923871 0.382704 0
    outer loop
      vertex 61.89 54.25 63.9
      vertex 60.9527 51.9873 53.36
      vertex 60.9527 51.9873 63.9
    endloop
  endfacet
  facet normal 0.923871 0.382704 0
    outer loop
      vertex 56.4273 51.9873 63.9
      vertex 55.49 54.25 53.36
      vertex 55.49 54.25 63.9
    endloop
  endfacet
  facet normal 0.923871 0.382704 0
    outer loop
      vertex 55.49 54.25 53.36
      vertex 56.4273 51.9873 63.9
      vertex 56.4273 51.9873 53.36
    endloop
  endfacet
  facet normal -0.382704 0.923871 0
    outer loop
      vertex 60.9527 51.9873 53.36
      vertex 58.69 51.05 63.9
      vertex 60.9527 51.9873 63.9
    endloop
  endfacet
  facet normal -0.382704 0.923871 0
    outer loop
      vertex 58.69 51.05 63.9
      vertex 60.9527 51.9873 53.36
      vertex 58.69 51.05 53.36
    endloop
  endfacet
  facet normal 0.382704 0.923871 -0
    outer loop
      vertex 58.69 51.05 53.36
      vertex 56.4273 51.9873 63.9
      vertex 58.69 51.05 63.9
    endloop
  endfacet
  facet normal 0.382704 0.923871 0
    outer loop
      vertex 56.4273 51.9873 63.9
      vertex 58.69 51.05 53.36
      vertex 56.4273 51.9873 53.36
    endloop
  endfacet
  facet normal -0.923871 -0.382704 0
    outer loop
      vertex 61.89 63.25 53.36
      vertex 60.9527 65.5127 63.9
      vertex 60.9527 65.5127 53.36
    endloop
  endfacet
  facet normal -0.923871 -0.382704 0
    outer loop
      vertex 60.9527 65.5127 63.9
      vertex 61.89 63.25 53.36
      vertex 61.89 63.25 63.9
    endloop
  endfacet
  facet normal 0.923871 0.382704 0
    outer loop
      vertex 56.4273 60.9873 63.9
      vertex 55.49 63.25 53.36
      vertex 55.49 63.25 63.9
    endloop
  endfacet
  facet normal 0.923871 0.382704 0
    outer loop
      vertex 55.49 63.25 53.36
      vertex 56.4273 60.9873 63.9
      vertex 56.4273 60.9873 53.36
    endloop
  endfacet
  facet normal 0.382704 -0.923871 0
    outer loop
      vertex 56.4273 65.5127 53.36
      vertex 58.69 66.45 63.9
      vertex 56.4273 65.5127 63.9
    endloop
  endfacet
  facet normal 0.382704 -0.923871 0
    outer loop
      vertex 58.69 66.45 63.9
      vertex 56.4273 65.5127 53.36
      vertex 58.69 66.45 53.36
    endloop
  endfacet
  facet normal -0.382704 -0.923871 0
    outer loop
      vertex 58.69 66.45 53.36
      vertex 60.9527 65.5127 63.9
      vertex 58.69 66.45 63.9
    endloop
  endfacet
  facet normal -0.382704 -0.923871 -0
    outer loop
      vertex 60.9527 65.5127 63.9
      vertex 58.69 66.45 53.36
      vertex 60.9527 65.5127 53.36
    endloop
  endfacet
  facet normal 0.923871 -0.382704 0
    outer loop
      vertex 55.49 63.25 63.9
      vertex 56.4273 65.5127 53.36
      vertex 56.4273 65.5127 63.9
    endloop
  endfacet
  facet normal 0.923871 -0.382704 0
    outer loop
      vertex 56.4273 65.5127 53.36
      vertex 55.49 63.25 63.9
      vertex 55.49 63.25 53.36
    endloop
  endfacet
  facet normal 0 0 1
    outer loop
      vertex 60.9527 65.5127 53.36
      vertex 60.9527 60.9873 53.36
      vertex 61.89 63.25 53.36
    endloop
  endfacet
  facet normal 0 0 1
    outer loop
      vertex 58.69 66.45 53.36
      vertex 60.9527 60.9873 53.36
      vertex 60.9527 65.5127 53.36
    endloop
  endfacet
  facet normal 0 0 1
    outer loop
      vertex 58.69 66.45 53.36
      vertex 58.69 60.05 53.36
      vertex 60.9527 60.9873 53.36
    endloop
  endfacet
  facet normal -0 0 1
    outer loop
      vertex 56.4273 65.5127 53.36
      vertex 58.69 60.05 53.36
      vertex 58.69 66.45 53.36
    endloop
  endfacet
  facet normal 0 0 1
    outer loop
      vertex 56.4273 65.5127 53.36
      vertex 56.4273 60.9873 53.36
      vertex 58.69 60.05 53.36
    endloop
  endfacet
  facet normal 0 -0 1
    outer loop
      vertex 56.4273 60.9873 53.36
      vertex 56.4273 65.5127 53.36
      vertex 55.49 63.25 53.36
    endloop
  endfacet
  facet normal -0.382704 0.923871 0
    outer loop
      vertex 60.9527 60.9873 53.36
      vertex 58.69 60.05 63.9
      vertex 60.9527 60.9873 63.9
    endloop
  endfacet
  facet normal -0.382704 0.923871 0
    outer loop
      vertex 58.69 60.05 63.9
      vertex 60.9527 60.9873 53.36
      vertex 58.69 60.05 53.36
    endloop
  endfacet
  facet normal 0.382704 0.923871 -0
    outer loop
      vertex 58.69 60.05 53.36
      vertex 56.4273 60.9873 63.9
      vertex 58.69 60.05 63.9
    endloop
  endfacet
  facet normal 0.382704 0.923871 0
    outer loop
      vertex 56.4273 60.9873 63.9
      vertex 58.69 60.05 53.36
      vertex 56.4273 60.9873 53.36
    endloop
  endfacet
  facet normal -0.923871 0.382704 0
    outer loop
      vertex 60.9527 60.9873 53.36
      vertex 61.89 63.25 63.9
      vertex 61.89 63.25 53.36
    endloop
  endfacet
  facet normal -0.923871 0.382704 0
    outer loop
      vertex 61.89 63.25 63.9
      vertex 60.9527 60.9873 53.36
      vertex 60.9527 60.9873 63.9
    endloop
  endfacet
  facet normal -0.923871 -0.382704 0
    outer loop
      vertex 61.89 72.25 53.36
      vertex 60.9527 74.5127 63.9
      vertex 60.9527 74.5127 53.36
    endloop
  endfacet
  facet normal -0.923871 -0.382704 0
    outer loop
      vertex 60.9527 74.5127 63.9
      vertex 61.89 72.25 53.36
      vertex 61.89 72.25 63.9
    endloop
  endfacet
  facet normal 0.923871 0.382704 0
    outer loop
      vertex 56.4273 69.9873 63.9
      vertex 55.49 72.25 53.36
      vertex 55.49 72.25 63.9
    endloop
  endfacet
  facet normal 0.923871 0.382704 0
    outer loop
      vertex 55.49 72.25 53.36
      vertex 56.4273 69.9873 63.9
      vertex 56.4273 69.9873 53.36
    endloop
  endfacet
  facet normal 0.382704 -0.923871 0
    outer loop
      vertex 56.4273 74.5127 53.36
      vertex 58.69 75.45 63.9
      vertex 56.4273 74.5127 63.9
    endloop
  endfacet
  facet normal 0.382704 -0.923871 0
    outer loop
      vertex 58.69 75.45 63.9
      vertex 56.4273 74.5127 53.36
      vertex 58.69 75.45 53.36
    endloop
  endfacet
  facet normal -0.382704 -0.923871 0
    outer loop
      vertex 58.69 75.45 53.36
      vertex 60.9527 74.5127 63.9
      vertex 58.69 75.45 63.9
    endloop
  endfacet
  facet normal -0.382704 -0.923871 -0
    outer loop
      vertex 60.9527 74.5127 63.9
      vertex 58.69 75.45 53.36
      vertex 60.9527 74.5127 53.36
    endloop
  endfacet
  facet normal 0.923871 -0.382704 0
    outer loop
      vertex 55.49 72.25 63.9
      vertex 56.4273 74.5127 53.36
      vertex 56.4273 74.5127 63.9
    endloop
  endfacet
  facet normal 0.923871 -0.382704 0
    outer loop
      vertex 56.4273 74.5127 53.36
      vertex 55.49 72.25 63.9
      vertex 55.49 72.25 53.36
    endloop
  endfacet
  facet normal 0 0 1
    outer loop
      vertex 60.9527 74.5127 53.36
      vertex 60.9527 69.9873 53.36
      vertex 61.89 72.25 53.36
    endloop
  endfacet
  facet normal 0 0 1
    outer loop
      vertex 58.69 75.45 53.36
      vertex 60.9527 69.9873 53.36
      vertex 60.9527 74.5127 53.36
    endloop
  endfacet
  facet normal 0 0 1
    outer loop
      vertex 58.69 75.45 53.36
      vertex 58.69 69.05 53.36
      vertex 60.9527 69.9873 53.36
    endloop
  endfacet
  facet normal -0 0 1
    outer loop
      vertex 56.4273 74.5127 53.36
      vertex 58.69 69.05 53.36
      vertex 58.69 75.45 53.36
    endloop
  endfacet
  facet normal 0 0 1
    outer loop
      vertex 56.4273 74.5127 53.36
      vertex 56.4273 69.9873 53.36
      vertex 58.69 69.05 53.36
    endloop
  endfacet
  facet normal 0 -0 1
    outer loop
      vertex 56.4273 69.9873 53.36
      vertex 56.4273 74.5127 53.36
      vertex 55.49 72.25 53.36
    endloop
  endfacet
  facet normal -0.923871 0.382704 0
    outer loop
      vertex 60.9527 69.9873 53.36
      vertex 61.89 72.25 63.9
      vertex 61.89 72.25 53.36
    endloop
  endfacet
  facet normal -0.923871 0.382704 0
    outer loop
      vertex 61.89 72.25 63.9
      vertex 60.9527 69.9873 53.36
      vertex 60.9527 69.9873 63.9
    endloop
  endfacet
  facet normal -0.382704 0.923871 0
    outer loop
      vertex 60.9527 69.9873 53.36
      vertex 58.69 69.05 63.9
      vertex 60.9527 69.9873 63.9
    endloop
  endfacet
  facet normal -0.382704 0.923871 0
    outer loop
      vertex 58.69 69.05 63.9
      vertex 60.9527 69.9873 53.36
      vertex 58.69 69.05 53.36
    endloop
  endfacet
  facet normal 0.382704 0.923871 -0
    outer loop
      vertex 58.69 69.05 53.36
      vertex 56.4273 69.9873 63.9
      vertex 58.69 69.05 63.9
    endloop
  endfacet
  facet normal 0.382704 0.923871 0
    outer loop
      vertex 56.4273 69.9873 63.9
      vertex 58.69 69.05 53.36
      vertex 56.4273 69.9873 53.36
    endloop
  endfacet
  facet normal -0.923871 -0.382704 0
    outer loop
      vertex 70.89 9.25 53.36
      vertex 69.9527 11.5127 63.9
      vertex 69.9527 11.5127 53.36
    endloop
  endfacet
  facet normal -0.923871 -0.382704 0
    outer loop
      vertex 69.9527 11.5127 63.9
      vertex 70.89 9.25 53.36
      vertex 70.89 9.25 63.9
    endloop
  endfacet
  facet normal 0.923873 0.382698 0
    outer loop
      vertex 65.4273 6.98726 63.9
      vertex 64.49 9.25 53.36
      vertex 64.49 9.25 63.9
    endloop
  endfacet
  facet normal 0.923873 0.382698 0
    outer loop
      vertex 64.49 9.25 53.36
      vertex 65.4273 6.98726 63.9
      vertex 65.4273 6.98726 53.36
    endloop
  endfacet
  facet normal 0.382704 -0.923871 0
    outer loop
      vertex 65.4273 11.5127 53.36
      vertex 67.69 12.45 63.9
      vertex 65.4273 11.5127 63.9
    endloop
  endfacet
  facet normal 0.382704 -0.923871 0
    outer loop
      vertex 67.69 12.45 63.9
      vertex 65.4273 11.5127 53.36
      vertex 67.69 12.45 53.36
    endloop
  endfacet
  facet normal -0.382704 -0.923871 0
    outer loop
      vertex 67.69 12.45 53.36
      vertex 69.9527 11.5127 63.9
      vertex 67.69 12.45 63.9
    endloop
  endfacet
  facet normal -0.382704 -0.923871 -0
    outer loop
      vertex 69.9527 11.5127 63.9
      vertex 67.69 12.45 53.36
      vertex 69.9527 11.5127 53.36
    endloop
  endfacet
  facet normal 0.923871 -0.382704 0
    outer loop
      vertex 64.49 9.25 63.9
      vertex 65.4273 11.5127 53.36
      vertex 65.4273 11.5127 63.9
    endloop
  endfacet
  facet normal 0.923871 -0.382704 0
    outer loop
      vertex 65.4273 11.5127 53.36
      vertex 64.49 9.25 63.9
      vertex 64.49 9.25 53.36
    endloop
  endfacet
  facet normal 0 0 1
    outer loop
      vertex 69.9527 11.5127 53.36
      vertex 69.9527 6.98726 53.36
      vertex 70.89 9.25 53.36
    endloop
  endfacet
  facet normal 0 0 1
    outer loop
      vertex 67.69 12.45 53.36
      vertex 69.9527 6.98726 53.36
      vertex 69.9527 11.5127 53.36
    endloop
  endfacet
  facet normal 0 0 1
    outer loop
      vertex 67.69 12.45 53.36
      vertex 67.69 6.05 53.36
      vertex 69.9527 6.98726 53.36
    endloop
  endfacet
  facet normal -0 0 1
    outer loop
      vertex 65.4273 11.5127 53.36
      vertex 67.69 6.05 53.36
      vertex 67.69 12.45 53.36
    endloop
  endfacet
  facet normal 0 0 1
    outer loop
      vertex 65.4273 11.5127 53.36
      vertex 65.4273 6.98726 53.36
      vertex 67.69 6.05 53.36
    endloop
  endfacet
  facet normal 0 -0 1
    outer loop
      vertex 65.4273 6.98726 53.36
      vertex 65.4273 11.5127 53.36
      vertex 64.49 9.25 53.36
    endloop
  endfacet
  facet normal -0.38269 0.923877 0
    outer loop
      vertex 69.9527 6.98726 53.36
      vertex 67.69 6.05 63.9
      vertex 69.9527 6.98726 63.9
    endloop
  endfacet
  facet normal -0.38269 0.923877 0
    outer loop
      vertex 67.69 6.05 63.9
      vertex 69.9527 6.98726 53.36
      vertex 67.69 6.05 53.36
    endloop
  endfacet
  facet normal 0.38269 0.923877 -0
    outer loop
      vertex 67.69 6.05 53.36
      vertex 65.4273 6.98726 63.9
      vertex 67.69 6.05 63.9
    endloop
  endfacet
  facet normal 0.38269 0.923877 0
    outer loop
      vertex 65.4273 6.98726 63.9
      vertex 67.69 6.05 53.36
      vertex 65.4273 6.98726 53.36
    endloop
  endfacet
  facet normal -0.923873 0.382698 0
    outer loop
      vertex 69.9527 6.98726 53.36
      vertex 70.89 9.25 63.9
      vertex 70.89 9.25 53.36
    endloop
  endfacet
  facet normal -0.923873 0.382698 0
    outer loop
      vertex 70.89 9.25 63.9
      vertex 69.9527 6.98726 53.36
      vertex 69.9527 6.98726 63.9
    endloop
  endfacet
  facet normal -0.923871 -0.382704 0
    outer loop
      vertex 70.89 18.25 53.36
      vertex 69.9527 20.5127 63.9
      vertex 69.9527 20.5127 53.36
    endloop
  endfacet
  facet normal -0.923871 -0.382704 0
    outer loop
      vertex 69.9527 20.5127 63.9
      vertex 70.89 18.25 53.36
      vertex 70.89 18.25 63.9
    endloop
  endfacet
  facet normal 0.923871 0.382704 0
    outer loop
      vertex 65.4273 15.9873 63.9
      vertex 64.49 18.25 53.36
      vertex 64.49 18.25 63.9
    endloop
  endfacet
  facet normal 0.923871 0.382704 0
    outer loop
      vertex 64.49 18.25 53.36
      vertex 65.4273 15.9873 63.9
      vertex 65.4273 15.9873 53.36
    endloop
  endfacet
  facet normal 0.382704 -0.923871 0
    outer loop
      vertex 65.4273 20.5127 53.36
      vertex 67.69 21.45 63.9
      vertex 65.4273 20.5127 63.9
    endloop
  endfacet
  facet normal 0.382704 -0.923871 0
    outer loop
      vertex 67.69 21.45 63.9
      vertex 65.4273 20.5127 53.36
      vertex 67.69 21.45 53.36
    endloop
  endfacet
  facet normal -0.382704 -0.923871 0
    outer loop
      vertex 67.69 21.45 53.36
      vertex 69.9527 20.5127 63.9
      vertex 67.69 21.45 63.9
    endloop
  endfacet
  facet normal -0.382704 -0.923871 -0
    outer loop
      vertex 69.9527 20.5127 63.9
      vertex 67.69 21.45 53.36
      vertex 69.9527 20.5127 53.36
    endloop
  endfacet
  facet normal 0.923871 -0.382704 0
    outer loop
      vertex 64.49 18.25 63.9
      vertex 65.4273 20.5127 53.36
      vertex 65.4273 20.5127 63.9
    endloop
  endfacet
  facet normal 0.923871 -0.382704 0
    outer loop
      vertex 65.4273 20.5127 53.36
      vertex 64.49 18.25 63.9
      vertex 64.49 18.25 53.36
    endloop
  endfacet
  facet normal 0 0 1
    outer loop
      vertex 69.9527 20.5127 53.36
      vertex 69.9527 15.9873 53.36
      vertex 70.89 18.25 53.36
    endloop
  endfacet
  facet normal 0 0 1
    outer loop
      vertex 67.69 21.45 53.36
      vertex 69.9527 15.9873 53.36
      vertex 69.9527 20.5127 53.36
    endloop
  endfacet
  facet normal 0 0 1
    outer loop
      vertex 67.69 21.45 53.36
      vertex 67.69 15.05 53.36
      vertex 69.9527 15.9873 53.36
    endloop
  endfacet
  facet normal -0 0 1
    outer loop
      vertex 65.4273 20.5127 53.36
      vertex 67.69 15.05 53.36
      vertex 67.69 21.45 53.36
    endloop
  endfacet
  facet normal 0 0 1
    outer loop
      vertex 65.4273 20.5127 53.36
      vertex 65.4273 15.9873 53.36
      vertex 67.69 15.05 53.36
    endloop
  endfacet
  facet normal 0 -0 1
    outer loop
      vertex 65.4273 15.9873 53.36
      vertex 65.4273 20.5127 53.36
      vertex 64.49 18.25 53.36
    endloop
  endfacet
  facet normal -0.382704 0.923871 0
    outer loop
      vertex 69.9527 15.9873 53.36
      vertex 67.69 15.05 63.9
      vertex 69.9527 15.9873 63.9
    endloop
  endfacet
  facet normal -0.382704 0.923871 0
    outer loop
      vertex 67.69 15.05 63.9
      vertex 69.9527 15.9873 53.36
      vertex 67.69 15.05 53.36
    endloop
  endfacet
  facet normal 0.382704 0.923871 -0
    outer loop
      vertex 67.69 15.05 53.36
      vertex 65.4273 15.9873 63.9
      vertex 67.69 15.05 63.9
    endloop
  endfacet
  facet normal 0.382704 0.923871 0
    outer loop
      vertex 65.4273 15.9873 63.9
      vertex 67.69 15.05 53.36
      vertex 65.4273 15.9873 53.36
    endloop
  endfacet
  facet normal -0.923871 0.382704 0
    outer loop
      vertex 69.9527 15.9873 53.36
      vertex 70.89 18.25 63.9
      vertex 70.89 18.25 53.36
    endloop
  endfacet
  facet normal -0.923871 0.382704 0
    outer loop
      vertex 70.89 18.25 63.9
      vertex 69.9527 15.9873 53.36
      vertex 69.9527 15.9873 63.9
    endloop
  endfacet
  facet normal -0.923871 -0.382704 0
    outer loop
      vertex 70.89 27.25 53.36
      vertex 69.9527 29.5127 63.9
      vertex 69.9527 29.5127 53.36
    endloop
  endfacet
  facet normal -0.923871 -0.382704 0
    outer loop
      vertex 69.9527 29.5127 63.9
      vertex 70.89 27.25 53.36
      vertex 70.89 27.25 63.9
    endloop
  endfacet
  facet normal 0.382704 -0.923871 0
    outer loop
      vertex 65.4273 29.5127 53.36
      vertex 67.69 30.45 63.9
      vertex 65.4273 29.5127 63.9
    endloop
  endfacet
  facet normal 0.382704 -0.923871 0
    outer loop
      vertex 67.69 30.45 63.9
      vertex 65.4273 29.5127 53.36
      vertex 67.69 30.45 53.36
    endloop
  endfacet
  facet normal -0.382704 -0.923871 0
    outer loop
      vertex 67.69 30.45 53.36
      vertex 69.9527 29.5127 63.9
      vertex 67.69 30.45 63.9
    endloop
  endfacet
  facet normal -0.382704 -0.923871 -0
    outer loop
      vertex 69.9527 29.5127 63.9
      vertex 67.69 30.45 53.36
      vertex 69.9527 29.5127 53.36
    endloop
  endfacet
  facet normal 0.923871 -0.382704 0
    outer loop
      vertex 64.49 27.25 63.9
      vertex 65.4273 29.5127 53.36
      vertex 65.4273 29.5127 63.9
    endloop
  endfacet
  facet normal 0.923871 -0.382704 0
    outer loop
      vertex 65.4273 29.5127 53.36
      vertex 64.49 27.25 63.9
      vertex 64.49 27.25 53.36
    endloop
  endfacet
  facet normal 0 0 1
    outer loop
      vertex 69.9527 29.5127 53.36
      vertex 69.9527 24.9873 53.36
      vertex 70.89 27.25 53.36
    endloop
  endfacet
  facet normal 0 0 1
    outer loop
      vertex 67.69 30.45 53.36
      vertex 69.9527 24.9873 53.36
      vertex 69.9527 29.5127 53.36
    endloop
  endfacet
  facet normal 0 0 1
    outer loop
      vertex 67.69 30.45 53.36
      vertex 67.69 24.05 53.36
      vertex 69.9527 24.9873 53.36
    endloop
  endfacet
  facet normal -0 0 1
    outer loop
      vertex 65.4273 29.5127 53.36
      vertex 67.69 24.05 53.36
      vertex 67.69 30.45 53.36
    endloop
  endfacet
  facet normal 0 0 1
    outer loop
      vertex 65.4273 29.5127 53.36
      vertex 65.4273 24.9873 53.36
      vertex 67.69 24.05 53.36
    endloop
  endfacet
  facet normal 0 -0 1
    outer loop
      vertex 65.4273 24.9873 53.36
      vertex 65.4273 29.5127 53.36
      vertex 64.49 27.25 53.36
    endloop
  endfacet
  facet normal -0.923871 0.382704 0
    outer loop
      vertex 69.9527 24.9873 53.36
      vertex 70.89 27.25 63.9
      vertex 70.89 27.25 53.36
    endloop
  endfacet
  facet normal -0.923871 0.382704 0
    outer loop
      vertex 70.89 27.25 63.9
      vertex 69.9527 24.9873 53.36
      vertex 69.9527 24.9873 63.9
    endloop
  endfacet
  facet normal 0.923871 0.382704 0
    outer loop
      vertex 65.4273 24.9873 63.9
      vertex 64.49 27.25 53.36
      vertex 64.49 27.25 63.9
    endloop
  endfacet
  facet normal 0.923871 0.382704 0
    outer loop
      vertex 64.49 27.25 53.36
      vertex 65.4273 24.9873 63.9
      vertex 65.4273 24.9873 53.36
    endloop
  endfacet
  facet normal -0.382704 0.923871 0
    outer loop
      vertex 69.9527 24.9873 53.36
      vertex 67.69 24.05 63.9
      vertex 69.9527 24.9873 63.9
    endloop
  endfacet
  facet normal -0.382704 0.923871 0
    outer loop
      vertex 67.69 24.05 63.9
      vertex 69.9527 24.9873 53.36
      vertex 67.69 24.05 53.36
    endloop
  endfacet
  facet normal 0.382704 0.923871 -0
    outer loop
      vertex 67.69 24.05 53.36
      vertex 65.4273 24.9873 63.9
      vertex 67.69 24.05 63.9
    endloop
  endfacet
  facet normal 0.382704 0.923871 0
    outer loop
      vertex 65.4273 24.9873 63.9
      vertex 67.69 24.05 53.36
      vertex 65.4273 24.9873 53.36
    endloop
  endfacet
  facet normal -0.923871 -0.382704 0
    outer loop
      vertex 70.89 36.25 53.36
      vertex 69.9527 38.5127 63.9
      vertex 69.9527 38.5127 53.36
    endloop
  endfacet
  facet normal -0.923871 -0.382704 0
    outer loop
      vertex 69.9527 38.5127 63.9
      vertex 70.89 36.25 53.36
      vertex 70.89 36.25 63.9
    endloop
  endfacet
  facet normal 0.382704 -0.923871 0
    outer loop
      vertex 65.4273 38.5127 53.36
      vertex 67.69 39.45 63.9
      vertex 65.4273 38.5127 63.9
    endloop
  endfacet
  facet normal 0.382704 -0.923871 0
    outer loop
      vertex 67.69 39.45 63.9
      vertex 65.4273 38.5127 53.36
      vertex 67.69 39.45 53.36
    endloop
  endfacet
  facet normal -0.382704 -0.923871 0
    outer loop
      vertex 67.69 39.45 53.36
      vertex 69.9527 38.5127 63.9
      vertex 67.69 39.45 63.9
    endloop
  endfacet
  facet normal -0.382704 -0.923871 -0
    outer loop
      vertex 69.9527 38.5127 63.9
      vertex 67.69 39.45 53.36
      vertex 69.9527 38.5127 53.36
    endloop
  endfacet
  facet normal 0.923871 -0.382704 0
    outer loop
      vertex 64.49 36.25 63.9
      vertex 65.4273 38.5127 53.36
      vertex 65.4273 38.5127 63.9
    endloop
  endfacet
  facet normal 0.923871 -0.382704 0
    outer loop
      vertex 65.4273 38.5127 53.36
      vertex 64.49 36.25 63.9
      vertex 64.49 36.25 53.36
    endloop
  endfacet
  facet normal 0 0 1
    outer loop
      vertex 69.9527 38.5127 53.36
      vertex 69.9527 33.9873 53.36
      vertex 70.89 36.25 53.36
    endloop
  endfacet
  facet normal 0 0 1
    outer loop
      vertex 67.69 39.45 53.36
      vertex 69.9527 33.9873 53.36
      vertex 69.9527 38.5127 53.36
    endloop
  endfacet
  facet normal 0 0 1
    outer loop
      vertex 67.69 39.45 53.36
      vertex 67.69 33.05 53.36
      vertex 69.9527 33.9873 53.36
    endloop
  endfacet
  facet normal -0 0 1
    outer loop
      vertex 65.4273 38.5127 53.36
      vertex 67.69 33.05 53.36
      vertex 67.69 39.45 53.36
    endloop
  endfacet
  facet normal 0 0 1
    outer loop
      vertex 65.4273 38.5127 53.36
      vertex 65.4273 33.9873 53.36
      vertex 67.69 33.05 53.36
    endloop
  endfacet
  facet normal 0 -0 1
    outer loop
      vertex 65.4273 33.9873 53.36
      vertex 65.4273 38.5127 53.36
      vertex 64.49 36.25 53.36
    endloop
  endfacet
  facet normal -0.923871 0.382704 0
    outer loop
      vertex 69.9527 33.9873 53.36
      vertex 70.89 36.25 63.9
      vertex 70.89 36.25 53.36
    endloop
  endfacet
  facet normal -0.923871 0.382704 0
    outer loop
      vertex 70.89 36.25 63.9
      vertex 69.9527 33.9873 53.36
      vertex 69.9527 33.9873 63.9
    endloop
  endfacet
  facet normal 0.923871 0.382704 0
    outer loop
      vertex 65.4273 33.9873 63.9
      vertex 64.49 36.25 53.36
      vertex 64.49 36.25 63.9
    endloop
  endfacet
  facet normal 0.923871 0.382704 0
    outer loop
      vertex 64.49 36.25 53.36
      vertex 65.4273 33.9873 63.9
      vertex 65.4273 33.9873 53.36
    endloop
  endfacet
  facet normal -0.382704 0.923871 0
    outer loop
      vertex 69.9527 33.9873 53.36
      vertex 67.69 33.05 63.9
      vertex 69.9527 33.9873 63.9
    endloop
  endfacet
  facet normal -0.382704 0.923871 0
    outer loop
      vertex 67.69 33.05 63.9
      vertex 69.9527 33.9873 53.36
      vertex 67.69 33.05 53.36
    endloop
  endfacet
  facet normal 0.382704 0.923871 -0
    outer loop
      vertex 67.69 33.05 53.36
      vertex 65.4273 33.9873 63.9
      vertex 67.69 33.05 63.9
    endloop
  endfacet
  facet normal 0.382704 0.923871 0
    outer loop
      vertex 65.4273 33.9873 63.9
      vertex 67.69 33.05 53.36
      vertex 65.4273 33.9873 53.36
    endloop
  endfacet
  facet normal -0.923871 -0.382704 0
    outer loop
      vertex 70.89 45.25 53.36
      vertex 69.9527 47.5127 63.9
      vertex 69.9527 47.5127 53.36
    endloop
  endfacet
  facet normal -0.923871 -0.382704 0
    outer loop
      vertex 69.9527 47.5127 63.9
      vertex 70.89 45.25 53.36
      vertex 70.89 45.25 63.9
    endloop
  endfacet
  facet normal 0.923871 0.382704 0
    outer loop
      vertex 65.4273 42.9873 63.9
      vertex 64.49 45.25 53.36
      vertex 64.49 45.25 63.9
    endloop
  endfacet
  facet normal 0.923871 0.382704 0
    outer loop
      vertex 64.49 45.25 53.36
      vertex 65.4273 42.9873 63.9
      vertex 65.4273 42.9873 53.36
    endloop
  endfacet
  facet normal 0.382704 -0.923871 0
    outer loop
      vertex 65.4273 47.5127 53.36
      vertex 67.69 48.45 63.9
      vertex 65.4273 47.5127 63.9
    endloop
  endfacet
  facet normal 0.382704 -0.923871 0
    outer loop
      vertex 67.69 48.45 63.9
      vertex 65.4273 47.5127 53.36
      vertex 67.69 48.45 53.36
    endloop
  endfacet
  facet normal -0.382704 -0.923871 0
    outer loop
      vertex 67.69 48.45 53.36
      vertex 69.9527 47.5127 63.9
      vertex 67.69 48.45 63.9
    endloop
  endfacet
  facet normal -0.382704 -0.923871 -0
    outer loop
      vertex 69.9527 47.5127 63.9
      vertex 67.69 48.45 53.36
      vertex 69.9527 47.5127 53.36
    endloop
  endfacet
  facet normal 0.923871 -0.382704 0
    outer loop
      vertex 64.49 45.25 63.9
      vertex 65.4273 47.5127 53.36
      vertex 65.4273 47.5127 63.9
    endloop
  endfacet
  facet normal 0.923871 -0.382704 0
    outer loop
      vertex 65.4273 47.5127 53.36
      vertex 64.49 45.25 63.9
      vertex 64.49 45.25 53.36
    endloop
  endfacet
  facet normal 0 0 1
    outer loop
      vertex 69.9527 47.5127 53.36
      vertex 69.9527 42.9873 53.36
      vertex 70.89 45.25 53.36
    endloop
  endfacet
  facet normal 0 0 1
    outer loop
      vertex 67.69 48.45 53.36
      vertex 69.9527 42.9873 53.36
      vertex 69.9527 47.5127 53.36
    endloop
  endfacet
  facet normal 0 0 1
    outer loop
      vertex 67.69 48.45 53.36
      vertex 67.69 42.05 53.36
      vertex 69.9527 42.9873 53.36
    endloop
  endfacet
  facet normal -0 0 1
    outer loop
      vertex 65.4273 47.5127 53.36
      vertex 67.69 42.05 53.36
      vertex 67.69 48.45 53.36
    endloop
  endfacet
  facet normal 0 0 1
    outer loop
      vertex 65.4273 47.5127 53.36
      vertex 65.4273 42.9873 53.36
      vertex 67.69 42.05 53.36
    endloop
  endfacet
  facet normal 0 -0 1
    outer loop
      vertex 65.4273 42.9873 53.36
      vertex 65.4273 47.5127 53.36
      vertex 64.49 45.25 53.36
    endloop
  endfacet
  facet normal -0.923871 0.382704 0
    outer loop
      vertex 69.9527 42.9873 53.36
      vertex 70.89 45.25 63.9
      vertex 70.89 45.25 53.36
    endloop
  endfacet
  facet normal -0.923871 0.382704 0
    outer loop
      vertex 70.89 45.25 63.9
      vertex 69.9527 42.9873 53.36
      vertex 69.9527 42.9873 63.9
    endloop
  endfacet
  facet normal -0.382704 0.923871 0
    outer loop
      vertex 69.9527 42.9873 53.36
      vertex 67.69 42.05 63.9
      vertex 69.9527 42.9873 63.9
    endloop
  endfacet
  facet normal -0.382704 0.923871 0
    outer loop
      vertex 67.69 42.05 63.9
      vertex 69.9527 42.9873 53.36
      vertex 67.69 42.05 53.36
    endloop
  endfacet
  facet normal 0.382704 0.923871 -0
    outer loop
      vertex 67.69 42.05 53.36
      vertex 65.4273 42.9873 63.9
      vertex 67.69 42.05 63.9
    endloop
  endfacet
  facet normal 0.382704 0.923871 0
    outer loop
      vertex 65.4273 42.9873 63.9
      vertex 67.69 42.05 53.36
      vertex 65.4273 42.9873 53.36
    endloop
  endfacet
  facet normal -0.923871 -0.382704 0
    outer loop
      vertex 70.89 54.25 53.36
      vertex 69.9527 56.5127 63.9
      vertex 69.9527 56.5127 53.36
    endloop
  endfacet
  facet normal -0.923871 -0.382704 0
    outer loop
      vertex 69.9527 56.5127 63.9
      vertex 70.89 54.25 53.36
      vertex 70.89 54.25 63.9
    endloop
  endfacet
  facet normal 0.382704 0.923871 -0
    outer loop
      vertex 67.69 51.05 53.36
      vertex 65.4273 51.9873 63.9
      vertex 67.69 51.05 63.9
    endloop
  endfacet
  facet normal 0.382704 0.923871 0
    outer loop
      vertex 65.4273 51.9873 63.9
      vertex 67.69 51.05 53.36
      vertex 65.4273 51.9873 53.36
    endloop
  endfacet
  facet normal 0.382704 -0.923871 0
    outer loop
      vertex 65.4273 56.5127 53.36
      vertex 67.69 57.45 63.9
      vertex 65.4273 56.5127 63.9
    endloop
  endfacet
  facet normal 0.382704 -0.923871 0
    outer loop
      vertex 67.69 57.45 63.9
      vertex 65.4273 56.5127 53.36
      vertex 67.69 57.45 53.36
    endloop
  endfacet
  facet normal -0.382704 -0.923871 0
    outer loop
      vertex 67.69 57.45 53.36
      vertex 69.9527 56.5127 63.9
      vertex 67.69 57.45 63.9
    endloop
  endfacet
  facet normal -0.382704 -0.923871 -0
    outer loop
      vertex 69.9527 56.5127 63.9
      vertex 67.69 57.45 53.36
      vertex 69.9527 56.5127 53.36
    endloop
  endfacet
  facet normal 0.923871 -0.382704 0
    outer loop
      vertex 64.49 54.25 63.9
      vertex 65.4273 56.5127 53.36
      vertex 65.4273 56.5127 63.9
    endloop
  endfacet
  facet normal 0.923871 -0.382704 0
    outer loop
      vertex 65.4273 56.5127 53.36
      vertex 64.49 54.25 63.9
      vertex 64.49 54.25 53.36
    endloop
  endfacet
  facet normal 0 0 1
    outer loop
      vertex 69.9527 56.5127 53.36
      vertex 69.9527 51.9873 53.36
      vertex 70.89 54.25 53.36
    endloop
  endfacet
  facet normal 0 0 1
    outer loop
      vertex 67.69 57.45 53.36
      vertex 69.9527 51.9873 53.36
      vertex 69.9527 56.5127 53.36
    endloop
  endfacet
  facet normal 0 0 1
    outer loop
      vertex 67.69 57.45 53.36
      vertex 67.69 51.05 53.36
      vertex 69.9527 51.9873 53.36
    endloop
  endfacet
  facet normal -0 0 1
    outer loop
      vertex 65.4273 56.5127 53.36
      vertex 67.69 51.05 53.36
      vertex 67.69 57.45 53.36
    endloop
  endfacet
  facet normal 0 0 1
    outer loop
      vertex 65.4273 56.5127 53.36
      vertex 65.4273 51.9873 53.36
      vertex 67.69 51.05 53.36
    endloop
  endfacet
  facet normal 0 -0 1
    outer loop
      vertex 65.4273 51.9873 53.36
      vertex 65.4273 56.5127 53.36
      vertex 64.49 54.25 53.36
    endloop
  endfacet
  facet normal 0.923871 0.382704 0
    outer loop
      vertex 65.4273 51.9873 63.9
      vertex 64.49 54.25 53.36
      vertex 64.49 54.25 63.9
    endloop
  endfacet
  facet normal 0.923871 0.382704 0
    outer loop
      vertex 64.49 54.25 53.36
      vertex 65.4273 51.9873 63.9
      vertex 65.4273 51.9873 53.36
    endloop
  endfacet
  facet normal -0.382704 0.923871 0
    outer loop
      vertex 69.9527 51.9873 53.36
      vertex 67.69 51.05 63.9
      vertex 69.9527 51.9873 63.9
    endloop
  endfacet
  facet normal -0.382704 0.923871 0
    outer loop
      vertex 67.69 51.05 63.9
      vertex 69.9527 51.9873 53.36
      vertex 67.69 51.05 53.36
    endloop
  endfacet
  facet normal -0.923871 0.382704 0
    outer loop
      vertex 69.9527 51.9873 53.36
      vertex 70.89 54.25 63.9
      vertex 70.89 54.25 53.36
    endloop
  endfacet
  facet normal -0.923871 0.382704 0
    outer loop
      vertex 70.89 54.25 63.9
      vertex 69.9527 51.9873 53.36
      vertex 69.9527 51.9873 63.9
    endloop
  endfacet
  facet normal -0.923871 -0.382704 0
    outer loop
      vertex 70.89 63.25 53.36
      vertex 69.9527 65.5127 63.9
      vertex 69.9527 65.5127 53.36
    endloop
  endfacet
  facet normal -0.923871 -0.382704 0
    outer loop
      vertex 69.9527 65.5127 63.9
      vertex 70.89 63.25 53.36
      vertex 70.89 63.25 63.9
    endloop
  endfacet
  facet normal 0.923871 0.382704 0
    outer loop
      vertex 65.4273 60.9873 63.9
      vertex 64.49 63.25 53.36
      vertex 64.49 63.25 63.9
    endloop
  endfacet
  facet normal 0.923871 0.382704 0
    outer loop
      vertex 64.49 63.25 53.36
      vertex 65.4273 60.9873 63.9
      vertex 65.4273 60.9873 53.36
    endloop
  endfacet
  facet normal 0.382704 -0.923871 0
    outer loop
      vertex 65.4273 65.5127 53.36
      vertex 67.69 66.45 63.9
      vertex 65.4273 65.5127 63.9
    endloop
  endfacet
  facet normal 0.382704 -0.923871 0
    outer loop
      vertex 67.69 66.45 63.9
      vertex 65.4273 65.5127 53.36
      vertex 67.69 66.45 53.36
    endloop
  endfacet
  facet normal -0.382704 -0.923871 0
    outer loop
      vertex 67.69 66.45 53.36
      vertex 69.9527 65.5127 63.9
      vertex 67.69 66.45 63.9
    endloop
  endfacet
  facet normal -0.382704 -0.923871 -0
    outer loop
      vertex 69.9527 65.5127 63.9
      vertex 67.69 66.45 53.36
      vertex 69.9527 65.5127 53.36
    endloop
  endfacet
  facet normal 0.923871 -0.382704 0
    outer loop
      vertex 64.49 63.25 63.9
      vertex 65.4273 65.5127 53.36
      vertex 65.4273 65.5127 63.9
    endloop
  endfacet
  facet normal 0.923871 -0.382704 0
    outer loop
      vertex 65.4273 65.5127 53.36
      vertex 64.49 63.25 63.9
      vertex 64.49 63.25 53.36
    endloop
  endfacet
  facet normal 0 0 1
    outer loop
      vertex 69.9527 65.5127 53.36
      vertex 69.9527 60.9873 53.36
      vertex 70.89 63.25 53.36
    endloop
  endfacet
  facet normal 0 0 1
    outer loop
      vertex 67.69 66.45 53.36
      vertex 69.9527 60.9873 53.36
      vertex 69.9527 65.5127 53.36
    endloop
  endfacet
  facet normal 0 0 1
    outer loop
      vertex 67.69 66.45 53.36
      vertex 67.69 60.05 53.36
      vertex 69.9527 60.9873 53.36
    endloop
  endfacet
  facet normal -0 0 1
    outer loop
      vertex 65.4273 65.5127 53.36
      vertex 67.69 60.05 53.36
      vertex 67.69 66.45 53.36
    endloop
  endfacet
  facet normal 0 0 1
    outer loop
      vertex 65.4273 65.5127 53.36
      vertex 65.4273 60.9873 53.36
      vertex 67.69 60.05 53.36
    endloop
  endfacet
  facet normal 0 -0 1
    outer loop
      vertex 65.4273 60.9873 53.36
      vertex 65.4273 65.5127 53.36
      vertex 64.49 63.25 53.36
    endloop
  endfacet
  facet normal -0.923871 0.382704 0
    outer loop
      vertex 69.9527 60.9873 53.36
      vertex 70.89 63.25 63.9
      vertex 70.89 63.25 53.36
    endloop
  endfacet
  facet normal -0.923871 0.382704 0
    outer loop
      vertex 70.89 63.25 63.9
      vertex 69.9527 60.9873 53.36
      vertex 69.9527 60.9873 63.9
    endloop
  endfacet
  facet normal -0.382704 0.923871 0
    outer loop
      vertex 69.9527 60.9873 53.36
      vertex 67.69 60.05 63.9
      vertex 69.9527 60.9873 63.9
    endloop
  endfacet
  facet normal -0.382704 0.923871 0
    outer loop
      vertex 67.69 60.05 63.9
      vertex 69.9527 60.9873 53.36
      vertex 67.69 60.05 53.36
    endloop
  endfacet
  facet normal 0.382704 0.923871 -0
    outer loop
      vertex 67.69 60.05 53.36
      vertex 65.4273 60.9873 63.9
      vertex 67.69 60.05 63.9
    endloop
  endfacet
  facet normal 0.382704 0.923871 0
    outer loop
      vertex 65.4273 60.9873 63.9
      vertex 67.69 60.05 53.36
      vertex 65.4273 60.9873 53.36
    endloop
  endfacet
  facet normal -0.923871 -0.382704 0
    outer loop
      vertex 70.89 72.25 53.36
      vertex 69.9527 74.5127 63.9
      vertex 69.9527 74.5127 53.36
    endloop
  endfacet
  facet normal -0.923871 -0.382704 0
    outer loop
      vertex 69.9527 74.5127 63.9
      vertex 70.89 72.25 53.36
      vertex 70.89 72.25 63.9
    endloop
  endfacet
  facet normal 0.382704 0.923871 -0
    outer loop
      vertex 67.69 69.05 53.36
      vertex 65.4273 69.9873 63.9
      vertex 67.69 69.05 63.9
    endloop
  endfacet
  facet normal 0.382704 0.923871 0
    outer loop
      vertex 65.4273 69.9873 63.9
      vertex 67.69 69.05 53.36
      vertex 65.4273 69.9873 53.36
    endloop
  endfacet
  facet normal 0.382704 -0.923871 0
    outer loop
      vertex 65.4273 74.5127 53.36
      vertex 67.69 75.45 63.9
      vertex 65.4273 74.5127 63.9
    endloop
  endfacet
  facet normal 0.382704 -0.923871 0
    outer loop
      vertex 67.69 75.45 63.9
      vertex 65.4273 74.5127 53.36
      vertex 67.69 75.45 53.36
    endloop
  endfacet
  facet normal -0.382704 -0.923871 0
    outer loop
      vertex 67.69 75.45 53.36
      vertex 69.9527 74.5127 63.9
      vertex 67.69 75.45 63.9
    endloop
  endfacet
  facet normal -0.382704 -0.923871 -0
    outer loop
      vertex 69.9527 74.5127 63.9
      vertex 67.69 75.45 53.36
      vertex 69.9527 74.5127 53.36
    endloop
  endfacet
  facet normal 0.923871 -0.382704 0
    outer loop
      vertex 64.49 72.25 63.9
      vertex 65.4273 74.5127 53.36
      vertex 65.4273 74.5127 63.9
    endloop
  endfacet
  facet normal 0.923871 -0.382704 0
    outer loop
      vertex 65.4273 74.5127 53.36
      vertex 64.49 72.25 63.9
      vertex 64.49 72.25 53.36
    endloop
  endfacet
  facet normal 0 0 1
    outer loop
      vertex 69.9527 74.5127 53.36
      vertex 69.9527 69.9873 53.36
      vertex 70.89 72.25 53.36
    endloop
  endfacet
  facet normal 0 0 1
    outer loop
      vertex 67.69 75.45 53.36
      vertex 69.9527 69.9873 53.36
      vertex 69.9527 74.5127 53.36
    endloop
  endfacet
  facet normal 0 0 1
    outer loop
      vertex 67.69 75.45 53.36
      vertex 67.69 69.05 53.36
      vertex 69.9527 69.9873 53.36
    endloop
  endfacet
  facet normal -0 0 1
    outer loop
      vertex 65.4273 74.5127 53.36
      vertex 67.69 69.05 53.36
      vertex 67.69 75.45 53.36
    endloop
  endfacet
  facet normal 0 0 1
    outer loop
      vertex 65.4273 74.5127 53.36
      vertex 65.4273 69.9873 53.36
      vertex 67.69 69.05 53.36
    endloop
  endfacet
  facet normal 0 -0 1
    outer loop
      vertex 65.4273 69.9873 53.36
      vertex 65.4273 74.5127 53.36
      vertex 64.49 72.25 53.36
    endloop
  endfacet
  facet normal -0.923871 0.382704 0
    outer loop
      vertex 69.9527 69.9873 53.36
      vertex 70.89 72.25 63.9
      vertex 70.89 72.25 53.36
    endloop
  endfacet
  facet normal -0.923871 0.382704 0
    outer loop
      vertex 70.89 72.25 63.9
      vertex 69.9527 69.9873 53.36
      vertex 69.9527 69.9873 63.9
    endloop
  endfacet
  facet normal 0.923871 0.382704 0
    outer loop
      vertex 65.4273 69.9873 63.9
      vertex 64.49 72.25 53.36
      vertex 64.49 72.25 63.9
    endloop
  endfacet
  facet normal 0.923871 0.382704 0
    outer loop
      vertex 64.49 72.25 53.36
      vertex 65.4273 69.9873 63.9
      vertex 65.4273 69.9873 53.36
    endloop
  endfacet
  facet normal -0.382704 0.923871 0
    outer loop
      vertex 69.9527 69.9873 53.36
      vertex 67.69 69.05 63.9
      vertex 69.9527 69.9873 63.9
    endloop
  endfacet
  facet normal -0.382704 0.923871 0
    outer loop
      vertex 67.69 69.05 63.9
      vertex 69.9527 69.9873 53.36
      vertex 67.69 69.05 53.36
    endloop
  endfacet
  facet normal -0.923871 -0.382704 0
    outer loop
      vertex 79.89 9.25 53.36
      vertex 78.9527 11.5127 63.9
      vertex 78.9527 11.5127 53.36
    endloop
  endfacet
  facet normal -0.923871 -0.382704 0
    outer loop
      vertex 78.9527 11.5127 63.9
      vertex 79.89 9.25 53.36
      vertex 79.89 9.25 63.9
    endloop
  endfacet
  facet normal 0.923873 0.382698 0
    outer loop
      vertex 74.4273 6.98726 63.9
      vertex 73.49 9.25 53.36
      vertex 73.49 9.25 63.9
    endloop
  endfacet
  facet normal 0.923873 0.382698 0
    outer loop
      vertex 73.49 9.25 53.36
      vertex 74.4273 6.98726 63.9
      vertex 74.4273 6.98726 53.36
    endloop
  endfacet
  facet normal 0.382704 -0.923871 0
    outer loop
      vertex 74.4273 11.5127 53.36
      vertex 76.69 12.45 63.9
      vertex 74.4273 11.5127 63.9
    endloop
  endfacet
  facet normal 0.382704 -0.923871 0
    outer loop
      vertex 76.69 12.45 63.9
      vertex 74.4273 11.5127 53.36
      vertex 76.69 12.45 53.36
    endloop
  endfacet
  facet normal -0.382704 -0.923871 0
    outer loop
      vertex 76.69 12.45 53.36
      vertex 78.9527 11.5127 63.9
      vertex 76.69 12.45 63.9
    endloop
  endfacet
  facet normal -0.382704 -0.923871 -0
    outer loop
      vertex 78.9527 11.5127 63.9
      vertex 76.69 12.45 53.36
      vertex 78.9527 11.5127 53.36
    endloop
  endfacet
  facet normal 0.923871 -0.382704 0
    outer loop
      vertex 73.49 9.25 63.9
      vertex 74.4273 11.5127 53.36
      vertex 74.4273 11.5127 63.9
    endloop
  endfacet
  facet normal 0.923871 -0.382704 0
    outer loop
      vertex 74.4273 11.5127 53.36
      vertex 73.49 9.25 63.9
      vertex 73.49 9.25 53.36
    endloop
  endfacet
  facet normal 0 0 1
    outer loop
      vertex 78.9527 11.5127 53.36
      vertex 78.9527 6.98726 53.36
      vertex 79.89 9.25 53.36
    endloop
  endfacet
  facet normal 0 0 1
    outer loop
      vertex 76.69 12.45 53.36
      vertex 78.9527 6.98726 53.36
      vertex 78.9527 11.5127 53.36
    endloop
  endfacet
  facet normal 0 0 1
    outer loop
      vertex 76.69 12.45 53.36
      vertex 76.69 6.05 53.36
      vertex 78.9527 6.98726 53.36
    endloop
  endfacet
  facet normal -0 0 1
    outer loop
      vertex 74.4273 11.5127 53.36
      vertex 76.69 6.05 53.36
      vertex 76.69 12.45 53.36
    endloop
  endfacet
  facet normal 0 0 1
    outer loop
      vertex 74.4273 11.5127 53.36
      vertex 74.4273 6.98726 53.36
      vertex 76.69 6.05 53.36
    endloop
  endfacet
  facet normal 0 -0 1
    outer loop
      vertex 74.4273 6.98726 53.36
      vertex 74.4273 11.5127 53.36
      vertex 73.49 9.25 53.36
    endloop
  endfacet
  facet normal -0.923873 0.382698 0
    outer loop
      vertex 78.9527 6.98726 53.36
      vertex 79.89 9.25 63.9
      vertex 79.89 9.25 53.36
    endloop
  endfacet
  facet normal -0.923873 0.382698 0
    outer loop
      vertex 79.89 9.25 63.9
      vertex 78.9527 6.98726 53.36
      vertex 78.9527 6.98726 63.9
    endloop
  endfacet
  facet normal -0.38269 0.923877 0
    outer loop
      vertex 78.9527 6.98726 53.36
      vertex 76.69 6.05 63.9
      vertex 78.9527 6.98726 63.9
    endloop
  endfacet
  facet normal -0.38269 0.923877 0
    outer loop
      vertex 76.69 6.05 63.9
      vertex 78.9527 6.98726 53.36
      vertex 76.69 6.05 53.36
    endloop
  endfacet
  facet normal 0.38269 0.923877 -0
    outer loop
      vertex 76.69 6.05 53.36
      vertex 74.4273 6.98726 63.9
      vertex 76.69 6.05 63.9
    endloop
  endfacet
  facet normal 0.38269 0.923877 0
    outer loop
      vertex 74.4273 6.98726 63.9
      vertex 76.69 6.05 53.36
      vertex 74.4273 6.98726 53.36
    endloop
  endfacet
  facet normal -0.923871 -0.382704 0
    outer loop
      vertex 79.89 18.25 53.36
      vertex 78.9527 20.5127 63.9
      vertex 78.9527 20.5127 53.36
    endloop
  endfacet
  facet normal -0.923871 -0.382704 0
    outer loop
      vertex 78.9527 20.5127 63.9
      vertex 79.89 18.25 53.36
      vertex 79.89 18.25 63.9
    endloop
  endfacet
  facet normal 0.382704 -0.923871 0
    outer loop
      vertex 74.4273 20.5127 53.36
      vertex 76.69 21.45 63.9
      vertex 74.4273 20.5127 63.9
    endloop
  endfacet
  facet normal 0.382704 -0.923871 0
    outer loop
      vertex 76.69 21.45 63.9
      vertex 74.4273 20.5127 53.36
      vertex 76.69 21.45 53.36
    endloop
  endfacet
  facet normal -0.382704 -0.923871 0
    outer loop
      vertex 76.69 21.45 53.36
      vertex 78.9527 20.5127 63.9
      vertex 76.69 21.45 63.9
    endloop
  endfacet
  facet normal -0.382704 -0.923871 -0
    outer loop
      vertex 78.9527 20.5127 63.9
      vertex 76.69 21.45 53.36
      vertex 78.9527 20.5127 53.36
    endloop
  endfacet
  facet normal 0.923871 -0.382704 0
    outer loop
      vertex 73.49 18.25 63.9
      vertex 74.4273 20.5127 53.36
      vertex 74.4273 20.5127 63.9
    endloop
  endfacet
  facet normal 0.923871 -0.382704 0
    outer loop
      vertex 74.4273 20.5127 53.36
      vertex 73.49 18.25 63.9
      vertex 73.49 18.25 53.36
    endloop
  endfacet
  facet normal 0 0 1
    outer loop
      vertex 78.9527 20.5127 53.36
      vertex 78.9527 15.9873 53.36
      vertex 79.89 18.25 53.36
    endloop
  endfacet
  facet normal 0 0 1
    outer loop
      vertex 76.69 21.45 53.36
      vertex 78.9527 15.9873 53.36
      vertex 78.9527 20.5127 53.36
    endloop
  endfacet
  facet normal 0 0 1
    outer loop
      vertex 76.69 21.45 53.36
      vertex 76.69 15.05 53.36
      vertex 78.9527 15.9873 53.36
    endloop
  endfacet
  facet normal -0 0 1
    outer loop
      vertex 74.4273 20.5127 53.36
      vertex 76.69 15.05 53.36
      vertex 76.69 21.45 53.36
    endloop
  endfacet
  facet normal 0 0 1
    outer loop
      vertex 74.4273 20.5127 53.36
      vertex 74.4273 15.9873 53.36
      vertex 76.69 15.05 53.36
    endloop
  endfacet
  facet normal 0 -0 1
    outer loop
      vertex 74.4273 15.9873 53.36
      vertex 74.4273 20.5127 53.36
      vertex 73.49 18.25 53.36
    endloop
  endfacet
  facet normal -0.923871 0.382704 0
    outer loop
      vertex 78.9527 15.9873 53.36
      vertex 79.89 18.25 63.9
      vertex 79.89 18.25 53.36
    endloop
  endfacet
  facet normal -0.923871 0.382704 0
    outer loop
      vertex 79.89 18.25 63.9
      vertex 78.9527 15.9873 53.36
      vertex 78.9527 15.9873 63.9
    endloop
  endfacet
  facet normal 0.923871 0.382704 0
    outer loop
      vertex 74.4273 15.9873 63.9
      vertex 73.49 18.25 53.36
      vertex 73.49 18.25 63.9
    endloop
  endfacet
  facet normal 0.923871 0.382704 0
    outer loop
      vertex 73.49 18.25 53.36
      vertex 74.4273 15.9873 63.9
      vertex 74.4273 15.9873 53.36
    endloop
  endfacet
  facet normal -0.382704 0.923871 0
    outer loop
      vertex 78.9527 15.9873 53.36
      vertex 76.69 15.05 63.9
      vertex 78.9527 15.9873 63.9
    endloop
  endfacet
  facet normal -0.382704 0.923871 0
    outer loop
      vertex 76.69 15.05 63.9
      vertex 78.9527 15.9873 53.36
      vertex 76.69 15.05 53.36
    endloop
  endfacet
  facet normal 0.382704 0.923871 -0
    outer loop
      vertex 76.69 15.05 53.36
      vertex 74.4273 15.9873 63.9
      vertex 76.69 15.05 63.9
    endloop
  endfacet
  facet normal 0.382704 0.923871 0
    outer loop
      vertex 74.4273 15.9873 63.9
      vertex 76.69 15.05 53.36
      vertex 74.4273 15.9873 53.36
    endloop
  endfacet
  facet normal -0.923871 -0.382704 0
    outer loop
      vertex 79.89 27.25 53.36
      vertex 78.9527 29.5127 63.9
      vertex 78.9527 29.5127 53.36
    endloop
  endfacet
  facet normal -0.923871 -0.382704 0
    outer loop
      vertex 78.9527 29.5127 63.9
      vertex 79.89 27.25 53.36
      vertex 79.89 27.25 63.9
    endloop
  endfacet
  facet normal 0.923871 0.382704 0
    outer loop
      vertex 74.4273 24.9873 63.9
      vertex 73.49 27.25 53.36
      vertex 73.49 27.25 63.9
    endloop
  endfacet
  facet normal 0.923871 0.382704 0
    outer loop
      vertex 73.49 27.25 53.36
      vertex 74.4273 24.9873 63.9
      vertex 74.4273 24.9873 53.36
    endloop
  endfacet
  facet normal 0.382704 -0.923871 0
    outer loop
      vertex 74.4273 29.5127 53.36
      vertex 76.69 30.45 63.9
      vertex 74.4273 29.5127 63.9
    endloop
  endfacet
  facet normal 0.382704 -0.923871 0
    outer loop
      vertex 76.69 30.45 63.9
      vertex 74.4273 29.5127 53.36
      vertex 76.69 30.45 53.36
    endloop
  endfacet
  facet normal -0.382704 -0.923871 0
    outer loop
      vertex 76.69 30.45 53.36
      vertex 78.9527 29.5127 63.9
      vertex 76.69 30.45 63.9
    endloop
  endfacet
  facet normal -0.382704 -0.923871 -0
    outer loop
      vertex 78.9527 29.5127 63.9
      vertex 76.69 30.45 53.36
      vertex 78.9527 29.5127 53.36
    endloop
  endfacet
  facet normal 0.923871 -0.382704 0
    outer loop
      vertex 73.49 27.25 63.9
      vertex 74.4273 29.5127 53.36
      vertex 74.4273 29.5127 63.9
    endloop
  endfacet
  facet normal 0.923871 -0.382704 0
    outer loop
      vertex 74.4273 29.5127 53.36
      vertex 73.49 27.25 63.9
      vertex 73.49 27.25 53.36
    endloop
  endfacet
  facet normal 0 0 1
    outer loop
      vertex 78.9527 29.5127 53.36
      vertex 78.9527 24.9873 53.36
      vertex 79.89 27.25 53.36
    endloop
  endfacet
  facet normal 0 0 1
    outer loop
      vertex 76.69 30.45 53.36
      vertex 78.9527 24.9873 53.36
      vertex 78.9527 29.5127 53.36
    endloop
  endfacet
  facet normal 0 0 1
    outer loop
      vertex 76.69 30.45 53.36
      vertex 76.69 24.05 53.36
      vertex 78.9527 24.9873 53.36
    endloop
  endfacet
  facet normal -0 0 1
    outer loop
      vertex 74.4273 29.5127 53.36
      vertex 76.69 24.05 53.36
      vertex 76.69 30.45 53.36
    endloop
  endfacet
  facet normal 0 0 1
    outer loop
      vertex 74.4273 29.5127 53.36
      vertex 74.4273 24.9873 53.36
      vertex 76.69 24.05 53.36
    endloop
  endfacet
  facet normal 0 -0 1
    outer loop
      vertex 74.4273 24.9873 53.36
      vertex 74.4273 29.5127 53.36
      vertex 73.49 27.25 53.36
    endloop
  endfacet
  facet normal -0.923871 0.382704 0
    outer loop
      vertex 78.9527 24.9873 53.36
      vertex 79.89 27.25 63.9
      vertex 79.89 27.25 53.36
    endloop
  endfacet
  facet normal -0.923871 0.382704 0
    outer loop
      vertex 79.89 27.25 63.9
      vertex 78.9527 24.9873 53.36
      vertex 78.9527 24.9873 63.9
    endloop
  endfacet
  facet normal -0.382704 0.923871 0
    outer loop
      vertex 78.9527 24.9873 53.36
      vertex 76.69 24.05 63.9
      vertex 78.9527 24.9873 63.9
    endloop
  endfacet
  facet normal -0.382704 0.923871 0
    outer loop
      vertex 76.69 24.05 63.9
      vertex 78.9527 24.9873 53.36
      vertex 76.69 24.05 53.36
    endloop
  endfacet
  facet normal 0.382704 0.923871 -0
    outer loop
      vertex 76.69 24.05 53.36
      vertex 74.4273 24.9873 63.9
      vertex 76.69 24.05 63.9
    endloop
  endfacet
  facet normal 0.382704 0.923871 0
    outer loop
      vertex 74.4273 24.9873 63.9
      vertex 76.69 24.05 53.36
      vertex 74.4273 24.9873 53.36
    endloop
  endfacet
  facet normal -0.923871 -0.382704 0
    outer loop
      vertex 79.89 36.25 53.36
      vertex 78.9527 38.5127 63.9
      vertex 78.9527 38.5127 53.36
    endloop
  endfacet
  facet normal -0.923871 -0.382704 0
    outer loop
      vertex 78.9527 38.5127 63.9
      vertex 79.89 36.25 53.36
      vertex 79.89 36.25 63.9
    endloop
  endfacet
  facet normal 0.923871 0.382704 0
    outer loop
      vertex 74.4273 33.9873 63.9
      vertex 73.49 36.25 53.36
      vertex 73.49 36.25 63.9
    endloop
  endfacet
  facet normal 0.923871 0.382704 0
    outer loop
      vertex 73.49 36.25 53.36
      vertex 74.4273 33.9873 63.9
      vertex 74.4273 33.9873 53.36
    endloop
  endfacet
  facet normal 0.382704 -0.923871 0
    outer loop
      vertex 74.4273 38.5127 53.36
      vertex 76.69 39.45 63.9
      vertex 74.4273 38.5127 63.9
    endloop
  endfacet
  facet normal 0.382704 -0.923871 0
    outer loop
      vertex 76.69 39.45 63.9
      vertex 74.4273 38.5127 53.36
      vertex 76.69 39.45 53.36
    endloop
  endfacet
  facet normal -0.382704 -0.923871 0
    outer loop
      vertex 76.69 39.45 53.36
      vertex 78.9527 38.5127 63.9
      vertex 76.69 39.45 63.9
    endloop
  endfacet
  facet normal -0.382704 -0.923871 -0
    outer loop
      vertex 78.9527 38.5127 63.9
      vertex 76.69 39.45 53.36
      vertex 78.9527 38.5127 53.36
    endloop
  endfacet
  facet normal 0.923871 -0.382704 0
    outer loop
      vertex 73.49 36.25 63.9
      vertex 74.4273 38.5127 53.36
      vertex 74.4273 38.5127 63.9
    endloop
  endfacet
  facet normal 0.923871 -0.382704 0
    outer loop
      vertex 74.4273 38.5127 53.36
      vertex 73.49 36.25 63.9
      vertex 73.49 36.25 53.36
    endloop
  endfacet
  facet normal 0 0 1
    outer loop
      vertex 78.9527 38.5127 53.36
      vertex 78.9527 33.9873 53.36
      vertex 79.89 36.25 53.36
    endloop
  endfacet
  facet normal 0 0 1
    outer loop
      vertex 76.69 39.45 53.36
      vertex 78.9527 33.9873 53.36
      vertex 78.9527 38.5127 53.36
    endloop
  endfacet
  facet normal 0 0 1
    outer loop
      vertex 76.69 39.45 53.36
      vertex 76.69 33.05 53.36
      vertex 78.9527 33.9873 53.36
    endloop
  endfacet
  facet normal -0 0 1
    outer loop
      vertex 74.4273 38.5127 53.36
      vertex 76.69 33.05 53.36
      vertex 76.69 39.45 53.36
    endloop
  endfacet
  facet normal 0 0 1
    outer loop
      vertex 74.4273 38.5127 53.36
      vertex 74.4273 33.9873 53.36
      vertex 76.69 33.05 53.36
    endloop
  endfacet
  facet normal 0 -0 1
    outer loop
      vertex 74.4273 33.9873 53.36
      vertex 74.4273 38.5127 53.36
      vertex 73.49 36.25 53.36
    endloop
  endfacet
  facet normal -0.923871 0.382704 0
    outer loop
      vertex 78.9527 33.9873 53.36
      vertex 79.89 36.25 63.9
      vertex 79.89 36.25 53.36
    endloop
  endfacet
  facet normal -0.923871 0.382704 0
    outer loop
      vertex 79.89 36.25 63.9
      vertex 78.9527 33.9873 53.36
      vertex 78.9527 33.9873 63.9
    endloop
  endfacet
  facet normal -0.382704 0.923871 0
    outer loop
      vertex 78.9527 33.9873 53.36
      vertex 76.69 33.05 63.9
      vertex 78.9527 33.9873 63.9
    endloop
  endfacet
  facet normal -0.382704 0.923871 0
    outer loop
      vertex 76.69 33.05 63.9
      vertex 78.9527 33.9873 53.36
      vertex 76.69 33.05 53.36
    endloop
  endfacet
  facet normal 0.382704 0.923871 -0
    outer loop
      vertex 76.69 33.05 53.36
      vertex 74.4273 33.9873 63.9
      vertex 76.69 33.05 63.9
    endloop
  endfacet
  facet normal 0.382704 0.923871 0
    outer loop
      vertex 74.4273 33.9873 63.9
      vertex 76.69 33.05 53.36
      vertex 74.4273 33.9873 53.36
    endloop
  endfacet
  facet normal -0.923871 -0.382704 0
    outer loop
      vertex 79.89 45.25 53.36
      vertex 78.9527 47.5127 63.9
      vertex 78.9527 47.5127 53.36
    endloop
  endfacet
  facet normal -0.923871 -0.382704 0
    outer loop
      vertex 78.9527 47.5127 63.9
      vertex 79.89 45.25 53.36
      vertex 79.89 45.25 63.9
    endloop
  endfacet
  facet normal 0.382704 0.923871 -0
    outer loop
      vertex 76.69 42.05 53.36
      vertex 74.4273 42.9873 63.9
      vertex 76.69 42.05 63.9
    endloop
  endfacet
  facet normal 0.382704 0.923871 0
    outer loop
      vertex 74.4273 42.9873 63.9
      vertex 76.69 42.05 53.36
      vertex 74.4273 42.9873 53.36
    endloop
  endfacet
  facet normal 0.382704 -0.923871 0
    outer loop
      vertex 74.4273 47.5127 53.36
      vertex 76.69 48.45 63.9
      vertex 74.4273 47.5127 63.9
    endloop
  endfacet
  facet normal 0.382704 -0.923871 0
    outer loop
      vertex 76.69 48.45 63.9
      vertex 74.4273 47.5127 53.36
      vertex 76.69 48.45 53.36
    endloop
  endfacet
  facet normal -0.382704 -0.923871 0
    outer loop
      vertex 76.69 48.45 53.36
      vertex 78.9527 47.5127 63.9
      vertex 76.69 48.45 63.9
    endloop
  endfacet
  facet normal -0.382704 -0.923871 -0
    outer loop
      vertex 78.9527 47.5127 63.9
      vertex 76.69 48.45 53.36
      vertex 78.9527 47.5127 53.36
    endloop
  endfacet
  facet normal 0.923871 -0.382704 0
    outer loop
      vertex 73.49 45.25 63.9
      vertex 74.4273 47.5127 53.36
      vertex 74.4273 47.5127 63.9
    endloop
  endfacet
  facet normal 0.923871 -0.382704 0
    outer loop
      vertex 74.4273 47.5127 53.36
      vertex 73.49 45.25 63.9
      vertex 73.49 45.25 53.36
    endloop
  endfacet
  facet normal 0 0 1
    outer loop
      vertex 78.9527 47.5127 53.36
      vertex 78.9527 42.9873 53.36
      vertex 79.89 45.25 53.36
    endloop
  endfacet
  facet normal 0 0 1
    outer loop
      vertex 76.69 48.45 53.36
      vertex 78.9527 42.9873 53.36
      vertex 78.9527 47.5127 53.36
    endloop
  endfacet
  facet normal 0 0 1
    outer loop
      vertex 76.69 48.45 53.36
      vertex 76.69 42.05 53.36
      vertex 78.9527 42.9873 53.36
    endloop
  endfacet
  facet normal -0 0 1
    outer loop
      vertex 74.4273 47.5127 53.36
      vertex 76.69 42.05 53.36
      vertex 76.69 48.45 53.36
    endloop
  endfacet
  facet normal 0 0 1
    outer loop
      vertex 74.4273 47.5127 53.36
      vertex 74.4273 42.9873 53.36
      vertex 76.69 42.05 53.36
    endloop
  endfacet
  facet normal 0 -0 1
    outer loop
      vertex 74.4273 42.9873 53.36
      vertex 74.4273 47.5127 53.36
      vertex 73.49 45.25 53.36
    endloop
  endfacet
  facet normal -0.923871 0.382704 0
    outer loop
      vertex 78.9527 42.9873 53.36
      vertex 79.89 45.25 63.9
      vertex 79.89 45.25 53.36
    endloop
  endfacet
  facet normal -0.923871 0.382704 0
    outer loop
      vertex 79.89 45.25 63.9
      vertex 78.9527 42.9873 53.36
      vertex 78.9527 42.9873 63.9
    endloop
  endfacet
  facet normal 0.923871 0.382704 0
    outer loop
      vertex 74.4273 42.9873 63.9
      vertex 73.49 45.25 53.36
      vertex 73.49 45.25 63.9
    endloop
  endfacet
  facet normal 0.923871 0.382704 0
    outer loop
      vertex 73.49 45.25 53.36
      vertex 74.4273 42.9873 63.9
      vertex 74.4273 42.9873 53.36
    endloop
  endfacet
  facet normal -0.382704 0.923871 0
    outer loop
      vertex 78.9527 42.9873 53.36
      vertex 76.69 42.05 63.9
      vertex 78.9527 42.9873 63.9
    endloop
  endfacet
  facet normal -0.382704 0.923871 0
    outer loop
      vertex 76.69 42.05 63.9
      vertex 78.9527 42.9873 53.36
      vertex 76.69 42.05 53.36
    endloop
  endfacet
  facet normal -0.923871 -0.382704 0
    outer loop
      vertex 79.89 54.25 53.36
      vertex 78.9527 56.5127 63.9
      vertex 78.9527 56.5127 53.36
    endloop
  endfacet
  facet normal -0.923871 -0.382704 0
    outer loop
      vertex 78.9527 56.5127 63.9
      vertex 79.89 54.25 53.36
      vertex 79.89 54.25 63.9
    endloop
  endfacet
  facet normal 0.923871 0.382704 0
    outer loop
      vertex 74.4273 51.9873 63.9
      vertex 73.49 54.25 53.36
      vertex 73.49 54.25 63.9
    endloop
  endfacet
  facet normal 0.923871 0.382704 0
    outer loop
      vertex 73.49 54.25 53.36
      vertex 74.4273 51.9873 63.9
      vertex 74.4273 51.9873 53.36
    endloop
  endfacet
  facet normal 0.382704 -0.923871 0
    outer loop
      vertex 74.4273 56.5127 53.36
      vertex 76.69 57.45 63.9
      vertex 74.4273 56.5127 63.9
    endloop
  endfacet
  facet normal 0.382704 -0.923871 0
    outer loop
      vertex 76.69 57.45 63.9
      vertex 74.4273 56.5127 53.36
      vertex 76.69 57.45 53.36
    endloop
  endfacet
  facet normal -0.382704 -0.923871 0
    outer loop
      vertex 76.69 57.45 53.36
      vertex 78.9527 56.5127 63.9
      vertex 76.69 57.45 63.9
    endloop
  endfacet
  facet normal -0.382704 -0.923871 -0
    outer loop
      vertex 78.9527 56.5127 63.9
      vertex 76.69 57.45 53.36
      vertex 78.9527 56.5127 53.36
    endloop
  endfacet
  facet normal 0.923871 -0.382704 0
    outer loop
      vertex 73.49 54.25 63.9
      vertex 74.4273 56.5127 53.36
      vertex 74.4273 56.5127 63.9
    endloop
  endfacet
  facet normal 0.923871 -0.382704 0
    outer loop
      vertex 74.4273 56.5127 53.36
      vertex 73.49 54.25 63.9
      vertex 73.49 54.25 53.36
    endloop
  endfacet
  facet normal 0 0 1
    outer loop
      vertex 78.9527 56.5127 53.36
      vertex 78.9527 51.9873 53.36
      vertex 79.89 54.25 53.36
    endloop
  endfacet
  facet normal 0 0 1
    outer loop
      vertex 76.69 57.45 53.36
      vertex 78.9527 51.9873 53.36
      vertex 78.9527 56.5127 53.36
    endloop
  endfacet
  facet normal 0 0 1
    outer loop
      vertex 76.69 57.45 53.36
      vertex 76.69 51.05 53.36
      vertex 78.9527 51.9873 53.36
    endloop
  endfacet
  facet normal -0 0 1
    outer loop
      vertex 74.4273 56.5127 53.36
      vertex 76.69 51.05 53.36
      vertex 76.69 57.45 53.36
    endloop
  endfacet
  facet normal 0 0 1
    outer loop
      vertex 74.4273 56.5127 53.36
      vertex 74.4273 51.9873 53.36
      vertex 76.69 51.05 53.36
    endloop
  endfacet
  facet normal 0 -0 1
    outer loop
      vertex 74.4273 51.9873 53.36
      vertex 74.4273 56.5127 53.36
      vertex 73.49 54.25 53.36
    endloop
  endfacet
  facet normal -0.923871 0.382704 0
    outer loop
      vertex 78.9527 51.9873 53.36
      vertex 79.89 54.25 63.9
      vertex 79.89 54.25 53.36
    endloop
  endfacet
  facet normal -0.923871 0.382704 0
    outer loop
      vertex 79.89 54.25 63.9
      vertex 78.9527 51.9873 53.36
      vertex 78.9527 51.9873 63.9
    endloop
  endfacet
  facet normal -0.382704 0.923871 0
    outer loop
      vertex 78.9527 51.9873 53.36
      vertex 76.69 51.05 63.9
      vertex 78.9527 51.9873 63.9
    endloop
  endfacet
  facet normal -0.382704 0.923871 0
    outer loop
      vertex 76.69 51.05 63.9
      vertex 78.9527 51.9873 53.36
      vertex 76.69 51.05 53.36
    endloop
  endfacet
  facet normal 0.382704 0.923871 -0
    outer loop
      vertex 76.69 51.05 53.36
      vertex 74.4273 51.9873 63.9
      vertex 76.69 51.05 63.9
    endloop
  endfacet
  facet normal 0.382704 0.923871 0
    outer loop
      vertex 74.4273 51.9873 63.9
      vertex 76.69 51.05 53.36
      vertex 74.4273 51.9873 53.36
    endloop
  endfacet
  facet normal -0.923871 -0.382704 0
    outer loop
      vertex 79.89 63.25 53.36
      vertex 78.9527 65.5127 63.9
      vertex 78.9527 65.5127 53.36
    endloop
  endfacet
  facet normal -0.923871 -0.382704 0
    outer loop
      vertex 78.9527 65.5127 63.9
      vertex 79.89 63.25 53.36
      vertex 79.89 63.25 63.9
    endloop
  endfacet
  facet normal 0.382704 0.923871 -0
    outer loop
      vertex 76.69 60.05 53.36
      vertex 74.4273 60.9873 63.9
      vertex 76.69 60.05 63.9
    endloop
  endfacet
  facet normal 0.382704 0.923871 0
    outer loop
      vertex 74.4273 60.9873 63.9
      vertex 76.69 60.05 53.36
      vertex 74.4273 60.9873 53.36
    endloop
  endfacet
  facet normal 0.382704 -0.923871 0
    outer loop
      vertex 74.4273 65.5127 53.36
      vertex 76.69 66.45 63.9
      vertex 74.4273 65.5127 63.9
    endloop
  endfacet
  facet normal 0.382704 -0.923871 0
    outer loop
      vertex 76.69 66.45 63.9
      vertex 74.4273 65.5127 53.36
      vertex 76.69 66.45 53.36
    endloop
  endfacet
  facet normal -0.382704 -0.923871 0
    outer loop
      vertex 76.69 66.45 53.36
      vertex 78.9527 65.5127 63.9
      vertex 76.69 66.45 63.9
    endloop
  endfacet
  facet normal -0.382704 -0.923871 -0
    outer loop
      vertex 78.9527 65.5127 63.9
      vertex 76.69 66.45 53.36
      vertex 78.9527 65.5127 53.36
    endloop
  endfacet
  facet normal 0.923871 -0.382704 0
    outer loop
      vertex 73.49 63.25 63.9
      vertex 74.4273 65.5127 53.36
      vertex 74.4273 65.5127 63.9
    endloop
  endfacet
  facet normal 0.923871 -0.382704 0
    outer loop
      vertex 74.4273 65.5127 53.36
      vertex 73.49 63.25 63.9
      vertex 73.49 63.25 53.36
    endloop
  endfacet
  facet normal 0 0 1
    outer loop
      vertex 78.9527 65.5127 53.36
      vertex 78.9527 60.9873 53.36
      vertex 79.89 63.25 53.36
    endloop
  endfacet
  facet normal 0 0 1
    outer loop
      vertex 76.69 66.45 53.36
      vertex 78.9527 60.9873 53.36
      vertex 78.9527 65.5127 53.36
    endloop
  endfacet
  facet normal 0 0 1
    outer loop
      vertex 76.69 66.45 53.36
      vertex 76.69 60.05 53.36
      vertex 78.9527 60.9873 53.36
    endloop
  endfacet
  facet normal -0 0 1
    outer loop
      vertex 74.4273 65.5127 53.36
      vertex 76.69 60.05 53.36
      vertex 76.69 66.45 53.36
    endloop
  endfacet
  facet normal 0 0 1
    outer loop
      vertex 74.4273 65.5127 53.36
      vertex 74.4273 60.9873 53.36
      vertex 76.69 60.05 53.36
    endloop
  endfacet
  facet normal 0 -0 1
    outer loop
      vertex 74.4273 60.9873 53.36
      vertex 74.4273 65.5127 53.36
      vertex 73.49 63.25 53.36
    endloop
  endfacet
  facet normal 0.923871 0.382704 0
    outer loop
      vertex 74.4273 60.9873 63.9
      vertex 73.49 63.25 53.36
      vertex 73.49 63.25 63.9
    endloop
  endfacet
  facet normal 0.923871 0.382704 0
    outer loop
      vertex 73.49 63.25 53.36
      vertex 74.4273 60.9873 63.9
      vertex 74.4273 60.9873 53.36
    endloop
  endfacet
  facet normal -0.382704 0.923871 0
    outer loop
      vertex 78.9527 60.9873 53.36
      vertex 76.69 60.05 63.9
      vertex 78.9527 60.9873 63.9
    endloop
  endfacet
  facet normal -0.382704 0.923871 0
    outer loop
      vertex 76.69 60.05 63.9
      vertex 78.9527 60.9873 53.36
      vertex 76.69 60.05 53.36
    endloop
  endfacet
  facet normal -0.923871 0.382704 0
    outer loop
      vertex 78.9527 60.9873 53.36
      vertex 79.89 63.25 63.9
      vertex 79.89 63.25 53.36
    endloop
  endfacet
  facet normal -0.923871 0.382704 0
    outer loop
      vertex 79.89 63.25 63.9
      vertex 78.9527 60.9873 53.36
      vertex 78.9527 60.9873 63.9
    endloop
  endfacet
  facet normal -0.923871 -0.382704 0
    outer loop
      vertex 79.89 72.25 53.36
      vertex 78.9527 74.5127 63.9
      vertex 78.9527 74.5127 53.36
    endloop
  endfacet
  facet normal -0.923871 -0.382704 0
    outer loop
      vertex 78.9527 74.5127 63.9
      vertex 79.89 72.25 53.36
      vertex 79.89 72.25 63.9
    endloop
  endfacet
  facet normal 0.923871 0.382704 0
    outer loop
      vertex 74.4273 69.9873 63.9
      vertex 73.49 72.25 53.36
      vertex 73.49 72.25 63.9
    endloop
  endfacet
  facet normal 0.923871 0.382704 0
    outer loop
      vertex 73.49 72.25 53.36
      vertex 74.4273 69.9873 63.9
      vertex 74.4273 69.9873 53.36
    endloop
  endfacet
  facet normal 0.382704 -0.923871 0
    outer loop
      vertex 74.4273 74.5127 53.36
      vertex 76.69 75.45 63.9
      vertex 74.4273 74.5127 63.9
    endloop
  endfacet
  facet normal 0.382704 -0.923871 0
    outer loop
      vertex 76.69 75.45 63.9
      vertex 74.4273 74.5127 53.36
      vertex 76.69 75.45 53.36
    endloop
  endfacet
  facet normal -0.382704 -0.923871 0
    outer loop
      vertex 76.69 75.45 53.36
      vertex 78.9527 74.5127 63.9
      vertex 76.69 75.45 63.9
    endloop
  endfacet
  facet normal -0.382704 -0.923871 -0
    outer loop
      vertex 78.9527 74.5127 63.9
      vertex 76.69 75.45 53.36
      vertex 78.9527 74.5127 53.36
    endloop
  endfacet
  facet normal 0.923871 -0.382704 0
    outer loop
      vertex 73.49 72.25 63.9
      vertex 74.4273 74.5127 53.36
      vertex 74.4273 74.5127 63.9
    endloop
  endfacet
  facet normal 0.923871 -0.382704 0
    outer loop
      vertex 74.4273 74.5127 53.36
      vertex 73.49 72.25 63.9
      vertex 73.49 72.25 53.36
    endloop
  endfacet
  facet normal 0 0 1
    outer loop
      vertex 78.9527 74.5127 53.36
      vertex 78.9527 69.9873 53.36
      vertex 79.89 72.25 53.36
    endloop
  endfacet
  facet normal 0 0 1
    outer loop
      vertex 76.69 75.45 53.36
      vertex 78.9527 69.9873 53.36
      vertex 78.9527 74.5127 53.36
    endloop
  endfacet
  facet normal 0 0 1
    outer loop
      vertex 76.69 75.45 53.36
      vertex 76.69 69.05 53.36
      vertex 78.9527 69.9873 53.36
    endloop
  endfacet
  facet normal -0 0 1
    outer loop
      vertex 74.4273 74.5127 53.36
      vertex 76.69 69.05 53.36
      vertex 76.69 75.45 53.36
    endloop
  endfacet
  facet normal 0 0 1
    outer loop
      vertex 74.4273 74.5127 53.36
      vertex 74.4273 69.9873 53.36
      vertex 76.69 69.05 53.36
    endloop
  endfacet
  facet normal 0 -0 1
    outer loop
      vertex 74.4273 69.9873 53.36
      vertex 74.4273 74.5127 53.36
      vertex 73.49 72.25 53.36
    endloop
  endfacet
  facet normal -0.382704 0.923871 0
    outer loop
      vertex 78.9527 69.9873 53.36
      vertex 76.69 69.05 63.9
      vertex 78.9527 69.9873 63.9
    endloop
  endfacet
  facet normal -0.382704 0.923871 0
    outer loop
      vertex 76.69 69.05 63.9
      vertex 78.9527 69.9873 53.36
      vertex 76.69 69.05 53.36
    endloop
  endfacet
  facet normal 0.382704 0.923871 -0
    outer loop
      vertex 76.69 69.05 53.36
      vertex 74.4273 69.9873 63.9
      vertex 76.69 69.05 63.9
    endloop
  endfacet
  facet normal 0.382704 0.923871 0
    outer loop
      vertex 74.4273 69.9873 63.9
      vertex 76.69 69.05 53.36
      vertex 74.4273 69.9873 53.36
    endloop
  endfacet
  facet normal -0.923871 0.382704 0
    outer loop
      vertex 78.9527 69.9873 53.36
      vertex 79.89 72.25 63.9
      vertex 79.89 72.25 53.36
    endloop
  endfacet
  facet normal -0.923871 0.382704 0
    outer loop
      vertex 79.89 72.25 63.9
      vertex 78.9527 69.9873 53.36
      vertex 78.9527 69.9873 63.9
    endloop
  endfacet
  facet normal -0.923871 -0.382704 0
    outer loop
      vertex 88.89 9.25 53.36
      vertex 87.9527 11.5127 63.9
      vertex 87.9527 11.5127 53.36
    endloop
  endfacet
  facet normal -0.923871 -0.382704 0
    outer loop
      vertex 87.9527 11.5127 63.9
      vertex 88.89 9.25 53.36
      vertex 88.89 9.25 63.9
    endloop
  endfacet
  facet normal 0.923873 0.382698 0
    outer loop
      vertex 83.4273 6.98726 63.9
      vertex 82.49 9.25 53.36
      vertex 82.49 9.25 63.9
    endloop
  endfacet
  facet normal 0.923873 0.382698 0
    outer loop
      vertex 82.49 9.25 53.36
      vertex 83.4273 6.98726 63.9
      vertex 83.4273 6.98726 53.36
    endloop
  endfacet
  facet normal 0.382704 -0.923871 0
    outer loop
      vertex 83.4273 11.5127 53.36
      vertex 85.69 12.45 63.9
      vertex 83.4273 11.5127 63.9
    endloop
  endfacet
  facet normal 0.382704 -0.923871 0
    outer loop
      vertex 85.69 12.45 63.9
      vertex 83.4273 11.5127 53.36
      vertex 85.69 12.45 53.36
    endloop
  endfacet
  facet normal -0.382704 -0.923871 0
    outer loop
      vertex 85.69 12.45 53.36
      vertex 87.9527 11.5127 63.9
      vertex 85.69 12.45 63.9
    endloop
  endfacet
  facet normal -0.382704 -0.923871 -0
    outer loop
      vertex 87.9527 11.5127 63.9
      vertex 85.69 12.45 53.36
      vertex 87.9527 11.5127 53.36
    endloop
  endfacet
  facet normal 0.923871 -0.382704 0
    outer loop
      vertex 82.49 9.25 63.9
      vertex 83.4273 11.5127 53.36
      vertex 83.4273 11.5127 63.9
    endloop
  endfacet
  facet normal 0.923871 -0.382704 0
    outer loop
      vertex 83.4273 11.5127 53.36
      vertex 82.49 9.25 63.9
      vertex 82.49 9.25 53.36
    endloop
  endfacet
  facet normal 0 0 1
    outer loop
      vertex 87.9527 11.5127 53.36
      vertex 87.9527 6.98726 53.36
      vertex 88.89 9.25 53.36
    endloop
  endfacet
  facet normal 0 0 1
    outer loop
      vertex 85.69 12.45 53.36
      vertex 87.9527 6.98726 53.36
      vertex 87.9527 11.5127 53.36
    endloop
  endfacet
  facet normal 0 0 1
    outer loop
      vertex 85.69 12.45 53.36
      vertex 85.69 6.05 53.36
      vertex 87.9527 6.98726 53.36
    endloop
  endfacet
  facet normal -0 0 1
    outer loop
      vertex 83.4273 11.5127 53.36
      vertex 85.69 6.05 53.36
      vertex 85.69 12.45 53.36
    endloop
  endfacet
  facet normal 0 0 1
    outer loop
      vertex 83.4273 11.5127 53.36
      vertex 83.4273 6.98726 53.36
      vertex 85.69 6.05 53.36
    endloop
  endfacet
  facet normal 0 -0 1
    outer loop
      vertex 83.4273 6.98726 53.36
      vertex 83.4273 11.5127 53.36
      vertex 82.49 9.25 53.36
    endloop
  endfacet
  facet normal -0.923873 0.382698 0
    outer loop
      vertex 87.9527 6.98726 53.36
      vertex 88.89 9.25 63.9
      vertex 88.89 9.25 53.36
    endloop
  endfacet
  facet normal -0.923873 0.382698 0
    outer loop
      vertex 88.89 9.25 63.9
      vertex 87.9527 6.98726 53.36
      vertex 87.9527 6.98726 63.9
    endloop
  endfacet
  facet normal -0.38269 0.923877 0
    outer loop
      vertex 87.9527 6.98726 53.36
      vertex 85.69 6.05 63.9
      vertex 87.9527 6.98726 63.9
    endloop
  endfacet
  facet normal -0.38269 0.923877 0
    outer loop
      vertex 85.69 6.05 63.9
      vertex 87.9527 6.98726 53.36
      vertex 85.69 6.05 53.36
    endloop
  endfacet
  facet normal 0.38269 0.923877 -0
    outer loop
      vertex 85.69 6.05 53.36
      vertex 83.4273 6.98726 63.9
      vertex 85.69 6.05 63.9
    endloop
  endfacet
  facet normal 0.38269 0.923877 0
    outer loop
      vertex 83.4273 6.98726 63.9
      vertex 85.69 6.05 53.36
      vertex 83.4273 6.98726 53.36
    endloop
  endfacet
  facet normal -0.923871 -0.382704 0
    outer loop
      vertex 88.89 18.25 53.36
      vertex 87.9527 20.5127 63.9
      vertex 87.9527 20.5127 53.36
    endloop
  endfacet
  facet normal -0.923871 -0.382704 0
    outer loop
      vertex 87.9527 20.5127 63.9
      vertex 88.89 18.25 53.36
      vertex 88.89 18.25 63.9
    endloop
  endfacet
  facet normal 0.923871 0.382704 0
    outer loop
      vertex 83.4273 15.9873 63.9
      vertex 82.49 18.25 53.36
      vertex 82.49 18.25 63.9
    endloop
  endfacet
  facet normal 0.923871 0.382704 0
    outer loop
      vertex 82.49 18.25 53.36
      vertex 83.4273 15.9873 63.9
      vertex 83.4273 15.9873 53.36
    endloop
  endfacet
  facet normal 0.382704 -0.923871 0
    outer loop
      vertex 83.4273 20.5127 53.36
      vertex 85.69 21.45 63.9
      vertex 83.4273 20.5127 63.9
    endloop
  endfacet
  facet normal 0.382704 -0.923871 0
    outer loop
      vertex 85.69 21.45 63.9
      vertex 83.4273 20.5127 53.36
      vertex 85.69 21.45 53.36
    endloop
  endfacet
  facet normal -0.382704 -0.923871 0
    outer loop
      vertex 85.69 21.45 53.36
      vertex 87.9527 20.5127 63.9
      vertex 85.69 21.45 63.9
    endloop
  endfacet
  facet normal -0.382704 -0.923871 -0
    outer loop
      vertex 87.9527 20.5127 63.9
      vertex 85.69 21.45 53.36
      vertex 87.9527 20.5127 53.36
    endloop
  endfacet
  facet normal 0.923871 -0.382704 0
    outer loop
      vertex 82.49 18.25 63.9
      vertex 83.4273 20.5127 53.36
      vertex 83.4273 20.5127 63.9
    endloop
  endfacet
  facet normal 0.923871 -0.382704 0
    outer loop
      vertex 83.4273 20.5127 53.36
      vertex 82.49 18.25 63.9
      vertex 82.49 18.25 53.36
    endloop
  endfacet
  facet normal 0 0 1
    outer loop
      vertex 87.9527 20.5127 53.36
      vertex 87.9527 15.9873 53.36
      vertex 88.89 18.25 53.36
    endloop
  endfacet
  facet normal 0 0 1
    outer loop
      vertex 85.69 21.45 53.36
      vertex 87.9527 15.9873 53.36
      vertex 87.9527 20.5127 53.36
    endloop
  endfacet
  facet normal 0 0 1
    outer loop
      vertex 85.69 21.45 53.36
      vertex 85.69 15.05 53.36
      vertex 87.9527 15.9873 53.36
    endloop
  endfacet
  facet normal -0 0 1
    outer loop
      vertex 83.4273 20.5127 53.36
      vertex 85.69 15.05 53.36
      vertex 85.69 21.45 53.36
    endloop
  endfacet
  facet normal 0 0 1
    outer loop
      vertex 83.4273 20.5127 53.36
      vertex 83.4273 15.9873 53.36
      vertex 85.69 15.05 53.36
    endloop
  endfacet
  facet normal 0 -0 1
    outer loop
      vertex 83.4273 15.9873 53.36
      vertex 83.4273 20.5127 53.36
      vertex 82.49 18.25 53.36
    endloop
  endfacet
  facet normal -0.382704 0.923871 0
    outer loop
      vertex 87.9527 15.9873 53.36
      vertex 85.69 15.05 63.9
      vertex 87.9527 15.9873 63.9
    endloop
  endfacet
  facet normal -0.382704 0.923871 0
    outer loop
      vertex 85.69 15.05 63.9
      vertex 87.9527 15.9873 53.36
      vertex 85.69 15.05 53.36
    endloop
  endfacet
  facet normal 0.382704 0.923871 -0
    outer loop
      vertex 85.69 15.05 53.36
      vertex 83.4273 15.9873 63.9
      vertex 85.69 15.05 63.9
    endloop
  endfacet
  facet normal 0.382704 0.923871 0
    outer loop
      vertex 83.4273 15.9873 63.9
      vertex 85.69 15.05 53.36
      vertex 83.4273 15.9873 53.36
    endloop
  endfacet
  facet normal -0.923871 0.382704 0
    outer loop
      vertex 87.9527 15.9873 53.36
      vertex 88.89 18.25 63.9
      vertex 88.89 18.25 53.36
    endloop
  endfacet
  facet normal -0.923871 0.382704 0
    outer loop
      vertex 88.89 18.25 63.9
      vertex 87.9527 15.9873 53.36
      vertex 87.9527 15.9873 63.9
    endloop
  endfacet
  facet normal -0.923871 -0.382704 0
    outer loop
      vertex 88.89 27.25 53.36
      vertex 87.9527 29.5127 63.9
      vertex 87.9527 29.5127 53.36
    endloop
  endfacet
  facet normal -0.923871 -0.382704 0
    outer loop
      vertex 87.9527 29.5127 63.9
      vertex 88.89 27.25 53.36
      vertex 88.89 27.25 63.9
    endloop
  endfacet
  facet normal 0.382704 0.923871 -0
    outer loop
      vertex 85.69 24.05 53.36
      vertex 83.4273 24.9873 63.9
      vertex 85.69 24.05 63.9
    endloop
  endfacet
  facet normal 0.382704 0.923871 0
    outer loop
      vertex 83.4273 24.9873 63.9
      vertex 85.69 24.05 53.36
      vertex 83.4273 24.9873 53.36
    endloop
  endfacet
  facet normal 0.382704 -0.923871 0
    outer loop
      vertex 83.4273 29.5127 53.36
      vertex 85.69 30.45 63.9
      vertex 83.4273 29.5127 63.9
    endloop
  endfacet
  facet normal 0.382704 -0.923871 0
    outer loop
      vertex 85.69 30.45 63.9
      vertex 83.4273 29.5127 53.36
      vertex 85.69 30.45 53.36
    endloop
  endfacet
  facet normal -0.382704 -0.923871 0
    outer loop
      vertex 85.69 30.45 53.36
      vertex 87.9527 29.5127 63.9
      vertex 85.69 30.45 63.9
    endloop
  endfacet
  facet normal -0.382704 -0.923871 -0
    outer loop
      vertex 87.9527 29.5127 63.9
      vertex 85.69 30.45 53.36
      vertex 87.9527 29.5127 53.36
    endloop
  endfacet
  facet normal 0.923871 -0.382704 0
    outer loop
      vertex 82.49 27.25 63.9
      vertex 83.4273 29.5127 53.36
      vertex 83.4273 29.5127 63.9
    endloop
  endfacet
  facet normal 0.923871 -0.382704 0
    outer loop
      vertex 83.4273 29.5127 53.36
      vertex 82.49 27.25 63.9
      vertex 82.49 27.25 53.36
    endloop
  endfacet
  facet normal 0 0 1
    outer loop
      vertex 87.9527 29.5127 53.36
      vertex 87.9527 24.9873 53.36
      vertex 88.89 27.25 53.36
    endloop
  endfacet
  facet normal 0 0 1
    outer loop
      vertex 85.69 30.45 53.36
      vertex 87.9527 24.9873 53.36
      vertex 87.9527 29.5127 53.36
    endloop
  endfacet
  facet normal 0 0 1
    outer loop
      vertex 85.69 30.45 53.36
      vertex 85.69 24.05 53.36
      vertex 87.9527 24.9873 53.36
    endloop
  endfacet
  facet normal -0 0 1
    outer loop
      vertex 83.4273 29.5127 53.36
      vertex 85.69 24.05 53.36
      vertex 85.69 30.45 53.36
    endloop
  endfacet
  facet normal 0 0 1
    outer loop
      vertex 83.4273 29.5127 53.36
      vertex 83.4273 24.9873 53.36
      vertex 85.69 24.05 53.36
    endloop
  endfacet
  facet normal 0 -0 1
    outer loop
      vertex 83.4273 24.9873 53.36
      vertex 83.4273 29.5127 53.36
      vertex 82.49 27.25 53.36
    endloop
  endfacet
  facet normal -0.923871 0.382704 0
    outer loop
      vertex 87.9527 24.9873 53.36
      vertex 88.89 27.25 63.9
      vertex 88.89 27.25 53.36
    endloop
  endfacet
  facet normal -0.923871 0.382704 0
    outer loop
      vertex 88.89 27.25 63.9
      vertex 87.9527 24.9873 53.36
      vertex 87.9527 24.9873 63.9
    endloop
  endfacet
  facet normal 0.923871 0.382704 0
    outer loop
      vertex 83.4273 24.9873 63.9
      vertex 82.49 27.25 53.36
      vertex 82.49 27.25 63.9
    endloop
  endfacet
  facet normal 0.923871 0.382704 0
    outer loop
      vertex 82.49 27.25 53.36
      vertex 83.4273 24.9873 63.9
      vertex 83.4273 24.9873 53.36
    endloop
  endfacet
  facet normal -0.382704 0.923871 0
    outer loop
      vertex 87.9527 24.9873 53.36
      vertex 85.69 24.05 63.9
      vertex 87.9527 24.9873 63.9
    endloop
  endfacet
  facet normal -0.382704 0.923871 0
    outer loop
      vertex 85.69 24.05 63.9
      vertex 87.9527 24.9873 53.36
      vertex 85.69 24.05 53.36
    endloop
  endfacet
  facet normal -0.923871 -0.382704 0
    outer loop
      vertex 88.89 36.25 53.36
      vertex 87.9527 38.5127 63.9
      vertex 87.9527 38.5127 53.36
    endloop
  endfacet
  facet normal -0.923871 -0.382704 0
    outer loop
      vertex 87.9527 38.5127 63.9
      vertex 88.89 36.25 53.36
      vertex 88.89 36.25 63.9
    endloop
  endfacet
  facet normal 0.923871 0.382704 0
    outer loop
      vertex 83.4273 33.9873 63.9
      vertex 82.49 36.25 53.36
      vertex 82.49 36.25 63.9
    endloop
  endfacet
  facet normal 0.923871 0.382704 0
    outer loop
      vertex 82.49 36.25 53.36
      vertex 83.4273 33.9873 63.9
      vertex 83.4273 33.9873 53.36
    endloop
  endfacet
  facet normal 0.382704 0.923871 -0
    outer loop
      vertex 85.69 33.05 53.36
      vertex 83.4273 33.9873 63.9
      vertex 85.69 33.05 63.9
    endloop
  endfacet
  facet normal 0.382704 0.923871 0
    outer loop
      vertex 83.4273 33.9873 63.9
      vertex 85.69 33.05 53.36
      vertex 83.4273 33.9873 53.36
    endloop
  endfacet
  facet normal 0.382704 -0.923871 0
    outer loop
      vertex 83.4273 38.5127 53.36
      vertex 85.69 39.45 63.9
      vertex 83.4273 38.5127 63.9
    endloop
  endfacet
  facet normal 0.382704 -0.923871 0
    outer loop
      vertex 85.69 39.45 63.9
      vertex 83.4273 38.5127 53.36
      vertex 85.69 39.45 53.36
    endloop
  endfacet
  facet normal -0.382704 -0.923871 0
    outer loop
      vertex 85.69 39.45 53.36
      vertex 87.9527 38.5127 63.9
      vertex 85.69 39.45 63.9
    endloop
  endfacet
  facet normal -0.382704 -0.923871 -0
    outer loop
      vertex 87.9527 38.5127 63.9
      vertex 85.69 39.45 53.36
      vertex 87.9527 38.5127 53.36
    endloop
  endfacet
  facet normal 0.923871 -0.382704 0
    outer loop
      vertex 82.49 36.25 63.9
      vertex 83.4273 38.5127 53.36
      vertex 83.4273 38.5127 63.9
    endloop
  endfacet
  facet normal 0.923871 -0.382704 0
    outer loop
      vertex 83.4273 38.5127 53.36
      vertex 82.49 36.25 63.9
      vertex 82.49 36.25 53.36
    endloop
  endfacet
  facet normal 0 0 1
    outer loop
      vertex 87.9527 38.5127 53.36
      vertex 87.9527 33.9873 53.36
      vertex 88.89 36.25 53.36
    endloop
  endfacet
  facet normal 0 0 1
    outer loop
      vertex 85.69 39.45 53.36
      vertex 87.9527 33.9873 53.36
      vertex 87.9527 38.5127 53.36
    endloop
  endfacet
  facet normal 0 0 1
    outer loop
      vertex 85.69 39.45 53.36
      vertex 85.69 33.05 53.36
      vertex 87.9527 33.9873 53.36
    endloop
  endfacet
  facet normal -0 0 1
    outer loop
      vertex 83.4273 38.5127 53.36
      vertex 85.69 33.05 53.36
      vertex 85.69 39.45 53.36
    endloop
  endfacet
  facet normal 0 0 1
    outer loop
      vertex 83.4273 38.5127 53.36
      vertex 83.4273 33.9873 53.36
      vertex 85.69 33.05 53.36
    endloop
  endfacet
  facet normal 0 -0 1
    outer loop
      vertex 83.4273 33.9873 53.36
      vertex 83.4273 38.5127 53.36
      vertex 82.49 36.25 53.36
    endloop
  endfacet
  facet normal -0.923871 0.382704 0
    outer loop
      vertex 87.9527 33.9873 53.36
      vertex 88.89 36.25 63.9
      vertex 88.89 36.25 53.36
    endloop
  endfacet
  facet normal -0.923871 0.382704 0
    outer loop
      vertex 88.89 36.25 63.9
      vertex 87.9527 33.9873 53.36
      vertex 87.9527 33.9873 63.9
    endloop
  endfacet
  facet normal -0.382704 0.923871 0
    outer loop
      vertex 87.9527 33.9873 53.36
      vertex 85.69 33.05 63.9
      vertex 87.9527 33.9873 63.9
    endloop
  endfacet
  facet normal -0.382704 0.923871 0
    outer loop
      vertex 85.69 33.05 63.9
      vertex 87.9527 33.9873 53.36
      vertex 85.69 33.05 53.36
    endloop
  endfacet
  facet normal -0.923871 -0.382704 0
    outer loop
      vertex 88.89 45.25 53.36
      vertex 87.9527 47.5127 63.9
      vertex 87.9527 47.5127 53.36
    endloop
  endfacet
  facet normal -0.923871 -0.382704 0
    outer loop
      vertex 87.9527 47.5127 63.9
      vertex 88.89 45.25 53.36
      vertex 88.89 45.25 63.9
    endloop
  endfacet
  facet normal 0.382704 -0.923871 0
    outer loop
      vertex 83.4273 47.5127 53.36
      vertex 85.69 48.45 63.9
      vertex 83.4273 47.5127 63.9
    endloop
  endfacet
  facet normal 0.382704 -0.923871 0
    outer loop
      vertex 85.69 48.45 63.9
      vertex 83.4273 47.5127 53.36
      vertex 85.69 48.45 53.36
    endloop
  endfacet
  facet normal -0.382704 -0.923871 0
    outer loop
      vertex 85.69 48.45 53.36
      vertex 87.9527 47.5127 63.9
      vertex 85.69 48.45 63.9
    endloop
  endfacet
  facet normal -0.382704 -0.923871 -0
    outer loop
      vertex 87.9527 47.5127 63.9
      vertex 85.69 48.45 53.36
      vertex 87.9527 47.5127 53.36
    endloop
  endfacet
  facet normal 0.923871 -0.382704 0
    outer loop
      vertex 82.49 45.25 63.9
      vertex 83.4273 47.5127 53.36
      vertex 83.4273 47.5127 63.9
    endloop
  endfacet
  facet normal 0.923871 -0.382704 0
    outer loop
      vertex 83.4273 47.5127 53.36
      vertex 82.49 45.25 63.9
      vertex 82.49 45.25 53.36
    endloop
  endfacet
  facet normal 0 0 1
    outer loop
      vertex 87.9527 47.5127 53.36
      vertex 87.9527 42.9873 53.36
      vertex 88.89 45.25 53.36
    endloop
  endfacet
  facet normal 0 0 1
    outer loop
      vertex 85.69 48.45 53.36
      vertex 87.9527 42.9873 53.36
      vertex 87.9527 47.5127 53.36
    endloop
  endfacet
  facet normal 0 0 1
    outer loop
      vertex 85.69 48.45 53.36
      vertex 85.69 42.05 53.36
      vertex 87.9527 42.9873 53.36
    endloop
  endfacet
  facet normal -0 0 1
    outer loop
      vertex 83.4273 47.5127 53.36
      vertex 85.69 42.05 53.36
      vertex 85.69 48.45 53.36
    endloop
  endfacet
  facet normal 0 0 1
    outer loop
      vertex 83.4273 47.5127 53.36
      vertex 83.4273 42.9873 53.36
      vertex 85.69 42.05 53.36
    endloop
  endfacet
  facet normal 0 -0 1
    outer loop
      vertex 83.4273 42.9873 53.36
      vertex 83.4273 47.5127 53.36
      vertex 82.49 45.25 53.36
    endloop
  endfacet
  facet normal -0.923871 0.382704 0
    outer loop
      vertex 87.9527 42.9873 53.36
      vertex 88.89 45.25 63.9
      vertex 88.89 45.25 53.36
    endloop
  endfacet
  facet normal -0.923871 0.382704 0
    outer loop
      vertex 88.89 45.25 63.9
      vertex 87.9527 42.9873 53.36
      vertex 87.9527 42.9873 63.9
    endloop
  endfacet
  facet normal 0.923871 0.382704 0
    outer loop
      vertex 83.4273 42.9873 63.9
      vertex 82.49 45.25 53.36
      vertex 82.49 45.25 63.9
    endloop
  endfacet
  facet normal 0.923871 0.382704 0
    outer loop
      vertex 82.49 45.25 53.36
      vertex 83.4273 42.9873 63.9
      vertex 83.4273 42.9873 53.36
    endloop
  endfacet
  facet normal -0.382704 0.923871 0
    outer loop
      vertex 87.9527 42.9873 53.36
      vertex 85.69 42.05 63.9
      vertex 87.9527 42.9873 63.9
    endloop
  endfacet
  facet normal -0.382704 0.923871 0
    outer loop
      vertex 85.69 42.05 63.9
      vertex 87.9527 42.9873 53.36
      vertex 85.69 42.05 53.36
    endloop
  endfacet
  facet normal 0.382704 0.923871 -0
    outer loop
      vertex 85.69 42.05 53.36
      vertex 83.4273 42.9873 63.9
      vertex 85.69 42.05 63.9
    endloop
  endfacet
  facet normal 0.382704 0.923871 0
    outer loop
      vertex 83.4273 42.9873 63.9
      vertex 85.69 42.05 53.36
      vertex 83.4273 42.9873 53.36
    endloop
  endfacet
  facet normal -0.923871 -0.382704 0
    outer loop
      vertex 88.89 54.25 53.36
      vertex 87.9527 56.5127 63.9
      vertex 87.9527 56.5127 53.36
    endloop
  endfacet
  facet normal -0.923871 -0.382704 0
    outer loop
      vertex 87.9527 56.5127 63.9
      vertex 88.89 54.25 53.36
      vertex 88.89 54.25 63.9
    endloop
  endfacet
  facet normal 0.923871 0.382704 0
    outer loop
      vertex 83.4273 51.9873 63.9
      vertex 82.49 54.25 53.36
      vertex 82.49 54.25 63.9
    endloop
  endfacet
  facet normal 0.923871 0.382704 0
    outer loop
      vertex 82.49 54.25 53.36
      vertex 83.4273 51.9873 63.9
      vertex 83.4273 51.9873 53.36
    endloop
  endfacet
  facet normal 0.382704 -0.923871 0
    outer loop
      vertex 83.4273 56.5127 53.36
      vertex 85.69 57.45 63.9
      vertex 83.4273 56.5127 63.9
    endloop
  endfacet
  facet normal 0.382704 -0.923871 0
    outer loop
      vertex 85.69 57.45 63.9
      vertex 83.4273 56.5127 53.36
      vertex 85.69 57.45 53.36
    endloop
  endfacet
  facet normal -0.382704 -0.923871 0
    outer loop
      vertex 85.69 57.45 53.36
      vertex 87.9527 56.5127 63.9
      vertex 85.69 57.45 63.9
    endloop
  endfacet
  facet normal -0.382704 -0.923871 -0
    outer loop
      vertex 87.9527 56.5127 63.9
      vertex 85.69 57.45 53.36
      vertex 87.9527 56.5127 53.36
    endloop
  endfacet
  facet normal 0.923871 -0.382704 0
    outer loop
      vertex 82.49 54.25 63.9
      vertex 83.4273 56.5127 53.36
      vertex 83.4273 56.5127 63.9
    endloop
  endfacet
  facet normal 0.923871 -0.382704 0
    outer loop
      vertex 83.4273 56.5127 53.36
      vertex 82.49 54.25 63.9
      vertex 82.49 54.25 53.36
    endloop
  endfacet
  facet normal 0 0 1
    outer loop
      vertex 87.9527 56.5127 53.36
      vertex 87.9527 51.9873 53.36
      vertex 88.89 54.25 53.36
    endloop
  endfacet
  facet normal 0 0 1
    outer loop
      vertex 85.69 57.45 53.36
      vertex 87.9527 51.9873 53.36
      vertex 87.9527 56.5127 53.36
    endloop
  endfacet
  facet normal 0 0 1
    outer loop
      vertex 85.69 57.45 53.36
      vertex 85.69 51.05 53.36
      vertex 87.9527 51.9873 53.36
    endloop
  endfacet
  facet normal -0 0 1
    outer loop
      vertex 83.4273 56.5127 53.36
      vertex 85.69 51.05 53.36
      vertex 85.69 57.45 53.36
    endloop
  endfacet
  facet normal 0 0 1
    outer loop
      vertex 83.4273 56.5127 53.36
      vertex 83.4273 51.9873 53.36
      vertex 85.69 51.05 53.36
    endloop
  endfacet
  facet normal 0 -0 1
    outer loop
      vertex 83.4273 51.9873 53.36
      vertex 83.4273 56.5127 53.36
      vertex 82.49 54.25 53.36
    endloop
  endfacet
  facet normal -0.382704 0.923871 0
    outer loop
      vertex 87.9527 51.9873 53.36
      vertex 85.69 51.05 63.9
      vertex 87.9527 51.9873 63.9
    endloop
  endfacet
  facet normal -0.382704 0.923871 0
    outer loop
      vertex 85.69 51.05 63.9
      vertex 87.9527 51.9873 53.36
      vertex 85.69 51.05 53.36
    endloop
  endfacet
  facet normal 0.382704 0.923871 -0
    outer loop
      vertex 85.69 51.05 53.36
      vertex 83.4273 51.9873 63.9
      vertex 85.69 51.05 63.9
    endloop
  endfacet
  facet normal 0.382704 0.923871 0
    outer loop
      vertex 83.4273 51.9873 63.9
      vertex 85.69 51.05 53.36
      vertex 83.4273 51.9873 53.36
    endloop
  endfacet
  facet normal -0.923871 0.382704 0
    outer loop
      vertex 87.9527 51.9873 53.36
      vertex 88.89 54.25 63.9
      vertex 88.89 54.25 53.36
    endloop
  endfacet
  facet normal -0.923871 0.382704 0
    outer loop
      vertex 88.89 54.25 63.9
      vertex 87.9527 51.9873 53.36
      vertex 87.9527 51.9873 63.9
    endloop
  endfacet
  facet normal -0.923871 -0.382704 0
    outer loop
      vertex 88.89 63.25 53.36
      vertex 87.9527 65.5127 63.9
      vertex 87.9527 65.5127 53.36
    endloop
  endfacet
  facet normal -0.923871 -0.382704 0
    outer loop
      vertex 87.9527 65.5127 63.9
      vertex 88.89 63.25 53.36
      vertex 88.89 63.25 63.9
    endloop
  endfacet
  facet normal 0.382704 0.923871 -0
    outer loop
      vertex 85.69 60.05 53.36
      vertex 83.4273 60.9873 63.9
      vertex 85.69 60.05 63.9
    endloop
  endfacet
  facet normal 0.382704 0.923871 0
    outer loop
      vertex 83.4273 60.9873 63.9
      vertex 85.69 60.05 53.36
      vertex 83.4273 60.9873 53.36
    endloop
  endfacet
  facet normal 0.382704 -0.923871 0
    outer loop
      vertex 83.4273 65.5127 53.36
      vertex 85.69 66.45 63.9
      vertex 83.4273 65.5127 63.9
    endloop
  endfacet
  facet normal 0.382704 -0.923871 0
    outer loop
      vertex 85.69 66.45 63.9
      vertex 83.4273 65.5127 53.36
      vertex 85.69 66.45 53.36
    endloop
  endfacet
  facet normal -0.382704 -0.923871 0
    outer loop
      vertex 85.69 66.45 53.36
      vertex 87.9527 65.5127 63.9
      vertex 85.69 66.45 63.9
    endloop
  endfacet
  facet normal -0.382704 -0.923871 -0
    outer loop
      vertex 87.9527 65.5127 63.9
      vertex 85.69 66.45 53.36
      vertex 87.9527 65.5127 53.36
    endloop
  endfacet
  facet normal 0.923871 -0.382704 0
    outer loop
      vertex 82.49 63.25 63.9
      vertex 83.4273 65.5127 53.36
      vertex 83.4273 65.5127 63.9
    endloop
  endfacet
  facet normal 0.923871 -0.382704 0
    outer loop
      vertex 83.4273 65.5127 53.36
      vertex 82.49 63.25 63.9
      vertex 82.49 63.25 53.36
    endloop
  endfacet
  facet normal 0 0 1
    outer loop
      vertex 87.9527 65.5127 53.36
      vertex 87.9527 60.9873 53.36
      vertex 88.89 63.25 53.36
    endloop
  endfacet
  facet normal 0 0 1
    outer loop
      vertex 85.69 66.45 53.36
      vertex 87.9527 60.9873 53.36
      vertex 87.9527 65.5127 53.36
    endloop
  endfacet
  facet normal 0 0 1
    outer loop
      vertex 85.69 66.45 53.36
      vertex 85.69 60.05 53.36
      vertex 87.9527 60.9873 53.36
    endloop
  endfacet
  facet normal -0 0 1
    outer loop
      vertex 83.4273 65.5127 53.36
      vertex 85.69 60.05 53.36
      vertex 85.69 66.45 53.36
    endloop
  endfacet
  facet normal 0 0 1
    outer loop
      vertex 83.4273 65.5127 53.36
      vertex 83.4273 60.9873 53.36
      vertex 85.69 60.05 53.36
    endloop
  endfacet
  facet normal 0 -0 1
    outer loop
      vertex 83.4273 60.9873 53.36
      vertex 83.4273 65.5127 53.36
      vertex 82.49 63.25 53.36
    endloop
  endfacet
  facet normal -0.923871 0.382704 0
    outer loop
      vertex 87.9527 60.9873 53.36
      vertex 88.89 63.25 63.9
      vertex 88.89 63.25 53.36
    endloop
  endfacet
  facet normal -0.923871 0.382704 0
    outer loop
      vertex 88.89 63.25 63.9
      vertex 87.9527 60.9873 53.36
      vertex 87.9527 60.9873 63.9
    endloop
  endfacet
  facet normal 0.923871 0.382704 0
    outer loop
      vertex 83.4273 60.9873 63.9
      vertex 82.49 63.25 53.36
      vertex 82.49 63.25 63.9
    endloop
  endfacet
  facet normal 0.923871 0.382704 0
    outer loop
      vertex 82.49 63.25 53.36
      vertex 83.4273 60.9873 63.9
      vertex 83.4273 60.9873 53.36
    endloop
  endfacet
  facet normal -0.382704 0.923871 0
    outer loop
      vertex 87.9527 60.9873 53.36
      vertex 85.69 60.05 63.9
      vertex 87.9527 60.9873 63.9
    endloop
  endfacet
  facet normal -0.382704 0.923871 0
    outer loop
      vertex 85.69 60.05 63.9
      vertex 87.9527 60.9873 53.36
      vertex 85.69 60.05 53.36
    endloop
  endfacet
  facet normal -0.923871 -0.382704 0
    outer loop
      vertex 88.89 72.25 53.36
      vertex 87.9527 74.5127 63.9
      vertex 87.9527 74.5127 53.36
    endloop
  endfacet
  facet normal -0.923871 -0.382704 0
    outer loop
      vertex 87.9527 74.5127 63.9
      vertex 88.89 72.25 53.36
      vertex 88.89 72.25 63.9
    endloop
  endfacet
  facet normal 0.923871 0.382704 0
    outer loop
      vertex 83.4273 69.9873 63.9
      vertex 82.49 72.25 53.36
      vertex 82.49 72.25 63.9
    endloop
  endfacet
  facet normal 0.923871 0.382704 0
    outer loop
      vertex 82.49 72.25 53.36
      vertex 83.4273 69.9873 63.9
      vertex 83.4273 69.9873 53.36
    endloop
  endfacet
  facet normal 0.382704 -0.923871 0
    outer loop
      vertex 83.4273 74.5127 53.36
      vertex 85.69 75.45 63.9
      vertex 83.4273 74.5127 63.9
    endloop
  endfacet
  facet normal 0.382704 -0.923871 0
    outer loop
      vertex 85.69 75.45 63.9
      vertex 83.4273 74.5127 53.36
      vertex 85.69 75.45 53.36
    endloop
  endfacet
  facet normal -0.382704 -0.923871 0
    outer loop
      vertex 85.69 75.45 53.36
      vertex 87.9527 74.5127 63.9
      vertex 85.69 75.45 63.9
    endloop
  endfacet
  facet normal -0.382704 -0.923871 -0
    outer loop
      vertex 87.9527 74.5127 63.9
      vertex 85.69 75.45 53.36
      vertex 87.9527 74.5127 53.36
    endloop
  endfacet
  facet normal 0.923871 -0.382704 0
    outer loop
      vertex 82.49 72.25 63.9
      vertex 83.4273 74.5127 53.36
      vertex 83.4273 74.5127 63.9
    endloop
  endfacet
  facet normal 0.923871 -0.382704 0
    outer loop
      vertex 83.4273 74.5127 53.36
      vertex 82.49 72.25 63.9
      vertex 82.49 72.25 53.36
    endloop
  endfacet
  facet normal 0 0 1
    outer loop
      vertex 87.9527 74.5127 53.36
      vertex 87.9527 69.9873 53.36
      vertex 88.89 72.25 53.36
    endloop
  endfacet
  facet normal 0 0 1
    outer loop
      vertex 85.69 75.45 53.36
      vertex 87.9527 69.9873 53.36
      vertex 87.9527 74.5127 53.36
    endloop
  endfacet
  facet normal 0 0 1
    outer loop
      vertex 85.69 75.45 53.36
      vertex 85.69 69.05 53.36
      vertex 87.9527 69.9873 53.36
    endloop
  endfacet
  facet normal -0 0 1
    outer loop
      vertex 83.4273 74.5127 53.36
      vertex 85.69 69.05 53.36
      vertex 85.69 75.45 53.36
    endloop
  endfacet
  facet normal 0 0 1
    outer loop
      vertex 83.4273 74.5127 53.36
      vertex 83.4273 69.9873 53.36
      vertex 85.69 69.05 53.36
    endloop
  endfacet
  facet normal 0 -0 1
    outer loop
      vertex 83.4273 69.9873 53.36
      vertex 83.4273 74.5127 53.36
      vertex 82.49 72.25 53.36
    endloop
  endfacet
  facet normal -0.382704 0.923871 0
    outer loop
      vertex 87.9527 69.9873 53.36
      vertex 85.69 69.05 63.9
      vertex 87.9527 69.9873 63.9
    endloop
  endfacet
  facet normal -0.382704 0.923871 0
    outer loop
      vertex 85.69 69.05 63.9
      vertex 87.9527 69.9873 53.36
      vertex 85.69 69.05 53.36
    endloop
  endfacet
  facet normal 0.382704 0.923871 -0
    outer loop
      vertex 85.69 69.05 53.36
      vertex 83.4273 69.9873 63.9
      vertex 85.69 69.05 63.9
    endloop
  endfacet
  facet normal 0.382704 0.923871 0
    outer loop
      vertex 83.4273 69.9873 63.9
      vertex 85.69 69.05 53.36
      vertex 83.4273 69.9873 53.36
    endloop
  endfacet
  facet normal -0.923871 0.382704 0
    outer loop
      vertex 87.9527 69.9873 53.36
      vertex 88.89 72.25 63.9
      vertex 88.89 72.25 53.36
    endloop
  endfacet
  facet normal -0.923871 0.382704 0
    outer loop
      vertex 88.89 72.25 63.9
      vertex 87.9527 69.9873 53.36
      vertex 87.9527 69.9873 63.9
    endloop
  endfacet
  facet normal -0.923871 -0.382704 0
    outer loop
      vertex 97.89 9.25 53.36
      vertex 96.9527 11.5127 63.9
      vertex 96.9527 11.5127 53.36
    endloop
  endfacet
  facet normal -0.923871 -0.382704 0
    outer loop
      vertex 96.9527 11.5127 63.9
      vertex 97.89 9.25 53.36
      vertex 97.89 9.25 63.9
    endloop
  endfacet
  facet normal 0.923873 0.382698 0
    outer loop
      vertex 92.4273 6.98726 63.9
      vertex 91.49 9.25 53.36
      vertex 91.49 9.25 63.9
    endloop
  endfacet
  facet normal 0.923873 0.382698 0
    outer loop
      vertex 91.49 9.25 53.36
      vertex 92.4273 6.98726 63.9
      vertex 92.4273 6.98726 53.36
    endloop
  endfacet
  facet normal 0.382704 -0.923871 0
    outer loop
      vertex 92.4273 11.5127 53.36
      vertex 94.69 12.45 63.9
      vertex 92.4273 11.5127 63.9
    endloop
  endfacet
  facet normal 0.382704 -0.923871 0
    outer loop
      vertex 94.69 12.45 63.9
      vertex 92.4273 11.5127 53.36
      vertex 94.69 12.45 53.36
    endloop
  endfacet
  facet normal -0.382704 -0.923871 0
    outer loop
      vertex 94.69 12.45 53.36
      vertex 96.9527 11.5127 63.9
      vertex 94.69 12.45 63.9
    endloop
  endfacet
  facet normal -0.382704 -0.923871 -0
    outer loop
      vertex 96.9527 11.5127 63.9
      vertex 94.69 12.45 53.36
      vertex 96.9527 11.5127 53.36
    endloop
  endfacet
  facet normal 0.923871 -0.382704 0
    outer loop
      vertex 91.49 9.25 63.9
      vertex 92.4273 11.5127 53.36
      vertex 92.4273 11.5127 63.9
    endloop
  endfacet
  facet normal 0.923871 -0.382704 0
    outer loop
      vertex 92.4273 11.5127 53.36
      vertex 91.49 9.25 63.9
      vertex 91.49 9.25 53.36
    endloop
  endfacet
  facet normal 0 0 1
    outer loop
      vertex 96.9527 11.5127 53.36
      vertex 96.9527 6.98726 53.36
      vertex 97.89 9.25 53.36
    endloop
  endfacet
  facet normal 0 0 1
    outer loop
      vertex 94.69 12.45 53.36
      vertex 96.9527 6.98726 53.36
      vertex 96.9527 11.5127 53.36
    endloop
  endfacet
  facet normal 0 0 1
    outer loop
      vertex 94.69 12.45 53.36
      vertex 94.69 6.05 53.36
      vertex 96.9527 6.98726 53.36
    endloop
  endfacet
  facet normal -0 0 1
    outer loop
      vertex 92.4273 11.5127 53.36
      vertex 94.69 6.05 53.36
      vertex 94.69 12.45 53.36
    endloop
  endfacet
  facet normal 0 0 1
    outer loop
      vertex 92.4273 11.5127 53.36
      vertex 92.4273 6.98726 53.36
      vertex 94.69 6.05 53.36
    endloop
  endfacet
  facet normal 0 -0 1
    outer loop
      vertex 92.4273 6.98726 53.36
      vertex 92.4273 11.5127 53.36
      vertex 91.49 9.25 53.36
    endloop
  endfacet
  facet normal -0.923873 0.382698 0
    outer loop
      vertex 96.9527 6.98726 53.36
      vertex 97.89 9.25 63.9
      vertex 97.89 9.25 53.36
    endloop
  endfacet
  facet normal -0.923873 0.382698 0
    outer loop
      vertex 97.89 9.25 63.9
      vertex 96.9527 6.98726 53.36
      vertex 96.9527 6.98726 63.9
    endloop
  endfacet
  facet normal -0.38269 0.923877 0
    outer loop
      vertex 96.9527 6.98726 53.36
      vertex 94.69 6.05 63.9
      vertex 96.9527 6.98726 63.9
    endloop
  endfacet
  facet normal -0.38269 0.923877 0
    outer loop
      vertex 94.69 6.05 63.9
      vertex 96.9527 6.98726 53.36
      vertex 94.69 6.05 53.36
    endloop
  endfacet
  facet normal 0.38269 0.923877 -0
    outer loop
      vertex 94.69 6.05 53.36
      vertex 92.4273 6.98726 63.9
      vertex 94.69 6.05 63.9
    endloop
  endfacet
  facet normal 0.38269 0.923877 0
    outer loop
      vertex 92.4273 6.98726 63.9
      vertex 94.69 6.05 53.36
      vertex 92.4273 6.98726 53.36
    endloop
  endfacet
  facet normal -0.923871 -0.382704 0
    outer loop
      vertex 97.89 18.25 53.36
      vertex 96.9527 20.5127 63.9
      vertex 96.9527 20.5127 53.36
    endloop
  endfacet
  facet normal -0.923871 -0.382704 0
    outer loop
      vertex 96.9527 20.5127 63.9
      vertex 97.89 18.25 53.36
      vertex 97.89 18.25 63.9
    endloop
  endfacet
  facet normal 0.923871 0.382704 0
    outer loop
      vertex 92.4273 15.9873 63.9
      vertex 91.49 18.25 53.36
      vertex 91.49 18.25 63.9
    endloop
  endfacet
  facet normal 0.923871 0.382704 0
    outer loop
      vertex 91.49 18.25 53.36
      vertex 92.4273 15.9873 63.9
      vertex 92.4273 15.9873 53.36
    endloop
  endfacet
  facet normal 0.382704 -0.923871 0
    outer loop
      vertex 92.4273 20.5127 53.36
      vertex 94.69 21.45 63.9
      vertex 92.4273 20.5127 63.9
    endloop
  endfacet
  facet normal 0.382704 -0.923871 0
    outer loop
      vertex 94.69 21.45 63.9
      vertex 92.4273 20.5127 53.36
      vertex 94.69 21.45 53.36
    endloop
  endfacet
  facet normal -0.382704 -0.923871 0
    outer loop
      vertex 94.69 21.45 53.36
      vertex 96.9527 20.5127 63.9
      vertex 94.69 21.45 63.9
    endloop
  endfacet
  facet normal -0.382704 -0.923871 -0
    outer loop
      vertex 96.9527 20.5127 63.9
      vertex 94.69 21.45 53.36
      vertex 96.9527 20.5127 53.36
    endloop
  endfacet
  facet normal 0.923871 -0.382704 0
    outer loop
      vertex 91.49 18.25 63.9
      vertex 92.4273 20.5127 53.36
      vertex 92.4273 20.5127 63.9
    endloop
  endfacet
  facet normal 0.923871 -0.382704 0
    outer loop
      vertex 92.4273 20.5127 53.36
      vertex 91.49 18.25 63.9
      vertex 91.49 18.25 53.36
    endloop
  endfacet
  facet normal 0 0 1
    outer loop
      vertex 96.9527 20.5127 53.36
      vertex 96.9527 15.9873 53.36
      vertex 97.89 18.25 53.36
    endloop
  endfacet
  facet normal 0 0 1
    outer loop
      vertex 94.69 21.45 53.36
      vertex 96.9527 15.9873 53.36
      vertex 96.9527 20.5127 53.36
    endloop
  endfacet
  facet normal 0 0 1
    outer loop
      vertex 94.69 21.45 53.36
      vertex 94.69 15.05 53.36
      vertex 96.9527 15.9873 53.36
    endloop
  endfacet
  facet normal -0 0 1
    outer loop
      vertex 92.4273 20.5127 53.36
      vertex 94.69 15.05 53.36
      vertex 94.69 21.45 53.36
    endloop
  endfacet
  facet normal 0 0 1
    outer loop
      vertex 92.4273 20.5127 53.36
      vertex 92.4273 15.9873 53.36
      vertex 94.69 15.05 53.36
    endloop
  endfacet
  facet normal 0 -0 1
    outer loop
      vertex 92.4273 15.9873 53.36
      vertex 92.4273 20.5127 53.36
      vertex 91.49 18.25 53.36
    endloop
  endfacet
  facet normal -0.923871 0.382704 0
    outer loop
      vertex 96.9527 15.9873 53.36
      vertex 97.89 18.25 63.9
      vertex 97.89 18.25 53.36
    endloop
  endfacet
  facet normal -0.923871 0.382704 0
    outer loop
      vertex 97.89 18.25 63.9
      vertex 96.9527 15.9873 53.36
      vertex 96.9527 15.9873 63.9
    endloop
  endfacet
  facet normal -0.382704 0.923871 0
    outer loop
      vertex 96.9527 15.9873 53.36
      vertex 94.69 15.05 63.9
      vertex 96.9527 15.9873 63.9
    endloop
  endfacet
  facet normal -0.382704 0.923871 0
    outer loop
      vertex 94.69 15.05 63.9
      vertex 96.9527 15.9873 53.36
      vertex 94.69 15.05 53.36
    endloop
  endfacet
  facet normal 0.382704 0.923871 -0
    outer loop
      vertex 94.69 15.05 53.36
      vertex 92.4273 15.9873 63.9
      vertex 94.69 15.05 63.9
    endloop
  endfacet
  facet normal 0.382704 0.923871 0
    outer loop
      vertex 92.4273 15.9873 63.9
      vertex 94.69 15.05 53.36
      vertex 92.4273 15.9873 53.36
    endloop
  endfacet
  facet normal -0.923871 -0.382704 0
    outer loop
      vertex 97.89 27.25 53.36
      vertex 96.9527 29.5127 63.9
      vertex 96.9527 29.5127 53.36
    endloop
  endfacet
  facet normal -0.923871 -0.382704 0
    outer loop
      vertex 96.9527 29.5127 63.9
      vertex 97.89 27.25 53.36
      vertex 97.89 27.25 63.9
    endloop
  endfacet
  facet normal 0.382704 -0.923871 0
    outer loop
      vertex 92.4273 29.5127 53.36
      vertex 94.69 30.45 63.9
      vertex 92.4273 29.5127 63.9
    endloop
  endfacet
  facet normal 0.382704 -0.923871 0
    outer loop
      vertex 94.69 30.45 63.9
      vertex 92.4273 29.5127 53.36
      vertex 94.69 30.45 53.36
    endloop
  endfacet
  facet normal -0.382704 -0.923871 0
    outer loop
      vertex 94.69 30.45 53.36
      vertex 96.9527 29.5127 63.9
      vertex 94.69 30.45 63.9
    endloop
  endfacet
  facet normal -0.382704 -0.923871 -0
    outer loop
      vertex 96.9527 29.5127 63.9
      vertex 94.69 30.45 53.36
      vertex 96.9527 29.5127 53.36
    endloop
  endfacet
  facet normal 0.923871 -0.382704 0
    outer loop
      vertex 91.49 27.25 63.9
      vertex 92.4273 29.5127 53.36
      vertex 92.4273 29.5127 63.9
    endloop
  endfacet
  facet normal 0.923871 -0.382704 0
    outer loop
      vertex 92.4273 29.5127 53.36
      vertex 91.49 27.25 63.9
      vertex 91.49 27.25 53.36
    endloop
  endfacet
  facet normal 0 0 1
    outer loop
      vertex 96.9527 29.5127 53.36
      vertex 96.9527 24.9873 53.36
      vertex 97.89 27.25 53.36
    endloop
  endfacet
  facet normal 0 0 1
    outer loop
      vertex 94.69 30.45 53.36
      vertex 96.9527 24.9873 53.36
      vertex 96.9527 29.5127 53.36
    endloop
  endfacet
  facet normal 0 0 1
    outer loop
      vertex 94.69 30.45 53.36
      vertex 94.69 24.05 53.36
      vertex 96.9527 24.9873 53.36
    endloop
  endfacet
  facet normal -0 0 1
    outer loop
      vertex 92.4273 29.5127 53.36
      vertex 94.69 24.05 53.36
      vertex 94.69 30.45 53.36
    endloop
  endfacet
  facet normal 0 0 1
    outer loop
      vertex 92.4273 29.5127 53.36
      vertex 92.4273 24.9873 53.36
      vertex 94.69 24.05 53.36
    endloop
  endfacet
  facet normal 0 -0 1
    outer loop
      vertex 92.4273 24.9873 53.36
      vertex 92.4273 29.5127 53.36
      vertex 91.49 27.25 53.36
    endloop
  endfacet
  facet normal -0.923871 0.382704 0
    outer loop
      vertex 96.9527 24.9873 53.36
      vertex 97.89 27.25 63.9
      vertex 97.89 27.25 53.36
    endloop
  endfacet
  facet normal -0.923871 0.382704 0
    outer loop
      vertex 97.89 27.25 63.9
      vertex 96.9527 24.9873 53.36
      vertex 96.9527 24.9873 63.9
    endloop
  endfacet
  facet normal 0.923871 0.382704 0
    outer loop
      vertex 92.4273 24.9873 63.9
      vertex 91.49 27.25 53.36
      vertex 91.49 27.25 63.9
    endloop
  endfacet
  facet normal 0.923871 0.382704 0
    outer loop
      vertex 91.49 27.25 53.36
      vertex 92.4273 24.9873 63.9
      vertex 92.4273 24.9873 53.36
    endloop
  endfacet
  facet normal -0.382704 0.923871 0
    outer loop
      vertex 96.9527 24.9873 53.36
      vertex 94.69 24.05 63.9
      vertex 96.9527 24.9873 63.9
    endloop
  endfacet
  facet normal -0.382704 0.923871 0
    outer loop
      vertex 94.69 24.05 63.9
      vertex 96.9527 24.9873 53.36
      vertex 94.69 24.05 53.36
    endloop
  endfacet
  facet normal 0.382704 0.923871 -0
    outer loop
      vertex 94.69 24.05 53.36
      vertex 92.4273 24.9873 63.9
      vertex 94.69 24.05 63.9
    endloop
  endfacet
  facet normal 0.382704 0.923871 0
    outer loop
      vertex 92.4273 24.9873 63.9
      vertex 94.69 24.05 53.36
      vertex 92.4273 24.9873 53.36
    endloop
  endfacet
  facet normal -0.923871 -0.382704 0
    outer loop
      vertex 97.89 36.25 53.36
      vertex 96.9527 38.5127 63.9
      vertex 96.9527 38.5127 53.36
    endloop
  endfacet
  facet normal -0.923871 -0.382704 0
    outer loop
      vertex 96.9527 38.5127 63.9
      vertex 97.89 36.25 53.36
      vertex 97.89 36.25 63.9
    endloop
  endfacet
  facet normal 0.923871 0.382704 0
    outer loop
      vertex 92.4273 33.9873 63.9
      vertex 91.49 36.25 53.36
      vertex 91.49 36.25 63.9
    endloop
  endfacet
  facet normal 0.923871 0.382704 0
    outer loop
      vertex 91.49 36.25 53.36
      vertex 92.4273 33.9873 63.9
      vertex 92.4273 33.9873 53.36
    endloop
  endfacet
  facet normal 0.382704 -0.923871 0
    outer loop
      vertex 92.4273 38.5127 53.36
      vertex 94.69 39.45 63.9
      vertex 92.4273 38.5127 63.9
    endloop
  endfacet
  facet normal 0.382704 -0.923871 0
    outer loop
      vertex 94.69 39.45 63.9
      vertex 92.4273 38.5127 53.36
      vertex 94.69 39.45 53.36
    endloop
  endfacet
  facet normal -0.382704 -0.923871 0
    outer loop
      vertex 94.69 39.45 53.36
      vertex 96.9527 38.5127 63.9
      vertex 94.69 39.45 63.9
    endloop
  endfacet
  facet normal -0.382704 -0.923871 -0
    outer loop
      vertex 96.9527 38.5127 63.9
      vertex 94.69 39.45 53.36
      vertex 96.9527 38.5127 53.36
    endloop
  endfacet
  facet normal 0.923871 -0.382704 0
    outer loop
      vertex 91.49 36.25 63.9
      vertex 92.4273 38.5127 53.36
      vertex 92.4273 38.5127 63.9
    endloop
  endfacet
  facet normal 0.923871 -0.382704 0
    outer loop
      vertex 92.4273 38.5127 53.36
      vertex 91.49 36.25 63.9
      vertex 91.49 36.25 53.36
    endloop
  endfacet
  facet normal 0 0 1
    outer loop
      vertex 96.9527 38.5127 53.36
      vertex 96.9527 33.9873 53.36
      vertex 97.89 36.25 53.36
    endloop
  endfacet
  facet normal 0 0 1
    outer loop
      vertex 94.69 39.45 53.36
      vertex 96.9527 33.9873 53.36
      vertex 96.9527 38.5127 53.36
    endloop
  endfacet
  facet normal 0 0 1
    outer loop
      vertex 94.69 39.45 53.36
      vertex 94.69 33.05 53.36
      vertex 96.9527 33.9873 53.36
    endloop
  endfacet
  facet normal -0 0 1
    outer loop
      vertex 92.4273 38.5127 53.36
      vertex 94.69 33.05 53.36
      vertex 94.69 39.45 53.36
    endloop
  endfacet
  facet normal 0 0 1
    outer loop
      vertex 92.4273 38.5127 53.36
      vertex 92.4273 33.9873 53.36
      vertex 94.69 33.05 53.36
    endloop
  endfacet
  facet normal 0 -0 1
    outer loop
      vertex 92.4273 33.9873 53.36
      vertex 92.4273 38.5127 53.36
      vertex 91.49 36.25 53.36
    endloop
  endfacet
  facet normal -0.923871 0.382704 0
    outer loop
      vertex 96.9527 33.9873 53.36
      vertex 97.89 36.25 63.9
      vertex 97.89 36.25 53.36
    endloop
  endfacet
  facet normal -0.923871 0.382704 0
    outer loop
      vertex 97.89 36.25 63.9
      vertex 96.9527 33.9873 53.36
      vertex 96.9527 33.9873 63.9
    endloop
  endfacet
  facet normal -0.382704 0.923871 0
    outer loop
      vertex 96.9527 33.9873 53.36
      vertex 94.69 33.05 63.9
      vertex 96.9527 33.9873 63.9
    endloop
  endfacet
  facet normal -0.382704 0.923871 0
    outer loop
      vertex 94.69 33.05 63.9
      vertex 96.9527 33.9873 53.36
      vertex 94.69 33.05 53.36
    endloop
  endfacet
  facet normal 0.382704 0.923871 -0
    outer loop
      vertex 94.69 33.05 53.36
      vertex 92.4273 33.9873 63.9
      vertex 94.69 33.05 63.9
    endloop
  endfacet
  facet normal 0.382704 0.923871 0
    outer loop
      vertex 92.4273 33.9873 63.9
      vertex 94.69 33.05 53.36
      vertex 92.4273 33.9873 53.36
    endloop
  endfacet
  facet normal -0.923871 -0.382704 0
    outer loop
      vertex 97.89 45.25 53.36
      vertex 96.9527 47.5127 63.9
      vertex 96.9527 47.5127 53.36
    endloop
  endfacet
  facet normal -0.923871 -0.382704 0
    outer loop
      vertex 96.9527 47.5127 63.9
      vertex 97.89 45.25 53.36
      vertex 97.89 45.25 63.9
    endloop
  endfacet
  facet normal 0.382704 -0.923871 0
    outer loop
      vertex 92.4273 47.5127 53.36
      vertex 94.69 48.45 63.9
      vertex 92.4273 47.5127 63.9
    endloop
  endfacet
  facet normal 0.382704 -0.923871 0
    outer loop
      vertex 94.69 48.45 63.9
      vertex 92.4273 47.5127 53.36
      vertex 94.69 48.45 53.36
    endloop
  endfacet
  facet normal -0.382704 -0.923871 0
    outer loop
      vertex 94.69 48.45 53.36
      vertex 96.9527 47.5127 63.9
      vertex 94.69 48.45 63.9
    endloop
  endfacet
  facet normal -0.382704 -0.923871 -0
    outer loop
      vertex 96.9527 47.5127 63.9
      vertex 94.69 48.45 53.36
      vertex 96.9527 47.5127 53.36
    endloop
  endfacet
  facet normal 0.923871 -0.382704 0
    outer loop
      vertex 91.49 45.25 63.9
      vertex 92.4273 47.5127 53.36
      vertex 92.4273 47.5127 63.9
    endloop
  endfacet
  facet normal 0.923871 -0.382704 0
    outer loop
      vertex 92.4273 47.5127 53.36
      vertex 91.49 45.25 63.9
      vertex 91.49 45.25 53.36
    endloop
  endfacet
  facet normal 0 0 1
    outer loop
      vertex 96.9527 47.5127 53.36
      vertex 96.9527 42.9873 53.36
      vertex 97.89 45.25 53.36
    endloop
  endfacet
  facet normal 0 0 1
    outer loop
      vertex 94.69 48.45 53.36
      vertex 96.9527 42.9873 53.36
      vertex 96.9527 47.5127 53.36
    endloop
  endfacet
  facet normal 0 0 1
    outer loop
      vertex 94.69 48.45 53.36
      vertex 94.69 42.05 53.36
      vertex 96.9527 42.9873 53.36
    endloop
  endfacet
  facet normal -0 0 1
    outer loop
      vertex 92.4273 47.5127 53.36
      vertex 94.69 42.05 53.36
      vertex 94.69 48.45 53.36
    endloop
  endfacet
  facet normal 0 0 1
    outer loop
      vertex 92.4273 47.5127 53.36
      vertex 92.4273 42.9873 53.36
      vertex 94.69 42.05 53.36
    endloop
  endfacet
  facet normal 0 -0 1
    outer loop
      vertex 92.4273 42.9873 53.36
      vertex 92.4273 47.5127 53.36
      vertex 91.49 45.25 53.36
    endloop
  endfacet
  facet normal -0.923871 0.382704 0
    outer loop
      vertex 96.9527 42.9873 53.36
      vertex 97.89 45.25 63.9
      vertex 97.89 45.25 53.36
    endloop
  endfacet
  facet normal -0.923871 0.382704 0
    outer loop
      vertex 97.89 45.25 63.9
      vertex 96.9527 42.9873 53.36
      vertex 96.9527 42.9873 63.9
    endloop
  endfacet
  facet normal 0.923871 0.382704 0
    outer loop
      vertex 92.4273 42.9873 63.9
      vertex 91.49 45.25 53.36
      vertex 91.49 45.25 63.9
    endloop
  endfacet
  facet normal 0.923871 0.382704 0
    outer loop
      vertex 91.49 45.25 53.36
      vertex 92.4273 42.9873 63.9
      vertex 92.4273 42.9873 53.36
    endloop
  endfacet
  facet normal -0.382704 0.923871 0
    outer loop
      vertex 96.9527 42.9873 53.36
      vertex 94.69 42.05 63.9
      vertex 96.9527 42.9873 63.9
    endloop
  endfacet
  facet normal -0.382704 0.923871 0
    outer loop
      vertex 94.69 42.05 63.9
      vertex 96.9527 42.9873 53.36
      vertex 94.69 42.05 53.36
    endloop
  endfacet
  facet normal 0.382704 0.923871 -0
    outer loop
      vertex 94.69 42.05 53.36
      vertex 92.4273 42.9873 63.9
      vertex 94.69 42.05 63.9
    endloop
  endfacet
  facet normal 0.382704 0.923871 0
    outer loop
      vertex 92.4273 42.9873 63.9
      vertex 94.69 42.05 53.36
      vertex 92.4273 42.9873 53.36
    endloop
  endfacet
  facet normal -0.923871 -0.382704 0
    outer loop
      vertex 97.89 54.25 53.36
      vertex 96.9527 56.5127 63.9
      vertex 96.9527 56.5127 53.36
    endloop
  endfacet
  facet normal -0.923871 -0.382704 0
    outer loop
      vertex 96.9527 56.5127 63.9
      vertex 97.89 54.25 53.36
      vertex 97.89 54.25 63.9
    endloop
  endfacet
  facet normal 0.382704 0.923871 -0
    outer loop
      vertex 94.69 51.05 53.36
      vertex 92.4273 51.9873 63.9
      vertex 94.69 51.05 63.9
    endloop
  endfacet
  facet normal 0.382704 0.923871 0
    outer loop
      vertex 92.4273 51.9873 63.9
      vertex 94.69 51.05 53.36
      vertex 92.4273 51.9873 53.36
    endloop
  endfacet
  facet normal 0.382704 -0.923871 0
    outer loop
      vertex 92.4273 56.5127 53.36
      vertex 94.69 57.45 63.9
      vertex 92.4273 56.5127 63.9
    endloop
  endfacet
  facet normal 0.382704 -0.923871 0
    outer loop
      vertex 94.69 57.45 63.9
      vertex 92.4273 56.5127 53.36
      vertex 94.69 57.45 53.36
    endloop
  endfacet
  facet normal -0.382704 -0.923871 0
    outer loop
      vertex 94.69 57.45 53.36
      vertex 96.9527 56.5127 63.9
      vertex 94.69 57.45 63.9
    endloop
  endfacet
  facet normal -0.382704 -0.923871 -0
    outer loop
      vertex 96.9527 56.5127 63.9
      vertex 94.69 57.45 53.36
      vertex 96.9527 56.5127 53.36
    endloop
  endfacet
  facet normal 0.923871 -0.382704 0
    outer loop
      vertex 91.49 54.25 63.9
      vertex 92.4273 56.5127 53.36
      vertex 92.4273 56.5127 63.9
    endloop
  endfacet
  facet normal 0.923871 -0.382704 0
    outer loop
      vertex 92.4273 56.5127 53.36
      vertex 91.49 54.25 63.9
      vertex 91.49 54.25 53.36
    endloop
  endfacet
  facet normal 0 0 1
    outer loop
      vertex 96.9527 56.5127 53.36
      vertex 96.9527 51.9873 53.36
      vertex 97.89 54.25 53.36
    endloop
  endfacet
  facet normal 0 0 1
    outer loop
      vertex 94.69 57.45 53.36
      vertex 96.9527 51.9873 53.36
      vertex 96.9527 56.5127 53.36
    endloop
  endfacet
  facet normal 0 0 1
    outer loop
      vertex 94.69 57.45 53.36
      vertex 94.69 51.05 53.36
      vertex 96.9527 51.9873 53.36
    endloop
  endfacet
  facet normal -0 0 1
    outer loop
      vertex 92.4273 56.5127 53.36
      vertex 94.69 51.05 53.36
      vertex 94.69 57.45 53.36
    endloop
  endfacet
  facet normal 0 0 1
    outer loop
      vertex 92.4273 56.5127 53.36
      vertex 92.4273 51.9873 53.36
      vertex 94.69 51.05 53.36
    endloop
  endfacet
  facet normal 0 -0 1
    outer loop
      vertex 92.4273 51.9873 53.36
      vertex 92.4273 56.5127 53.36
      vertex 91.49 54.25 53.36
    endloop
  endfacet
  facet normal -0.923871 0.382704 0
    outer loop
      vertex 96.9527 51.9873 53.36
      vertex 97.89 54.25 63.9
      vertex 97.89 54.25 53.36
    endloop
  endfacet
  facet normal -0.923871 0.382704 0
    outer loop
      vertex 97.89 54.25 63.9
      vertex 96.9527 51.9873 53.36
      vertex 96.9527 51.9873 63.9
    endloop
  endfacet
  facet normal 0.923871 0.382704 0
    outer loop
      vertex 92.4273 51.9873 63.9
      vertex 91.49 54.25 53.36
      vertex 91.49 54.25 63.9
    endloop
  endfacet
  facet normal 0.923871 0.382704 0
    outer loop
      vertex 91.49 54.25 53.36
      vertex 92.4273 51.9873 63.9
      vertex 92.4273 51.9873 53.36
    endloop
  endfacet
  facet normal -0.382704 0.923871 0
    outer loop
      vertex 96.9527 51.9873 53.36
      vertex 94.69 51.05 63.9
      vertex 96.9527 51.9873 63.9
    endloop
  endfacet
  facet normal -0.382704 0.923871 0
    outer loop
      vertex 94.69 51.05 63.9
      vertex 96.9527 51.9873 53.36
      vertex 94.69 51.05 53.36
    endloop
  endfacet
  facet normal -0.923871 -0.382704 0
    outer loop
      vertex 97.89 63.25 53.36
      vertex 96.9527 65.5127 63.9
      vertex 96.9527 65.5127 53.36
    endloop
  endfacet
  facet normal -0.923871 -0.382704 0
    outer loop
      vertex 96.9527 65.5127 63.9
      vertex 97.89 63.25 53.36
      vertex 97.89 63.25 63.9
    endloop
  endfacet
  facet normal 0.382704 -0.923871 0
    outer loop
      vertex 92.4273 65.5127 53.36
      vertex 94.69 66.45 63.9
      vertex 92.4273 65.5127 63.9
    endloop
  endfacet
  facet normal 0.382704 -0.923871 0
    outer loop
      vertex 94.69 66.45 63.9
      vertex 92.4273 65.5127 53.36
      vertex 94.69 66.45 53.36
    endloop
  endfacet
  facet normal -0.382704 -0.923871 0
    outer loop
      vertex 94.69 66.45 53.36
      vertex 96.9527 65.5127 63.9
      vertex 94.69 66.45 63.9
    endloop
  endfacet
  facet normal -0.382704 -0.923871 -0
    outer loop
      vertex 96.9527 65.5127 63.9
      vertex 94.69 66.45 53.36
      vertex 96.9527 65.5127 53.36
    endloop
  endfacet
  facet normal 0.923871 -0.382704 0
    outer loop
      vertex 91.49 63.25 63.9
      vertex 92.4273 65.5127 53.36
      vertex 92.4273 65.5127 63.9
    endloop
  endfacet
  facet normal 0.923871 -0.382704 0
    outer loop
      vertex 92.4273 65.5127 53.36
      vertex 91.49 63.25 63.9
      vertex 91.49 63.25 53.36
    endloop
  endfacet
  facet normal 0 0 1
    outer loop
      vertex 96.9527 65.5127 53.36
      vertex 96.9527 60.9873 53.36
      vertex 97.89 63.25 53.36
    endloop
  endfacet
  facet normal 0 0 1
    outer loop
      vertex 94.69 66.45 53.36
      vertex 96.9527 60.9873 53.36
      vertex 96.9527 65.5127 53.36
    endloop
  endfacet
  facet normal 0 0 1
    outer loop
      vertex 94.69 66.45 53.36
      vertex 94.69 60.05 53.36
      vertex 96.9527 60.9873 53.36
    endloop
  endfacet
  facet normal -0 0 1
    outer loop
      vertex 92.4273 65.5127 53.36
      vertex 94.69 60.05 53.36
      vertex 94.69 66.45 53.36
    endloop
  endfacet
  facet normal 0 0 1
    outer loop
      vertex 92.4273 65.5127 53.36
      vertex 92.4273 60.9873 53.36
      vertex 94.69 60.05 53.36
    endloop
  endfacet
  facet normal 0 -0 1
    outer loop
      vertex 92.4273 60.9873 53.36
      vertex 92.4273 65.5127 53.36
      vertex 91.49 63.25 53.36
    endloop
  endfacet
  facet normal -0.923871 0.382704 0
    outer loop
      vertex 96.9527 60.9873 53.36
      vertex 97.89 63.25 63.9
      vertex 97.89 63.25 53.36
    endloop
  endfacet
  facet normal -0.923871 0.382704 0
    outer loop
      vertex 97.89 63.25 63.9
      vertex 96.9527 60.9873 53.36
      vertex 96.9527 60.9873 63.9
    endloop
  endfacet
  facet normal 0.923871 0.382704 0
    outer loop
      vertex 92.4273 60.9873 63.9
      vertex 91.49 63.25 53.36
      vertex 91.49 63.25 63.9
    endloop
  endfacet
  facet normal 0.923871 0.382704 0
    outer loop
      vertex 91.49 63.25 53.36
      vertex 92.4273 60.9873 63.9
      vertex 92.4273 60.9873 53.36
    endloop
  endfacet
  facet normal -0.382704 0.923871 0
    outer loop
      vertex 96.9527 60.9873 53.36
      vertex 94.69 60.05 63.9
      vertex 96.9527 60.9873 63.9
    endloop
  endfacet
  facet normal -0.382704 0.923871 0
    outer loop
      vertex 94.69 60.05 63.9
      vertex 96.9527 60.9873 53.36
      vertex 94.69 60.05 53.36
    endloop
  endfacet
  facet normal 0.382704 0.923871 -0
    outer loop
      vertex 94.69 60.05 53.36
      vertex 92.4273 60.9873 63.9
      vertex 94.69 60.05 63.9
    endloop
  endfacet
  facet normal 0.382704 0.923871 0
    outer loop
      vertex 92.4273 60.9873 63.9
      vertex 94.69 60.05 53.36
      vertex 92.4273 60.9873 53.36
    endloop
  endfacet
  facet normal -0.923871 -0.382704 0
    outer loop
      vertex 97.89 72.25 53.36
      vertex 96.9527 74.5127 63.9
      vertex 96.9527 74.5127 53.36
    endloop
  endfacet
  facet normal -0.923871 -0.382704 0
    outer loop
      vertex 96.9527 74.5127 63.9
      vertex 97.89 72.25 53.36
      vertex 97.89 72.25 63.9
    endloop
  endfacet
  facet normal 0.923871 0.382704 0
    outer loop
      vertex 92.4273 69.9873 63.9
      vertex 91.49 72.25 53.36
      vertex 91.49 72.25 63.9
    endloop
  endfacet
  facet normal 0.923871 0.382704 0
    outer loop
      vertex 91.49 72.25 53.36
      vertex 92.4273 69.9873 63.9
      vertex 92.4273 69.9873 53.36
    endloop
  endfacet
  facet normal 0.382704 -0.923871 0
    outer loop
      vertex 92.4273 74.5127 53.36
      vertex 94.69 75.45 63.9
      vertex 92.4273 74.5127 63.9
    endloop
  endfacet
  facet normal 0.382704 -0.923871 0
    outer loop
      vertex 94.69 75.45 63.9
      vertex 92.4273 74.5127 53.36
      vertex 94.69 75.45 53.36
    endloop
  endfacet
  facet normal -0.382704 -0.923871 0
    outer loop
      vertex 94.69 75.45 53.36
      vertex 96.9527 74.5127 63.9
      vertex 94.69 75.45 63.9
    endloop
  endfacet
  facet normal -0.382704 -0.923871 -0
    outer loop
      vertex 96.9527 74.5127 63.9
      vertex 94.69 75.45 53.36
      vertex 96.9527 74.5127 53.36
    endloop
  endfacet
  facet normal 0.923871 -0.382704 0
    outer loop
      vertex 91.49 72.25 63.9
      vertex 92.4273 74.5127 53.36
      vertex 92.4273 74.5127 63.9
    endloop
  endfacet
  facet normal 0.923871 -0.382704 0
    outer loop
      vertex 92.4273 74.5127 53.36
      vertex 91.49 72.25 63.9
      vertex 91.49 72.25 53.36
    endloop
  endfacet
  facet normal 0 0 1
    outer loop
      vertex 96.9527 74.5127 53.36
      vertex 96.9527 69.9873 53.36
      vertex 97.89 72.25 53.36
    endloop
  endfacet
  facet normal 0 0 1
    outer loop
      vertex 94.69 75.45 53.36
      vertex 96.9527 69.9873 53.36
      vertex 96.9527 74.5127 53.36
    endloop
  endfacet
  facet normal 0 0 1
    outer loop
      vertex 94.69 75.45 53.36
      vertex 94.69 69.05 53.36
      vertex 96.9527 69.9873 53.36
    endloop
  endfacet
  facet normal -0 0 1
    outer loop
      vertex 92.4273 74.5127 53.36
      vertex 94.69 69.05 53.36
      vertex 94.69 75.45 53.36
    endloop
  endfacet
  facet normal 0 0 1
    outer loop
      vertex 92.4273 74.5127 53.36
      vertex 92.4273 69.9873 53.36
      vertex 94.69 69.05 53.36
    endloop
  endfacet
  facet normal 0 -0 1
    outer loop
      vertex 92.4273 69.9873 53.36
      vertex 92.4273 74.5127 53.36
      vertex 91.49 72.25 53.36
    endloop
  endfacet
  facet normal -0.923871 0.382704 0
    outer loop
      vertex 96.9527 69.9873 53.36
      vertex 97.89 72.25 63.9
      vertex 97.89 72.25 53.36
    endloop
  endfacet
  facet normal -0.923871 0.382704 0
    outer loop
      vertex 97.89 72.25 63.9
      vertex 96.9527 69.9873 53.36
      vertex 96.9527 69.9873 63.9
    endloop
  endfacet
  facet normal -0.382704 0.923871 0
    outer loop
      vertex 96.9527 69.9873 53.36
      vertex 94.69 69.05 63.9
      vertex 96.9527 69.9873 63.9
    endloop
  endfacet
  facet normal -0.382704 0.923871 0
    outer loop
      vertex 94.69 69.05 63.9
      vertex 96.9527 69.9873 53.36
      vertex 94.69 69.05 53.36
    endloop
  endfacet
  facet normal 0.382704 0.923871 -0
    outer loop
      vertex 94.69 69.05 53.36
      vertex 92.4273 69.9873 63.9
      vertex 94.69 69.05 63.9
    endloop
  endfacet
  facet normal 0.382704 0.923871 0
    outer loop
      vertex 92.4273 69.9873 63.9
      vertex 94.69 69.05 53.36
      vertex 92.4273 69.9873 53.36
    endloop
  endfacet
  facet normal -0.923914 -0.382599 0
    outer loop
      vertex 106.89 9.25 53.36
      vertex 105.953 11.5127 63.9
      vertex 105.953 11.5127 53.36
    endloop
  endfacet
  facet normal -0.923914 -0.382599 0
    outer loop
      vertex 105.953 11.5127 63.9
      vertex 106.89 9.25 53.36
      vertex 106.89 9.25 63.9
    endloop
  endfacet
  facet normal 0.382661 -0.923889 0
    outer loop
      vertex 101.427 11.5127 53.36
      vertex 103.69 12.45 63.9
      vertex 101.427 11.5127 63.9
    endloop
  endfacet
  facet normal 0.382661 -0.923889 0
    outer loop
      vertex 103.69 12.45 63.9
      vertex 101.427 11.5127 53.36
      vertex 103.69 12.45 53.36
    endloop
  endfacet
  facet normal -0.382661 -0.923889 0
    outer loop
      vertex 103.69 12.45 53.36
      vertex 105.953 11.5127 63.9
      vertex 103.69 12.45 63.9
    endloop
  endfacet
  facet normal -0.382661 -0.923889 -0
    outer loop
      vertex 105.953 11.5127 63.9
      vertex 103.69 12.45 53.36
      vertex 105.953 11.5127 53.36
    endloop
  endfacet
  facet normal 0.923914 -0.382599 0
    outer loop
      vertex 100.49 9.25 63.9
      vertex 101.427 11.5127 53.36
      vertex 101.427 11.5127 63.9
    endloop
  endfacet
  facet normal 0.923914 -0.382599 0
    outer loop
      vertex 101.427 11.5127 53.36
      vertex 100.49 9.25 63.9
      vertex 100.49 9.25 53.36
    endloop
  endfacet
  facet normal 0 0 1
    outer loop
      vertex 105.953 11.5127 53.36
      vertex 105.953 6.98726 53.36
      vertex 106.89 9.25 53.36
    endloop
  endfacet
  facet normal 0 0 1
    outer loop
      vertex 103.69 12.45 53.36
      vertex 105.953 6.98726 53.36
      vertex 105.953 11.5127 53.36
    endloop
  endfacet
  facet normal 0 0 1
    outer loop
      vertex 103.69 12.45 53.36
      vertex 103.69 6.05 53.36
      vertex 105.953 6.98726 53.36
    endloop
  endfacet
  facet normal -0 0 1
    outer loop
      vertex 101.427 11.5127 53.36
      vertex 103.69 6.05 53.36
      vertex 103.69 12.45 53.36
    endloop
  endfacet
  facet normal 0 0 1
    outer loop
      vertex 101.427 11.5127 53.36
      vertex 101.427 6.98726 53.36
      vertex 103.69 6.05 53.36
    endloop
  endfacet
  facet normal 0 -0 1
    outer loop
      vertex 101.427 6.98726 53.36
      vertex 101.427 11.5127 53.36
      vertex 100.49 9.25 53.36
    endloop
  endfacet
  facet normal -0.923917 0.382594 0
    outer loop
      vertex 105.953 6.98726 53.36
      vertex 106.89 9.25 63.9
      vertex 106.89 9.25 53.36
    endloop
  endfacet
  facet normal -0.923917 0.382594 0
    outer loop
      vertex 106.89 9.25 63.9
      vertex 105.953 6.98726 53.36
      vertex 105.953 6.98726 63.9
    endloop
  endfacet
  facet normal 0.923917 0.382594 0
    outer loop
      vertex 101.427 6.98726 63.9
      vertex 100.49 9.25 53.36
      vertex 100.49 9.25 63.9
    endloop
  endfacet
  facet normal 0.923917 0.382594 0
    outer loop
      vertex 100.49 9.25 53.36
      vertex 101.427 6.98726 63.9
      vertex 101.427 6.98726 53.36
    endloop
  endfacet
  facet normal -0.382647 0.923895 0
    outer loop
      vertex 105.953 6.98726 53.36
      vertex 103.69 6.05 63.9
      vertex 105.953 6.98726 63.9
    endloop
  endfacet
  facet normal -0.382647 0.923895 0
    outer loop
      vertex 103.69 6.05 63.9
      vertex 105.953 6.98726 53.36
      vertex 103.69 6.05 53.36
    endloop
  endfacet
  facet normal 0.382647 0.923895 -0
    outer loop
      vertex 103.69 6.05 53.36
      vertex 101.427 6.98726 63.9
      vertex 103.69 6.05 63.9
    endloop
  endfacet
  facet normal 0.382647 0.923895 0
    outer loop
      vertex 101.427 6.98726 63.9
      vertex 103.69 6.05 53.36
      vertex 101.427 6.98726 53.36
    endloop
  endfacet
  facet normal -0.923914 -0.382599 0
    outer loop
      vertex 106.89 18.25 53.36
      vertex 105.953 20.5127 63.9
      vertex 105.953 20.5127 53.36
    endloop
  endfacet
  facet normal -0.923914 -0.382599 0
    outer loop
      vertex 105.953 20.5127 63.9
      vertex 106.89 18.25 53.36
      vertex 106.89 18.25 63.9
    endloop
  endfacet
  facet normal 0.923914 0.382599 0
    outer loop
      vertex 101.427 15.9873 63.9
      vertex 100.49 18.25 53.36
      vertex 100.49 18.25 63.9
    endloop
  endfacet
  facet normal 0.923914 0.382599 0
    outer loop
      vertex 100.49 18.25 53.36
      vertex 101.427 15.9873 63.9
      vertex 101.427 15.9873 53.36
    endloop
  endfacet
  facet normal 0.382661 0.923889 -0
    outer loop
      vertex 103.69 15.05 53.36
      vertex 101.427 15.9873 63.9
      vertex 103.69 15.05 63.9
    endloop
  endfacet
  facet normal 0.382661 0.923889 0
    outer loop
      vertex 101.427 15.9873 63.9
      vertex 103.69 15.05 53.36
      vertex 101.427 15.9873 53.36
    endloop
  endfacet
  facet normal 0.382661 -0.923889 0
    outer loop
      vertex 101.427 20.5127 53.36
      vertex 103.69 21.45 63.9
      vertex 101.427 20.5127 63.9
    endloop
  endfacet
  facet normal 0.382661 -0.923889 0
    outer loop
      vertex 103.69 21.45 63.9
      vertex 101.427 20.5127 53.36
      vertex 103.69 21.45 53.36
    endloop
  endfacet
  facet normal -0.382661 -0.923889 0
    outer loop
      vertex 103.69 21.45 53.36
      vertex 105.953 20.5127 63.9
      vertex 103.69 21.45 63.9
    endloop
  endfacet
  facet normal -0.382661 -0.923889 -0
    outer loop
      vertex 105.953 20.5127 63.9
      vertex 103.69 21.45 53.36
      vertex 105.953 20.5127 53.36
    endloop
  endfacet
  facet normal 0.923914 -0.382599 0
    outer loop
      vertex 100.49 18.25 63.9
      vertex 101.427 20.5127 53.36
      vertex 101.427 20.5127 63.9
    endloop
  endfacet
  facet normal 0.923914 -0.382599 0
    outer loop
      vertex 101.427 20.5127 53.36
      vertex 100.49 18.25 63.9
      vertex 100.49 18.25 53.36
    endloop
  endfacet
  facet normal 0 0 1
    outer loop
      vertex 105.953 20.5127 53.36
      vertex 105.953 15.9873 53.36
      vertex 106.89 18.25 53.36
    endloop
  endfacet
  facet normal 0 0 1
    outer loop
      vertex 103.69 21.45 53.36
      vertex 105.953 15.9873 53.36
      vertex 105.953 20.5127 53.36
    endloop
  endfacet
  facet normal 0 0 1
    outer loop
      vertex 103.69 21.45 53.36
      vertex 103.69 15.05 53.36
      vertex 105.953 15.9873 53.36
    endloop
  endfacet
  facet normal -0 0 1
    outer loop
      vertex 101.427 20.5127 53.36
      vertex 103.69 15.05 53.36
      vertex 103.69 21.45 53.36
    endloop
  endfacet
  facet normal 0 0 1
    outer loop
      vertex 101.427 20.5127 53.36
      vertex 101.427 15.9873 53.36
      vertex 103.69 15.05 53.36
    endloop
  endfacet
  facet normal 0 -0 1
    outer loop
      vertex 101.427 15.9873 53.36
      vertex 101.427 20.5127 53.36
      vertex 100.49 18.25 53.36
    endloop
  endfacet
  facet normal -0.382661 0.923889 0
    outer loop
      vertex 105.953 15.9873 53.36
      vertex 103.69 15.05 63.9
      vertex 105.953 15.9873 63.9
    endloop
  endfacet
  facet normal -0.382661 0.923889 0
    outer loop
      vertex 103.69 15.05 63.9
      vertex 105.953 15.9873 53.36
      vertex 103.69 15.05 53.36
    endloop
  endfacet
  facet normal -0.923914 0.382599 0
    outer loop
      vertex 105.953 15.9873 53.36
      vertex 106.89 18.25 63.9
      vertex 106.89 18.25 53.36
    endloop
  endfacet
  facet normal -0.923914 0.382599 0
    outer loop
      vertex 106.89 18.25 63.9
      vertex 105.953 15.9873 53.36
      vertex 105.953 15.9873 63.9
    endloop
  endfacet
  facet normal -0.923914 -0.382599 0
    outer loop
      vertex 106.89 27.25 53.36
      vertex 105.953 29.5127 63.9
      vertex 105.953 29.5127 53.36
    endloop
  endfacet
  facet normal -0.923914 -0.382599 0
    outer loop
      vertex 105.953 29.5127 63.9
      vertex 106.89 27.25 53.36
      vertex 106.89 27.25 63.9
    endloop
  endfacet
  facet normal 0.382661 -0.923889 0
    outer loop
      vertex 101.427 29.5127 53.36
      vertex 103.69 30.45 63.9
      vertex 101.427 29.5127 63.9
    endloop
  endfacet
  facet normal 0.382661 -0.923889 0
    outer loop
      vertex 103.69 30.45 63.9
      vertex 101.427 29.5127 53.36
      vertex 103.69 30.45 53.36
    endloop
  endfacet
  facet normal -0.382661 -0.923889 0
    outer loop
      vertex 103.69 30.45 53.36
      vertex 105.953 29.5127 63.9
      vertex 103.69 30.45 63.9
    endloop
  endfacet
  facet normal -0.382661 -0.923889 -0
    outer loop
      vertex 105.953 29.5127 63.9
      vertex 103.69 30.45 53.36
      vertex 105.953 29.5127 53.36
    endloop
  endfacet
  facet normal 0.923914 -0.382599 0
    outer loop
      vertex 100.49 27.25 63.9
      vertex 101.427 29.5127 53.36
      vertex 101.427 29.5127 63.9
    endloop
  endfacet
  facet normal 0.923914 -0.382599 0
    outer loop
      vertex 101.427 29.5127 53.36
      vertex 100.49 27.25 63.9
      vertex 100.49 27.25 53.36
    endloop
  endfacet
  facet normal 0 0 1
    outer loop
      vertex 105.953 29.5127 53.36
      vertex 105.953 24.9873 53.36
      vertex 106.89 27.25 53.36
    endloop
  endfacet
  facet normal 0 0 1
    outer loop
      vertex 103.69 30.45 53.36
      vertex 105.953 24.9873 53.36
      vertex 105.953 29.5127 53.36
    endloop
  endfacet
  facet normal 0 0 1
    outer loop
      vertex 103.69 30.45 53.36
      vertex 103.69 24.05 53.36
      vertex 105.953 24.9873 53.36
    endloop
  endfacet
  facet normal -0 0 1
    outer loop
      vertex 101.427 29.5127 53.36
      vertex 103.69 24.05 53.36
      vertex 103.69 30.45 53.36
    endloop
  endfacet
  facet normal 0 0 1
    outer loop
      vertex 101.427 29.5127 53.36
      vertex 101.427 24.9873 53.36
      vertex 103.69 24.05 53.36
    endloop
  endfacet
  facet normal 0 -0 1
    outer loop
      vertex 101.427 24.9873 53.36
      vertex 101.427 29.5127 53.36
      vertex 100.49 27.25 53.36
    endloop
  endfacet
  facet normal -0.923914 0.382599 0
    outer loop
      vertex 105.953 24.9873 53.36
      vertex 106.89 27.25 63.9
      vertex 106.89 27.25 53.36
    endloop
  endfacet
  facet normal -0.923914 0.382599 0
    outer loop
      vertex 106.89 27.25 63.9
      vertex 105.953 24.9873 53.36
      vertex 105.953 24.9873 63.9
    endloop
  endfacet
  facet normal 0.923914 0.382599 0
    outer loop
      vertex 101.427 24.9873 63.9
      vertex 100.49 27.25 53.36
      vertex 100.49 27.25 63.9
    endloop
  endfacet
  facet normal 0.923914 0.382599 0
    outer loop
      vertex 100.49 27.25 53.36
      vertex 101.427 24.9873 63.9
      vertex 101.427 24.9873 53.36
    endloop
  endfacet
  facet normal -0.382661 0.923889 0
    outer loop
      vertex 105.953 24.9873 53.36
      vertex 103.69 24.05 63.9
      vertex 105.953 24.9873 63.9
    endloop
  endfacet
  facet normal -0.382661 0.923889 0
    outer loop
      vertex 103.69 24.05 63.9
      vertex 105.953 24.9873 53.36
      vertex 103.69 24.05 53.36
    endloop
  endfacet
  facet normal 0.382661 0.923889 -0
    outer loop
      vertex 103.69 24.05 53.36
      vertex 101.427 24.9873 63.9
      vertex 103.69 24.05 63.9
    endloop
  endfacet
  facet normal 0.382661 0.923889 0
    outer loop
      vertex 101.427 24.9873 63.9
      vertex 103.69 24.05 53.36
      vertex 101.427 24.9873 53.36
    endloop
  endfacet
  facet normal -0.923914 -0.382599 0
    outer loop
      vertex 106.89 36.25 53.36
      vertex 105.953 38.5127 63.9
      vertex 105.953 38.5127 53.36
    endloop
  endfacet
  facet normal -0.923914 -0.382599 0
    outer loop
      vertex 105.953 38.5127 63.9
      vertex 106.89 36.25 53.36
      vertex 106.89 36.25 63.9
    endloop
  endfacet
  facet normal 0.923914 0.382599 0
    outer loop
      vertex 101.427 33.9873 63.9
      vertex 100.49 36.25 53.36
      vertex 100.49 36.25 63.9
    endloop
  endfacet
  facet normal 0.923914 0.382599 0
    outer loop
      vertex 100.49 36.25 53.36
      vertex 101.427 33.9873 63.9
      vertex 101.427 33.9873 53.36
    endloop
  endfacet
  facet normal 0.382661 0.923889 -0
    outer loop
      vertex 103.69 33.05 53.36
      vertex 101.427 33.9873 63.9
      vertex 103.69 33.05 63.9
    endloop
  endfacet
  facet normal 0.382661 0.923889 0
    outer loop
      vertex 101.427 33.9873 63.9
      vertex 103.69 33.05 53.36
      vertex 101.427 33.9873 53.36
    endloop
  endfacet
  facet normal 0.382661 -0.923889 0
    outer loop
      vertex 101.427 38.5127 53.36
      vertex 103.69 39.45 63.9
      vertex 101.427 38.5127 63.9
    endloop
  endfacet
  facet normal 0.382661 -0.923889 0
    outer loop
      vertex 103.69 39.45 63.9
      vertex 101.427 38.5127 53.36
      vertex 103.69 39.45 53.36
    endloop
  endfacet
  facet normal -0.382661 -0.923889 0
    outer loop
      vertex 103.69 39.45 53.36
      vertex 105.953 38.5127 63.9
      vertex 103.69 39.45 63.9
    endloop
  endfacet
  facet normal -0.382661 -0.923889 -0
    outer loop
      vertex 105.953 38.5127 63.9
      vertex 103.69 39.45 53.36
      vertex 105.953 38.5127 53.36
    endloop
  endfacet
  facet normal 0.923914 -0.382599 0
    outer loop
      vertex 100.49 36.25 63.9
      vertex 101.427 38.5127 53.36
      vertex 101.427 38.5127 63.9
    endloop
  endfacet
  facet normal 0.923914 -0.382599 0
    outer loop
      vertex 101.427 38.5127 53.36
      vertex 100.49 36.25 63.9
      vertex 100.49 36.25 53.36
    endloop
  endfacet
  facet normal 0 0 1
    outer loop
      vertex 105.953 38.5127 53.36
      vertex 105.953 33.9873 53.36
      vertex 106.89 36.25 53.36
    endloop
  endfacet
  facet normal 0 0 1
    outer loop
      vertex 103.69 39.45 53.36
      vertex 105.953 33.9873 53.36
      vertex 105.953 38.5127 53.36
    endloop
  endfacet
  facet normal 0 0 1
    outer loop
      vertex 103.69 39.45 53.36
      vertex 103.69 33.05 53.36
      vertex 105.953 33.9873 53.36
    endloop
  endfacet
  facet normal -0 0 1
    outer loop
      vertex 101.427 38.5127 53.36
      vertex 103.69 33.05 53.36
      vertex 103.69 39.45 53.36
    endloop
  endfacet
  facet normal 0 0 1
    outer loop
      vertex 101.427 38.5127 53.36
      vertex 101.427 33.9873 53.36
      vertex 103.69 33.05 53.36
    endloop
  endfacet
  facet normal 0 -0 1
    outer loop
      vertex 101.427 33.9873 53.36
      vertex 101.427 38.5127 53.36
      vertex 100.49 36.25 53.36
    endloop
  endfacet
  facet normal -0.382661 0.923889 0
    outer loop
      vertex 105.953 33.9873 53.36
      vertex 103.69 33.05 63.9
      vertex 105.953 33.9873 63.9
    endloop
  endfacet
  facet normal -0.382661 0.923889 0
    outer loop
      vertex 103.69 33.05 63.9
      vertex 105.953 33.9873 53.36
      vertex 103.69 33.05 53.36
    endloop
  endfacet
  facet normal -0.923914 0.382599 0
    outer loop
      vertex 105.953 33.9873 53.36
      vertex 106.89 36.25 63.9
      vertex 106.89 36.25 53.36
    endloop
  endfacet
  facet normal -0.923914 0.382599 0
    outer loop
      vertex 106.89 36.25 63.9
      vertex 105.953 33.9873 53.36
      vertex 105.953 33.9873 63.9
    endloop
  endfacet
  facet normal -0.923914 -0.382599 0
    outer loop
      vertex 106.89 45.25 53.36
      vertex 105.953 47.5127 63.9
      vertex 105.953 47.5127 53.36
    endloop
  endfacet
  facet normal -0.923914 -0.382599 0
    outer loop
      vertex 105.953 47.5127 63.9
      vertex 106.89 45.25 53.36
      vertex 106.89 45.25 63.9
    endloop
  endfacet
  facet normal 0.382661 -0.923889 0
    outer loop
      vertex 101.427 47.5127 53.36
      vertex 103.69 48.45 63.9
      vertex 101.427 47.5127 63.9
    endloop
  endfacet
  facet normal 0.382661 -0.923889 0
    outer loop
      vertex 103.69 48.45 63.9
      vertex 101.427 47.5127 53.36
      vertex 103.69 48.45 53.36
    endloop
  endfacet
  facet normal -0.382661 -0.923889 0
    outer loop
      vertex 103.69 48.45 53.36
      vertex 105.953 47.5127 63.9
      vertex 103.69 48.45 63.9
    endloop
  endfacet
  facet normal -0.382661 -0.923889 -0
    outer loop
      vertex 105.953 47.5127 63.9
      vertex 103.69 48.45 53.36
      vertex 105.953 47.5127 53.36
    endloop
  endfacet
  facet normal 0.923914 -0.382599 0
    outer loop
      vertex 100.49 45.25 63.9
      vertex 101.427 47.5127 53.36
      vertex 101.427 47.5127 63.9
    endloop
  endfacet
  facet normal 0.923914 -0.382599 0
    outer loop
      vertex 101.427 47.5127 53.36
      vertex 100.49 45.25 63.9
      vertex 100.49 45.25 53.36
    endloop
  endfacet
  facet normal 0 0 1
    outer loop
      vertex 105.953 47.5127 53.36
      vertex 105.953 42.9873 53.36
      vertex 106.89 45.25 53.36
    endloop
  endfacet
  facet normal 0 0 1
    outer loop
      vertex 103.69 48.45 53.36
      vertex 105.953 42.9873 53.36
      vertex 105.953 47.5127 53.36
    endloop
  endfacet
  facet normal 0 0 1
    outer loop
      vertex 103.69 48.45 53.36
      vertex 103.69 42.05 53.36
      vertex 105.953 42.9873 53.36
    endloop
  endfacet
  facet normal -0 0 1
    outer loop
      vertex 101.427 47.5127 53.36
      vertex 103.69 42.05 53.36
      vertex 103.69 48.45 53.36
    endloop
  endfacet
  facet normal 0 0 1
    outer loop
      vertex 101.427 47.5127 53.36
      vertex 101.427 42.9873 53.36
      vertex 103.69 42.05 53.36
    endloop
  endfacet
  facet normal 0 -0 1
    outer loop
      vertex 101.427 42.9873 53.36
      vertex 101.427 47.5127 53.36
      vertex 100.49 45.25 53.36
    endloop
  endfacet
  facet normal -0.923914 0.382599 0
    outer loop
      vertex 105.953 42.9873 53.36
      vertex 106.89 45.25 63.9
      vertex 106.89 45.25 53.36
    endloop
  endfacet
  facet normal -0.923914 0.382599 0
    outer loop
      vertex 106.89 45.25 63.9
      vertex 105.953 42.9873 53.36
      vertex 105.953 42.9873 63.9
    endloop
  endfacet
  facet normal 0.923914 0.382599 0
    outer loop
      vertex 101.427 42.9873 63.9
      vertex 100.49 45.25 53.36
      vertex 100.49 45.25 63.9
    endloop
  endfacet
  facet normal 0.923914 0.382599 0
    outer loop
      vertex 100.49 45.25 53.36
      vertex 101.427 42.9873 63.9
      vertex 101.427 42.9873 53.36
    endloop
  endfacet
  facet normal -0.382661 0.923889 0
    outer loop
      vertex 105.953 42.9873 53.36
      vertex 103.69 42.05 63.9
      vertex 105.953 42.9873 63.9
    endloop
  endfacet
  facet normal -0.382661 0.923889 0
    outer loop
      vertex 103.69 42.05 63.9
      vertex 105.953 42.9873 53.36
      vertex 103.69 42.05 53.36
    endloop
  endfacet
  facet normal 0.382661 0.923889 -0
    outer loop
      vertex 103.69 42.05 53.36
      vertex 101.427 42.9873 63.9
      vertex 103.69 42.05 63.9
    endloop
  endfacet
  facet normal 0.382661 0.923889 0
    outer loop
      vertex 101.427 42.9873 63.9
      vertex 103.69 42.05 53.36
      vertex 101.427 42.9873 53.36
    endloop
  endfacet
  facet normal -0.923914 -0.382599 0
    outer loop
      vertex 106.89 54.25 53.36
      vertex 105.953 56.5127 63.9
      vertex 105.953 56.5127 53.36
    endloop
  endfacet
  facet normal -0.923914 -0.382599 0
    outer loop
      vertex 105.953 56.5127 63.9
      vertex 106.89 54.25 53.36
      vertex 106.89 54.25 63.9
    endloop
  endfacet
  facet normal 0.923914 0.382599 0
    outer loop
      vertex 101.427 51.9873 63.9
      vertex 100.49 54.25 53.36
      vertex 100.49 54.25 63.9
    endloop
  endfacet
  facet normal 0.923914 0.382599 0
    outer loop
      vertex 100.49 54.25 53.36
      vertex 101.427 51.9873 63.9
      vertex 101.427 51.9873 53.36
    endloop
  endfacet
  facet normal 0.382661 -0.923889 0
    outer loop
      vertex 101.427 56.5127 53.36
      vertex 103.69 57.45 63.9
      vertex 101.427 56.5127 63.9
    endloop
  endfacet
  facet normal 0.382661 -0.923889 0
    outer loop
      vertex 103.69 57.45 63.9
      vertex 101.427 56.5127 53.36
      vertex 103.69 57.45 53.36
    endloop
  endfacet
  facet normal -0.382661 -0.923889 0
    outer loop
      vertex 103.69 57.45 53.36
      vertex 105.953 56.5127 63.9
      vertex 103.69 57.45 63.9
    endloop
  endfacet
  facet normal -0.382661 -0.923889 -0
    outer loop
      vertex 105.953 56.5127 63.9
      vertex 103.69 57.45 53.36
      vertex 105.953 56.5127 53.36
    endloop
  endfacet
  facet normal 0.923914 -0.382599 0
    outer loop
      vertex 100.49 54.25 63.9
      vertex 101.427 56.5127 53.36
      vertex 101.427 56.5127 63.9
    endloop
  endfacet
  facet normal 0.923914 -0.382599 0
    outer loop
      vertex 101.427 56.5127 53.36
      vertex 100.49 54.25 63.9
      vertex 100.49 54.25 53.36
    endloop
  endfacet
  facet normal 0 0 1
    outer loop
      vertex 105.953 56.5127 53.36
      vertex 105.953 51.9873 53.36
      vertex 106.89 54.25 53.36
    endloop
  endfacet
  facet normal 0 0 1
    outer loop
      vertex 103.69 57.45 53.36
      vertex 105.953 51.9873 53.36
      vertex 105.953 56.5127 53.36
    endloop
  endfacet
  facet normal 0 0 1
    outer loop
      vertex 103.69 57.45 53.36
      vertex 103.69 51.05 53.36
      vertex 105.953 51.9873 53.36
    endloop
  endfacet
  facet normal -0 0 1
    outer loop
      vertex 101.427 56.5127 53.36
      vertex 103.69 51.05 53.36
      vertex 103.69 57.45 53.36
    endloop
  endfacet
  facet normal 0 0 1
    outer loop
      vertex 101.427 56.5127 53.36
      vertex 101.427 51.9873 53.36
      vertex 103.69 51.05 53.36
    endloop
  endfacet
  facet normal 0 -0 1
    outer loop
      vertex 101.427 51.9873 53.36
      vertex 101.427 56.5127 53.36
      vertex 100.49 54.25 53.36
    endloop
  endfacet
  facet normal -0.382661 0.923889 0
    outer loop
      vertex 105.953 51.9873 53.36
      vertex 103.69 51.05 63.9
      vertex 105.953 51.9873 63.9
    endloop
  endfacet
  facet normal -0.382661 0.923889 0
    outer loop
      vertex 103.69 51.05 63.9
      vertex 105.953 51.9873 53.36
      vertex 103.69 51.05 53.36
    endloop
  endfacet
  facet normal 0.382661 0.923889 -0
    outer loop
      vertex 103.69 51.05 53.36
      vertex 101.427 51.9873 63.9
      vertex 103.69 51.05 63.9
    endloop
  endfacet
  facet normal 0.382661 0.923889 0
    outer loop
      vertex 101.427 51.9873 63.9
      vertex 103.69 51.05 53.36
      vertex 101.427 51.9873 53.36
    endloop
  endfacet
  facet normal -0.923914 0.382599 0
    outer loop
      vertex 105.953 51.9873 53.36
      vertex 106.89 54.25 63.9
      vertex 106.89 54.25 53.36
    endloop
  endfacet
  facet normal -0.923914 0.382599 0
    outer loop
      vertex 106.89 54.25 63.9
      vertex 105.953 51.9873 53.36
      vertex 105.953 51.9873 63.9
    endloop
  endfacet
  facet normal -0.923914 -0.382599 0
    outer loop
      vertex 106.89 63.25 53.36
      vertex 105.953 65.5127 63.9
      vertex 105.953 65.5127 53.36
    endloop
  endfacet
  facet normal -0.923914 -0.382599 0
    outer loop
      vertex 105.953 65.5127 63.9
      vertex 106.89 63.25 53.36
      vertex 106.89 63.25 63.9
    endloop
  endfacet
  facet normal 0.923914 0.382599 0
    outer loop
      vertex 101.427 60.9873 63.9
      vertex 100.49 63.25 53.36
      vertex 100.49 63.25 63.9
    endloop
  endfacet
  facet normal 0.923914 0.382599 0
    outer loop
      vertex 100.49 63.25 53.36
      vertex 101.427 60.9873 63.9
      vertex 101.427 60.9873 53.36
    endloop
  endfacet
  facet normal 0.382661 -0.923889 0
    outer loop
      vertex 101.427 65.5127 53.36
      vertex 103.69 66.45 63.9
      vertex 101.427 65.5127 63.9
    endloop
  endfacet
  facet normal 0.382661 -0.923889 0
    outer loop
      vertex 103.69 66.45 63.9
      vertex 101.427 65.5127 53.36
      vertex 103.69 66.45 53.36
    endloop
  endfacet
  facet normal -0.382661 -0.923889 0
    outer loop
      vertex 103.69 66.45 53.36
      vertex 105.953 65.5127 63.9
      vertex 103.69 66.45 63.9
    endloop
  endfacet
  facet normal -0.382661 -0.923889 -0
    outer loop
      vertex 105.953 65.5127 63.9
      vertex 103.69 66.45 53.36
      vertex 105.953 65.5127 53.36
    endloop
  endfacet
  facet normal 0.923914 -0.382599 0
    outer loop
      vertex 100.49 63.25 63.9
      vertex 101.427 65.5127 53.36
      vertex 101.427 65.5127 63.9
    endloop
  endfacet
  facet normal 0.923914 -0.382599 0
    outer loop
      vertex 101.427 65.5127 53.36
      vertex 100.49 63.25 63.9
      vertex 100.49 63.25 53.36
    endloop
  endfacet
  facet normal 0 0 1
    outer loop
      vertex 105.953 65.5127 53.36
      vertex 105.953 60.9873 53.36
      vertex 106.89 63.25 53.36
    endloop
  endfacet
  facet normal 0 0 1
    outer loop
      vertex 103.69 66.45 53.36
      vertex 105.953 60.9873 53.36
      vertex 105.953 65.5127 53.36
    endloop
  endfacet
  facet normal 0 0 1
    outer loop
      vertex 103.69 66.45 53.36
      vertex 103.69 60.05 53.36
      vertex 105.953 60.9873 53.36
    endloop
  endfacet
  facet normal -0 0 1
    outer loop
      vertex 101.427 65.5127 53.36
      vertex 103.69 60.05 53.36
      vertex 103.69 66.45 53.36
    endloop
  endfacet
  facet normal 0 0 1
    outer loop
      vertex 101.427 65.5127 53.36
      vertex 101.427 60.9873 53.36
      vertex 103.69 60.05 53.36
    endloop
  endfacet
  facet normal 0 -0 1
    outer loop
      vertex 101.427 60.9873 53.36
      vertex 101.427 65.5127 53.36
      vertex 100.49 63.25 53.36
    endloop
  endfacet
  facet normal -0.923914 0.382599 0
    outer loop
      vertex 105.953 60.9873 53.36
      vertex 106.89 63.25 63.9
      vertex 106.89 63.25 53.36
    endloop
  endfacet
  facet normal -0.923914 0.382599 0
    outer loop
      vertex 106.89 63.25 63.9
      vertex 105.953 60.9873 53.36
      vertex 105.953 60.9873 63.9
    endloop
  endfacet
  facet normal -0.382661 0.923889 0
    outer loop
      vertex 105.953 60.9873 53.36
      vertex 103.69 60.05 63.9
      vertex 105.953 60.9873 63.9
    endloop
  endfacet
  facet normal -0.382661 0.923889 0
    outer loop
      vertex 103.69 60.05 63.9
      vertex 105.953 60.9873 53.36
      vertex 103.69 60.05 53.36
    endloop
  endfacet
  facet normal 0.382661 0.923889 -0
    outer loop
      vertex 103.69 60.05 53.36
      vertex 101.427 60.9873 63.9
      vertex 103.69 60.05 63.9
    endloop
  endfacet
  facet normal 0.382661 0.923889 0
    outer loop
      vertex 101.427 60.9873 63.9
      vertex 103.69 60.05 53.36
      vertex 101.427 60.9873 53.36
    endloop
  endfacet
  facet normal -0.923914 -0.382599 0
    outer loop
      vertex 106.89 72.25 53.36
      vertex 105.953 74.5127 63.9
      vertex 105.953 74.5127 53.36
    endloop
  endfacet
  facet normal -0.923914 -0.382599 0
    outer loop
      vertex 105.953 74.5127 63.9
      vertex 106.89 72.25 53.36
      vertex 106.89 72.25 63.9
    endloop
  endfacet
  facet normal 0.923914 0.382599 0
    outer loop
      vertex 101.427 69.9873 63.9
      vertex 100.49 72.25 53.36
      vertex 100.49 72.25 63.9
    endloop
  endfacet
  facet normal 0.923914 0.382599 0
    outer loop
      vertex 100.49 72.25 53.36
      vertex 101.427 69.9873 63.9
      vertex 101.427 69.9873 53.36
    endloop
  endfacet
  facet normal 0.382661 -0.923889 0
    outer loop
      vertex 101.427 74.5127 53.36
      vertex 103.69 75.45 63.9
      vertex 101.427 74.5127 63.9
    endloop
  endfacet
  facet normal 0.382661 -0.923889 0
    outer loop
      vertex 103.69 75.45 63.9
      vertex 101.427 74.5127 53.36
      vertex 103.69 75.45 53.36
    endloop
  endfacet
  facet normal -0.382661 -0.923889 0
    outer loop
      vertex 103.69 75.45 53.36
      vertex 105.953 74.5127 63.9
      vertex 103.69 75.45 63.9
    endloop
  endfacet
  facet normal -0.382661 -0.923889 -0
    outer loop
      vertex 105.953 74.5127 63.9
      vertex 103.69 75.45 53.36
      vertex 105.953 74.5127 53.36
    endloop
  endfacet
  facet normal 0.923914 -0.382599 0
    outer loop
      vertex 100.49 72.25 63.9
      vertex 101.427 74.5127 53.36
      vertex 101.427 74.5127 63.9
    endloop
  endfacet
  facet normal 0.923914 -0.382599 0
    outer loop
      vertex 101.427 74.5127 53.36
      vertex 100.49 72.25 63.9
      vertex 100.49 72.25 53.36
    endloop
  endfacet
  facet normal 0 0 1
    outer loop
      vertex 105.953 74.5127 53.36
      vertex 105.953 69.9873 53.36
      vertex 106.89 72.25 53.36
    endloop
  endfacet
  facet normal 0 0 1
    outer loop
      vertex 103.69 75.45 53.36
      vertex 105.953 69.9873 53.36
      vertex 105.953 74.5127 53.36
    endloop
  endfacet
  facet normal 0 0 1
    outer loop
      vertex 103.69 75.45 53.36
      vertex 103.69 69.05 53.36
      vertex 105.953 69.9873 53.36
    endloop
  endfacet
  facet normal -0 0 1
    outer loop
      vertex 101.427 74.5127 53.36
      vertex 103.69 69.05 53.36
      vertex 103.69 75.45 53.36
    endloop
  endfacet
  facet normal 0 0 1
    outer loop
      vertex 101.427 74.5127 53.36
      vertex 101.427 69.9873 53.36
      vertex 103.69 69.05 53.36
    endloop
  endfacet
  facet normal 0 -0 1
    outer loop
      vertex 101.427 69.9873 53.36
      vertex 101.427 74.5127 53.36
      vertex 100.49 72.25 53.36
    endloop
  endfacet
  facet normal -0.382661 0.923889 0
    outer loop
      vertex 105.953 69.9873 53.36
      vertex 103.69 69.05 63.9
      vertex 105.953 69.9873 63.9
    endloop
  endfacet
  facet normal -0.382661 0.923889 0
    outer loop
      vertex 103.69 69.05 63.9
      vertex 105.953 69.9873 53.36
      vertex 103.69 69.05 53.36
    endloop
  endfacet
  facet normal 0.382661 0.923889 -0
    outer loop
      vertex 103.69 69.05 53.36
      vertex 101.427 69.9873 63.9
      vertex 103.69 69.05 63.9
    endloop
  endfacet
  facet normal 0.382661 0.923889 0
    outer loop
      vertex 101.427 69.9873 63.9
      vertex 103.69 69.05 53.36
      vertex 101.427 69.9873 53.36
    endloop
  endfacet
  facet normal -0.923914 0.382599 0
    outer loop
      vertex 105.953 69.9873 53.36
      vertex 106.89 72.25 63.9
      vertex 106.89 72.25 53.36
    endloop
  endfacet
  facet normal -0.923914 0.382599 0
    outer loop
      vertex 106.89 72.25 63.9
      vertex 105.953 69.9873 53.36
      vertex 105.953 69.9873 63.9
    endloop
  endfacet
  facet normal -0.923914 -0.382599 0
    outer loop
      vertex 115.89 9.25 53.36
      vertex 114.953 11.5127 63.9
      vertex 114.953 11.5127 53.36
    endloop
  endfacet
  facet normal -0.923914 -0.382599 0
    outer loop
      vertex 114.953 11.5127 63.9
      vertex 115.89 9.25 53.36
      vertex 115.89 9.25 63.9
    endloop
  endfacet
  facet normal 0.382661 -0.923889 0
    outer loop
      vertex 110.427 11.5127 53.36
      vertex 112.69 12.45 63.9
      vertex 110.427 11.5127 63.9
    endloop
  endfacet
  facet normal 0.382661 -0.923889 0
    outer loop
      vertex 112.69 12.45 63.9
      vertex 110.427 11.5127 53.36
      vertex 112.69 12.45 53.36
    endloop
  endfacet
  facet normal -0.382661 -0.923889 0
    outer loop
      vertex 112.69 12.45 53.36
      vertex 114.953 11.5127 63.9
      vertex 112.69 12.45 63.9
    endloop
  endfacet
  facet normal -0.382661 -0.923889 -0
    outer loop
      vertex 114.953 11.5127 63.9
      vertex 112.69 12.45 53.36
      vertex 114.953 11.5127 53.36
    endloop
  endfacet
  facet normal 0.923914 -0.382599 0
    outer loop
      vertex 109.49 9.25 63.9
      vertex 110.427 11.5127 53.36
      vertex 110.427 11.5127 63.9
    endloop
  endfacet
  facet normal 0.923914 -0.382599 0
    outer loop
      vertex 110.427 11.5127 53.36
      vertex 109.49 9.25 63.9
      vertex 109.49 9.25 53.36
    endloop
  endfacet
  facet normal 0 0 1
    outer loop
      vertex 114.953 11.5127 53.36
      vertex 114.953 6.98726 53.36
      vertex 115.89 9.25 53.36
    endloop
  endfacet
  facet normal 0 0 1
    outer loop
      vertex 112.69 12.45 53.36
      vertex 114.953 6.98726 53.36
      vertex 114.953 11.5127 53.36
    endloop
  endfacet
  facet normal 0 0 1
    outer loop
      vertex 112.69 12.45 53.36
      vertex 112.69 6.05 53.36
      vertex 114.953 6.98726 53.36
    endloop
  endfacet
  facet normal -0 0 1
    outer loop
      vertex 110.427 11.5127 53.36
      vertex 112.69 6.05 53.36
      vertex 112.69 12.45 53.36
    endloop
  endfacet
  facet normal 0 0 1
    outer loop
      vertex 110.427 11.5127 53.36
      vertex 110.427 6.98726 53.36
      vertex 112.69 6.05 53.36
    endloop
  endfacet
  facet normal 0 -0 1
    outer loop
      vertex 110.427 6.98726 53.36
      vertex 110.427 11.5127 53.36
      vertex 109.49 9.25 53.36
    endloop
  endfacet
  facet normal -0.923917 0.382594 0
    outer loop
      vertex 114.953 6.98726 53.36
      vertex 115.89 9.25 63.9
      vertex 115.89 9.25 53.36
    endloop
  endfacet
  facet normal -0.923917 0.382594 0
    outer loop
      vertex 115.89 9.25 63.9
      vertex 114.953 6.98726 53.36
      vertex 114.953 6.98726 63.9
    endloop
  endfacet
  facet normal 0.923917 0.382594 0
    outer loop
      vertex 110.427 6.98726 63.9
      vertex 109.49 9.25 53.36
      vertex 109.49 9.25 63.9
    endloop
  endfacet
  facet normal 0.923917 0.382594 0
    outer loop
      vertex 109.49 9.25 53.36
      vertex 110.427 6.98726 63.9
      vertex 110.427 6.98726 53.36
    endloop
  endfacet
  facet normal -0.382647 0.923895 0
    outer loop
      vertex 114.953 6.98726 53.36
      vertex 112.69 6.05 63.9
      vertex 114.953 6.98726 63.9
    endloop
  endfacet
  facet normal -0.382647 0.923895 0
    outer loop
      vertex 112.69 6.05 63.9
      vertex 114.953 6.98726 53.36
      vertex 112.69 6.05 53.36
    endloop
  endfacet
  facet normal 0.382647 0.923895 -0
    outer loop
      vertex 112.69 6.05 53.36
      vertex 110.427 6.98726 63.9
      vertex 112.69 6.05 63.9
    endloop
  endfacet
  facet normal 0.382647 0.923895 0
    outer loop
      vertex 110.427 6.98726 63.9
      vertex 112.69 6.05 53.36
      vertex 110.427 6.98726 53.36
    endloop
  endfacet
  facet normal -0.923914 -0.382599 0
    outer loop
      vertex 115.89 18.25 53.36
      vertex 114.953 20.5127 63.9
      vertex 114.953 20.5127 53.36
    endloop
  endfacet
  facet normal -0.923914 -0.382599 0
    outer loop
      vertex 114.953 20.5127 63.9
      vertex 115.89 18.25 53.36
      vertex 115.89 18.25 63.9
    endloop
  endfacet
  facet normal 0.382661 0.923889 -0
    outer loop
      vertex 112.69 15.05 53.36
      vertex 110.427 15.9873 63.9
      vertex 112.69 15.05 63.9
    endloop
  endfacet
  facet normal 0.382661 0.923889 0
    outer loop
      vertex 110.427 15.9873 63.9
      vertex 112.69 15.05 53.36
      vertex 110.427 15.9873 53.36
    endloop
  endfacet
  facet normal 0.382661 -0.923889 0
    outer loop
      vertex 110.427 20.5127 53.36
      vertex 112.69 21.45 63.9
      vertex 110.427 20.5127 63.9
    endloop
  endfacet
  facet normal 0.382661 -0.923889 0
    outer loop
      vertex 112.69 21.45 63.9
      vertex 110.427 20.5127 53.36
      vertex 112.69 21.45 53.36
    endloop
  endfacet
  facet normal -0.382661 -0.923889 0
    outer loop
      vertex 112.69 21.45 53.36
      vertex 114.953 20.5127 63.9
      vertex 112.69 21.45 63.9
    endloop
  endfacet
  facet normal -0.382661 -0.923889 -0
    outer loop
      vertex 114.953 20.5127 63.9
      vertex 112.69 21.45 53.36
      vertex 114.953 20.5127 53.36
    endloop
  endfacet
  facet normal 0.923914 -0.382599 0
    outer loop
      vertex 109.49 18.25 63.9
      vertex 110.427 20.5127 53.36
      vertex 110.427 20.5127 63.9
    endloop
  endfacet
  facet normal 0.923914 -0.382599 0
    outer loop
      vertex 110.427 20.5127 53.36
      vertex 109.49 18.25 63.9
      vertex 109.49 18.25 53.36
    endloop
  endfacet
  facet normal 0 0 1
    outer loop
      vertex 114.953 20.5127 53.36
      vertex 114.953 15.9873 53.36
      vertex 115.89 18.25 53.36
    endloop
  endfacet
  facet normal 0 0 1
    outer loop
      vertex 112.69 21.45 53.36
      vertex 114.953 15.9873 53.36
      vertex 114.953 20.5127 53.36
    endloop
  endfacet
  facet normal 0 0 1
    outer loop
      vertex 112.69 21.45 53.36
      vertex 112.69 15.05 53.36
      vertex 114.953 15.9873 53.36
    endloop
  endfacet
  facet normal -0 0 1
    outer loop
      vertex 110.427 20.5127 53.36
      vertex 112.69 15.05 53.36
      vertex 112.69 21.45 53.36
    endloop
  endfacet
  facet normal 0 0 1
    outer loop
      vertex 110.427 20.5127 53.36
      vertex 110.427 15.9873 53.36
      vertex 112.69 15.05 53.36
    endloop
  endfacet
  facet normal 0 -0 1
    outer loop
      vertex 110.427 15.9873 53.36
      vertex 110.427 20.5127 53.36
      vertex 109.49 18.25 53.36
    endloop
  endfacet
  facet normal -0.923914 0.382599 0
    outer loop
      vertex 114.953 15.9873 53.36
      vertex 115.89 18.25 63.9
      vertex 115.89 18.25 53.36
    endloop
  endfacet
  facet normal -0.923914 0.382599 0
    outer loop
      vertex 115.89 18.25 63.9
      vertex 114.953 15.9873 53.36
      vertex 114.953 15.9873 63.9
    endloop
  endfacet
  facet normal 0.923914 0.382599 0
    outer loop
      vertex 110.427 15.9873 63.9
      vertex 109.49 18.25 53.36
      vertex 109.49 18.25 63.9
    endloop
  endfacet
  facet normal 0.923914 0.382599 0
    outer loop
      vertex 109.49 18.25 53.36
      vertex 110.427 15.9873 63.9
      vertex 110.427 15.9873 53.36
    endloop
  endfacet
  facet normal -0.382661 0.923889 0
    outer loop
      vertex 114.953 15.9873 53.36
      vertex 112.69 15.05 63.9
      vertex 114.953 15.9873 63.9
    endloop
  endfacet
  facet normal -0.382661 0.923889 0
    outer loop
      vertex 112.69 15.05 63.9
      vertex 114.953 15.9873 53.36
      vertex 112.69 15.05 53.36
    endloop
  endfacet
  facet normal -0.923914 -0.382599 0
    outer loop
      vertex 115.89 27.25 53.36
      vertex 114.953 29.5127 63.9
      vertex 114.953 29.5127 53.36
    endloop
  endfacet
  facet normal -0.923914 -0.382599 0
    outer loop
      vertex 114.953 29.5127 63.9
      vertex 115.89 27.25 53.36
      vertex 115.89 27.25 63.9
    endloop
  endfacet
  facet normal 0.382661 -0.923889 0
    outer loop
      vertex 110.427 29.5127 53.36
      vertex 112.69 30.45 63.9
      vertex 110.427 29.5127 63.9
    endloop
  endfacet
  facet normal 0.382661 -0.923889 0
    outer loop
      vertex 112.69 30.45 63.9
      vertex 110.427 29.5127 53.36
      vertex 112.69 30.45 53.36
    endloop
  endfacet
  facet normal -0.382661 -0.923889 0
    outer loop
      vertex 112.69 30.45 53.36
      vertex 114.953 29.5127 63.9
      vertex 112.69 30.45 63.9
    endloop
  endfacet
  facet normal -0.382661 -0.923889 -0
    outer loop
      vertex 114.953 29.5127 63.9
      vertex 112.69 30.45 53.36
      vertex 114.953 29.5127 53.36
    endloop
  endfacet
  facet normal 0.923914 -0.382599 0
    outer loop
      vertex 109.49 27.25 63.9
      vertex 110.427 29.5127 53.36
      vertex 110.427 29.5127 63.9
    endloop
  endfacet
  facet normal 0.923914 -0.382599 0
    outer loop
      vertex 110.427 29.5127 53.36
      vertex 109.49 27.25 63.9
      vertex 109.49 27.25 53.36
    endloop
  endfacet
  facet normal 0 0 1
    outer loop
      vertex 114.953 29.5127 53.36
      vertex 114.953 24.9873 53.36
      vertex 115.89 27.25 53.36
    endloop
  endfacet
  facet normal 0 0 1
    outer loop
      vertex 112.69 30.45 53.36
      vertex 114.953 24.9873 53.36
      vertex 114.953 29.5127 53.36
    endloop
  endfacet
  facet normal 0 0 1
    outer loop
      vertex 112.69 30.45 53.36
      vertex 112.69 24.05 53.36
      vertex 114.953 24.9873 53.36
    endloop
  endfacet
  facet normal -0 0 1
    outer loop
      vertex 110.427 29.5127 53.36
      vertex 112.69 24.05 53.36
      vertex 112.69 30.45 53.36
    endloop
  endfacet
  facet normal 0 0 1
    outer loop
      vertex 110.427 29.5127 53.36
      vertex 110.427 24.9873 53.36
      vertex 112.69 24.05 53.36
    endloop
  endfacet
  facet normal 0 -0 1
    outer loop
      vertex 110.427 24.9873 53.36
      vertex 110.427 29.5127 53.36
      vertex 109.49 27.25 53.36
    endloop
  endfacet
  facet normal -0.923914 0.382599 0
    outer loop
      vertex 114.953 24.9873 53.36
      vertex 115.89 27.25 63.9
      vertex 115.89 27.25 53.36
    endloop
  endfacet
  facet normal -0.923914 0.382599 0
    outer loop
      vertex 115.89 27.25 63.9
      vertex 114.953 24.9873 53.36
      vertex 114.953 24.9873 63.9
    endloop
  endfacet
  facet normal 0.923914 0.382599 0
    outer loop
      vertex 110.427 24.9873 63.9
      vertex 109.49 27.25 53.36
      vertex 109.49 27.25 63.9
    endloop
  endfacet
  facet normal 0.923914 0.382599 0
    outer loop
      vertex 109.49 27.25 53.36
      vertex 110.427 24.9873 63.9
      vertex 110.427 24.9873 53.36
    endloop
  endfacet
  facet normal -0.382661 0.923889 0
    outer loop
      vertex 114.953 24.9873 53.36
      vertex 112.69 24.05 63.9
      vertex 114.953 24.9873 63.9
    endloop
  endfacet
  facet normal -0.382661 0.923889 0
    outer loop
      vertex 112.69 24.05 63.9
      vertex 114.953 24.9873 53.36
      vertex 112.69 24.05 53.36
    endloop
  endfacet
  facet normal 0.382661 0.923889 -0
    outer loop
      vertex 112.69 24.05 53.36
      vertex 110.427 24.9873 63.9
      vertex 112.69 24.05 63.9
    endloop
  endfacet
  facet normal 0.382661 0.923889 0
    outer loop
      vertex 110.427 24.9873 63.9
      vertex 112.69 24.05 53.36
      vertex 110.427 24.9873 53.36
    endloop
  endfacet
  facet normal -0.923914 -0.382599 0
    outer loop
      vertex 115.89 36.25 53.36
      vertex 114.953 38.5127 63.9
      vertex 114.953 38.5127 53.36
    endloop
  endfacet
  facet normal -0.923914 -0.382599 0
    outer loop
      vertex 114.953 38.5127 63.9
      vertex 115.89 36.25 53.36
      vertex 115.89 36.25 63.9
    endloop
  endfacet
  facet normal 0.923914 0.382599 0
    outer loop
      vertex 110.427 33.9873 63.9
      vertex 109.49 36.25 53.36
      vertex 109.49 36.25 63.9
    endloop
  endfacet
  facet normal 0.923914 0.382599 0
    outer loop
      vertex 109.49 36.25 53.36
      vertex 110.427 33.9873 63.9
      vertex 110.427 33.9873 53.36
    endloop
  endfacet
  facet normal 0.382661 0.923889 -0
    outer loop
      vertex 112.69 33.05 53.36
      vertex 110.427 33.9873 63.9
      vertex 112.69 33.05 63.9
    endloop
  endfacet
  facet normal 0.382661 0.923889 0
    outer loop
      vertex 110.427 33.9873 63.9
      vertex 112.69 33.05 53.36
      vertex 110.427 33.9873 53.36
    endloop
  endfacet
  facet normal 0.382661 -0.923889 0
    outer loop
      vertex 110.427 38.5127 53.36
      vertex 112.69 39.45 63.9
      vertex 110.427 38.5127 63.9
    endloop
  endfacet
  facet normal 0.382661 -0.923889 0
    outer loop
      vertex 112.69 39.45 63.9
      vertex 110.427 38.5127 53.36
      vertex 112.69 39.45 53.36
    endloop
  endfacet
  facet normal -0.382661 -0.923889 0
    outer loop
      vertex 112.69 39.45 53.36
      vertex 114.953 38.5127 63.9
      vertex 112.69 39.45 63.9
    endloop
  endfacet
  facet normal -0.382661 -0.923889 -0
    outer loop
      vertex 114.953 38.5127 63.9
      vertex 112.69 39.45 53.36
      vertex 114.953 38.5127 53.36
    endloop
  endfacet
  facet normal 0.923914 -0.382599 0
    outer loop
      vertex 109.49 36.25 63.9
      vertex 110.427 38.5127 53.36
      vertex 110.427 38.5127 63.9
    endloop
  endfacet
  facet normal 0.923914 -0.382599 0
    outer loop
      vertex 110.427 38.5127 53.36
      vertex 109.49 36.25 63.9
      vertex 109.49 36.25 53.36
    endloop
  endfacet
  facet normal 0 0 1
    outer loop
      vertex 114.953 38.5127 53.36
      vertex 114.953 33.9873 53.36
      vertex 115.89 36.25 53.36
    endloop
  endfacet
  facet normal 0 0 1
    outer loop
      vertex 112.69 39.45 53.36
      vertex 114.953 33.9873 53.36
      vertex 114.953 38.5127 53.36
    endloop
  endfacet
  facet normal 0 0 1
    outer loop
      vertex 112.69 39.45 53.36
      vertex 112.69 33.05 53.36
      vertex 114.953 33.9873 53.36
    endloop
  endfacet
  facet normal -0 0 1
    outer loop
      vertex 110.427 38.5127 53.36
      vertex 112.69 33.05 53.36
      vertex 112.69 39.45 53.36
    endloop
  endfacet
  facet normal 0 0 1
    outer loop
      vertex 110.427 38.5127 53.36
      vertex 110.427 33.9873 53.36
      vertex 112.69 33.05 53.36
    endloop
  endfacet
  facet normal 0 -0 1
    outer loop
      vertex 110.427 33.9873 53.36
      vertex 110.427 38.5127 53.36
      vertex 109.49 36.25 53.36
    endloop
  endfacet
  facet normal -0.382661 0.923889 0
    outer loop
      vertex 114.953 33.9873 53.36
      vertex 112.69 33.05 63.9
      vertex 114.953 33.9873 63.9
    endloop
  endfacet
  facet normal -0.382661 0.923889 0
    outer loop
      vertex 112.69 33.05 63.9
      vertex 114.953 33.9873 53.36
      vertex 112.69 33.05 53.36
    endloop
  endfacet
  facet normal -0.923914 0.382599 0
    outer loop
      vertex 114.953 33.9873 53.36
      vertex 115.89 36.25 63.9
      vertex 115.89 36.25 53.36
    endloop
  endfacet
  facet normal -0.923914 0.382599 0
    outer loop
      vertex 115.89 36.25 63.9
      vertex 114.953 33.9873 53.36
      vertex 114.953 33.9873 63.9
    endloop
  endfacet
  facet normal -0.923914 -0.382599 0
    outer loop
      vertex 115.89 45.25 53.36
      vertex 114.953 47.5127 63.9
      vertex 114.953 47.5127 53.36
    endloop
  endfacet
  facet normal -0.923914 -0.382599 0
    outer loop
      vertex 114.953 47.5127 63.9
      vertex 115.89 45.25 53.36
      vertex 115.89 45.25 63.9
    endloop
  endfacet
  facet normal 0.382661 -0.923889 0
    outer loop
      vertex 110.427 47.5127 53.36
      vertex 112.69 48.45 63.9
      vertex 110.427 47.5127 63.9
    endloop
  endfacet
  facet normal 0.382661 -0.923889 0
    outer loop
      vertex 112.69 48.45 63.9
      vertex 110.427 47.5127 53.36
      vertex 112.69 48.45 53.36
    endloop
  endfacet
  facet normal -0.382661 -0.923889 0
    outer loop
      vertex 112.69 48.45 53.36
      vertex 114.953 47.5127 63.9
      vertex 112.69 48.45 63.9
    endloop
  endfacet
  facet normal -0.382661 -0.923889 -0
    outer loop
      vertex 114.953 47.5127 63.9
      vertex 112.69 48.45 53.36
      vertex 114.953 47.5127 53.36
    endloop
  endfacet
  facet normal 0.923914 -0.382599 0
    outer loop
      vertex 109.49 45.25 63.9
      vertex 110.427 47.5127 53.36
      vertex 110.427 47.5127 63.9
    endloop
  endfacet
  facet normal 0.923914 -0.382599 0
    outer loop
      vertex 110.427 47.5127 53.36
      vertex 109.49 45.25 63.9
      vertex 109.49 45.25 53.36
    endloop
  endfacet
  facet normal 0 0 1
    outer loop
      vertex 114.953 47.5127 53.36
      vertex 114.953 42.9873 53.36
      vertex 115.89 45.25 53.36
    endloop
  endfacet
  facet normal 0 0 1
    outer loop
      vertex 112.69 48.45 53.36
      vertex 114.953 42.9873 53.36
      vertex 114.953 47.5127 53.36
    endloop
  endfacet
  facet normal 0 0 1
    outer loop
      vertex 112.69 48.45 53.36
      vertex 112.69 42.05 53.36
      vertex 114.953 42.9873 53.36
    endloop
  endfacet
  facet normal -0 0 1
    outer loop
      vertex 110.427 47.5127 53.36
      vertex 112.69 42.05 53.36
      vertex 112.69 48.45 53.36
    endloop
  endfacet
  facet normal 0 0 1
    outer loop
      vertex 110.427 47.5127 53.36
      vertex 110.427 42.9873 53.36
      vertex 112.69 42.05 53.36
    endloop
  endfacet
  facet normal 0 -0 1
    outer loop
      vertex 110.427 42.9873 53.36
      vertex 110.427 47.5127 53.36
      vertex 109.49 45.25 53.36
    endloop
  endfacet
  facet normal -0.923914 0.382599 0
    outer loop
      vertex 114.953 42.9873 53.36
      vertex 115.89 45.25 63.9
      vertex 115.89 45.25 53.36
    endloop
  endfacet
  facet normal -0.923914 0.382599 0
    outer loop
      vertex 115.89 45.25 63.9
      vertex 114.953 42.9873 53.36
      vertex 114.953 42.9873 63.9
    endloop
  endfacet
  facet normal 0.923914 0.382599 0
    outer loop
      vertex 110.427 42.9873 63.9
      vertex 109.49 45.25 53.36
      vertex 109.49 45.25 63.9
    endloop
  endfacet
  facet normal 0.923914 0.382599 0
    outer loop
      vertex 109.49 45.25 53.36
      vertex 110.427 42.9873 63.9
      vertex 110.427 42.9873 53.36
    endloop
  endfacet
  facet normal -0.382661 0.923889 0
    outer loop
      vertex 114.953 42.9873 53.36
      vertex 112.69 42.05 63.9
      vertex 114.953 42.9873 63.9
    endloop
  endfacet
  facet normal -0.382661 0.923889 0
    outer loop
      vertex 112.69 42.05 63.9
      vertex 114.953 42.9873 53.36
      vertex 112.69 42.05 53.36
    endloop
  endfacet
  facet normal 0.382661 0.923889 -0
    outer loop
      vertex 112.69 42.05 53.36
      vertex 110.427 42.9873 63.9
      vertex 112.69 42.05 63.9
    endloop
  endfacet
  facet normal 0.382661 0.923889 0
    outer loop
      vertex 110.427 42.9873 63.9
      vertex 112.69 42.05 53.36
      vertex 110.427 42.9873 53.36
    endloop
  endfacet
  facet normal -0.923914 -0.382599 0
    outer loop
      vertex 115.89 54.25 53.36
      vertex 114.953 56.5127 63.9
      vertex 114.953 56.5127 53.36
    endloop
  endfacet
  facet normal -0.923914 -0.382599 0
    outer loop
      vertex 114.953 56.5127 63.9
      vertex 115.89 54.25 53.36
      vertex 115.89 54.25 63.9
    endloop
  endfacet
  facet normal 0.382661 -0.923889 0
    outer loop
      vertex 110.427 56.5127 53.36
      vertex 112.69 57.45 63.9
      vertex 110.427 56.5127 63.9
    endloop
  endfacet
  facet normal 0.382661 -0.923889 0
    outer loop
      vertex 112.69 57.45 63.9
      vertex 110.427 56.5127 53.36
      vertex 112.69 57.45 53.36
    endloop
  endfacet
  facet normal -0.382661 -0.923889 0
    outer loop
      vertex 112.69 57.45 53.36
      vertex 114.953 56.5127 63.9
      vertex 112.69 57.45 63.9
    endloop
  endfacet
  facet normal -0.382661 -0.923889 -0
    outer loop
      vertex 114.953 56.5127 63.9
      vertex 112.69 57.45 53.36
      vertex 114.953 56.5127 53.36
    endloop
  endfacet
  facet normal 0.923914 -0.382599 0
    outer loop
      vertex 109.49 54.25 63.9
      vertex 110.427 56.5127 53.36
      vertex 110.427 56.5127 63.9
    endloop
  endfacet
  facet normal 0.923914 -0.382599 0
    outer loop
      vertex 110.427 56.5127 53.36
      vertex 109.49 54.25 63.9
      vertex 109.49 54.25 53.36
    endloop
  endfacet
  facet normal 0 0 1
    outer loop
      vertex 114.953 56.5127 53.36
      vertex 114.953 51.9873 53.36
      vertex 115.89 54.25 53.36
    endloop
  endfacet
  facet normal 0 0 1
    outer loop
      vertex 112.69 57.45 53.36
      vertex 114.953 51.9873 53.36
      vertex 114.953 56.5127 53.36
    endloop
  endfacet
  facet normal 0 0 1
    outer loop
      vertex 112.69 57.45 53.36
      vertex 112.69 51.05 53.36
      vertex 114.953 51.9873 53.36
    endloop
  endfacet
  facet normal -0 0 1
    outer loop
      vertex 110.427 56.5127 53.36
      vertex 112.69 51.05 53.36
      vertex 112.69 57.45 53.36
    endloop
  endfacet
  facet normal 0 0 1
    outer loop
      vertex 110.427 56.5127 53.36
      vertex 110.427 51.9873 53.36
      vertex 112.69 51.05 53.36
    endloop
  endfacet
  facet normal 0 -0 1
    outer loop
      vertex 110.427 51.9873 53.36
      vertex 110.427 56.5127 53.36
      vertex 109.49 54.25 53.36
    endloop
  endfacet
  facet normal -0.923914 0.382599 0
    outer loop
      vertex 114.953 51.9873 53.36
      vertex 115.89 54.25 63.9
      vertex 115.89 54.25 53.36
    endloop
  endfacet
  facet normal -0.923914 0.382599 0
    outer loop
      vertex 115.89 54.25 63.9
      vertex 114.953 51.9873 53.36
      vertex 114.953 51.9873 63.9
    endloop
  endfacet
  facet normal 0.923914 0.382599 0
    outer loop
      vertex 110.427 51.9873 63.9
      vertex 109.49 54.25 53.36
      vertex 109.49 54.25 63.9
    endloop
  endfacet
  facet normal 0.923914 0.382599 0
    outer loop
      vertex 109.49 54.25 53.36
      vertex 110.427 51.9873 63.9
      vertex 110.427 51.9873 53.36
    endloop
  endfacet
  facet normal -0.382661 0.923889 0
    outer loop
      vertex 114.953 51.9873 53.36
      vertex 112.69 51.05 63.9
      vertex 114.953 51.9873 63.9
    endloop
  endfacet
  facet normal -0.382661 0.923889 0
    outer loop
      vertex 112.69 51.05 63.9
      vertex 114.953 51.9873 53.36
      vertex 112.69 51.05 53.36
    endloop
  endfacet
  facet normal 0.382661 0.923889 -0
    outer loop
      vertex 112.69 51.05 53.36
      vertex 110.427 51.9873 63.9
      vertex 112.69 51.05 63.9
    endloop
  endfacet
  facet normal 0.382661 0.923889 0
    outer loop
      vertex 110.427 51.9873 63.9
      vertex 112.69 51.05 53.36
      vertex 110.427 51.9873 53.36
    endloop
  endfacet
  facet normal -0.923914 -0.382599 0
    outer loop
      vertex 115.89 63.25 53.36
      vertex 114.953 65.5127 63.9
      vertex 114.953 65.5127 53.36
    endloop
  endfacet
  facet normal -0.923914 -0.382599 0
    outer loop
      vertex 114.953 65.5127 63.9
      vertex 115.89 63.25 53.36
      vertex 115.89 63.25 63.9
    endloop
  endfacet
  facet normal 0.382661 -0.923889 0
    outer loop
      vertex 110.427 65.5127 53.36
      vertex 112.69 66.45 63.9
      vertex 110.427 65.5127 63.9
    endloop
  endfacet
  facet normal 0.382661 -0.923889 0
    outer loop
      vertex 112.69 66.45 63.9
      vertex 110.427 65.5127 53.36
      vertex 112.69 66.45 53.36
    endloop
  endfacet
  facet normal -0.382661 -0.923889 0
    outer loop
      vertex 112.69 66.45 53.36
      vertex 114.953 65.5127 63.9
      vertex 112.69 66.45 63.9
    endloop
  endfacet
  facet normal -0.382661 -0.923889 -0
    outer loop
      vertex 114.953 65.5127 63.9
      vertex 112.69 66.45 53.36
      vertex 114.953 65.5127 53.36
    endloop
  endfacet
  facet normal 0.923914 -0.382599 0
    outer loop
      vertex 109.49 63.25 63.9
      vertex 110.427 65.5127 53.36
      vertex 110.427 65.5127 63.9
    endloop
  endfacet
  facet normal 0.923914 -0.382599 0
    outer loop
      vertex 110.427 65.5127 53.36
      vertex 109.49 63.25 63.9
      vertex 109.49 63.25 53.36
    endloop
  endfacet
  facet normal 0 0 1
    outer loop
      vertex 114.953 65.5127 53.36
      vertex 114.953 60.9873 53.36
      vertex 115.89 63.25 53.36
    endloop
  endfacet
  facet normal 0 0 1
    outer loop
      vertex 112.69 66.45 53.36
      vertex 114.953 60.9873 53.36
      vertex 114.953 65.5127 53.36
    endloop
  endfacet
  facet normal 0 0 1
    outer loop
      vertex 112.69 66.45 53.36
      vertex 112.69 60.05 53.36
      vertex 114.953 60.9873 53.36
    endloop
  endfacet
  facet normal -0 0 1
    outer loop
      vertex 110.427 65.5127 53.36
      vertex 112.69 60.05 53.36
      vertex 112.69 66.45 53.36
    endloop
  endfacet
  facet normal 0 0 1
    outer loop
      vertex 110.427 65.5127 53.36
      vertex 110.427 60.9873 53.36
      vertex 112.69 60.05 53.36
    endloop
  endfacet
  facet normal 0 -0 1
    outer loop
      vertex 110.427 60.9873 53.36
      vertex 110.427 65.5127 53.36
      vertex 109.49 63.25 53.36
    endloop
  endfacet
  facet normal -0.923914 0.382599 0
    outer loop
      vertex 114.953 60.9873 53.36
      vertex 115.89 63.25 63.9
      vertex 115.89 63.25 53.36
    endloop
  endfacet
  facet normal -0.923914 0.382599 0
    outer loop
      vertex 115.89 63.25 63.9
      vertex 114.953 60.9873 53.36
      vertex 114.953 60.9873 63.9
    endloop
  endfacet
  facet normal 0.923914 0.382599 0
    outer loop
      vertex 110.427 60.9873 63.9
      vertex 109.49 63.25 53.36
      vertex 109.49 63.25 63.9
    endloop
  endfacet
  facet normal 0.923914 0.382599 0
    outer loop
      vertex 109.49 63.25 53.36
      vertex 110.427 60.9873 63.9
      vertex 110.427 60.9873 53.36
    endloop
  endfacet
  facet normal -0.382661 0.923889 0
    outer loop
      vertex 114.953 60.9873 53.36
      vertex 112.69 60.05 63.9
      vertex 114.953 60.9873 63.9
    endloop
  endfacet
  facet normal -0.382661 0.923889 0
    outer loop
      vertex 112.69 60.05 63.9
      vertex 114.953 60.9873 53.36
      vertex 112.69 60.05 53.36
    endloop
  endfacet
  facet normal 0.382661 0.923889 -0
    outer loop
      vertex 112.69 60.05 53.36
      vertex 110.427 60.9873 63.9
      vertex 112.69 60.05 63.9
    endloop
  endfacet
  facet normal 0.382661 0.923889 0
    outer loop
      vertex 110.427 60.9873 63.9
      vertex 112.69 60.05 53.36
      vertex 110.427 60.9873 53.36
    endloop
  endfacet
  facet normal -0.923914 -0.382599 0
    outer loop
      vertex 115.89 72.25 53.36
      vertex 114.953 74.5127 63.9
      vertex 114.953 74.5127 53.36
    endloop
  endfacet
  facet normal -0.923914 -0.382599 0
    outer loop
      vertex 114.953 74.5127 63.9
      vertex 115.89 72.25 53.36
      vertex 115.89 72.25 63.9
    endloop
  endfacet
  facet normal 0.923914 0.382599 0
    outer loop
      vertex 110.427 69.9873 63.9
      vertex 109.49 72.25 53.36
      vertex 109.49 72.25 63.9
    endloop
  endfacet
  facet normal 0.923914 0.382599 0
    outer loop
      vertex 109.49 72.25 53.36
      vertex 110.427 69.9873 63.9
      vertex 110.427 69.9873 53.36
    endloop
  endfacet
  facet normal 0.382661 -0.923889 0
    outer loop
      vertex 110.427 74.5127 53.36
      vertex 112.69 75.45 63.9
      vertex 110.427 74.5127 63.9
    endloop
  endfacet
  facet normal 0.382661 -0.923889 0
    outer loop
      vertex 112.69 75.45 63.9
      vertex 110.427 74.5127 53.36
      vertex 112.69 75.45 53.36
    endloop
  endfacet
  facet normal -0.382661 -0.923889 0
    outer loop
      vertex 112.69 75.45 53.36
      vertex 114.953 74.5127 63.9
      vertex 112.69 75.45 63.9
    endloop
  endfacet
  facet normal -0.382661 -0.923889 -0
    outer loop
      vertex 114.953 74.5127 63.9
      vertex 112.69 75.45 53.36
      vertex 114.953 74.5127 53.36
    endloop
  endfacet
  facet normal 0.923914 -0.382599 0
    outer loop
      vertex 109.49 72.25 63.9
      vertex 110.427 74.5127 53.36
      vertex 110.427 74.5127 63.9
    endloop
  endfacet
  facet normal 0.923914 -0.382599 0
    outer loop
      vertex 110.427 74.5127 53.36
      vertex 109.49 72.25 63.9
      vertex 109.49 72.25 53.36
    endloop
  endfacet
  facet normal 0 0 1
    outer loop
      vertex 114.953 74.5127 53.36
      vertex 114.953 69.9873 53.36
      vertex 115.89 72.25 53.36
    endloop
  endfacet
  facet normal 0 0 1
    outer loop
      vertex 112.69 75.45 53.36
      vertex 114.953 69.9873 53.36
      vertex 114.953 74.5127 53.36
    endloop
  endfacet
  facet normal 0 0 1
    outer loop
      vertex 112.69 75.45 53.36
      vertex 112.69 69.05 53.36
      vertex 114.953 69.9873 53.36
    endloop
  endfacet
  facet normal -0 0 1
    outer loop
      vertex 110.427 74.5127 53.36
      vertex 112.69 69.05 53.36
      vertex 112.69 75.45 53.36
    endloop
  endfacet
  facet normal 0 0 1
    outer loop
      vertex 110.427 74.5127 53.36
      vertex 110.427 69.9873 53.36
      vertex 112.69 69.05 53.36
    endloop
  endfacet
  facet normal 0 -0 1
    outer loop
      vertex 110.427 69.9873 53.36
      vertex 110.427 74.5127 53.36
      vertex 109.49 72.25 53.36
    endloop
  endfacet
  facet normal -0.923914 0.382599 0
    outer loop
      vertex 114.953 69.9873 53.36
      vertex 115.89 72.25 63.9
      vertex 115.89 72.25 53.36
    endloop
  endfacet
  facet normal -0.923914 0.382599 0
    outer loop
      vertex 115.89 72.25 63.9
      vertex 114.953 69.9873 53.36
      vertex 114.953 69.9873 63.9
    endloop
  endfacet
  facet normal -0.382661 0.923889 0
    outer loop
      vertex 114.953 69.9873 53.36
      vertex 112.69 69.05 63.9
      vertex 114.953 69.9873 63.9
    endloop
  endfacet
  facet normal -0.382661 0.923889 0
    outer loop
      vertex 112.69 69.05 63.9
      vertex 114.953 69.9873 53.36
      vertex 112.69 69.05 53.36
    endloop
  endfacet
  facet normal 0.382661 0.923889 -0
    outer loop
      vertex 112.69 69.05 53.36
      vertex 110.427 69.9873 63.9
      vertex 112.69 69.05 63.9
    endloop
  endfacet
  facet normal 0.382661 0.923889 0
    outer loop
      vertex 110.427 69.9873 63.9
      vertex 112.69 69.05 53.36
      vertex 110.427 69.9873 53.36
    endloop
  endfacet
endsolid OpenSCAD_Model
