solid OpenSCAD_Model
  facet normal -1 0 0
    outer loop
      vertex 0 0 0
      vertex 0 85.5 100.25
      vertex 0 85.5 0
    endloop
  endfacet
  facet normal -1 -0 0
    outer loop
      vertex 0 85.5 100.25
      vertex 0 0 0
      vertex 0 0 100.25
    endloop
  endfacet
  facet normal 0 0 1
    outer loop
      vertex 16.8375 13.8375 100.25
      vertex 20.5625 13.8375 100.25
      vertex 16.8375 17.5625 100.25
    endloop
  endfacet
  facet normal 0 0 1
    outer loop
      vertex 20.5625 13.8375 100.25
      vertex 16.8375 13.8375 100.25
      vertex 17.93 11.2 100.25
    endloop
  endfacet
  facet normal -0 0 1
    outer loop
      vertex 14.2 16.47 100.25
      vertex 16.8375 13.8375 100.25
      vertex 16.8375 17.5625 100.25
    endloop
  endfacet
  facet normal 0 0 1
    outer loop
      vertex 14.2 16.47 100.25
      vertex 14.2 14.93 100.25
      vertex 16.8375 13.8375 100.25
    endloop
  endfacet
  facet normal 0 0 1
    outer loop
      vertex 11.5625 17.5625 100.25
      vertex 14.2 14.93 100.25
      vertex 14.2 16.47 100.25
    endloop
  endfacet
  facet normal 0 0 1
    outer loop
      vertex 11.5625 17.5625 100.25
      vertex 11.5625 13.8375 100.25
      vertex 14.2 14.93 100.25
    endloop
  endfacet
  facet normal 0 0 1
    outer loop
      vertex 10.47 20.2 100.25
      vertex 11.5625 13.8375 100.25
      vertex 11.5625 17.5625 100.25
    endloop
  endfacet
  facet normal 0 0 1
    outer loop
      vertex 11.5625 13.8375 100.25
      vertex 10.47 20.2 100.25
      vertex 10.47 11.2 100.25
    endloop
  endfacet
  facet normal 0 0 1
    outer loop
      vertex 16.8375 22.8375 100.25
      vertex 20.5625 22.8375 100.25
      vertex 16.8375 26.5625 100.25
    endloop
  endfacet
  facet normal 0 0 1
    outer loop
      vertex 20.5625 22.8375 100.25
      vertex 16.8375 22.8375 100.25
      vertex 17.93 20.2 100.25
    endloop
  endfacet
  facet normal -0 0 1
    outer loop
      vertex 14.2 25.47 100.25
      vertex 16.8375 22.8375 100.25
      vertex 16.8375 26.5625 100.25
    endloop
  endfacet
  facet normal 0 0 1
    outer loop
      vertex 14.2 25.47 100.25
      vertex 14.2 23.93 100.25
      vertex 16.8375 22.8375 100.25
    endloop
  endfacet
  facet normal 0 0 1
    outer loop
      vertex 11.5625 26.5625 100.25
      vertex 14.2 23.93 100.25
      vertex 14.2 25.47 100.25
    endloop
  endfacet
  facet normal 0 0 1
    outer loop
      vertex 11.5625 26.5625 100.25
      vertex 11.5625 22.8375 100.25
      vertex 14.2 23.93 100.25
    endloop
  endfacet
  facet normal 0 0 1
    outer loop
      vertex 10.47 29.2 100.25
      vertex 11.5625 22.8375 100.25
      vertex 11.5625 26.5625 100.25
    endloop
  endfacet
  facet normal 0 0 1
    outer loop
      vertex 11.5625 22.8375 100.25
      vertex 10.47 29.2 100.25
      vertex 10.47 20.2 100.25
    endloop
  endfacet
  facet normal 0 0 1
    outer loop
      vertex 16.8375 31.8375 100.25
      vertex 20.5625 31.8375 100.25
      vertex 16.8375 35.5625 100.25
    endloop
  endfacet
  facet normal 0 0 1
    outer loop
      vertex 20.5625 31.8375 100.25
      vertex 16.8375 31.8375 100.25
      vertex 17.93 29.2 100.25
    endloop
  endfacet
  facet normal -0 0 1
    outer loop
      vertex 14.2 34.47 100.25
      vertex 16.8375 31.8375 100.25
      vertex 16.8375 35.5625 100.25
    endloop
  endfacet
  facet normal 0 0 1
    outer loop
      vertex 14.2 34.47 100.25
      vertex 14.2 32.93 100.25
      vertex 16.8375 31.8375 100.25
    endloop
  endfacet
  facet normal 0 0 1
    outer loop
      vertex 11.5625 35.5625 100.25
      vertex 14.2 32.93 100.25
      vertex 14.2 34.47 100.25
    endloop
  endfacet
  facet normal 0 0 1
    outer loop
      vertex 11.5625 35.5625 100.25
      vertex 11.5625 31.8375 100.25
      vertex 14.2 32.93 100.25
    endloop
  endfacet
  facet normal 0 0 1
    outer loop
      vertex 10.47 38.2 100.25
      vertex 11.5625 31.8375 100.25
      vertex 11.5625 35.5625 100.25
    endloop
  endfacet
  facet normal 0 0 1
    outer loop
      vertex 11.5625 31.8375 100.25
      vertex 10.47 38.2 100.25
      vertex 10.47 29.2 100.25
    endloop
  endfacet
  facet normal 0 0 1
    outer loop
      vertex 16.8375 40.8375 100.25
      vertex 20.5625 40.8375 100.25
      vertex 16.8375 44.5625 100.25
    endloop
  endfacet
  facet normal 0 0 1
    outer loop
      vertex 20.5625 40.8375 100.25
      vertex 16.8375 40.8375 100.25
      vertex 17.93 38.2 100.25
    endloop
  endfacet
  facet normal -0 0 1
    outer loop
      vertex 14.2 43.47 100.25
      vertex 16.8375 40.8375 100.25
      vertex 16.8375 44.5625 100.25
    endloop
  endfacet
  facet normal 0 0 1
    outer loop
      vertex 14.2 43.47 100.25
      vertex 14.2 41.93 100.25
      vertex 16.8375 40.8375 100.25
    endloop
  endfacet
  facet normal 0 0 1
    outer loop
      vertex 11.5625 44.5625 100.25
      vertex 14.2 41.93 100.25
      vertex 14.2 43.47 100.25
    endloop
  endfacet
  facet normal 0 0 1
    outer loop
      vertex 11.5625 44.5625 100.25
      vertex 11.5625 40.8375 100.25
      vertex 14.2 41.93 100.25
    endloop
  endfacet
  facet normal 0 0 1
    outer loop
      vertex 10.47 47.2 100.25
      vertex 11.5625 40.8375 100.25
      vertex 11.5625 44.5625 100.25
    endloop
  endfacet
  facet normal 0 0 1
    outer loop
      vertex 11.5625 40.8375 100.25
      vertex 10.47 47.2 100.25
      vertex 10.47 38.2 100.25
    endloop
  endfacet
  facet normal 0 0 1
    outer loop
      vertex 16.8375 49.8375 100.25
      vertex 20.5625 49.8375 100.25
      vertex 16.8375 53.5625 100.25
    endloop
  endfacet
  facet normal 0 0 1
    outer loop
      vertex 20.5625 49.8375 100.25
      vertex 16.8375 49.8375 100.25
      vertex 17.93 47.2 100.25
    endloop
  endfacet
  facet normal -0 0 1
    outer loop
      vertex 14.2 52.47 100.25
      vertex 16.8375 49.8375 100.25
      vertex 16.8375 53.5625 100.25
    endloop
  endfacet
  facet normal 0 0 1
    outer loop
      vertex 14.2 52.47 100.25
      vertex 14.2 50.93 100.25
      vertex 16.8375 49.8375 100.25
    endloop
  endfacet
  facet normal 0 0 1
    outer loop
      vertex 11.5625 53.5625 100.25
      vertex 14.2 50.93 100.25
      vertex 14.2 52.47 100.25
    endloop
  endfacet
  facet normal 0 0 1
    outer loop
      vertex 11.5625 53.5625 100.25
      vertex 11.5625 49.8375 100.25
      vertex 14.2 50.93 100.25
    endloop
  endfacet
  facet normal 0 0 1
    outer loop
      vertex 10.47 56.2 100.25
      vertex 11.5625 49.8375 100.25
      vertex 11.5625 53.5625 100.25
    endloop
  endfacet
  facet normal 0 0 1
    outer loop
      vertex 11.5625 49.8375 100.25
      vertex 10.47 56.2 100.25
      vertex 10.47 47.2 100.25
    endloop
  endfacet
  facet normal 0 0 1
    outer loop
      vertex 16.8375 58.8375 100.25
      vertex 20.5625 58.8375 100.25
      vertex 16.8375 62.5625 100.25
    endloop
  endfacet
  facet normal 0 0 1
    outer loop
      vertex 20.5625 58.8375 100.25
      vertex 16.8375 58.8375 100.25
      vertex 17.93 56.2 100.25
    endloop
  endfacet
  facet normal -0 0 1
    outer loop
      vertex 14.2 61.47 100.25
      vertex 16.8375 58.8375 100.25
      vertex 16.8375 62.5625 100.25
    endloop
  endfacet
  facet normal 0 0 1
    outer loop
      vertex 14.2 61.47 100.25
      vertex 14.2 59.93 100.25
      vertex 16.8375 58.8375 100.25
    endloop
  endfacet
  facet normal 0 0 1
    outer loop
      vertex 11.5625 62.5625 100.25
      vertex 14.2 59.93 100.25
      vertex 14.2 61.47 100.25
    endloop
  endfacet
  facet normal 0 0 1
    outer loop
      vertex 11.5625 62.5625 100.25
      vertex 11.5625 58.8375 100.25
      vertex 14.2 59.93 100.25
    endloop
  endfacet
  facet normal 0 0 1
    outer loop
      vertex 10.47 65.2 100.25
      vertex 11.5625 58.8375 100.25
      vertex 11.5625 62.5625 100.25
    endloop
  endfacet
  facet normal 0 0 1
    outer loop
      vertex 11.5625 58.8375 100.25
      vertex 10.47 65.2 100.25
      vertex 10.47 56.2 100.25
    endloop
  endfacet
  facet normal 0 0 1
    outer loop
      vertex 16.8375 67.8375 100.25
      vertex 20.5625 67.8375 100.25
      vertex 16.8375 71.5625 100.25
    endloop
  endfacet
  facet normal 0 0 1
    outer loop
      vertex 20.5625 67.8375 100.25
      vertex 16.8375 67.8375 100.25
      vertex 17.93 65.2 100.25
    endloop
  endfacet
  facet normal -0 0 1
    outer loop
      vertex 14.2 70.47 100.25
      vertex 16.8375 67.8375 100.25
      vertex 16.8375 71.5625 100.25
    endloop
  endfacet
  facet normal 0 0 1
    outer loop
      vertex 14.2 70.47 100.25
      vertex 14.2 68.93 100.25
      vertex 16.8375 67.8375 100.25
    endloop
  endfacet
  facet normal 0 0 1
    outer loop
      vertex 11.5625 71.5625 100.25
      vertex 14.2 68.93 100.25
      vertex 14.2 70.47 100.25
    endloop
  endfacet
  facet normal 0 0 1
    outer loop
      vertex 11.5625 71.5625 100.25
      vertex 11.5625 67.8375 100.25
      vertex 14.2 68.93 100.25
    endloop
  endfacet
  facet normal 0 0 1
    outer loop
      vertex 10.47 74.2 100.25
      vertex 11.5625 67.8375 100.25
      vertex 11.5625 71.5625 100.25
    endloop
  endfacet
  facet normal 0 0 1
    outer loop
      vertex 11.5625 67.8375 100.25
      vertex 10.47 74.2 100.25
      vertex 10.47 65.2 100.25
    endloop
  endfacet
  facet normal 0 0 1
    outer loop
      vertex 25.8375 13.8375 100.25
      vertex 29.5625 13.8375 100.25
      vertex 25.8375 17.5625 100.25
    endloop
  endfacet
  facet normal 0 0 1
    outer loop
      vertex 29.5625 13.8375 100.25
      vertex 25.8375 13.8375 100.25
      vertex 26.93 11.2 100.25
    endloop
  endfacet
  facet normal -0 0 1
    outer loop
      vertex 23.2 16.47 100.25
      vertex 25.8375 13.8375 100.25
      vertex 25.8375 17.5625 100.25
    endloop
  endfacet
  facet normal 0 0 1
    outer loop
      vertex 23.2 16.47 100.25
      vertex 23.2 14.93 100.25
      vertex 25.8375 13.8375 100.25
    endloop
  endfacet
  facet normal 0 0 1
    outer loop
      vertex 20.5625 17.5625 100.25
      vertex 23.2 14.93 100.25
      vertex 23.2 16.47 100.25
    endloop
  endfacet
  facet normal 0 0 1
    outer loop
      vertex 20.5625 17.5625 100.25
      vertex 20.5625 13.8375 100.25
      vertex 23.2 14.93 100.25
    endloop
  endfacet
  facet normal -0 0 1
    outer loop
      vertex 17.93 20.2 100.25
      vertex 20.5625 17.5625 100.25
      vertex 19.47 20.2 100.25
    endloop
  endfacet
  facet normal 0 0 1
    outer loop
      vertex 16.8375 17.5625 100.25
      vertex 20.5625 17.5625 100.25
      vertex 17.93 20.2 100.25
    endloop
  endfacet
  facet normal 0 0 1
    outer loop
      vertex 25.8375 22.8375 100.25
      vertex 29.5625 22.8375 100.25
      vertex 25.8375 26.5625 100.25
    endloop
  endfacet
  facet normal 0 0 1
    outer loop
      vertex 29.5625 22.8375 100.25
      vertex 25.8375 22.8375 100.25
      vertex 26.93 20.2 100.25
    endloop
  endfacet
  facet normal -0 0 1
    outer loop
      vertex 23.2 25.47 100.25
      vertex 25.8375 22.8375 100.25
      vertex 25.8375 26.5625 100.25
    endloop
  endfacet
  facet normal 0 0 1
    outer loop
      vertex 23.2 25.47 100.25
      vertex 23.2 23.93 100.25
      vertex 25.8375 22.8375 100.25
    endloop
  endfacet
  facet normal 0 0 1
    outer loop
      vertex 20.5625 26.5625 100.25
      vertex 23.2 23.93 100.25
      vertex 23.2 25.47 100.25
    endloop
  endfacet
  facet normal 0 0 1
    outer loop
      vertex 20.5625 26.5625 100.25
      vertex 20.5625 22.8375 100.25
      vertex 23.2 23.93 100.25
    endloop
  endfacet
  facet normal -0 0 1
    outer loop
      vertex 17.93 29.2 100.25
      vertex 20.5625 26.5625 100.25
      vertex 19.47 29.2 100.25
    endloop
  endfacet
  facet normal 0 0 1
    outer loop
      vertex 16.8375 26.5625 100.25
      vertex 20.5625 26.5625 100.25
      vertex 17.93 29.2 100.25
    endloop
  endfacet
  facet normal 0 0 1
    outer loop
      vertex 25.8375 31.8375 100.25
      vertex 29.5625 31.8375 100.25
      vertex 25.8375 35.5625 100.25
    endloop
  endfacet
  facet normal 0 0 1
    outer loop
      vertex 29.5625 31.8375 100.25
      vertex 25.8375 31.8375 100.25
      vertex 26.93 29.2 100.25
    endloop
  endfacet
  facet normal -0 0 1
    outer loop
      vertex 23.2 34.47 100.25
      vertex 25.8375 31.8375 100.25
      vertex 25.8375 35.5625 100.25
    endloop
  endfacet
  facet normal 0 0 1
    outer loop
      vertex 23.2 34.47 100.25
      vertex 23.2 32.93 100.25
      vertex 25.8375 31.8375 100.25
    endloop
  endfacet
  facet normal 0 0 1
    outer loop
      vertex 20.5625 35.5625 100.25
      vertex 23.2 32.93 100.25
      vertex 23.2 34.47 100.25
    endloop
  endfacet
  facet normal 0 0 1
    outer loop
      vertex 20.5625 35.5625 100.25
      vertex 20.5625 31.8375 100.25
      vertex 23.2 32.93 100.25
    endloop
  endfacet
  facet normal -0 0 1
    outer loop
      vertex 17.93 38.2 100.25
      vertex 20.5625 35.5625 100.25
      vertex 19.47 38.2 100.25
    endloop
  endfacet
  facet normal 0 0 1
    outer loop
      vertex 16.8375 35.5625 100.25
      vertex 20.5625 35.5625 100.25
      vertex 17.93 38.2 100.25
    endloop
  endfacet
  facet normal 0 0 1
    outer loop
      vertex 25.8375 40.8375 100.25
      vertex 29.5625 40.8375 100.25
      vertex 25.8375 44.5625 100.25
    endloop
  endfacet
  facet normal 0 0 1
    outer loop
      vertex 29.5625 40.8375 100.25
      vertex 25.8375 40.8375 100.25
      vertex 26.93 38.2 100.25
    endloop
  endfacet
  facet normal -0 0 1
    outer loop
      vertex 23.2 43.47 100.25
      vertex 25.8375 40.8375 100.25
      vertex 25.8375 44.5625 100.25
    endloop
  endfacet
  facet normal 0 0 1
    outer loop
      vertex 23.2 43.47 100.25
      vertex 23.2 41.93 100.25
      vertex 25.8375 40.8375 100.25
    endloop
  endfacet
  facet normal 0 0 1
    outer loop
      vertex 20.5625 44.5625 100.25
      vertex 23.2 41.93 100.25
      vertex 23.2 43.47 100.25
    endloop
  endfacet
  facet normal 0 0 1
    outer loop
      vertex 20.5625 44.5625 100.25
      vertex 20.5625 40.8375 100.25
      vertex 23.2 41.93 100.25
    endloop
  endfacet
  facet normal -0 0 1
    outer loop
      vertex 17.93 47.2 100.25
      vertex 20.5625 44.5625 100.25
      vertex 19.47 47.2 100.25
    endloop
  endfacet
  facet normal 0 0 1
    outer loop
      vertex 16.8375 44.5625 100.25
      vertex 20.5625 44.5625 100.25
      vertex 17.93 47.2 100.25
    endloop
  endfacet
  facet normal 0 0 1
    outer loop
      vertex 25.8375 49.8375 100.25
      vertex 29.5625 49.8375 100.25
      vertex 25.8375 53.5625 100.25
    endloop
  endfacet
  facet normal 0 0 1
    outer loop
      vertex 29.5625 49.8375 100.25
      vertex 25.8375 49.8375 100.25
      vertex 26.93 47.2 100.25
    endloop
  endfacet
  facet normal -0 0 1
    outer loop
      vertex 23.2 52.47 100.25
      vertex 25.8375 49.8375 100.25
      vertex 25.8375 53.5625 100.25
    endloop
  endfacet
  facet normal 0 0 1
    outer loop
      vertex 23.2 52.47 100.25
      vertex 23.2 50.93 100.25
      vertex 25.8375 49.8375 100.25
    endloop
  endfacet
  facet normal 0 0 1
    outer loop
      vertex 20.5625 53.5625 100.25
      vertex 23.2 50.93 100.25
      vertex 23.2 52.47 100.25
    endloop
  endfacet
  facet normal 0 0 1
    outer loop
      vertex 20.5625 53.5625 100.25
      vertex 20.5625 49.8375 100.25
      vertex 23.2 50.93 100.25
    endloop
  endfacet
  facet normal -0 0 1
    outer loop
      vertex 17.93 56.2 100.25
      vertex 20.5625 53.5625 100.25
      vertex 19.47 56.2 100.25
    endloop
  endfacet
  facet normal 0 0 1
    outer loop
      vertex 16.8375 53.5625 100.25
      vertex 20.5625 53.5625 100.25
      vertex 17.93 56.2 100.25
    endloop
  endfacet
  facet normal 0 0 1
    outer loop
      vertex 25.8375 58.8375 100.25
      vertex 29.5625 58.8375 100.25
      vertex 25.8375 62.5625 100.25
    endloop
  endfacet
  facet normal 0 0 1
    outer loop
      vertex 29.5625 58.8375 100.25
      vertex 25.8375 58.8375 100.25
      vertex 26.93 56.2 100.25
    endloop
  endfacet
  facet normal -0 0 1
    outer loop
      vertex 23.2 61.47 100.25
      vertex 25.8375 58.8375 100.25
      vertex 25.8375 62.5625 100.25
    endloop
  endfacet
  facet normal 0 0 1
    outer loop
      vertex 23.2 61.47 100.25
      vertex 23.2 59.93 100.25
      vertex 25.8375 58.8375 100.25
    endloop
  endfacet
  facet normal 0 0 1
    outer loop
      vertex 20.5625 62.5625 100.25
      vertex 23.2 59.93 100.25
      vertex 23.2 61.47 100.25
    endloop
  endfacet
  facet normal 0 0 1
    outer loop
      vertex 20.5625 62.5625 100.25
      vertex 20.5625 58.8375 100.25
      vertex 23.2 59.93 100.25
    endloop
  endfacet
  facet normal -0 0 1
    outer loop
      vertex 17.93 65.2 100.25
      vertex 20.5625 62.5625 100.25
      vertex 19.47 65.2 100.25
    endloop
  endfacet
  facet normal 0 0 1
    outer loop
      vertex 16.8375 62.5625 100.25
      vertex 20.5625 62.5625 100.25
      vertex 17.93 65.2 100.25
    endloop
  endfacet
  facet normal 0 0 1
    outer loop
      vertex 25.8375 67.8375 100.25
      vertex 29.5625 67.8375 100.25
      vertex 25.8375 71.5625 100.25
    endloop
  endfacet
  facet normal 0 0 1
    outer loop
      vertex 29.5625 67.8375 100.25
      vertex 25.8375 67.8375 100.25
      vertex 26.93 65.2 100.25
    endloop
  endfacet
  facet normal -0 0 1
    outer loop
      vertex 23.2 70.47 100.25
      vertex 25.8375 67.8375 100.25
      vertex 25.8375 71.5625 100.25
    endloop
  endfacet
  facet normal 0 0 1
    outer loop
      vertex 23.2 70.47 100.25
      vertex 23.2 68.93 100.25
      vertex 25.8375 67.8375 100.25
    endloop
  endfacet
  facet normal 0 0 1
    outer loop
      vertex 20.5625 71.5625 100.25
      vertex 23.2 68.93 100.25
      vertex 23.2 70.47 100.25
    endloop
  endfacet
  facet normal 0 0 1
    outer loop
      vertex 20.5625 71.5625 100.25
      vertex 20.5625 67.8375 100.25
      vertex 23.2 68.93 100.25
    endloop
  endfacet
  facet normal -0 0 1
    outer loop
      vertex 17.93 74.2 100.25
      vertex 20.5625 71.5625 100.25
      vertex 19.47 74.2 100.25
    endloop
  endfacet
  facet normal 0 0 1
    outer loop
      vertex 16.8375 71.5625 100.25
      vertex 20.5625 71.5625 100.25
      vertex 17.93 74.2 100.25
    endloop
  endfacet
  facet normal 0 0 1
    outer loop
      vertex 34.8375 13.8375 100.25
      vertex 38.5625 13.8375 100.25
      vertex 34.8375 17.5625 100.25
    endloop
  endfacet
  facet normal 0 0 1
    outer loop
      vertex 38.5625 13.8375 100.25
      vertex 34.8375 13.8375 100.25
      vertex 35.93 11.2 100.25
    endloop
  endfacet
  facet normal -0 0 1
    outer loop
      vertex 32.2 16.47 100.25
      vertex 34.8375 13.8375 100.25
      vertex 34.8375 17.5625 100.25
    endloop
  endfacet
  facet normal 0 0 1
    outer loop
      vertex 32.2 16.47 100.25
      vertex 32.2 14.93 100.25
      vertex 34.8375 13.8375 100.25
    endloop
  endfacet
  facet normal 0 0 1
    outer loop
      vertex 29.5625 17.5625 100.25
      vertex 32.2 14.93 100.25
      vertex 32.2 16.47 100.25
    endloop
  endfacet
  facet normal 0 0 1
    outer loop
      vertex 29.5625 17.5625 100.25
      vertex 29.5625 13.8375 100.25
      vertex 32.2 14.93 100.25
    endloop
  endfacet
  facet normal -0 0 1
    outer loop
      vertex 26.93 20.2 100.25
      vertex 29.5625 17.5625 100.25
      vertex 28.47 20.2 100.25
    endloop
  endfacet
  facet normal 0 0 1
    outer loop
      vertex 25.8375 17.5625 100.25
      vertex 29.5625 17.5625 100.25
      vertex 26.93 20.2 100.25
    endloop
  endfacet
  facet normal 0 0 1
    outer loop
      vertex 34.8375 22.8375 100.25
      vertex 38.5625 22.8375 100.25
      vertex 34.8375 26.5625 100.25
    endloop
  endfacet
  facet normal 0 0 1
    outer loop
      vertex 38.5625 22.8375 100.25
      vertex 34.8375 22.8375 100.25
      vertex 35.93 20.2 100.25
    endloop
  endfacet
  facet normal -0 0 1
    outer loop
      vertex 32.2 25.47 100.25
      vertex 34.8375 22.8375 100.25
      vertex 34.8375 26.5625 100.25
    endloop
  endfacet
  facet normal 0 0 1
    outer loop
      vertex 32.2 25.47 100.25
      vertex 32.2 23.93 100.25
      vertex 34.8375 22.8375 100.25
    endloop
  endfacet
  facet normal 0 0 1
    outer loop
      vertex 29.5625 26.5625 100.25
      vertex 32.2 23.93 100.25
      vertex 32.2 25.47 100.25
    endloop
  endfacet
  facet normal 0 0 1
    outer loop
      vertex 29.5625 26.5625 100.25
      vertex 29.5625 22.8375 100.25
      vertex 32.2 23.93 100.25
    endloop
  endfacet
  facet normal -0 0 1
    outer loop
      vertex 26.93 29.2 100.25
      vertex 29.5625 26.5625 100.25
      vertex 28.47 29.2 100.25
    endloop
  endfacet
  facet normal 0 0 1
    outer loop
      vertex 25.8375 26.5625 100.25
      vertex 29.5625 26.5625 100.25
      vertex 26.93 29.2 100.25
    endloop
  endfacet
  facet normal 0 0 1
    outer loop
      vertex 34.8375 31.8375 100.25
      vertex 38.5625 31.8375 100.25
      vertex 34.8375 35.5625 100.25
    endloop
  endfacet
  facet normal 0 0 1
    outer loop
      vertex 38.5625 31.8375 100.25
      vertex 34.8375 31.8375 100.25
      vertex 35.93 29.2 100.25
    endloop
  endfacet
  facet normal -0 0 1
    outer loop
      vertex 32.2 34.47 100.25
      vertex 34.8375 31.8375 100.25
      vertex 34.8375 35.5625 100.25
    endloop
  endfacet
  facet normal 0 0 1
    outer loop
      vertex 32.2 34.47 100.25
      vertex 32.2 32.93 100.25
      vertex 34.8375 31.8375 100.25
    endloop
  endfacet
  facet normal 0 0 1
    outer loop
      vertex 29.5625 35.5625 100.25
      vertex 32.2 32.93 100.25
      vertex 32.2 34.47 100.25
    endloop
  endfacet
  facet normal 0 0 1
    outer loop
      vertex 29.5625 35.5625 100.25
      vertex 29.5625 31.8375 100.25
      vertex 32.2 32.93 100.25
    endloop
  endfacet
  facet normal -0 0 1
    outer loop
      vertex 26.93 38.2 100.25
      vertex 29.5625 35.5625 100.25
      vertex 28.47 38.2 100.25
    endloop
  endfacet
  facet normal 0 0 1
    outer loop
      vertex 25.8375 35.5625 100.25
      vertex 29.5625 35.5625 100.25
      vertex 26.93 38.2 100.25
    endloop
  endfacet
  facet normal 0 0 1
    outer loop
      vertex 34.8375 40.8375 100.25
      vertex 38.5625 40.8375 100.25
      vertex 34.8375 44.5625 100.25
    endloop
  endfacet
  facet normal 0 0 1
    outer loop
      vertex 38.5625 40.8375 100.25
      vertex 34.8375 40.8375 100.25
      vertex 35.93 38.2 100.25
    endloop
  endfacet
  facet normal -0 0 1
    outer loop
      vertex 32.2 43.47 100.25
      vertex 34.8375 40.8375 100.25
      vertex 34.8375 44.5625 100.25
    endloop
  endfacet
  facet normal 0 0 1
    outer loop
      vertex 32.2 43.47 100.25
      vertex 32.2 41.93 100.25
      vertex 34.8375 40.8375 100.25
    endloop
  endfacet
  facet normal 0 0 1
    outer loop
      vertex 29.5625 44.5625 100.25
      vertex 32.2 41.93 100.25
      vertex 32.2 43.47 100.25
    endloop
  endfacet
  facet normal 0 0 1
    outer loop
      vertex 29.5625 44.5625 100.25
      vertex 29.5625 40.8375 100.25
      vertex 32.2 41.93 100.25
    endloop
  endfacet
  facet normal -0 0 1
    outer loop
      vertex 26.93 47.2 100.25
      vertex 29.5625 44.5625 100.25
      vertex 28.47 47.2 100.25
    endloop
  endfacet
  facet normal 0 0 1
    outer loop
      vertex 25.8375 44.5625 100.25
      vertex 29.5625 44.5625 100.25
      vertex 26.93 47.2 100.25
    endloop
  endfacet
  facet normal 0 0 1
    outer loop
      vertex 34.8375 49.8375 100.25
      vertex 38.5625 49.8375 100.25
      vertex 34.8375 53.5625 100.25
    endloop
  endfacet
  facet normal 0 0 1
    outer loop
      vertex 38.5625 49.8375 100.25
      vertex 34.8375 49.8375 100.25
      vertex 35.93 47.2 100.25
    endloop
  endfacet
  facet normal -0 0 1
    outer loop
      vertex 32.2 52.47 100.25
      vertex 34.8375 49.8375 100.25
      vertex 34.8375 53.5625 100.25
    endloop
  endfacet
  facet normal 0 0 1
    outer loop
      vertex 32.2 52.47 100.25
      vertex 32.2 50.93 100.25
      vertex 34.8375 49.8375 100.25
    endloop
  endfacet
  facet normal 0 0 1
    outer loop
      vertex 29.5625 53.5625 100.25
      vertex 32.2 50.93 100.25
      vertex 32.2 52.47 100.25
    endloop
  endfacet
  facet normal 0 0 1
    outer loop
      vertex 29.5625 53.5625 100.25
      vertex 29.5625 49.8375 100.25
      vertex 32.2 50.93 100.25
    endloop
  endfacet
  facet normal -0 0 1
    outer loop
      vertex 26.93 56.2 100.25
      vertex 29.5625 53.5625 100.25
      vertex 28.47 56.2 100.25
    endloop
  endfacet
  facet normal 0 0 1
    outer loop
      vertex 25.8375 53.5625 100.25
      vertex 29.5625 53.5625 100.25
      vertex 26.93 56.2 100.25
    endloop
  endfacet
  facet normal 0 0 1
    outer loop
      vertex 34.8375 58.8375 100.25
      vertex 38.5625 58.8375 100.25
      vertex 34.8375 62.5625 100.25
    endloop
  endfacet
  facet normal 0 0 1
    outer loop
      vertex 38.5625 58.8375 100.25
      vertex 34.8375 58.8375 100.25
      vertex 35.93 56.2 100.25
    endloop
  endfacet
  facet normal -0 0 1
    outer loop
      vertex 32.2 61.47 100.25
      vertex 34.8375 58.8375 100.25
      vertex 34.8375 62.5625 100.25
    endloop
  endfacet
  facet normal 0 0 1
    outer loop
      vertex 32.2 61.47 100.25
      vertex 32.2 59.93 100.25
      vertex 34.8375 58.8375 100.25
    endloop
  endfacet
  facet normal 0 0 1
    outer loop
      vertex 29.5625 62.5625 100.25
      vertex 32.2 59.93 100.25
      vertex 32.2 61.47 100.25
    endloop
  endfacet
  facet normal 0 0 1
    outer loop
      vertex 29.5625 62.5625 100.25
      vertex 29.5625 58.8375 100.25
      vertex 32.2 59.93 100.25
    endloop
  endfacet
  facet normal -0 0 1
    outer loop
      vertex 26.93 65.2 100.25
      vertex 29.5625 62.5625 100.25
      vertex 28.47 65.2 100.25
    endloop
  endfacet
  facet normal 0 0 1
    outer loop
      vertex 25.8375 62.5625 100.25
      vertex 29.5625 62.5625 100.25
      vertex 26.93 65.2 100.25
    endloop
  endfacet
  facet normal 0 0 1
    outer loop
      vertex 34.8375 67.8375 100.25
      vertex 38.5625 67.8375 100.25
      vertex 34.8375 71.5625 100.25
    endloop
  endfacet
  facet normal 0 0 1
    outer loop
      vertex 38.5625 67.8375 100.25
      vertex 34.8375 67.8375 100.25
      vertex 35.93 65.2 100.25
    endloop
  endfacet
  facet normal -0 0 1
    outer loop
      vertex 32.2 70.47 100.25
      vertex 34.8375 67.8375 100.25
      vertex 34.8375 71.5625 100.25
    endloop
  endfacet
  facet normal 0 0 1
    outer loop
      vertex 32.2 70.47 100.25
      vertex 32.2 68.93 100.25
      vertex 34.8375 67.8375 100.25
    endloop
  endfacet
  facet normal 0 0 1
    outer loop
      vertex 29.5625 71.5625 100.25
      vertex 32.2 68.93 100.25
      vertex 32.2 70.47 100.25
    endloop
  endfacet
  facet normal 0 0 1
    outer loop
      vertex 29.5625 71.5625 100.25
      vertex 29.5625 67.8375 100.25
      vertex 32.2 68.93 100.25
    endloop
  endfacet
  facet normal -0 0 1
    outer loop
      vertex 26.93 74.2 100.25
      vertex 29.5625 71.5625 100.25
      vertex 28.47 74.2 100.25
    endloop
  endfacet
  facet normal 0 0 1
    outer loop
      vertex 25.8375 71.5625 100.25
      vertex 29.5625 71.5625 100.25
      vertex 26.93 74.2 100.25
    endloop
  endfacet
  facet normal 0 0 1
    outer loop
      vertex 43.8375 13.8375 100.25
      vertex 47.5625 13.8375 100.25
      vertex 43.8375 17.5625 100.25
    endloop
  endfacet
  facet normal 0 0 1
    outer loop
      vertex 47.5625 13.8375 100.25
      vertex 43.8375 13.8375 100.25
      vertex 44.93 11.2 100.25
    endloop
  endfacet
  facet normal -0 0 1
    outer loop
      vertex 41.2 16.47 100.25
      vertex 43.8375 13.8375 100.25
      vertex 43.8375 17.5625 100.25
    endloop
  endfacet
  facet normal 0 0 1
    outer loop
      vertex 41.2 16.47 100.25
      vertex 41.2 14.93 100.25
      vertex 43.8375 13.8375 100.25
    endloop
  endfacet
  facet normal 0 0 1
    outer loop
      vertex 38.5625 17.5625 100.25
      vertex 41.2 14.93 100.25
      vertex 41.2 16.47 100.25
    endloop
  endfacet
  facet normal 0 0 1
    outer loop
      vertex 38.5625 17.5625 100.25
      vertex 38.5625 13.8375 100.25
      vertex 41.2 14.93 100.25
    endloop
  endfacet
  facet normal -0 0 1
    outer loop
      vertex 35.93 20.2 100.25
      vertex 38.5625 17.5625 100.25
      vertex 37.47 20.2 100.25
    endloop
  endfacet
  facet normal 0 0 1
    outer loop
      vertex 34.8375 17.5625 100.25
      vertex 38.5625 17.5625 100.25
      vertex 35.93 20.2 100.25
    endloop
  endfacet
  facet normal 0 0 1
    outer loop
      vertex 43.8375 22.8375 100.25
      vertex 47.5625 22.8375 100.25
      vertex 43.8375 26.5625 100.25
    endloop
  endfacet
  facet normal 0 0 1
    outer loop
      vertex 47.5625 22.8375 100.25
      vertex 43.8375 22.8375 100.25
      vertex 44.93 20.2 100.25
    endloop
  endfacet
  facet normal -0 0 1
    outer loop
      vertex 41.2 25.47 100.25
      vertex 43.8375 22.8375 100.25
      vertex 43.8375 26.5625 100.25
    endloop
  endfacet
  facet normal 0 0 1
    outer loop
      vertex 41.2 25.47 100.25
      vertex 41.2 23.93 100.25
      vertex 43.8375 22.8375 100.25
    endloop
  endfacet
  facet normal 0 0 1
    outer loop
      vertex 38.5625 26.5625 100.25
      vertex 41.2 23.93 100.25
      vertex 41.2 25.47 100.25
    endloop
  endfacet
  facet normal 0 0 1
    outer loop
      vertex 38.5625 26.5625 100.25
      vertex 38.5625 22.8375 100.25
      vertex 41.2 23.93 100.25
    endloop
  endfacet
  facet normal -0 0 1
    outer loop
      vertex 35.93 29.2 100.25
      vertex 38.5625 26.5625 100.25
      vertex 37.47 29.2 100.25
    endloop
  endfacet
  facet normal 0 0 1
    outer loop
      vertex 34.8375 26.5625 100.25
      vertex 38.5625 26.5625 100.25
      vertex 35.93 29.2 100.25
    endloop
  endfacet
  facet normal 0 0 1
    outer loop
      vertex 43.8375 31.8375 100.25
      vertex 47.5625 31.8375 100.25
      vertex 43.8375 35.5625 100.25
    endloop
  endfacet
  facet normal 0 0 1
    outer loop
      vertex 47.5625 31.8375 100.25
      vertex 43.8375 31.8375 100.25
      vertex 44.93 29.2 100.25
    endloop
  endfacet
  facet normal -0 0 1
    outer loop
      vertex 41.2 34.47 100.25
      vertex 43.8375 31.8375 100.25
      vertex 43.8375 35.5625 100.25
    endloop
  endfacet
  facet normal 0 0 1
    outer loop
      vertex 41.2 34.47 100.25
      vertex 41.2 32.93 100.25
      vertex 43.8375 31.8375 100.25
    endloop
  endfacet
  facet normal 0 0 1
    outer loop
      vertex 38.5625 35.5625 100.25
      vertex 41.2 32.93 100.25
      vertex 41.2 34.47 100.25
    endloop
  endfacet
  facet normal 0 0 1
    outer loop
      vertex 38.5625 35.5625 100.25
      vertex 38.5625 31.8375 100.25
      vertex 41.2 32.93 100.25
    endloop
  endfacet
  facet normal -0 0 1
    outer loop
      vertex 35.93 38.2 100.25
      vertex 38.5625 35.5625 100.25
      vertex 37.47 38.2 100.25
    endloop
  endfacet
  facet normal 0 0 1
    outer loop
      vertex 34.8375 35.5625 100.25
      vertex 38.5625 35.5625 100.25
      vertex 35.93 38.2 100.25
    endloop
  endfacet
  facet normal 0 0 1
    outer loop
      vertex 43.8375 40.8375 100.25
      vertex 47.5625 40.8375 100.25
      vertex 43.8375 44.5625 100.25
    endloop
  endfacet
  facet normal 0 0 1
    outer loop
      vertex 47.5625 40.8375 100.25
      vertex 43.8375 40.8375 100.25
      vertex 44.93 38.2 100.25
    endloop
  endfacet
  facet normal -0 0 1
    outer loop
      vertex 41.2 43.47 100.25
      vertex 43.8375 40.8375 100.25
      vertex 43.8375 44.5625 100.25
    endloop
  endfacet
  facet normal 0 0 1
    outer loop
      vertex 41.2 43.47 100.25
      vertex 41.2 41.93 100.25
      vertex 43.8375 40.8375 100.25
    endloop
  endfacet
  facet normal 0 0 1
    outer loop
      vertex 38.5625 44.5625 100.25
      vertex 41.2 41.93 100.25
      vertex 41.2 43.47 100.25
    endloop
  endfacet
  facet normal 0 0 1
    outer loop
      vertex 38.5625 44.5625 100.25
      vertex 38.5625 40.8375 100.25
      vertex 41.2 41.93 100.25
    endloop
  endfacet
  facet normal -0 0 1
    outer loop
      vertex 35.93 47.2 100.25
      vertex 38.5625 44.5625 100.25
      vertex 37.47 47.2 100.25
    endloop
  endfacet
  facet normal 0 0 1
    outer loop
      vertex 34.8375 44.5625 100.25
      vertex 38.5625 44.5625 100.25
      vertex 35.93 47.2 100.25
    endloop
  endfacet
  facet normal 0 0 1
    outer loop
      vertex 43.8375 49.8375 100.25
      vertex 47.5625 49.8375 100.25
      vertex 43.8375 53.5625 100.25
    endloop
  endfacet
  facet normal 0 0 1
    outer loop
      vertex 47.5625 49.8375 100.25
      vertex 43.8375 49.8375 100.25
      vertex 44.93 47.2 100.25
    endloop
  endfacet
  facet normal -0 0 1
    outer loop
      vertex 41.2 52.47 100.25
      vertex 43.8375 49.8375 100.25
      vertex 43.8375 53.5625 100.25
    endloop
  endfacet
  facet normal 0 0 1
    outer loop
      vertex 41.2 52.47 100.25
      vertex 41.2 50.93 100.25
      vertex 43.8375 49.8375 100.25
    endloop
  endfacet
  facet normal 0 0 1
    outer loop
      vertex 38.5625 53.5625 100.25
      vertex 41.2 50.93 100.25
      vertex 41.2 52.47 100.25
    endloop
  endfacet
  facet normal 0 0 1
    outer loop
      vertex 38.5625 53.5625 100.25
      vertex 38.5625 49.8375 100.25
      vertex 41.2 50.93 100.25
    endloop
  endfacet
  facet normal -0 0 1
    outer loop
      vertex 35.93 56.2 100.25
      vertex 38.5625 53.5625 100.25
      vertex 37.47 56.2 100.25
    endloop
  endfacet
  facet normal 0 0 1
    outer loop
      vertex 34.8375 53.5625 100.25
      vertex 38.5625 53.5625 100.25
      vertex 35.93 56.2 100.25
    endloop
  endfacet
  facet normal 0 0 1
    outer loop
      vertex 43.8375 58.8375 100.25
      vertex 47.5625 58.8375 100.25
      vertex 43.8375 62.5625 100.25
    endloop
  endfacet
  facet normal 0 0 1
    outer loop
      vertex 47.5625 58.8375 100.25
      vertex 43.8375 58.8375 100.25
      vertex 44.93 56.2 100.25
    endloop
  endfacet
  facet normal -0 0 1
    outer loop
      vertex 41.2 61.47 100.25
      vertex 43.8375 58.8375 100.25
      vertex 43.8375 62.5625 100.25
    endloop
  endfacet
  facet normal 0 0 1
    outer loop
      vertex 41.2 61.47 100.25
      vertex 41.2 59.93 100.25
      vertex 43.8375 58.8375 100.25
    endloop
  endfacet
  facet normal 0 0 1
    outer loop
      vertex 38.5625 62.5625 100.25
      vertex 41.2 59.93 100.25
      vertex 41.2 61.47 100.25
    endloop
  endfacet
  facet normal 0 0 1
    outer loop
      vertex 38.5625 62.5625 100.25
      vertex 38.5625 58.8375 100.25
      vertex 41.2 59.93 100.25
    endloop
  endfacet
  facet normal -0 0 1
    outer loop
      vertex 35.93 65.2 100.25
      vertex 38.5625 62.5625 100.25
      vertex 37.47 65.2 100.25
    endloop
  endfacet
  facet normal 0 0 1
    outer loop
      vertex 34.8375 62.5625 100.25
      vertex 38.5625 62.5625 100.25
      vertex 35.93 65.2 100.25
    endloop
  endfacet
  facet normal 0 0 1
    outer loop
      vertex 43.8375 67.8375 100.25
      vertex 47.5625 67.8375 100.25
      vertex 43.8375 71.5625 100.25
    endloop
  endfacet
  facet normal 0 0 1
    outer loop
      vertex 47.5625 67.8375 100.25
      vertex 43.8375 67.8375 100.25
      vertex 44.93 65.2 100.25
    endloop
  endfacet
  facet normal -0 0 1
    outer loop
      vertex 41.2 70.47 100.25
      vertex 43.8375 67.8375 100.25
      vertex 43.8375 71.5625 100.25
    endloop
  endfacet
  facet normal 0 0 1
    outer loop
      vertex 41.2 70.47 100.25
      vertex 41.2 68.93 100.25
      vertex 43.8375 67.8375 100.25
    endloop
  endfacet
  facet normal 0 0 1
    outer loop
      vertex 38.5625 71.5625 100.25
      vertex 41.2 68.93 100.25
      vertex 41.2 70.47 100.25
    endloop
  endfacet
  facet normal 0 0 1
    outer loop
      vertex 38.5625 71.5625 100.25
      vertex 38.5625 67.8375 100.25
      vertex 41.2 68.93 100.25
    endloop
  endfacet
  facet normal -0 0 1
    outer loop
      vertex 35.93 74.2 100.25
      vertex 38.5625 71.5625 100.25
      vertex 37.47 74.2 100.25
    endloop
  endfacet
  facet normal 0 0 1
    outer loop
      vertex 34.8375 71.5625 100.25
      vertex 38.5625 71.5625 100.25
      vertex 35.93 74.2 100.25
    endloop
  endfacet
  facet normal 0 0 1
    outer loop
      vertex 52.8375 13.8375 100.25
      vertex 56.5625 13.8375 100.25
      vertex 52.8375 17.5625 100.25
    endloop
  endfacet
  facet normal 0 0 1
    outer loop
      vertex 56.5625 13.8375 100.25
      vertex 52.8375 13.8375 100.25
      vertex 53.93 11.2 100.25
    endloop
  endfacet
  facet normal -0 0 1
    outer loop
      vertex 50.2 16.47 100.25
      vertex 52.8375 13.8375 100.25
      vertex 52.8375 17.5625 100.25
    endloop
  endfacet
  facet normal 0 0 1
    outer loop
      vertex 50.2 16.47 100.25
      vertex 50.2 14.93 100.25
      vertex 52.8375 13.8375 100.25
    endloop
  endfacet
  facet normal 0 0 1
    outer loop
      vertex 47.5625 17.5625 100.25
      vertex 50.2 14.93 100.25
      vertex 50.2 16.47 100.25
    endloop
  endfacet
  facet normal 0 0 1
    outer loop
      vertex 47.5625 17.5625 100.25
      vertex 47.5625 13.8375 100.25
      vertex 50.2 14.93 100.25
    endloop
  endfacet
  facet normal -0 0 1
    outer loop
      vertex 44.93 20.2 100.25
      vertex 47.5625 17.5625 100.25
      vertex 46.47 20.2 100.25
    endloop
  endfacet
  facet normal 0 0 1
    outer loop
      vertex 43.8375 17.5625 100.25
      vertex 47.5625 17.5625 100.25
      vertex 44.93 20.2 100.25
    endloop
  endfacet
  facet normal 0 0 1
    outer loop
      vertex 52.8375 22.8375 100.25
      vertex 56.5625 22.8375 100.25
      vertex 52.8375 26.5625 100.25
    endloop
  endfacet
  facet normal 0 0 1
    outer loop
      vertex 56.5625 22.8375 100.25
      vertex 52.8375 22.8375 100.25
      vertex 53.93 20.2 100.25
    endloop
  endfacet
  facet normal -0 0 1
    outer loop
      vertex 50.2 25.47 100.25
      vertex 52.8375 22.8375 100.25
      vertex 52.8375 26.5625 100.25
    endloop
  endfacet
  facet normal 0 0 1
    outer loop
      vertex 50.2 25.47 100.25
      vertex 50.2 23.93 100.25
      vertex 52.8375 22.8375 100.25
    endloop
  endfacet
  facet normal 0 0 1
    outer loop
      vertex 47.5625 26.5625 100.25
      vertex 50.2 23.93 100.25
      vertex 50.2 25.47 100.25
    endloop
  endfacet
  facet normal 0 0 1
    outer loop
      vertex 47.5625 26.5625 100.25
      vertex 47.5625 22.8375 100.25
      vertex 50.2 23.93 100.25
    endloop
  endfacet
  facet normal -0 0 1
    outer loop
      vertex 44.93 29.2 100.25
      vertex 47.5625 26.5625 100.25
      vertex 46.47 29.2 100.25
    endloop
  endfacet
  facet normal 0 0 1
    outer loop
      vertex 43.8375 26.5625 100.25
      vertex 47.5625 26.5625 100.25
      vertex 44.93 29.2 100.25
    endloop
  endfacet
  facet normal 0 0 1
    outer loop
      vertex 52.8375 31.8375 100.25
      vertex 56.5625 31.8375 100.25
      vertex 52.8375 35.5625 100.25
    endloop
  endfacet
  facet normal 0 0 1
    outer loop
      vertex 56.5625 31.8375 100.25
      vertex 52.8375 31.8375 100.25
      vertex 53.93 29.2 100.25
    endloop
  endfacet
  facet normal -0 0 1
    outer loop
      vertex 50.2 34.47 100.25
      vertex 52.8375 31.8375 100.25
      vertex 52.8375 35.5625 100.25
    endloop
  endfacet
  facet normal 0 0 1
    outer loop
      vertex 50.2 34.47 100.25
      vertex 50.2 32.93 100.25
      vertex 52.8375 31.8375 100.25
    endloop
  endfacet
  facet normal 0 0 1
    outer loop
      vertex 47.5625 35.5625 100.25
      vertex 50.2 32.93 100.25
      vertex 50.2 34.47 100.25
    endloop
  endfacet
  facet normal 0 0 1
    outer loop
      vertex 47.5625 35.5625 100.25
      vertex 47.5625 31.8375 100.25
      vertex 50.2 32.93 100.25
    endloop
  endfacet
  facet normal -0 0 1
    outer loop
      vertex 44.93 38.2 100.25
      vertex 47.5625 35.5625 100.25
      vertex 46.47 38.2 100.25
    endloop
  endfacet
  facet normal 0 0 1
    outer loop
      vertex 43.8375 35.5625 100.25
      vertex 47.5625 35.5625 100.25
      vertex 44.93 38.2 100.25
    endloop
  endfacet
  facet normal 0 0 1
    outer loop
      vertex 52.8375 40.8375 100.25
      vertex 56.5625 40.8375 100.25
      vertex 52.8375 44.5625 100.25
    endloop
  endfacet
  facet normal 0 0 1
    outer loop
      vertex 56.5625 40.8375 100.25
      vertex 52.8375 40.8375 100.25
      vertex 53.93 38.2 100.25
    endloop
  endfacet
  facet normal -0 0 1
    outer loop
      vertex 50.2 43.47 100.25
      vertex 52.8375 40.8375 100.25
      vertex 52.8375 44.5625 100.25
    endloop
  endfacet
  facet normal 0 0 1
    outer loop
      vertex 50.2 43.47 100.25
      vertex 50.2 41.93 100.25
      vertex 52.8375 40.8375 100.25
    endloop
  endfacet
  facet normal 0 0 1
    outer loop
      vertex 47.5625 44.5625 100.25
      vertex 50.2 41.93 100.25
      vertex 50.2 43.47 100.25
    endloop
  endfacet
  facet normal 0 0 1
    outer loop
      vertex 47.5625 44.5625 100.25
      vertex 47.5625 40.8375 100.25
      vertex 50.2 41.93 100.25
    endloop
  endfacet
  facet normal -0 0 1
    outer loop
      vertex 44.93 47.2 100.25
      vertex 47.5625 44.5625 100.25
      vertex 46.47 47.2 100.25
    endloop
  endfacet
  facet normal 0 0 1
    outer loop
      vertex 43.8375 44.5625 100.25
      vertex 47.5625 44.5625 100.25
      vertex 44.93 47.2 100.25
    endloop
  endfacet
  facet normal 0 0 1
    outer loop
      vertex 52.8375 49.8375 100.25
      vertex 56.5625 49.8375 100.25
      vertex 52.8375 53.5625 100.25
    endloop
  endfacet
  facet normal 0 0 1
    outer loop
      vertex 56.5625 49.8375 100.25
      vertex 52.8375 49.8375 100.25
      vertex 53.93 47.2 100.25
    endloop
  endfacet
  facet normal -0 0 1
    outer loop
      vertex 50.2 52.47 100.25
      vertex 52.8375 49.8375 100.25
      vertex 52.8375 53.5625 100.25
    endloop
  endfacet
  facet normal 0 0 1
    outer loop
      vertex 50.2 52.47 100.25
      vertex 50.2 50.93 100.25
      vertex 52.8375 49.8375 100.25
    endloop
  endfacet
  facet normal 0 0 1
    outer loop
      vertex 47.5625 53.5625 100.25
      vertex 50.2 50.93 100.25
      vertex 50.2 52.47 100.25
    endloop
  endfacet
  facet normal 0 0 1
    outer loop
      vertex 47.5625 53.5625 100.25
      vertex 47.5625 49.8375 100.25
      vertex 50.2 50.93 100.25
    endloop
  endfacet
  facet normal -0 0 1
    outer loop
      vertex 44.93 56.2 100.25
      vertex 47.5625 53.5625 100.25
      vertex 46.47 56.2 100.25
    endloop
  endfacet
  facet normal 0 0 1
    outer loop
      vertex 43.8375 53.5625 100.25
      vertex 47.5625 53.5625 100.25
      vertex 44.93 56.2 100.25
    endloop
  endfacet
  facet normal 0 0 1
    outer loop
      vertex 52.8375 58.8375 100.25
      vertex 56.5625 58.8375 100.25
      vertex 52.8375 62.5625 100.25
    endloop
  endfacet
  facet normal 0 0 1
    outer loop
      vertex 56.5625 58.8375 100.25
      vertex 52.8375 58.8375 100.25
      vertex 53.93 56.2 100.25
    endloop
  endfacet
  facet normal -0 0 1
    outer loop
      vertex 50.2 61.47 100.25
      vertex 52.8375 58.8375 100.25
      vertex 52.8375 62.5625 100.25
    endloop
  endfacet
  facet normal 0 0 1
    outer loop
      vertex 50.2 61.47 100.25
      vertex 50.2 59.93 100.25
      vertex 52.8375 58.8375 100.25
    endloop
  endfacet
  facet normal 0 0 1
    outer loop
      vertex 47.5625 62.5625 100.25
      vertex 50.2 59.93 100.25
      vertex 50.2 61.47 100.25
    endloop
  endfacet
  facet normal 0 0 1
    outer loop
      vertex 47.5625 62.5625 100.25
      vertex 47.5625 58.8375 100.25
      vertex 50.2 59.93 100.25
    endloop
  endfacet
  facet normal -0 0 1
    outer loop
      vertex 44.93 65.2 100.25
      vertex 47.5625 62.5625 100.25
      vertex 46.47 65.2 100.25
    endloop
  endfacet
  facet normal 0 0 1
    outer loop
      vertex 43.8375 62.5625 100.25
      vertex 47.5625 62.5625 100.25
      vertex 44.93 65.2 100.25
    endloop
  endfacet
  facet normal 0 0 1
    outer loop
      vertex 52.8375 67.8375 100.25
      vertex 56.5625 67.8375 100.25
      vertex 52.8375 71.5625 100.25
    endloop
  endfacet
  facet normal 0 0 1
    outer loop
      vertex 56.5625 67.8375 100.25
      vertex 52.8375 67.8375 100.25
      vertex 53.93 65.2 100.25
    endloop
  endfacet
  facet normal -0 0 1
    outer loop
      vertex 50.2 70.47 100.25
      vertex 52.8375 67.8375 100.25
      vertex 52.8375 71.5625 100.25
    endloop
  endfacet
  facet normal 0 0 1
    outer loop
      vertex 50.2 70.47 100.25
      vertex 50.2 68.93 100.25
      vertex 52.8375 67.8375 100.25
    endloop
  endfacet
  facet normal 0 0 1
    outer loop
      vertex 47.5625 71.5625 100.25
      vertex 50.2 68.93 100.25
      vertex 50.2 70.47 100.25
    endloop
  endfacet
  facet normal 0 0 1
    outer loop
      vertex 47.5625 71.5625 100.25
      vertex 47.5625 67.8375 100.25
      vertex 50.2 68.93 100.25
    endloop
  endfacet
  facet normal -0 0 1
    outer loop
      vertex 44.93 74.2 100.25
      vertex 47.5625 71.5625 100.25
      vertex 46.47 74.2 100.25
    endloop
  endfacet
  facet normal 0 0 1
    outer loop
      vertex 43.8375 71.5625 100.25
      vertex 47.5625 71.5625 100.25
      vertex 44.93 74.2 100.25
    endloop
  endfacet
  facet normal 0 0 1
    outer loop
      vertex 61.8375 13.8375 100.25
      vertex 65.5625 13.8375 100.25
      vertex 61.8375 17.5625 100.25
    endloop
  endfacet
  facet normal 0 0 1
    outer loop
      vertex 65.5625 13.8375 100.25
      vertex 61.8375 13.8375 100.25
      vertex 62.93 11.2 100.25
    endloop
  endfacet
  facet normal -0 0 1
    outer loop
      vertex 59.2 16.47 100.25
      vertex 61.8375 13.8375 100.25
      vertex 61.8375 17.5625 100.25
    endloop
  endfacet
  facet normal 0 0 1
    outer loop
      vertex 59.2 16.47 100.25
      vertex 59.2 14.93 100.25
      vertex 61.8375 13.8375 100.25
    endloop
  endfacet
  facet normal 0 0 1
    outer loop
      vertex 56.5625 17.5625 100.25
      vertex 59.2 14.93 100.25
      vertex 59.2 16.47 100.25
    endloop
  endfacet
  facet normal 0 0 1
    outer loop
      vertex 56.5625 17.5625 100.25
      vertex 56.5625 13.8375 100.25
      vertex 59.2 14.93 100.25
    endloop
  endfacet
  facet normal -0 0 1
    outer loop
      vertex 53.93 20.2 100.25
      vertex 56.5625 17.5625 100.25
      vertex 55.47 20.2 100.25
    endloop
  endfacet
  facet normal 0 0 1
    outer loop
      vertex 52.8375 17.5625 100.25
      vertex 56.5625 17.5625 100.25
      vertex 53.93 20.2 100.25
    endloop
  endfacet
  facet normal 0 0 1
    outer loop
      vertex 61.8375 22.8375 100.25
      vertex 65.5625 22.8375 100.25
      vertex 61.8375 26.5625 100.25
    endloop
  endfacet
  facet normal 0 0 1
    outer loop
      vertex 65.5625 22.8375 100.25
      vertex 61.8375 22.8375 100.25
      vertex 62.93 20.2 100.25
    endloop
  endfacet
  facet normal -0 0 1
    outer loop
      vertex 59.2 25.47 100.25
      vertex 61.8375 22.8375 100.25
      vertex 61.8375 26.5625 100.25
    endloop
  endfacet
  facet normal 0 0 1
    outer loop
      vertex 59.2 25.47 100.25
      vertex 59.2 23.93 100.25
      vertex 61.8375 22.8375 100.25
    endloop
  endfacet
  facet normal 0 0 1
    outer loop
      vertex 56.5625 26.5625 100.25
      vertex 59.2 23.93 100.25
      vertex 59.2 25.47 100.25
    endloop
  endfacet
  facet normal 0 0 1
    outer loop
      vertex 56.5625 26.5625 100.25
      vertex 56.5625 22.8375 100.25
      vertex 59.2 23.93 100.25
    endloop
  endfacet
  facet normal -0 0 1
    outer loop
      vertex 53.93 29.2 100.25
      vertex 56.5625 26.5625 100.25
      vertex 55.47 29.2 100.25
    endloop
  endfacet
  facet normal 0 0 1
    outer loop
      vertex 52.8375 26.5625 100.25
      vertex 56.5625 26.5625 100.25
      vertex 53.93 29.2 100.25
    endloop
  endfacet
  facet normal 0 0 1
    outer loop
      vertex 61.8375 31.8375 100.25
      vertex 65.5625 31.8375 100.25
      vertex 61.8375 35.5625 100.25
    endloop
  endfacet
  facet normal 0 0 1
    outer loop
      vertex 65.5625 31.8375 100.25
      vertex 61.8375 31.8375 100.25
      vertex 62.93 29.2 100.25
    endloop
  endfacet
  facet normal -0 0 1
    outer loop
      vertex 59.2 34.47 100.25
      vertex 61.8375 31.8375 100.25
      vertex 61.8375 35.5625 100.25
    endloop
  endfacet
  facet normal 0 0 1
    outer loop
      vertex 59.2 34.47 100.25
      vertex 59.2 32.93 100.25
      vertex 61.8375 31.8375 100.25
    endloop
  endfacet
  facet normal 0 0 1
    outer loop
      vertex 56.5625 35.5625 100.25
      vertex 59.2 32.93 100.25
      vertex 59.2 34.47 100.25
    endloop
  endfacet
  facet normal 0 0 1
    outer loop
      vertex 56.5625 35.5625 100.25
      vertex 56.5625 31.8375 100.25
      vertex 59.2 32.93 100.25
    endloop
  endfacet
  facet normal -0 0 1
    outer loop
      vertex 53.93 38.2 100.25
      vertex 56.5625 35.5625 100.25
      vertex 55.47 38.2 100.25
    endloop
  endfacet
  facet normal 0 0 1
    outer loop
      vertex 52.8375 35.5625 100.25
      vertex 56.5625 35.5625 100.25
      vertex 53.93 38.2 100.25
    endloop
  endfacet
  facet normal 0 0 1
    outer loop
      vertex 61.8375 40.8375 100.25
      vertex 65.5625 40.8375 100.25
      vertex 61.8375 44.5625 100.25
    endloop
  endfacet
  facet normal 0 0 1
    outer loop
      vertex 65.5625 40.8375 100.25
      vertex 61.8375 40.8375 100.25
      vertex 62.93 38.2 100.25
    endloop
  endfacet
  facet normal -0 0 1
    outer loop
      vertex 59.2 43.47 100.25
      vertex 61.8375 40.8375 100.25
      vertex 61.8375 44.5625 100.25
    endloop
  endfacet
  facet normal 0 0 1
    outer loop
      vertex 59.2 43.47 100.25
      vertex 59.2 41.93 100.25
      vertex 61.8375 40.8375 100.25
    endloop
  endfacet
  facet normal 0 0 1
    outer loop
      vertex 56.5625 44.5625 100.25
      vertex 59.2 41.93 100.25
      vertex 59.2 43.47 100.25
    endloop
  endfacet
  facet normal 0 0 1
    outer loop
      vertex 56.5625 44.5625 100.25
      vertex 56.5625 40.8375 100.25
      vertex 59.2 41.93 100.25
    endloop
  endfacet
  facet normal -0 0 1
    outer loop
      vertex 53.93 47.2 100.25
      vertex 56.5625 44.5625 100.25
      vertex 55.47 47.2 100.25
    endloop
  endfacet
  facet normal 0 0 1
    outer loop
      vertex 52.8375 44.5625 100.25
      vertex 56.5625 44.5625 100.25
      vertex 53.93 47.2 100.25
    endloop
  endfacet
  facet normal 0 0 1
    outer loop
      vertex 61.8375 49.8375 100.25
      vertex 65.5625 49.8375 100.25
      vertex 61.8375 53.5625 100.25
    endloop
  endfacet
  facet normal 0 0 1
    outer loop
      vertex 65.5625 49.8375 100.25
      vertex 61.8375 49.8375 100.25
      vertex 62.93 47.2 100.25
    endloop
  endfacet
  facet normal -0 0 1
    outer loop
      vertex 59.2 52.47 100.25
      vertex 61.8375 49.8375 100.25
      vertex 61.8375 53.5625 100.25
    endloop
  endfacet
  facet normal 0 0 1
    outer loop
      vertex 59.2 52.47 100.25
      vertex 59.2 50.93 100.25
      vertex 61.8375 49.8375 100.25
    endloop
  endfacet
  facet normal 0 0 1
    outer loop
      vertex 56.5625 53.5625 100.25
      vertex 59.2 50.93 100.25
      vertex 59.2 52.47 100.25
    endloop
  endfacet
  facet normal 0 0 1
    outer loop
      vertex 56.5625 53.5625 100.25
      vertex 56.5625 49.8375 100.25
      vertex 59.2 50.93 100.25
    endloop
  endfacet
  facet normal -0 0 1
    outer loop
      vertex 53.93 56.2 100.25
      vertex 56.5625 53.5625 100.25
      vertex 55.47 56.2 100.25
    endloop
  endfacet
  facet normal 0 0 1
    outer loop
      vertex 52.8375 53.5625 100.25
      vertex 56.5625 53.5625 100.25
      vertex 53.93 56.2 100.25
    endloop
  endfacet
  facet normal 0 0 1
    outer loop
      vertex 61.8375 58.8375 100.25
      vertex 65.5625 58.8375 100.25
      vertex 61.8375 62.5625 100.25
    endloop
  endfacet
  facet normal 0 0 1
    outer loop
      vertex 65.5625 58.8375 100.25
      vertex 61.8375 58.8375 100.25
      vertex 62.93 56.2 100.25
    endloop
  endfacet
  facet normal -0 0 1
    outer loop
      vertex 59.2 61.47 100.25
      vertex 61.8375 58.8375 100.25
      vertex 61.8375 62.5625 100.25
    endloop
  endfacet
  facet normal 0 0 1
    outer loop
      vertex 59.2 61.47 100.25
      vertex 59.2 59.93 100.25
      vertex 61.8375 58.8375 100.25
    endloop
  endfacet
  facet normal 0 0 1
    outer loop
      vertex 56.5625 62.5625 100.25
      vertex 59.2 59.93 100.25
      vertex 59.2 61.47 100.25
    endloop
  endfacet
  facet normal 0 0 1
    outer loop
      vertex 56.5625 62.5625 100.25
      vertex 56.5625 58.8375 100.25
      vertex 59.2 59.93 100.25
    endloop
  endfacet
  facet normal -0 0 1
    outer loop
      vertex 53.93 65.2 100.25
      vertex 56.5625 62.5625 100.25
      vertex 55.47 65.2 100.25
    endloop
  endfacet
  facet normal 0 0 1
    outer loop
      vertex 52.8375 62.5625 100.25
      vertex 56.5625 62.5625 100.25
      vertex 53.93 65.2 100.25
    endloop
  endfacet
  facet normal 0 0 1
    outer loop
      vertex 61.8375 67.8375 100.25
      vertex 65.5625 67.8375 100.25
      vertex 61.8375 71.5625 100.25
    endloop
  endfacet
  facet normal 0 0 1
    outer loop
      vertex 65.5625 67.8375 100.25
      vertex 61.8375 67.8375 100.25
      vertex 62.93 65.2 100.25
    endloop
  endfacet
  facet normal -0 0 1
    outer loop
      vertex 59.2 70.47 100.25
      vertex 61.8375 67.8375 100.25
      vertex 61.8375 71.5625 100.25
    endloop
  endfacet
  facet normal 0 0 1
    outer loop
      vertex 59.2 70.47 100.25
      vertex 59.2 68.93 100.25
      vertex 61.8375 67.8375 100.25
    endloop
  endfacet
  facet normal 0 0 1
    outer loop
      vertex 56.5625 71.5625 100.25
      vertex 59.2 68.93 100.25
      vertex 59.2 70.47 100.25
    endloop
  endfacet
  facet normal 0 0 1
    outer loop
      vertex 56.5625 71.5625 100.25
      vertex 56.5625 67.8375 100.25
      vertex 59.2 68.93 100.25
    endloop
  endfacet
  facet normal -0 0 1
    outer loop
      vertex 53.93 74.2 100.25
      vertex 56.5625 71.5625 100.25
      vertex 55.47 74.2 100.25
    endloop
  endfacet
  facet normal 0 0 1
    outer loop
      vertex 52.8375 71.5625 100.25
      vertex 56.5625 71.5625 100.25
      vertex 53.93 74.2 100.25
    endloop
  endfacet
  facet normal 0 0 1
    outer loop
      vertex 70.8375 13.8375 100.25
      vertex 74.5625 13.8375 100.25
      vertex 70.8375 17.5625 100.25
    endloop
  endfacet
  facet normal 0 0 1
    outer loop
      vertex 74.5625 13.8375 100.25
      vertex 70.8375 13.8375 100.25
      vertex 71.93 11.2 100.25
    endloop
  endfacet
  facet normal -0 0 1
    outer loop
      vertex 68.2 16.47 100.25
      vertex 70.8375 13.8375 100.25
      vertex 70.8375 17.5625 100.25
    endloop
  endfacet
  facet normal 0 0 1
    outer loop
      vertex 68.2 16.47 100.25
      vertex 68.2 14.93 100.25
      vertex 70.8375 13.8375 100.25
    endloop
  endfacet
  facet normal 0 0 1
    outer loop
      vertex 65.5625 17.5625 100.25
      vertex 68.2 14.93 100.25
      vertex 68.2 16.47 100.25
    endloop
  endfacet
  facet normal 0 0 1
    outer loop
      vertex 65.5625 17.5625 100.25
      vertex 65.5625 13.8375 100.25
      vertex 68.2 14.93 100.25
    endloop
  endfacet
  facet normal -0 0 1
    outer loop
      vertex 62.93 20.2 100.25
      vertex 65.5625 17.5625 100.25
      vertex 64.47 20.2 100.25
    endloop
  endfacet
  facet normal 0 0 1
    outer loop
      vertex 61.8375 17.5625 100.25
      vertex 65.5625 17.5625 100.25
      vertex 62.93 20.2 100.25
    endloop
  endfacet
  facet normal 0 0 1
    outer loop
      vertex 70.8375 22.8375 100.25
      vertex 74.5625 22.8375 100.25
      vertex 70.8375 26.5625 100.25
    endloop
  endfacet
  facet normal 0 0 1
    outer loop
      vertex 74.5625 22.8375 100.25
      vertex 70.8375 22.8375 100.25
      vertex 71.93 20.2 100.25
    endloop
  endfacet
  facet normal -0 0 1
    outer loop
      vertex 68.2 25.47 100.25
      vertex 70.8375 22.8375 100.25
      vertex 70.8375 26.5625 100.25
    endloop
  endfacet
  facet normal 0 0 1
    outer loop
      vertex 68.2 25.47 100.25
      vertex 68.2 23.93 100.25
      vertex 70.8375 22.8375 100.25
    endloop
  endfacet
  facet normal 0 0 1
    outer loop
      vertex 65.5625 26.5625 100.25
      vertex 68.2 23.93 100.25
      vertex 68.2 25.47 100.25
    endloop
  endfacet
  facet normal 0 0 1
    outer loop
      vertex 65.5625 26.5625 100.25
      vertex 65.5625 22.8375 100.25
      vertex 68.2 23.93 100.25
    endloop
  endfacet
  facet normal -0 0 1
    outer loop
      vertex 62.93 29.2 100.25
      vertex 65.5625 26.5625 100.25
      vertex 64.47 29.2 100.25
    endloop
  endfacet
  facet normal 0 0 1
    outer loop
      vertex 61.8375 26.5625 100.25
      vertex 65.5625 26.5625 100.25
      vertex 62.93 29.2 100.25
    endloop
  endfacet
  facet normal 0 0 1
    outer loop
      vertex 70.8375 31.8375 100.25
      vertex 74.5625 31.8375 100.25
      vertex 70.8375 35.5625 100.25
    endloop
  endfacet
  facet normal 0 0 1
    outer loop
      vertex 74.5625 31.8375 100.25
      vertex 70.8375 31.8375 100.25
      vertex 71.93 29.2 100.25
    endloop
  endfacet
  facet normal -0 0 1
    outer loop
      vertex 68.2 34.47 100.25
      vertex 70.8375 31.8375 100.25
      vertex 70.8375 35.5625 100.25
    endloop
  endfacet
  facet normal 0 0 1
    outer loop
      vertex 68.2 34.47 100.25
      vertex 68.2 32.93 100.25
      vertex 70.8375 31.8375 100.25
    endloop
  endfacet
  facet normal 0 0 1
    outer loop
      vertex 65.5625 35.5625 100.25
      vertex 68.2 32.93 100.25
      vertex 68.2 34.47 100.25
    endloop
  endfacet
  facet normal 0 0 1
    outer loop
      vertex 65.5625 35.5625 100.25
      vertex 65.5625 31.8375 100.25
      vertex 68.2 32.93 100.25
    endloop
  endfacet
  facet normal -0 0 1
    outer loop
      vertex 62.93 38.2 100.25
      vertex 65.5625 35.5625 100.25
      vertex 64.47 38.2 100.25
    endloop
  endfacet
  facet normal 0 0 1
    outer loop
      vertex 61.8375 35.5625 100.25
      vertex 65.5625 35.5625 100.25
      vertex 62.93 38.2 100.25
    endloop
  endfacet
  facet normal 0 0 1
    outer loop
      vertex 70.8375 40.8375 100.25
      vertex 74.5625 40.8375 100.25
      vertex 70.8375 44.5625 100.25
    endloop
  endfacet
  facet normal 0 0 1
    outer loop
      vertex 74.5625 40.8375 100.25
      vertex 70.8375 40.8375 100.25
      vertex 71.93 38.2 100.25
    endloop
  endfacet
  facet normal -0 0 1
    outer loop
      vertex 68.2 43.47 100.25
      vertex 70.8375 40.8375 100.25
      vertex 70.8375 44.5625 100.25
    endloop
  endfacet
  facet normal 0 0 1
    outer loop
      vertex 68.2 43.47 100.25
      vertex 68.2 41.93 100.25
      vertex 70.8375 40.8375 100.25
    endloop
  endfacet
  facet normal 0 0 1
    outer loop
      vertex 65.5625 44.5625 100.25
      vertex 68.2 41.93 100.25
      vertex 68.2 43.47 100.25
    endloop
  endfacet
  facet normal 0 0 1
    outer loop
      vertex 65.5625 44.5625 100.25
      vertex 65.5625 40.8375 100.25
      vertex 68.2 41.93 100.25
    endloop
  endfacet
  facet normal -0 0 1
    outer loop
      vertex 62.93 47.2 100.25
      vertex 65.5625 44.5625 100.25
      vertex 64.47 47.2 100.25
    endloop
  endfacet
  facet normal 0 0 1
    outer loop
      vertex 61.8375 44.5625 100.25
      vertex 65.5625 44.5625 100.25
      vertex 62.93 47.2 100.25
    endloop
  endfacet
  facet normal 0 0 1
    outer loop
      vertex 70.8375 49.8375 100.25
      vertex 74.5625 49.8375 100.25
      vertex 70.8375 53.5625 100.25
    endloop
  endfacet
  facet normal 0 0 1
    outer loop
      vertex 74.5625 49.8375 100.25
      vertex 70.8375 49.8375 100.25
      vertex 71.93 47.2 100.25
    endloop
  endfacet
  facet normal -0 0 1
    outer loop
      vertex 68.2 52.47 100.25
      vertex 70.8375 49.8375 100.25
      vertex 70.8375 53.5625 100.25
    endloop
  endfacet
  facet normal 0 0 1
    outer loop
      vertex 68.2 52.47 100.25
      vertex 68.2 50.93 100.25
      vertex 70.8375 49.8375 100.25
    endloop
  endfacet
  facet normal 0 0 1
    outer loop
      vertex 65.5625 53.5625 100.25
      vertex 68.2 50.93 100.25
      vertex 68.2 52.47 100.25
    endloop
  endfacet
  facet normal 0 0 1
    outer loop
      vertex 65.5625 53.5625 100.25
      vertex 65.5625 49.8375 100.25
      vertex 68.2 50.93 100.25
    endloop
  endfacet
  facet normal -0 0 1
    outer loop
      vertex 62.93 56.2 100.25
      vertex 65.5625 53.5625 100.25
      vertex 64.47 56.2 100.25
    endloop
  endfacet
  facet normal 0 0 1
    outer loop
      vertex 61.8375 53.5625 100.25
      vertex 65.5625 53.5625 100.25
      vertex 62.93 56.2 100.25
    endloop
  endfacet
  facet normal 0 0 1
    outer loop
      vertex 70.8375 58.8375 100.25
      vertex 74.5625 58.8375 100.25
      vertex 70.8375 62.5625 100.25
    endloop
  endfacet
  facet normal 0 0 1
    outer loop
      vertex 74.5625 58.8375 100.25
      vertex 70.8375 58.8375 100.25
      vertex 71.93 56.2 100.25
    endloop
  endfacet
  facet normal -0 0 1
    outer loop
      vertex 68.2 61.47 100.25
      vertex 70.8375 58.8375 100.25
      vertex 70.8375 62.5625 100.25
    endloop
  endfacet
  facet normal 0 0 1
    outer loop
      vertex 68.2 61.47 100.25
      vertex 68.2 59.93 100.25
      vertex 70.8375 58.8375 100.25
    endloop
  endfacet
  facet normal 0 0 1
    outer loop
      vertex 65.5625 62.5625 100.25
      vertex 68.2 59.93 100.25
      vertex 68.2 61.47 100.25
    endloop
  endfacet
  facet normal 0 0 1
    outer loop
      vertex 65.5625 62.5625 100.25
      vertex 65.5625 58.8375 100.25
      vertex 68.2 59.93 100.25
    endloop
  endfacet
  facet normal -0 0 1
    outer loop
      vertex 62.93 65.2 100.25
      vertex 65.5625 62.5625 100.25
      vertex 64.47 65.2 100.25
    endloop
  endfacet
  facet normal 0 0 1
    outer loop
      vertex 61.8375 62.5625 100.25
      vertex 65.5625 62.5625 100.25
      vertex 62.93 65.2 100.25
    endloop
  endfacet
  facet normal 0 0 1
    outer loop
      vertex 70.8375 67.8375 100.25
      vertex 74.5625 67.8375 100.25
      vertex 70.8375 71.5625 100.25
    endloop
  endfacet
  facet normal 0 0 1
    outer loop
      vertex 74.5625 67.8375 100.25
      vertex 70.8375 67.8375 100.25
      vertex 71.93 65.2 100.25
    endloop
  endfacet
  facet normal -0 0 1
    outer loop
      vertex 68.2 70.47 100.25
      vertex 70.8375 67.8375 100.25
      vertex 70.8375 71.5625 100.25
    endloop
  endfacet
  facet normal 0 0 1
    outer loop
      vertex 68.2 70.47 100.25
      vertex 68.2 68.93 100.25
      vertex 70.8375 67.8375 100.25
    endloop
  endfacet
  facet normal 0 0 1
    outer loop
      vertex 65.5625 71.5625 100.25
      vertex 68.2 68.93 100.25
      vertex 68.2 70.47 100.25
    endloop
  endfacet
  facet normal 0 0 1
    outer loop
      vertex 65.5625 71.5625 100.25
      vertex 65.5625 67.8375 100.25
      vertex 68.2 68.93 100.25
    endloop
  endfacet
  facet normal -0 0 1
    outer loop
      vertex 62.93 74.2 100.25
      vertex 65.5625 71.5625 100.25
      vertex 64.47 74.2 100.25
    endloop
  endfacet
  facet normal 0 0 1
    outer loop
      vertex 61.8375 71.5625 100.25
      vertex 65.5625 71.5625 100.25
      vertex 62.93 74.2 100.25
    endloop
  endfacet
  facet normal 0 0 1
    outer loop
      vertex 79.8375 13.8375 100.25
      vertex 83.5625 13.8375 100.25
      vertex 79.8375 17.5625 100.25
    endloop
  endfacet
  facet normal 0 0 1
    outer loop
      vertex 83.5625 13.8375 100.25
      vertex 79.8375 13.8375 100.25
      vertex 80.93 11.2 100.25
    endloop
  endfacet
  facet normal -0 0 1
    outer loop
      vertex 77.2 16.47 100.25
      vertex 79.8375 13.8375 100.25
      vertex 79.8375 17.5625 100.25
    endloop
  endfacet
  facet normal 0 0 1
    outer loop
      vertex 77.2 16.47 100.25
      vertex 77.2 14.93 100.25
      vertex 79.8375 13.8375 100.25
    endloop
  endfacet
  facet normal 0 0 1
    outer loop
      vertex 74.5625 17.5625 100.25
      vertex 77.2 14.93 100.25
      vertex 77.2 16.47 100.25
    endloop
  endfacet
  facet normal 0 0 1
    outer loop
      vertex 74.5625 17.5625 100.25
      vertex 74.5625 13.8375 100.25
      vertex 77.2 14.93 100.25
    endloop
  endfacet
  facet normal -0 0 1
    outer loop
      vertex 71.93 20.2 100.25
      vertex 74.5625 17.5625 100.25
      vertex 73.47 20.2 100.25
    endloop
  endfacet
  facet normal 0 0 1
    outer loop
      vertex 70.8375 17.5625 100.25
      vertex 74.5625 17.5625 100.25
      vertex 71.93 20.2 100.25
    endloop
  endfacet
  facet normal 0 0 1
    outer loop
      vertex 79.8375 22.8375 100.25
      vertex 83.5625 22.8375 100.25
      vertex 79.8375 26.5625 100.25
    endloop
  endfacet
  facet normal 0 0 1
    outer loop
      vertex 83.5625 22.8375 100.25
      vertex 79.8375 22.8375 100.25
      vertex 80.93 20.2 100.25
    endloop
  endfacet
  facet normal -0 0 1
    outer loop
      vertex 77.2 25.47 100.25
      vertex 79.8375 22.8375 100.25
      vertex 79.8375 26.5625 100.25
    endloop
  endfacet
  facet normal 0 0 1
    outer loop
      vertex 77.2 25.47 100.25
      vertex 77.2 23.93 100.25
      vertex 79.8375 22.8375 100.25
    endloop
  endfacet
  facet normal 0 0 1
    outer loop
      vertex 74.5625 26.5625 100.25
      vertex 77.2 23.93 100.25
      vertex 77.2 25.47 100.25
    endloop
  endfacet
  facet normal 0 0 1
    outer loop
      vertex 74.5625 26.5625 100.25
      vertex 74.5625 22.8375 100.25
      vertex 77.2 23.93 100.25
    endloop
  endfacet
  facet normal -0 0 1
    outer loop
      vertex 71.93 29.2 100.25
      vertex 74.5625 26.5625 100.25
      vertex 73.47 29.2 100.25
    endloop
  endfacet
  facet normal 0 0 1
    outer loop
      vertex 70.8375 26.5625 100.25
      vertex 74.5625 26.5625 100.25
      vertex 71.93 29.2 100.25
    endloop
  endfacet
  facet normal 0 0 1
    outer loop
      vertex 79.8375 31.8375 100.25
      vertex 83.5625 31.8375 100.25
      vertex 79.8375 35.5625 100.25
    endloop
  endfacet
  facet normal 0 0 1
    outer loop
      vertex 83.5625 31.8375 100.25
      vertex 79.8375 31.8375 100.25
      vertex 80.93 29.2 100.25
    endloop
  endfacet
  facet normal -0 0 1
    outer loop
      vertex 77.2 34.47 100.25
      vertex 79.8375 31.8375 100.25
      vertex 79.8375 35.5625 100.25
    endloop
  endfacet
  facet normal 0 0 1
    outer loop
      vertex 77.2 34.47 100.25
      vertex 77.2 32.93 100.25
      vertex 79.8375 31.8375 100.25
    endloop
  endfacet
  facet normal 0 0 1
    outer loop
      vertex 74.5625 35.5625 100.25
      vertex 77.2 32.93 100.25
      vertex 77.2 34.47 100.25
    endloop
  endfacet
  facet normal 0 0 1
    outer loop
      vertex 74.5625 35.5625 100.25
      vertex 74.5625 31.8375 100.25
      vertex 77.2 32.93 100.25
    endloop
  endfacet
  facet normal -0 0 1
    outer loop
      vertex 71.93 38.2 100.25
      vertex 74.5625 35.5625 100.25
      vertex 73.47 38.2 100.25
    endloop
  endfacet
  facet normal 0 0 1
    outer loop
      vertex 70.8375 35.5625 100.25
      vertex 74.5625 35.5625 100.25
      vertex 71.93 38.2 100.25
    endloop
  endfacet
  facet normal 0 0 1
    outer loop
      vertex 79.8375 40.8375 100.25
      vertex 83.5625 40.8375 100.25
      vertex 79.8375 44.5625 100.25
    endloop
  endfacet
  facet normal 0 0 1
    outer loop
      vertex 83.5625 40.8375 100.25
      vertex 79.8375 40.8375 100.25
      vertex 80.93 38.2 100.25
    endloop
  endfacet
  facet normal -0 0 1
    outer loop
      vertex 77.2 43.47 100.25
      vertex 79.8375 40.8375 100.25
      vertex 79.8375 44.5625 100.25
    endloop
  endfacet
  facet normal 0 0 1
    outer loop
      vertex 77.2 43.47 100.25
      vertex 77.2 41.93 100.25
      vertex 79.8375 40.8375 100.25
    endloop
  endfacet
  facet normal 0 0 1
    outer loop
      vertex 74.5625 44.5625 100.25
      vertex 77.2 41.93 100.25
      vertex 77.2 43.47 100.25
    endloop
  endfacet
  facet normal 0 0 1
    outer loop
      vertex 74.5625 44.5625 100.25
      vertex 74.5625 40.8375 100.25
      vertex 77.2 41.93 100.25
    endloop
  endfacet
  facet normal -0 0 1
    outer loop
      vertex 71.93 47.2 100.25
      vertex 74.5625 44.5625 100.25
      vertex 73.47 47.2 100.25
    endloop
  endfacet
  facet normal 0 0 1
    outer loop
      vertex 70.8375 44.5625 100.25
      vertex 74.5625 44.5625 100.25
      vertex 71.93 47.2 100.25
    endloop
  endfacet
  facet normal 0 0 1
    outer loop
      vertex 79.8375 49.8375 100.25
      vertex 83.5625 49.8375 100.25
      vertex 79.8375 53.5625 100.25
    endloop
  endfacet
  facet normal 0 0 1
    outer loop
      vertex 83.5625 49.8375 100.25
      vertex 79.8375 49.8375 100.25
      vertex 80.93 47.2 100.25
    endloop
  endfacet
  facet normal -0 0 1
    outer loop
      vertex 77.2 52.47 100.25
      vertex 79.8375 49.8375 100.25
      vertex 79.8375 53.5625 100.25
    endloop
  endfacet
  facet normal 0 0 1
    outer loop
      vertex 77.2 52.47 100.25
      vertex 77.2 50.93 100.25
      vertex 79.8375 49.8375 100.25
    endloop
  endfacet
  facet normal 0 0 1
    outer loop
      vertex 74.5625 53.5625 100.25
      vertex 77.2 50.93 100.25
      vertex 77.2 52.47 100.25
    endloop
  endfacet
  facet normal 0 0 1
    outer loop
      vertex 74.5625 53.5625 100.25
      vertex 74.5625 49.8375 100.25
      vertex 77.2 50.93 100.25
    endloop
  endfacet
  facet normal -0 0 1
    outer loop
      vertex 71.93 56.2 100.25
      vertex 74.5625 53.5625 100.25
      vertex 73.47 56.2 100.25
    endloop
  endfacet
  facet normal 0 0 1
    outer loop
      vertex 70.8375 53.5625 100.25
      vertex 74.5625 53.5625 100.25
      vertex 71.93 56.2 100.25
    endloop
  endfacet
  facet normal 0 0 1
    outer loop
      vertex 79.8375 58.8375 100.25
      vertex 83.5625 58.8375 100.25
      vertex 79.8375 62.5625 100.25
    endloop
  endfacet
  facet normal 0 0 1
    outer loop
      vertex 83.5625 58.8375 100.25
      vertex 79.8375 58.8375 100.25
      vertex 80.93 56.2 100.25
    endloop
  endfacet
  facet normal -0 0 1
    outer loop
      vertex 77.2 61.47 100.25
      vertex 79.8375 58.8375 100.25
      vertex 79.8375 62.5625 100.25
    endloop
  endfacet
  facet normal 0 0 1
    outer loop
      vertex 77.2 61.47 100.25
      vertex 77.2 59.93 100.25
      vertex 79.8375 58.8375 100.25
    endloop
  endfacet
  facet normal 0 0 1
    outer loop
      vertex 74.5625 62.5625 100.25
      vertex 77.2 59.93 100.25
      vertex 77.2 61.47 100.25
    endloop
  endfacet
  facet normal 0 0 1
    outer loop
      vertex 74.5625 62.5625 100.25
      vertex 74.5625 58.8375 100.25
      vertex 77.2 59.93 100.25
    endloop
  endfacet
  facet normal -0 0 1
    outer loop
      vertex 71.93 65.2 100.25
      vertex 74.5625 62.5625 100.25
      vertex 73.47 65.2 100.25
    endloop
  endfacet
  facet normal 0 0 1
    outer loop
      vertex 70.8375 62.5625 100.25
      vertex 74.5625 62.5625 100.25
      vertex 71.93 65.2 100.25
    endloop
  endfacet
  facet normal 0 0 1
    outer loop
      vertex 79.8375 67.8375 100.25
      vertex 83.5625 67.8375 100.25
      vertex 79.8375 71.5625 100.25
    endloop
  endfacet
  facet normal 0 0 1
    outer loop
      vertex 83.5625 67.8375 100.25
      vertex 79.8375 67.8375 100.25
      vertex 80.93 65.2 100.25
    endloop
  endfacet
  facet normal -0 0 1
    outer loop
      vertex 77.2 70.47 100.25
      vertex 79.8375 67.8375 100.25
      vertex 79.8375 71.5625 100.25
    endloop
  endfacet
  facet normal 0 0 1
    outer loop
      vertex 77.2 70.47 100.25
      vertex 77.2 68.93 100.25
      vertex 79.8375 67.8375 100.25
    endloop
  endfacet
  facet normal 0 0 1
    outer loop
      vertex 74.5625 71.5625 100.25
      vertex 77.2 68.93 100.25
      vertex 77.2 70.47 100.25
    endloop
  endfacet
  facet normal 0 0 1
    outer loop
      vertex 74.5625 71.5625 100.25
      vertex 74.5625 67.8375 100.25
      vertex 77.2 68.93 100.25
    endloop
  endfacet
  facet normal -0 0 1
    outer loop
      vertex 71.93 74.2 100.25
      vertex 74.5625 71.5625 100.25
      vertex 73.47 74.2 100.25
    endloop
  endfacet
  facet normal 0 0 1
    outer loop
      vertex 70.8375 71.5625 100.25
      vertex 74.5625 71.5625 100.25
      vertex 71.93 74.2 100.25
    endloop
  endfacet
  facet normal 0 0 1
    outer loop
      vertex 88.8375 13.8375 100.25
      vertex 92.5625 13.8375 100.25
      vertex 88.8375 17.5625 100.25
    endloop
  endfacet
  facet normal 0 0 1
    outer loop
      vertex 92.5625 13.8375 100.25
      vertex 88.8375 13.8375 100.25
      vertex 89.93 11.2 100.25
    endloop
  endfacet
  facet normal -0 0 1
    outer loop
      vertex 86.2 16.47 100.25
      vertex 88.8375 13.8375 100.25
      vertex 88.8375 17.5625 100.25
    endloop
  endfacet
  facet normal 0 0 1
    outer loop
      vertex 86.2 16.47 100.25
      vertex 86.2 14.93 100.25
      vertex 88.8375 13.8375 100.25
    endloop
  endfacet
  facet normal 0 0 1
    outer loop
      vertex 83.5625 17.5625 100.25
      vertex 86.2 14.93 100.25
      vertex 86.2 16.47 100.25
    endloop
  endfacet
  facet normal 0 0 1
    outer loop
      vertex 83.5625 17.5625 100.25
      vertex 83.5625 13.8375 100.25
      vertex 86.2 14.93 100.25
    endloop
  endfacet
  facet normal -0 0 1
    outer loop
      vertex 80.93 20.2 100.25
      vertex 83.5625 17.5625 100.25
      vertex 82.47 20.2 100.25
    endloop
  endfacet
  facet normal 0 0 1
    outer loop
      vertex 79.8375 17.5625 100.25
      vertex 83.5625 17.5625 100.25
      vertex 80.93 20.2 100.25
    endloop
  endfacet
  facet normal 0 0 1
    outer loop
      vertex 88.8375 22.8375 100.25
      vertex 92.5625 22.8375 100.25
      vertex 88.8375 26.5625 100.25
    endloop
  endfacet
  facet normal 0 0 1
    outer loop
      vertex 92.5625 22.8375 100.25
      vertex 88.8375 22.8375 100.25
      vertex 89.93 20.2 100.25
    endloop
  endfacet
  facet normal -0 0 1
    outer loop
      vertex 86.2 25.47 100.25
      vertex 88.8375 22.8375 100.25
      vertex 88.8375 26.5625 100.25
    endloop
  endfacet
  facet normal 0 0 1
    outer loop
      vertex 86.2 25.47 100.25
      vertex 86.2 23.93 100.25
      vertex 88.8375 22.8375 100.25
    endloop
  endfacet
  facet normal 0 0 1
    outer loop
      vertex 83.5625 26.5625 100.25
      vertex 86.2 23.93 100.25
      vertex 86.2 25.47 100.25
    endloop
  endfacet
  facet normal 0 0 1
    outer loop
      vertex 83.5625 26.5625 100.25
      vertex 83.5625 22.8375 100.25
      vertex 86.2 23.93 100.25
    endloop
  endfacet
  facet normal -0 0 1
    outer loop
      vertex 80.93 29.2 100.25
      vertex 83.5625 26.5625 100.25
      vertex 82.47 29.2 100.25
    endloop
  endfacet
  facet normal 0 0 1
    outer loop
      vertex 79.8375 26.5625 100.25
      vertex 83.5625 26.5625 100.25
      vertex 80.93 29.2 100.25
    endloop
  endfacet
  facet normal 0 0 1
    outer loop
      vertex 88.8375 31.8375 100.25
      vertex 92.5625 31.8375 100.25
      vertex 88.8375 35.5625 100.25
    endloop
  endfacet
  facet normal 0 0 1
    outer loop
      vertex 92.5625 31.8375 100.25
      vertex 88.8375 31.8375 100.25
      vertex 89.93 29.2 100.25
    endloop
  endfacet
  facet normal -0 0 1
    outer loop
      vertex 86.2 34.47 100.25
      vertex 88.8375 31.8375 100.25
      vertex 88.8375 35.5625 100.25
    endloop
  endfacet
  facet normal 0 0 1
    outer loop
      vertex 86.2 34.47 100.25
      vertex 86.2 32.93 100.25
      vertex 88.8375 31.8375 100.25
    endloop
  endfacet
  facet normal 0 0 1
    outer loop
      vertex 83.5625 35.5625 100.25
      vertex 86.2 32.93 100.25
      vertex 86.2 34.47 100.25
    endloop
  endfacet
  facet normal 0 0 1
    outer loop
      vertex 83.5625 35.5625 100.25
      vertex 83.5625 31.8375 100.25
      vertex 86.2 32.93 100.25
    endloop
  endfacet
  facet normal -0 0 1
    outer loop
      vertex 80.93 38.2 100.25
      vertex 83.5625 35.5625 100.25
      vertex 82.47 38.2 100.25
    endloop
  endfacet
  facet normal 0 0 1
    outer loop
      vertex 79.8375 35.5625 100.25
      vertex 83.5625 35.5625 100.25
      vertex 80.93 38.2 100.25
    endloop
  endfacet
  facet normal 0 0 1
    outer loop
      vertex 88.8375 40.8375 100.25
      vertex 92.5625 40.8375 100.25
      vertex 88.8375 44.5625 100.25
    endloop
  endfacet
  facet normal 0 0 1
    outer loop
      vertex 92.5625 40.8375 100.25
      vertex 88.8375 40.8375 100.25
      vertex 89.93 38.2 100.25
    endloop
  endfacet
  facet normal -0 0 1
    outer loop
      vertex 86.2 43.47 100.25
      vertex 88.8375 40.8375 100.25
      vertex 88.8375 44.5625 100.25
    endloop
  endfacet
  facet normal 0 0 1
    outer loop
      vertex 86.2 43.47 100.25
      vertex 86.2 41.93 100.25
      vertex 88.8375 40.8375 100.25
    endloop
  endfacet
  facet normal 0 0 1
    outer loop
      vertex 83.5625 44.5625 100.25
      vertex 86.2 41.93 100.25
      vertex 86.2 43.47 100.25
    endloop
  endfacet
  facet normal 0 0 1
    outer loop
      vertex 83.5625 44.5625 100.25
      vertex 83.5625 40.8375 100.25
      vertex 86.2 41.93 100.25
    endloop
  endfacet
  facet normal -0 0 1
    outer loop
      vertex 80.93 47.2 100.25
      vertex 83.5625 44.5625 100.25
      vertex 82.47 47.2 100.25
    endloop
  endfacet
  facet normal 0 0 1
    outer loop
      vertex 79.8375 44.5625 100.25
      vertex 83.5625 44.5625 100.25
      vertex 80.93 47.2 100.25
    endloop
  endfacet
  facet normal 0 0 1
    outer loop
      vertex 88.8375 49.8375 100.25
      vertex 92.5625 49.8375 100.25
      vertex 88.8375 53.5625 100.25
    endloop
  endfacet
  facet normal 0 0 1
    outer loop
      vertex 92.5625 49.8375 100.25
      vertex 88.8375 49.8375 100.25
      vertex 89.93 47.2 100.25
    endloop
  endfacet
  facet normal -0 0 1
    outer loop
      vertex 86.2 52.47 100.25
      vertex 88.8375 49.8375 100.25
      vertex 88.8375 53.5625 100.25
    endloop
  endfacet
  facet normal 0 0 1
    outer loop
      vertex 86.2 52.47 100.25
      vertex 86.2 50.93 100.25
      vertex 88.8375 49.8375 100.25
    endloop
  endfacet
  facet normal 0 0 1
    outer loop
      vertex 83.5625 53.5625 100.25
      vertex 86.2 50.93 100.25
      vertex 86.2 52.47 100.25
    endloop
  endfacet
  facet normal 0 0 1
    outer loop
      vertex 83.5625 53.5625 100.25
      vertex 83.5625 49.8375 100.25
      vertex 86.2 50.93 100.25
    endloop
  endfacet
  facet normal -0 0 1
    outer loop
      vertex 80.93 56.2 100.25
      vertex 83.5625 53.5625 100.25
      vertex 82.47 56.2 100.25
    endloop
  endfacet
  facet normal 0 0 1
    outer loop
      vertex 79.8375 53.5625 100.25
      vertex 83.5625 53.5625 100.25
      vertex 80.93 56.2 100.25
    endloop
  endfacet
  facet normal 0 0 1
    outer loop
      vertex 88.8375 58.8375 100.25
      vertex 92.5625 58.8375 100.25
      vertex 88.8375 62.5625 100.25
    endloop
  endfacet
  facet normal 0 0 1
    outer loop
      vertex 92.5625 58.8375 100.25
      vertex 88.8375 58.8375 100.25
      vertex 89.93 56.2 100.25
    endloop
  endfacet
  facet normal -0 0 1
    outer loop
      vertex 86.2 61.47 100.25
      vertex 88.8375 58.8375 100.25
      vertex 88.8375 62.5625 100.25
    endloop
  endfacet
  facet normal 0 0 1
    outer loop
      vertex 86.2 61.47 100.25
      vertex 86.2 59.93 100.25
      vertex 88.8375 58.8375 100.25
    endloop
  endfacet
  facet normal 0 0 1
    outer loop
      vertex 83.5625 62.5625 100.25
      vertex 86.2 59.93 100.25
      vertex 86.2 61.47 100.25
    endloop
  endfacet
  facet normal 0 0 1
    outer loop
      vertex 83.5625 62.5625 100.25
      vertex 83.5625 58.8375 100.25
      vertex 86.2 59.93 100.25
    endloop
  endfacet
  facet normal -0 0 1
    outer loop
      vertex 80.93 65.2 100.25
      vertex 83.5625 62.5625 100.25
      vertex 82.47 65.2 100.25
    endloop
  endfacet
  facet normal 0 0 1
    outer loop
      vertex 79.8375 62.5625 100.25
      vertex 83.5625 62.5625 100.25
      vertex 80.93 65.2 100.25
    endloop
  endfacet
  facet normal 0 0 1
    outer loop
      vertex 88.8375 67.8375 100.25
      vertex 92.5625 67.8375 100.25
      vertex 88.8375 71.5625 100.25
    endloop
  endfacet
  facet normal 0 0 1
    outer loop
      vertex 92.5625 67.8375 100.25
      vertex 88.8375 67.8375 100.25
      vertex 89.93 65.2 100.25
    endloop
  endfacet
  facet normal -0 0 1
    outer loop
      vertex 86.2 70.47 100.25
      vertex 88.8375 67.8375 100.25
      vertex 88.8375 71.5625 100.25
    endloop
  endfacet
  facet normal 0 0 1
    outer loop
      vertex 86.2 70.47 100.25
      vertex 86.2 68.93 100.25
      vertex 88.8375 67.8375 100.25
    endloop
  endfacet
  facet normal 0 0 1
    outer loop
      vertex 83.5625 71.5625 100.25
      vertex 86.2 68.93 100.25
      vertex 86.2 70.47 100.25
    endloop
  endfacet
  facet normal 0 0 1
    outer loop
      vertex 83.5625 71.5625 100.25
      vertex 83.5625 67.8375 100.25
      vertex 86.2 68.93 100.25
    endloop
  endfacet
  facet normal -0 0 1
    outer loop
      vertex 80.93 74.2 100.25
      vertex 83.5625 71.5625 100.25
      vertex 82.47 74.2 100.25
    endloop
  endfacet
  facet normal 0 0 1
    outer loop
      vertex 79.8375 71.5625 100.25
      vertex 83.5625 71.5625 100.25
      vertex 80.93 74.2 100.25
    endloop
  endfacet
  facet normal 0 0 1
    outer loop
      vertex 97.8375 13.8375 100.25
      vertex 101.562 13.8375 100.25
      vertex 97.8375 17.5625 100.25
    endloop
  endfacet
  facet normal 0 0 1
    outer loop
      vertex 101.562 13.8375 100.25
      vertex 97.8375 13.8375 100.25
      vertex 98.93 11.2 100.25
    endloop
  endfacet
  facet normal -0 0 1
    outer loop
      vertex 95.2 16.47 100.25
      vertex 97.8375 13.8375 100.25
      vertex 97.8375 17.5625 100.25
    endloop
  endfacet
  facet normal 0 0 1
    outer loop
      vertex 95.2 16.47 100.25
      vertex 95.2 14.93 100.25
      vertex 97.8375 13.8375 100.25
    endloop
  endfacet
  facet normal 0 0 1
    outer loop
      vertex 92.5625 17.5625 100.25
      vertex 95.2 14.93 100.25
      vertex 95.2 16.47 100.25
    endloop
  endfacet
  facet normal 0 0 1
    outer loop
      vertex 92.5625 17.5625 100.25
      vertex 92.5625 13.8375 100.25
      vertex 95.2 14.93 100.25
    endloop
  endfacet
  facet normal -0 0 1
    outer loop
      vertex 89.93 20.2 100.25
      vertex 92.5625 17.5625 100.25
      vertex 91.47 20.2 100.25
    endloop
  endfacet
  facet normal 0 0 1
    outer loop
      vertex 88.8375 17.5625 100.25
      vertex 92.5625 17.5625 100.25
      vertex 89.93 20.2 100.25
    endloop
  endfacet
  facet normal 0 0 1
    outer loop
      vertex 97.8375 22.8375 100.25
      vertex 101.562 22.8375 100.25
      vertex 97.8375 26.5625 100.25
    endloop
  endfacet
  facet normal 0 0 1
    outer loop
      vertex 101.562 22.8375 100.25
      vertex 97.8375 22.8375 100.25
      vertex 98.93 20.2 100.25
    endloop
  endfacet
  facet normal -0 0 1
    outer loop
      vertex 95.2 25.47 100.25
      vertex 97.8375 22.8375 100.25
      vertex 97.8375 26.5625 100.25
    endloop
  endfacet
  facet normal 0 0 1
    outer loop
      vertex 95.2 25.47 100.25
      vertex 95.2 23.93 100.25
      vertex 97.8375 22.8375 100.25
    endloop
  endfacet
  facet normal 0 0 1
    outer loop
      vertex 92.5625 26.5625 100.25
      vertex 95.2 23.93 100.25
      vertex 95.2 25.47 100.25
    endloop
  endfacet
  facet normal 0 0 1
    outer loop
      vertex 92.5625 26.5625 100.25
      vertex 92.5625 22.8375 100.25
      vertex 95.2 23.93 100.25
    endloop
  endfacet
  facet normal -0 0 1
    outer loop
      vertex 89.93 29.2 100.25
      vertex 92.5625 26.5625 100.25
      vertex 91.47 29.2 100.25
    endloop
  endfacet
  facet normal 0 0 1
    outer loop
      vertex 88.8375 26.5625 100.25
      vertex 92.5625 26.5625 100.25
      vertex 89.93 29.2 100.25
    endloop
  endfacet
  facet normal 0 0 1
    outer loop
      vertex 97.8375 31.8375 100.25
      vertex 101.562 31.8375 100.25
      vertex 97.8375 35.5625 100.25
    endloop
  endfacet
  facet normal 0 0 1
    outer loop
      vertex 101.562 31.8375 100.25
      vertex 97.8375 31.8375 100.25
      vertex 98.93 29.2 100.25
    endloop
  endfacet
  facet normal -0 0 1
    outer loop
      vertex 95.2 34.47 100.25
      vertex 97.8375 31.8375 100.25
      vertex 97.8375 35.5625 100.25
    endloop
  endfacet
  facet normal 0 0 1
    outer loop
      vertex 95.2 34.47 100.25
      vertex 95.2 32.93 100.25
      vertex 97.8375 31.8375 100.25
    endloop
  endfacet
  facet normal 0 0 1
    outer loop
      vertex 92.5625 35.5625 100.25
      vertex 95.2 32.93 100.25
      vertex 95.2 34.47 100.25
    endloop
  endfacet
  facet normal 0 0 1
    outer loop
      vertex 92.5625 35.5625 100.25
      vertex 92.5625 31.8375 100.25
      vertex 95.2 32.93 100.25
    endloop
  endfacet
  facet normal -0 0 1
    outer loop
      vertex 89.93 38.2 100.25
      vertex 92.5625 35.5625 100.25
      vertex 91.47 38.2 100.25
    endloop
  endfacet
  facet normal 0 0 1
    outer loop
      vertex 88.8375 35.5625 100.25
      vertex 92.5625 35.5625 100.25
      vertex 89.93 38.2 100.25
    endloop
  endfacet
  facet normal 0 0 1
    outer loop
      vertex 97.8375 40.8375 100.25
      vertex 101.562 40.8375 100.25
      vertex 97.8375 44.5625 100.25
    endloop
  endfacet
  facet normal 0 0 1
    outer loop
      vertex 101.562 40.8375 100.25
      vertex 97.8375 40.8375 100.25
      vertex 98.93 38.2 100.25
    endloop
  endfacet
  facet normal -0 0 1
    outer loop
      vertex 95.2 43.47 100.25
      vertex 97.8375 40.8375 100.25
      vertex 97.8375 44.5625 100.25
    endloop
  endfacet
  facet normal 0 0 1
    outer loop
      vertex 95.2 43.47 100.25
      vertex 95.2 41.93 100.25
      vertex 97.8375 40.8375 100.25
    endloop
  endfacet
  facet normal 0 0 1
    outer loop
      vertex 92.5625 44.5625 100.25
      vertex 95.2 41.93 100.25
      vertex 95.2 43.47 100.25
    endloop
  endfacet
  facet normal 0 0 1
    outer loop
      vertex 92.5625 44.5625 100.25
      vertex 92.5625 40.8375 100.25
      vertex 95.2 41.93 100.25
    endloop
  endfacet
  facet normal -0 0 1
    outer loop
      vertex 89.93 47.2 100.25
      vertex 92.5625 44.5625 100.25
      vertex 91.47 47.2 100.25
    endloop
  endfacet
  facet normal 0 0 1
    outer loop
      vertex 88.8375 44.5625 100.25
      vertex 92.5625 44.5625 100.25
      vertex 89.93 47.2 100.25
    endloop
  endfacet
  facet normal 0 0 1
    outer loop
      vertex 97.8375 49.8375 100.25
      vertex 101.562 49.8375 100.25
      vertex 97.8375 53.5625 100.25
    endloop
  endfacet
  facet normal 0 0 1
    outer loop
      vertex 101.562 49.8375 100.25
      vertex 97.8375 49.8375 100.25
      vertex 98.93 47.2 100.25
    endloop
  endfacet
  facet normal -0 0 1
    outer loop
      vertex 95.2 52.47 100.25
      vertex 97.8375 49.8375 100.25
      vertex 97.8375 53.5625 100.25
    endloop
  endfacet
  facet normal 0 0 1
    outer loop
      vertex 95.2 52.47 100.25
      vertex 95.2 50.93 100.25
      vertex 97.8375 49.8375 100.25
    endloop
  endfacet
  facet normal 0 0 1
    outer loop
      vertex 92.5625 53.5625 100.25
      vertex 95.2 50.93 100.25
      vertex 95.2 52.47 100.25
    endloop
  endfacet
  facet normal 0 0 1
    outer loop
      vertex 92.5625 53.5625 100.25
      vertex 92.5625 49.8375 100.25
      vertex 95.2 50.93 100.25
    endloop
  endfacet
  facet normal -0 0 1
    outer loop
      vertex 89.93 56.2 100.25
      vertex 92.5625 53.5625 100.25
      vertex 91.47 56.2 100.25
    endloop
  endfacet
  facet normal 0 0 1
    outer loop
      vertex 88.8375 53.5625 100.25
      vertex 92.5625 53.5625 100.25
      vertex 89.93 56.2 100.25
    endloop
  endfacet
  facet normal 0 0 1
    outer loop
      vertex 97.8375 58.8375 100.25
      vertex 101.562 58.8375 100.25
      vertex 97.8375 62.5625 100.25
    endloop
  endfacet
  facet normal 0 0 1
    outer loop
      vertex 101.562 58.8375 100.25
      vertex 97.8375 58.8375 100.25
      vertex 98.93 56.2 100.25
    endloop
  endfacet
  facet normal -0 0 1
    outer loop
      vertex 95.2 61.47 100.25
      vertex 97.8375 58.8375 100.25
      vertex 97.8375 62.5625 100.25
    endloop
  endfacet
  facet normal 0 0 1
    outer loop
      vertex 95.2 61.47 100.25
      vertex 95.2 59.93 100.25
      vertex 97.8375 58.8375 100.25
    endloop
  endfacet
  facet normal 0 0 1
    outer loop
      vertex 92.5625 62.5625 100.25
      vertex 95.2 59.93 100.25
      vertex 95.2 61.47 100.25
    endloop
  endfacet
  facet normal 0 0 1
    outer loop
      vertex 92.5625 62.5625 100.25
      vertex 92.5625 58.8375 100.25
      vertex 95.2 59.93 100.25
    endloop
  endfacet
  facet normal -0 0 1
    outer loop
      vertex 89.93 65.2 100.25
      vertex 92.5625 62.5625 100.25
      vertex 91.47 65.2 100.25
    endloop
  endfacet
  facet normal 0 0 1
    outer loop
      vertex 88.8375 62.5625 100.25
      vertex 92.5625 62.5625 100.25
      vertex 89.93 65.2 100.25
    endloop
  endfacet
  facet normal 0 0 1
    outer loop
      vertex 97.8375 67.8375 100.25
      vertex 101.562 67.8375 100.25
      vertex 97.8375 71.5625 100.25
    endloop
  endfacet
  facet normal 0 0 1
    outer loop
      vertex 101.562 67.8375 100.25
      vertex 97.8375 67.8375 100.25
      vertex 98.93 65.2 100.25
    endloop
  endfacet
  facet normal -0 0 1
    outer loop
      vertex 95.2 70.47 100.25
      vertex 97.8375 67.8375 100.25
      vertex 97.8375 71.5625 100.25
    endloop
  endfacet
  facet normal 0 0 1
    outer loop
      vertex 95.2 70.47 100.25
      vertex 95.2 68.93 100.25
      vertex 97.8375 67.8375 100.25
    endloop
  endfacet
  facet normal 0 0 1
    outer loop
      vertex 92.5625 71.5625 100.25
      vertex 95.2 68.93 100.25
      vertex 95.2 70.47 100.25
    endloop
  endfacet
  facet normal 0 0 1
    outer loop
      vertex 92.5625 71.5625 100.25
      vertex 92.5625 67.8375 100.25
      vertex 95.2 68.93 100.25
    endloop
  endfacet
  facet normal -0 0 1
    outer loop
      vertex 89.93 74.2 100.25
      vertex 92.5625 71.5625 100.25
      vertex 91.47 74.2 100.25
    endloop
  endfacet
  facet normal 0 0 1
    outer loop
      vertex 88.8375 71.5625 100.25
      vertex 92.5625 71.5625 100.25
      vertex 89.93 74.2 100.25
    endloop
  endfacet
  facet normal 0 0 1
    outer loop
      vertex 106.838 13.8375 100.25
      vertex 110.562 13.8375 100.25
      vertex 106.838 17.5625 100.25
    endloop
  endfacet
  facet normal 0 0 1
    outer loop
      vertex 110.562 13.8375 100.25
      vertex 106.838 13.8375 100.25
      vertex 107.93 11.2 100.25
    endloop
  endfacet
  facet normal -0 0 1
    outer loop
      vertex 104.2 16.47 100.25
      vertex 106.838 13.8375 100.25
      vertex 106.838 17.5625 100.25
    endloop
  endfacet
  facet normal 0 0 1
    outer loop
      vertex 104.2 16.47 100.25
      vertex 104.2 14.93 100.25
      vertex 106.838 13.8375 100.25
    endloop
  endfacet
  facet normal 0 0 1
    outer loop
      vertex 101.562 17.5625 100.25
      vertex 104.2 14.93 100.25
      vertex 104.2 16.47 100.25
    endloop
  endfacet
  facet normal 0 0 1
    outer loop
      vertex 101.562 17.5625 100.25
      vertex 101.562 13.8375 100.25
      vertex 104.2 14.93 100.25
    endloop
  endfacet
  facet normal -0 0 1
    outer loop
      vertex 98.93 20.2 100.25
      vertex 101.562 17.5625 100.25
      vertex 100.47 20.2 100.25
    endloop
  endfacet
  facet normal 0 0 1
    outer loop
      vertex 97.8375 17.5625 100.25
      vertex 101.562 17.5625 100.25
      vertex 98.93 20.2 100.25
    endloop
  endfacet
  facet normal 0 0 1
    outer loop
      vertex 106.838 22.8375 100.25
      vertex 110.562 22.8375 100.25
      vertex 106.838 26.5625 100.25
    endloop
  endfacet
  facet normal 0 0 1
    outer loop
      vertex 110.562 22.8375 100.25
      vertex 106.838 22.8375 100.25
      vertex 107.93 20.2 100.25
    endloop
  endfacet
  facet normal -0 0 1
    outer loop
      vertex 104.2 25.47 100.25
      vertex 106.838 22.8375 100.25
      vertex 106.838 26.5625 100.25
    endloop
  endfacet
  facet normal 0 0 1
    outer loop
      vertex 104.2 25.47 100.25
      vertex 104.2 23.93 100.25
      vertex 106.838 22.8375 100.25
    endloop
  endfacet
  facet normal 0 0 1
    outer loop
      vertex 101.562 26.5625 100.25
      vertex 104.2 23.93 100.25
      vertex 104.2 25.47 100.25
    endloop
  endfacet
  facet normal 0 0 1
    outer loop
      vertex 101.562 26.5625 100.25
      vertex 101.562 22.8375 100.25
      vertex 104.2 23.93 100.25
    endloop
  endfacet
  facet normal -0 0 1
    outer loop
      vertex 98.93 29.2 100.25
      vertex 101.562 26.5625 100.25
      vertex 100.47 29.2 100.25
    endloop
  endfacet
  facet normal 0 0 1
    outer loop
      vertex 97.8375 26.5625 100.25
      vertex 101.562 26.5625 100.25
      vertex 98.93 29.2 100.25
    endloop
  endfacet
  facet normal 0 0 1
    outer loop
      vertex 106.838 31.8375 100.25
      vertex 110.562 31.8375 100.25
      vertex 106.838 35.5625 100.25
    endloop
  endfacet
  facet normal 0 0 1
    outer loop
      vertex 110.562 31.8375 100.25
      vertex 106.838 31.8375 100.25
      vertex 107.93 29.2 100.25
    endloop
  endfacet
  facet normal -0 0 1
    outer loop
      vertex 104.2 34.47 100.25
      vertex 106.838 31.8375 100.25
      vertex 106.838 35.5625 100.25
    endloop
  endfacet
  facet normal 0 0 1
    outer loop
      vertex 104.2 34.47 100.25
      vertex 104.2 32.93 100.25
      vertex 106.838 31.8375 100.25
    endloop
  endfacet
  facet normal 0 0 1
    outer loop
      vertex 101.562 35.5625 100.25
      vertex 104.2 32.93 100.25
      vertex 104.2 34.47 100.25
    endloop
  endfacet
  facet normal 0 0 1
    outer loop
      vertex 101.562 35.5625 100.25
      vertex 101.562 31.8375 100.25
      vertex 104.2 32.93 100.25
    endloop
  endfacet
  facet normal -0 0 1
    outer loop
      vertex 98.93 38.2 100.25
      vertex 101.562 35.5625 100.25
      vertex 100.47 38.2 100.25
    endloop
  endfacet
  facet normal 0 0 1
    outer loop
      vertex 97.8375 35.5625 100.25
      vertex 101.562 35.5625 100.25
      vertex 98.93 38.2 100.25
    endloop
  endfacet
  facet normal 0 0 1
    outer loop
      vertex 106.838 40.8375 100.25
      vertex 110.562 40.8375 100.25
      vertex 106.838 44.5625 100.25
    endloop
  endfacet
  facet normal 0 0 1
    outer loop
      vertex 110.562 40.8375 100.25
      vertex 106.838 40.8375 100.25
      vertex 107.93 38.2 100.25
    endloop
  endfacet
  facet normal -0 0 1
    outer loop
      vertex 104.2 43.47 100.25
      vertex 106.838 40.8375 100.25
      vertex 106.838 44.5625 100.25
    endloop
  endfacet
  facet normal 0 0 1
    outer loop
      vertex 104.2 43.47 100.25
      vertex 104.2 41.93 100.25
      vertex 106.838 40.8375 100.25
    endloop
  endfacet
  facet normal 0 0 1
    outer loop
      vertex 101.562 44.5625 100.25
      vertex 104.2 41.93 100.25
      vertex 104.2 43.47 100.25
    endloop
  endfacet
  facet normal 0 0 1
    outer loop
      vertex 101.562 44.5625 100.25
      vertex 101.562 40.8375 100.25
      vertex 104.2 41.93 100.25
    endloop
  endfacet
  facet normal -0 0 1
    outer loop
      vertex 98.93 47.2 100.25
      vertex 101.562 44.5625 100.25
      vertex 100.47 47.2 100.25
    endloop
  endfacet
  facet normal 0 0 1
    outer loop
      vertex 97.8375 44.5625 100.25
      vertex 101.562 44.5625 100.25
      vertex 98.93 47.2 100.25
    endloop
  endfacet
  facet normal 0 0 1
    outer loop
      vertex 106.838 49.8375 100.25
      vertex 110.562 49.8375 100.25
      vertex 106.838 53.5625 100.25
    endloop
  endfacet
  facet normal 0 0 1
    outer loop
      vertex 110.562 49.8375 100.25
      vertex 106.838 49.8375 100.25
      vertex 107.93 47.2 100.25
    endloop
  endfacet
  facet normal -0 0 1
    outer loop
      vertex 104.2 52.47 100.25
      vertex 106.838 49.8375 100.25
      vertex 106.838 53.5625 100.25
    endloop
  endfacet
  facet normal 0 0 1
    outer loop
      vertex 104.2 52.47 100.25
      vertex 104.2 50.93 100.25
      vertex 106.838 49.8375 100.25
    endloop
  endfacet
  facet normal 0 0 1
    outer loop
      vertex 101.562 53.5625 100.25
      vertex 104.2 50.93 100.25
      vertex 104.2 52.47 100.25
    endloop
  endfacet
  facet normal 0 0 1
    outer loop
      vertex 101.562 53.5625 100.25
      vertex 101.562 49.8375 100.25
      vertex 104.2 50.93 100.25
    endloop
  endfacet
  facet normal -0 0 1
    outer loop
      vertex 98.93 56.2 100.25
      vertex 101.562 53.5625 100.25
      vertex 100.47 56.2 100.25
    endloop
  endfacet
  facet normal 0 0 1
    outer loop
      vertex 97.8375 53.5625 100.25
      vertex 101.562 53.5625 100.25
      vertex 98.93 56.2 100.25
    endloop
  endfacet
  facet normal 0 0 1
    outer loop
      vertex 106.838 58.8375 100.25
      vertex 110.562 58.8375 100.25
      vertex 106.838 62.5625 100.25
    endloop
  endfacet
  facet normal 0 0 1
    outer loop
      vertex 110.562 58.8375 100.25
      vertex 106.838 58.8375 100.25
      vertex 107.93 56.2 100.25
    endloop
  endfacet
  facet normal -0 0 1
    outer loop
      vertex 104.2 61.47 100.25
      vertex 106.838 58.8375 100.25
      vertex 106.838 62.5625 100.25
    endloop
  endfacet
  facet normal 0 0 1
    outer loop
      vertex 104.2 61.47 100.25
      vertex 104.2 59.93 100.25
      vertex 106.838 58.8375 100.25
    endloop
  endfacet
  facet normal 0 0 1
    outer loop
      vertex 101.562 62.5625 100.25
      vertex 104.2 59.93 100.25
      vertex 104.2 61.47 100.25
    endloop
  endfacet
  facet normal 0 0 1
    outer loop
      vertex 101.562 62.5625 100.25
      vertex 101.562 58.8375 100.25
      vertex 104.2 59.93 100.25
    endloop
  endfacet
  facet normal -0 0 1
    outer loop
      vertex 98.93 65.2 100.25
      vertex 101.562 62.5625 100.25
      vertex 100.47 65.2 100.25
    endloop
  endfacet
  facet normal 0 0 1
    outer loop
      vertex 97.8375 62.5625 100.25
      vertex 101.562 62.5625 100.25
      vertex 98.93 65.2 100.25
    endloop
  endfacet
  facet normal 0 0 1
    outer loop
      vertex 106.838 67.8375 100.25
      vertex 110.562 67.8375 100.25
      vertex 106.838 71.5625 100.25
    endloop
  endfacet
  facet normal 0 0 1
    outer loop
      vertex 110.562 67.8375 100.25
      vertex 106.838 67.8375 100.25
      vertex 107.93 65.2 100.25
    endloop
  endfacet
  facet normal -0 0 1
    outer loop
      vertex 104.2 70.47 100.25
      vertex 106.838 67.8375 100.25
      vertex 106.838 71.5625 100.25
    endloop
  endfacet
  facet normal 0 0 1
    outer loop
      vertex 104.2 70.47 100.25
      vertex 104.2 68.93 100.25
      vertex 106.838 67.8375 100.25
    endloop
  endfacet
  facet normal 0 0 1
    outer loop
      vertex 101.562 71.5625 100.25
      vertex 104.2 68.93 100.25
      vertex 104.2 70.47 100.25
    endloop
  endfacet
  facet normal 0 0 1
    outer loop
      vertex 101.562 71.5625 100.25
      vertex 101.562 67.8375 100.25
      vertex 104.2 68.93 100.25
    endloop
  endfacet
  facet normal -0 0 1
    outer loop
      vertex 98.93 74.2 100.25
      vertex 101.562 71.5625 100.25
      vertex 100.47 74.2 100.25
    endloop
  endfacet
  facet normal 0 0 1
    outer loop
      vertex 97.8375 71.5625 100.25
      vertex 101.562 71.5625 100.25
      vertex 98.93 74.2 100.25
    endloop
  endfacet
  facet normal -0 0 1
    outer loop
      vertex 115.838 17.5625 100.25
      vertex 116.93 11.2 100.25
      vertex 116.93 20.2 100.25
    endloop
  endfacet
  facet normal 0 0 1
    outer loop
      vertex 115.838 17.5625 100.25
      vertex 115.838 13.8375 100.25
      vertex 116.93 11.2 100.25
    endloop
  endfacet
  facet normal -0 0 1
    outer loop
      vertex 113.2 16.47 100.25
      vertex 115.838 13.8375 100.25
      vertex 115.838 17.5625 100.25
    endloop
  endfacet
  facet normal 0 0 1
    outer loop
      vertex 113.2 16.47 100.25
      vertex 113.2 14.93 100.25
      vertex 115.838 13.8375 100.25
    endloop
  endfacet
  facet normal 0 0 1
    outer loop
      vertex 110.562 17.5625 100.25
      vertex 113.2 14.93 100.25
      vertex 113.2 16.47 100.25
    endloop
  endfacet
  facet normal 0 0 1
    outer loop
      vertex 110.562 17.5625 100.25
      vertex 110.562 13.8375 100.25
      vertex 113.2 14.93 100.25
    endloop
  endfacet
  facet normal -0 0 1
    outer loop
      vertex 107.93 20.2 100.25
      vertex 110.562 17.5625 100.25
      vertex 109.47 20.2 100.25
    endloop
  endfacet
  facet normal 0 0 1
    outer loop
      vertex 106.838 17.5625 100.25
      vertex 110.562 17.5625 100.25
      vertex 107.93 20.2 100.25
    endloop
  endfacet
  facet normal -0 0 1
    outer loop
      vertex 115.838 26.5625 100.25
      vertex 116.93 20.2 100.25
      vertex 116.93 29.2 100.25
    endloop
  endfacet
  facet normal 0 0 1
    outer loop
      vertex 115.838 26.5625 100.25
      vertex 115.838 22.8375 100.25
      vertex 116.93 20.2 100.25
    endloop
  endfacet
  facet normal -0 0 1
    outer loop
      vertex 113.2 25.47 100.25
      vertex 115.838 22.8375 100.25
      vertex 115.838 26.5625 100.25
    endloop
  endfacet
  facet normal 0 0 1
    outer loop
      vertex 113.2 25.47 100.25
      vertex 113.2 23.93 100.25
      vertex 115.838 22.8375 100.25
    endloop
  endfacet
  facet normal 0 0 1
    outer loop
      vertex 110.562 26.5625 100.25
      vertex 113.2 23.93 100.25
      vertex 113.2 25.47 100.25
    endloop
  endfacet
  facet normal 0 0 1
    outer loop
      vertex 110.562 26.5625 100.25
      vertex 110.562 22.8375 100.25
      vertex 113.2 23.93 100.25
    endloop
  endfacet
  facet normal -0 0 1
    outer loop
      vertex 107.93 29.2 100.25
      vertex 110.562 26.5625 100.25
      vertex 109.47 29.2 100.25
    endloop
  endfacet
  facet normal 0 0 1
    outer loop
      vertex 106.838 26.5625 100.25
      vertex 110.562 26.5625 100.25
      vertex 107.93 29.2 100.25
    endloop
  endfacet
  facet normal -0 0 1
    outer loop
      vertex 115.838 35.5625 100.25
      vertex 116.93 29.2 100.25
      vertex 116.93 38.2 100.25
    endloop
  endfacet
  facet normal 0 0 1
    outer loop
      vertex 115.838 35.5625 100.25
      vertex 115.838 31.8375 100.25
      vertex 116.93 29.2 100.25
    endloop
  endfacet
  facet normal -0 0 1
    outer loop
      vertex 113.2 34.47 100.25
      vertex 115.838 31.8375 100.25
      vertex 115.838 35.5625 100.25
    endloop
  endfacet
  facet normal 0 0 1
    outer loop
      vertex 113.2 34.47 100.25
      vertex 113.2 32.93 100.25
      vertex 115.838 31.8375 100.25
    endloop
  endfacet
  facet normal 0 0 1
    outer loop
      vertex 110.562 35.5625 100.25
      vertex 113.2 32.93 100.25
      vertex 113.2 34.47 100.25
    endloop
  endfacet
  facet normal 0 0 1
    outer loop
      vertex 110.562 35.5625 100.25
      vertex 110.562 31.8375 100.25
      vertex 113.2 32.93 100.25
    endloop
  endfacet
  facet normal -0 0 1
    outer loop
      vertex 107.93 38.2 100.25
      vertex 110.562 35.5625 100.25
      vertex 109.47 38.2 100.25
    endloop
  endfacet
  facet normal 0 0 1
    outer loop
      vertex 106.838 35.5625 100.25
      vertex 110.562 35.5625 100.25
      vertex 107.93 38.2 100.25
    endloop
  endfacet
  facet normal -0 0 1
    outer loop
      vertex 115.838 44.5625 100.25
      vertex 116.93 38.2 100.25
      vertex 116.93 47.2 100.25
    endloop
  endfacet
  facet normal 0 0 1
    outer loop
      vertex 115.838 44.5625 100.25
      vertex 115.838 40.8375 100.25
      vertex 116.93 38.2 100.25
    endloop
  endfacet
  facet normal -0 0 1
    outer loop
      vertex 113.2 43.47 100.25
      vertex 115.838 40.8375 100.25
      vertex 115.838 44.5625 100.25
    endloop
  endfacet
  facet normal 0 0 1
    outer loop
      vertex 113.2 43.47 100.25
      vertex 113.2 41.93 100.25
      vertex 115.838 40.8375 100.25
    endloop
  endfacet
  facet normal 0 0 1
    outer loop
      vertex 110.562 44.5625 100.25
      vertex 113.2 41.93 100.25
      vertex 113.2 43.47 100.25
    endloop
  endfacet
  facet normal 0 0 1
    outer loop
      vertex 110.562 44.5625 100.25
      vertex 110.562 40.8375 100.25
      vertex 113.2 41.93 100.25
    endloop
  endfacet
  facet normal -0 0 1
    outer loop
      vertex 107.93 47.2 100.25
      vertex 110.562 44.5625 100.25
      vertex 109.47 47.2 100.25
    endloop
  endfacet
  facet normal 0 0 1
    outer loop
      vertex 106.838 44.5625 100.25
      vertex 110.562 44.5625 100.25
      vertex 107.93 47.2 100.25
    endloop
  endfacet
  facet normal -0 0 1
    outer loop
      vertex 115.838 53.5625 100.25
      vertex 116.93 47.2 100.25
      vertex 116.93 56.2 100.25
    endloop
  endfacet
  facet normal 0 0 1
    outer loop
      vertex 115.838 53.5625 100.25
      vertex 115.838 49.8375 100.25
      vertex 116.93 47.2 100.25
    endloop
  endfacet
  facet normal -0 0 1
    outer loop
      vertex 113.2 52.47 100.25
      vertex 115.838 49.8375 100.25
      vertex 115.838 53.5625 100.25
    endloop
  endfacet
  facet normal 0 0 1
    outer loop
      vertex 113.2 52.47 100.25
      vertex 113.2 50.93 100.25
      vertex 115.838 49.8375 100.25
    endloop
  endfacet
  facet normal 0 0 1
    outer loop
      vertex 110.562 53.5625 100.25
      vertex 113.2 50.93 100.25
      vertex 113.2 52.47 100.25
    endloop
  endfacet
  facet normal 0 0 1
    outer loop
      vertex 110.562 53.5625 100.25
      vertex 110.562 49.8375 100.25
      vertex 113.2 50.93 100.25
    endloop
  endfacet
  facet normal -0 0 1
    outer loop
      vertex 107.93 56.2 100.25
      vertex 110.562 53.5625 100.25
      vertex 109.47 56.2 100.25
    endloop
  endfacet
  facet normal 0 0 1
    outer loop
      vertex 106.838 53.5625 100.25
      vertex 110.562 53.5625 100.25
      vertex 107.93 56.2 100.25
    endloop
  endfacet
  facet normal -0 0 1
    outer loop
      vertex 115.838 62.5625 100.25
      vertex 116.93 56.2 100.25
      vertex 116.93 65.2 100.25
    endloop
  endfacet
  facet normal 0 0 1
    outer loop
      vertex 115.838 62.5625 100.25
      vertex 115.838 58.8375 100.25
      vertex 116.93 56.2 100.25
    endloop
  endfacet
  facet normal -0 0 1
    outer loop
      vertex 113.2 61.47 100.25
      vertex 115.838 58.8375 100.25
      vertex 115.838 62.5625 100.25
    endloop
  endfacet
  facet normal 0 0 1
    outer loop
      vertex 113.2 61.47 100.25
      vertex 113.2 59.93 100.25
      vertex 115.838 58.8375 100.25
    endloop
  endfacet
  facet normal 0 0 1
    outer loop
      vertex 110.562 62.5625 100.25
      vertex 113.2 59.93 100.25
      vertex 113.2 61.47 100.25
    endloop
  endfacet
  facet normal 0 0 1
    outer loop
      vertex 110.562 62.5625 100.25
      vertex 110.562 58.8375 100.25
      vertex 113.2 59.93 100.25
    endloop
  endfacet
  facet normal -0 0 1
    outer loop
      vertex 107.93 65.2 100.25
      vertex 110.562 62.5625 100.25
      vertex 109.47 65.2 100.25
    endloop
  endfacet
  facet normal 0 0 1
    outer loop
      vertex 106.838 62.5625 100.25
      vertex 110.562 62.5625 100.25
      vertex 107.93 65.2 100.25
    endloop
  endfacet
  facet normal -0 0 1
    outer loop
      vertex 115.838 71.5625 100.25
      vertex 116.93 65.2 100.25
      vertex 116.93 74.2 100.25
    endloop
  endfacet
  facet normal 0 0 1
    outer loop
      vertex 115.838 71.5625 100.25
      vertex 115.838 67.8375 100.25
      vertex 116.93 65.2 100.25
    endloop
  endfacet
  facet normal -0 0 1
    outer loop
      vertex 113.2 70.47 100.25
      vertex 115.838 67.8375 100.25
      vertex 115.838 71.5625 100.25
    endloop
  endfacet
  facet normal 0 0 1
    outer loop
      vertex 113.2 70.47 100.25
      vertex 113.2 68.93 100.25
      vertex 115.838 67.8375 100.25
    endloop
  endfacet
  facet normal 0 0 1
    outer loop
      vertex 110.562 71.5625 100.25
      vertex 113.2 68.93 100.25
      vertex 113.2 70.47 100.25
    endloop
  endfacet
  facet normal 0 0 1
    outer loop
      vertex 110.562 71.5625 100.25
      vertex 110.562 67.8375 100.25
      vertex 113.2 68.93 100.25
    endloop
  endfacet
  facet normal -0 0 1
    outer loop
      vertex 107.93 74.2 100.25
      vertex 110.562 71.5625 100.25
      vertex 109.47 74.2 100.25
    endloop
  endfacet
  facet normal 0 0 1
    outer loop
      vertex 106.838 71.5625 100.25
      vertex 110.562 71.5625 100.25
      vertex 107.93 74.2 100.25
    endloop
  endfacet
  facet normal 0 0 1
    outer loop
      vertex 116.93 65.2 100.25
      vertex 127.75 85.5 100.25
      vertex 116.93 74.2 100.25
    endloop
  endfacet
  facet normal 0 0 1
    outer loop
      vertex 127.75 85.5 100.25
      vertex 115.838 76.8375 100.25
      vertex 116.93 74.2 100.25
    endloop
  endfacet
  facet normal 0 0 1
    outer loop
      vertex 127.75 85.5 100.25
      vertex 113.2 77.93 100.25
      vertex 115.838 76.8375 100.25
    endloop
  endfacet
  facet normal 0 0 1
    outer loop
      vertex 104.2 77.93 100.25
      vertex 113.2 77.93 100.25
      vertex 127.75 85.5 100.25
    endloop
  endfacet
  facet normal 0 0 1
    outer loop
      vertex 110.562 67.8375 100.25
      vertex 107.93 65.2 100.25
      vertex 109.47 65.2 100.25
    endloop
  endfacet
  facet normal 0 0 1
    outer loop
      vertex 110.562 62.5625 100.25
      vertex 106.838 62.5625 100.25
      vertex 110.562 58.8375 100.25
    endloop
  endfacet
  facet normal 0 0 1
    outer loop
      vertex 110.562 53.5625 100.25
      vertex 106.838 53.5625 100.25
      vertex 110.562 49.8375 100.25
    endloop
  endfacet
  facet normal 0 0 1
    outer loop
      vertex 110.562 49.8375 100.25
      vertex 107.93 47.2 100.25
      vertex 109.47 47.2 100.25
    endloop
  endfacet
  facet normal 0 0 1
    outer loop
      vertex 110.562 40.8375 100.25
      vertex 107.93 38.2 100.25
      vertex 109.47 38.2 100.25
    endloop
  endfacet
  facet normal 0 0 1
    outer loop
      vertex 110.562 35.5625 100.25
      vertex 106.838 35.5625 100.25
      vertex 110.562 31.8375 100.25
    endloop
  endfacet
  facet normal 0 0 1
    outer loop
      vertex 110.562 71.5625 100.25
      vertex 106.838 71.5625 100.25
      vertex 110.562 67.8375 100.25
    endloop
  endfacet
  facet normal 0 0 1
    outer loop
      vertex 110.562 76.8375 100.25
      vertex 107.93 74.2 100.25
      vertex 109.47 74.2 100.25
    endloop
  endfacet
  facet normal 0 0 1
    outer loop
      vertex 110.562 76.8375 100.25
      vertex 106.838 76.8375 100.25
      vertex 107.93 74.2 100.25
    endloop
  endfacet
  facet normal 0 0 1
    outer loop
      vertex 113.2 77.93 100.25
      vertex 104.2 77.93 100.25
      vertex 110.562 76.8375 100.25
    endloop
  endfacet
  facet normal 0 0 1
    outer loop
      vertex 110.562 76.8375 100.25
      vertex 104.2 77.93 100.25
      vertex 106.838 76.8375 100.25
    endloop
  endfacet
  facet normal 0 0 1
    outer loop
      vertex 101.562 67.8375 100.25
      vertex 98.93 65.2 100.25
      vertex 100.47 65.2 100.25
    endloop
  endfacet
  facet normal 0 0 1
    outer loop
      vertex 101.562 62.5625 100.25
      vertex 97.8375 62.5625 100.25
      vertex 101.562 58.8375 100.25
    endloop
  endfacet
  facet normal 0 0 1
    outer loop
      vertex 101.562 53.5625 100.25
      vertex 97.8375 53.5625 100.25
      vertex 101.562 49.8375 100.25
    endloop
  endfacet
  facet normal 0 0 1
    outer loop
      vertex 101.562 49.8375 100.25
      vertex 98.93 47.2 100.25
      vertex 100.47 47.2 100.25
    endloop
  endfacet
  facet normal 0 0 1
    outer loop
      vertex 101.562 40.8375 100.25
      vertex 98.93 38.2 100.25
      vertex 100.47 38.2 100.25
    endloop
  endfacet
  facet normal 0 0 1
    outer loop
      vertex 101.562 35.5625 100.25
      vertex 97.8375 35.5625 100.25
      vertex 101.562 31.8375 100.25
    endloop
  endfacet
  facet normal 0 0 1
    outer loop
      vertex 101.562 71.5625 100.25
      vertex 97.8375 71.5625 100.25
      vertex 101.562 67.8375 100.25
    endloop
  endfacet
  facet normal 0 0 1
    outer loop
      vertex 101.562 76.8375 100.25
      vertex 98.93 74.2 100.25
      vertex 100.47 74.2 100.25
    endloop
  endfacet
  facet normal 0 0 1
    outer loop
      vertex 101.562 76.8375 100.25
      vertex 97.8375 76.8375 100.25
      vertex 98.93 74.2 100.25
    endloop
  endfacet
  facet normal 0 0 1
    outer loop
      vertex 104.2 77.93 100.25
      vertex 97.8375 76.8375 100.25
      vertex 101.562 76.8375 100.25
    endloop
  endfacet
  facet normal 0 0 1
    outer loop
      vertex 95.2 77.93 100.25
      vertex 104.2 77.93 100.25
      vertex 127.75 85.5 100.25
    endloop
  endfacet
  facet normal 0 0 1
    outer loop
      vertex 104.2 77.93 100.25
      vertex 95.2 77.93 100.25
      vertex 97.8375 76.8375 100.25
    endloop
  endfacet
  facet normal 0 0 1
    outer loop
      vertex 92.5625 67.8375 100.25
      vertex 89.93 65.2 100.25
      vertex 91.47 65.2 100.25
    endloop
  endfacet
  facet normal 0 0 1
    outer loop
      vertex 92.5625 62.5625 100.25
      vertex 88.8375 62.5625 100.25
      vertex 92.5625 58.8375 100.25
    endloop
  endfacet
  facet normal 0 0 1
    outer loop
      vertex 92.5625 53.5625 100.25
      vertex 88.8375 53.5625 100.25
      vertex 92.5625 49.8375 100.25
    endloop
  endfacet
  facet normal 0 0 1
    outer loop
      vertex 92.5625 49.8375 100.25
      vertex 89.93 47.2 100.25
      vertex 91.47 47.2 100.25
    endloop
  endfacet
  facet normal 0 0 1
    outer loop
      vertex 92.5625 40.8375 100.25
      vertex 89.93 38.2 100.25
      vertex 91.47 38.2 100.25
    endloop
  endfacet
  facet normal 0 0 1
    outer loop
      vertex 92.5625 35.5625 100.25
      vertex 88.8375 35.5625 100.25
      vertex 92.5625 31.8375 100.25
    endloop
  endfacet
  facet normal 0 0 1
    outer loop
      vertex 92.5625 71.5625 100.25
      vertex 88.8375 71.5625 100.25
      vertex 92.5625 67.8375 100.25
    endloop
  endfacet
  facet normal 0 0 1
    outer loop
      vertex 92.5625 76.8375 100.25
      vertex 89.93 74.2 100.25
      vertex 91.47 74.2 100.25
    endloop
  endfacet
  facet normal 0 0 1
    outer loop
      vertex 92.5625 76.8375 100.25
      vertex 88.8375 76.8375 100.25
      vertex 89.93 74.2 100.25
    endloop
  endfacet
  facet normal 0 0 1
    outer loop
      vertex 95.2 77.93 100.25
      vertex 88.8375 76.8375 100.25
      vertex 92.5625 76.8375 100.25
    endloop
  endfacet
  facet normal 0 0 1
    outer loop
      vertex 86.2 77.93 100.25
      vertex 95.2 77.93 100.25
      vertex 127.75 85.5 100.25
    endloop
  endfacet
  facet normal 0 0 1
    outer loop
      vertex 95.2 77.93 100.25
      vertex 86.2 77.93 100.25
      vertex 88.8375 76.8375 100.25
    endloop
  endfacet
  facet normal 0 0 1
    outer loop
      vertex 83.5625 67.8375 100.25
      vertex 80.93 65.2 100.25
      vertex 82.47 65.2 100.25
    endloop
  endfacet
  facet normal 0 0 1
    outer loop
      vertex 83.5625 62.5625 100.25
      vertex 79.8375 62.5625 100.25
      vertex 83.5625 58.8375 100.25
    endloop
  endfacet
  facet normal 0 0 1
    outer loop
      vertex 83.5625 53.5625 100.25
      vertex 79.8375 53.5625 100.25
      vertex 83.5625 49.8375 100.25
    endloop
  endfacet
  facet normal 0 0 1
    outer loop
      vertex 83.5625 49.8375 100.25
      vertex 80.93 47.2 100.25
      vertex 82.47 47.2 100.25
    endloop
  endfacet
  facet normal 0 0 1
    outer loop
      vertex 83.5625 40.8375 100.25
      vertex 80.93 38.2 100.25
      vertex 82.47 38.2 100.25
    endloop
  endfacet
  facet normal 0 0 1
    outer loop
      vertex 83.5625 35.5625 100.25
      vertex 79.8375 35.5625 100.25
      vertex 83.5625 31.8375 100.25
    endloop
  endfacet
  facet normal 0 0 1
    outer loop
      vertex 83.5625 71.5625 100.25
      vertex 79.8375 71.5625 100.25
      vertex 83.5625 67.8375 100.25
    endloop
  endfacet
  facet normal 0 0 1
    outer loop
      vertex 83.5625 76.8375 100.25
      vertex 80.93 74.2 100.25
      vertex 82.47 74.2 100.25
    endloop
  endfacet
  facet normal 0 0 1
    outer loop
      vertex 83.5625 76.8375 100.25
      vertex 79.8375 76.8375 100.25
      vertex 80.93 74.2 100.25
    endloop
  endfacet
  facet normal 0 0 1
    outer loop
      vertex 86.2 77.93 100.25
      vertex 79.8375 76.8375 100.25
      vertex 83.5625 76.8375 100.25
    endloop
  endfacet
  facet normal 0 0 1
    outer loop
      vertex 77.2 77.93 100.25
      vertex 86.2 77.93 100.25
      vertex 127.75 85.5 100.25
    endloop
  endfacet
  facet normal 0 0 1
    outer loop
      vertex 86.2 77.93 100.25
      vertex 77.2 77.93 100.25
      vertex 79.8375 76.8375 100.25
    endloop
  endfacet
  facet normal 0 0 1
    outer loop
      vertex 74.5625 67.8375 100.25
      vertex 71.93 65.2 100.25
      vertex 73.47 65.2 100.25
    endloop
  endfacet
  facet normal 0 0 1
    outer loop
      vertex 74.5625 62.5625 100.25
      vertex 70.8375 62.5625 100.25
      vertex 74.5625 58.8375 100.25
    endloop
  endfacet
  facet normal 0 0 1
    outer loop
      vertex 74.5625 53.5625 100.25
      vertex 70.8375 53.5625 100.25
      vertex 74.5625 49.8375 100.25
    endloop
  endfacet
  facet normal 0 0 1
    outer loop
      vertex 74.5625 49.8375 100.25
      vertex 71.93 47.2 100.25
      vertex 73.47 47.2 100.25
    endloop
  endfacet
  facet normal 0 0 1
    outer loop
      vertex 74.5625 40.8375 100.25
      vertex 71.93 38.2 100.25
      vertex 73.47 38.2 100.25
    endloop
  endfacet
  facet normal 0 0 1
    outer loop
      vertex 74.5625 35.5625 100.25
      vertex 70.8375 35.5625 100.25
      vertex 74.5625 31.8375 100.25
    endloop
  endfacet
  facet normal 0 0 1
    outer loop
      vertex 74.5625 71.5625 100.25
      vertex 70.8375 71.5625 100.25
      vertex 74.5625 67.8375 100.25
    endloop
  endfacet
  facet normal 0 0 1
    outer loop
      vertex 74.5625 76.8375 100.25
      vertex 71.93 74.2 100.25
      vertex 73.47 74.2 100.25
    endloop
  endfacet
  facet normal 0 0 1
    outer loop
      vertex 74.5625 76.8375 100.25
      vertex 70.8375 76.8375 100.25
      vertex 71.93 74.2 100.25
    endloop
  endfacet
  facet normal 0 0 1
    outer loop
      vertex 77.2 77.93 100.25
      vertex 70.8375 76.8375 100.25
      vertex 74.5625 76.8375 100.25
    endloop
  endfacet
  facet normal 0 0 1
    outer loop
      vertex 77.2 77.93 100.25
      vertex 68.2 77.93 100.25
      vertex 70.8375 76.8375 100.25
    endloop
  endfacet
  facet normal 0 0 1
    outer loop
      vertex 127.75 85.5 100.25
      vertex 68.2 77.93 100.25
      vertex 77.2 77.93 100.25
    endloop
  endfacet
  facet normal 0 0 1
    outer loop
      vertex 65.5625 67.8375 100.25
      vertex 62.93 65.2 100.25
      vertex 64.47 65.2 100.25
    endloop
  endfacet
  facet normal 0 0 1
    outer loop
      vertex 65.5625 62.5625 100.25
      vertex 61.8375 62.5625 100.25
      vertex 65.5625 58.8375 100.25
    endloop
  endfacet
  facet normal 0 0 1
    outer loop
      vertex 65.5625 53.5625 100.25
      vertex 61.8375 53.5625 100.25
      vertex 65.5625 49.8375 100.25
    endloop
  endfacet
  facet normal 0 0 1
    outer loop
      vertex 65.5625 49.8375 100.25
      vertex 62.93 47.2 100.25
      vertex 64.47 47.2 100.25
    endloop
  endfacet
  facet normal 0 0 1
    outer loop
      vertex 65.5625 40.8375 100.25
      vertex 62.93 38.2 100.25
      vertex 64.47 38.2 100.25
    endloop
  endfacet
  facet normal 0 0 1
    outer loop
      vertex 65.5625 35.5625 100.25
      vertex 61.8375 35.5625 100.25
      vertex 65.5625 31.8375 100.25
    endloop
  endfacet
  facet normal 0 0 1
    outer loop
      vertex 65.5625 71.5625 100.25
      vertex 61.8375 71.5625 100.25
      vertex 65.5625 67.8375 100.25
    endloop
  endfacet
  facet normal 0 0 1
    outer loop
      vertex 65.5625 76.8375 100.25
      vertex 62.93 74.2 100.25
      vertex 64.47 74.2 100.25
    endloop
  endfacet
  facet normal 0 0 1
    outer loop
      vertex 65.5625 76.8375 100.25
      vertex 61.8375 76.8375 100.25
      vertex 62.93 74.2 100.25
    endloop
  endfacet
  facet normal 0 0 1
    outer loop
      vertex 68.2 77.93 100.25
      vertex 61.8375 76.8375 100.25
      vertex 65.5625 76.8375 100.25
    endloop
  endfacet
  facet normal 0 0 1
    outer loop
      vertex 68.2 77.93 100.25
      vertex 59.2 77.93 100.25
      vertex 61.8375 76.8375 100.25
    endloop
  endfacet
  facet normal 0 0 1
    outer loop
      vertex 127.75 85.5 100.25
      vertex 59.2 77.93 100.25
      vertex 68.2 77.93 100.25
    endloop
  endfacet
  facet normal 0 0 1
    outer loop
      vertex 56.5625 67.8375 100.25
      vertex 53.93 65.2 100.25
      vertex 55.47 65.2 100.25
    endloop
  endfacet
  facet normal 0 0 1
    outer loop
      vertex 56.5625 62.5625 100.25
      vertex 52.8375 62.5625 100.25
      vertex 56.5625 58.8375 100.25
    endloop
  endfacet
  facet normal 0 0 1
    outer loop
      vertex 56.5625 53.5625 100.25
      vertex 52.8375 53.5625 100.25
      vertex 56.5625 49.8375 100.25
    endloop
  endfacet
  facet normal 0 0 1
    outer loop
      vertex 56.5625 49.8375 100.25
      vertex 53.93 47.2 100.25
      vertex 55.47 47.2 100.25
    endloop
  endfacet
  facet normal 0 0 1
    outer loop
      vertex 56.5625 40.8375 100.25
      vertex 53.93 38.2 100.25
      vertex 55.47 38.2 100.25
    endloop
  endfacet
  facet normal 0 0 1
    outer loop
      vertex 56.5625 35.5625 100.25
      vertex 52.8375 35.5625 100.25
      vertex 56.5625 31.8375 100.25
    endloop
  endfacet
  facet normal 0 0 1
    outer loop
      vertex 56.5625 71.5625 100.25
      vertex 52.8375 71.5625 100.25
      vertex 56.5625 67.8375 100.25
    endloop
  endfacet
  facet normal 0 0 1
    outer loop
      vertex 56.5625 76.8375 100.25
      vertex 53.93 74.2 100.25
      vertex 55.47 74.2 100.25
    endloop
  endfacet
  facet normal 0 0 1
    outer loop
      vertex 56.5625 76.8375 100.25
      vertex 52.8375 76.8375 100.25
      vertex 53.93 74.2 100.25
    endloop
  endfacet
  facet normal 0 0 1
    outer loop
      vertex 59.2 77.93 100.25
      vertex 52.8375 76.8375 100.25
      vertex 56.5625 76.8375 100.25
    endloop
  endfacet
  facet normal 0 0 1
    outer loop
      vertex 59.2 77.93 100.25
      vertex 50.2 77.93 100.25
      vertex 52.8375 76.8375 100.25
    endloop
  endfacet
  facet normal -0 0 1
    outer loop
      vertex 0 85.5 100.25
      vertex 59.2 77.93 100.25
      vertex 127.75 85.5 100.25
    endloop
  endfacet
  facet normal 0 0 1
    outer loop
      vertex 47.5625 67.8375 100.25
      vertex 44.93 65.2 100.25
      vertex 46.47 65.2 100.25
    endloop
  endfacet
  facet normal 0 0 1
    outer loop
      vertex 47.5625 62.5625 100.25
      vertex 43.8375 62.5625 100.25
      vertex 47.5625 58.8375 100.25
    endloop
  endfacet
  facet normal 0 0 1
    outer loop
      vertex 47.5625 53.5625 100.25
      vertex 43.8375 53.5625 100.25
      vertex 47.5625 49.8375 100.25
    endloop
  endfacet
  facet normal 0 0 1
    outer loop
      vertex 47.5625 49.8375 100.25
      vertex 44.93 47.2 100.25
      vertex 46.47 47.2 100.25
    endloop
  endfacet
  facet normal 0 0 1
    outer loop
      vertex 47.5625 40.8375 100.25
      vertex 44.93 38.2 100.25
      vertex 46.47 38.2 100.25
    endloop
  endfacet
  facet normal 0 0 1
    outer loop
      vertex 47.5625 35.5625 100.25
      vertex 43.8375 35.5625 100.25
      vertex 47.5625 31.8375 100.25
    endloop
  endfacet
  facet normal 0 0 1
    outer loop
      vertex 47.5625 71.5625 100.25
      vertex 43.8375 71.5625 100.25
      vertex 47.5625 67.8375 100.25
    endloop
  endfacet
  facet normal 0 0 1
    outer loop
      vertex 47.5625 76.8375 100.25
      vertex 44.93 74.2 100.25
      vertex 46.47 74.2 100.25
    endloop
  endfacet
  facet normal 0 0 1
    outer loop
      vertex 47.5625 76.8375 100.25
      vertex 43.8375 76.8375 100.25
      vertex 44.93 74.2 100.25
    endloop
  endfacet
  facet normal 0 0 1
    outer loop
      vertex 50.2 77.93 100.25
      vertex 43.8375 76.8375 100.25
      vertex 47.5625 76.8375 100.25
    endloop
  endfacet
  facet normal 0 0 1
    outer loop
      vertex 50.2 77.93 100.25
      vertex 41.2 77.93 100.25
      vertex 43.8375 76.8375 100.25
    endloop
  endfacet
  facet normal 0 0 1
    outer loop
      vertex 59.2 77.93 100.25
      vertex 0 85.5 100.25
      vertex 50.2 77.93 100.25
    endloop
  endfacet
  facet normal 0 0 1
    outer loop
      vertex 38.5625 67.8375 100.25
      vertex 35.93 65.2 100.25
      vertex 37.47 65.2 100.25
    endloop
  endfacet
  facet normal 0 0 1
    outer loop
      vertex 38.5625 62.5625 100.25
      vertex 34.8375 62.5625 100.25
      vertex 38.5625 58.8375 100.25
    endloop
  endfacet
  facet normal 0 0 1
    outer loop
      vertex 38.5625 53.5625 100.25
      vertex 34.8375 53.5625 100.25
      vertex 38.5625 49.8375 100.25
    endloop
  endfacet
  facet normal 0 0 1
    outer loop
      vertex 38.5625 49.8375 100.25
      vertex 35.93 47.2 100.25
      vertex 37.47 47.2 100.25
    endloop
  endfacet
  facet normal 0 0 1
    outer loop
      vertex 38.5625 40.8375 100.25
      vertex 35.93 38.2 100.25
      vertex 37.47 38.2 100.25
    endloop
  endfacet
  facet normal 0 0 1
    outer loop
      vertex 38.5625 35.5625 100.25
      vertex 34.8375 35.5625 100.25
      vertex 38.5625 31.8375 100.25
    endloop
  endfacet
  facet normal 0 0 1
    outer loop
      vertex 38.5625 71.5625 100.25
      vertex 34.8375 71.5625 100.25
      vertex 38.5625 67.8375 100.25
    endloop
  endfacet
  facet normal 0 0 1
    outer loop
      vertex 38.5625 76.8375 100.25
      vertex 35.93 74.2 100.25
      vertex 37.47 74.2 100.25
    endloop
  endfacet
  facet normal 0 0 1
    outer loop
      vertex 38.5625 76.8375 100.25
      vertex 34.8375 76.8375 100.25
      vertex 35.93 74.2 100.25
    endloop
  endfacet
  facet normal 0 0 1
    outer loop
      vertex 41.2 77.93 100.25
      vertex 34.8375 76.8375 100.25
      vertex 38.5625 76.8375 100.25
    endloop
  endfacet
  facet normal 0 0 1
    outer loop
      vertex 41.2 77.93 100.25
      vertex 32.2 77.93 100.25
      vertex 34.8375 76.8375 100.25
    endloop
  endfacet
  facet normal 0 0 1
    outer loop
      vertex 50.2 77.93 100.25
      vertex 0 85.5 100.25
      vertex 41.2 77.93 100.25
    endloop
  endfacet
  facet normal 0 0 1
    outer loop
      vertex 29.5625 67.8375 100.25
      vertex 26.93 65.2 100.25
      vertex 28.47 65.2 100.25
    endloop
  endfacet
  facet normal 0 0 1
    outer loop
      vertex 29.5625 62.5625 100.25
      vertex 25.8375 62.5625 100.25
      vertex 29.5625 58.8375 100.25
    endloop
  endfacet
  facet normal 0 0 1
    outer loop
      vertex 29.5625 53.5625 100.25
      vertex 25.8375 53.5625 100.25
      vertex 29.5625 49.8375 100.25
    endloop
  endfacet
  facet normal 0 0 1
    outer loop
      vertex 29.5625 49.8375 100.25
      vertex 26.93 47.2 100.25
      vertex 28.47 47.2 100.25
    endloop
  endfacet
  facet normal 0 0 1
    outer loop
      vertex 29.5625 40.8375 100.25
      vertex 26.93 38.2 100.25
      vertex 28.47 38.2 100.25
    endloop
  endfacet
  facet normal 0 0 1
    outer loop
      vertex 29.5625 35.5625 100.25
      vertex 25.8375 35.5625 100.25
      vertex 29.5625 31.8375 100.25
    endloop
  endfacet
  facet normal 0 0 1
    outer loop
      vertex 29.5625 71.5625 100.25
      vertex 25.8375 71.5625 100.25
      vertex 29.5625 67.8375 100.25
    endloop
  endfacet
  facet normal 0 0 1
    outer loop
      vertex 29.5625 76.8375 100.25
      vertex 26.93 74.2 100.25
      vertex 28.47 74.2 100.25
    endloop
  endfacet
  facet normal 0 0 1
    outer loop
      vertex 29.5625 76.8375 100.25
      vertex 25.8375 76.8375 100.25
      vertex 26.93 74.2 100.25
    endloop
  endfacet
  facet normal 0 0 1
    outer loop
      vertex 32.2 77.93 100.25
      vertex 25.8375 76.8375 100.25
      vertex 29.5625 76.8375 100.25
    endloop
  endfacet
  facet normal 0 0 1
    outer loop
      vertex 32.2 77.93 100.25
      vertex 23.2 77.93 100.25
      vertex 25.8375 76.8375 100.25
    endloop
  endfacet
  facet normal 0 0 1
    outer loop
      vertex 41.2 77.93 100.25
      vertex 0 85.5 100.25
      vertex 32.2 77.93 100.25
    endloop
  endfacet
  facet normal 0 0 1
    outer loop
      vertex 20.5625 67.8375 100.25
      vertex 17.93 65.2 100.25
      vertex 19.47 65.2 100.25
    endloop
  endfacet
  facet normal 0 0 1
    outer loop
      vertex 20.5625 62.5625 100.25
      vertex 16.8375 62.5625 100.25
      vertex 20.5625 58.8375 100.25
    endloop
  endfacet
  facet normal 0 0 1
    outer loop
      vertex 20.5625 53.5625 100.25
      vertex 16.8375 53.5625 100.25
      vertex 20.5625 49.8375 100.25
    endloop
  endfacet
  facet normal 0 0 1
    outer loop
      vertex 20.5625 49.8375 100.25
      vertex 17.93 47.2 100.25
      vertex 19.47 47.2 100.25
    endloop
  endfacet
  facet normal 0 0 1
    outer loop
      vertex 20.5625 40.8375 100.25
      vertex 17.93 38.2 100.25
      vertex 19.47 38.2 100.25
    endloop
  endfacet
  facet normal 0 0 1
    outer loop
      vertex 20.5625 35.5625 100.25
      vertex 16.8375 35.5625 100.25
      vertex 20.5625 31.8375 100.25
    endloop
  endfacet
  facet normal 0 0 1
    outer loop
      vertex 20.5625 71.5625 100.25
      vertex 16.8375 71.5625 100.25
      vertex 20.5625 67.8375 100.25
    endloop
  endfacet
  facet normal 0 0 1
    outer loop
      vertex 20.5625 76.8375 100.25
      vertex 17.93 74.2 100.25
      vertex 19.47 74.2 100.25
    endloop
  endfacet
  facet normal 0 0 1
    outer loop
      vertex 20.5625 76.8375 100.25
      vertex 16.8375 76.8375 100.25
      vertex 17.93 74.2 100.25
    endloop
  endfacet
  facet normal 0 0 1
    outer loop
      vertex 23.2 77.93 100.25
      vertex 16.8375 76.8375 100.25
      vertex 20.5625 76.8375 100.25
    endloop
  endfacet
  facet normal 0 0 1
    outer loop
      vertex 23.2 77.93 100.25
      vertex 14.2 77.93 100.25
      vertex 16.8375 76.8375 100.25
    endloop
  endfacet
  facet normal 0 0 1
    outer loop
      vertex 32.2 77.93 100.25
      vertex 0 85.5 100.25
      vertex 23.2 77.93 100.25
    endloop
  endfacet
  facet normal 0 0 1
    outer loop
      vertex 0 85.5 100.25
      vertex 10.47 65.2 100.25
      vertex 10.47 74.2 100.25
    endloop
  endfacet
  facet normal 0 0 1
    outer loop
      vertex 10.47 65.2 100.25
      vertex 0 85.5 100.25
      vertex 10.47 56.2 100.25
    endloop
  endfacet
  facet normal 0 0 1
    outer loop
      vertex 10.47 56.2 100.25
      vertex 0 85.5 100.25
      vertex 10.47 47.2 100.25
    endloop
  endfacet
  facet normal 0 0 1
    outer loop
      vertex 10.47 47.2 100.25
      vertex 0 85.5 100.25
      vertex 10.47 38.2 100.25
    endloop
  endfacet
  facet normal 0 0 1
    outer loop
      vertex 0 0 100.25
      vertex 10.47 38.2 100.25
      vertex 0 85.5 100.25
    endloop
  endfacet
  facet normal 0 0 1
    outer loop
      vertex 10.47 38.2 100.25
      vertex 0 0 100.25
      vertex 10.47 29.2 100.25
    endloop
  endfacet
  facet normal 0 0 1
    outer loop
      vertex 10.47 29.2 100.25
      vertex 0 0 100.25
      vertex 10.47 20.2 100.25
    endloop
  endfacet
  facet normal 0 0 1
    outer loop
      vertex 11.5625 76.8375 100.25
      vertex 0 85.5 100.25
      vertex 10.47 74.2 100.25
    endloop
  endfacet
  facet normal 0 0 1
    outer loop
      vertex 14.2 77.93 100.25
      vertex 0 85.5 100.25
      vertex 11.5625 76.8375 100.25
    endloop
  endfacet
  facet normal 0 0 1
    outer loop
      vertex 23.2 77.93 100.25
      vertex 0 85.5 100.25
      vertex 14.2 77.93 100.25
    endloop
  endfacet
  facet normal 0 0 1
    outer loop
      vertex 116.93 56.2 100.25
      vertex 127.75 85.5 100.25
      vertex 116.93 65.2 100.25
    endloop
  endfacet
  facet normal 0 0 1
    outer loop
      vertex 116.93 47.2 100.25
      vertex 127.75 85.5 100.25
      vertex 116.93 56.2 100.25
    endloop
  endfacet
  facet normal 0 0 1
    outer loop
      vertex 127.75 85.5 100.25
      vertex 116.93 47.2 100.25
      vertex 127.75 0 100.25
    endloop
  endfacet
  facet normal -0 0 1
    outer loop
      vertex 116.93 38.2 100.25
      vertex 127.75 0 100.25
      vertex 116.93 47.2 100.25
    endloop
  endfacet
  facet normal -0 0 1
    outer loop
      vertex 116.93 29.2 100.25
      vertex 127.75 0 100.25
      vertex 116.93 38.2 100.25
    endloop
  endfacet
  facet normal -0 0 1
    outer loop
      vertex 116.93 20.2 100.25
      vertex 127.75 0 100.25
      vertex 116.93 29.2 100.25
    endloop
  endfacet
  facet normal -0 0 1
    outer loop
      vertex 116.93 11.2 100.25
      vertex 127.75 0 100.25
      vertex 116.93 20.2 100.25
    endloop
  endfacet
  facet normal -0 0 1
    outer loop
      vertex 115.838 8.56249 100.25
      vertex 127.75 0 100.25
      vertex 116.93 11.2 100.25
    endloop
  endfacet
  facet normal -0 0 1
    outer loop
      vertex 113.2 7.47 100.25
      vertex 127.75 0 100.25
      vertex 115.838 8.56249 100.25
    endloop
  endfacet
  facet normal 0 0 1
    outer loop
      vertex 104.2 7.47 100.25
      vertex 113.2 7.47 100.25
      vertex 110.562 8.56249 100.25
    endloop
  endfacet
  facet normal 0 0 1
    outer loop
      vertex 110.562 58.8375 100.25
      vertex 107.93 56.2 100.25
      vertex 109.47 56.2 100.25
    endloop
  endfacet
  facet normal 0 0 1
    outer loop
      vertex 110.562 44.5625 100.25
      vertex 106.838 44.5625 100.25
      vertex 110.562 40.8375 100.25
    endloop
  endfacet
  facet normal 0 0 1
    outer loop
      vertex 110.562 31.8375 100.25
      vertex 107.93 29.2 100.25
      vertex 109.47 29.2 100.25
    endloop
  endfacet
  facet normal 0 0 1
    outer loop
      vertex 110.562 26.5625 100.25
      vertex 106.838 26.5625 100.25
      vertex 110.562 22.8375 100.25
    endloop
  endfacet
  facet normal 0 0 1
    outer loop
      vertex 110.562 22.8375 100.25
      vertex 107.93 20.2 100.25
      vertex 109.47 20.2 100.25
    endloop
  endfacet
  facet normal 0 0 1
    outer loop
      vertex 110.562 17.5625 100.25
      vertex 106.838 17.5625 100.25
      vertex 110.562 13.8375 100.25
    endloop
  endfacet
  facet normal 0 0 1
    outer loop
      vertex 110.562 13.8375 100.25
      vertex 107.93 11.2 100.25
      vertex 109.47 11.2 100.25
    endloop
  endfacet
  facet normal -0 0 1
    outer loop
      vertex 107.93 11.2 100.25
      vertex 110.562 8.56249 100.25
      vertex 109.47 11.2 100.25
    endloop
  endfacet
  facet normal 0 0 1
    outer loop
      vertex 106.838 8.56249 100.25
      vertex 110.562 8.56249 100.25
      vertex 107.93 11.2 100.25
    endloop
  endfacet
  facet normal 0 0 1
    outer loop
      vertex 104.2 7.47 100.25
      vertex 110.562 8.56249 100.25
      vertex 106.838 8.56249 100.25
    endloop
  endfacet
  facet normal 0 0 1
    outer loop
      vertex 113.2 7.47 100.25
      vertex 104.2 7.47 100.25
      vertex 127.75 0 100.25
    endloop
  endfacet
  facet normal 0 0 1
    outer loop
      vertex 101.562 58.8375 100.25
      vertex 98.93 56.2 100.25
      vertex 100.47 56.2 100.25
    endloop
  endfacet
  facet normal 0 0 1
    outer loop
      vertex 101.562 44.5625 100.25
      vertex 97.8375 44.5625 100.25
      vertex 101.562 40.8375 100.25
    endloop
  endfacet
  facet normal 0 0 1
    outer loop
      vertex 101.562 31.8375 100.25
      vertex 98.93 29.2 100.25
      vertex 100.47 29.2 100.25
    endloop
  endfacet
  facet normal 0 0 1
    outer loop
      vertex 101.562 26.5625 100.25
      vertex 97.8375 26.5625 100.25
      vertex 101.562 22.8375 100.25
    endloop
  endfacet
  facet normal 0 0 1
    outer loop
      vertex 101.562 22.8375 100.25
      vertex 98.93 20.2 100.25
      vertex 100.47 20.2 100.25
    endloop
  endfacet
  facet normal 0 0 1
    outer loop
      vertex 101.562 17.5625 100.25
      vertex 97.8375 17.5625 100.25
      vertex 101.562 13.8375 100.25
    endloop
  endfacet
  facet normal 0 0 1
    outer loop
      vertex 101.562 13.8375 100.25
      vertex 98.93 11.2 100.25
      vertex 100.47 11.2 100.25
    endloop
  endfacet
  facet normal -0 0 1
    outer loop
      vertex 98.93 11.2 100.25
      vertex 101.562 8.56249 100.25
      vertex 100.47 11.2 100.25
    endloop
  endfacet
  facet normal 0 0 1
    outer loop
      vertex 97.8375 8.56249 100.25
      vertex 101.562 8.56249 100.25
      vertex 98.93 11.2 100.25
    endloop
  endfacet
  facet normal -0 0 1
    outer loop
      vertex 97.8375 8.56249 100.25
      vertex 104.2 7.47 100.25
      vertex 101.562 8.56249 100.25
    endloop
  endfacet
  facet normal 0 0 1
    outer loop
      vertex 95.2 7.47 100.25
      vertex 104.2 7.47 100.25
      vertex 97.8375 8.56249 100.25
    endloop
  endfacet
  facet normal 0 0 1
    outer loop
      vertex 104.2 7.47 100.25
      vertex 95.2 7.47 100.25
      vertex 127.75 0 100.25
    endloop
  endfacet
  facet normal 0 0 1
    outer loop
      vertex 92.5625 58.8375 100.25
      vertex 89.93 56.2 100.25
      vertex 91.47 56.2 100.25
    endloop
  endfacet
  facet normal 0 0 1
    outer loop
      vertex 92.5625 44.5625 100.25
      vertex 88.8375 44.5625 100.25
      vertex 92.5625 40.8375 100.25
    endloop
  endfacet
  facet normal 0 0 1
    outer loop
      vertex 92.5625 31.8375 100.25
      vertex 89.93 29.2 100.25
      vertex 91.47 29.2 100.25
    endloop
  endfacet
  facet normal 0 0 1
    outer loop
      vertex 92.5625 26.5625 100.25
      vertex 88.8375 26.5625 100.25
      vertex 92.5625 22.8375 100.25
    endloop
  endfacet
  facet normal 0 0 1
    outer loop
      vertex 92.5625 22.8375 100.25
      vertex 89.93 20.2 100.25
      vertex 91.47 20.2 100.25
    endloop
  endfacet
  facet normal 0 0 1
    outer loop
      vertex 92.5625 17.5625 100.25
      vertex 88.8375 17.5625 100.25
      vertex 92.5625 13.8375 100.25
    endloop
  endfacet
  facet normal 0 0 1
    outer loop
      vertex 92.5625 13.8375 100.25
      vertex 89.93 11.2 100.25
      vertex 91.47 11.2 100.25
    endloop
  endfacet
  facet normal -0 0 1
    outer loop
      vertex 89.93 11.2 100.25
      vertex 92.5625 8.56249 100.25
      vertex 91.47 11.2 100.25
    endloop
  endfacet
  facet normal 0 0 1
    outer loop
      vertex 88.8375 8.56249 100.25
      vertex 92.5625 8.56249 100.25
      vertex 89.93 11.2 100.25
    endloop
  endfacet
  facet normal -0 0 1
    outer loop
      vertex 88.8375 8.56249 100.25
      vertex 95.2 7.47 100.25
      vertex 92.5625 8.56249 100.25
    endloop
  endfacet
  facet normal 0 0 1
    outer loop
      vertex 86.2 7.47 100.25
      vertex 95.2 7.47 100.25
      vertex 88.8375 8.56249 100.25
    endloop
  endfacet
  facet normal 0 0 1
    outer loop
      vertex 95.2 7.47 100.25
      vertex 86.2 7.47 100.25
      vertex 127.75 0 100.25
    endloop
  endfacet
  facet normal 0 0 1
    outer loop
      vertex 83.5625 58.8375 100.25
      vertex 80.93 56.2 100.25
      vertex 82.47 56.2 100.25
    endloop
  endfacet
  facet normal 0 0 1
    outer loop
      vertex 83.5625 44.5625 100.25
      vertex 79.8375 44.5625 100.25
      vertex 83.5625 40.8375 100.25
    endloop
  endfacet
  facet normal 0 0 1
    outer loop
      vertex 83.5625 31.8375 100.25
      vertex 80.93 29.2 100.25
      vertex 82.47 29.2 100.25
    endloop
  endfacet
  facet normal 0 0 1
    outer loop
      vertex 83.5625 26.5625 100.25
      vertex 79.8375 26.5625 100.25
      vertex 83.5625 22.8375 100.25
    endloop
  endfacet
  facet normal 0 0 1
    outer loop
      vertex 83.5625 22.8375 100.25
      vertex 80.93 20.2 100.25
      vertex 82.47 20.2 100.25
    endloop
  endfacet
  facet normal 0 0 1
    outer loop
      vertex 83.5625 17.5625 100.25
      vertex 79.8375 17.5625 100.25
      vertex 83.5625 13.8375 100.25
    endloop
  endfacet
  facet normal 0 0 1
    outer loop
      vertex 83.5625 13.8375 100.25
      vertex 80.93 11.2 100.25
      vertex 82.47 11.2 100.25
    endloop
  endfacet
  facet normal -0 0 1
    outer loop
      vertex 80.93 11.2 100.25
      vertex 83.5625 8.56249 100.25
      vertex 82.47 11.2 100.25
    endloop
  endfacet
  facet normal 0 0 1
    outer loop
      vertex 79.8375 8.56249 100.25
      vertex 83.5625 8.56249 100.25
      vertex 80.93 11.2 100.25
    endloop
  endfacet
  facet normal -0 0 1
    outer loop
      vertex 79.8375 8.56249 100.25
      vertex 86.2 7.47 100.25
      vertex 83.5625 8.56249 100.25
    endloop
  endfacet
  facet normal 0 0 1
    outer loop
      vertex 77.2 7.47 100.25
      vertex 86.2 7.47 100.25
      vertex 79.8375 8.56249 100.25
    endloop
  endfacet
  facet normal 0 0 1
    outer loop
      vertex 86.2 7.47 100.25
      vertex 77.2 7.47 100.25
      vertex 127.75 0 100.25
    endloop
  endfacet
  facet normal 0 0 1
    outer loop
      vertex 74.5625 58.8375 100.25
      vertex 71.93 56.2 100.25
      vertex 73.47 56.2 100.25
    endloop
  endfacet
  facet normal 0 0 1
    outer loop
      vertex 74.5625 44.5625 100.25
      vertex 70.8375 44.5625 100.25
      vertex 74.5625 40.8375 100.25
    endloop
  endfacet
  facet normal 0 0 1
    outer loop
      vertex 74.5625 31.8375 100.25
      vertex 71.93 29.2 100.25
      vertex 73.47 29.2 100.25
    endloop
  endfacet
  facet normal 0 0 1
    outer loop
      vertex 74.5625 26.5625 100.25
      vertex 70.8375 26.5625 100.25
      vertex 74.5625 22.8375 100.25
    endloop
  endfacet
  facet normal 0 0 1
    outer loop
      vertex 74.5625 22.8375 100.25
      vertex 71.93 20.2 100.25
      vertex 73.47 20.2 100.25
    endloop
  endfacet
  facet normal 0 0 1
    outer loop
      vertex 74.5625 17.5625 100.25
      vertex 70.8375 17.5625 100.25
      vertex 74.5625 13.8375 100.25
    endloop
  endfacet
  facet normal 0 0 1
    outer loop
      vertex 74.5625 13.8375 100.25
      vertex 71.93 11.2 100.25
      vertex 73.47 11.2 100.25
    endloop
  endfacet
  facet normal -0 0 1
    outer loop
      vertex 71.93 11.2 100.25
      vertex 74.5625 8.56249 100.25
      vertex 73.47 11.2 100.25
    endloop
  endfacet
  facet normal 0 0 1
    outer loop
      vertex 70.8375 8.56249 100.25
      vertex 74.5625 8.56249 100.25
      vertex 71.93 11.2 100.25
    endloop
  endfacet
  facet normal -0 0 1
    outer loop
      vertex 70.8375 8.56249 100.25
      vertex 77.2 7.47 100.25
      vertex 74.5625 8.56249 100.25
    endloop
  endfacet
  facet normal 0 0 1
    outer loop
      vertex 68.2 7.47 100.25
      vertex 77.2 7.47 100.25
      vertex 70.8375 8.56249 100.25
    endloop
  endfacet
  facet normal -0 0 1
    outer loop
      vertex 68.2 7.47 100.25
      vertex 127.75 0 100.25
      vertex 77.2 7.47 100.25
    endloop
  endfacet
  facet normal 0 0 1
    outer loop
      vertex 65.5625 58.8375 100.25
      vertex 62.93 56.2 100.25
      vertex 64.47 56.2 100.25
    endloop
  endfacet
  facet normal 0 0 1
    outer loop
      vertex 65.5625 44.5625 100.25
      vertex 61.8375 44.5625 100.25
      vertex 65.5625 40.8375 100.25
    endloop
  endfacet
  facet normal 0 0 1
    outer loop
      vertex 65.5625 31.8375 100.25
      vertex 62.93 29.2 100.25
      vertex 64.47 29.2 100.25
    endloop
  endfacet
  facet normal 0 0 1
    outer loop
      vertex 65.5625 26.5625 100.25
      vertex 61.8375 26.5625 100.25
      vertex 65.5625 22.8375 100.25
    endloop
  endfacet
  facet normal 0 0 1
    outer loop
      vertex 65.5625 22.8375 100.25
      vertex 62.93 20.2 100.25
      vertex 64.47 20.2 100.25
    endloop
  endfacet
  facet normal 0 0 1
    outer loop
      vertex 65.5625 17.5625 100.25
      vertex 61.8375 17.5625 100.25
      vertex 65.5625 13.8375 100.25
    endloop
  endfacet
  facet normal 0 0 1
    outer loop
      vertex 65.5625 13.8375 100.25
      vertex 62.93 11.2 100.25
      vertex 64.47 11.2 100.25
    endloop
  endfacet
  facet normal -0 0 1
    outer loop
      vertex 62.93 11.2 100.25
      vertex 65.5625 8.56249 100.25
      vertex 64.47 11.2 100.25
    endloop
  endfacet
  facet normal 0 0 1
    outer loop
      vertex 61.8375 8.56249 100.25
      vertex 65.5625 8.56249 100.25
      vertex 62.93 11.2 100.25
    endloop
  endfacet
  facet normal -0 0 1
    outer loop
      vertex 61.8375 8.56249 100.25
      vertex 68.2 7.47 100.25
      vertex 65.5625 8.56249 100.25
    endloop
  endfacet
  facet normal 0 0 1
    outer loop
      vertex 59.2 7.47 100.25
      vertex 68.2 7.47 100.25
      vertex 61.8375 8.56249 100.25
    endloop
  endfacet
  facet normal -0 0 1
    outer loop
      vertex 59.2 7.47 100.25
      vertex 127.75 0 100.25
      vertex 68.2 7.47 100.25
    endloop
  endfacet
  facet normal 0 0 1
    outer loop
      vertex 56.5625 58.8375 100.25
      vertex 53.93 56.2 100.25
      vertex 55.47 56.2 100.25
    endloop
  endfacet
  facet normal 0 0 1
    outer loop
      vertex 56.5625 44.5625 100.25
      vertex 52.8375 44.5625 100.25
      vertex 56.5625 40.8375 100.25
    endloop
  endfacet
  facet normal 0 0 1
    outer loop
      vertex 56.5625 31.8375 100.25
      vertex 53.93 29.2 100.25
      vertex 55.47 29.2 100.25
    endloop
  endfacet
  facet normal 0 0 1
    outer loop
      vertex 56.5625 26.5625 100.25
      vertex 52.8375 26.5625 100.25
      vertex 56.5625 22.8375 100.25
    endloop
  endfacet
  facet normal 0 0 1
    outer loop
      vertex 56.5625 22.8375 100.25
      vertex 53.93 20.2 100.25
      vertex 55.47 20.2 100.25
    endloop
  endfacet
  facet normal 0 0 1
    outer loop
      vertex 56.5625 17.5625 100.25
      vertex 52.8375 17.5625 100.25
      vertex 56.5625 13.8375 100.25
    endloop
  endfacet
  facet normal 0 0 1
    outer loop
      vertex 56.5625 13.8375 100.25
      vertex 53.93 11.2 100.25
      vertex 55.47 11.2 100.25
    endloop
  endfacet
  facet normal -0 0 1
    outer loop
      vertex 53.93 11.2 100.25
      vertex 56.5625 8.56249 100.25
      vertex 55.47 11.2 100.25
    endloop
  endfacet
  facet normal 0 0 1
    outer loop
      vertex 52.8375 8.56249 100.25
      vertex 56.5625 8.56249 100.25
      vertex 53.93 11.2 100.25
    endloop
  endfacet
  facet normal -0 0 1
    outer loop
      vertex 52.8375 8.56249 100.25
      vertex 59.2 7.47 100.25
      vertex 56.5625 8.56249 100.25
    endloop
  endfacet
  facet normal 0 0 1
    outer loop
      vertex 50.2 7.47 100.25
      vertex 59.2 7.47 100.25
      vertex 52.8375 8.56249 100.25
    endloop
  endfacet
  facet normal 0 0 1
    outer loop
      vertex 0 0 100.25
      vertex 59.2 7.47 100.25
      vertex 50.2 7.47 100.25
    endloop
  endfacet
  facet normal 0 0 1
    outer loop
      vertex 47.5625 58.8375 100.25
      vertex 44.93 56.2 100.25
      vertex 46.47 56.2 100.25
    endloop
  endfacet
  facet normal 0 0 1
    outer loop
      vertex 47.5625 44.5625 100.25
      vertex 43.8375 44.5625 100.25
      vertex 47.5625 40.8375 100.25
    endloop
  endfacet
  facet normal 0 0 1
    outer loop
      vertex 47.5625 31.8375 100.25
      vertex 44.93 29.2 100.25
      vertex 46.47 29.2 100.25
    endloop
  endfacet
  facet normal 0 0 1
    outer loop
      vertex 47.5625 26.5625 100.25
      vertex 43.8375 26.5625 100.25
      vertex 47.5625 22.8375 100.25
    endloop
  endfacet
  facet normal 0 0 1
    outer loop
      vertex 47.5625 22.8375 100.25
      vertex 44.93 20.2 100.25
      vertex 46.47 20.2 100.25
    endloop
  endfacet
  facet normal 0 0 1
    outer loop
      vertex 47.5625 17.5625 100.25
      vertex 43.8375 17.5625 100.25
      vertex 47.5625 13.8375 100.25
    endloop
  endfacet
  facet normal 0 0 1
    outer loop
      vertex 47.5625 13.8375 100.25
      vertex 44.93 11.2 100.25
      vertex 46.47 11.2 100.25
    endloop
  endfacet
  facet normal -0 0 1
    outer loop
      vertex 44.93 11.2 100.25
      vertex 47.5625 8.56249 100.25
      vertex 46.47 11.2 100.25
    endloop
  endfacet
  facet normal 0 0 1
    outer loop
      vertex 43.8375 8.56249 100.25
      vertex 47.5625 8.56249 100.25
      vertex 44.93 11.2 100.25
    endloop
  endfacet
  facet normal -0 0 1
    outer loop
      vertex 43.8375 8.56249 100.25
      vertex 50.2 7.47 100.25
      vertex 47.5625 8.56249 100.25
    endloop
  endfacet
  facet normal 0 0 1
    outer loop
      vertex 41.2 7.47 100.25
      vertex 50.2 7.47 100.25
      vertex 43.8375 8.56249 100.25
    endloop
  endfacet
  facet normal 0 0 1
    outer loop
      vertex 0 0 100.25
      vertex 50.2 7.47 100.25
      vertex 41.2 7.47 100.25
    endloop
  endfacet
  facet normal 0 0 1
    outer loop
      vertex 38.5625 58.8375 100.25
      vertex 35.93 56.2 100.25
      vertex 37.47 56.2 100.25
    endloop
  endfacet
  facet normal 0 0 1
    outer loop
      vertex 38.5625 44.5625 100.25
      vertex 34.8375 44.5625 100.25
      vertex 38.5625 40.8375 100.25
    endloop
  endfacet
  facet normal 0 0 1
    outer loop
      vertex 38.5625 31.8375 100.25
      vertex 35.93 29.2 100.25
      vertex 37.47 29.2 100.25
    endloop
  endfacet
  facet normal 0 0 1
    outer loop
      vertex 38.5625 26.5625 100.25
      vertex 34.8375 26.5625 100.25
      vertex 38.5625 22.8375 100.25
    endloop
  endfacet
  facet normal 0 0 1
    outer loop
      vertex 38.5625 22.8375 100.25
      vertex 35.93 20.2 100.25
      vertex 37.47 20.2 100.25
    endloop
  endfacet
  facet normal 0 0 1
    outer loop
      vertex 38.5625 17.5625 100.25
      vertex 34.8375 17.5625 100.25
      vertex 38.5625 13.8375 100.25
    endloop
  endfacet
  facet normal 0 0 1
    outer loop
      vertex 38.5625 13.8375 100.25
      vertex 35.93 11.2 100.25
      vertex 37.47 11.2 100.25
    endloop
  endfacet
  facet normal -0 0 1
    outer loop
      vertex 35.93 11.2 100.25
      vertex 38.5625 8.56249 100.25
      vertex 37.47 11.2 100.25
    endloop
  endfacet
  facet normal 0 0 1
    outer loop
      vertex 34.8375 8.56249 100.25
      vertex 38.5625 8.56249 100.25
      vertex 35.93 11.2 100.25
    endloop
  endfacet
  facet normal -0 0 1
    outer loop
      vertex 34.8375 8.56249 100.25
      vertex 41.2 7.47 100.25
      vertex 38.5625 8.56249 100.25
    endloop
  endfacet
  facet normal 0 0 1
    outer loop
      vertex 32.2 7.47 100.25
      vertex 41.2 7.47 100.25
      vertex 34.8375 8.56249 100.25
    endloop
  endfacet
  facet normal 0 0 1
    outer loop
      vertex 0 0 100.25
      vertex 41.2 7.47 100.25
      vertex 32.2 7.47 100.25
    endloop
  endfacet
  facet normal 0 0 1
    outer loop
      vertex 29.5625 58.8375 100.25
      vertex 26.93 56.2 100.25
      vertex 28.47 56.2 100.25
    endloop
  endfacet
  facet normal 0 0 1
    outer loop
      vertex 29.5625 44.5625 100.25
      vertex 25.8375 44.5625 100.25
      vertex 29.5625 40.8375 100.25
    endloop
  endfacet
  facet normal 0 0 1
    outer loop
      vertex 29.5625 31.8375 100.25
      vertex 26.93 29.2 100.25
      vertex 28.47 29.2 100.25
    endloop
  endfacet
  facet normal 0 0 1
    outer loop
      vertex 29.5625 26.5625 100.25
      vertex 25.8375 26.5625 100.25
      vertex 29.5625 22.8375 100.25
    endloop
  endfacet
  facet normal 0 0 1
    outer loop
      vertex 29.5625 22.8375 100.25
      vertex 26.93 20.2 100.25
      vertex 28.47 20.2 100.25
    endloop
  endfacet
  facet normal 0 0 1
    outer loop
      vertex 29.5625 17.5625 100.25
      vertex 25.8375 17.5625 100.25
      vertex 29.5625 13.8375 100.25
    endloop
  endfacet
  facet normal 0 0 1
    outer loop
      vertex 29.5625 13.8375 100.25
      vertex 26.93 11.2 100.25
      vertex 28.47 11.2 100.25
    endloop
  endfacet
  facet normal -0 0 1
    outer loop
      vertex 26.93 11.2 100.25
      vertex 29.5625 8.56249 100.25
      vertex 28.47 11.2 100.25
    endloop
  endfacet
  facet normal 0 0 1
    outer loop
      vertex 25.8375 8.56249 100.25
      vertex 29.5625 8.56249 100.25
      vertex 26.93 11.2 100.25
    endloop
  endfacet
  facet normal -0 0 1
    outer loop
      vertex 25.8375 8.56249 100.25
      vertex 32.2 7.47 100.25
      vertex 29.5625 8.56249 100.25
    endloop
  endfacet
  facet normal 0 0 1
    outer loop
      vertex 23.2 7.47 100.25
      vertex 32.2 7.47 100.25
      vertex 25.8375 8.56249 100.25
    endloop
  endfacet
  facet normal 0 0 1
    outer loop
      vertex 0 0 100.25
      vertex 32.2 7.47 100.25
      vertex 23.2 7.47 100.25
    endloop
  endfacet
  facet normal 0 0 1
    outer loop
      vertex 20.5625 58.8375 100.25
      vertex 17.93 56.2 100.25
      vertex 19.47 56.2 100.25
    endloop
  endfacet
  facet normal 0 0 1
    outer loop
      vertex 20.5625 44.5625 100.25
      vertex 16.8375 44.5625 100.25
      vertex 20.5625 40.8375 100.25
    endloop
  endfacet
  facet normal 0 0 1
    outer loop
      vertex 20.5625 31.8375 100.25
      vertex 17.93 29.2 100.25
      vertex 19.47 29.2 100.25
    endloop
  endfacet
  facet normal 0 0 1
    outer loop
      vertex 20.5625 26.5625 100.25
      vertex 16.8375 26.5625 100.25
      vertex 20.5625 22.8375 100.25
    endloop
  endfacet
  facet normal 0 0 1
    outer loop
      vertex 20.5625 22.8375 100.25
      vertex 17.93 20.2 100.25
      vertex 19.47 20.2 100.25
    endloop
  endfacet
  facet normal 0 0 1
    outer loop
      vertex 20.5625 17.5625 100.25
      vertex 16.8375 17.5625 100.25
      vertex 20.5625 13.8375 100.25
    endloop
  endfacet
  facet normal 0 0 1
    outer loop
      vertex 20.5625 13.8375 100.25
      vertex 17.93 11.2 100.25
      vertex 19.47 11.2 100.25
    endloop
  endfacet
  facet normal -0 0 1
    outer loop
      vertex 17.93 11.2 100.25
      vertex 20.5625 8.56249 100.25
      vertex 19.47 11.2 100.25
    endloop
  endfacet
  facet normal 0 0 1
    outer loop
      vertex 16.8375 8.56249 100.25
      vertex 20.5625 8.56249 100.25
      vertex 17.93 11.2 100.25
    endloop
  endfacet
  facet normal -0 0 1
    outer loop
      vertex 16.8375 8.56249 100.25
      vertex 23.2 7.47 100.25
      vertex 20.5625 8.56249 100.25
    endloop
  endfacet
  facet normal 0 0 1
    outer loop
      vertex 14.2 7.47 100.25
      vertex 23.2 7.47 100.25
      vertex 16.8375 8.56249 100.25
    endloop
  endfacet
  facet normal 0 0 1
    outer loop
      vertex 0 0 100.25
      vertex 23.2 7.47 100.25
      vertex 14.2 7.47 100.25
    endloop
  endfacet
  facet normal 0 0 1
    outer loop
      vertex 59.2 7.47 100.25
      vertex 0 0 100.25
      vertex 127.75 0 100.25
    endloop
  endfacet
  facet normal 0 0 1
    outer loop
      vertex 11.5625 8.56249 100.25
      vertex 0 0 100.25
      vertex 14.2 7.47 100.25
    endloop
  endfacet
  facet normal 0 0 1
    outer loop
      vertex 10.47 11.2 100.25
      vertex 0 0 100.25
      vertex 11.5625 8.56249 100.25
    endloop
  endfacet
  facet normal 0 0 1
    outer loop
      vertex 10.47 20.2 100.25
      vertex 0 0 100.25
      vertex 10.47 11.2 100.25
    endloop
  endfacet
  facet normal 1 -0 0
    outer loop
      vertex 127.75 0 100.25
      vertex 127.75 85.5 0
      vertex 127.75 85.5 100.25
    endloop
  endfacet
  facet normal 1 0 0
    outer loop
      vertex 127.75 85.5 0
      vertex 127.75 0 100.25
      vertex 127.75 0 0
    endloop
  endfacet
  facet normal 0 1 -0
    outer loop
      vertex 127.75 85.5 0
      vertex 0 85.5 100.25
      vertex 127.75 85.5 100.25
    endloop
  endfacet
  facet normal 0 1 0
    outer loop
      vertex 0 85.5 100.25
      vertex 127.75 85.5 0
      vertex 0 85.5 0
    endloop
  endfacet
  facet normal 0 0 -1
    outer loop
      vertex 0 0 0
      vertex 127.75 85.5 0
      vertex 127.75 0 0
    endloop
  endfacet
  facet normal -0 0 -1
    outer loop
      vertex 127.75 85.5 0
      vertex 0 0 0
      vertex 0 85.5 0
    endloop
  endfacet
  facet normal 0 -1 0
    outer loop
      vertex 0 0 0
      vertex 127.75 0 100.25
      vertex 0 0 100.25
    endloop
  endfacet
  facet normal 0 -1 -0
    outer loop
      vertex 127.75 0 100.25
      vertex 0 0 0
      vertex 127.75 0 0
    endloop
  endfacet
  facet normal -0.923878 -0.382687 0
    outer loop
      vertex 17.93 11.2 18.25
      vertex 16.8375 13.8375 100.25
      vertex 16.8375 13.8375 18.25
    endloop
  endfacet
  facet normal -0.923878 -0.382687 0
    outer loop
      vertex 16.8375 13.8375 100.25
      vertex 17.93 11.2 18.25
      vertex 17.93 11.2 100.25
    endloop
  endfacet
  facet normal 0.923878 -0.382687 0
    outer loop
      vertex 10.47 11.2 100.25
      vertex 11.5625 13.8375 18.25
      vertex 11.5625 13.8375 100.25
    endloop
  endfacet
  facet normal 0.923878 -0.382687 0
    outer loop
      vertex 11.5625 13.8375 18.25
      vertex 10.47 11.2 100.25
      vertex 10.47 11.2 18.25
    endloop
  endfacet
  facet normal 0 0 1
    outer loop
      vertex 16.8375 13.8375 18.25
      vertex 16.8375 8.56249 18.25
      vertex 17.93 11.2 18.25
    endloop
  endfacet
  facet normal 0 0 1
    outer loop
      vertex 14.2 14.93 18.25
      vertex 16.8375 8.56249 18.25
      vertex 16.8375 13.8375 18.25
    endloop
  endfacet
  facet normal 0 0 1
    outer loop
      vertex 14.2 14.93 18.25
      vertex 14.2 7.47 18.25
      vertex 16.8375 8.56249 18.25
    endloop
  endfacet
  facet normal -0 0 1
    outer loop
      vertex 11.5625 13.8375 18.25
      vertex 14.2 7.47 18.25
      vertex 14.2 14.93 18.25
    endloop
  endfacet
  facet normal 0 0 1
    outer loop
      vertex 11.5625 13.8375 18.25
      vertex 11.5625 8.56249 18.25
      vertex 14.2 7.47 18.25
    endloop
  endfacet
  facet normal 0 -0 1
    outer loop
      vertex 11.5625 8.56249 18.25
      vertex 11.5625 13.8375 18.25
      vertex 10.47 11.2 18.25
    endloop
  endfacet
  facet normal 0.382687 -0.923878 0
    outer loop
      vertex 11.5625 13.8375 18.25
      vertex 14.2 14.93 100.25
      vertex 11.5625 13.8375 100.25
    endloop
  endfacet
  facet normal 0.382687 -0.923878 0
    outer loop
      vertex 14.2 14.93 100.25
      vertex 11.5625 13.8375 18.25
      vertex 14.2 14.93 18.25
    endloop
  endfacet
  facet normal -0.382687 -0.923878 0
    outer loop
      vertex 14.2 14.93 18.25
      vertex 16.8375 13.8375 100.25
      vertex 14.2 14.93 100.25
    endloop
  endfacet
  facet normal -0.382687 -0.923878 -0
    outer loop
      vertex 16.8375 13.8375 100.25
      vertex 14.2 14.93 18.25
      vertex 16.8375 13.8375 18.25
    endloop
  endfacet
  facet normal -0.382684 0.923879 0
    outer loop
      vertex 16.8375 8.56249 18.25
      vertex 14.2 7.47 100.25
      vertex 16.8375 8.56249 100.25
    endloop
  endfacet
  facet normal -0.382684 0.923879 0
    outer loop
      vertex 14.2 7.47 100.25
      vertex 16.8375 8.56249 18.25
      vertex 14.2 7.47 18.25
    endloop
  endfacet
  facet normal 0.923879 0.382686 0
    outer loop
      vertex 11.5625 8.56249 100.25
      vertex 10.47 11.2 18.25
      vertex 10.47 11.2 100.25
    endloop
  endfacet
  facet normal 0.923879 0.382686 0
    outer loop
      vertex 10.47 11.2 18.25
      vertex 11.5625 8.56249 100.25
      vertex 11.5625 8.56249 18.25
    endloop
  endfacet
  facet normal -0.923879 0.382686 0
    outer loop
      vertex 16.8375 8.56249 18.25
      vertex 17.93 11.2 100.25
      vertex 17.93 11.2 18.25
    endloop
  endfacet
  facet normal -0.923879 0.382686 0
    outer loop
      vertex 17.93 11.2 100.25
      vertex 16.8375 8.56249 18.25
      vertex 16.8375 8.56249 100.25
    endloop
  endfacet
  facet normal 0.382684 0.923879 -0
    outer loop
      vertex 14.2 7.47 18.25
      vertex 11.5625 8.56249 100.25
      vertex 14.2 7.47 100.25
    endloop
  endfacet
  facet normal 0.382684 0.923879 0
    outer loop
      vertex 11.5625 8.56249 100.25
      vertex 14.2 7.47 18.25
      vertex 11.5625 8.56249 18.25
    endloop
  endfacet
  facet normal -0.923878 -0.382687 0
    outer loop
      vertex 17.93 20.2 18.25
      vertex 16.8375 22.8375 100.25
      vertex 16.8375 22.8375 18.25
    endloop
  endfacet
  facet normal -0.923878 -0.382687 0
    outer loop
      vertex 16.8375 22.8375 100.25
      vertex 17.93 20.2 18.25
      vertex 17.93 20.2 100.25
    endloop
  endfacet
  facet normal 0.923878 -0.382687 0
    outer loop
      vertex 10.47 20.2 100.25
      vertex 11.5625 22.8375 18.25
      vertex 11.5625 22.8375 100.25
    endloop
  endfacet
  facet normal 0.923878 -0.382687 0
    outer loop
      vertex 11.5625 22.8375 18.25
      vertex 10.47 20.2 100.25
      vertex 10.47 20.2 18.25
    endloop
  endfacet
  facet normal 0 0 1
    outer loop
      vertex 16.8375 22.8375 18.25
      vertex 16.8375 17.5625 18.25
      vertex 17.93 20.2 18.25
    endloop
  endfacet
  facet normal 0 0 1
    outer loop
      vertex 14.2 23.93 18.25
      vertex 16.8375 17.5625 18.25
      vertex 16.8375 22.8375 18.25
    endloop
  endfacet
  facet normal 0 0 1
    outer loop
      vertex 14.2 23.93 18.25
      vertex 14.2 16.47 18.25
      vertex 16.8375 17.5625 18.25
    endloop
  endfacet
  facet normal -0 0 1
    outer loop
      vertex 11.5625 22.8375 18.25
      vertex 14.2 16.47 18.25
      vertex 14.2 23.93 18.25
    endloop
  endfacet
  facet normal 0 0 1
    outer loop
      vertex 11.5625 22.8375 18.25
      vertex 11.5625 17.5625 18.25
      vertex 14.2 16.47 18.25
    endloop
  endfacet
  facet normal 0 -0 1
    outer loop
      vertex 11.5625 17.5625 18.25
      vertex 11.5625 22.8375 18.25
      vertex 10.47 20.2 18.25
    endloop
  endfacet
  facet normal 0.382687 -0.923878 0
    outer loop
      vertex 11.5625 22.8375 18.25
      vertex 14.2 23.93 100.25
      vertex 11.5625 22.8375 100.25
    endloop
  endfacet
  facet normal 0.382687 -0.923878 0
    outer loop
      vertex 14.2 23.93 100.25
      vertex 11.5625 22.8375 18.25
      vertex 14.2 23.93 18.25
    endloop
  endfacet
  facet normal -0.382687 -0.923878 0
    outer loop
      vertex 14.2 23.93 18.25
      vertex 16.8375 22.8375 100.25
      vertex 14.2 23.93 100.25
    endloop
  endfacet
  facet normal -0.382687 -0.923878 -0
    outer loop
      vertex 16.8375 22.8375 100.25
      vertex 14.2 23.93 18.25
      vertex 16.8375 22.8375 18.25
    endloop
  endfacet
  facet normal -0.382687 0.923878 0
    outer loop
      vertex 16.8375 17.5625 18.25
      vertex 14.2 16.47 100.25
      vertex 16.8375 17.5625 100.25
    endloop
  endfacet
  facet normal -0.382687 0.923878 0
    outer loop
      vertex 14.2 16.47 100.25
      vertex 16.8375 17.5625 18.25
      vertex 14.2 16.47 18.25
    endloop
  endfacet
  facet normal 0.923878 0.382687 0
    outer loop
      vertex 11.5625 17.5625 100.25
      vertex 10.47 20.2 18.25
      vertex 10.47 20.2 100.25
    endloop
  endfacet
  facet normal 0.923878 0.382687 0
    outer loop
      vertex 10.47 20.2 18.25
      vertex 11.5625 17.5625 100.25
      vertex 11.5625 17.5625 18.25
    endloop
  endfacet
  facet normal -0.923878 0.382687 0
    outer loop
      vertex 16.8375 17.5625 18.25
      vertex 17.93 20.2 100.25
      vertex 17.93 20.2 18.25
    endloop
  endfacet
  facet normal -0.923878 0.382687 0
    outer loop
      vertex 17.93 20.2 100.25
      vertex 16.8375 17.5625 18.25
      vertex 16.8375 17.5625 100.25
    endloop
  endfacet
  facet normal 0.382687 0.923878 -0
    outer loop
      vertex 14.2 16.47 18.25
      vertex 11.5625 17.5625 100.25
      vertex 14.2 16.47 100.25
    endloop
  endfacet
  facet normal 0.382687 0.923878 0
    outer loop
      vertex 11.5625 17.5625 100.25
      vertex 14.2 16.47 18.25
      vertex 11.5625 17.5625 18.25
    endloop
  endfacet
  facet normal -0.923878 -0.382687 0
    outer loop
      vertex 17.93 29.2 18.25
      vertex 16.8375 31.8375 100.25
      vertex 16.8375 31.8375 18.25
    endloop
  endfacet
  facet normal -0.923878 -0.382687 0
    outer loop
      vertex 16.8375 31.8375 100.25
      vertex 17.93 29.2 18.25
      vertex 17.93 29.2 100.25
    endloop
  endfacet
  facet normal 0.923878 -0.382687 0
    outer loop
      vertex 10.47 29.2 100.25
      vertex 11.5625 31.8375 18.25
      vertex 11.5625 31.8375 100.25
    endloop
  endfacet
  facet normal 0.923878 -0.382687 0
    outer loop
      vertex 11.5625 31.8375 18.25
      vertex 10.47 29.2 100.25
      vertex 10.47 29.2 18.25
    endloop
  endfacet
  facet normal 0 0 1
    outer loop
      vertex 16.8375 31.8375 18.25
      vertex 16.8375 26.5625 18.25
      vertex 17.93 29.2 18.25
    endloop
  endfacet
  facet normal 0 0 1
    outer loop
      vertex 14.2 32.93 18.25
      vertex 16.8375 26.5625 18.25
      vertex 16.8375 31.8375 18.25
    endloop
  endfacet
  facet normal 0 0 1
    outer loop
      vertex 14.2 32.93 18.25
      vertex 14.2 25.47 18.25
      vertex 16.8375 26.5625 18.25
    endloop
  endfacet
  facet normal -0 0 1
    outer loop
      vertex 11.5625 31.8375 18.25
      vertex 14.2 25.47 18.25
      vertex 14.2 32.93 18.25
    endloop
  endfacet
  facet normal 0 0 1
    outer loop
      vertex 11.5625 31.8375 18.25
      vertex 11.5625 26.5625 18.25
      vertex 14.2 25.47 18.25
    endloop
  endfacet
  facet normal 0 -0 1
    outer loop
      vertex 11.5625 26.5625 18.25
      vertex 11.5625 31.8375 18.25
      vertex 10.47 29.2 18.25
    endloop
  endfacet
  facet normal 0.382687 -0.923878 0
    outer loop
      vertex 11.5625 31.8375 18.25
      vertex 14.2 32.93 100.25
      vertex 11.5625 31.8375 100.25
    endloop
  endfacet
  facet normal 0.382687 -0.923878 0
    outer loop
      vertex 14.2 32.93 100.25
      vertex 11.5625 31.8375 18.25
      vertex 14.2 32.93 18.25
    endloop
  endfacet
  facet normal -0.382687 -0.923878 0
    outer loop
      vertex 14.2 32.93 18.25
      vertex 16.8375 31.8375 100.25
      vertex 14.2 32.93 100.25
    endloop
  endfacet
  facet normal -0.382687 -0.923878 -0
    outer loop
      vertex 16.8375 31.8375 100.25
      vertex 14.2 32.93 18.25
      vertex 16.8375 31.8375 18.25
    endloop
  endfacet
  facet normal -0.382687 0.923878 0
    outer loop
      vertex 16.8375 26.5625 18.25
      vertex 14.2 25.47 100.25
      vertex 16.8375 26.5625 100.25
    endloop
  endfacet
  facet normal -0.382687 0.923878 0
    outer loop
      vertex 14.2 25.47 100.25
      vertex 16.8375 26.5625 18.25
      vertex 14.2 25.47 18.25
    endloop
  endfacet
  facet normal 0.923878 0.382687 0
    outer loop
      vertex 11.5625 26.5625 100.25
      vertex 10.47 29.2 18.25
      vertex 10.47 29.2 100.25
    endloop
  endfacet
  facet normal 0.923878 0.382687 0
    outer loop
      vertex 10.47 29.2 18.25
      vertex 11.5625 26.5625 100.25
      vertex 11.5625 26.5625 18.25
    endloop
  endfacet
  facet normal -0.923878 0.382687 0
    outer loop
      vertex 16.8375 26.5625 18.25
      vertex 17.93 29.2 100.25
      vertex 17.93 29.2 18.25
    endloop
  endfacet
  facet normal -0.923878 0.382687 0
    outer loop
      vertex 17.93 29.2 100.25
      vertex 16.8375 26.5625 18.25
      vertex 16.8375 26.5625 100.25
    endloop
  endfacet
  facet normal 0.382687 0.923878 -0
    outer loop
      vertex 14.2 25.47 18.25
      vertex 11.5625 26.5625 100.25
      vertex 14.2 25.47 100.25
    endloop
  endfacet
  facet normal 0.382687 0.923878 0
    outer loop
      vertex 11.5625 26.5625 100.25
      vertex 14.2 25.47 18.25
      vertex 11.5625 26.5625 18.25
    endloop
  endfacet
  facet normal -0.923878 -0.382687 0
    outer loop
      vertex 17.93 38.2 18.25
      vertex 16.8375 40.8375 100.25
      vertex 16.8375 40.8375 18.25
    endloop
  endfacet
  facet normal -0.923878 -0.382687 0
    outer loop
      vertex 16.8375 40.8375 100.25
      vertex 17.93 38.2 18.25
      vertex 17.93 38.2 100.25
    endloop
  endfacet
  facet normal 0.923878 -0.382687 0
    outer loop
      vertex 10.47 38.2 100.25
      vertex 11.5625 40.8375 18.25
      vertex 11.5625 40.8375 100.25
    endloop
  endfacet
  facet normal 0.923878 -0.382687 0
    outer loop
      vertex 11.5625 40.8375 18.25
      vertex 10.47 38.2 100.25
      vertex 10.47 38.2 18.25
    endloop
  endfacet
  facet normal 0 0 1
    outer loop
      vertex 16.8375 40.8375 18.25
      vertex 16.8375 35.5625 18.25
      vertex 17.93 38.2 18.25
    endloop
  endfacet
  facet normal 0 0 1
    outer loop
      vertex 14.2 41.93 18.25
      vertex 16.8375 35.5625 18.25
      vertex 16.8375 40.8375 18.25
    endloop
  endfacet
  facet normal 0 0 1
    outer loop
      vertex 14.2 41.93 18.25
      vertex 14.2 34.47 18.25
      vertex 16.8375 35.5625 18.25
    endloop
  endfacet
  facet normal -0 0 1
    outer loop
      vertex 11.5625 40.8375 18.25
      vertex 14.2 34.47 18.25
      vertex 14.2 41.93 18.25
    endloop
  endfacet
  facet normal 0 0 1
    outer loop
      vertex 11.5625 40.8375 18.25
      vertex 11.5625 35.5625 18.25
      vertex 14.2 34.47 18.25
    endloop
  endfacet
  facet normal 0 -0 1
    outer loop
      vertex 11.5625 35.5625 18.25
      vertex 11.5625 40.8375 18.25
      vertex 10.47 38.2 18.25
    endloop
  endfacet
  facet normal 0.382687 -0.923878 0
    outer loop
      vertex 11.5625 40.8375 18.25
      vertex 14.2 41.93 100.25
      vertex 11.5625 40.8375 100.25
    endloop
  endfacet
  facet normal 0.382687 -0.923878 0
    outer loop
      vertex 14.2 41.93 100.25
      vertex 11.5625 40.8375 18.25
      vertex 14.2 41.93 18.25
    endloop
  endfacet
  facet normal -0.382687 -0.923878 0
    outer loop
      vertex 14.2 41.93 18.25
      vertex 16.8375 40.8375 100.25
      vertex 14.2 41.93 100.25
    endloop
  endfacet
  facet normal -0.382687 -0.923878 -0
    outer loop
      vertex 16.8375 40.8375 100.25
      vertex 14.2 41.93 18.25
      vertex 16.8375 40.8375 18.25
    endloop
  endfacet
  facet normal -0.382687 0.923878 0
    outer loop
      vertex 16.8375 35.5625 18.25
      vertex 14.2 34.47 100.25
      vertex 16.8375 35.5625 100.25
    endloop
  endfacet
  facet normal -0.382687 0.923878 0
    outer loop
      vertex 14.2 34.47 100.25
      vertex 16.8375 35.5625 18.25
      vertex 14.2 34.47 18.25
    endloop
  endfacet
  facet normal 0.923878 0.382687 0
    outer loop
      vertex 11.5625 35.5625 100.25
      vertex 10.47 38.2 18.25
      vertex 10.47 38.2 100.25
    endloop
  endfacet
  facet normal 0.923878 0.382687 0
    outer loop
      vertex 10.47 38.2 18.25
      vertex 11.5625 35.5625 100.25
      vertex 11.5625 35.5625 18.25
    endloop
  endfacet
  facet normal -0.923878 0.382687 0
    outer loop
      vertex 16.8375 35.5625 18.25
      vertex 17.93 38.2 100.25
      vertex 17.93 38.2 18.25
    endloop
  endfacet
  facet normal -0.923878 0.382687 0
    outer loop
      vertex 17.93 38.2 100.25
      vertex 16.8375 35.5625 18.25
      vertex 16.8375 35.5625 100.25
    endloop
  endfacet
  facet normal 0.382687 0.923878 -0
    outer loop
      vertex 14.2 34.47 18.25
      vertex 11.5625 35.5625 100.25
      vertex 14.2 34.47 100.25
    endloop
  endfacet
  facet normal 0.382687 0.923878 0
    outer loop
      vertex 11.5625 35.5625 100.25
      vertex 14.2 34.47 18.25
      vertex 11.5625 35.5625 18.25
    endloop
  endfacet
  facet normal -0.923878 -0.382687 0
    outer loop
      vertex 17.93 47.2 18.25
      vertex 16.8375 49.8375 100.25
      vertex 16.8375 49.8375 18.25
    endloop
  endfacet
  facet normal -0.923878 -0.382687 0
    outer loop
      vertex 16.8375 49.8375 100.25
      vertex 17.93 47.2 18.25
      vertex 17.93 47.2 100.25
    endloop
  endfacet
  facet normal 0.923878 -0.382687 0
    outer loop
      vertex 10.47 47.2 100.25
      vertex 11.5625 49.8375 18.25
      vertex 11.5625 49.8375 100.25
    endloop
  endfacet
  facet normal 0.923878 -0.382687 0
    outer loop
      vertex 11.5625 49.8375 18.25
      vertex 10.47 47.2 100.25
      vertex 10.47 47.2 18.25
    endloop
  endfacet
  facet normal 0 0 1
    outer loop
      vertex 16.8375 49.8375 18.25
      vertex 16.8375 44.5625 18.25
      vertex 17.93 47.2 18.25
    endloop
  endfacet
  facet normal 0 0 1
    outer loop
      vertex 14.2 50.93 18.25
      vertex 16.8375 44.5625 18.25
      vertex 16.8375 49.8375 18.25
    endloop
  endfacet
  facet normal 0 0 1
    outer loop
      vertex 14.2 50.93 18.25
      vertex 14.2 43.47 18.25
      vertex 16.8375 44.5625 18.25
    endloop
  endfacet
  facet normal -0 0 1
    outer loop
      vertex 11.5625 49.8375 18.25
      vertex 14.2 43.47 18.25
      vertex 14.2 50.93 18.25
    endloop
  endfacet
  facet normal 0 0 1
    outer loop
      vertex 11.5625 49.8375 18.25
      vertex 11.5625 44.5625 18.25
      vertex 14.2 43.47 18.25
    endloop
  endfacet
  facet normal 0 -0 1
    outer loop
      vertex 11.5625 44.5625 18.25
      vertex 11.5625 49.8375 18.25
      vertex 10.47 47.2 18.25
    endloop
  endfacet
  facet normal 0.382687 -0.923878 0
    outer loop
      vertex 11.5625 49.8375 18.25
      vertex 14.2 50.93 100.25
      vertex 11.5625 49.8375 100.25
    endloop
  endfacet
  facet normal 0.382687 -0.923878 0
    outer loop
      vertex 14.2 50.93 100.25
      vertex 11.5625 49.8375 18.25
      vertex 14.2 50.93 18.25
    endloop
  endfacet
  facet normal -0.382687 -0.923878 0
    outer loop
      vertex 14.2 50.93 18.25
      vertex 16.8375 49.8375 100.25
      vertex 14.2 50.93 100.25
    endloop
  endfacet
  facet normal -0.382687 -0.923878 -0
    outer loop
      vertex 16.8375 49.8375 100.25
      vertex 14.2 50.93 18.25
      vertex 16.8375 49.8375 18.25
    endloop
  endfacet
  facet normal -0.382687 0.923878 0
    outer loop
      vertex 16.8375 44.5625 18.25
      vertex 14.2 43.47 100.25
      vertex 16.8375 44.5625 100.25
    endloop
  endfacet
  facet normal -0.382687 0.923878 0
    outer loop
      vertex 14.2 43.47 100.25
      vertex 16.8375 44.5625 18.25
      vertex 14.2 43.47 18.25
    endloop
  endfacet
  facet normal 0.923878 0.382687 0
    outer loop
      vertex 11.5625 44.5625 100.25
      vertex 10.47 47.2 18.25
      vertex 10.47 47.2 100.25
    endloop
  endfacet
  facet normal 0.923878 0.382687 0
    outer loop
      vertex 10.47 47.2 18.25
      vertex 11.5625 44.5625 100.25
      vertex 11.5625 44.5625 18.25
    endloop
  endfacet
  facet normal -0.923878 0.382687 0
    outer loop
      vertex 16.8375 44.5625 18.25
      vertex 17.93 47.2 100.25
      vertex 17.93 47.2 18.25
    endloop
  endfacet
  facet normal -0.923878 0.382687 0
    outer loop
      vertex 17.93 47.2 100.25
      vertex 16.8375 44.5625 18.25
      vertex 16.8375 44.5625 100.25
    endloop
  endfacet
  facet normal 0.382687 0.923878 -0
    outer loop
      vertex 14.2 43.47 18.25
      vertex 11.5625 44.5625 100.25
      vertex 14.2 43.47 100.25
    endloop
  endfacet
  facet normal 0.382687 0.923878 0
    outer loop
      vertex 11.5625 44.5625 100.25
      vertex 14.2 43.47 18.25
      vertex 11.5625 44.5625 18.25
    endloop
  endfacet
  facet normal -0.923878 -0.382687 0
    outer loop
      vertex 17.93 56.2 18.25
      vertex 16.8375 58.8375 100.25
      vertex 16.8375 58.8375 18.25
    endloop
  endfacet
  facet normal -0.923878 -0.382687 0
    outer loop
      vertex 16.8375 58.8375 100.25
      vertex 17.93 56.2 18.25
      vertex 17.93 56.2 100.25
    endloop
  endfacet
  facet normal 0.923878 -0.382687 0
    outer loop
      vertex 10.47 56.2 100.25
      vertex 11.5625 58.8375 18.25
      vertex 11.5625 58.8375 100.25
    endloop
  endfacet
  facet normal 0.923878 -0.382687 0
    outer loop
      vertex 11.5625 58.8375 18.25
      vertex 10.47 56.2 100.25
      vertex 10.47 56.2 18.25
    endloop
  endfacet
  facet normal 0 0 1
    outer loop
      vertex 16.8375 58.8375 18.25
      vertex 16.8375 53.5625 18.25
      vertex 17.93 56.2 18.25
    endloop
  endfacet
  facet normal 0 0 1
    outer loop
      vertex 14.2 59.93 18.25
      vertex 16.8375 53.5625 18.25
      vertex 16.8375 58.8375 18.25
    endloop
  endfacet
  facet normal 0 0 1
    outer loop
      vertex 14.2 59.93 18.25
      vertex 14.2 52.47 18.25
      vertex 16.8375 53.5625 18.25
    endloop
  endfacet
  facet normal -0 0 1
    outer loop
      vertex 11.5625 58.8375 18.25
      vertex 14.2 52.47 18.25
      vertex 14.2 59.93 18.25
    endloop
  endfacet
  facet normal 0 0 1
    outer loop
      vertex 11.5625 58.8375 18.25
      vertex 11.5625 53.5625 18.25
      vertex 14.2 52.47 18.25
    endloop
  endfacet
  facet normal 0 -0 1
    outer loop
      vertex 11.5625 53.5625 18.25
      vertex 11.5625 58.8375 18.25
      vertex 10.47 56.2 18.25
    endloop
  endfacet
  facet normal 0.382687 -0.923878 0
    outer loop
      vertex 11.5625 58.8375 18.25
      vertex 14.2 59.93 100.25
      vertex 11.5625 58.8375 100.25
    endloop
  endfacet
  facet normal 0.382687 -0.923878 0
    outer loop
      vertex 14.2 59.93 100.25
      vertex 11.5625 58.8375 18.25
      vertex 14.2 59.93 18.25
    endloop
  endfacet
  facet normal -0.382687 -0.923878 0
    outer loop
      vertex 14.2 59.93 18.25
      vertex 16.8375 58.8375 100.25
      vertex 14.2 59.93 100.25
    endloop
  endfacet
  facet normal -0.382687 -0.923878 -0
    outer loop
      vertex 16.8375 58.8375 100.25
      vertex 14.2 59.93 18.25
      vertex 16.8375 58.8375 18.25
    endloop
  endfacet
  facet normal -0.382687 0.923878 0
    outer loop
      vertex 16.8375 53.5625 18.25
      vertex 14.2 52.47 100.25
      vertex 16.8375 53.5625 100.25
    endloop
  endfacet
  facet normal -0.382687 0.923878 0
    outer loop
      vertex 14.2 52.47 100.25
      vertex 16.8375 53.5625 18.25
      vertex 14.2 52.47 18.25
    endloop
  endfacet
  facet normal 0.923878 0.382687 0
    outer loop
      vertex 11.5625 53.5625 100.25
      vertex 10.47 56.2 18.25
      vertex 10.47 56.2 100.25
    endloop
  endfacet
  facet normal 0.923878 0.382687 0
    outer loop
      vertex 10.47 56.2 18.25
      vertex 11.5625 53.5625 100.25
      vertex 11.5625 53.5625 18.25
    endloop
  endfacet
  facet normal -0.923878 0.382687 0
    outer loop
      vertex 16.8375 53.5625 18.25
      vertex 17.93 56.2 100.25
      vertex 17.93 56.2 18.25
    endloop
  endfacet
  facet normal -0.923878 0.382687 0
    outer loop
      vertex 17.93 56.2 100.25
      vertex 16.8375 53.5625 18.25
      vertex 16.8375 53.5625 100.25
    endloop
  endfacet
  facet normal 0.382687 0.923878 -0
    outer loop
      vertex 14.2 52.47 18.25
      vertex 11.5625 53.5625 100.25
      vertex 14.2 52.47 100.25
    endloop
  endfacet
  facet normal 0.382687 0.923878 0
    outer loop
      vertex 11.5625 53.5625 100.25
      vertex 14.2 52.47 18.25
      vertex 11.5625 53.5625 18.25
    endloop
  endfacet
  facet normal -0.923878 -0.382687 0
    outer loop
      vertex 17.93 65.2 18.25
      vertex 16.8375 67.8375 100.25
      vertex 16.8375 67.8375 18.25
    endloop
  endfacet
  facet normal -0.923878 -0.382687 0
    outer loop
      vertex 16.8375 67.8375 100.25
      vertex 17.93 65.2 18.25
      vertex 17.93 65.2 100.25
    endloop
  endfacet
  facet normal 0.923878 -0.382687 0
    outer loop
      vertex 10.47 65.2 100.25
      vertex 11.5625 67.8375 18.25
      vertex 11.5625 67.8375 100.25
    endloop
  endfacet
  facet normal 0.923878 -0.382687 0
    outer loop
      vertex 11.5625 67.8375 18.25
      vertex 10.47 65.2 100.25
      vertex 10.47 65.2 18.25
    endloop
  endfacet
  facet normal 0 0 1
    outer loop
      vertex 16.8375 67.8375 18.25
      vertex 16.8375 62.5625 18.25
      vertex 17.93 65.2 18.25
    endloop
  endfacet
  facet normal 0 0 1
    outer loop
      vertex 14.2 68.93 18.25
      vertex 16.8375 62.5625 18.25
      vertex 16.8375 67.8375 18.25
    endloop
  endfacet
  facet normal 0 0 1
    outer loop
      vertex 14.2 68.93 18.25
      vertex 14.2 61.47 18.25
      vertex 16.8375 62.5625 18.25
    endloop
  endfacet
  facet normal -0 0 1
    outer loop
      vertex 11.5625 67.8375 18.25
      vertex 14.2 61.47 18.25
      vertex 14.2 68.93 18.25
    endloop
  endfacet
  facet normal 0 0 1
    outer loop
      vertex 11.5625 67.8375 18.25
      vertex 11.5625 62.5625 18.25
      vertex 14.2 61.47 18.25
    endloop
  endfacet
  facet normal 0 -0 1
    outer loop
      vertex 11.5625 62.5625 18.25
      vertex 11.5625 67.8375 18.25
      vertex 10.47 65.2 18.25
    endloop
  endfacet
  facet normal 0.382687 -0.923878 0
    outer loop
      vertex 11.5625 67.8375 18.25
      vertex 14.2 68.93 100.25
      vertex 11.5625 67.8375 100.25
    endloop
  endfacet
  facet normal 0.382687 -0.923878 0
    outer loop
      vertex 14.2 68.93 100.25
      vertex 11.5625 67.8375 18.25
      vertex 14.2 68.93 18.25
    endloop
  endfacet
  facet normal -0.382687 -0.923878 0
    outer loop
      vertex 14.2 68.93 18.25
      vertex 16.8375 67.8375 100.25
      vertex 14.2 68.93 100.25
    endloop
  endfacet
  facet normal -0.382687 -0.923878 -0
    outer loop
      vertex 16.8375 67.8375 100.25
      vertex 14.2 68.93 18.25
      vertex 16.8375 67.8375 18.25
    endloop
  endfacet
  facet normal -0.382687 0.923878 0
    outer loop
      vertex 16.8375 62.5625 18.25
      vertex 14.2 61.47 100.25
      vertex 16.8375 62.5625 100.25
    endloop
  endfacet
  facet normal -0.382687 0.923878 0
    outer loop
      vertex 14.2 61.47 100.25
      vertex 16.8375 62.5625 18.25
      vertex 14.2 61.47 18.25
    endloop
  endfacet
  facet normal 0.923878 0.382687 0
    outer loop
      vertex 11.5625 62.5625 100.25
      vertex 10.47 65.2 18.25
      vertex 10.47 65.2 100.25
    endloop
  endfacet
  facet normal 0.923878 0.382687 0
    outer loop
      vertex 10.47 65.2 18.25
      vertex 11.5625 62.5625 100.25
      vertex 11.5625 62.5625 18.25
    endloop
  endfacet
  facet normal -0.923878 0.382687 0
    outer loop
      vertex 16.8375 62.5625 18.25
      vertex 17.93 65.2 100.25
      vertex 17.93 65.2 18.25
    endloop
  endfacet
  facet normal -0.923878 0.382687 0
    outer loop
      vertex 17.93 65.2 100.25
      vertex 16.8375 62.5625 18.25
      vertex 16.8375 62.5625 100.25
    endloop
  endfacet
  facet normal 0.382687 0.923878 -0
    outer loop
      vertex 14.2 61.47 18.25
      vertex 11.5625 62.5625 100.25
      vertex 14.2 61.47 100.25
    endloop
  endfacet
  facet normal 0.382687 0.923878 0
    outer loop
      vertex 11.5625 62.5625 100.25
      vertex 14.2 61.47 18.25
      vertex 11.5625 62.5625 18.25
    endloop
  endfacet
  facet normal -0.923878 -0.382687 0
    outer loop
      vertex 17.93 74.2 18.25
      vertex 16.8375 76.8375 100.25
      vertex 16.8375 76.8375 18.25
    endloop
  endfacet
  facet normal -0.923878 -0.382687 0
    outer loop
      vertex 16.8375 76.8375 100.25
      vertex 17.93 74.2 18.25
      vertex 17.93 74.2 100.25
    endloop
  endfacet
  facet normal 0.923878 -0.382687 0
    outer loop
      vertex 10.47 74.2 100.25
      vertex 11.5625 76.8375 18.25
      vertex 11.5625 76.8375 100.25
    endloop
  endfacet
  facet normal 0.923878 -0.382687 0
    outer loop
      vertex 11.5625 76.8375 18.25
      vertex 10.47 74.2 100.25
      vertex 10.47 74.2 18.25
    endloop
  endfacet
  facet normal 0 0 1
    outer loop
      vertex 16.8375 76.8375 18.25
      vertex 16.8375 71.5625 18.25
      vertex 17.93 74.2 18.25
    endloop
  endfacet
  facet normal 0 0 1
    outer loop
      vertex 14.2 77.93 18.25
      vertex 16.8375 71.5625 18.25
      vertex 16.8375 76.8375 18.25
    endloop
  endfacet
  facet normal 0 0 1
    outer loop
      vertex 14.2 77.93 18.25
      vertex 14.2 70.47 18.25
      vertex 16.8375 71.5625 18.25
    endloop
  endfacet
  facet normal -0 0 1
    outer loop
      vertex 11.5625 76.8375 18.25
      vertex 14.2 70.47 18.25
      vertex 14.2 77.93 18.25
    endloop
  endfacet
  facet normal 0 0 1
    outer loop
      vertex 11.5625 76.8375 18.25
      vertex 11.5625 71.5625 18.25
      vertex 14.2 70.47 18.25
    endloop
  endfacet
  facet normal 0 -0 1
    outer loop
      vertex 11.5625 71.5625 18.25
      vertex 11.5625 76.8375 18.25
      vertex 10.47 74.2 18.25
    endloop
  endfacet
  facet normal 0.382687 -0.923878 0
    outer loop
      vertex 11.5625 76.8375 18.25
      vertex 14.2 77.93 100.25
      vertex 11.5625 76.8375 100.25
    endloop
  endfacet
  facet normal 0.382687 -0.923878 0
    outer loop
      vertex 14.2 77.93 100.25
      vertex 11.5625 76.8375 18.25
      vertex 14.2 77.93 18.25
    endloop
  endfacet
  facet normal -0.382687 -0.923878 0
    outer loop
      vertex 14.2 77.93 18.25
      vertex 16.8375 76.8375 100.25
      vertex 14.2 77.93 100.25
    endloop
  endfacet
  facet normal -0.382687 -0.923878 -0
    outer loop
      vertex 16.8375 76.8375 100.25
      vertex 14.2 77.93 18.25
      vertex 16.8375 76.8375 18.25
    endloop
  endfacet
  facet normal -0.382687 0.923878 0
    outer loop
      vertex 16.8375 71.5625 18.25
      vertex 14.2 70.47 100.25
      vertex 16.8375 71.5625 100.25
    endloop
  endfacet
  facet normal -0.382687 0.923878 0
    outer loop
      vertex 14.2 70.47 100.25
      vertex 16.8375 71.5625 18.25
      vertex 14.2 70.47 18.25
    endloop
  endfacet
  facet normal 0.923878 0.382687 0
    outer loop
      vertex 11.5625 71.5625 100.25
      vertex 10.47 74.2 18.25
      vertex 10.47 74.2 100.25
    endloop
  endfacet
  facet normal 0.923878 0.382687 0
    outer loop
      vertex 10.47 74.2 18.25
      vertex 11.5625 71.5625 100.25
      vertex 11.5625 71.5625 18.25
    endloop
  endfacet
  facet normal -0.923878 0.382687 0
    outer loop
      vertex 16.8375 71.5625 18.25
      vertex 17.93 74.2 100.25
      vertex 17.93 74.2 18.25
    endloop
  endfacet
  facet normal -0.923878 0.382687 0
    outer loop
      vertex 17.93 74.2 100.25
      vertex 16.8375 71.5625 18.25
      vertex 16.8375 71.5625 100.25
    endloop
  endfacet
  facet normal 0.382687 0.923878 -0
    outer loop
      vertex 14.2 70.47 18.25
      vertex 11.5625 71.5625 100.25
      vertex 14.2 70.47 100.25
    endloop
  endfacet
  facet normal 0.382687 0.923878 0
    outer loop
      vertex 11.5625 71.5625 100.25
      vertex 14.2 70.47 18.25
      vertex 11.5625 71.5625 18.25
    endloop
  endfacet
  facet normal -0.923878 -0.382687 0
    outer loop
      vertex 26.93 11.2 18.25
      vertex 25.8375 13.8375 100.25
      vertex 25.8375 13.8375 18.25
    endloop
  endfacet
  facet normal -0.923878 -0.382687 0
    outer loop
      vertex 25.8375 13.8375 100.25
      vertex 26.93 11.2 18.25
      vertex 26.93 11.2 100.25
    endloop
  endfacet
  facet normal 0.923878 -0.382687 0
    outer loop
      vertex 19.47 11.2 100.25
      vertex 20.5625 13.8375 18.25
      vertex 20.5625 13.8375 100.25
    endloop
  endfacet
  facet normal 0.923878 -0.382687 0
    outer loop
      vertex 20.5625 13.8375 18.25
      vertex 19.47 11.2 100.25
      vertex 19.47 11.2 18.25
    endloop
  endfacet
  facet normal 0 0 1
    outer loop
      vertex 25.8375 13.8375 18.25
      vertex 25.8375 8.56249 18.25
      vertex 26.93 11.2 18.25
    endloop
  endfacet
  facet normal 0 0 1
    outer loop
      vertex 23.2 14.93 18.25
      vertex 25.8375 8.56249 18.25
      vertex 25.8375 13.8375 18.25
    endloop
  endfacet
  facet normal 0 0 1
    outer loop
      vertex 23.2 14.93 18.25
      vertex 23.2 7.47 18.25
      vertex 25.8375 8.56249 18.25
    endloop
  endfacet
  facet normal -0 0 1
    outer loop
      vertex 20.5625 13.8375 18.25
      vertex 23.2 7.47 18.25
      vertex 23.2 14.93 18.25
    endloop
  endfacet
  facet normal 0 0 1
    outer loop
      vertex 20.5625 13.8375 18.25
      vertex 20.5625 8.56249 18.25
      vertex 23.2 7.47 18.25
    endloop
  endfacet
  facet normal 0 -0 1
    outer loop
      vertex 20.5625 8.56249 18.25
      vertex 20.5625 13.8375 18.25
      vertex 19.47 11.2 18.25
    endloop
  endfacet
  facet normal 0.382687 -0.923878 0
    outer loop
      vertex 20.5625 13.8375 18.25
      vertex 23.2 14.93 100.25
      vertex 20.5625 13.8375 100.25
    endloop
  endfacet
  facet normal 0.382687 -0.923878 0
    outer loop
      vertex 23.2 14.93 100.25
      vertex 20.5625 13.8375 18.25
      vertex 23.2 14.93 18.25
    endloop
  endfacet
  facet normal -0.382687 -0.923878 0
    outer loop
      vertex 23.2 14.93 18.25
      vertex 25.8375 13.8375 100.25
      vertex 23.2 14.93 100.25
    endloop
  endfacet
  facet normal -0.382687 -0.923878 -0
    outer loop
      vertex 25.8375 13.8375 100.25
      vertex 23.2 14.93 18.25
      vertex 25.8375 13.8375 18.25
    endloop
  endfacet
  facet normal -0.382684 0.923879 0
    outer loop
      vertex 25.8375 8.56249 18.25
      vertex 23.2 7.47 100.25
      vertex 25.8375 8.56249 100.25
    endloop
  endfacet
  facet normal -0.382684 0.923879 0
    outer loop
      vertex 23.2 7.47 100.25
      vertex 25.8375 8.56249 18.25
      vertex 23.2 7.47 18.25
    endloop
  endfacet
  facet normal 0.923879 0.382686 0
    outer loop
      vertex 20.5625 8.56249 100.25
      vertex 19.47 11.2 18.25
      vertex 19.47 11.2 100.25
    endloop
  endfacet
  facet normal 0.923879 0.382686 0
    outer loop
      vertex 19.47 11.2 18.25
      vertex 20.5625 8.56249 100.25
      vertex 20.5625 8.56249 18.25
    endloop
  endfacet
  facet normal -0.923879 0.382686 0
    outer loop
      vertex 25.8375 8.56249 18.25
      vertex 26.93 11.2 100.25
      vertex 26.93 11.2 18.25
    endloop
  endfacet
  facet normal -0.923879 0.382686 0
    outer loop
      vertex 26.93 11.2 100.25
      vertex 25.8375 8.56249 18.25
      vertex 25.8375 8.56249 100.25
    endloop
  endfacet
  facet normal 0.382684 0.923879 -0
    outer loop
      vertex 23.2 7.47 18.25
      vertex 20.5625 8.56249 100.25
      vertex 23.2 7.47 100.25
    endloop
  endfacet
  facet normal 0.382684 0.923879 0
    outer loop
      vertex 20.5625 8.56249 100.25
      vertex 23.2 7.47 18.25
      vertex 20.5625 8.56249 18.25
    endloop
  endfacet
  facet normal -0.923878 -0.382687 0
    outer loop
      vertex 26.93 20.2 18.25
      vertex 25.8375 22.8375 100.25
      vertex 25.8375 22.8375 18.25
    endloop
  endfacet
  facet normal -0.923878 -0.382687 0
    outer loop
      vertex 25.8375 22.8375 100.25
      vertex 26.93 20.2 18.25
      vertex 26.93 20.2 100.25
    endloop
  endfacet
  facet normal 0.923878 -0.382687 0
    outer loop
      vertex 19.47 20.2 100.25
      vertex 20.5625 22.8375 18.25
      vertex 20.5625 22.8375 100.25
    endloop
  endfacet
  facet normal 0.923878 -0.382687 0
    outer loop
      vertex 20.5625 22.8375 18.25
      vertex 19.47 20.2 100.25
      vertex 19.47 20.2 18.25
    endloop
  endfacet
  facet normal 0 0 1
    outer loop
      vertex 25.8375 22.8375 18.25
      vertex 25.8375 17.5625 18.25
      vertex 26.93 20.2 18.25
    endloop
  endfacet
  facet normal 0 0 1
    outer loop
      vertex 23.2 23.93 18.25
      vertex 25.8375 17.5625 18.25
      vertex 25.8375 22.8375 18.25
    endloop
  endfacet
  facet normal 0 0 1
    outer loop
      vertex 23.2 23.93 18.25
      vertex 23.2 16.47 18.25
      vertex 25.8375 17.5625 18.25
    endloop
  endfacet
  facet normal -0 0 1
    outer loop
      vertex 20.5625 22.8375 18.25
      vertex 23.2 16.47 18.25
      vertex 23.2 23.93 18.25
    endloop
  endfacet
  facet normal 0 0 1
    outer loop
      vertex 20.5625 22.8375 18.25
      vertex 20.5625 17.5625 18.25
      vertex 23.2 16.47 18.25
    endloop
  endfacet
  facet normal 0 -0 1
    outer loop
      vertex 20.5625 17.5625 18.25
      vertex 20.5625 22.8375 18.25
      vertex 19.47 20.2 18.25
    endloop
  endfacet
  facet normal 0.382687 -0.923878 0
    outer loop
      vertex 20.5625 22.8375 18.25
      vertex 23.2 23.93 100.25
      vertex 20.5625 22.8375 100.25
    endloop
  endfacet
  facet normal 0.382687 -0.923878 0
    outer loop
      vertex 23.2 23.93 100.25
      vertex 20.5625 22.8375 18.25
      vertex 23.2 23.93 18.25
    endloop
  endfacet
  facet normal -0.382687 -0.923878 0
    outer loop
      vertex 23.2 23.93 18.25
      vertex 25.8375 22.8375 100.25
      vertex 23.2 23.93 100.25
    endloop
  endfacet
  facet normal -0.382687 -0.923878 -0
    outer loop
      vertex 25.8375 22.8375 100.25
      vertex 23.2 23.93 18.25
      vertex 25.8375 22.8375 18.25
    endloop
  endfacet
  facet normal -0.382687 0.923878 0
    outer loop
      vertex 25.8375 17.5625 18.25
      vertex 23.2 16.47 100.25
      vertex 25.8375 17.5625 100.25
    endloop
  endfacet
  facet normal -0.382687 0.923878 0
    outer loop
      vertex 23.2 16.47 100.25
      vertex 25.8375 17.5625 18.25
      vertex 23.2 16.47 18.25
    endloop
  endfacet
  facet normal 0.923878 0.382687 0
    outer loop
      vertex 20.5625 17.5625 100.25
      vertex 19.47 20.2 18.25
      vertex 19.47 20.2 100.25
    endloop
  endfacet
  facet normal 0.923878 0.382687 0
    outer loop
      vertex 19.47 20.2 18.25
      vertex 20.5625 17.5625 100.25
      vertex 20.5625 17.5625 18.25
    endloop
  endfacet
  facet normal -0.923878 0.382687 0
    outer loop
      vertex 25.8375 17.5625 18.25
      vertex 26.93 20.2 100.25
      vertex 26.93 20.2 18.25
    endloop
  endfacet
  facet normal -0.923878 0.382687 0
    outer loop
      vertex 26.93 20.2 100.25
      vertex 25.8375 17.5625 18.25
      vertex 25.8375 17.5625 100.25
    endloop
  endfacet
  facet normal 0.382687 0.923878 -0
    outer loop
      vertex 23.2 16.47 18.25
      vertex 20.5625 17.5625 100.25
      vertex 23.2 16.47 100.25
    endloop
  endfacet
  facet normal 0.382687 0.923878 0
    outer loop
      vertex 20.5625 17.5625 100.25
      vertex 23.2 16.47 18.25
      vertex 20.5625 17.5625 18.25
    endloop
  endfacet
  facet normal -0.923878 -0.382687 0
    outer loop
      vertex 26.93 29.2 18.25
      vertex 25.8375 31.8375 100.25
      vertex 25.8375 31.8375 18.25
    endloop
  endfacet
  facet normal -0.923878 -0.382687 0
    outer loop
      vertex 25.8375 31.8375 100.25
      vertex 26.93 29.2 18.25
      vertex 26.93 29.2 100.25
    endloop
  endfacet
  facet normal 0.923878 -0.382687 0
    outer loop
      vertex 19.47 29.2 100.25
      vertex 20.5625 31.8375 18.25
      vertex 20.5625 31.8375 100.25
    endloop
  endfacet
  facet normal 0.923878 -0.382687 0
    outer loop
      vertex 20.5625 31.8375 18.25
      vertex 19.47 29.2 100.25
      vertex 19.47 29.2 18.25
    endloop
  endfacet
  facet normal 0 0 1
    outer loop
      vertex 25.8375 31.8375 18.25
      vertex 25.8375 26.5625 18.25
      vertex 26.93 29.2 18.25
    endloop
  endfacet
  facet normal 0 0 1
    outer loop
      vertex 23.2 32.93 18.25
      vertex 25.8375 26.5625 18.25
      vertex 25.8375 31.8375 18.25
    endloop
  endfacet
  facet normal 0 0 1
    outer loop
      vertex 23.2 32.93 18.25
      vertex 23.2 25.47 18.25
      vertex 25.8375 26.5625 18.25
    endloop
  endfacet
  facet normal -0 0 1
    outer loop
      vertex 20.5625 31.8375 18.25
      vertex 23.2 25.47 18.25
      vertex 23.2 32.93 18.25
    endloop
  endfacet
  facet normal 0 0 1
    outer loop
      vertex 20.5625 31.8375 18.25
      vertex 20.5625 26.5625 18.25
      vertex 23.2 25.47 18.25
    endloop
  endfacet
  facet normal 0 -0 1
    outer loop
      vertex 20.5625 26.5625 18.25
      vertex 20.5625 31.8375 18.25
      vertex 19.47 29.2 18.25
    endloop
  endfacet
  facet normal 0.382687 -0.923878 0
    outer loop
      vertex 20.5625 31.8375 18.25
      vertex 23.2 32.93 100.25
      vertex 20.5625 31.8375 100.25
    endloop
  endfacet
  facet normal 0.382687 -0.923878 0
    outer loop
      vertex 23.2 32.93 100.25
      vertex 20.5625 31.8375 18.25
      vertex 23.2 32.93 18.25
    endloop
  endfacet
  facet normal -0.382687 -0.923878 0
    outer loop
      vertex 23.2 32.93 18.25
      vertex 25.8375 31.8375 100.25
      vertex 23.2 32.93 100.25
    endloop
  endfacet
  facet normal -0.382687 -0.923878 -0
    outer loop
      vertex 25.8375 31.8375 100.25
      vertex 23.2 32.93 18.25
      vertex 25.8375 31.8375 18.25
    endloop
  endfacet
  facet normal -0.382687 0.923878 0
    outer loop
      vertex 25.8375 26.5625 18.25
      vertex 23.2 25.47 100.25
      vertex 25.8375 26.5625 100.25
    endloop
  endfacet
  facet normal -0.382687 0.923878 0
    outer loop
      vertex 23.2 25.47 100.25
      vertex 25.8375 26.5625 18.25
      vertex 23.2 25.47 18.25
    endloop
  endfacet
  facet normal 0.923878 0.382687 0
    outer loop
      vertex 20.5625 26.5625 100.25
      vertex 19.47 29.2 18.25
      vertex 19.47 29.2 100.25
    endloop
  endfacet
  facet normal 0.923878 0.382687 0
    outer loop
      vertex 19.47 29.2 18.25
      vertex 20.5625 26.5625 100.25
      vertex 20.5625 26.5625 18.25
    endloop
  endfacet
  facet normal -0.923878 0.382687 0
    outer loop
      vertex 25.8375 26.5625 18.25
      vertex 26.93 29.2 100.25
      vertex 26.93 29.2 18.25
    endloop
  endfacet
  facet normal -0.923878 0.382687 0
    outer loop
      vertex 26.93 29.2 100.25
      vertex 25.8375 26.5625 18.25
      vertex 25.8375 26.5625 100.25
    endloop
  endfacet
  facet normal 0.382687 0.923878 -0
    outer loop
      vertex 23.2 25.47 18.25
      vertex 20.5625 26.5625 100.25
      vertex 23.2 25.47 100.25
    endloop
  endfacet
  facet normal 0.382687 0.923878 0
    outer loop
      vertex 20.5625 26.5625 100.25
      vertex 23.2 25.47 18.25
      vertex 20.5625 26.5625 18.25
    endloop
  endfacet
  facet normal -0.923878 -0.382687 0
    outer loop
      vertex 26.93 38.2 18.25
      vertex 25.8375 40.8375 100.25
      vertex 25.8375 40.8375 18.25
    endloop
  endfacet
  facet normal -0.923878 -0.382687 0
    outer loop
      vertex 25.8375 40.8375 100.25
      vertex 26.93 38.2 18.25
      vertex 26.93 38.2 100.25
    endloop
  endfacet
  facet normal 0.923878 -0.382687 0
    outer loop
      vertex 19.47 38.2 100.25
      vertex 20.5625 40.8375 18.25
      vertex 20.5625 40.8375 100.25
    endloop
  endfacet
  facet normal 0.923878 -0.382687 0
    outer loop
      vertex 20.5625 40.8375 18.25
      vertex 19.47 38.2 100.25
      vertex 19.47 38.2 18.25
    endloop
  endfacet
  facet normal 0 0 1
    outer loop
      vertex 25.8375 40.8375 18.25
      vertex 25.8375 35.5625 18.25
      vertex 26.93 38.2 18.25
    endloop
  endfacet
  facet normal 0 0 1
    outer loop
      vertex 23.2 41.93 18.25
      vertex 25.8375 35.5625 18.25
      vertex 25.8375 40.8375 18.25
    endloop
  endfacet
  facet normal 0 0 1
    outer loop
      vertex 23.2 41.93 18.25
      vertex 23.2 34.47 18.25
      vertex 25.8375 35.5625 18.25
    endloop
  endfacet
  facet normal -0 0 1
    outer loop
      vertex 20.5625 40.8375 18.25
      vertex 23.2 34.47 18.25
      vertex 23.2 41.93 18.25
    endloop
  endfacet
  facet normal 0 0 1
    outer loop
      vertex 20.5625 40.8375 18.25
      vertex 20.5625 35.5625 18.25
      vertex 23.2 34.47 18.25
    endloop
  endfacet
  facet normal 0 -0 1
    outer loop
      vertex 20.5625 35.5625 18.25
      vertex 20.5625 40.8375 18.25
      vertex 19.47 38.2 18.25
    endloop
  endfacet
  facet normal 0.382687 -0.923878 0
    outer loop
      vertex 20.5625 40.8375 18.25
      vertex 23.2 41.93 100.25
      vertex 20.5625 40.8375 100.25
    endloop
  endfacet
  facet normal 0.382687 -0.923878 0
    outer loop
      vertex 23.2 41.93 100.25
      vertex 20.5625 40.8375 18.25
      vertex 23.2 41.93 18.25
    endloop
  endfacet
  facet normal -0.382687 -0.923878 0
    outer loop
      vertex 23.2 41.93 18.25
      vertex 25.8375 40.8375 100.25
      vertex 23.2 41.93 100.25
    endloop
  endfacet
  facet normal -0.382687 -0.923878 -0
    outer loop
      vertex 25.8375 40.8375 100.25
      vertex 23.2 41.93 18.25
      vertex 25.8375 40.8375 18.25
    endloop
  endfacet
  facet normal -0.382687 0.923878 0
    outer loop
      vertex 25.8375 35.5625 18.25
      vertex 23.2 34.47 100.25
      vertex 25.8375 35.5625 100.25
    endloop
  endfacet
  facet normal -0.382687 0.923878 0
    outer loop
      vertex 23.2 34.47 100.25
      vertex 25.8375 35.5625 18.25
      vertex 23.2 34.47 18.25
    endloop
  endfacet
  facet normal 0.923878 0.382687 0
    outer loop
      vertex 20.5625 35.5625 100.25
      vertex 19.47 38.2 18.25
      vertex 19.47 38.2 100.25
    endloop
  endfacet
  facet normal 0.923878 0.382687 0
    outer loop
      vertex 19.47 38.2 18.25
      vertex 20.5625 35.5625 100.25
      vertex 20.5625 35.5625 18.25
    endloop
  endfacet
  facet normal -0.923878 0.382687 0
    outer loop
      vertex 25.8375 35.5625 18.25
      vertex 26.93 38.2 100.25
      vertex 26.93 38.2 18.25
    endloop
  endfacet
  facet normal -0.923878 0.382687 0
    outer loop
      vertex 26.93 38.2 100.25
      vertex 25.8375 35.5625 18.25
      vertex 25.8375 35.5625 100.25
    endloop
  endfacet
  facet normal 0.382687 0.923878 -0
    outer loop
      vertex 23.2 34.47 18.25
      vertex 20.5625 35.5625 100.25
      vertex 23.2 34.47 100.25
    endloop
  endfacet
  facet normal 0.382687 0.923878 0
    outer loop
      vertex 20.5625 35.5625 100.25
      vertex 23.2 34.47 18.25
      vertex 20.5625 35.5625 18.25
    endloop
  endfacet
  facet normal -0.923878 -0.382687 0
    outer loop
      vertex 26.93 47.2 18.25
      vertex 25.8375 49.8375 100.25
      vertex 25.8375 49.8375 18.25
    endloop
  endfacet
  facet normal -0.923878 -0.382687 0
    outer loop
      vertex 25.8375 49.8375 100.25
      vertex 26.93 47.2 18.25
      vertex 26.93 47.2 100.25
    endloop
  endfacet
  facet normal 0.923878 -0.382687 0
    outer loop
      vertex 19.47 47.2 100.25
      vertex 20.5625 49.8375 18.25
      vertex 20.5625 49.8375 100.25
    endloop
  endfacet
  facet normal 0.923878 -0.382687 0
    outer loop
      vertex 20.5625 49.8375 18.25
      vertex 19.47 47.2 100.25
      vertex 19.47 47.2 18.25
    endloop
  endfacet
  facet normal 0 0 1
    outer loop
      vertex 25.8375 49.8375 18.25
      vertex 25.8375 44.5625 18.25
      vertex 26.93 47.2 18.25
    endloop
  endfacet
  facet normal 0 0 1
    outer loop
      vertex 23.2 50.93 18.25
      vertex 25.8375 44.5625 18.25
      vertex 25.8375 49.8375 18.25
    endloop
  endfacet
  facet normal 0 0 1
    outer loop
      vertex 23.2 50.93 18.25
      vertex 23.2 43.47 18.25
      vertex 25.8375 44.5625 18.25
    endloop
  endfacet
  facet normal -0 0 1
    outer loop
      vertex 20.5625 49.8375 18.25
      vertex 23.2 43.47 18.25
      vertex 23.2 50.93 18.25
    endloop
  endfacet
  facet normal 0 0 1
    outer loop
      vertex 20.5625 49.8375 18.25
      vertex 20.5625 44.5625 18.25
      vertex 23.2 43.47 18.25
    endloop
  endfacet
  facet normal 0 -0 1
    outer loop
      vertex 20.5625 44.5625 18.25
      vertex 20.5625 49.8375 18.25
      vertex 19.47 47.2 18.25
    endloop
  endfacet
  facet normal 0.382687 -0.923878 0
    outer loop
      vertex 20.5625 49.8375 18.25
      vertex 23.2 50.93 100.25
      vertex 20.5625 49.8375 100.25
    endloop
  endfacet
  facet normal 0.382687 -0.923878 0
    outer loop
      vertex 23.2 50.93 100.25
      vertex 20.5625 49.8375 18.25
      vertex 23.2 50.93 18.25
    endloop
  endfacet
  facet normal -0.382687 -0.923878 0
    outer loop
      vertex 23.2 50.93 18.25
      vertex 25.8375 49.8375 100.25
      vertex 23.2 50.93 100.25
    endloop
  endfacet
  facet normal -0.382687 -0.923878 -0
    outer loop
      vertex 25.8375 49.8375 100.25
      vertex 23.2 50.93 18.25
      vertex 25.8375 49.8375 18.25
    endloop
  endfacet
  facet normal -0.382687 0.923878 0
    outer loop
      vertex 25.8375 44.5625 18.25
      vertex 23.2 43.47 100.25
      vertex 25.8375 44.5625 100.25
    endloop
  endfacet
  facet normal -0.382687 0.923878 0
    outer loop
      vertex 23.2 43.47 100.25
      vertex 25.8375 44.5625 18.25
      vertex 23.2 43.47 18.25
    endloop
  endfacet
  facet normal 0.923878 0.382687 0
    outer loop
      vertex 20.5625 44.5625 100.25
      vertex 19.47 47.2 18.25
      vertex 19.47 47.2 100.25
    endloop
  endfacet
  facet normal 0.923878 0.382687 0
    outer loop
      vertex 19.47 47.2 18.25
      vertex 20.5625 44.5625 100.25
      vertex 20.5625 44.5625 18.25
    endloop
  endfacet
  facet normal -0.923878 0.382687 0
    outer loop
      vertex 25.8375 44.5625 18.25
      vertex 26.93 47.2 100.25
      vertex 26.93 47.2 18.25
    endloop
  endfacet
  facet normal -0.923878 0.382687 0
    outer loop
      vertex 26.93 47.2 100.25
      vertex 25.8375 44.5625 18.25
      vertex 25.8375 44.5625 100.25
    endloop
  endfacet
  facet normal 0.382687 0.923878 -0
    outer loop
      vertex 23.2 43.47 18.25
      vertex 20.5625 44.5625 100.25
      vertex 23.2 43.47 100.25
    endloop
  endfacet
  facet normal 0.382687 0.923878 0
    outer loop
      vertex 20.5625 44.5625 100.25
      vertex 23.2 43.47 18.25
      vertex 20.5625 44.5625 18.25
    endloop
  endfacet
  facet normal -0.923878 -0.382687 0
    outer loop
      vertex 26.93 56.2 18.25
      vertex 25.8375 58.8375 100.25
      vertex 25.8375 58.8375 18.25
    endloop
  endfacet
  facet normal -0.923878 -0.382687 0
    outer loop
      vertex 25.8375 58.8375 100.25
      vertex 26.93 56.2 18.25
      vertex 26.93 56.2 100.25
    endloop
  endfacet
  facet normal 0.923878 -0.382687 0
    outer loop
      vertex 19.47 56.2 100.25
      vertex 20.5625 58.8375 18.25
      vertex 20.5625 58.8375 100.25
    endloop
  endfacet
  facet normal 0.923878 -0.382687 0
    outer loop
      vertex 20.5625 58.8375 18.25
      vertex 19.47 56.2 100.25
      vertex 19.47 56.2 18.25
    endloop
  endfacet
  facet normal 0 0 1
    outer loop
      vertex 25.8375 58.8375 18.25
      vertex 25.8375 53.5625 18.25
      vertex 26.93 56.2 18.25
    endloop
  endfacet
  facet normal 0 0 1
    outer loop
      vertex 23.2 59.93 18.25
      vertex 25.8375 53.5625 18.25
      vertex 25.8375 58.8375 18.25
    endloop
  endfacet
  facet normal 0 0 1
    outer loop
      vertex 23.2 59.93 18.25
      vertex 23.2 52.47 18.25
      vertex 25.8375 53.5625 18.25
    endloop
  endfacet
  facet normal -0 0 1
    outer loop
      vertex 20.5625 58.8375 18.25
      vertex 23.2 52.47 18.25
      vertex 23.2 59.93 18.25
    endloop
  endfacet
  facet normal 0 0 1
    outer loop
      vertex 20.5625 58.8375 18.25
      vertex 20.5625 53.5625 18.25
      vertex 23.2 52.47 18.25
    endloop
  endfacet
  facet normal 0 -0 1
    outer loop
      vertex 20.5625 53.5625 18.25
      vertex 20.5625 58.8375 18.25
      vertex 19.47 56.2 18.25
    endloop
  endfacet
  facet normal 0.382687 -0.923878 0
    outer loop
      vertex 20.5625 58.8375 18.25
      vertex 23.2 59.93 100.25
      vertex 20.5625 58.8375 100.25
    endloop
  endfacet
  facet normal 0.382687 -0.923878 0
    outer loop
      vertex 23.2 59.93 100.25
      vertex 20.5625 58.8375 18.25
      vertex 23.2 59.93 18.25
    endloop
  endfacet
  facet normal -0.382687 -0.923878 0
    outer loop
      vertex 23.2 59.93 18.25
      vertex 25.8375 58.8375 100.25
      vertex 23.2 59.93 100.25
    endloop
  endfacet
  facet normal -0.382687 -0.923878 -0
    outer loop
      vertex 25.8375 58.8375 100.25
      vertex 23.2 59.93 18.25
      vertex 25.8375 58.8375 18.25
    endloop
  endfacet
  facet normal -0.382687 0.923878 0
    outer loop
      vertex 25.8375 53.5625 18.25
      vertex 23.2 52.47 100.25
      vertex 25.8375 53.5625 100.25
    endloop
  endfacet
  facet normal -0.382687 0.923878 0
    outer loop
      vertex 23.2 52.47 100.25
      vertex 25.8375 53.5625 18.25
      vertex 23.2 52.47 18.25
    endloop
  endfacet
  facet normal 0.923878 0.382687 0
    outer loop
      vertex 20.5625 53.5625 100.25
      vertex 19.47 56.2 18.25
      vertex 19.47 56.2 100.25
    endloop
  endfacet
  facet normal 0.923878 0.382687 0
    outer loop
      vertex 19.47 56.2 18.25
      vertex 20.5625 53.5625 100.25
      vertex 20.5625 53.5625 18.25
    endloop
  endfacet
  facet normal -0.923878 0.382687 0
    outer loop
      vertex 25.8375 53.5625 18.25
      vertex 26.93 56.2 100.25
      vertex 26.93 56.2 18.25
    endloop
  endfacet
  facet normal -0.923878 0.382687 0
    outer loop
      vertex 26.93 56.2 100.25
      vertex 25.8375 53.5625 18.25
      vertex 25.8375 53.5625 100.25
    endloop
  endfacet
  facet normal 0.382687 0.923878 -0
    outer loop
      vertex 23.2 52.47 18.25
      vertex 20.5625 53.5625 100.25
      vertex 23.2 52.47 100.25
    endloop
  endfacet
  facet normal 0.382687 0.923878 0
    outer loop
      vertex 20.5625 53.5625 100.25
      vertex 23.2 52.47 18.25
      vertex 20.5625 53.5625 18.25
    endloop
  endfacet
  facet normal -0.923878 -0.382687 0
    outer loop
      vertex 26.93 65.2 18.25
      vertex 25.8375 67.8375 100.25
      vertex 25.8375 67.8375 18.25
    endloop
  endfacet
  facet normal -0.923878 -0.382687 0
    outer loop
      vertex 25.8375 67.8375 100.25
      vertex 26.93 65.2 18.25
      vertex 26.93 65.2 100.25
    endloop
  endfacet
  facet normal 0.923878 -0.382687 0
    outer loop
      vertex 19.47 65.2 100.25
      vertex 20.5625 67.8375 18.25
      vertex 20.5625 67.8375 100.25
    endloop
  endfacet
  facet normal 0.923878 -0.382687 0
    outer loop
      vertex 20.5625 67.8375 18.25
      vertex 19.47 65.2 100.25
      vertex 19.47 65.2 18.25
    endloop
  endfacet
  facet normal 0 0 1
    outer loop
      vertex 25.8375 67.8375 18.25
      vertex 25.8375 62.5625 18.25
      vertex 26.93 65.2 18.25
    endloop
  endfacet
  facet normal 0 0 1
    outer loop
      vertex 23.2 68.93 18.25
      vertex 25.8375 62.5625 18.25
      vertex 25.8375 67.8375 18.25
    endloop
  endfacet
  facet normal 0 0 1
    outer loop
      vertex 23.2 68.93 18.25
      vertex 23.2 61.47 18.25
      vertex 25.8375 62.5625 18.25
    endloop
  endfacet
  facet normal -0 0 1
    outer loop
      vertex 20.5625 67.8375 18.25
      vertex 23.2 61.47 18.25
      vertex 23.2 68.93 18.25
    endloop
  endfacet
  facet normal 0 0 1
    outer loop
      vertex 20.5625 67.8375 18.25
      vertex 20.5625 62.5625 18.25
      vertex 23.2 61.47 18.25
    endloop
  endfacet
  facet normal 0 -0 1
    outer loop
      vertex 20.5625 62.5625 18.25
      vertex 20.5625 67.8375 18.25
      vertex 19.47 65.2 18.25
    endloop
  endfacet
  facet normal 0.382687 -0.923878 0
    outer loop
      vertex 20.5625 67.8375 18.25
      vertex 23.2 68.93 100.25
      vertex 20.5625 67.8375 100.25
    endloop
  endfacet
  facet normal 0.382687 -0.923878 0
    outer loop
      vertex 23.2 68.93 100.25
      vertex 20.5625 67.8375 18.25
      vertex 23.2 68.93 18.25
    endloop
  endfacet
  facet normal -0.382687 -0.923878 0
    outer loop
      vertex 23.2 68.93 18.25
      vertex 25.8375 67.8375 100.25
      vertex 23.2 68.93 100.25
    endloop
  endfacet
  facet normal -0.382687 -0.923878 -0
    outer loop
      vertex 25.8375 67.8375 100.25
      vertex 23.2 68.93 18.25
      vertex 25.8375 67.8375 18.25
    endloop
  endfacet
  facet normal -0.382687 0.923878 0
    outer loop
      vertex 25.8375 62.5625 18.25
      vertex 23.2 61.47 100.25
      vertex 25.8375 62.5625 100.25
    endloop
  endfacet
  facet normal -0.382687 0.923878 0
    outer loop
      vertex 23.2 61.47 100.25
      vertex 25.8375 62.5625 18.25
      vertex 23.2 61.47 18.25
    endloop
  endfacet
  facet normal 0.923878 0.382687 0
    outer loop
      vertex 20.5625 62.5625 100.25
      vertex 19.47 65.2 18.25
      vertex 19.47 65.2 100.25
    endloop
  endfacet
  facet normal 0.923878 0.382687 0
    outer loop
      vertex 19.47 65.2 18.25
      vertex 20.5625 62.5625 100.25
      vertex 20.5625 62.5625 18.25
    endloop
  endfacet
  facet normal -0.923878 0.382687 0
    outer loop
      vertex 25.8375 62.5625 18.25
      vertex 26.93 65.2 100.25
      vertex 26.93 65.2 18.25
    endloop
  endfacet
  facet normal -0.923878 0.382687 0
    outer loop
      vertex 26.93 65.2 100.25
      vertex 25.8375 62.5625 18.25
      vertex 25.8375 62.5625 100.25
    endloop
  endfacet
  facet normal 0.382687 0.923878 -0
    outer loop
      vertex 23.2 61.47 18.25
      vertex 20.5625 62.5625 100.25
      vertex 23.2 61.47 100.25
    endloop
  endfacet
  facet normal 0.382687 0.923878 0
    outer loop
      vertex 20.5625 62.5625 100.25
      vertex 23.2 61.47 18.25
      vertex 20.5625 62.5625 18.25
    endloop
  endfacet
  facet normal -0.923878 -0.382687 0
    outer loop
      vertex 26.93 74.2 18.25
      vertex 25.8375 76.8375 100.25
      vertex 25.8375 76.8375 18.25
    endloop
  endfacet
  facet normal -0.923878 -0.382687 0
    outer loop
      vertex 25.8375 76.8375 100.25
      vertex 26.93 74.2 18.25
      vertex 26.93 74.2 100.25
    endloop
  endfacet
  facet normal 0.923878 -0.382687 0
    outer loop
      vertex 19.47 74.2 100.25
      vertex 20.5625 76.8375 18.25
      vertex 20.5625 76.8375 100.25
    endloop
  endfacet
  facet normal 0.923878 -0.382687 0
    outer loop
      vertex 20.5625 76.8375 18.25
      vertex 19.47 74.2 100.25
      vertex 19.47 74.2 18.25
    endloop
  endfacet
  facet normal 0 0 1
    outer loop
      vertex 25.8375 76.8375 18.25
      vertex 25.8375 71.5625 18.25
      vertex 26.93 74.2 18.25
    endloop
  endfacet
  facet normal 0 0 1
    outer loop
      vertex 23.2 77.93 18.25
      vertex 25.8375 71.5625 18.25
      vertex 25.8375 76.8375 18.25
    endloop
  endfacet
  facet normal 0 0 1
    outer loop
      vertex 23.2 77.93 18.25
      vertex 23.2 70.47 18.25
      vertex 25.8375 71.5625 18.25
    endloop
  endfacet
  facet normal -0 0 1
    outer loop
      vertex 20.5625 76.8375 18.25
      vertex 23.2 70.47 18.25
      vertex 23.2 77.93 18.25
    endloop
  endfacet
  facet normal 0 0 1
    outer loop
      vertex 20.5625 76.8375 18.25
      vertex 20.5625 71.5625 18.25
      vertex 23.2 70.47 18.25
    endloop
  endfacet
  facet normal 0 -0 1
    outer loop
      vertex 20.5625 71.5625 18.25
      vertex 20.5625 76.8375 18.25
      vertex 19.47 74.2 18.25
    endloop
  endfacet
  facet normal 0.382687 -0.923878 0
    outer loop
      vertex 20.5625 76.8375 18.25
      vertex 23.2 77.93 100.25
      vertex 20.5625 76.8375 100.25
    endloop
  endfacet
  facet normal 0.382687 -0.923878 0
    outer loop
      vertex 23.2 77.93 100.25
      vertex 20.5625 76.8375 18.25
      vertex 23.2 77.93 18.25
    endloop
  endfacet
  facet normal -0.382687 -0.923878 0
    outer loop
      vertex 23.2 77.93 18.25
      vertex 25.8375 76.8375 100.25
      vertex 23.2 77.93 100.25
    endloop
  endfacet
  facet normal -0.382687 -0.923878 -0
    outer loop
      vertex 25.8375 76.8375 100.25
      vertex 23.2 77.93 18.25
      vertex 25.8375 76.8375 18.25
    endloop
  endfacet
  facet normal -0.382687 0.923878 0
    outer loop
      vertex 25.8375 71.5625 18.25
      vertex 23.2 70.47 100.25
      vertex 25.8375 71.5625 100.25
    endloop
  endfacet
  facet normal -0.382687 0.923878 0
    outer loop
      vertex 23.2 70.47 100.25
      vertex 25.8375 71.5625 18.25
      vertex 23.2 70.47 18.25
    endloop
  endfacet
  facet normal 0.923878 0.382687 0
    outer loop
      vertex 20.5625 71.5625 100.25
      vertex 19.47 74.2 18.25
      vertex 19.47 74.2 100.25
    endloop
  endfacet
  facet normal 0.923878 0.382687 0
    outer loop
      vertex 19.47 74.2 18.25
      vertex 20.5625 71.5625 100.25
      vertex 20.5625 71.5625 18.25
    endloop
  endfacet
  facet normal -0.923878 0.382687 0
    outer loop
      vertex 25.8375 71.5625 18.25
      vertex 26.93 74.2 100.25
      vertex 26.93 74.2 18.25
    endloop
  endfacet
  facet normal -0.923878 0.382687 0
    outer loop
      vertex 26.93 74.2 100.25
      vertex 25.8375 71.5625 18.25
      vertex 25.8375 71.5625 100.25
    endloop
  endfacet
  facet normal 0.382687 0.923878 -0
    outer loop
      vertex 23.2 70.47 18.25
      vertex 20.5625 71.5625 100.25
      vertex 23.2 70.47 100.25
    endloop
  endfacet
  facet normal 0.382687 0.923878 0
    outer loop
      vertex 20.5625 71.5625 100.25
      vertex 23.2 70.47 18.25
      vertex 20.5625 71.5625 18.25
    endloop
  endfacet
  facet normal -0.923878 -0.382687 0
    outer loop
      vertex 35.93 11.2 18.25
      vertex 34.8375 13.8375 100.25
      vertex 34.8375 13.8375 18.25
    endloop
  endfacet
  facet normal -0.923878 -0.382687 0
    outer loop
      vertex 34.8375 13.8375 100.25
      vertex 35.93 11.2 18.25
      vertex 35.93 11.2 100.25
    endloop
  endfacet
  facet normal 0.923878 -0.382687 0
    outer loop
      vertex 28.47 11.2 100.25
      vertex 29.5625 13.8375 18.25
      vertex 29.5625 13.8375 100.25
    endloop
  endfacet
  facet normal 0.923878 -0.382687 0
    outer loop
      vertex 29.5625 13.8375 18.25
      vertex 28.47 11.2 100.25
      vertex 28.47 11.2 18.25
    endloop
  endfacet
  facet normal 0 0 1
    outer loop
      vertex 34.8375 13.8375 18.25
      vertex 34.8375 8.56249 18.25
      vertex 35.93 11.2 18.25
    endloop
  endfacet
  facet normal 0 0 1
    outer loop
      vertex 32.2 14.93 18.25
      vertex 34.8375 8.56249 18.25
      vertex 34.8375 13.8375 18.25
    endloop
  endfacet
  facet normal 0 0 1
    outer loop
      vertex 32.2 14.93 18.25
      vertex 32.2 7.47 18.25
      vertex 34.8375 8.56249 18.25
    endloop
  endfacet
  facet normal -0 0 1
    outer loop
      vertex 29.5625 13.8375 18.25
      vertex 32.2 7.47 18.25
      vertex 32.2 14.93 18.25
    endloop
  endfacet
  facet normal 0 0 1
    outer loop
      vertex 29.5625 13.8375 18.25
      vertex 29.5625 8.56249 18.25
      vertex 32.2 7.47 18.25
    endloop
  endfacet
  facet normal 0 -0 1
    outer loop
      vertex 29.5625 8.56249 18.25
      vertex 29.5625 13.8375 18.25
      vertex 28.47 11.2 18.25
    endloop
  endfacet
  facet normal 0.382687 -0.923878 0
    outer loop
      vertex 29.5625 13.8375 18.25
      vertex 32.2 14.93 100.25
      vertex 29.5625 13.8375 100.25
    endloop
  endfacet
  facet normal 0.382687 -0.923878 0
    outer loop
      vertex 32.2 14.93 100.25
      vertex 29.5625 13.8375 18.25
      vertex 32.2 14.93 18.25
    endloop
  endfacet
  facet normal -0.382687 -0.923878 0
    outer loop
      vertex 32.2 14.93 18.25
      vertex 34.8375 13.8375 100.25
      vertex 32.2 14.93 100.25
    endloop
  endfacet
  facet normal -0.382687 -0.923878 -0
    outer loop
      vertex 34.8375 13.8375 100.25
      vertex 32.2 14.93 18.25
      vertex 34.8375 13.8375 18.25
    endloop
  endfacet
  facet normal -0.382684 0.923879 0
    outer loop
      vertex 34.8375 8.56249 18.25
      vertex 32.2 7.47 100.25
      vertex 34.8375 8.56249 100.25
    endloop
  endfacet
  facet normal -0.382684 0.923879 0
    outer loop
      vertex 32.2 7.47 100.25
      vertex 34.8375 8.56249 18.25
      vertex 32.2 7.47 18.25
    endloop
  endfacet
  facet normal 0.923879 0.382686 0
    outer loop
      vertex 29.5625 8.56249 100.25
      vertex 28.47 11.2 18.25
      vertex 28.47 11.2 100.25
    endloop
  endfacet
  facet normal 0.923879 0.382686 0
    outer loop
      vertex 28.47 11.2 18.25
      vertex 29.5625 8.56249 100.25
      vertex 29.5625 8.56249 18.25
    endloop
  endfacet
  facet normal -0.923879 0.382686 0
    outer loop
      vertex 34.8375 8.56249 18.25
      vertex 35.93 11.2 100.25
      vertex 35.93 11.2 18.25
    endloop
  endfacet
  facet normal -0.923879 0.382686 0
    outer loop
      vertex 35.93 11.2 100.25
      vertex 34.8375 8.56249 18.25
      vertex 34.8375 8.56249 100.25
    endloop
  endfacet
  facet normal 0.382684 0.923879 -0
    outer loop
      vertex 32.2 7.47 18.25
      vertex 29.5625 8.56249 100.25
      vertex 32.2 7.47 100.25
    endloop
  endfacet
  facet normal 0.382684 0.923879 0
    outer loop
      vertex 29.5625 8.56249 100.25
      vertex 32.2 7.47 18.25
      vertex 29.5625 8.56249 18.25
    endloop
  endfacet
  facet normal -0.923878 -0.382687 0
    outer loop
      vertex 35.93 20.2 18.25
      vertex 34.8375 22.8375 100.25
      vertex 34.8375 22.8375 18.25
    endloop
  endfacet
  facet normal -0.923878 -0.382687 0
    outer loop
      vertex 34.8375 22.8375 100.25
      vertex 35.93 20.2 18.25
      vertex 35.93 20.2 100.25
    endloop
  endfacet
  facet normal 0.923878 -0.382687 0
    outer loop
      vertex 28.47 20.2 100.25
      vertex 29.5625 22.8375 18.25
      vertex 29.5625 22.8375 100.25
    endloop
  endfacet
  facet normal 0.923878 -0.382687 0
    outer loop
      vertex 29.5625 22.8375 18.25
      vertex 28.47 20.2 100.25
      vertex 28.47 20.2 18.25
    endloop
  endfacet
  facet normal 0 0 1
    outer loop
      vertex 34.8375 22.8375 18.25
      vertex 34.8375 17.5625 18.25
      vertex 35.93 20.2 18.25
    endloop
  endfacet
  facet normal 0 0 1
    outer loop
      vertex 32.2 23.93 18.25
      vertex 34.8375 17.5625 18.25
      vertex 34.8375 22.8375 18.25
    endloop
  endfacet
  facet normal 0 0 1
    outer loop
      vertex 32.2 23.93 18.25
      vertex 32.2 16.47 18.25
      vertex 34.8375 17.5625 18.25
    endloop
  endfacet
  facet normal -0 0 1
    outer loop
      vertex 29.5625 22.8375 18.25
      vertex 32.2 16.47 18.25
      vertex 32.2 23.93 18.25
    endloop
  endfacet
  facet normal 0 0 1
    outer loop
      vertex 29.5625 22.8375 18.25
      vertex 29.5625 17.5625 18.25
      vertex 32.2 16.47 18.25
    endloop
  endfacet
  facet normal 0 -0 1
    outer loop
      vertex 29.5625 17.5625 18.25
      vertex 29.5625 22.8375 18.25
      vertex 28.47 20.2 18.25
    endloop
  endfacet
  facet normal 0.382687 -0.923878 0
    outer loop
      vertex 29.5625 22.8375 18.25
      vertex 32.2 23.93 100.25
      vertex 29.5625 22.8375 100.25
    endloop
  endfacet
  facet normal 0.382687 -0.923878 0
    outer loop
      vertex 32.2 23.93 100.25
      vertex 29.5625 22.8375 18.25
      vertex 32.2 23.93 18.25
    endloop
  endfacet
  facet normal -0.382687 -0.923878 0
    outer loop
      vertex 32.2 23.93 18.25
      vertex 34.8375 22.8375 100.25
      vertex 32.2 23.93 100.25
    endloop
  endfacet
  facet normal -0.382687 -0.923878 -0
    outer loop
      vertex 34.8375 22.8375 100.25
      vertex 32.2 23.93 18.25
      vertex 34.8375 22.8375 18.25
    endloop
  endfacet
  facet normal -0.382687 0.923878 0
    outer loop
      vertex 34.8375 17.5625 18.25
      vertex 32.2 16.47 100.25
      vertex 34.8375 17.5625 100.25
    endloop
  endfacet
  facet normal -0.382687 0.923878 0
    outer loop
      vertex 32.2 16.47 100.25
      vertex 34.8375 17.5625 18.25
      vertex 32.2 16.47 18.25
    endloop
  endfacet
  facet normal 0.923878 0.382687 0
    outer loop
      vertex 29.5625 17.5625 100.25
      vertex 28.47 20.2 18.25
      vertex 28.47 20.2 100.25
    endloop
  endfacet
  facet normal 0.923878 0.382687 0
    outer loop
      vertex 28.47 20.2 18.25
      vertex 29.5625 17.5625 100.25
      vertex 29.5625 17.5625 18.25
    endloop
  endfacet
  facet normal -0.923878 0.382687 0
    outer loop
      vertex 34.8375 17.5625 18.25
      vertex 35.93 20.2 100.25
      vertex 35.93 20.2 18.25
    endloop
  endfacet
  facet normal -0.923878 0.382687 0
    outer loop
      vertex 35.93 20.2 100.25
      vertex 34.8375 17.5625 18.25
      vertex 34.8375 17.5625 100.25
    endloop
  endfacet
  facet normal 0.382687 0.923878 -0
    outer loop
      vertex 32.2 16.47 18.25
      vertex 29.5625 17.5625 100.25
      vertex 32.2 16.47 100.25
    endloop
  endfacet
  facet normal 0.382687 0.923878 0
    outer loop
      vertex 29.5625 17.5625 100.25
      vertex 32.2 16.47 18.25
      vertex 29.5625 17.5625 18.25
    endloop
  endfacet
  facet normal -0.923878 -0.382687 0
    outer loop
      vertex 35.93 29.2 18.25
      vertex 34.8375 31.8375 100.25
      vertex 34.8375 31.8375 18.25
    endloop
  endfacet
  facet normal -0.923878 -0.382687 0
    outer loop
      vertex 34.8375 31.8375 100.25
      vertex 35.93 29.2 18.25
      vertex 35.93 29.2 100.25
    endloop
  endfacet
  facet normal 0.923878 -0.382687 0
    outer loop
      vertex 28.47 29.2 100.25
      vertex 29.5625 31.8375 18.25
      vertex 29.5625 31.8375 100.25
    endloop
  endfacet
  facet normal 0.923878 -0.382687 0
    outer loop
      vertex 29.5625 31.8375 18.25
      vertex 28.47 29.2 100.25
      vertex 28.47 29.2 18.25
    endloop
  endfacet
  facet normal 0 0 1
    outer loop
      vertex 34.8375 31.8375 18.25
      vertex 34.8375 26.5625 18.25
      vertex 35.93 29.2 18.25
    endloop
  endfacet
  facet normal 0 0 1
    outer loop
      vertex 32.2 32.93 18.25
      vertex 34.8375 26.5625 18.25
      vertex 34.8375 31.8375 18.25
    endloop
  endfacet
  facet normal 0 0 1
    outer loop
      vertex 32.2 32.93 18.25
      vertex 32.2 25.47 18.25
      vertex 34.8375 26.5625 18.25
    endloop
  endfacet
  facet normal -0 0 1
    outer loop
      vertex 29.5625 31.8375 18.25
      vertex 32.2 25.47 18.25
      vertex 32.2 32.93 18.25
    endloop
  endfacet
  facet normal 0 0 1
    outer loop
      vertex 29.5625 31.8375 18.25
      vertex 29.5625 26.5625 18.25
      vertex 32.2 25.47 18.25
    endloop
  endfacet
  facet normal 0 -0 1
    outer loop
      vertex 29.5625 26.5625 18.25
      vertex 29.5625 31.8375 18.25
      vertex 28.47 29.2 18.25
    endloop
  endfacet
  facet normal 0.382687 -0.923878 0
    outer loop
      vertex 29.5625 31.8375 18.25
      vertex 32.2 32.93 100.25
      vertex 29.5625 31.8375 100.25
    endloop
  endfacet
  facet normal 0.382687 -0.923878 0
    outer loop
      vertex 32.2 32.93 100.25
      vertex 29.5625 31.8375 18.25
      vertex 32.2 32.93 18.25
    endloop
  endfacet
  facet normal -0.382687 -0.923878 0
    outer loop
      vertex 32.2 32.93 18.25
      vertex 34.8375 31.8375 100.25
      vertex 32.2 32.93 100.25
    endloop
  endfacet
  facet normal -0.382687 -0.923878 -0
    outer loop
      vertex 34.8375 31.8375 100.25
      vertex 32.2 32.93 18.25
      vertex 34.8375 31.8375 18.25
    endloop
  endfacet
  facet normal -0.382687 0.923878 0
    outer loop
      vertex 34.8375 26.5625 18.25
      vertex 32.2 25.47 100.25
      vertex 34.8375 26.5625 100.25
    endloop
  endfacet
  facet normal -0.382687 0.923878 0
    outer loop
      vertex 32.2 25.47 100.25
      vertex 34.8375 26.5625 18.25
      vertex 32.2 25.47 18.25
    endloop
  endfacet
  facet normal 0.923878 0.382687 0
    outer loop
      vertex 29.5625 26.5625 100.25
      vertex 28.47 29.2 18.25
      vertex 28.47 29.2 100.25
    endloop
  endfacet
  facet normal 0.923878 0.382687 0
    outer loop
      vertex 28.47 29.2 18.25
      vertex 29.5625 26.5625 100.25
      vertex 29.5625 26.5625 18.25
    endloop
  endfacet
  facet normal -0.923878 0.382687 0
    outer loop
      vertex 34.8375 26.5625 18.25
      vertex 35.93 29.2 100.25
      vertex 35.93 29.2 18.25
    endloop
  endfacet
  facet normal -0.923878 0.382687 0
    outer loop
      vertex 35.93 29.2 100.25
      vertex 34.8375 26.5625 18.25
      vertex 34.8375 26.5625 100.25
    endloop
  endfacet
  facet normal 0.382687 0.923878 -0
    outer loop
      vertex 32.2 25.47 18.25
      vertex 29.5625 26.5625 100.25
      vertex 32.2 25.47 100.25
    endloop
  endfacet
  facet normal 0.382687 0.923878 0
    outer loop
      vertex 29.5625 26.5625 100.25
      vertex 32.2 25.47 18.25
      vertex 29.5625 26.5625 18.25
    endloop
  endfacet
  facet normal -0.923878 -0.382687 0
    outer loop
      vertex 35.93 38.2 18.25
      vertex 34.8375 40.8375 100.25
      vertex 34.8375 40.8375 18.25
    endloop
  endfacet
  facet normal -0.923878 -0.382687 0
    outer loop
      vertex 34.8375 40.8375 100.25
      vertex 35.93 38.2 18.25
      vertex 35.93 38.2 100.25
    endloop
  endfacet
  facet normal 0.923878 -0.382687 0
    outer loop
      vertex 28.47 38.2 100.25
      vertex 29.5625 40.8375 18.25
      vertex 29.5625 40.8375 100.25
    endloop
  endfacet
  facet normal 0.923878 -0.382687 0
    outer loop
      vertex 29.5625 40.8375 18.25
      vertex 28.47 38.2 100.25
      vertex 28.47 38.2 18.25
    endloop
  endfacet
  facet normal 0 0 1
    outer loop
      vertex 34.8375 40.8375 18.25
      vertex 34.8375 35.5625 18.25
      vertex 35.93 38.2 18.25
    endloop
  endfacet
  facet normal 0 0 1
    outer loop
      vertex 32.2 41.93 18.25
      vertex 34.8375 35.5625 18.25
      vertex 34.8375 40.8375 18.25
    endloop
  endfacet
  facet normal 0 0 1
    outer loop
      vertex 32.2 41.93 18.25
      vertex 32.2 34.47 18.25
      vertex 34.8375 35.5625 18.25
    endloop
  endfacet
  facet normal -0 0 1
    outer loop
      vertex 29.5625 40.8375 18.25
      vertex 32.2 34.47 18.25
      vertex 32.2 41.93 18.25
    endloop
  endfacet
  facet normal 0 0 1
    outer loop
      vertex 29.5625 40.8375 18.25
      vertex 29.5625 35.5625 18.25
      vertex 32.2 34.47 18.25
    endloop
  endfacet
  facet normal 0 -0 1
    outer loop
      vertex 29.5625 35.5625 18.25
      vertex 29.5625 40.8375 18.25
      vertex 28.47 38.2 18.25
    endloop
  endfacet
  facet normal 0.382687 -0.923878 0
    outer loop
      vertex 29.5625 40.8375 18.25
      vertex 32.2 41.93 100.25
      vertex 29.5625 40.8375 100.25
    endloop
  endfacet
  facet normal 0.382687 -0.923878 0
    outer loop
      vertex 32.2 41.93 100.25
      vertex 29.5625 40.8375 18.25
      vertex 32.2 41.93 18.25
    endloop
  endfacet
  facet normal -0.382687 -0.923878 0
    outer loop
      vertex 32.2 41.93 18.25
      vertex 34.8375 40.8375 100.25
      vertex 32.2 41.93 100.25
    endloop
  endfacet
  facet normal -0.382687 -0.923878 -0
    outer loop
      vertex 34.8375 40.8375 100.25
      vertex 32.2 41.93 18.25
      vertex 34.8375 40.8375 18.25
    endloop
  endfacet
  facet normal -0.382687 0.923878 0
    outer loop
      vertex 34.8375 35.5625 18.25
      vertex 32.2 34.47 100.25
      vertex 34.8375 35.5625 100.25
    endloop
  endfacet
  facet normal -0.382687 0.923878 0
    outer loop
      vertex 32.2 34.47 100.25
      vertex 34.8375 35.5625 18.25
      vertex 32.2 34.47 18.25
    endloop
  endfacet
  facet normal 0.923878 0.382687 0
    outer loop
      vertex 29.5625 35.5625 100.25
      vertex 28.47 38.2 18.25
      vertex 28.47 38.2 100.25
    endloop
  endfacet
  facet normal 0.923878 0.382687 0
    outer loop
      vertex 28.47 38.2 18.25
      vertex 29.5625 35.5625 100.25
      vertex 29.5625 35.5625 18.25
    endloop
  endfacet
  facet normal -0.923878 0.382687 0
    outer loop
      vertex 34.8375 35.5625 18.25
      vertex 35.93 38.2 100.25
      vertex 35.93 38.2 18.25
    endloop
  endfacet
  facet normal -0.923878 0.382687 0
    outer loop
      vertex 35.93 38.2 100.25
      vertex 34.8375 35.5625 18.25
      vertex 34.8375 35.5625 100.25
    endloop
  endfacet
  facet normal 0.382687 0.923878 -0
    outer loop
      vertex 32.2 34.47 18.25
      vertex 29.5625 35.5625 100.25
      vertex 32.2 34.47 100.25
    endloop
  endfacet
  facet normal 0.382687 0.923878 0
    outer loop
      vertex 29.5625 35.5625 100.25
      vertex 32.2 34.47 18.25
      vertex 29.5625 35.5625 18.25
    endloop
  endfacet
  facet normal -0.923878 -0.382687 0
    outer loop
      vertex 35.93 47.2 18.25
      vertex 34.8375 49.8375 100.25
      vertex 34.8375 49.8375 18.25
    endloop
  endfacet
  facet normal -0.923878 -0.382687 0
    outer loop
      vertex 34.8375 49.8375 100.25
      vertex 35.93 47.2 18.25
      vertex 35.93 47.2 100.25
    endloop
  endfacet
  facet normal 0.923878 -0.382687 0
    outer loop
      vertex 28.47 47.2 100.25
      vertex 29.5625 49.8375 18.25
      vertex 29.5625 49.8375 100.25
    endloop
  endfacet
  facet normal 0.923878 -0.382687 0
    outer loop
      vertex 29.5625 49.8375 18.25
      vertex 28.47 47.2 100.25
      vertex 28.47 47.2 18.25
    endloop
  endfacet
  facet normal 0 0 1
    outer loop
      vertex 34.8375 49.8375 18.25
      vertex 34.8375 44.5625 18.25
      vertex 35.93 47.2 18.25
    endloop
  endfacet
  facet normal 0 0 1
    outer loop
      vertex 32.2 50.93 18.25
      vertex 34.8375 44.5625 18.25
      vertex 34.8375 49.8375 18.25
    endloop
  endfacet
  facet normal 0 0 1
    outer loop
      vertex 32.2 50.93 18.25
      vertex 32.2 43.47 18.25
      vertex 34.8375 44.5625 18.25
    endloop
  endfacet
  facet normal -0 0 1
    outer loop
      vertex 29.5625 49.8375 18.25
      vertex 32.2 43.47 18.25
      vertex 32.2 50.93 18.25
    endloop
  endfacet
  facet normal 0 0 1
    outer loop
      vertex 29.5625 49.8375 18.25
      vertex 29.5625 44.5625 18.25
      vertex 32.2 43.47 18.25
    endloop
  endfacet
  facet normal 0 -0 1
    outer loop
      vertex 29.5625 44.5625 18.25
      vertex 29.5625 49.8375 18.25
      vertex 28.47 47.2 18.25
    endloop
  endfacet
  facet normal 0.382687 -0.923878 0
    outer loop
      vertex 29.5625 49.8375 18.25
      vertex 32.2 50.93 100.25
      vertex 29.5625 49.8375 100.25
    endloop
  endfacet
  facet normal 0.382687 -0.923878 0
    outer loop
      vertex 32.2 50.93 100.25
      vertex 29.5625 49.8375 18.25
      vertex 32.2 50.93 18.25
    endloop
  endfacet
  facet normal -0.382687 -0.923878 0
    outer loop
      vertex 32.2 50.93 18.25
      vertex 34.8375 49.8375 100.25
      vertex 32.2 50.93 100.25
    endloop
  endfacet
  facet normal -0.382687 -0.923878 -0
    outer loop
      vertex 34.8375 49.8375 100.25
      vertex 32.2 50.93 18.25
      vertex 34.8375 49.8375 18.25
    endloop
  endfacet
  facet normal -0.382687 0.923878 0
    outer loop
      vertex 34.8375 44.5625 18.25
      vertex 32.2 43.47 100.25
      vertex 34.8375 44.5625 100.25
    endloop
  endfacet
  facet normal -0.382687 0.923878 0
    outer loop
      vertex 32.2 43.47 100.25
      vertex 34.8375 44.5625 18.25
      vertex 32.2 43.47 18.25
    endloop
  endfacet
  facet normal 0.923878 0.382687 0
    outer loop
      vertex 29.5625 44.5625 100.25
      vertex 28.47 47.2 18.25
      vertex 28.47 47.2 100.25
    endloop
  endfacet
  facet normal 0.923878 0.382687 0
    outer loop
      vertex 28.47 47.2 18.25
      vertex 29.5625 44.5625 100.25
      vertex 29.5625 44.5625 18.25
    endloop
  endfacet
  facet normal -0.923878 0.382687 0
    outer loop
      vertex 34.8375 44.5625 18.25
      vertex 35.93 47.2 100.25
      vertex 35.93 47.2 18.25
    endloop
  endfacet
  facet normal -0.923878 0.382687 0
    outer loop
      vertex 35.93 47.2 100.25
      vertex 34.8375 44.5625 18.25
      vertex 34.8375 44.5625 100.25
    endloop
  endfacet
  facet normal 0.382687 0.923878 -0
    outer loop
      vertex 32.2 43.47 18.25
      vertex 29.5625 44.5625 100.25
      vertex 32.2 43.47 100.25
    endloop
  endfacet
  facet normal 0.382687 0.923878 0
    outer loop
      vertex 29.5625 44.5625 100.25
      vertex 32.2 43.47 18.25
      vertex 29.5625 44.5625 18.25
    endloop
  endfacet
  facet normal -0.923878 -0.382687 0
    outer loop
      vertex 35.93 56.2 18.25
      vertex 34.8375 58.8375 100.25
      vertex 34.8375 58.8375 18.25
    endloop
  endfacet
  facet normal -0.923878 -0.382687 0
    outer loop
      vertex 34.8375 58.8375 100.25
      vertex 35.93 56.2 18.25
      vertex 35.93 56.2 100.25
    endloop
  endfacet
  facet normal 0.923878 -0.382687 0
    outer loop
      vertex 28.47 56.2 100.25
      vertex 29.5625 58.8375 18.25
      vertex 29.5625 58.8375 100.25
    endloop
  endfacet
  facet normal 0.923878 -0.382687 0
    outer loop
      vertex 29.5625 58.8375 18.25
      vertex 28.47 56.2 100.25
      vertex 28.47 56.2 18.25
    endloop
  endfacet
  facet normal 0 0 1
    outer loop
      vertex 34.8375 58.8375 18.25
      vertex 34.8375 53.5625 18.25
      vertex 35.93 56.2 18.25
    endloop
  endfacet
  facet normal 0 0 1
    outer loop
      vertex 32.2 59.93 18.25
      vertex 34.8375 53.5625 18.25
      vertex 34.8375 58.8375 18.25
    endloop
  endfacet
  facet normal 0 0 1
    outer loop
      vertex 32.2 59.93 18.25
      vertex 32.2 52.47 18.25
      vertex 34.8375 53.5625 18.25
    endloop
  endfacet
  facet normal -0 0 1
    outer loop
      vertex 29.5625 58.8375 18.25
      vertex 32.2 52.47 18.25
      vertex 32.2 59.93 18.25
    endloop
  endfacet
  facet normal 0 0 1
    outer loop
      vertex 29.5625 58.8375 18.25
      vertex 29.5625 53.5625 18.25
      vertex 32.2 52.47 18.25
    endloop
  endfacet
  facet normal 0 -0 1
    outer loop
      vertex 29.5625 53.5625 18.25
      vertex 29.5625 58.8375 18.25
      vertex 28.47 56.2 18.25
    endloop
  endfacet
  facet normal 0.382687 -0.923878 0
    outer loop
      vertex 29.5625 58.8375 18.25
      vertex 32.2 59.93 100.25
      vertex 29.5625 58.8375 100.25
    endloop
  endfacet
  facet normal 0.382687 -0.923878 0
    outer loop
      vertex 32.2 59.93 100.25
      vertex 29.5625 58.8375 18.25
      vertex 32.2 59.93 18.25
    endloop
  endfacet
  facet normal -0.382687 -0.923878 0
    outer loop
      vertex 32.2 59.93 18.25
      vertex 34.8375 58.8375 100.25
      vertex 32.2 59.93 100.25
    endloop
  endfacet
  facet normal -0.382687 -0.923878 -0
    outer loop
      vertex 34.8375 58.8375 100.25
      vertex 32.2 59.93 18.25
      vertex 34.8375 58.8375 18.25
    endloop
  endfacet
  facet normal -0.382687 0.923878 0
    outer loop
      vertex 34.8375 53.5625 18.25
      vertex 32.2 52.47 100.25
      vertex 34.8375 53.5625 100.25
    endloop
  endfacet
  facet normal -0.382687 0.923878 0
    outer loop
      vertex 32.2 52.47 100.25
      vertex 34.8375 53.5625 18.25
      vertex 32.2 52.47 18.25
    endloop
  endfacet
  facet normal 0.923878 0.382687 0
    outer loop
      vertex 29.5625 53.5625 100.25
      vertex 28.47 56.2 18.25
      vertex 28.47 56.2 100.25
    endloop
  endfacet
  facet normal 0.923878 0.382687 0
    outer loop
      vertex 28.47 56.2 18.25
      vertex 29.5625 53.5625 100.25
      vertex 29.5625 53.5625 18.25
    endloop
  endfacet
  facet normal -0.923878 0.382687 0
    outer loop
      vertex 34.8375 53.5625 18.25
      vertex 35.93 56.2 100.25
      vertex 35.93 56.2 18.25
    endloop
  endfacet
  facet normal -0.923878 0.382687 0
    outer loop
      vertex 35.93 56.2 100.25
      vertex 34.8375 53.5625 18.25
      vertex 34.8375 53.5625 100.25
    endloop
  endfacet
  facet normal 0.382687 0.923878 -0
    outer loop
      vertex 32.2 52.47 18.25
      vertex 29.5625 53.5625 100.25
      vertex 32.2 52.47 100.25
    endloop
  endfacet
  facet normal 0.382687 0.923878 0
    outer loop
      vertex 29.5625 53.5625 100.25
      vertex 32.2 52.47 18.25
      vertex 29.5625 53.5625 18.25
    endloop
  endfacet
  facet normal -0.923878 -0.382687 0
    outer loop
      vertex 35.93 65.2 18.25
      vertex 34.8375 67.8375 100.25
      vertex 34.8375 67.8375 18.25
    endloop
  endfacet
  facet normal -0.923878 -0.382687 0
    outer loop
      vertex 34.8375 67.8375 100.25
      vertex 35.93 65.2 18.25
      vertex 35.93 65.2 100.25
    endloop
  endfacet
  facet normal 0.923878 -0.382687 0
    outer loop
      vertex 28.47 65.2 100.25
      vertex 29.5625 67.8375 18.25
      vertex 29.5625 67.8375 100.25
    endloop
  endfacet
  facet normal 0.923878 -0.382687 0
    outer loop
      vertex 29.5625 67.8375 18.25
      vertex 28.47 65.2 100.25
      vertex 28.47 65.2 18.25
    endloop
  endfacet
  facet normal 0 0 1
    outer loop
      vertex 34.8375 67.8375 18.25
      vertex 34.8375 62.5625 18.25
      vertex 35.93 65.2 18.25
    endloop
  endfacet
  facet normal 0 0 1
    outer loop
      vertex 32.2 68.93 18.25
      vertex 34.8375 62.5625 18.25
      vertex 34.8375 67.8375 18.25
    endloop
  endfacet
  facet normal 0 0 1
    outer loop
      vertex 32.2 68.93 18.25
      vertex 32.2 61.47 18.25
      vertex 34.8375 62.5625 18.25
    endloop
  endfacet
  facet normal -0 0 1
    outer loop
      vertex 29.5625 67.8375 18.25
      vertex 32.2 61.47 18.25
      vertex 32.2 68.93 18.25
    endloop
  endfacet
  facet normal 0 0 1
    outer loop
      vertex 29.5625 67.8375 18.25
      vertex 29.5625 62.5625 18.25
      vertex 32.2 61.47 18.25
    endloop
  endfacet
  facet normal 0 -0 1
    outer loop
      vertex 29.5625 62.5625 18.25
      vertex 29.5625 67.8375 18.25
      vertex 28.47 65.2 18.25
    endloop
  endfacet
  facet normal 0.382687 -0.923878 0
    outer loop
      vertex 29.5625 67.8375 18.25
      vertex 32.2 68.93 100.25
      vertex 29.5625 67.8375 100.25
    endloop
  endfacet
  facet normal 0.382687 -0.923878 0
    outer loop
      vertex 32.2 68.93 100.25
      vertex 29.5625 67.8375 18.25
      vertex 32.2 68.93 18.25
    endloop
  endfacet
  facet normal -0.382687 -0.923878 0
    outer loop
      vertex 32.2 68.93 18.25
      vertex 34.8375 67.8375 100.25
      vertex 32.2 68.93 100.25
    endloop
  endfacet
  facet normal -0.382687 -0.923878 -0
    outer loop
      vertex 34.8375 67.8375 100.25
      vertex 32.2 68.93 18.25
      vertex 34.8375 67.8375 18.25
    endloop
  endfacet
  facet normal -0.382687 0.923878 0
    outer loop
      vertex 34.8375 62.5625 18.25
      vertex 32.2 61.47 100.25
      vertex 34.8375 62.5625 100.25
    endloop
  endfacet
  facet normal -0.382687 0.923878 0
    outer loop
      vertex 32.2 61.47 100.25
      vertex 34.8375 62.5625 18.25
      vertex 32.2 61.47 18.25
    endloop
  endfacet
  facet normal 0.923878 0.382687 0
    outer loop
      vertex 29.5625 62.5625 100.25
      vertex 28.47 65.2 18.25
      vertex 28.47 65.2 100.25
    endloop
  endfacet
  facet normal 0.923878 0.382687 0
    outer loop
      vertex 28.47 65.2 18.25
      vertex 29.5625 62.5625 100.25
      vertex 29.5625 62.5625 18.25
    endloop
  endfacet
  facet normal -0.923878 0.382687 0
    outer loop
      vertex 34.8375 62.5625 18.25
      vertex 35.93 65.2 100.25
      vertex 35.93 65.2 18.25
    endloop
  endfacet
  facet normal -0.923878 0.382687 0
    outer loop
      vertex 35.93 65.2 100.25
      vertex 34.8375 62.5625 18.25
      vertex 34.8375 62.5625 100.25
    endloop
  endfacet
  facet normal 0.382687 0.923878 -0
    outer loop
      vertex 32.2 61.47 18.25
      vertex 29.5625 62.5625 100.25
      vertex 32.2 61.47 100.25
    endloop
  endfacet
  facet normal 0.382687 0.923878 0
    outer loop
      vertex 29.5625 62.5625 100.25
      vertex 32.2 61.47 18.25
      vertex 29.5625 62.5625 18.25
    endloop
  endfacet
  facet normal -0.923878 -0.382687 0
    outer loop
      vertex 35.93 74.2 18.25
      vertex 34.8375 76.8375 100.25
      vertex 34.8375 76.8375 18.25
    endloop
  endfacet
  facet normal -0.923878 -0.382687 0
    outer loop
      vertex 34.8375 76.8375 100.25
      vertex 35.93 74.2 18.25
      vertex 35.93 74.2 100.25
    endloop
  endfacet
  facet normal 0.923878 -0.382687 0
    outer loop
      vertex 28.47 74.2 100.25
      vertex 29.5625 76.8375 18.25
      vertex 29.5625 76.8375 100.25
    endloop
  endfacet
  facet normal 0.923878 -0.382687 0
    outer loop
      vertex 29.5625 76.8375 18.25
      vertex 28.47 74.2 100.25
      vertex 28.47 74.2 18.25
    endloop
  endfacet
  facet normal 0 0 1
    outer loop
      vertex 34.8375 76.8375 18.25
      vertex 34.8375 71.5625 18.25
      vertex 35.93 74.2 18.25
    endloop
  endfacet
  facet normal 0 0 1
    outer loop
      vertex 32.2 77.93 18.25
      vertex 34.8375 71.5625 18.25
      vertex 34.8375 76.8375 18.25
    endloop
  endfacet
  facet normal 0 0 1
    outer loop
      vertex 32.2 77.93 18.25
      vertex 32.2 70.47 18.25
      vertex 34.8375 71.5625 18.25
    endloop
  endfacet
  facet normal -0 0 1
    outer loop
      vertex 29.5625 76.8375 18.25
      vertex 32.2 70.47 18.25
      vertex 32.2 77.93 18.25
    endloop
  endfacet
  facet normal 0 0 1
    outer loop
      vertex 29.5625 76.8375 18.25
      vertex 29.5625 71.5625 18.25
      vertex 32.2 70.47 18.25
    endloop
  endfacet
  facet normal 0 -0 1
    outer loop
      vertex 29.5625 71.5625 18.25
      vertex 29.5625 76.8375 18.25
      vertex 28.47 74.2 18.25
    endloop
  endfacet
  facet normal 0.382687 -0.923878 0
    outer loop
      vertex 29.5625 76.8375 18.25
      vertex 32.2 77.93 100.25
      vertex 29.5625 76.8375 100.25
    endloop
  endfacet
  facet normal 0.382687 -0.923878 0
    outer loop
      vertex 32.2 77.93 100.25
      vertex 29.5625 76.8375 18.25
      vertex 32.2 77.93 18.25
    endloop
  endfacet
  facet normal -0.382687 -0.923878 0
    outer loop
      vertex 32.2 77.93 18.25
      vertex 34.8375 76.8375 100.25
      vertex 32.2 77.93 100.25
    endloop
  endfacet
  facet normal -0.382687 -0.923878 -0
    outer loop
      vertex 34.8375 76.8375 100.25
      vertex 32.2 77.93 18.25
      vertex 34.8375 76.8375 18.25
    endloop
  endfacet
  facet normal -0.382687 0.923878 0
    outer loop
      vertex 34.8375 71.5625 18.25
      vertex 32.2 70.47 100.25
      vertex 34.8375 71.5625 100.25
    endloop
  endfacet
  facet normal -0.382687 0.923878 0
    outer loop
      vertex 32.2 70.47 100.25
      vertex 34.8375 71.5625 18.25
      vertex 32.2 70.47 18.25
    endloop
  endfacet
  facet normal 0.923878 0.382687 0
    outer loop
      vertex 29.5625 71.5625 100.25
      vertex 28.47 74.2 18.25
      vertex 28.47 74.2 100.25
    endloop
  endfacet
  facet normal 0.923878 0.382687 0
    outer loop
      vertex 28.47 74.2 18.25
      vertex 29.5625 71.5625 100.25
      vertex 29.5625 71.5625 18.25
    endloop
  endfacet
  facet normal -0.923878 0.382687 0
    outer loop
      vertex 34.8375 71.5625 18.25
      vertex 35.93 74.2 100.25
      vertex 35.93 74.2 18.25
    endloop
  endfacet
  facet normal -0.923878 0.382687 0
    outer loop
      vertex 35.93 74.2 100.25
      vertex 34.8375 71.5625 18.25
      vertex 34.8375 71.5625 100.25
    endloop
  endfacet
  facet normal 0.382687 0.923878 -0
    outer loop
      vertex 32.2 70.47 18.25
      vertex 29.5625 71.5625 100.25
      vertex 32.2 70.47 100.25
    endloop
  endfacet
  facet normal 0.382687 0.923878 0
    outer loop
      vertex 29.5625 71.5625 100.25
      vertex 32.2 70.47 18.25
      vertex 29.5625 71.5625 18.25
    endloop
  endfacet
  facet normal -0.923878 -0.382687 0
    outer loop
      vertex 44.93 11.2 18.25
      vertex 43.8375 13.8375 100.25
      vertex 43.8375 13.8375 18.25
    endloop
  endfacet
  facet normal -0.923878 -0.382687 0
    outer loop
      vertex 43.8375 13.8375 100.25
      vertex 44.93 11.2 18.25
      vertex 44.93 11.2 100.25
    endloop
  endfacet
  facet normal 0.923878 -0.382687 0
    outer loop
      vertex 37.47 11.2 100.25
      vertex 38.5625 13.8375 18.25
      vertex 38.5625 13.8375 100.25
    endloop
  endfacet
  facet normal 0.923878 -0.382687 0
    outer loop
      vertex 38.5625 13.8375 18.25
      vertex 37.47 11.2 100.25
      vertex 37.47 11.2 18.25
    endloop
  endfacet
  facet normal 0 0 1
    outer loop
      vertex 43.8375 13.8375 18.25
      vertex 43.8375 8.56249 18.25
      vertex 44.93 11.2 18.25
    endloop
  endfacet
  facet normal 0 0 1
    outer loop
      vertex 41.2 14.93 18.25
      vertex 43.8375 8.56249 18.25
      vertex 43.8375 13.8375 18.25
    endloop
  endfacet
  facet normal 0 0 1
    outer loop
      vertex 41.2 14.93 18.25
      vertex 41.2 7.47 18.25
      vertex 43.8375 8.56249 18.25
    endloop
  endfacet
  facet normal -0 0 1
    outer loop
      vertex 38.5625 13.8375 18.25
      vertex 41.2 7.47 18.25
      vertex 41.2 14.93 18.25
    endloop
  endfacet
  facet normal 0 0 1
    outer loop
      vertex 38.5625 13.8375 18.25
      vertex 38.5625 8.56249 18.25
      vertex 41.2 7.47 18.25
    endloop
  endfacet
  facet normal 0 -0 1
    outer loop
      vertex 38.5625 8.56249 18.25
      vertex 38.5625 13.8375 18.25
      vertex 37.47 11.2 18.25
    endloop
  endfacet
  facet normal 0.382687 -0.923878 0
    outer loop
      vertex 38.5625 13.8375 18.25
      vertex 41.2 14.93 100.25
      vertex 38.5625 13.8375 100.25
    endloop
  endfacet
  facet normal 0.382687 -0.923878 0
    outer loop
      vertex 41.2 14.93 100.25
      vertex 38.5625 13.8375 18.25
      vertex 41.2 14.93 18.25
    endloop
  endfacet
  facet normal -0.382687 -0.923878 0
    outer loop
      vertex 41.2 14.93 18.25
      vertex 43.8375 13.8375 100.25
      vertex 41.2 14.93 100.25
    endloop
  endfacet
  facet normal -0.382687 -0.923878 -0
    outer loop
      vertex 43.8375 13.8375 100.25
      vertex 41.2 14.93 18.25
      vertex 43.8375 13.8375 18.25
    endloop
  endfacet
  facet normal -0.382684 0.923879 0
    outer loop
      vertex 43.8375 8.56249 18.25
      vertex 41.2 7.47 100.25
      vertex 43.8375 8.56249 100.25
    endloop
  endfacet
  facet normal -0.382684 0.923879 0
    outer loop
      vertex 41.2 7.47 100.25
      vertex 43.8375 8.56249 18.25
      vertex 41.2 7.47 18.25
    endloop
  endfacet
  facet normal 0.923879 0.382686 0
    outer loop
      vertex 38.5625 8.56249 100.25
      vertex 37.47 11.2 18.25
      vertex 37.47 11.2 100.25
    endloop
  endfacet
  facet normal 0.923879 0.382686 0
    outer loop
      vertex 37.47 11.2 18.25
      vertex 38.5625 8.56249 100.25
      vertex 38.5625 8.56249 18.25
    endloop
  endfacet
  facet normal -0.923879 0.382686 0
    outer loop
      vertex 43.8375 8.56249 18.25
      vertex 44.93 11.2 100.25
      vertex 44.93 11.2 18.25
    endloop
  endfacet
  facet normal -0.923879 0.382686 0
    outer loop
      vertex 44.93 11.2 100.25
      vertex 43.8375 8.56249 18.25
      vertex 43.8375 8.56249 100.25
    endloop
  endfacet
  facet normal 0.382684 0.923879 -0
    outer loop
      vertex 41.2 7.47 18.25
      vertex 38.5625 8.56249 100.25
      vertex 41.2 7.47 100.25
    endloop
  endfacet
  facet normal 0.382684 0.923879 0
    outer loop
      vertex 38.5625 8.56249 100.25
      vertex 41.2 7.47 18.25
      vertex 38.5625 8.56249 18.25
    endloop
  endfacet
  facet normal -0.923878 -0.382687 0
    outer loop
      vertex 44.93 20.2 18.25
      vertex 43.8375 22.8375 100.25
      vertex 43.8375 22.8375 18.25
    endloop
  endfacet
  facet normal -0.923878 -0.382687 0
    outer loop
      vertex 43.8375 22.8375 100.25
      vertex 44.93 20.2 18.25
      vertex 44.93 20.2 100.25
    endloop
  endfacet
  facet normal 0.923878 -0.382687 0
    outer loop
      vertex 37.47 20.2 100.25
      vertex 38.5625 22.8375 18.25
      vertex 38.5625 22.8375 100.25
    endloop
  endfacet
  facet normal 0.923878 -0.382687 0
    outer loop
      vertex 38.5625 22.8375 18.25
      vertex 37.47 20.2 100.25
      vertex 37.47 20.2 18.25
    endloop
  endfacet
  facet normal 0 0 1
    outer loop
      vertex 43.8375 22.8375 18.25
      vertex 43.8375 17.5625 18.25
      vertex 44.93 20.2 18.25
    endloop
  endfacet
  facet normal 0 0 1
    outer loop
      vertex 41.2 23.93 18.25
      vertex 43.8375 17.5625 18.25
      vertex 43.8375 22.8375 18.25
    endloop
  endfacet
  facet normal 0 0 1
    outer loop
      vertex 41.2 23.93 18.25
      vertex 41.2 16.47 18.25
      vertex 43.8375 17.5625 18.25
    endloop
  endfacet
  facet normal -0 0 1
    outer loop
      vertex 38.5625 22.8375 18.25
      vertex 41.2 16.47 18.25
      vertex 41.2 23.93 18.25
    endloop
  endfacet
  facet normal 0 0 1
    outer loop
      vertex 38.5625 22.8375 18.25
      vertex 38.5625 17.5625 18.25
      vertex 41.2 16.47 18.25
    endloop
  endfacet
  facet normal 0 -0 1
    outer loop
      vertex 38.5625 17.5625 18.25
      vertex 38.5625 22.8375 18.25
      vertex 37.47 20.2 18.25
    endloop
  endfacet
  facet normal 0.382687 -0.923878 0
    outer loop
      vertex 38.5625 22.8375 18.25
      vertex 41.2 23.93 100.25
      vertex 38.5625 22.8375 100.25
    endloop
  endfacet
  facet normal 0.382687 -0.923878 0
    outer loop
      vertex 41.2 23.93 100.25
      vertex 38.5625 22.8375 18.25
      vertex 41.2 23.93 18.25
    endloop
  endfacet
  facet normal -0.382687 -0.923878 0
    outer loop
      vertex 41.2 23.93 18.25
      vertex 43.8375 22.8375 100.25
      vertex 41.2 23.93 100.25
    endloop
  endfacet
  facet normal -0.382687 -0.923878 -0
    outer loop
      vertex 43.8375 22.8375 100.25
      vertex 41.2 23.93 18.25
      vertex 43.8375 22.8375 18.25
    endloop
  endfacet
  facet normal -0.382687 0.923878 0
    outer loop
      vertex 43.8375 17.5625 18.25
      vertex 41.2 16.47 100.25
      vertex 43.8375 17.5625 100.25
    endloop
  endfacet
  facet normal -0.382687 0.923878 0
    outer loop
      vertex 41.2 16.47 100.25
      vertex 43.8375 17.5625 18.25
      vertex 41.2 16.47 18.25
    endloop
  endfacet
  facet normal 0.923878 0.382687 0
    outer loop
      vertex 38.5625 17.5625 100.25
      vertex 37.47 20.2 18.25
      vertex 37.47 20.2 100.25
    endloop
  endfacet
  facet normal 0.923878 0.382687 0
    outer loop
      vertex 37.47 20.2 18.25
      vertex 38.5625 17.5625 100.25
      vertex 38.5625 17.5625 18.25
    endloop
  endfacet
  facet normal -0.923878 0.382687 0
    outer loop
      vertex 43.8375 17.5625 18.25
      vertex 44.93 20.2 100.25
      vertex 44.93 20.2 18.25
    endloop
  endfacet
  facet normal -0.923878 0.382687 0
    outer loop
      vertex 44.93 20.2 100.25
      vertex 43.8375 17.5625 18.25
      vertex 43.8375 17.5625 100.25
    endloop
  endfacet
  facet normal 0.382687 0.923878 -0
    outer loop
      vertex 41.2 16.47 18.25
      vertex 38.5625 17.5625 100.25
      vertex 41.2 16.47 100.25
    endloop
  endfacet
  facet normal 0.382687 0.923878 0
    outer loop
      vertex 38.5625 17.5625 100.25
      vertex 41.2 16.47 18.25
      vertex 38.5625 17.5625 18.25
    endloop
  endfacet
  facet normal -0.923878 -0.382687 0
    outer loop
      vertex 44.93 29.2 18.25
      vertex 43.8375 31.8375 100.25
      vertex 43.8375 31.8375 18.25
    endloop
  endfacet
  facet normal -0.923878 -0.382687 0
    outer loop
      vertex 43.8375 31.8375 100.25
      vertex 44.93 29.2 18.25
      vertex 44.93 29.2 100.25
    endloop
  endfacet
  facet normal 0.923878 -0.382687 0
    outer loop
      vertex 37.47 29.2 100.25
      vertex 38.5625 31.8375 18.25
      vertex 38.5625 31.8375 100.25
    endloop
  endfacet
  facet normal 0.923878 -0.382687 0
    outer loop
      vertex 38.5625 31.8375 18.25
      vertex 37.47 29.2 100.25
      vertex 37.47 29.2 18.25
    endloop
  endfacet
  facet normal 0 0 1
    outer loop
      vertex 43.8375 31.8375 18.25
      vertex 43.8375 26.5625 18.25
      vertex 44.93 29.2 18.25
    endloop
  endfacet
  facet normal 0 0 1
    outer loop
      vertex 41.2 32.93 18.25
      vertex 43.8375 26.5625 18.25
      vertex 43.8375 31.8375 18.25
    endloop
  endfacet
  facet normal 0 0 1
    outer loop
      vertex 41.2 32.93 18.25
      vertex 41.2 25.47 18.25
      vertex 43.8375 26.5625 18.25
    endloop
  endfacet
  facet normal -0 0 1
    outer loop
      vertex 38.5625 31.8375 18.25
      vertex 41.2 25.47 18.25
      vertex 41.2 32.93 18.25
    endloop
  endfacet
  facet normal 0 0 1
    outer loop
      vertex 38.5625 31.8375 18.25
      vertex 38.5625 26.5625 18.25
      vertex 41.2 25.47 18.25
    endloop
  endfacet
  facet normal 0 -0 1
    outer loop
      vertex 38.5625 26.5625 18.25
      vertex 38.5625 31.8375 18.25
      vertex 37.47 29.2 18.25
    endloop
  endfacet
  facet normal 0.382687 -0.923878 0
    outer loop
      vertex 38.5625 31.8375 18.25
      vertex 41.2 32.93 100.25
      vertex 38.5625 31.8375 100.25
    endloop
  endfacet
  facet normal 0.382687 -0.923878 0
    outer loop
      vertex 41.2 32.93 100.25
      vertex 38.5625 31.8375 18.25
      vertex 41.2 32.93 18.25
    endloop
  endfacet
  facet normal -0.382687 -0.923878 0
    outer loop
      vertex 41.2 32.93 18.25
      vertex 43.8375 31.8375 100.25
      vertex 41.2 32.93 100.25
    endloop
  endfacet
  facet normal -0.382687 -0.923878 -0
    outer loop
      vertex 43.8375 31.8375 100.25
      vertex 41.2 32.93 18.25
      vertex 43.8375 31.8375 18.25
    endloop
  endfacet
  facet normal -0.382687 0.923878 0
    outer loop
      vertex 43.8375 26.5625 18.25
      vertex 41.2 25.47 100.25
      vertex 43.8375 26.5625 100.25
    endloop
  endfacet
  facet normal -0.382687 0.923878 0
    outer loop
      vertex 41.2 25.47 100.25
      vertex 43.8375 26.5625 18.25
      vertex 41.2 25.47 18.25
    endloop
  endfacet
  facet normal 0.923878 0.382687 0
    outer loop
      vertex 38.5625 26.5625 100.25
      vertex 37.47 29.2 18.25
      vertex 37.47 29.2 100.25
    endloop
  endfacet
  facet normal 0.923878 0.382687 0
    outer loop
      vertex 37.47 29.2 18.25
      vertex 38.5625 26.5625 100.25
      vertex 38.5625 26.5625 18.25
    endloop
  endfacet
  facet normal -0.923878 0.382687 0
    outer loop
      vertex 43.8375 26.5625 18.25
      vertex 44.93 29.2 100.25
      vertex 44.93 29.2 18.25
    endloop
  endfacet
  facet normal -0.923878 0.382687 0
    outer loop
      vertex 44.93 29.2 100.25
      vertex 43.8375 26.5625 18.25
      vertex 43.8375 26.5625 100.25
    endloop
  endfacet
  facet normal 0.382687 0.923878 -0
    outer loop
      vertex 41.2 25.47 18.25
      vertex 38.5625 26.5625 100.25
      vertex 41.2 25.47 100.25
    endloop
  endfacet
  facet normal 0.382687 0.923878 0
    outer loop
      vertex 38.5625 26.5625 100.25
      vertex 41.2 25.47 18.25
      vertex 38.5625 26.5625 18.25
    endloop
  endfacet
  facet normal -0.923878 -0.382687 0
    outer loop
      vertex 44.93 38.2 18.25
      vertex 43.8375 40.8375 100.25
      vertex 43.8375 40.8375 18.25
    endloop
  endfacet
  facet normal -0.923878 -0.382687 0
    outer loop
      vertex 43.8375 40.8375 100.25
      vertex 44.93 38.2 18.25
      vertex 44.93 38.2 100.25
    endloop
  endfacet
  facet normal 0.923878 -0.382687 0
    outer loop
      vertex 37.47 38.2 100.25
      vertex 38.5625 40.8375 18.25
      vertex 38.5625 40.8375 100.25
    endloop
  endfacet
  facet normal 0.923878 -0.382687 0
    outer loop
      vertex 38.5625 40.8375 18.25
      vertex 37.47 38.2 100.25
      vertex 37.47 38.2 18.25
    endloop
  endfacet
  facet normal 0 0 1
    outer loop
      vertex 43.8375 40.8375 18.25
      vertex 43.8375 35.5625 18.25
      vertex 44.93 38.2 18.25
    endloop
  endfacet
  facet normal 0 0 1
    outer loop
      vertex 41.2 41.93 18.25
      vertex 43.8375 35.5625 18.25
      vertex 43.8375 40.8375 18.25
    endloop
  endfacet
  facet normal 0 0 1
    outer loop
      vertex 41.2 41.93 18.25
      vertex 41.2 34.47 18.25
      vertex 43.8375 35.5625 18.25
    endloop
  endfacet
  facet normal -0 0 1
    outer loop
      vertex 38.5625 40.8375 18.25
      vertex 41.2 34.47 18.25
      vertex 41.2 41.93 18.25
    endloop
  endfacet
  facet normal 0 0 1
    outer loop
      vertex 38.5625 40.8375 18.25
      vertex 38.5625 35.5625 18.25
      vertex 41.2 34.47 18.25
    endloop
  endfacet
  facet normal 0 -0 1
    outer loop
      vertex 38.5625 35.5625 18.25
      vertex 38.5625 40.8375 18.25
      vertex 37.47 38.2 18.25
    endloop
  endfacet
  facet normal 0.382687 -0.923878 0
    outer loop
      vertex 38.5625 40.8375 18.25
      vertex 41.2 41.93 100.25
      vertex 38.5625 40.8375 100.25
    endloop
  endfacet
  facet normal 0.382687 -0.923878 0
    outer loop
      vertex 41.2 41.93 100.25
      vertex 38.5625 40.8375 18.25
      vertex 41.2 41.93 18.25
    endloop
  endfacet
  facet normal -0.382687 -0.923878 0
    outer loop
      vertex 41.2 41.93 18.25
      vertex 43.8375 40.8375 100.25
      vertex 41.2 41.93 100.25
    endloop
  endfacet
  facet normal -0.382687 -0.923878 -0
    outer loop
      vertex 43.8375 40.8375 100.25
      vertex 41.2 41.93 18.25
      vertex 43.8375 40.8375 18.25
    endloop
  endfacet
  facet normal -0.382687 0.923878 0
    outer loop
      vertex 43.8375 35.5625 18.25
      vertex 41.2 34.47 100.25
      vertex 43.8375 35.5625 100.25
    endloop
  endfacet
  facet normal -0.382687 0.923878 0
    outer loop
      vertex 41.2 34.47 100.25
      vertex 43.8375 35.5625 18.25
      vertex 41.2 34.47 18.25
    endloop
  endfacet
  facet normal 0.923878 0.382687 0
    outer loop
      vertex 38.5625 35.5625 100.25
      vertex 37.47 38.2 18.25
      vertex 37.47 38.2 100.25
    endloop
  endfacet
  facet normal 0.923878 0.382687 0
    outer loop
      vertex 37.47 38.2 18.25
      vertex 38.5625 35.5625 100.25
      vertex 38.5625 35.5625 18.25
    endloop
  endfacet
  facet normal -0.923878 0.382687 0
    outer loop
      vertex 43.8375 35.5625 18.25
      vertex 44.93 38.2 100.25
      vertex 44.93 38.2 18.25
    endloop
  endfacet
  facet normal -0.923878 0.382687 0
    outer loop
      vertex 44.93 38.2 100.25
      vertex 43.8375 35.5625 18.25
      vertex 43.8375 35.5625 100.25
    endloop
  endfacet
  facet normal 0.382687 0.923878 -0
    outer loop
      vertex 41.2 34.47 18.25
      vertex 38.5625 35.5625 100.25
      vertex 41.2 34.47 100.25
    endloop
  endfacet
  facet normal 0.382687 0.923878 0
    outer loop
      vertex 38.5625 35.5625 100.25
      vertex 41.2 34.47 18.25
      vertex 38.5625 35.5625 18.25
    endloop
  endfacet
  facet normal -0.923878 -0.382687 0
    outer loop
      vertex 44.93 47.2 18.25
      vertex 43.8375 49.8375 100.25
      vertex 43.8375 49.8375 18.25
    endloop
  endfacet
  facet normal -0.923878 -0.382687 0
    outer loop
      vertex 43.8375 49.8375 100.25
      vertex 44.93 47.2 18.25
      vertex 44.93 47.2 100.25
    endloop
  endfacet
  facet normal 0.923878 -0.382687 0
    outer loop
      vertex 37.47 47.2 100.25
      vertex 38.5625 49.8375 18.25
      vertex 38.5625 49.8375 100.25
    endloop
  endfacet
  facet normal 0.923878 -0.382687 0
    outer loop
      vertex 38.5625 49.8375 18.25
      vertex 37.47 47.2 100.25
      vertex 37.47 47.2 18.25
    endloop
  endfacet
  facet normal 0 0 1
    outer loop
      vertex 43.8375 49.8375 18.25
      vertex 43.8375 44.5625 18.25
      vertex 44.93 47.2 18.25
    endloop
  endfacet
  facet normal 0 0 1
    outer loop
      vertex 41.2 50.93 18.25
      vertex 43.8375 44.5625 18.25
      vertex 43.8375 49.8375 18.25
    endloop
  endfacet
  facet normal 0 0 1
    outer loop
      vertex 41.2 50.93 18.25
      vertex 41.2 43.47 18.25
      vertex 43.8375 44.5625 18.25
    endloop
  endfacet
  facet normal -0 0 1
    outer loop
      vertex 38.5625 49.8375 18.25
      vertex 41.2 43.47 18.25
      vertex 41.2 50.93 18.25
    endloop
  endfacet
  facet normal 0 0 1
    outer loop
      vertex 38.5625 49.8375 18.25
      vertex 38.5625 44.5625 18.25
      vertex 41.2 43.47 18.25
    endloop
  endfacet
  facet normal 0 -0 1
    outer loop
      vertex 38.5625 44.5625 18.25
      vertex 38.5625 49.8375 18.25
      vertex 37.47 47.2 18.25
    endloop
  endfacet
  facet normal 0.382687 -0.923878 0
    outer loop
      vertex 38.5625 49.8375 18.25
      vertex 41.2 50.93 100.25
      vertex 38.5625 49.8375 100.25
    endloop
  endfacet
  facet normal 0.382687 -0.923878 0
    outer loop
      vertex 41.2 50.93 100.25
      vertex 38.5625 49.8375 18.25
      vertex 41.2 50.93 18.25
    endloop
  endfacet
  facet normal -0.382687 -0.923878 0
    outer loop
      vertex 41.2 50.93 18.25
      vertex 43.8375 49.8375 100.25
      vertex 41.2 50.93 100.25
    endloop
  endfacet
  facet normal -0.382687 -0.923878 -0
    outer loop
      vertex 43.8375 49.8375 100.25
      vertex 41.2 50.93 18.25
      vertex 43.8375 49.8375 18.25
    endloop
  endfacet
  facet normal -0.382687 0.923878 0
    outer loop
      vertex 43.8375 44.5625 18.25
      vertex 41.2 43.47 100.25
      vertex 43.8375 44.5625 100.25
    endloop
  endfacet
  facet normal -0.382687 0.923878 0
    outer loop
      vertex 41.2 43.47 100.25
      vertex 43.8375 44.5625 18.25
      vertex 41.2 43.47 18.25
    endloop
  endfacet
  facet normal 0.923878 0.382687 0
    outer loop
      vertex 38.5625 44.5625 100.25
      vertex 37.47 47.2 18.25
      vertex 37.47 47.2 100.25
    endloop
  endfacet
  facet normal 0.923878 0.382687 0
    outer loop
      vertex 37.47 47.2 18.25
      vertex 38.5625 44.5625 100.25
      vertex 38.5625 44.5625 18.25
    endloop
  endfacet
  facet normal -0.923878 0.382687 0
    outer loop
      vertex 43.8375 44.5625 18.25
      vertex 44.93 47.2 100.25
      vertex 44.93 47.2 18.25
    endloop
  endfacet
  facet normal -0.923878 0.382687 0
    outer loop
      vertex 44.93 47.2 100.25
      vertex 43.8375 44.5625 18.25
      vertex 43.8375 44.5625 100.25
    endloop
  endfacet
  facet normal 0.382687 0.923878 -0
    outer loop
      vertex 41.2 43.47 18.25
      vertex 38.5625 44.5625 100.25
      vertex 41.2 43.47 100.25
    endloop
  endfacet
  facet normal 0.382687 0.923878 0
    outer loop
      vertex 38.5625 44.5625 100.25
      vertex 41.2 43.47 18.25
      vertex 38.5625 44.5625 18.25
    endloop
  endfacet
  facet normal -0.923878 -0.382687 0
    outer loop
      vertex 44.93 56.2 18.25
      vertex 43.8375 58.8375 100.25
      vertex 43.8375 58.8375 18.25
    endloop
  endfacet
  facet normal -0.923878 -0.382687 0
    outer loop
      vertex 43.8375 58.8375 100.25
      vertex 44.93 56.2 18.25
      vertex 44.93 56.2 100.25
    endloop
  endfacet
  facet normal 0.923878 -0.382687 0
    outer loop
      vertex 37.47 56.2 100.25
      vertex 38.5625 58.8375 18.25
      vertex 38.5625 58.8375 100.25
    endloop
  endfacet
  facet normal 0.923878 -0.382687 0
    outer loop
      vertex 38.5625 58.8375 18.25
      vertex 37.47 56.2 100.25
      vertex 37.47 56.2 18.25
    endloop
  endfacet
  facet normal 0 0 1
    outer loop
      vertex 43.8375 58.8375 18.25
      vertex 43.8375 53.5625 18.25
      vertex 44.93 56.2 18.25
    endloop
  endfacet
  facet normal 0 0 1
    outer loop
      vertex 41.2 59.93 18.25
      vertex 43.8375 53.5625 18.25
      vertex 43.8375 58.8375 18.25
    endloop
  endfacet
  facet normal 0 0 1
    outer loop
      vertex 41.2 59.93 18.25
      vertex 41.2 52.47 18.25
      vertex 43.8375 53.5625 18.25
    endloop
  endfacet
  facet normal -0 0 1
    outer loop
      vertex 38.5625 58.8375 18.25
      vertex 41.2 52.47 18.25
      vertex 41.2 59.93 18.25
    endloop
  endfacet
  facet normal 0 0 1
    outer loop
      vertex 38.5625 58.8375 18.25
      vertex 38.5625 53.5625 18.25
      vertex 41.2 52.47 18.25
    endloop
  endfacet
  facet normal 0 -0 1
    outer loop
      vertex 38.5625 53.5625 18.25
      vertex 38.5625 58.8375 18.25
      vertex 37.47 56.2 18.25
    endloop
  endfacet
  facet normal 0.382687 -0.923878 0
    outer loop
      vertex 38.5625 58.8375 18.25
      vertex 41.2 59.93 100.25
      vertex 38.5625 58.8375 100.25
    endloop
  endfacet
  facet normal 0.382687 -0.923878 0
    outer loop
      vertex 41.2 59.93 100.25
      vertex 38.5625 58.8375 18.25
      vertex 41.2 59.93 18.25
    endloop
  endfacet
  facet normal -0.382687 -0.923878 0
    outer loop
      vertex 41.2 59.93 18.25
      vertex 43.8375 58.8375 100.25
      vertex 41.2 59.93 100.25
    endloop
  endfacet
  facet normal -0.382687 -0.923878 -0
    outer loop
      vertex 43.8375 58.8375 100.25
      vertex 41.2 59.93 18.25
      vertex 43.8375 58.8375 18.25
    endloop
  endfacet
  facet normal -0.382687 0.923878 0
    outer loop
      vertex 43.8375 53.5625 18.25
      vertex 41.2 52.47 100.25
      vertex 43.8375 53.5625 100.25
    endloop
  endfacet
  facet normal -0.382687 0.923878 0
    outer loop
      vertex 41.2 52.47 100.25
      vertex 43.8375 53.5625 18.25
      vertex 41.2 52.47 18.25
    endloop
  endfacet
  facet normal 0.923878 0.382687 0
    outer loop
      vertex 38.5625 53.5625 100.25
      vertex 37.47 56.2 18.25
      vertex 37.47 56.2 100.25
    endloop
  endfacet
  facet normal 0.923878 0.382687 0
    outer loop
      vertex 37.47 56.2 18.25
      vertex 38.5625 53.5625 100.25
      vertex 38.5625 53.5625 18.25
    endloop
  endfacet
  facet normal -0.923878 0.382687 0
    outer loop
      vertex 43.8375 53.5625 18.25
      vertex 44.93 56.2 100.25
      vertex 44.93 56.2 18.25
    endloop
  endfacet
  facet normal -0.923878 0.382687 0
    outer loop
      vertex 44.93 56.2 100.25
      vertex 43.8375 53.5625 18.25
      vertex 43.8375 53.5625 100.25
    endloop
  endfacet
  facet normal 0.382687 0.923878 -0
    outer loop
      vertex 41.2 52.47 18.25
      vertex 38.5625 53.5625 100.25
      vertex 41.2 52.47 100.25
    endloop
  endfacet
  facet normal 0.382687 0.923878 0
    outer loop
      vertex 38.5625 53.5625 100.25
      vertex 41.2 52.47 18.25
      vertex 38.5625 53.5625 18.25
    endloop
  endfacet
  facet normal -0.923878 -0.382687 0
    outer loop
      vertex 44.93 65.2 18.25
      vertex 43.8375 67.8375 100.25
      vertex 43.8375 67.8375 18.25
    endloop
  endfacet
  facet normal -0.923878 -0.382687 0
    outer loop
      vertex 43.8375 67.8375 100.25
      vertex 44.93 65.2 18.25
      vertex 44.93 65.2 100.25
    endloop
  endfacet
  facet normal 0.923878 -0.382687 0
    outer loop
      vertex 37.47 65.2 100.25
      vertex 38.5625 67.8375 18.25
      vertex 38.5625 67.8375 100.25
    endloop
  endfacet
  facet normal 0.923878 -0.382687 0
    outer loop
      vertex 38.5625 67.8375 18.25
      vertex 37.47 65.2 100.25
      vertex 37.47 65.2 18.25
    endloop
  endfacet
  facet normal 0 0 1
    outer loop
      vertex 43.8375 67.8375 18.25
      vertex 43.8375 62.5625 18.25
      vertex 44.93 65.2 18.25
    endloop
  endfacet
  facet normal 0 0 1
    outer loop
      vertex 41.2 68.93 18.25
      vertex 43.8375 62.5625 18.25
      vertex 43.8375 67.8375 18.25
    endloop
  endfacet
  facet normal 0 0 1
    outer loop
      vertex 41.2 68.93 18.25
      vertex 41.2 61.47 18.25
      vertex 43.8375 62.5625 18.25
    endloop
  endfacet
  facet normal -0 0 1
    outer loop
      vertex 38.5625 67.8375 18.25
      vertex 41.2 61.47 18.25
      vertex 41.2 68.93 18.25
    endloop
  endfacet
  facet normal 0 0 1
    outer loop
      vertex 38.5625 67.8375 18.25
      vertex 38.5625 62.5625 18.25
      vertex 41.2 61.47 18.25
    endloop
  endfacet
  facet normal 0 -0 1
    outer loop
      vertex 38.5625 62.5625 18.25
      vertex 38.5625 67.8375 18.25
      vertex 37.47 65.2 18.25
    endloop
  endfacet
  facet normal 0.382687 -0.923878 0
    outer loop
      vertex 38.5625 67.8375 18.25
      vertex 41.2 68.93 100.25
      vertex 38.5625 67.8375 100.25
    endloop
  endfacet
  facet normal 0.382687 -0.923878 0
    outer loop
      vertex 41.2 68.93 100.25
      vertex 38.5625 67.8375 18.25
      vertex 41.2 68.93 18.25
    endloop
  endfacet
  facet normal -0.382687 -0.923878 0
    outer loop
      vertex 41.2 68.93 18.25
      vertex 43.8375 67.8375 100.25
      vertex 41.2 68.93 100.25
    endloop
  endfacet
  facet normal -0.382687 -0.923878 -0
    outer loop
      vertex 43.8375 67.8375 100.25
      vertex 41.2 68.93 18.25
      vertex 43.8375 67.8375 18.25
    endloop
  endfacet
  facet normal -0.382687 0.923878 0
    outer loop
      vertex 43.8375 62.5625 18.25
      vertex 41.2 61.47 100.25
      vertex 43.8375 62.5625 100.25
    endloop
  endfacet
  facet normal -0.382687 0.923878 0
    outer loop
      vertex 41.2 61.47 100.25
      vertex 43.8375 62.5625 18.25
      vertex 41.2 61.47 18.25
    endloop
  endfacet
  facet normal 0.923878 0.382687 0
    outer loop
      vertex 38.5625 62.5625 100.25
      vertex 37.47 65.2 18.25
      vertex 37.47 65.2 100.25
    endloop
  endfacet
  facet normal 0.923878 0.382687 0
    outer loop
      vertex 37.47 65.2 18.25
      vertex 38.5625 62.5625 100.25
      vertex 38.5625 62.5625 18.25
    endloop
  endfacet
  facet normal -0.923878 0.382687 0
    outer loop
      vertex 43.8375 62.5625 18.25
      vertex 44.93 65.2 100.25
      vertex 44.93 65.2 18.25
    endloop
  endfacet
  facet normal -0.923878 0.382687 0
    outer loop
      vertex 44.93 65.2 100.25
      vertex 43.8375 62.5625 18.25
      vertex 43.8375 62.5625 100.25
    endloop
  endfacet
  facet normal 0.382687 0.923878 -0
    outer loop
      vertex 41.2 61.47 18.25
      vertex 38.5625 62.5625 100.25
      vertex 41.2 61.47 100.25
    endloop
  endfacet
  facet normal 0.382687 0.923878 0
    outer loop
      vertex 38.5625 62.5625 100.25
      vertex 41.2 61.47 18.25
      vertex 38.5625 62.5625 18.25
    endloop
  endfacet
  facet normal -0.923878 -0.382687 0
    outer loop
      vertex 44.93 74.2 18.25
      vertex 43.8375 76.8375 100.25
      vertex 43.8375 76.8375 18.25
    endloop
  endfacet
  facet normal -0.923878 -0.382687 0
    outer loop
      vertex 43.8375 76.8375 100.25
      vertex 44.93 74.2 18.25
      vertex 44.93 74.2 100.25
    endloop
  endfacet
  facet normal 0.923878 -0.382687 0
    outer loop
      vertex 37.47 74.2 100.25
      vertex 38.5625 76.8375 18.25
      vertex 38.5625 76.8375 100.25
    endloop
  endfacet
  facet normal 0.923878 -0.382687 0
    outer loop
      vertex 38.5625 76.8375 18.25
      vertex 37.47 74.2 100.25
      vertex 37.47 74.2 18.25
    endloop
  endfacet
  facet normal 0 0 1
    outer loop
      vertex 43.8375 76.8375 18.25
      vertex 43.8375 71.5625 18.25
      vertex 44.93 74.2 18.25
    endloop
  endfacet
  facet normal 0 0 1
    outer loop
      vertex 41.2 77.93 18.25
      vertex 43.8375 71.5625 18.25
      vertex 43.8375 76.8375 18.25
    endloop
  endfacet
  facet normal 0 0 1
    outer loop
      vertex 41.2 77.93 18.25
      vertex 41.2 70.47 18.25
      vertex 43.8375 71.5625 18.25
    endloop
  endfacet
  facet normal -0 0 1
    outer loop
      vertex 38.5625 76.8375 18.25
      vertex 41.2 70.47 18.25
      vertex 41.2 77.93 18.25
    endloop
  endfacet
  facet normal 0 0 1
    outer loop
      vertex 38.5625 76.8375 18.25
      vertex 38.5625 71.5625 18.25
      vertex 41.2 70.47 18.25
    endloop
  endfacet
  facet normal 0 -0 1
    outer loop
      vertex 38.5625 71.5625 18.25
      vertex 38.5625 76.8375 18.25
      vertex 37.47 74.2 18.25
    endloop
  endfacet
  facet normal 0.382687 -0.923878 0
    outer loop
      vertex 38.5625 76.8375 18.25
      vertex 41.2 77.93 100.25
      vertex 38.5625 76.8375 100.25
    endloop
  endfacet
  facet normal 0.382687 -0.923878 0
    outer loop
      vertex 41.2 77.93 100.25
      vertex 38.5625 76.8375 18.25
      vertex 41.2 77.93 18.25
    endloop
  endfacet
  facet normal -0.382687 -0.923878 0
    outer loop
      vertex 41.2 77.93 18.25
      vertex 43.8375 76.8375 100.25
      vertex 41.2 77.93 100.25
    endloop
  endfacet
  facet normal -0.382687 -0.923878 -0
    outer loop
      vertex 43.8375 76.8375 100.25
      vertex 41.2 77.93 18.25
      vertex 43.8375 76.8375 18.25
    endloop
  endfacet
  facet normal -0.382687 0.923878 0
    outer loop
      vertex 43.8375 71.5625 18.25
      vertex 41.2 70.47 100.25
      vertex 43.8375 71.5625 100.25
    endloop
  endfacet
  facet normal -0.382687 0.923878 0
    outer loop
      vertex 41.2 70.47 100.25
      vertex 43.8375 71.5625 18.25
      vertex 41.2 70.47 18.25
    endloop
  endfacet
  facet normal 0.923878 0.382687 0
    outer loop
      vertex 38.5625 71.5625 100.25
      vertex 37.47 74.2 18.25
      vertex 37.47 74.2 100.25
    endloop
  endfacet
  facet normal 0.923878 0.382687 0
    outer loop
      vertex 37.47 74.2 18.25
      vertex 38.5625 71.5625 100.25
      vertex 38.5625 71.5625 18.25
    endloop
  endfacet
  facet normal -0.923878 0.382687 0
    outer loop
      vertex 43.8375 71.5625 18.25
      vertex 44.93 74.2 100.25
      vertex 44.93 74.2 18.25
    endloop
  endfacet
  facet normal -0.923878 0.382687 0
    outer loop
      vertex 44.93 74.2 100.25
      vertex 43.8375 71.5625 18.25
      vertex 43.8375 71.5625 100.25
    endloop
  endfacet
  facet normal 0.382687 0.923878 -0
    outer loop
      vertex 41.2 70.47 18.25
      vertex 38.5625 71.5625 100.25
      vertex 41.2 70.47 100.25
    endloop
  endfacet
  facet normal 0.382687 0.923878 0
    outer loop
      vertex 38.5625 71.5625 100.25
      vertex 41.2 70.47 18.25
      vertex 38.5625 71.5625 18.25
    endloop
  endfacet
  facet normal -0.923878 -0.382687 0
    outer loop
      vertex 53.93 11.2 18.25
      vertex 52.8375 13.8375 100.25
      vertex 52.8375 13.8375 18.25
    endloop
  endfacet
  facet normal -0.923878 -0.382687 0
    outer loop
      vertex 52.8375 13.8375 100.25
      vertex 53.93 11.2 18.25
      vertex 53.93 11.2 100.25
    endloop
  endfacet
  facet normal 0.923878 -0.382687 0
    outer loop
      vertex 46.47 11.2 100.25
      vertex 47.5625 13.8375 18.25
      vertex 47.5625 13.8375 100.25
    endloop
  endfacet
  facet normal 0.923878 -0.382687 0
    outer loop
      vertex 47.5625 13.8375 18.25
      vertex 46.47 11.2 100.25
      vertex 46.47 11.2 18.25
    endloop
  endfacet
  facet normal 0 0 1
    outer loop
      vertex 52.8375 13.8375 18.25
      vertex 52.8375 8.56249 18.25
      vertex 53.93 11.2 18.25
    endloop
  endfacet
  facet normal 0 0 1
    outer loop
      vertex 50.2 14.93 18.25
      vertex 52.8375 8.56249 18.25
      vertex 52.8375 13.8375 18.25
    endloop
  endfacet
  facet normal 0 0 1
    outer loop
      vertex 50.2 14.93 18.25
      vertex 50.2 7.47 18.25
      vertex 52.8375 8.56249 18.25
    endloop
  endfacet
  facet normal -0 0 1
    outer loop
      vertex 47.5625 13.8375 18.25
      vertex 50.2 7.47 18.25
      vertex 50.2 14.93 18.25
    endloop
  endfacet
  facet normal 0 0 1
    outer loop
      vertex 47.5625 13.8375 18.25
      vertex 47.5625 8.56249 18.25
      vertex 50.2 7.47 18.25
    endloop
  endfacet
  facet normal 0 -0 1
    outer loop
      vertex 47.5625 8.56249 18.25
      vertex 47.5625 13.8375 18.25
      vertex 46.47 11.2 18.25
    endloop
  endfacet
  facet normal 0.382687 -0.923878 0
    outer loop
      vertex 47.5625 13.8375 18.25
      vertex 50.2 14.93 100.25
      vertex 47.5625 13.8375 100.25
    endloop
  endfacet
  facet normal 0.382687 -0.923878 0
    outer loop
      vertex 50.2 14.93 100.25
      vertex 47.5625 13.8375 18.25
      vertex 50.2 14.93 18.25
    endloop
  endfacet
  facet normal -0.382687 -0.923878 0
    outer loop
      vertex 50.2 14.93 18.25
      vertex 52.8375 13.8375 100.25
      vertex 50.2 14.93 100.25
    endloop
  endfacet
  facet normal -0.382687 -0.923878 -0
    outer loop
      vertex 52.8375 13.8375 100.25
      vertex 50.2 14.93 18.25
      vertex 52.8375 13.8375 18.25
    endloop
  endfacet
  facet normal -0.382684 0.923879 0
    outer loop
      vertex 52.8375 8.56249 18.25
      vertex 50.2 7.47 100.25
      vertex 52.8375 8.56249 100.25
    endloop
  endfacet
  facet normal -0.382684 0.923879 0
    outer loop
      vertex 50.2 7.47 100.25
      vertex 52.8375 8.56249 18.25
      vertex 50.2 7.47 18.25
    endloop
  endfacet
  facet normal 0.923879 0.382686 0
    outer loop
      vertex 47.5625 8.56249 100.25
      vertex 46.47 11.2 18.25
      vertex 46.47 11.2 100.25
    endloop
  endfacet
  facet normal 0.923879 0.382686 0
    outer loop
      vertex 46.47 11.2 18.25
      vertex 47.5625 8.56249 100.25
      vertex 47.5625 8.56249 18.25
    endloop
  endfacet
  facet normal -0.923879 0.382686 0
    outer loop
      vertex 52.8375 8.56249 18.25
      vertex 53.93 11.2 100.25
      vertex 53.93 11.2 18.25
    endloop
  endfacet
  facet normal -0.923879 0.382686 0
    outer loop
      vertex 53.93 11.2 100.25
      vertex 52.8375 8.56249 18.25
      vertex 52.8375 8.56249 100.25
    endloop
  endfacet
  facet normal 0.382684 0.923879 -0
    outer loop
      vertex 50.2 7.47 18.25
      vertex 47.5625 8.56249 100.25
      vertex 50.2 7.47 100.25
    endloop
  endfacet
  facet normal 0.382684 0.923879 0
    outer loop
      vertex 47.5625 8.56249 100.25
      vertex 50.2 7.47 18.25
      vertex 47.5625 8.56249 18.25
    endloop
  endfacet
  facet normal -0.923878 -0.382687 0
    outer loop
      vertex 53.93 20.2 18.25
      vertex 52.8375 22.8375 100.25
      vertex 52.8375 22.8375 18.25
    endloop
  endfacet
  facet normal -0.923878 -0.382687 0
    outer loop
      vertex 52.8375 22.8375 100.25
      vertex 53.93 20.2 18.25
      vertex 53.93 20.2 100.25
    endloop
  endfacet
  facet normal 0.923878 -0.382687 0
    outer loop
      vertex 46.47 20.2 100.25
      vertex 47.5625 22.8375 18.25
      vertex 47.5625 22.8375 100.25
    endloop
  endfacet
  facet normal 0.923878 -0.382687 0
    outer loop
      vertex 47.5625 22.8375 18.25
      vertex 46.47 20.2 100.25
      vertex 46.47 20.2 18.25
    endloop
  endfacet
  facet normal 0 0 1
    outer loop
      vertex 52.8375 22.8375 18.25
      vertex 52.8375 17.5625 18.25
      vertex 53.93 20.2 18.25
    endloop
  endfacet
  facet normal 0 0 1
    outer loop
      vertex 50.2 23.93 18.25
      vertex 52.8375 17.5625 18.25
      vertex 52.8375 22.8375 18.25
    endloop
  endfacet
  facet normal 0 0 1
    outer loop
      vertex 50.2 23.93 18.25
      vertex 50.2 16.47 18.25
      vertex 52.8375 17.5625 18.25
    endloop
  endfacet
  facet normal -0 0 1
    outer loop
      vertex 47.5625 22.8375 18.25
      vertex 50.2 16.47 18.25
      vertex 50.2 23.93 18.25
    endloop
  endfacet
  facet normal 0 0 1
    outer loop
      vertex 47.5625 22.8375 18.25
      vertex 47.5625 17.5625 18.25
      vertex 50.2 16.47 18.25
    endloop
  endfacet
  facet normal 0 -0 1
    outer loop
      vertex 47.5625 17.5625 18.25
      vertex 47.5625 22.8375 18.25
      vertex 46.47 20.2 18.25
    endloop
  endfacet
  facet normal 0.382687 -0.923878 0
    outer loop
      vertex 47.5625 22.8375 18.25
      vertex 50.2 23.93 100.25
      vertex 47.5625 22.8375 100.25
    endloop
  endfacet
  facet normal 0.382687 -0.923878 0
    outer loop
      vertex 50.2 23.93 100.25
      vertex 47.5625 22.8375 18.25
      vertex 50.2 23.93 18.25
    endloop
  endfacet
  facet normal -0.382687 -0.923878 0
    outer loop
      vertex 50.2 23.93 18.25
      vertex 52.8375 22.8375 100.25
      vertex 50.2 23.93 100.25
    endloop
  endfacet
  facet normal -0.382687 -0.923878 -0
    outer loop
      vertex 52.8375 22.8375 100.25
      vertex 50.2 23.93 18.25
      vertex 52.8375 22.8375 18.25
    endloop
  endfacet
  facet normal -0.382687 0.923878 0
    outer loop
      vertex 52.8375 17.5625 18.25
      vertex 50.2 16.47 100.25
      vertex 52.8375 17.5625 100.25
    endloop
  endfacet
  facet normal -0.382687 0.923878 0
    outer loop
      vertex 50.2 16.47 100.25
      vertex 52.8375 17.5625 18.25
      vertex 50.2 16.47 18.25
    endloop
  endfacet
  facet normal 0.923878 0.382687 0
    outer loop
      vertex 47.5625 17.5625 100.25
      vertex 46.47 20.2 18.25
      vertex 46.47 20.2 100.25
    endloop
  endfacet
  facet normal 0.923878 0.382687 0
    outer loop
      vertex 46.47 20.2 18.25
      vertex 47.5625 17.5625 100.25
      vertex 47.5625 17.5625 18.25
    endloop
  endfacet
  facet normal -0.923878 0.382687 0
    outer loop
      vertex 52.8375 17.5625 18.25
      vertex 53.93 20.2 100.25
      vertex 53.93 20.2 18.25
    endloop
  endfacet
  facet normal -0.923878 0.382687 0
    outer loop
      vertex 53.93 20.2 100.25
      vertex 52.8375 17.5625 18.25
      vertex 52.8375 17.5625 100.25
    endloop
  endfacet
  facet normal 0.382687 0.923878 -0
    outer loop
      vertex 50.2 16.47 18.25
      vertex 47.5625 17.5625 100.25
      vertex 50.2 16.47 100.25
    endloop
  endfacet
  facet normal 0.382687 0.923878 0
    outer loop
      vertex 47.5625 17.5625 100.25
      vertex 50.2 16.47 18.25
      vertex 47.5625 17.5625 18.25
    endloop
  endfacet
  facet normal -0.923878 -0.382687 0
    outer loop
      vertex 53.93 29.2 18.25
      vertex 52.8375 31.8375 100.25
      vertex 52.8375 31.8375 18.25
    endloop
  endfacet
  facet normal -0.923878 -0.382687 0
    outer loop
      vertex 52.8375 31.8375 100.25
      vertex 53.93 29.2 18.25
      vertex 53.93 29.2 100.25
    endloop
  endfacet
  facet normal 0.923878 -0.382687 0
    outer loop
      vertex 46.47 29.2 100.25
      vertex 47.5625 31.8375 18.25
      vertex 47.5625 31.8375 100.25
    endloop
  endfacet
  facet normal 0.923878 -0.382687 0
    outer loop
      vertex 47.5625 31.8375 18.25
      vertex 46.47 29.2 100.25
      vertex 46.47 29.2 18.25
    endloop
  endfacet
  facet normal 0 0 1
    outer loop
      vertex 52.8375 31.8375 18.25
      vertex 52.8375 26.5625 18.25
      vertex 53.93 29.2 18.25
    endloop
  endfacet
  facet normal 0 0 1
    outer loop
      vertex 50.2 32.93 18.25
      vertex 52.8375 26.5625 18.25
      vertex 52.8375 31.8375 18.25
    endloop
  endfacet
  facet normal 0 0 1
    outer loop
      vertex 50.2 32.93 18.25
      vertex 50.2 25.47 18.25
      vertex 52.8375 26.5625 18.25
    endloop
  endfacet
  facet normal -0 0 1
    outer loop
      vertex 47.5625 31.8375 18.25
      vertex 50.2 25.47 18.25
      vertex 50.2 32.93 18.25
    endloop
  endfacet
  facet normal 0 0 1
    outer loop
      vertex 47.5625 31.8375 18.25
      vertex 47.5625 26.5625 18.25
      vertex 50.2 25.47 18.25
    endloop
  endfacet
  facet normal 0 -0 1
    outer loop
      vertex 47.5625 26.5625 18.25
      vertex 47.5625 31.8375 18.25
      vertex 46.47 29.2 18.25
    endloop
  endfacet
  facet normal 0.382687 -0.923878 0
    outer loop
      vertex 47.5625 31.8375 18.25
      vertex 50.2 32.93 100.25
      vertex 47.5625 31.8375 100.25
    endloop
  endfacet
  facet normal 0.382687 -0.923878 0
    outer loop
      vertex 50.2 32.93 100.25
      vertex 47.5625 31.8375 18.25
      vertex 50.2 32.93 18.25
    endloop
  endfacet
  facet normal -0.382687 -0.923878 0
    outer loop
      vertex 50.2 32.93 18.25
      vertex 52.8375 31.8375 100.25
      vertex 50.2 32.93 100.25
    endloop
  endfacet
  facet normal -0.382687 -0.923878 -0
    outer loop
      vertex 52.8375 31.8375 100.25
      vertex 50.2 32.93 18.25
      vertex 52.8375 31.8375 18.25
    endloop
  endfacet
  facet normal -0.382687 0.923878 0
    outer loop
      vertex 52.8375 26.5625 18.25
      vertex 50.2 25.47 100.25
      vertex 52.8375 26.5625 100.25
    endloop
  endfacet
  facet normal -0.382687 0.923878 0
    outer loop
      vertex 50.2 25.47 100.25
      vertex 52.8375 26.5625 18.25
      vertex 50.2 25.47 18.25
    endloop
  endfacet
  facet normal 0.923878 0.382687 0
    outer loop
      vertex 47.5625 26.5625 100.25
      vertex 46.47 29.2 18.25
      vertex 46.47 29.2 100.25
    endloop
  endfacet
  facet normal 0.923878 0.382687 0
    outer loop
      vertex 46.47 29.2 18.25
      vertex 47.5625 26.5625 100.25
      vertex 47.5625 26.5625 18.25
    endloop
  endfacet
  facet normal -0.923878 0.382687 0
    outer loop
      vertex 52.8375 26.5625 18.25
      vertex 53.93 29.2 100.25
      vertex 53.93 29.2 18.25
    endloop
  endfacet
  facet normal -0.923878 0.382687 0
    outer loop
      vertex 53.93 29.2 100.25
      vertex 52.8375 26.5625 18.25
      vertex 52.8375 26.5625 100.25
    endloop
  endfacet
  facet normal 0.382687 0.923878 -0
    outer loop
      vertex 50.2 25.47 18.25
      vertex 47.5625 26.5625 100.25
      vertex 50.2 25.47 100.25
    endloop
  endfacet
  facet normal 0.382687 0.923878 0
    outer loop
      vertex 47.5625 26.5625 100.25
      vertex 50.2 25.47 18.25
      vertex 47.5625 26.5625 18.25
    endloop
  endfacet
  facet normal -0.923878 -0.382687 0
    outer loop
      vertex 53.93 38.2 18.25
      vertex 52.8375 40.8375 100.25
      vertex 52.8375 40.8375 18.25
    endloop
  endfacet
  facet normal -0.923878 -0.382687 0
    outer loop
      vertex 52.8375 40.8375 100.25
      vertex 53.93 38.2 18.25
      vertex 53.93 38.2 100.25
    endloop
  endfacet
  facet normal 0.923878 -0.382687 0
    outer loop
      vertex 46.47 38.2 100.25
      vertex 47.5625 40.8375 18.25
      vertex 47.5625 40.8375 100.25
    endloop
  endfacet
  facet normal 0.923878 -0.382687 0
    outer loop
      vertex 47.5625 40.8375 18.25
      vertex 46.47 38.2 100.25
      vertex 46.47 38.2 18.25
    endloop
  endfacet
  facet normal 0 0 1
    outer loop
      vertex 52.8375 40.8375 18.25
      vertex 52.8375 35.5625 18.25
      vertex 53.93 38.2 18.25
    endloop
  endfacet
  facet normal 0 0 1
    outer loop
      vertex 50.2 41.93 18.25
      vertex 52.8375 35.5625 18.25
      vertex 52.8375 40.8375 18.25
    endloop
  endfacet
  facet normal 0 0 1
    outer loop
      vertex 50.2 41.93 18.25
      vertex 50.2 34.47 18.25
      vertex 52.8375 35.5625 18.25
    endloop
  endfacet
  facet normal -0 0 1
    outer loop
      vertex 47.5625 40.8375 18.25
      vertex 50.2 34.47 18.25
      vertex 50.2 41.93 18.25
    endloop
  endfacet
  facet normal 0 0 1
    outer loop
      vertex 47.5625 40.8375 18.25
      vertex 47.5625 35.5625 18.25
      vertex 50.2 34.47 18.25
    endloop
  endfacet
  facet normal 0 -0 1
    outer loop
      vertex 47.5625 35.5625 18.25
      vertex 47.5625 40.8375 18.25
      vertex 46.47 38.2 18.25
    endloop
  endfacet
  facet normal 0.382687 -0.923878 0
    outer loop
      vertex 47.5625 40.8375 18.25
      vertex 50.2 41.93 100.25
      vertex 47.5625 40.8375 100.25
    endloop
  endfacet
  facet normal 0.382687 -0.923878 0
    outer loop
      vertex 50.2 41.93 100.25
      vertex 47.5625 40.8375 18.25
      vertex 50.2 41.93 18.25
    endloop
  endfacet
  facet normal -0.382687 -0.923878 0
    outer loop
      vertex 50.2 41.93 18.25
      vertex 52.8375 40.8375 100.25
      vertex 50.2 41.93 100.25
    endloop
  endfacet
  facet normal -0.382687 -0.923878 -0
    outer loop
      vertex 52.8375 40.8375 100.25
      vertex 50.2 41.93 18.25
      vertex 52.8375 40.8375 18.25
    endloop
  endfacet
  facet normal -0.382687 0.923878 0
    outer loop
      vertex 52.8375 35.5625 18.25
      vertex 50.2 34.47 100.25
      vertex 52.8375 35.5625 100.25
    endloop
  endfacet
  facet normal -0.382687 0.923878 0
    outer loop
      vertex 50.2 34.47 100.25
      vertex 52.8375 35.5625 18.25
      vertex 50.2 34.47 18.25
    endloop
  endfacet
  facet normal 0.923878 0.382687 0
    outer loop
      vertex 47.5625 35.5625 100.25
      vertex 46.47 38.2 18.25
      vertex 46.47 38.2 100.25
    endloop
  endfacet
  facet normal 0.923878 0.382687 0
    outer loop
      vertex 46.47 38.2 18.25
      vertex 47.5625 35.5625 100.25
      vertex 47.5625 35.5625 18.25
    endloop
  endfacet
  facet normal -0.923878 0.382687 0
    outer loop
      vertex 52.8375 35.5625 18.25
      vertex 53.93 38.2 100.25
      vertex 53.93 38.2 18.25
    endloop
  endfacet
  facet normal -0.923878 0.382687 0
    outer loop
      vertex 53.93 38.2 100.25
      vertex 52.8375 35.5625 18.25
      vertex 52.8375 35.5625 100.25
    endloop
  endfacet
  facet normal 0.382687 0.923878 -0
    outer loop
      vertex 50.2 34.47 18.25
      vertex 47.5625 35.5625 100.25
      vertex 50.2 34.47 100.25
    endloop
  endfacet
  facet normal 0.382687 0.923878 0
    outer loop
      vertex 47.5625 35.5625 100.25
      vertex 50.2 34.47 18.25
      vertex 47.5625 35.5625 18.25
    endloop
  endfacet
  facet normal -0.923878 -0.382687 0
    outer loop
      vertex 53.93 47.2 18.25
      vertex 52.8375 49.8375 100.25
      vertex 52.8375 49.8375 18.25
    endloop
  endfacet
  facet normal -0.923878 -0.382687 0
    outer loop
      vertex 52.8375 49.8375 100.25
      vertex 53.93 47.2 18.25
      vertex 53.93 47.2 100.25
    endloop
  endfacet
  facet normal 0.923878 -0.382687 0
    outer loop
      vertex 46.47 47.2 100.25
      vertex 47.5625 49.8375 18.25
      vertex 47.5625 49.8375 100.25
    endloop
  endfacet
  facet normal 0.923878 -0.382687 0
    outer loop
      vertex 47.5625 49.8375 18.25
      vertex 46.47 47.2 100.25
      vertex 46.47 47.2 18.25
    endloop
  endfacet
  facet normal 0 0 1
    outer loop
      vertex 52.8375 49.8375 18.25
      vertex 52.8375 44.5625 18.25
      vertex 53.93 47.2 18.25
    endloop
  endfacet
  facet normal 0 0 1
    outer loop
      vertex 50.2 50.93 18.25
      vertex 52.8375 44.5625 18.25
      vertex 52.8375 49.8375 18.25
    endloop
  endfacet
  facet normal 0 0 1
    outer loop
      vertex 50.2 50.93 18.25
      vertex 50.2 43.47 18.25
      vertex 52.8375 44.5625 18.25
    endloop
  endfacet
  facet normal -0 0 1
    outer loop
      vertex 47.5625 49.8375 18.25
      vertex 50.2 43.47 18.25
      vertex 50.2 50.93 18.25
    endloop
  endfacet
  facet normal 0 0 1
    outer loop
      vertex 47.5625 49.8375 18.25
      vertex 47.5625 44.5625 18.25
      vertex 50.2 43.47 18.25
    endloop
  endfacet
  facet normal 0 -0 1
    outer loop
      vertex 47.5625 44.5625 18.25
      vertex 47.5625 49.8375 18.25
      vertex 46.47 47.2 18.25
    endloop
  endfacet
  facet normal 0.382687 -0.923878 0
    outer loop
      vertex 47.5625 49.8375 18.25
      vertex 50.2 50.93 100.25
      vertex 47.5625 49.8375 100.25
    endloop
  endfacet
  facet normal 0.382687 -0.923878 0
    outer loop
      vertex 50.2 50.93 100.25
      vertex 47.5625 49.8375 18.25
      vertex 50.2 50.93 18.25
    endloop
  endfacet
  facet normal -0.382687 -0.923878 0
    outer loop
      vertex 50.2 50.93 18.25
      vertex 52.8375 49.8375 100.25
      vertex 50.2 50.93 100.25
    endloop
  endfacet
  facet normal -0.382687 -0.923878 -0
    outer loop
      vertex 52.8375 49.8375 100.25
      vertex 50.2 50.93 18.25
      vertex 52.8375 49.8375 18.25
    endloop
  endfacet
  facet normal -0.382687 0.923878 0
    outer loop
      vertex 52.8375 44.5625 18.25
      vertex 50.2 43.47 100.25
      vertex 52.8375 44.5625 100.25
    endloop
  endfacet
  facet normal -0.382687 0.923878 0
    outer loop
      vertex 50.2 43.47 100.25
      vertex 52.8375 44.5625 18.25
      vertex 50.2 43.47 18.25
    endloop
  endfacet
  facet normal 0.923878 0.382687 0
    outer loop
      vertex 47.5625 44.5625 100.25
      vertex 46.47 47.2 18.25
      vertex 46.47 47.2 100.25
    endloop
  endfacet
  facet normal 0.923878 0.382687 0
    outer loop
      vertex 46.47 47.2 18.25
      vertex 47.5625 44.5625 100.25
      vertex 47.5625 44.5625 18.25
    endloop
  endfacet
  facet normal -0.923878 0.382687 0
    outer loop
      vertex 52.8375 44.5625 18.25
      vertex 53.93 47.2 100.25
      vertex 53.93 47.2 18.25
    endloop
  endfacet
  facet normal -0.923878 0.382687 0
    outer loop
      vertex 53.93 47.2 100.25
      vertex 52.8375 44.5625 18.25
      vertex 52.8375 44.5625 100.25
    endloop
  endfacet
  facet normal 0.382687 0.923878 -0
    outer loop
      vertex 50.2 43.47 18.25
      vertex 47.5625 44.5625 100.25
      vertex 50.2 43.47 100.25
    endloop
  endfacet
  facet normal 0.382687 0.923878 0
    outer loop
      vertex 47.5625 44.5625 100.25
      vertex 50.2 43.47 18.25
      vertex 47.5625 44.5625 18.25
    endloop
  endfacet
  facet normal -0.923878 -0.382687 0
    outer loop
      vertex 53.93 56.2 18.25
      vertex 52.8375 58.8375 100.25
      vertex 52.8375 58.8375 18.25
    endloop
  endfacet
  facet normal -0.923878 -0.382687 0
    outer loop
      vertex 52.8375 58.8375 100.25
      vertex 53.93 56.2 18.25
      vertex 53.93 56.2 100.25
    endloop
  endfacet
  facet normal 0.923878 -0.382687 0
    outer loop
      vertex 46.47 56.2 100.25
      vertex 47.5625 58.8375 18.25
      vertex 47.5625 58.8375 100.25
    endloop
  endfacet
  facet normal 0.923878 -0.382687 0
    outer loop
      vertex 47.5625 58.8375 18.25
      vertex 46.47 56.2 100.25
      vertex 46.47 56.2 18.25
    endloop
  endfacet
  facet normal 0 0 1
    outer loop
      vertex 52.8375 58.8375 18.25
      vertex 52.8375 53.5625 18.25
      vertex 53.93 56.2 18.25
    endloop
  endfacet
  facet normal 0 0 1
    outer loop
      vertex 50.2 59.93 18.25
      vertex 52.8375 53.5625 18.25
      vertex 52.8375 58.8375 18.25
    endloop
  endfacet
  facet normal 0 0 1
    outer loop
      vertex 50.2 59.93 18.25
      vertex 50.2 52.47 18.25
      vertex 52.8375 53.5625 18.25
    endloop
  endfacet
  facet normal -0 0 1
    outer loop
      vertex 47.5625 58.8375 18.25
      vertex 50.2 52.47 18.25
      vertex 50.2 59.93 18.25
    endloop
  endfacet
  facet normal 0 0 1
    outer loop
      vertex 47.5625 58.8375 18.25
      vertex 47.5625 53.5625 18.25
      vertex 50.2 52.47 18.25
    endloop
  endfacet
  facet normal 0 -0 1
    outer loop
      vertex 47.5625 53.5625 18.25
      vertex 47.5625 58.8375 18.25
      vertex 46.47 56.2 18.25
    endloop
  endfacet
  facet normal 0.382687 -0.923878 0
    outer loop
      vertex 47.5625 58.8375 18.25
      vertex 50.2 59.93 100.25
      vertex 47.5625 58.8375 100.25
    endloop
  endfacet
  facet normal 0.382687 -0.923878 0
    outer loop
      vertex 50.2 59.93 100.25
      vertex 47.5625 58.8375 18.25
      vertex 50.2 59.93 18.25
    endloop
  endfacet
  facet normal -0.382687 -0.923878 0
    outer loop
      vertex 50.2 59.93 18.25
      vertex 52.8375 58.8375 100.25
      vertex 50.2 59.93 100.25
    endloop
  endfacet
  facet normal -0.382687 -0.923878 -0
    outer loop
      vertex 52.8375 58.8375 100.25
      vertex 50.2 59.93 18.25
      vertex 52.8375 58.8375 18.25
    endloop
  endfacet
  facet normal -0.382687 0.923878 0
    outer loop
      vertex 52.8375 53.5625 18.25
      vertex 50.2 52.47 100.25
      vertex 52.8375 53.5625 100.25
    endloop
  endfacet
  facet normal -0.382687 0.923878 0
    outer loop
      vertex 50.2 52.47 100.25
      vertex 52.8375 53.5625 18.25
      vertex 50.2 52.47 18.25
    endloop
  endfacet
  facet normal 0.923878 0.382687 0
    outer loop
      vertex 47.5625 53.5625 100.25
      vertex 46.47 56.2 18.25
      vertex 46.47 56.2 100.25
    endloop
  endfacet
  facet normal 0.923878 0.382687 0
    outer loop
      vertex 46.47 56.2 18.25
      vertex 47.5625 53.5625 100.25
      vertex 47.5625 53.5625 18.25
    endloop
  endfacet
  facet normal -0.923878 0.382687 0
    outer loop
      vertex 52.8375 53.5625 18.25
      vertex 53.93 56.2 100.25
      vertex 53.93 56.2 18.25
    endloop
  endfacet
  facet normal -0.923878 0.382687 0
    outer loop
      vertex 53.93 56.2 100.25
      vertex 52.8375 53.5625 18.25
      vertex 52.8375 53.5625 100.25
    endloop
  endfacet
  facet normal 0.382687 0.923878 -0
    outer loop
      vertex 50.2 52.47 18.25
      vertex 47.5625 53.5625 100.25
      vertex 50.2 52.47 100.25
    endloop
  endfacet
  facet normal 0.382687 0.923878 0
    outer loop
      vertex 47.5625 53.5625 100.25
      vertex 50.2 52.47 18.25
      vertex 47.5625 53.5625 18.25
    endloop
  endfacet
  facet normal -0.923878 -0.382687 0
    outer loop
      vertex 53.93 65.2 18.25
      vertex 52.8375 67.8375 100.25
      vertex 52.8375 67.8375 18.25
    endloop
  endfacet
  facet normal -0.923878 -0.382687 0
    outer loop
      vertex 52.8375 67.8375 100.25
      vertex 53.93 65.2 18.25
      vertex 53.93 65.2 100.25
    endloop
  endfacet
  facet normal 0.923878 -0.382687 0
    outer loop
      vertex 46.47 65.2 100.25
      vertex 47.5625 67.8375 18.25
      vertex 47.5625 67.8375 100.25
    endloop
  endfacet
  facet normal 0.923878 -0.382687 0
    outer loop
      vertex 47.5625 67.8375 18.25
      vertex 46.47 65.2 100.25
      vertex 46.47 65.2 18.25
    endloop
  endfacet
  facet normal 0 0 1
    outer loop
      vertex 52.8375 67.8375 18.25
      vertex 52.8375 62.5625 18.25
      vertex 53.93 65.2 18.25
    endloop
  endfacet
  facet normal 0 0 1
    outer loop
      vertex 50.2 68.93 18.25
      vertex 52.8375 62.5625 18.25
      vertex 52.8375 67.8375 18.25
    endloop
  endfacet
  facet normal 0 0 1
    outer loop
      vertex 50.2 68.93 18.25
      vertex 50.2 61.47 18.25
      vertex 52.8375 62.5625 18.25
    endloop
  endfacet
  facet normal -0 0 1
    outer loop
      vertex 47.5625 67.8375 18.25
      vertex 50.2 61.47 18.25
      vertex 50.2 68.93 18.25
    endloop
  endfacet
  facet normal 0 0 1
    outer loop
      vertex 47.5625 67.8375 18.25
      vertex 47.5625 62.5625 18.25
      vertex 50.2 61.47 18.25
    endloop
  endfacet
  facet normal 0 -0 1
    outer loop
      vertex 47.5625 62.5625 18.25
      vertex 47.5625 67.8375 18.25
      vertex 46.47 65.2 18.25
    endloop
  endfacet
  facet normal 0.382687 -0.923878 0
    outer loop
      vertex 47.5625 67.8375 18.25
      vertex 50.2 68.93 100.25
      vertex 47.5625 67.8375 100.25
    endloop
  endfacet
  facet normal 0.382687 -0.923878 0
    outer loop
      vertex 50.2 68.93 100.25
      vertex 47.5625 67.8375 18.25
      vertex 50.2 68.93 18.25
    endloop
  endfacet
  facet normal -0.382687 -0.923878 0
    outer loop
      vertex 50.2 68.93 18.25
      vertex 52.8375 67.8375 100.25
      vertex 50.2 68.93 100.25
    endloop
  endfacet
  facet normal -0.382687 -0.923878 -0
    outer loop
      vertex 52.8375 67.8375 100.25
      vertex 50.2 68.93 18.25
      vertex 52.8375 67.8375 18.25
    endloop
  endfacet
  facet normal -0.382687 0.923878 0
    outer loop
      vertex 52.8375 62.5625 18.25
      vertex 50.2 61.47 100.25
      vertex 52.8375 62.5625 100.25
    endloop
  endfacet
  facet normal -0.382687 0.923878 0
    outer loop
      vertex 50.2 61.47 100.25
      vertex 52.8375 62.5625 18.25
      vertex 50.2 61.47 18.25
    endloop
  endfacet
  facet normal 0.923878 0.382687 0
    outer loop
      vertex 47.5625 62.5625 100.25
      vertex 46.47 65.2 18.25
      vertex 46.47 65.2 100.25
    endloop
  endfacet
  facet normal 0.923878 0.382687 0
    outer loop
      vertex 46.47 65.2 18.25
      vertex 47.5625 62.5625 100.25
      vertex 47.5625 62.5625 18.25
    endloop
  endfacet
  facet normal -0.923878 0.382687 0
    outer loop
      vertex 52.8375 62.5625 18.25
      vertex 53.93 65.2 100.25
      vertex 53.93 65.2 18.25
    endloop
  endfacet
  facet normal -0.923878 0.382687 0
    outer loop
      vertex 53.93 65.2 100.25
      vertex 52.8375 62.5625 18.25
      vertex 52.8375 62.5625 100.25
    endloop
  endfacet
  facet normal 0.382687 0.923878 -0
    outer loop
      vertex 50.2 61.47 18.25
      vertex 47.5625 62.5625 100.25
      vertex 50.2 61.47 100.25
    endloop
  endfacet
  facet normal 0.382687 0.923878 0
    outer loop
      vertex 47.5625 62.5625 100.25
      vertex 50.2 61.47 18.25
      vertex 47.5625 62.5625 18.25
    endloop
  endfacet
  facet normal -0.923878 -0.382687 0
    outer loop
      vertex 53.93 74.2 18.25
      vertex 52.8375 76.8375 100.25
      vertex 52.8375 76.8375 18.25
    endloop
  endfacet
  facet normal -0.923878 -0.382687 0
    outer loop
      vertex 52.8375 76.8375 100.25
      vertex 53.93 74.2 18.25
      vertex 53.93 74.2 100.25
    endloop
  endfacet
  facet normal 0.923878 -0.382687 0
    outer loop
      vertex 46.47 74.2 100.25
      vertex 47.5625 76.8375 18.25
      vertex 47.5625 76.8375 100.25
    endloop
  endfacet
  facet normal 0.923878 -0.382687 0
    outer loop
      vertex 47.5625 76.8375 18.25
      vertex 46.47 74.2 100.25
      vertex 46.47 74.2 18.25
    endloop
  endfacet
  facet normal 0 0 1
    outer loop
      vertex 52.8375 76.8375 18.25
      vertex 52.8375 71.5625 18.25
      vertex 53.93 74.2 18.25
    endloop
  endfacet
  facet normal 0 0 1
    outer loop
      vertex 50.2 77.93 18.25
      vertex 52.8375 71.5625 18.25
      vertex 52.8375 76.8375 18.25
    endloop
  endfacet
  facet normal 0 0 1
    outer loop
      vertex 50.2 77.93 18.25
      vertex 50.2 70.47 18.25
      vertex 52.8375 71.5625 18.25
    endloop
  endfacet
  facet normal -0 0 1
    outer loop
      vertex 47.5625 76.8375 18.25
      vertex 50.2 70.47 18.25
      vertex 50.2 77.93 18.25
    endloop
  endfacet
  facet normal 0 0 1
    outer loop
      vertex 47.5625 76.8375 18.25
      vertex 47.5625 71.5625 18.25
      vertex 50.2 70.47 18.25
    endloop
  endfacet
  facet normal 0 -0 1
    outer loop
      vertex 47.5625 71.5625 18.25
      vertex 47.5625 76.8375 18.25
      vertex 46.47 74.2 18.25
    endloop
  endfacet
  facet normal 0.382687 -0.923878 0
    outer loop
      vertex 47.5625 76.8375 18.25
      vertex 50.2 77.93 100.25
      vertex 47.5625 76.8375 100.25
    endloop
  endfacet
  facet normal 0.382687 -0.923878 0
    outer loop
      vertex 50.2 77.93 100.25
      vertex 47.5625 76.8375 18.25
      vertex 50.2 77.93 18.25
    endloop
  endfacet
  facet normal -0.382687 -0.923878 0
    outer loop
      vertex 50.2 77.93 18.25
      vertex 52.8375 76.8375 100.25
      vertex 50.2 77.93 100.25
    endloop
  endfacet
  facet normal -0.382687 -0.923878 -0
    outer loop
      vertex 52.8375 76.8375 100.25
      vertex 50.2 77.93 18.25
      vertex 52.8375 76.8375 18.25
    endloop
  endfacet
  facet normal -0.382687 0.923878 0
    outer loop
      vertex 52.8375 71.5625 18.25
      vertex 50.2 70.47 100.25
      vertex 52.8375 71.5625 100.25
    endloop
  endfacet
  facet normal -0.382687 0.923878 0
    outer loop
      vertex 50.2 70.47 100.25
      vertex 52.8375 71.5625 18.25
      vertex 50.2 70.47 18.25
    endloop
  endfacet
  facet normal 0.923878 0.382687 0
    outer loop
      vertex 47.5625 71.5625 100.25
      vertex 46.47 74.2 18.25
      vertex 46.47 74.2 100.25
    endloop
  endfacet
  facet normal 0.923878 0.382687 0
    outer loop
      vertex 46.47 74.2 18.25
      vertex 47.5625 71.5625 100.25
      vertex 47.5625 71.5625 18.25
    endloop
  endfacet
  facet normal -0.923878 0.382687 0
    outer loop
      vertex 52.8375 71.5625 18.25
      vertex 53.93 74.2 100.25
      vertex 53.93 74.2 18.25
    endloop
  endfacet
  facet normal -0.923878 0.382687 0
    outer loop
      vertex 53.93 74.2 100.25
      vertex 52.8375 71.5625 18.25
      vertex 52.8375 71.5625 100.25
    endloop
  endfacet
  facet normal 0.382687 0.923878 -0
    outer loop
      vertex 50.2 70.47 18.25
      vertex 47.5625 71.5625 100.25
      vertex 50.2 70.47 100.25
    endloop
  endfacet
  facet normal 0.382687 0.923878 0
    outer loop
      vertex 47.5625 71.5625 100.25
      vertex 50.2 70.47 18.25
      vertex 47.5625 71.5625 18.25
    endloop
  endfacet
  facet normal -0.923878 -0.382687 0
    outer loop
      vertex 62.93 11.2 18.25
      vertex 61.8375 13.8375 100.25
      vertex 61.8375 13.8375 18.25
    endloop
  endfacet
  facet normal -0.923878 -0.382687 0
    outer loop
      vertex 61.8375 13.8375 100.25
      vertex 62.93 11.2 18.25
      vertex 62.93 11.2 100.25
    endloop
  endfacet
  facet normal 0.923878 -0.382687 0
    outer loop
      vertex 55.47 11.2 100.25
      vertex 56.5625 13.8375 18.25
      vertex 56.5625 13.8375 100.25
    endloop
  endfacet
  facet normal 0.923878 -0.382687 0
    outer loop
      vertex 56.5625 13.8375 18.25
      vertex 55.47 11.2 100.25
      vertex 55.47 11.2 18.25
    endloop
  endfacet
  facet normal 0 0 1
    outer loop
      vertex 61.8375 13.8375 18.25
      vertex 61.8375 8.56249 18.25
      vertex 62.93 11.2 18.25
    endloop
  endfacet
  facet normal 0 0 1
    outer loop
      vertex 59.2 14.93 18.25
      vertex 61.8375 8.56249 18.25
      vertex 61.8375 13.8375 18.25
    endloop
  endfacet
  facet normal 0 0 1
    outer loop
      vertex 59.2 14.93 18.25
      vertex 59.2 7.47 18.25
      vertex 61.8375 8.56249 18.25
    endloop
  endfacet
  facet normal -0 0 1
    outer loop
      vertex 56.5625 13.8375 18.25
      vertex 59.2 7.47 18.25
      vertex 59.2 14.93 18.25
    endloop
  endfacet
  facet normal 0 0 1
    outer loop
      vertex 56.5625 13.8375 18.25
      vertex 56.5625 8.56249 18.25
      vertex 59.2 7.47 18.25
    endloop
  endfacet
  facet normal 0 -0 1
    outer loop
      vertex 56.5625 8.56249 18.25
      vertex 56.5625 13.8375 18.25
      vertex 55.47 11.2 18.25
    endloop
  endfacet
  facet normal 0.382687 -0.923878 0
    outer loop
      vertex 56.5625 13.8375 18.25
      vertex 59.2 14.93 100.25
      vertex 56.5625 13.8375 100.25
    endloop
  endfacet
  facet normal 0.382687 -0.923878 0
    outer loop
      vertex 59.2 14.93 100.25
      vertex 56.5625 13.8375 18.25
      vertex 59.2 14.93 18.25
    endloop
  endfacet
  facet normal -0.382687 -0.923878 0
    outer loop
      vertex 59.2 14.93 18.25
      vertex 61.8375 13.8375 100.25
      vertex 59.2 14.93 100.25
    endloop
  endfacet
  facet normal -0.382687 -0.923878 -0
    outer loop
      vertex 61.8375 13.8375 100.25
      vertex 59.2 14.93 18.25
      vertex 61.8375 13.8375 18.25
    endloop
  endfacet
  facet normal -0.382684 0.923879 0
    outer loop
      vertex 61.8375 8.56249 18.25
      vertex 59.2 7.47 100.25
      vertex 61.8375 8.56249 100.25
    endloop
  endfacet
  facet normal -0.382684 0.923879 0
    outer loop
      vertex 59.2 7.47 100.25
      vertex 61.8375 8.56249 18.25
      vertex 59.2 7.47 18.25
    endloop
  endfacet
  facet normal 0.923879 0.382686 0
    outer loop
      vertex 56.5625 8.56249 100.25
      vertex 55.47 11.2 18.25
      vertex 55.47 11.2 100.25
    endloop
  endfacet
  facet normal 0.923879 0.382686 0
    outer loop
      vertex 55.47 11.2 18.25
      vertex 56.5625 8.56249 100.25
      vertex 56.5625 8.56249 18.25
    endloop
  endfacet
  facet normal -0.923879 0.382686 0
    outer loop
      vertex 61.8375 8.56249 18.25
      vertex 62.93 11.2 100.25
      vertex 62.93 11.2 18.25
    endloop
  endfacet
  facet normal -0.923879 0.382686 0
    outer loop
      vertex 62.93 11.2 100.25
      vertex 61.8375 8.56249 18.25
      vertex 61.8375 8.56249 100.25
    endloop
  endfacet
  facet normal 0.382684 0.923879 -0
    outer loop
      vertex 59.2 7.47 18.25
      vertex 56.5625 8.56249 100.25
      vertex 59.2 7.47 100.25
    endloop
  endfacet
  facet normal 0.382684 0.923879 0
    outer loop
      vertex 56.5625 8.56249 100.25
      vertex 59.2 7.47 18.25
      vertex 56.5625 8.56249 18.25
    endloop
  endfacet
  facet normal -0.923878 -0.382687 0
    outer loop
      vertex 62.93 20.2 18.25
      vertex 61.8375 22.8375 100.25
      vertex 61.8375 22.8375 18.25
    endloop
  endfacet
  facet normal -0.923878 -0.382687 0
    outer loop
      vertex 61.8375 22.8375 100.25
      vertex 62.93 20.2 18.25
      vertex 62.93 20.2 100.25
    endloop
  endfacet
  facet normal 0.923878 -0.382687 0
    outer loop
      vertex 55.47 20.2 100.25
      vertex 56.5625 22.8375 18.25
      vertex 56.5625 22.8375 100.25
    endloop
  endfacet
  facet normal 0.923878 -0.382687 0
    outer loop
      vertex 56.5625 22.8375 18.25
      vertex 55.47 20.2 100.25
      vertex 55.47 20.2 18.25
    endloop
  endfacet
  facet normal 0 0 1
    outer loop
      vertex 61.8375 22.8375 18.25
      vertex 61.8375 17.5625 18.25
      vertex 62.93 20.2 18.25
    endloop
  endfacet
  facet normal 0 0 1
    outer loop
      vertex 59.2 23.93 18.25
      vertex 61.8375 17.5625 18.25
      vertex 61.8375 22.8375 18.25
    endloop
  endfacet
  facet normal 0 0 1
    outer loop
      vertex 59.2 23.93 18.25
      vertex 59.2 16.47 18.25
      vertex 61.8375 17.5625 18.25
    endloop
  endfacet
  facet normal -0 0 1
    outer loop
      vertex 56.5625 22.8375 18.25
      vertex 59.2 16.47 18.25
      vertex 59.2 23.93 18.25
    endloop
  endfacet
  facet normal 0 0 1
    outer loop
      vertex 56.5625 22.8375 18.25
      vertex 56.5625 17.5625 18.25
      vertex 59.2 16.47 18.25
    endloop
  endfacet
  facet normal 0 -0 1
    outer loop
      vertex 56.5625 17.5625 18.25
      vertex 56.5625 22.8375 18.25
      vertex 55.47 20.2 18.25
    endloop
  endfacet
  facet normal 0.382687 -0.923878 0
    outer loop
      vertex 56.5625 22.8375 18.25
      vertex 59.2 23.93 100.25
      vertex 56.5625 22.8375 100.25
    endloop
  endfacet
  facet normal 0.382687 -0.923878 0
    outer loop
      vertex 59.2 23.93 100.25
      vertex 56.5625 22.8375 18.25
      vertex 59.2 23.93 18.25
    endloop
  endfacet
  facet normal -0.382687 -0.923878 0
    outer loop
      vertex 59.2 23.93 18.25
      vertex 61.8375 22.8375 100.25
      vertex 59.2 23.93 100.25
    endloop
  endfacet
  facet normal -0.382687 -0.923878 -0
    outer loop
      vertex 61.8375 22.8375 100.25
      vertex 59.2 23.93 18.25
      vertex 61.8375 22.8375 18.25
    endloop
  endfacet
  facet normal -0.382687 0.923878 0
    outer loop
      vertex 61.8375 17.5625 18.25
      vertex 59.2 16.47 100.25
      vertex 61.8375 17.5625 100.25
    endloop
  endfacet
  facet normal -0.382687 0.923878 0
    outer loop
      vertex 59.2 16.47 100.25
      vertex 61.8375 17.5625 18.25
      vertex 59.2 16.47 18.25
    endloop
  endfacet
  facet normal 0.923878 0.382687 0
    outer loop
      vertex 56.5625 17.5625 100.25
      vertex 55.47 20.2 18.25
      vertex 55.47 20.2 100.25
    endloop
  endfacet
  facet normal 0.923878 0.382687 0
    outer loop
      vertex 55.47 20.2 18.25
      vertex 56.5625 17.5625 100.25
      vertex 56.5625 17.5625 18.25
    endloop
  endfacet
  facet normal -0.923878 0.382687 0
    outer loop
      vertex 61.8375 17.5625 18.25
      vertex 62.93 20.2 100.25
      vertex 62.93 20.2 18.25
    endloop
  endfacet
  facet normal -0.923878 0.382687 0
    outer loop
      vertex 62.93 20.2 100.25
      vertex 61.8375 17.5625 18.25
      vertex 61.8375 17.5625 100.25
    endloop
  endfacet
  facet normal 0.382687 0.923878 -0
    outer loop
      vertex 59.2 16.47 18.25
      vertex 56.5625 17.5625 100.25
      vertex 59.2 16.47 100.25
    endloop
  endfacet
  facet normal 0.382687 0.923878 0
    outer loop
      vertex 56.5625 17.5625 100.25
      vertex 59.2 16.47 18.25
      vertex 56.5625 17.5625 18.25
    endloop
  endfacet
  facet normal -0.923878 -0.382687 0
    outer loop
      vertex 62.93 29.2 18.25
      vertex 61.8375 31.8375 100.25
      vertex 61.8375 31.8375 18.25
    endloop
  endfacet
  facet normal -0.923878 -0.382687 0
    outer loop
      vertex 61.8375 31.8375 100.25
      vertex 62.93 29.2 18.25
      vertex 62.93 29.2 100.25
    endloop
  endfacet
  facet normal 0.923878 -0.382687 0
    outer loop
      vertex 55.47 29.2 100.25
      vertex 56.5625 31.8375 18.25
      vertex 56.5625 31.8375 100.25
    endloop
  endfacet
  facet normal 0.923878 -0.382687 0
    outer loop
      vertex 56.5625 31.8375 18.25
      vertex 55.47 29.2 100.25
      vertex 55.47 29.2 18.25
    endloop
  endfacet
  facet normal 0 0 1
    outer loop
      vertex 61.8375 31.8375 18.25
      vertex 61.8375 26.5625 18.25
      vertex 62.93 29.2 18.25
    endloop
  endfacet
  facet normal 0 0 1
    outer loop
      vertex 59.2 32.93 18.25
      vertex 61.8375 26.5625 18.25
      vertex 61.8375 31.8375 18.25
    endloop
  endfacet
  facet normal 0 0 1
    outer loop
      vertex 59.2 32.93 18.25
      vertex 59.2 25.47 18.25
      vertex 61.8375 26.5625 18.25
    endloop
  endfacet
  facet normal -0 0 1
    outer loop
      vertex 56.5625 31.8375 18.25
      vertex 59.2 25.47 18.25
      vertex 59.2 32.93 18.25
    endloop
  endfacet
  facet normal 0 0 1
    outer loop
      vertex 56.5625 31.8375 18.25
      vertex 56.5625 26.5625 18.25
      vertex 59.2 25.47 18.25
    endloop
  endfacet
  facet normal 0 -0 1
    outer loop
      vertex 56.5625 26.5625 18.25
      vertex 56.5625 31.8375 18.25
      vertex 55.47 29.2 18.25
    endloop
  endfacet
  facet normal 0.382687 -0.923878 0
    outer loop
      vertex 56.5625 31.8375 18.25
      vertex 59.2 32.93 100.25
      vertex 56.5625 31.8375 100.25
    endloop
  endfacet
  facet normal 0.382687 -0.923878 0
    outer loop
      vertex 59.2 32.93 100.25
      vertex 56.5625 31.8375 18.25
      vertex 59.2 32.93 18.25
    endloop
  endfacet
  facet normal -0.382687 -0.923878 0
    outer loop
      vertex 59.2 32.93 18.25
      vertex 61.8375 31.8375 100.25
      vertex 59.2 32.93 100.25
    endloop
  endfacet
  facet normal -0.382687 -0.923878 -0
    outer loop
      vertex 61.8375 31.8375 100.25
      vertex 59.2 32.93 18.25
      vertex 61.8375 31.8375 18.25
    endloop
  endfacet
  facet normal -0.382687 0.923878 0
    outer loop
      vertex 61.8375 26.5625 18.25
      vertex 59.2 25.47 100.25
      vertex 61.8375 26.5625 100.25
    endloop
  endfacet
  facet normal -0.382687 0.923878 0
    outer loop
      vertex 59.2 25.47 100.25
      vertex 61.8375 26.5625 18.25
      vertex 59.2 25.47 18.25
    endloop
  endfacet
  facet normal 0.923878 0.382687 0
    outer loop
      vertex 56.5625 26.5625 100.25
      vertex 55.47 29.2 18.25
      vertex 55.47 29.2 100.25
    endloop
  endfacet
  facet normal 0.923878 0.382687 0
    outer loop
      vertex 55.47 29.2 18.25
      vertex 56.5625 26.5625 100.25
      vertex 56.5625 26.5625 18.25
    endloop
  endfacet
  facet normal -0.923878 0.382687 0
    outer loop
      vertex 61.8375 26.5625 18.25
      vertex 62.93 29.2 100.25
      vertex 62.93 29.2 18.25
    endloop
  endfacet
  facet normal -0.923878 0.382687 0
    outer loop
      vertex 62.93 29.2 100.25
      vertex 61.8375 26.5625 18.25
      vertex 61.8375 26.5625 100.25
    endloop
  endfacet
  facet normal 0.382687 0.923878 -0
    outer loop
      vertex 59.2 25.47 18.25
      vertex 56.5625 26.5625 100.25
      vertex 59.2 25.47 100.25
    endloop
  endfacet
  facet normal 0.382687 0.923878 0
    outer loop
      vertex 56.5625 26.5625 100.25
      vertex 59.2 25.47 18.25
      vertex 56.5625 26.5625 18.25
    endloop
  endfacet
  facet normal -0.923878 -0.382687 0
    outer loop
      vertex 62.93 38.2 18.25
      vertex 61.8375 40.8375 100.25
      vertex 61.8375 40.8375 18.25
    endloop
  endfacet
  facet normal -0.923878 -0.382687 0
    outer loop
      vertex 61.8375 40.8375 100.25
      vertex 62.93 38.2 18.25
      vertex 62.93 38.2 100.25
    endloop
  endfacet
  facet normal 0.923878 -0.382687 0
    outer loop
      vertex 55.47 38.2 100.25
      vertex 56.5625 40.8375 18.25
      vertex 56.5625 40.8375 100.25
    endloop
  endfacet
  facet normal 0.923878 -0.382687 0
    outer loop
      vertex 56.5625 40.8375 18.25
      vertex 55.47 38.2 100.25
      vertex 55.47 38.2 18.25
    endloop
  endfacet
  facet normal 0 0 1
    outer loop
      vertex 61.8375 40.8375 18.25
      vertex 61.8375 35.5625 18.25
      vertex 62.93 38.2 18.25
    endloop
  endfacet
  facet normal 0 0 1
    outer loop
      vertex 59.2 41.93 18.25
      vertex 61.8375 35.5625 18.25
      vertex 61.8375 40.8375 18.25
    endloop
  endfacet
  facet normal 0 0 1
    outer loop
      vertex 59.2 41.93 18.25
      vertex 59.2 34.47 18.25
      vertex 61.8375 35.5625 18.25
    endloop
  endfacet
  facet normal -0 0 1
    outer loop
      vertex 56.5625 40.8375 18.25
      vertex 59.2 34.47 18.25
      vertex 59.2 41.93 18.25
    endloop
  endfacet
  facet normal 0 0 1
    outer loop
      vertex 56.5625 40.8375 18.25
      vertex 56.5625 35.5625 18.25
      vertex 59.2 34.47 18.25
    endloop
  endfacet
  facet normal 0 -0 1
    outer loop
      vertex 56.5625 35.5625 18.25
      vertex 56.5625 40.8375 18.25
      vertex 55.47 38.2 18.25
    endloop
  endfacet
  facet normal 0.382687 -0.923878 0
    outer loop
      vertex 56.5625 40.8375 18.25
      vertex 59.2 41.93 100.25
      vertex 56.5625 40.8375 100.25
    endloop
  endfacet
  facet normal 0.382687 -0.923878 0
    outer loop
      vertex 59.2 41.93 100.25
      vertex 56.5625 40.8375 18.25
      vertex 59.2 41.93 18.25
    endloop
  endfacet
  facet normal -0.382687 -0.923878 0
    outer loop
      vertex 59.2 41.93 18.25
      vertex 61.8375 40.8375 100.25
      vertex 59.2 41.93 100.25
    endloop
  endfacet
  facet normal -0.382687 -0.923878 -0
    outer loop
      vertex 61.8375 40.8375 100.25
      vertex 59.2 41.93 18.25
      vertex 61.8375 40.8375 18.25
    endloop
  endfacet
  facet normal -0.382687 0.923878 0
    outer loop
      vertex 61.8375 35.5625 18.25
      vertex 59.2 34.47 100.25
      vertex 61.8375 35.5625 100.25
    endloop
  endfacet
  facet normal -0.382687 0.923878 0
    outer loop
      vertex 59.2 34.47 100.25
      vertex 61.8375 35.5625 18.25
      vertex 59.2 34.47 18.25
    endloop
  endfacet
  facet normal 0.923878 0.382687 0
    outer loop
      vertex 56.5625 35.5625 100.25
      vertex 55.47 38.2 18.25
      vertex 55.47 38.2 100.25
    endloop
  endfacet
  facet normal 0.923878 0.382687 0
    outer loop
      vertex 55.47 38.2 18.25
      vertex 56.5625 35.5625 100.25
      vertex 56.5625 35.5625 18.25
    endloop
  endfacet
  facet normal -0.923878 0.382687 0
    outer loop
      vertex 61.8375 35.5625 18.25
      vertex 62.93 38.2 100.25
      vertex 62.93 38.2 18.25
    endloop
  endfacet
  facet normal -0.923878 0.382687 0
    outer loop
      vertex 62.93 38.2 100.25
      vertex 61.8375 35.5625 18.25
      vertex 61.8375 35.5625 100.25
    endloop
  endfacet
  facet normal 0.382687 0.923878 -0
    outer loop
      vertex 59.2 34.47 18.25
      vertex 56.5625 35.5625 100.25
      vertex 59.2 34.47 100.25
    endloop
  endfacet
  facet normal 0.382687 0.923878 0
    outer loop
      vertex 56.5625 35.5625 100.25
      vertex 59.2 34.47 18.25
      vertex 56.5625 35.5625 18.25
    endloop
  endfacet
  facet normal -0.923878 -0.382687 0
    outer loop
      vertex 62.93 47.2 18.25
      vertex 61.8375 49.8375 100.25
      vertex 61.8375 49.8375 18.25
    endloop
  endfacet
  facet normal -0.923878 -0.382687 0
    outer loop
      vertex 61.8375 49.8375 100.25
      vertex 62.93 47.2 18.25
      vertex 62.93 47.2 100.25
    endloop
  endfacet
  facet normal 0.923878 -0.382687 0
    outer loop
      vertex 55.47 47.2 100.25
      vertex 56.5625 49.8375 18.25
      vertex 56.5625 49.8375 100.25
    endloop
  endfacet
  facet normal 0.923878 -0.382687 0
    outer loop
      vertex 56.5625 49.8375 18.25
      vertex 55.47 47.2 100.25
      vertex 55.47 47.2 18.25
    endloop
  endfacet
  facet normal 0 0 1
    outer loop
      vertex 61.8375 49.8375 18.25
      vertex 61.8375 44.5625 18.25
      vertex 62.93 47.2 18.25
    endloop
  endfacet
  facet normal 0 0 1
    outer loop
      vertex 59.2 50.93 18.25
      vertex 61.8375 44.5625 18.25
      vertex 61.8375 49.8375 18.25
    endloop
  endfacet
  facet normal 0 0 1
    outer loop
      vertex 59.2 50.93 18.25
      vertex 59.2 43.47 18.25
      vertex 61.8375 44.5625 18.25
    endloop
  endfacet
  facet normal -0 0 1
    outer loop
      vertex 56.5625 49.8375 18.25
      vertex 59.2 43.47 18.25
      vertex 59.2 50.93 18.25
    endloop
  endfacet
  facet normal 0 0 1
    outer loop
      vertex 56.5625 49.8375 18.25
      vertex 56.5625 44.5625 18.25
      vertex 59.2 43.47 18.25
    endloop
  endfacet
  facet normal 0 -0 1
    outer loop
      vertex 56.5625 44.5625 18.25
      vertex 56.5625 49.8375 18.25
      vertex 55.47 47.2 18.25
    endloop
  endfacet
  facet normal 0.382687 -0.923878 0
    outer loop
      vertex 56.5625 49.8375 18.25
      vertex 59.2 50.93 100.25
      vertex 56.5625 49.8375 100.25
    endloop
  endfacet
  facet normal 0.382687 -0.923878 0
    outer loop
      vertex 59.2 50.93 100.25
      vertex 56.5625 49.8375 18.25
      vertex 59.2 50.93 18.25
    endloop
  endfacet
  facet normal -0.382687 -0.923878 0
    outer loop
      vertex 59.2 50.93 18.25
      vertex 61.8375 49.8375 100.25
      vertex 59.2 50.93 100.25
    endloop
  endfacet
  facet normal -0.382687 -0.923878 -0
    outer loop
      vertex 61.8375 49.8375 100.25
      vertex 59.2 50.93 18.25
      vertex 61.8375 49.8375 18.25
    endloop
  endfacet
  facet normal -0.382687 0.923878 0
    outer loop
      vertex 61.8375 44.5625 18.25
      vertex 59.2 43.47 100.25
      vertex 61.8375 44.5625 100.25
    endloop
  endfacet
  facet normal -0.382687 0.923878 0
    outer loop
      vertex 59.2 43.47 100.25
      vertex 61.8375 44.5625 18.25
      vertex 59.2 43.47 18.25
    endloop
  endfacet
  facet normal 0.923878 0.382687 0
    outer loop
      vertex 56.5625 44.5625 100.25
      vertex 55.47 47.2 18.25
      vertex 55.47 47.2 100.25
    endloop
  endfacet
  facet normal 0.923878 0.382687 0
    outer loop
      vertex 55.47 47.2 18.25
      vertex 56.5625 44.5625 100.25
      vertex 56.5625 44.5625 18.25
    endloop
  endfacet
  facet normal -0.923878 0.382687 0
    outer loop
      vertex 61.8375 44.5625 18.25
      vertex 62.93 47.2 100.25
      vertex 62.93 47.2 18.25
    endloop
  endfacet
  facet normal -0.923878 0.382687 0
    outer loop
      vertex 62.93 47.2 100.25
      vertex 61.8375 44.5625 18.25
      vertex 61.8375 44.5625 100.25
    endloop
  endfacet
  facet normal 0.382687 0.923878 -0
    outer loop
      vertex 59.2 43.47 18.25
      vertex 56.5625 44.5625 100.25
      vertex 59.2 43.47 100.25
    endloop
  endfacet
  facet normal 0.382687 0.923878 0
    outer loop
      vertex 56.5625 44.5625 100.25
      vertex 59.2 43.47 18.25
      vertex 56.5625 44.5625 18.25
    endloop
  endfacet
  facet normal -0.923878 -0.382687 0
    outer loop
      vertex 62.93 56.2 18.25
      vertex 61.8375 58.8375 100.25
      vertex 61.8375 58.8375 18.25
    endloop
  endfacet
  facet normal -0.923878 -0.382687 0
    outer loop
      vertex 61.8375 58.8375 100.25
      vertex 62.93 56.2 18.25
      vertex 62.93 56.2 100.25
    endloop
  endfacet
  facet normal 0.923878 -0.382687 0
    outer loop
      vertex 55.47 56.2 100.25
      vertex 56.5625 58.8375 18.25
      vertex 56.5625 58.8375 100.25
    endloop
  endfacet
  facet normal 0.923878 -0.382687 0
    outer loop
      vertex 56.5625 58.8375 18.25
      vertex 55.47 56.2 100.25
      vertex 55.47 56.2 18.25
    endloop
  endfacet
  facet normal 0 0 1
    outer loop
      vertex 61.8375 58.8375 18.25
      vertex 61.8375 53.5625 18.25
      vertex 62.93 56.2 18.25
    endloop
  endfacet
  facet normal 0 0 1
    outer loop
      vertex 59.2 59.93 18.25
      vertex 61.8375 53.5625 18.25
      vertex 61.8375 58.8375 18.25
    endloop
  endfacet
  facet normal 0 0 1
    outer loop
      vertex 59.2 59.93 18.25
      vertex 59.2 52.47 18.25
      vertex 61.8375 53.5625 18.25
    endloop
  endfacet
  facet normal -0 0 1
    outer loop
      vertex 56.5625 58.8375 18.25
      vertex 59.2 52.47 18.25
      vertex 59.2 59.93 18.25
    endloop
  endfacet
  facet normal 0 0 1
    outer loop
      vertex 56.5625 58.8375 18.25
      vertex 56.5625 53.5625 18.25
      vertex 59.2 52.47 18.25
    endloop
  endfacet
  facet normal 0 -0 1
    outer loop
      vertex 56.5625 53.5625 18.25
      vertex 56.5625 58.8375 18.25
      vertex 55.47 56.2 18.25
    endloop
  endfacet
  facet normal 0.382687 -0.923878 0
    outer loop
      vertex 56.5625 58.8375 18.25
      vertex 59.2 59.93 100.25
      vertex 56.5625 58.8375 100.25
    endloop
  endfacet
  facet normal 0.382687 -0.923878 0
    outer loop
      vertex 59.2 59.93 100.25
      vertex 56.5625 58.8375 18.25
      vertex 59.2 59.93 18.25
    endloop
  endfacet
  facet normal -0.382687 -0.923878 0
    outer loop
      vertex 59.2 59.93 18.25
      vertex 61.8375 58.8375 100.25
      vertex 59.2 59.93 100.25
    endloop
  endfacet
  facet normal -0.382687 -0.923878 -0
    outer loop
      vertex 61.8375 58.8375 100.25
      vertex 59.2 59.93 18.25
      vertex 61.8375 58.8375 18.25
    endloop
  endfacet
  facet normal -0.382687 0.923878 0
    outer loop
      vertex 61.8375 53.5625 18.25
      vertex 59.2 52.47 100.25
      vertex 61.8375 53.5625 100.25
    endloop
  endfacet
  facet normal -0.382687 0.923878 0
    outer loop
      vertex 59.2 52.47 100.25
      vertex 61.8375 53.5625 18.25
      vertex 59.2 52.47 18.25
    endloop
  endfacet
  facet normal 0.923878 0.382687 0
    outer loop
      vertex 56.5625 53.5625 100.25
      vertex 55.47 56.2 18.25
      vertex 55.47 56.2 100.25
    endloop
  endfacet
  facet normal 0.923878 0.382687 0
    outer loop
      vertex 55.47 56.2 18.25
      vertex 56.5625 53.5625 100.25
      vertex 56.5625 53.5625 18.25
    endloop
  endfacet
  facet normal -0.923878 0.382687 0
    outer loop
      vertex 61.8375 53.5625 18.25
      vertex 62.93 56.2 100.25
      vertex 62.93 56.2 18.25
    endloop
  endfacet
  facet normal -0.923878 0.382687 0
    outer loop
      vertex 62.93 56.2 100.25
      vertex 61.8375 53.5625 18.25
      vertex 61.8375 53.5625 100.25
    endloop
  endfacet
  facet normal 0.382687 0.923878 -0
    outer loop
      vertex 59.2 52.47 18.25
      vertex 56.5625 53.5625 100.25
      vertex 59.2 52.47 100.25
    endloop
  endfacet
  facet normal 0.382687 0.923878 0
    outer loop
      vertex 56.5625 53.5625 100.25
      vertex 59.2 52.47 18.25
      vertex 56.5625 53.5625 18.25
    endloop
  endfacet
  facet normal -0.923878 -0.382687 0
    outer loop
      vertex 62.93 65.2 18.25
      vertex 61.8375 67.8375 100.25
      vertex 61.8375 67.8375 18.25
    endloop
  endfacet
  facet normal -0.923878 -0.382687 0
    outer loop
      vertex 61.8375 67.8375 100.25
      vertex 62.93 65.2 18.25
      vertex 62.93 65.2 100.25
    endloop
  endfacet
  facet normal 0.923878 -0.382687 0
    outer loop
      vertex 55.47 65.2 100.25
      vertex 56.5625 67.8375 18.25
      vertex 56.5625 67.8375 100.25
    endloop
  endfacet
  facet normal 0.923878 -0.382687 0
    outer loop
      vertex 56.5625 67.8375 18.25
      vertex 55.47 65.2 100.25
      vertex 55.47 65.2 18.25
    endloop
  endfacet
  facet normal 0 0 1
    outer loop
      vertex 61.8375 67.8375 18.25
      vertex 61.8375 62.5625 18.25
      vertex 62.93 65.2 18.25
    endloop
  endfacet
  facet normal 0 0 1
    outer loop
      vertex 59.2 68.93 18.25
      vertex 61.8375 62.5625 18.25
      vertex 61.8375 67.8375 18.25
    endloop
  endfacet
  facet normal 0 0 1
    outer loop
      vertex 59.2 68.93 18.25
      vertex 59.2 61.47 18.25
      vertex 61.8375 62.5625 18.25
    endloop
  endfacet
  facet normal -0 0 1
    outer loop
      vertex 56.5625 67.8375 18.25
      vertex 59.2 61.47 18.25
      vertex 59.2 68.93 18.25
    endloop
  endfacet
  facet normal 0 0 1
    outer loop
      vertex 56.5625 67.8375 18.25
      vertex 56.5625 62.5625 18.25
      vertex 59.2 61.47 18.25
    endloop
  endfacet
  facet normal 0 -0 1
    outer loop
      vertex 56.5625 62.5625 18.25
      vertex 56.5625 67.8375 18.25
      vertex 55.47 65.2 18.25
    endloop
  endfacet
  facet normal 0.382687 -0.923878 0
    outer loop
      vertex 56.5625 67.8375 18.25
      vertex 59.2 68.93 100.25
      vertex 56.5625 67.8375 100.25
    endloop
  endfacet
  facet normal 0.382687 -0.923878 0
    outer loop
      vertex 59.2 68.93 100.25
      vertex 56.5625 67.8375 18.25
      vertex 59.2 68.93 18.25
    endloop
  endfacet
  facet normal -0.382687 -0.923878 0
    outer loop
      vertex 59.2 68.93 18.25
      vertex 61.8375 67.8375 100.25
      vertex 59.2 68.93 100.25
    endloop
  endfacet
  facet normal -0.382687 -0.923878 -0
    outer loop
      vertex 61.8375 67.8375 100.25
      vertex 59.2 68.93 18.25
      vertex 61.8375 67.8375 18.25
    endloop
  endfacet
  facet normal -0.382687 0.923878 0
    outer loop
      vertex 61.8375 62.5625 18.25
      vertex 59.2 61.47 100.25
      vertex 61.8375 62.5625 100.25
    endloop
  endfacet
  facet normal -0.382687 0.923878 0
    outer loop
      vertex 59.2 61.47 100.25
      vertex 61.8375 62.5625 18.25
      vertex 59.2 61.47 18.25
    endloop
  endfacet
  facet normal 0.923878 0.382687 0
    outer loop
      vertex 56.5625 62.5625 100.25
      vertex 55.47 65.2 18.25
      vertex 55.47 65.2 100.25
    endloop
  endfacet
  facet normal 0.923878 0.382687 0
    outer loop
      vertex 55.47 65.2 18.25
      vertex 56.5625 62.5625 100.25
      vertex 56.5625 62.5625 18.25
    endloop
  endfacet
  facet normal -0.923878 0.382687 0
    outer loop
      vertex 61.8375 62.5625 18.25
      vertex 62.93 65.2 100.25
      vertex 62.93 65.2 18.25
    endloop
  endfacet
  facet normal -0.923878 0.382687 0
    outer loop
      vertex 62.93 65.2 100.25
      vertex 61.8375 62.5625 18.25
      vertex 61.8375 62.5625 100.25
    endloop
  endfacet
  facet normal 0.382687 0.923878 -0
    outer loop
      vertex 59.2 61.47 18.25
      vertex 56.5625 62.5625 100.25
      vertex 59.2 61.47 100.25
    endloop
  endfacet
  facet normal 0.382687 0.923878 0
    outer loop
      vertex 56.5625 62.5625 100.25
      vertex 59.2 61.47 18.25
      vertex 56.5625 62.5625 18.25
    endloop
  endfacet
  facet normal -0.923878 -0.382687 0
    outer loop
      vertex 62.93 74.2 18.25
      vertex 61.8375 76.8375 100.25
      vertex 61.8375 76.8375 18.25
    endloop
  endfacet
  facet normal -0.923878 -0.382687 0
    outer loop
      vertex 61.8375 76.8375 100.25
      vertex 62.93 74.2 18.25
      vertex 62.93 74.2 100.25
    endloop
  endfacet
  facet normal 0.923878 -0.382687 0
    outer loop
      vertex 55.47 74.2 100.25
      vertex 56.5625 76.8375 18.25
      vertex 56.5625 76.8375 100.25
    endloop
  endfacet
  facet normal 0.923878 -0.382687 0
    outer loop
      vertex 56.5625 76.8375 18.25
      vertex 55.47 74.2 100.25
      vertex 55.47 74.2 18.25
    endloop
  endfacet
  facet normal 0 0 1
    outer loop
      vertex 61.8375 76.8375 18.25
      vertex 61.8375 71.5625 18.25
      vertex 62.93 74.2 18.25
    endloop
  endfacet
  facet normal 0 0 1
    outer loop
      vertex 59.2 77.93 18.25
      vertex 61.8375 71.5625 18.25
      vertex 61.8375 76.8375 18.25
    endloop
  endfacet
  facet normal 0 0 1
    outer loop
      vertex 59.2 77.93 18.25
      vertex 59.2 70.47 18.25
      vertex 61.8375 71.5625 18.25
    endloop
  endfacet
  facet normal -0 0 1
    outer loop
      vertex 56.5625 76.8375 18.25
      vertex 59.2 70.47 18.25
      vertex 59.2 77.93 18.25
    endloop
  endfacet
  facet normal 0 0 1
    outer loop
      vertex 56.5625 76.8375 18.25
      vertex 56.5625 71.5625 18.25
      vertex 59.2 70.47 18.25
    endloop
  endfacet
  facet normal 0 -0 1
    outer loop
      vertex 56.5625 71.5625 18.25
      vertex 56.5625 76.8375 18.25
      vertex 55.47 74.2 18.25
    endloop
  endfacet
  facet normal 0.382687 -0.923878 0
    outer loop
      vertex 56.5625 76.8375 18.25
      vertex 59.2 77.93 100.25
      vertex 56.5625 76.8375 100.25
    endloop
  endfacet
  facet normal 0.382687 -0.923878 0
    outer loop
      vertex 59.2 77.93 100.25
      vertex 56.5625 76.8375 18.25
      vertex 59.2 77.93 18.25
    endloop
  endfacet
  facet normal -0.382687 -0.923878 0
    outer loop
      vertex 59.2 77.93 18.25
      vertex 61.8375 76.8375 100.25
      vertex 59.2 77.93 100.25
    endloop
  endfacet
  facet normal -0.382687 -0.923878 -0
    outer loop
      vertex 61.8375 76.8375 100.25
      vertex 59.2 77.93 18.25
      vertex 61.8375 76.8375 18.25
    endloop
  endfacet
  facet normal -0.382687 0.923878 0
    outer loop
      vertex 61.8375 71.5625 18.25
      vertex 59.2 70.47 100.25
      vertex 61.8375 71.5625 100.25
    endloop
  endfacet
  facet normal -0.382687 0.923878 0
    outer loop
      vertex 59.2 70.47 100.25
      vertex 61.8375 71.5625 18.25
      vertex 59.2 70.47 18.25
    endloop
  endfacet
  facet normal 0.923878 0.382687 0
    outer loop
      vertex 56.5625 71.5625 100.25
      vertex 55.47 74.2 18.25
      vertex 55.47 74.2 100.25
    endloop
  endfacet
  facet normal 0.923878 0.382687 0
    outer loop
      vertex 55.47 74.2 18.25
      vertex 56.5625 71.5625 100.25
      vertex 56.5625 71.5625 18.25
    endloop
  endfacet
  facet normal -0.923878 0.382687 0
    outer loop
      vertex 61.8375 71.5625 18.25
      vertex 62.93 74.2 100.25
      vertex 62.93 74.2 18.25
    endloop
  endfacet
  facet normal -0.923878 0.382687 0
    outer loop
      vertex 62.93 74.2 100.25
      vertex 61.8375 71.5625 18.25
      vertex 61.8375 71.5625 100.25
    endloop
  endfacet
  facet normal 0.382687 0.923878 -0
    outer loop
      vertex 59.2 70.47 18.25
      vertex 56.5625 71.5625 100.25
      vertex 59.2 70.47 100.25
    endloop
  endfacet
  facet normal 0.382687 0.923878 0
    outer loop
      vertex 56.5625 71.5625 100.25
      vertex 59.2 70.47 18.25
      vertex 56.5625 71.5625 18.25
    endloop
  endfacet
  facet normal -0.923878 -0.382687 0
    outer loop
      vertex 71.93 11.2 18.25
      vertex 70.8375 13.8375 100.25
      vertex 70.8375 13.8375 18.25
    endloop
  endfacet
  facet normal -0.923878 -0.382687 0
    outer loop
      vertex 70.8375 13.8375 100.25
      vertex 71.93 11.2 18.25
      vertex 71.93 11.2 100.25
    endloop
  endfacet
  facet normal 0.923878 -0.382687 0
    outer loop
      vertex 64.47 11.2 100.25
      vertex 65.5625 13.8375 18.25
      vertex 65.5625 13.8375 100.25
    endloop
  endfacet
  facet normal 0.923878 -0.382687 0
    outer loop
      vertex 65.5625 13.8375 18.25
      vertex 64.47 11.2 100.25
      vertex 64.47 11.2 18.25
    endloop
  endfacet
  facet normal 0 0 1
    outer loop
      vertex 70.8375 13.8375 18.25
      vertex 70.8375 8.56249 18.25
      vertex 71.93 11.2 18.25
    endloop
  endfacet
  facet normal 0 0 1
    outer loop
      vertex 68.2 14.93 18.25
      vertex 70.8375 8.56249 18.25
      vertex 70.8375 13.8375 18.25
    endloop
  endfacet
  facet normal 0 0 1
    outer loop
      vertex 68.2 14.93 18.25
      vertex 68.2 7.47 18.25
      vertex 70.8375 8.56249 18.25
    endloop
  endfacet
  facet normal -0 0 1
    outer loop
      vertex 65.5625 13.8375 18.25
      vertex 68.2 7.47 18.25
      vertex 68.2 14.93 18.25
    endloop
  endfacet
  facet normal 0 0 1
    outer loop
      vertex 65.5625 13.8375 18.25
      vertex 65.5625 8.56249 18.25
      vertex 68.2 7.47 18.25
    endloop
  endfacet
  facet normal 0 -0 1
    outer loop
      vertex 65.5625 8.56249 18.25
      vertex 65.5625 13.8375 18.25
      vertex 64.47 11.2 18.25
    endloop
  endfacet
  facet normal 0.382687 -0.923878 0
    outer loop
      vertex 65.5625 13.8375 18.25
      vertex 68.2 14.93 100.25
      vertex 65.5625 13.8375 100.25
    endloop
  endfacet
  facet normal 0.382687 -0.923878 0
    outer loop
      vertex 68.2 14.93 100.25
      vertex 65.5625 13.8375 18.25
      vertex 68.2 14.93 18.25
    endloop
  endfacet
  facet normal -0.382687 -0.923878 0
    outer loop
      vertex 68.2 14.93 18.25
      vertex 70.8375 13.8375 100.25
      vertex 68.2 14.93 100.25
    endloop
  endfacet
  facet normal -0.382687 -0.923878 -0
    outer loop
      vertex 70.8375 13.8375 100.25
      vertex 68.2 14.93 18.25
      vertex 70.8375 13.8375 18.25
    endloop
  endfacet
  facet normal -0.382684 0.923879 0
    outer loop
      vertex 70.8375 8.56249 18.25
      vertex 68.2 7.47 100.25
      vertex 70.8375 8.56249 100.25
    endloop
  endfacet
  facet normal -0.382684 0.923879 0
    outer loop
      vertex 68.2 7.47 100.25
      vertex 70.8375 8.56249 18.25
      vertex 68.2 7.47 18.25
    endloop
  endfacet
  facet normal 0.923879 0.382686 0
    outer loop
      vertex 65.5625 8.56249 100.25
      vertex 64.47 11.2 18.25
      vertex 64.47 11.2 100.25
    endloop
  endfacet
  facet normal 0.923879 0.382686 0
    outer loop
      vertex 64.47 11.2 18.25
      vertex 65.5625 8.56249 100.25
      vertex 65.5625 8.56249 18.25
    endloop
  endfacet
  facet normal -0.923879 0.382686 0
    outer loop
      vertex 70.8375 8.56249 18.25
      vertex 71.93 11.2 100.25
      vertex 71.93 11.2 18.25
    endloop
  endfacet
  facet normal -0.923879 0.382686 0
    outer loop
      vertex 71.93 11.2 100.25
      vertex 70.8375 8.56249 18.25
      vertex 70.8375 8.56249 100.25
    endloop
  endfacet
  facet normal 0.382684 0.923879 -0
    outer loop
      vertex 68.2 7.47 18.25
      vertex 65.5625 8.56249 100.25
      vertex 68.2 7.47 100.25
    endloop
  endfacet
  facet normal 0.382684 0.923879 0
    outer loop
      vertex 65.5625 8.56249 100.25
      vertex 68.2 7.47 18.25
      vertex 65.5625 8.56249 18.25
    endloop
  endfacet
  facet normal -0.923878 -0.382687 0
    outer loop
      vertex 71.93 20.2 18.25
      vertex 70.8375 22.8375 100.25
      vertex 70.8375 22.8375 18.25
    endloop
  endfacet
  facet normal -0.923878 -0.382687 0
    outer loop
      vertex 70.8375 22.8375 100.25
      vertex 71.93 20.2 18.25
      vertex 71.93 20.2 100.25
    endloop
  endfacet
  facet normal 0.923878 -0.382687 0
    outer loop
      vertex 64.47 20.2 100.25
      vertex 65.5625 22.8375 18.25
      vertex 65.5625 22.8375 100.25
    endloop
  endfacet
  facet normal 0.923878 -0.382687 0
    outer loop
      vertex 65.5625 22.8375 18.25
      vertex 64.47 20.2 100.25
      vertex 64.47 20.2 18.25
    endloop
  endfacet
  facet normal 0 0 1
    outer loop
      vertex 70.8375 22.8375 18.25
      vertex 70.8375 17.5625 18.25
      vertex 71.93 20.2 18.25
    endloop
  endfacet
  facet normal 0 0 1
    outer loop
      vertex 68.2 23.93 18.25
      vertex 70.8375 17.5625 18.25
      vertex 70.8375 22.8375 18.25
    endloop
  endfacet
  facet normal 0 0 1
    outer loop
      vertex 68.2 23.93 18.25
      vertex 68.2 16.47 18.25
      vertex 70.8375 17.5625 18.25
    endloop
  endfacet
  facet normal -0 0 1
    outer loop
      vertex 65.5625 22.8375 18.25
      vertex 68.2 16.47 18.25
      vertex 68.2 23.93 18.25
    endloop
  endfacet
  facet normal 0 0 1
    outer loop
      vertex 65.5625 22.8375 18.25
      vertex 65.5625 17.5625 18.25
      vertex 68.2 16.47 18.25
    endloop
  endfacet
  facet normal 0 -0 1
    outer loop
      vertex 65.5625 17.5625 18.25
      vertex 65.5625 22.8375 18.25
      vertex 64.47 20.2 18.25
    endloop
  endfacet
  facet normal 0.382687 -0.923878 0
    outer loop
      vertex 65.5625 22.8375 18.25
      vertex 68.2 23.93 100.25
      vertex 65.5625 22.8375 100.25
    endloop
  endfacet
  facet normal 0.382687 -0.923878 0
    outer loop
      vertex 68.2 23.93 100.25
      vertex 65.5625 22.8375 18.25
      vertex 68.2 23.93 18.25
    endloop
  endfacet
  facet normal -0.382687 -0.923878 0
    outer loop
      vertex 68.2 23.93 18.25
      vertex 70.8375 22.8375 100.25
      vertex 68.2 23.93 100.25
    endloop
  endfacet
  facet normal -0.382687 -0.923878 -0
    outer loop
      vertex 70.8375 22.8375 100.25
      vertex 68.2 23.93 18.25
      vertex 70.8375 22.8375 18.25
    endloop
  endfacet
  facet normal -0.382687 0.923878 0
    outer loop
      vertex 70.8375 17.5625 18.25
      vertex 68.2 16.47 100.25
      vertex 70.8375 17.5625 100.25
    endloop
  endfacet
  facet normal -0.382687 0.923878 0
    outer loop
      vertex 68.2 16.47 100.25
      vertex 70.8375 17.5625 18.25
      vertex 68.2 16.47 18.25
    endloop
  endfacet
  facet normal 0.923878 0.382687 0
    outer loop
      vertex 65.5625 17.5625 100.25
      vertex 64.47 20.2 18.25
      vertex 64.47 20.2 100.25
    endloop
  endfacet
  facet normal 0.923878 0.382687 0
    outer loop
      vertex 64.47 20.2 18.25
      vertex 65.5625 17.5625 100.25
      vertex 65.5625 17.5625 18.25
    endloop
  endfacet
  facet normal -0.923878 0.382687 0
    outer loop
      vertex 70.8375 17.5625 18.25
      vertex 71.93 20.2 100.25
      vertex 71.93 20.2 18.25
    endloop
  endfacet
  facet normal -0.923878 0.382687 0
    outer loop
      vertex 71.93 20.2 100.25
      vertex 70.8375 17.5625 18.25
      vertex 70.8375 17.5625 100.25
    endloop
  endfacet
  facet normal 0.382687 0.923878 -0
    outer loop
      vertex 68.2 16.47 18.25
      vertex 65.5625 17.5625 100.25
      vertex 68.2 16.47 100.25
    endloop
  endfacet
  facet normal 0.382687 0.923878 0
    outer loop
      vertex 65.5625 17.5625 100.25
      vertex 68.2 16.47 18.25
      vertex 65.5625 17.5625 18.25
    endloop
  endfacet
  facet normal -0.923878 -0.382687 0
    outer loop
      vertex 71.93 29.2 18.25
      vertex 70.8375 31.8375 100.25
      vertex 70.8375 31.8375 18.25
    endloop
  endfacet
  facet normal -0.923878 -0.382687 0
    outer loop
      vertex 70.8375 31.8375 100.25
      vertex 71.93 29.2 18.25
      vertex 71.93 29.2 100.25
    endloop
  endfacet
  facet normal 0.923878 -0.382687 0
    outer loop
      vertex 64.47 29.2 100.25
      vertex 65.5625 31.8375 18.25
      vertex 65.5625 31.8375 100.25
    endloop
  endfacet
  facet normal 0.923878 -0.382687 0
    outer loop
      vertex 65.5625 31.8375 18.25
      vertex 64.47 29.2 100.25
      vertex 64.47 29.2 18.25
    endloop
  endfacet
  facet normal 0 0 1
    outer loop
      vertex 70.8375 31.8375 18.25
      vertex 70.8375 26.5625 18.25
      vertex 71.93 29.2 18.25
    endloop
  endfacet
  facet normal 0 0 1
    outer loop
      vertex 68.2 32.93 18.25
      vertex 70.8375 26.5625 18.25
      vertex 70.8375 31.8375 18.25
    endloop
  endfacet
  facet normal 0 0 1
    outer loop
      vertex 68.2 32.93 18.25
      vertex 68.2 25.47 18.25
      vertex 70.8375 26.5625 18.25
    endloop
  endfacet
  facet normal -0 0 1
    outer loop
      vertex 65.5625 31.8375 18.25
      vertex 68.2 25.47 18.25
      vertex 68.2 32.93 18.25
    endloop
  endfacet
  facet normal 0 0 1
    outer loop
      vertex 65.5625 31.8375 18.25
      vertex 65.5625 26.5625 18.25
      vertex 68.2 25.47 18.25
    endloop
  endfacet
  facet normal 0 -0 1
    outer loop
      vertex 65.5625 26.5625 18.25
      vertex 65.5625 31.8375 18.25
      vertex 64.47 29.2 18.25
    endloop
  endfacet
  facet normal 0.382687 -0.923878 0
    outer loop
      vertex 65.5625 31.8375 18.25
      vertex 68.2 32.93 100.25
      vertex 65.5625 31.8375 100.25
    endloop
  endfacet
  facet normal 0.382687 -0.923878 0
    outer loop
      vertex 68.2 32.93 100.25
      vertex 65.5625 31.8375 18.25
      vertex 68.2 32.93 18.25
    endloop
  endfacet
  facet normal -0.382687 -0.923878 0
    outer loop
      vertex 68.2 32.93 18.25
      vertex 70.8375 31.8375 100.25
      vertex 68.2 32.93 100.25
    endloop
  endfacet
  facet normal -0.382687 -0.923878 -0
    outer loop
      vertex 70.8375 31.8375 100.25
      vertex 68.2 32.93 18.25
      vertex 70.8375 31.8375 18.25
    endloop
  endfacet
  facet normal -0.382687 0.923878 0
    outer loop
      vertex 70.8375 26.5625 18.25
      vertex 68.2 25.47 100.25
      vertex 70.8375 26.5625 100.25
    endloop
  endfacet
  facet normal -0.382687 0.923878 0
    outer loop
      vertex 68.2 25.47 100.25
      vertex 70.8375 26.5625 18.25
      vertex 68.2 25.47 18.25
    endloop
  endfacet
  facet normal 0.923878 0.382687 0
    outer loop
      vertex 65.5625 26.5625 100.25
      vertex 64.47 29.2 18.25
      vertex 64.47 29.2 100.25
    endloop
  endfacet
  facet normal 0.923878 0.382687 0
    outer loop
      vertex 64.47 29.2 18.25
      vertex 65.5625 26.5625 100.25
      vertex 65.5625 26.5625 18.25
    endloop
  endfacet
  facet normal -0.923878 0.382687 0
    outer loop
      vertex 70.8375 26.5625 18.25
      vertex 71.93 29.2 100.25
      vertex 71.93 29.2 18.25
    endloop
  endfacet
  facet normal -0.923878 0.382687 0
    outer loop
      vertex 71.93 29.2 100.25
      vertex 70.8375 26.5625 18.25
      vertex 70.8375 26.5625 100.25
    endloop
  endfacet
  facet normal 0.382687 0.923878 -0
    outer loop
      vertex 68.2 25.47 18.25
      vertex 65.5625 26.5625 100.25
      vertex 68.2 25.47 100.25
    endloop
  endfacet
  facet normal 0.382687 0.923878 0
    outer loop
      vertex 65.5625 26.5625 100.25
      vertex 68.2 25.47 18.25
      vertex 65.5625 26.5625 18.25
    endloop
  endfacet
  facet normal -0.923878 -0.382687 0
    outer loop
      vertex 71.93 38.2 18.25
      vertex 70.8375 40.8375 100.25
      vertex 70.8375 40.8375 18.25
    endloop
  endfacet
  facet normal -0.923878 -0.382687 0
    outer loop
      vertex 70.8375 40.8375 100.25
      vertex 71.93 38.2 18.25
      vertex 71.93 38.2 100.25
    endloop
  endfacet
  facet normal 0.923878 -0.382687 0
    outer loop
      vertex 64.47 38.2 100.25
      vertex 65.5625 40.8375 18.25
      vertex 65.5625 40.8375 100.25
    endloop
  endfacet
  facet normal 0.923878 -0.382687 0
    outer loop
      vertex 65.5625 40.8375 18.25
      vertex 64.47 38.2 100.25
      vertex 64.47 38.2 18.25
    endloop
  endfacet
  facet normal 0 0 1
    outer loop
      vertex 70.8375 40.8375 18.25
      vertex 70.8375 35.5625 18.25
      vertex 71.93 38.2 18.25
    endloop
  endfacet
  facet normal 0 0 1
    outer loop
      vertex 68.2 41.93 18.25
      vertex 70.8375 35.5625 18.25
      vertex 70.8375 40.8375 18.25
    endloop
  endfacet
  facet normal 0 0 1
    outer loop
      vertex 68.2 41.93 18.25
      vertex 68.2 34.47 18.25
      vertex 70.8375 35.5625 18.25
    endloop
  endfacet
  facet normal -0 0 1
    outer loop
      vertex 65.5625 40.8375 18.25
      vertex 68.2 34.47 18.25
      vertex 68.2 41.93 18.25
    endloop
  endfacet
  facet normal 0 0 1
    outer loop
      vertex 65.5625 40.8375 18.25
      vertex 65.5625 35.5625 18.25
      vertex 68.2 34.47 18.25
    endloop
  endfacet
  facet normal 0 -0 1
    outer loop
      vertex 65.5625 35.5625 18.25
      vertex 65.5625 40.8375 18.25
      vertex 64.47 38.2 18.25
    endloop
  endfacet
  facet normal 0.382687 -0.923878 0
    outer loop
      vertex 65.5625 40.8375 18.25
      vertex 68.2 41.93 100.25
      vertex 65.5625 40.8375 100.25
    endloop
  endfacet
  facet normal 0.382687 -0.923878 0
    outer loop
      vertex 68.2 41.93 100.25
      vertex 65.5625 40.8375 18.25
      vertex 68.2 41.93 18.25
    endloop
  endfacet
  facet normal -0.382687 -0.923878 0
    outer loop
      vertex 68.2 41.93 18.25
      vertex 70.8375 40.8375 100.25
      vertex 68.2 41.93 100.25
    endloop
  endfacet
  facet normal -0.382687 -0.923878 -0
    outer loop
      vertex 70.8375 40.8375 100.25
      vertex 68.2 41.93 18.25
      vertex 70.8375 40.8375 18.25
    endloop
  endfacet
  facet normal -0.382687 0.923878 0
    outer loop
      vertex 70.8375 35.5625 18.25
      vertex 68.2 34.47 100.25
      vertex 70.8375 35.5625 100.25
    endloop
  endfacet
  facet normal -0.382687 0.923878 0
    outer loop
      vertex 68.2 34.47 100.25
      vertex 70.8375 35.5625 18.25
      vertex 68.2 34.47 18.25
    endloop
  endfacet
  facet normal 0.923878 0.382687 0
    outer loop
      vertex 65.5625 35.5625 100.25
      vertex 64.47 38.2 18.25
      vertex 64.47 38.2 100.25
    endloop
  endfacet
  facet normal 0.923878 0.382687 0
    outer loop
      vertex 64.47 38.2 18.25
      vertex 65.5625 35.5625 100.25
      vertex 65.5625 35.5625 18.25
    endloop
  endfacet
  facet normal -0.923878 0.382687 0
    outer loop
      vertex 70.8375 35.5625 18.25
      vertex 71.93 38.2 100.25
      vertex 71.93 38.2 18.25
    endloop
  endfacet
  facet normal -0.923878 0.382687 0
    outer loop
      vertex 71.93 38.2 100.25
      vertex 70.8375 35.5625 18.25
      vertex 70.8375 35.5625 100.25
    endloop
  endfacet
  facet normal 0.382687 0.923878 -0
    outer loop
      vertex 68.2 34.47 18.25
      vertex 65.5625 35.5625 100.25
      vertex 68.2 34.47 100.25
    endloop
  endfacet
  facet normal 0.382687 0.923878 0
    outer loop
      vertex 65.5625 35.5625 100.25
      vertex 68.2 34.47 18.25
      vertex 65.5625 35.5625 18.25
    endloop
  endfacet
  facet normal -0.923878 -0.382687 0
    outer loop
      vertex 71.93 47.2 18.25
      vertex 70.8375 49.8375 100.25
      vertex 70.8375 49.8375 18.25
    endloop
  endfacet
  facet normal -0.923878 -0.382687 0
    outer loop
      vertex 70.8375 49.8375 100.25
      vertex 71.93 47.2 18.25
      vertex 71.93 47.2 100.25
    endloop
  endfacet
  facet normal 0.923878 -0.382687 0
    outer loop
      vertex 64.47 47.2 100.25
      vertex 65.5625 49.8375 18.25
      vertex 65.5625 49.8375 100.25
    endloop
  endfacet
  facet normal 0.923878 -0.382687 0
    outer loop
      vertex 65.5625 49.8375 18.25
      vertex 64.47 47.2 100.25
      vertex 64.47 47.2 18.25
    endloop
  endfacet
  facet normal 0 0 1
    outer loop
      vertex 70.8375 49.8375 18.25
      vertex 70.8375 44.5625 18.25
      vertex 71.93 47.2 18.25
    endloop
  endfacet
  facet normal 0 0 1
    outer loop
      vertex 68.2 50.93 18.25
      vertex 70.8375 44.5625 18.25
      vertex 70.8375 49.8375 18.25
    endloop
  endfacet
  facet normal 0 0 1
    outer loop
      vertex 68.2 50.93 18.25
      vertex 68.2 43.47 18.25
      vertex 70.8375 44.5625 18.25
    endloop
  endfacet
  facet normal -0 0 1
    outer loop
      vertex 65.5625 49.8375 18.25
      vertex 68.2 43.47 18.25
      vertex 68.2 50.93 18.25
    endloop
  endfacet
  facet normal 0 0 1
    outer loop
      vertex 65.5625 49.8375 18.25
      vertex 65.5625 44.5625 18.25
      vertex 68.2 43.47 18.25
    endloop
  endfacet
  facet normal 0 -0 1
    outer loop
      vertex 65.5625 44.5625 18.25
      vertex 65.5625 49.8375 18.25
      vertex 64.47 47.2 18.25
    endloop
  endfacet
  facet normal 0.382687 -0.923878 0
    outer loop
      vertex 65.5625 49.8375 18.25
      vertex 68.2 50.93 100.25
      vertex 65.5625 49.8375 100.25
    endloop
  endfacet
  facet normal 0.382687 -0.923878 0
    outer loop
      vertex 68.2 50.93 100.25
      vertex 65.5625 49.8375 18.25
      vertex 68.2 50.93 18.25
    endloop
  endfacet
  facet normal -0.382687 -0.923878 0
    outer loop
      vertex 68.2 50.93 18.25
      vertex 70.8375 49.8375 100.25
      vertex 68.2 50.93 100.25
    endloop
  endfacet
  facet normal -0.382687 -0.923878 -0
    outer loop
      vertex 70.8375 49.8375 100.25
      vertex 68.2 50.93 18.25
      vertex 70.8375 49.8375 18.25
    endloop
  endfacet
  facet normal -0.382687 0.923878 0
    outer loop
      vertex 70.8375 44.5625 18.25
      vertex 68.2 43.47 100.25
      vertex 70.8375 44.5625 100.25
    endloop
  endfacet
  facet normal -0.382687 0.923878 0
    outer loop
      vertex 68.2 43.47 100.25
      vertex 70.8375 44.5625 18.25
      vertex 68.2 43.47 18.25
    endloop
  endfacet
  facet normal 0.923878 0.382687 0
    outer loop
      vertex 65.5625 44.5625 100.25
      vertex 64.47 47.2 18.25
      vertex 64.47 47.2 100.25
    endloop
  endfacet
  facet normal 0.923878 0.382687 0
    outer loop
      vertex 64.47 47.2 18.25
      vertex 65.5625 44.5625 100.25
      vertex 65.5625 44.5625 18.25
    endloop
  endfacet
  facet normal -0.923878 0.382687 0
    outer loop
      vertex 70.8375 44.5625 18.25
      vertex 71.93 47.2 100.25
      vertex 71.93 47.2 18.25
    endloop
  endfacet
  facet normal -0.923878 0.382687 0
    outer loop
      vertex 71.93 47.2 100.25
      vertex 70.8375 44.5625 18.25
      vertex 70.8375 44.5625 100.25
    endloop
  endfacet
  facet normal 0.382687 0.923878 -0
    outer loop
      vertex 68.2 43.47 18.25
      vertex 65.5625 44.5625 100.25
      vertex 68.2 43.47 100.25
    endloop
  endfacet
  facet normal 0.382687 0.923878 0
    outer loop
      vertex 65.5625 44.5625 100.25
      vertex 68.2 43.47 18.25
      vertex 65.5625 44.5625 18.25
    endloop
  endfacet
  facet normal -0.923878 -0.382687 0
    outer loop
      vertex 71.93 56.2 18.25
      vertex 70.8375 58.8375 100.25
      vertex 70.8375 58.8375 18.25
    endloop
  endfacet
  facet normal -0.923878 -0.382687 0
    outer loop
      vertex 70.8375 58.8375 100.25
      vertex 71.93 56.2 18.25
      vertex 71.93 56.2 100.25
    endloop
  endfacet
  facet normal 0.923878 -0.382687 0
    outer loop
      vertex 64.47 56.2 100.25
      vertex 65.5625 58.8375 18.25
      vertex 65.5625 58.8375 100.25
    endloop
  endfacet
  facet normal 0.923878 -0.382687 0
    outer loop
      vertex 65.5625 58.8375 18.25
      vertex 64.47 56.2 100.25
      vertex 64.47 56.2 18.25
    endloop
  endfacet
  facet normal 0 0 1
    outer loop
      vertex 70.8375 58.8375 18.25
      vertex 70.8375 53.5625 18.25
      vertex 71.93 56.2 18.25
    endloop
  endfacet
  facet normal 0 0 1
    outer loop
      vertex 68.2 59.93 18.25
      vertex 70.8375 53.5625 18.25
      vertex 70.8375 58.8375 18.25
    endloop
  endfacet
  facet normal 0 0 1
    outer loop
      vertex 68.2 59.93 18.25
      vertex 68.2 52.47 18.25
      vertex 70.8375 53.5625 18.25
    endloop
  endfacet
  facet normal -0 0 1
    outer loop
      vertex 65.5625 58.8375 18.25
      vertex 68.2 52.47 18.25
      vertex 68.2 59.93 18.25
    endloop
  endfacet
  facet normal 0 0 1
    outer loop
      vertex 65.5625 58.8375 18.25
      vertex 65.5625 53.5625 18.25
      vertex 68.2 52.47 18.25
    endloop
  endfacet
  facet normal 0 -0 1
    outer loop
      vertex 65.5625 53.5625 18.25
      vertex 65.5625 58.8375 18.25
      vertex 64.47 56.2 18.25
    endloop
  endfacet
  facet normal 0.382687 -0.923878 0
    outer loop
      vertex 65.5625 58.8375 18.25
      vertex 68.2 59.93 100.25
      vertex 65.5625 58.8375 100.25
    endloop
  endfacet
  facet normal 0.382687 -0.923878 0
    outer loop
      vertex 68.2 59.93 100.25
      vertex 65.5625 58.8375 18.25
      vertex 68.2 59.93 18.25
    endloop
  endfacet
  facet normal -0.382687 -0.923878 0
    outer loop
      vertex 68.2 59.93 18.25
      vertex 70.8375 58.8375 100.25
      vertex 68.2 59.93 100.25
    endloop
  endfacet
  facet normal -0.382687 -0.923878 -0
    outer loop
      vertex 70.8375 58.8375 100.25
      vertex 68.2 59.93 18.25
      vertex 70.8375 58.8375 18.25
    endloop
  endfacet
  facet normal -0.382687 0.923878 0
    outer loop
      vertex 70.8375 53.5625 18.25
      vertex 68.2 52.47 100.25
      vertex 70.8375 53.5625 100.25
    endloop
  endfacet
  facet normal -0.382687 0.923878 0
    outer loop
      vertex 68.2 52.47 100.25
      vertex 70.8375 53.5625 18.25
      vertex 68.2 52.47 18.25
    endloop
  endfacet
  facet normal 0.923878 0.382687 0
    outer loop
      vertex 65.5625 53.5625 100.25
      vertex 64.47 56.2 18.25
      vertex 64.47 56.2 100.25
    endloop
  endfacet
  facet normal 0.923878 0.382687 0
    outer loop
      vertex 64.47 56.2 18.25
      vertex 65.5625 53.5625 100.25
      vertex 65.5625 53.5625 18.25
    endloop
  endfacet
  facet normal -0.923878 0.382687 0
    outer loop
      vertex 70.8375 53.5625 18.25
      vertex 71.93 56.2 100.25
      vertex 71.93 56.2 18.25
    endloop
  endfacet
  facet normal -0.923878 0.382687 0
    outer loop
      vertex 71.93 56.2 100.25
      vertex 70.8375 53.5625 18.25
      vertex 70.8375 53.5625 100.25
    endloop
  endfacet
  facet normal 0.382687 0.923878 -0
    outer loop
      vertex 68.2 52.47 18.25
      vertex 65.5625 53.5625 100.25
      vertex 68.2 52.47 100.25
    endloop
  endfacet
  facet normal 0.382687 0.923878 0
    outer loop
      vertex 65.5625 53.5625 100.25
      vertex 68.2 52.47 18.25
      vertex 65.5625 53.5625 18.25
    endloop
  endfacet
  facet normal -0.923878 -0.382687 0
    outer loop
      vertex 71.93 65.2 18.25
      vertex 70.8375 67.8375 100.25
      vertex 70.8375 67.8375 18.25
    endloop
  endfacet
  facet normal -0.923878 -0.382687 0
    outer loop
      vertex 70.8375 67.8375 100.25
      vertex 71.93 65.2 18.25
      vertex 71.93 65.2 100.25
    endloop
  endfacet
  facet normal 0.923878 -0.382687 0
    outer loop
      vertex 64.47 65.2 100.25
      vertex 65.5625 67.8375 18.25
      vertex 65.5625 67.8375 100.25
    endloop
  endfacet
  facet normal 0.923878 -0.382687 0
    outer loop
      vertex 65.5625 67.8375 18.25
      vertex 64.47 65.2 100.25
      vertex 64.47 65.2 18.25
    endloop
  endfacet
  facet normal 0 0 1
    outer loop
      vertex 70.8375 67.8375 18.25
      vertex 70.8375 62.5625 18.25
      vertex 71.93 65.2 18.25
    endloop
  endfacet
  facet normal 0 0 1
    outer loop
      vertex 68.2 68.93 18.25
      vertex 70.8375 62.5625 18.25
      vertex 70.8375 67.8375 18.25
    endloop
  endfacet
  facet normal 0 0 1
    outer loop
      vertex 68.2 68.93 18.25
      vertex 68.2 61.47 18.25
      vertex 70.8375 62.5625 18.25
    endloop
  endfacet
  facet normal -0 0 1
    outer loop
      vertex 65.5625 67.8375 18.25
      vertex 68.2 61.47 18.25
      vertex 68.2 68.93 18.25
    endloop
  endfacet
  facet normal 0 0 1
    outer loop
      vertex 65.5625 67.8375 18.25
      vertex 65.5625 62.5625 18.25
      vertex 68.2 61.47 18.25
    endloop
  endfacet
  facet normal 0 -0 1
    outer loop
      vertex 65.5625 62.5625 18.25
      vertex 65.5625 67.8375 18.25
      vertex 64.47 65.2 18.25
    endloop
  endfacet
  facet normal 0.382687 -0.923878 0
    outer loop
      vertex 65.5625 67.8375 18.25
      vertex 68.2 68.93 100.25
      vertex 65.5625 67.8375 100.25
    endloop
  endfacet
  facet normal 0.382687 -0.923878 0
    outer loop
      vertex 68.2 68.93 100.25
      vertex 65.5625 67.8375 18.25
      vertex 68.2 68.93 18.25
    endloop
  endfacet
  facet normal -0.382687 -0.923878 0
    outer loop
      vertex 68.2 68.93 18.25
      vertex 70.8375 67.8375 100.25
      vertex 68.2 68.93 100.25
    endloop
  endfacet
  facet normal -0.382687 -0.923878 -0
    outer loop
      vertex 70.8375 67.8375 100.25
      vertex 68.2 68.93 18.25
      vertex 70.8375 67.8375 18.25
    endloop
  endfacet
  facet normal -0.382687 0.923878 0
    outer loop
      vertex 70.8375 62.5625 18.25
      vertex 68.2 61.47 100.25
      vertex 70.8375 62.5625 100.25
    endloop
  endfacet
  facet normal -0.382687 0.923878 0
    outer loop
      vertex 68.2 61.47 100.25
      vertex 70.8375 62.5625 18.25
      vertex 68.2 61.47 18.25
    endloop
  endfacet
  facet normal 0.923878 0.382687 0
    outer loop
      vertex 65.5625 62.5625 100.25
      vertex 64.47 65.2 18.25
      vertex 64.47 65.2 100.25
    endloop
  endfacet
  facet normal 0.923878 0.382687 0
    outer loop
      vertex 64.47 65.2 18.25
      vertex 65.5625 62.5625 100.25
      vertex 65.5625 62.5625 18.25
    endloop
  endfacet
  facet normal -0.923878 0.382687 0
    outer loop
      vertex 70.8375 62.5625 18.25
      vertex 71.93 65.2 100.25
      vertex 71.93 65.2 18.25
    endloop
  endfacet
  facet normal -0.923878 0.382687 0
    outer loop
      vertex 71.93 65.2 100.25
      vertex 70.8375 62.5625 18.25
      vertex 70.8375 62.5625 100.25
    endloop
  endfacet
  facet normal 0.382687 0.923878 -0
    outer loop
      vertex 68.2 61.47 18.25
      vertex 65.5625 62.5625 100.25
      vertex 68.2 61.47 100.25
    endloop
  endfacet
  facet normal 0.382687 0.923878 0
    outer loop
      vertex 65.5625 62.5625 100.25
      vertex 68.2 61.47 18.25
      vertex 65.5625 62.5625 18.25
    endloop
  endfacet
  facet normal -0.923878 -0.382687 0
    outer loop
      vertex 71.93 74.2 18.25
      vertex 70.8375 76.8375 100.25
      vertex 70.8375 76.8375 18.25
    endloop
  endfacet
  facet normal -0.923878 -0.382687 0
    outer loop
      vertex 70.8375 76.8375 100.25
      vertex 71.93 74.2 18.25
      vertex 71.93 74.2 100.25
    endloop
  endfacet
  facet normal 0.923878 -0.382687 0
    outer loop
      vertex 64.47 74.2 100.25
      vertex 65.5625 76.8375 18.25
      vertex 65.5625 76.8375 100.25
    endloop
  endfacet
  facet normal 0.923878 -0.382687 0
    outer loop
      vertex 65.5625 76.8375 18.25
      vertex 64.47 74.2 100.25
      vertex 64.47 74.2 18.25
    endloop
  endfacet
  facet normal 0 0 1
    outer loop
      vertex 70.8375 76.8375 18.25
      vertex 70.8375 71.5625 18.25
      vertex 71.93 74.2 18.25
    endloop
  endfacet
  facet normal 0 0 1
    outer loop
      vertex 68.2 77.93 18.25
      vertex 70.8375 71.5625 18.25
      vertex 70.8375 76.8375 18.25
    endloop
  endfacet
  facet normal 0 0 1
    outer loop
      vertex 68.2 77.93 18.25
      vertex 68.2 70.47 18.25
      vertex 70.8375 71.5625 18.25
    endloop
  endfacet
  facet normal -0 0 1
    outer loop
      vertex 65.5625 76.8375 18.25
      vertex 68.2 70.47 18.25
      vertex 68.2 77.93 18.25
    endloop
  endfacet
  facet normal 0 0 1
    outer loop
      vertex 65.5625 76.8375 18.25
      vertex 65.5625 71.5625 18.25
      vertex 68.2 70.47 18.25
    endloop
  endfacet
  facet normal 0 -0 1
    outer loop
      vertex 65.5625 71.5625 18.25
      vertex 65.5625 76.8375 18.25
      vertex 64.47 74.2 18.25
    endloop
  endfacet
  facet normal 0.382687 -0.923878 0
    outer loop
      vertex 65.5625 76.8375 18.25
      vertex 68.2 77.93 100.25
      vertex 65.5625 76.8375 100.25
    endloop
  endfacet
  facet normal 0.382687 -0.923878 0
    outer loop
      vertex 68.2 77.93 100.25
      vertex 65.5625 76.8375 18.25
      vertex 68.2 77.93 18.25
    endloop
  endfacet
  facet normal -0.382687 -0.923878 0
    outer loop
      vertex 68.2 77.93 18.25
      vertex 70.8375 76.8375 100.25
      vertex 68.2 77.93 100.25
    endloop
  endfacet
  facet normal -0.382687 -0.923878 -0
    outer loop
      vertex 70.8375 76.8375 100.25
      vertex 68.2 77.93 18.25
      vertex 70.8375 76.8375 18.25
    endloop
  endfacet
  facet normal -0.382687 0.923878 0
    outer loop
      vertex 70.8375 71.5625 18.25
      vertex 68.2 70.47 100.25
      vertex 70.8375 71.5625 100.25
    endloop
  endfacet
  facet normal -0.382687 0.923878 0
    outer loop
      vertex 68.2 70.47 100.25
      vertex 70.8375 71.5625 18.25
      vertex 68.2 70.47 18.25
    endloop
  endfacet
  facet normal 0.923878 0.382687 0
    outer loop
      vertex 65.5625 71.5625 100.25
      vertex 64.47 74.2 18.25
      vertex 64.47 74.2 100.25
    endloop
  endfacet
  facet normal 0.923878 0.382687 0
    outer loop
      vertex 64.47 74.2 18.25
      vertex 65.5625 71.5625 100.25
      vertex 65.5625 71.5625 18.25
    endloop
  endfacet
  facet normal -0.923878 0.382687 0
    outer loop
      vertex 70.8375 71.5625 18.25
      vertex 71.93 74.2 100.25
      vertex 71.93 74.2 18.25
    endloop
  endfacet
  facet normal -0.923878 0.382687 0
    outer loop
      vertex 71.93 74.2 100.25
      vertex 70.8375 71.5625 18.25
      vertex 70.8375 71.5625 100.25
    endloop
  endfacet
  facet normal 0.382687 0.923878 -0
    outer loop
      vertex 68.2 70.47 18.25
      vertex 65.5625 71.5625 100.25
      vertex 68.2 70.47 100.25
    endloop
  endfacet
  facet normal 0.382687 0.923878 0
    outer loop
      vertex 65.5625 71.5625 100.25
      vertex 68.2 70.47 18.25
      vertex 65.5625 71.5625 18.25
    endloop
  endfacet
  facet normal -0.923878 -0.382687 0
    outer loop
      vertex 80.93 11.2 18.25
      vertex 79.8375 13.8375 100.25
      vertex 79.8375 13.8375 18.25
    endloop
  endfacet
  facet normal -0.923878 -0.382687 0
    outer loop
      vertex 79.8375 13.8375 100.25
      vertex 80.93 11.2 18.25
      vertex 80.93 11.2 100.25
    endloop
  endfacet
  facet normal 0.923878 -0.382687 0
    outer loop
      vertex 73.47 11.2 100.25
      vertex 74.5625 13.8375 18.25
      vertex 74.5625 13.8375 100.25
    endloop
  endfacet
  facet normal 0.923878 -0.382687 0
    outer loop
      vertex 74.5625 13.8375 18.25
      vertex 73.47 11.2 100.25
      vertex 73.47 11.2 18.25
    endloop
  endfacet
  facet normal 0 0 1
    outer loop
      vertex 79.8375 13.8375 18.25
      vertex 79.8375 8.56249 18.25
      vertex 80.93 11.2 18.25
    endloop
  endfacet
  facet normal 0 0 1
    outer loop
      vertex 77.2 14.93 18.25
      vertex 79.8375 8.56249 18.25
      vertex 79.8375 13.8375 18.25
    endloop
  endfacet
  facet normal 0 0 1
    outer loop
      vertex 77.2 14.93 18.25
      vertex 77.2 7.47 18.25
      vertex 79.8375 8.56249 18.25
    endloop
  endfacet
  facet normal -0 0 1
    outer loop
      vertex 74.5625 13.8375 18.25
      vertex 77.2 7.47 18.25
      vertex 77.2 14.93 18.25
    endloop
  endfacet
  facet normal 0 0 1
    outer loop
      vertex 74.5625 13.8375 18.25
      vertex 74.5625 8.56249 18.25
      vertex 77.2 7.47 18.25
    endloop
  endfacet
  facet normal 0 -0 1
    outer loop
      vertex 74.5625 8.56249 18.25
      vertex 74.5625 13.8375 18.25
      vertex 73.47 11.2 18.25
    endloop
  endfacet
  facet normal 0.382687 -0.923878 0
    outer loop
      vertex 74.5625 13.8375 18.25
      vertex 77.2 14.93 100.25
      vertex 74.5625 13.8375 100.25
    endloop
  endfacet
  facet normal 0.382687 -0.923878 0
    outer loop
      vertex 77.2 14.93 100.25
      vertex 74.5625 13.8375 18.25
      vertex 77.2 14.93 18.25
    endloop
  endfacet
  facet normal -0.382687 -0.923878 0
    outer loop
      vertex 77.2 14.93 18.25
      vertex 79.8375 13.8375 100.25
      vertex 77.2 14.93 100.25
    endloop
  endfacet
  facet normal -0.382687 -0.923878 -0
    outer loop
      vertex 79.8375 13.8375 100.25
      vertex 77.2 14.93 18.25
      vertex 79.8375 13.8375 18.25
    endloop
  endfacet
  facet normal -0.382684 0.923879 0
    outer loop
      vertex 79.8375 8.56249 18.25
      vertex 77.2 7.47 100.25
      vertex 79.8375 8.56249 100.25
    endloop
  endfacet
  facet normal -0.382684 0.923879 0
    outer loop
      vertex 77.2 7.47 100.25
      vertex 79.8375 8.56249 18.25
      vertex 77.2 7.47 18.25
    endloop
  endfacet
  facet normal 0.923879 0.382686 0
    outer loop
      vertex 74.5625 8.56249 100.25
      vertex 73.47 11.2 18.25
      vertex 73.47 11.2 100.25
    endloop
  endfacet
  facet normal 0.923879 0.382686 0
    outer loop
      vertex 73.47 11.2 18.25
      vertex 74.5625 8.56249 100.25
      vertex 74.5625 8.56249 18.25
    endloop
  endfacet
  facet normal -0.923879 0.382686 0
    outer loop
      vertex 79.8375 8.56249 18.25
      vertex 80.93 11.2 100.25
      vertex 80.93 11.2 18.25
    endloop
  endfacet
  facet normal -0.923879 0.382686 0
    outer loop
      vertex 80.93 11.2 100.25
      vertex 79.8375 8.56249 18.25
      vertex 79.8375 8.56249 100.25
    endloop
  endfacet
  facet normal 0.382684 0.923879 -0
    outer loop
      vertex 77.2 7.47 18.25
      vertex 74.5625 8.56249 100.25
      vertex 77.2 7.47 100.25
    endloop
  endfacet
  facet normal 0.382684 0.923879 0
    outer loop
      vertex 74.5625 8.56249 100.25
      vertex 77.2 7.47 18.25
      vertex 74.5625 8.56249 18.25
    endloop
  endfacet
  facet normal -0.923878 -0.382687 0
    outer loop
      vertex 80.93 20.2 18.25
      vertex 79.8375 22.8375 100.25
      vertex 79.8375 22.8375 18.25
    endloop
  endfacet
  facet normal -0.923878 -0.382687 0
    outer loop
      vertex 79.8375 22.8375 100.25
      vertex 80.93 20.2 18.25
      vertex 80.93 20.2 100.25
    endloop
  endfacet
  facet normal 0.923878 -0.382687 0
    outer loop
      vertex 73.47 20.2 100.25
      vertex 74.5625 22.8375 18.25
      vertex 74.5625 22.8375 100.25
    endloop
  endfacet
  facet normal 0.923878 -0.382687 0
    outer loop
      vertex 74.5625 22.8375 18.25
      vertex 73.47 20.2 100.25
      vertex 73.47 20.2 18.25
    endloop
  endfacet
  facet normal 0 0 1
    outer loop
      vertex 79.8375 22.8375 18.25
      vertex 79.8375 17.5625 18.25
      vertex 80.93 20.2 18.25
    endloop
  endfacet
  facet normal 0 0 1
    outer loop
      vertex 77.2 23.93 18.25
      vertex 79.8375 17.5625 18.25
      vertex 79.8375 22.8375 18.25
    endloop
  endfacet
  facet normal 0 0 1
    outer loop
      vertex 77.2 23.93 18.25
      vertex 77.2 16.47 18.25
      vertex 79.8375 17.5625 18.25
    endloop
  endfacet
  facet normal -0 0 1
    outer loop
      vertex 74.5625 22.8375 18.25
      vertex 77.2 16.47 18.25
      vertex 77.2 23.93 18.25
    endloop
  endfacet
  facet normal 0 0 1
    outer loop
      vertex 74.5625 22.8375 18.25
      vertex 74.5625 17.5625 18.25
      vertex 77.2 16.47 18.25
    endloop
  endfacet
  facet normal 0 -0 1
    outer loop
      vertex 74.5625 17.5625 18.25
      vertex 74.5625 22.8375 18.25
      vertex 73.47 20.2 18.25
    endloop
  endfacet
  facet normal 0.382687 -0.923878 0
    outer loop
      vertex 74.5625 22.8375 18.25
      vertex 77.2 23.93 100.25
      vertex 74.5625 22.8375 100.25
    endloop
  endfacet
  facet normal 0.382687 -0.923878 0
    outer loop
      vertex 77.2 23.93 100.25
      vertex 74.5625 22.8375 18.25
      vertex 77.2 23.93 18.25
    endloop
  endfacet
  facet normal -0.382687 -0.923878 0
    outer loop
      vertex 77.2 23.93 18.25
      vertex 79.8375 22.8375 100.25
      vertex 77.2 23.93 100.25
    endloop
  endfacet
  facet normal -0.382687 -0.923878 -0
    outer loop
      vertex 79.8375 22.8375 100.25
      vertex 77.2 23.93 18.25
      vertex 79.8375 22.8375 18.25
    endloop
  endfacet
  facet normal -0.382687 0.923878 0
    outer loop
      vertex 79.8375 17.5625 18.25
      vertex 77.2 16.47 100.25
      vertex 79.8375 17.5625 100.25
    endloop
  endfacet
  facet normal -0.382687 0.923878 0
    outer loop
      vertex 77.2 16.47 100.25
      vertex 79.8375 17.5625 18.25
      vertex 77.2 16.47 18.25
    endloop
  endfacet
  facet normal 0.923878 0.382687 0
    outer loop
      vertex 74.5625 17.5625 100.25
      vertex 73.47 20.2 18.25
      vertex 73.47 20.2 100.25
    endloop
  endfacet
  facet normal 0.923878 0.382687 0
    outer loop
      vertex 73.47 20.2 18.25
      vertex 74.5625 17.5625 100.25
      vertex 74.5625 17.5625 18.25
    endloop
  endfacet
  facet normal -0.923878 0.382687 0
    outer loop
      vertex 79.8375 17.5625 18.25
      vertex 80.93 20.2 100.25
      vertex 80.93 20.2 18.25
    endloop
  endfacet
  facet normal -0.923878 0.382687 0
    outer loop
      vertex 80.93 20.2 100.25
      vertex 79.8375 17.5625 18.25
      vertex 79.8375 17.5625 100.25
    endloop
  endfacet
  facet normal 0.382687 0.923878 -0
    outer loop
      vertex 77.2 16.47 18.25
      vertex 74.5625 17.5625 100.25
      vertex 77.2 16.47 100.25
    endloop
  endfacet
  facet normal 0.382687 0.923878 0
    outer loop
      vertex 74.5625 17.5625 100.25
      vertex 77.2 16.47 18.25
      vertex 74.5625 17.5625 18.25
    endloop
  endfacet
  facet normal -0.923878 -0.382687 0
    outer loop
      vertex 80.93 29.2 18.25
      vertex 79.8375 31.8375 100.25
      vertex 79.8375 31.8375 18.25
    endloop
  endfacet
  facet normal -0.923878 -0.382687 0
    outer loop
      vertex 79.8375 31.8375 100.25
      vertex 80.93 29.2 18.25
      vertex 80.93 29.2 100.25
    endloop
  endfacet
  facet normal 0.923878 -0.382687 0
    outer loop
      vertex 73.47 29.2 100.25
      vertex 74.5625 31.8375 18.25
      vertex 74.5625 31.8375 100.25
    endloop
  endfacet
  facet normal 0.923878 -0.382687 0
    outer loop
      vertex 74.5625 31.8375 18.25
      vertex 73.47 29.2 100.25
      vertex 73.47 29.2 18.25
    endloop
  endfacet
  facet normal 0 0 1
    outer loop
      vertex 79.8375 31.8375 18.25
      vertex 79.8375 26.5625 18.25
      vertex 80.93 29.2 18.25
    endloop
  endfacet
  facet normal 0 0 1
    outer loop
      vertex 77.2 32.93 18.25
      vertex 79.8375 26.5625 18.25
      vertex 79.8375 31.8375 18.25
    endloop
  endfacet
  facet normal 0 0 1
    outer loop
      vertex 77.2 32.93 18.25
      vertex 77.2 25.47 18.25
      vertex 79.8375 26.5625 18.25
    endloop
  endfacet
  facet normal -0 0 1
    outer loop
      vertex 74.5625 31.8375 18.25
      vertex 77.2 25.47 18.25
      vertex 77.2 32.93 18.25
    endloop
  endfacet
  facet normal 0 0 1
    outer loop
      vertex 74.5625 31.8375 18.25
      vertex 74.5625 26.5625 18.25
      vertex 77.2 25.47 18.25
    endloop
  endfacet
  facet normal 0 -0 1
    outer loop
      vertex 74.5625 26.5625 18.25
      vertex 74.5625 31.8375 18.25
      vertex 73.47 29.2 18.25
    endloop
  endfacet
  facet normal 0.382687 -0.923878 0
    outer loop
      vertex 74.5625 31.8375 18.25
      vertex 77.2 32.93 100.25
      vertex 74.5625 31.8375 100.25
    endloop
  endfacet
  facet normal 0.382687 -0.923878 0
    outer loop
      vertex 77.2 32.93 100.25
      vertex 74.5625 31.8375 18.25
      vertex 77.2 32.93 18.25
    endloop
  endfacet
  facet normal -0.382687 -0.923878 0
    outer loop
      vertex 77.2 32.93 18.25
      vertex 79.8375 31.8375 100.25
      vertex 77.2 32.93 100.25
    endloop
  endfacet
  facet normal -0.382687 -0.923878 -0
    outer loop
      vertex 79.8375 31.8375 100.25
      vertex 77.2 32.93 18.25
      vertex 79.8375 31.8375 18.25
    endloop
  endfacet
  facet normal -0.382687 0.923878 0
    outer loop
      vertex 79.8375 26.5625 18.25
      vertex 77.2 25.47 100.25
      vertex 79.8375 26.5625 100.25
    endloop
  endfacet
  facet normal -0.382687 0.923878 0
    outer loop
      vertex 77.2 25.47 100.25
      vertex 79.8375 26.5625 18.25
      vertex 77.2 25.47 18.25
    endloop
  endfacet
  facet normal 0.923878 0.382687 0
    outer loop
      vertex 74.5625 26.5625 100.25
      vertex 73.47 29.2 18.25
      vertex 73.47 29.2 100.25
    endloop
  endfacet
  facet normal 0.923878 0.382687 0
    outer loop
      vertex 73.47 29.2 18.25
      vertex 74.5625 26.5625 100.25
      vertex 74.5625 26.5625 18.25
    endloop
  endfacet
  facet normal -0.923878 0.382687 0
    outer loop
      vertex 79.8375 26.5625 18.25
      vertex 80.93 29.2 100.25
      vertex 80.93 29.2 18.25
    endloop
  endfacet
  facet normal -0.923878 0.382687 0
    outer loop
      vertex 80.93 29.2 100.25
      vertex 79.8375 26.5625 18.25
      vertex 79.8375 26.5625 100.25
    endloop
  endfacet
  facet normal 0.382687 0.923878 -0
    outer loop
      vertex 77.2 25.47 18.25
      vertex 74.5625 26.5625 100.25
      vertex 77.2 25.47 100.25
    endloop
  endfacet
  facet normal 0.382687 0.923878 0
    outer loop
      vertex 74.5625 26.5625 100.25
      vertex 77.2 25.47 18.25
      vertex 74.5625 26.5625 18.25
    endloop
  endfacet
  facet normal -0.923878 -0.382687 0
    outer loop
      vertex 80.93 38.2 18.25
      vertex 79.8375 40.8375 100.25
      vertex 79.8375 40.8375 18.25
    endloop
  endfacet
  facet normal -0.923878 -0.382687 0
    outer loop
      vertex 79.8375 40.8375 100.25
      vertex 80.93 38.2 18.25
      vertex 80.93 38.2 100.25
    endloop
  endfacet
  facet normal 0.923878 -0.382687 0
    outer loop
      vertex 73.47 38.2 100.25
      vertex 74.5625 40.8375 18.25
      vertex 74.5625 40.8375 100.25
    endloop
  endfacet
  facet normal 0.923878 -0.382687 0
    outer loop
      vertex 74.5625 40.8375 18.25
      vertex 73.47 38.2 100.25
      vertex 73.47 38.2 18.25
    endloop
  endfacet
  facet normal 0 0 1
    outer loop
      vertex 79.8375 40.8375 18.25
      vertex 79.8375 35.5625 18.25
      vertex 80.93 38.2 18.25
    endloop
  endfacet
  facet normal 0 0 1
    outer loop
      vertex 77.2 41.93 18.25
      vertex 79.8375 35.5625 18.25
      vertex 79.8375 40.8375 18.25
    endloop
  endfacet
  facet normal 0 0 1
    outer loop
      vertex 77.2 41.93 18.25
      vertex 77.2 34.47 18.25
      vertex 79.8375 35.5625 18.25
    endloop
  endfacet
  facet normal -0 0 1
    outer loop
      vertex 74.5625 40.8375 18.25
      vertex 77.2 34.47 18.25
      vertex 77.2 41.93 18.25
    endloop
  endfacet
  facet normal 0 0 1
    outer loop
      vertex 74.5625 40.8375 18.25
      vertex 74.5625 35.5625 18.25
      vertex 77.2 34.47 18.25
    endloop
  endfacet
  facet normal 0 -0 1
    outer loop
      vertex 74.5625 35.5625 18.25
      vertex 74.5625 40.8375 18.25
      vertex 73.47 38.2 18.25
    endloop
  endfacet
  facet normal 0.382687 -0.923878 0
    outer loop
      vertex 74.5625 40.8375 18.25
      vertex 77.2 41.93 100.25
      vertex 74.5625 40.8375 100.25
    endloop
  endfacet
  facet normal 0.382687 -0.923878 0
    outer loop
      vertex 77.2 41.93 100.25
      vertex 74.5625 40.8375 18.25
      vertex 77.2 41.93 18.25
    endloop
  endfacet
  facet normal -0.382687 -0.923878 0
    outer loop
      vertex 77.2 41.93 18.25
      vertex 79.8375 40.8375 100.25
      vertex 77.2 41.93 100.25
    endloop
  endfacet
  facet normal -0.382687 -0.923878 -0
    outer loop
      vertex 79.8375 40.8375 100.25
      vertex 77.2 41.93 18.25
      vertex 79.8375 40.8375 18.25
    endloop
  endfacet
  facet normal -0.382687 0.923878 0
    outer loop
      vertex 79.8375 35.5625 18.25
      vertex 77.2 34.47 100.25
      vertex 79.8375 35.5625 100.25
    endloop
  endfacet
  facet normal -0.382687 0.923878 0
    outer loop
      vertex 77.2 34.47 100.25
      vertex 79.8375 35.5625 18.25
      vertex 77.2 34.47 18.25
    endloop
  endfacet
  facet normal 0.923878 0.382687 0
    outer loop
      vertex 74.5625 35.5625 100.25
      vertex 73.47 38.2 18.25
      vertex 73.47 38.2 100.25
    endloop
  endfacet
  facet normal 0.923878 0.382687 0
    outer loop
      vertex 73.47 38.2 18.25
      vertex 74.5625 35.5625 100.25
      vertex 74.5625 35.5625 18.25
    endloop
  endfacet
  facet normal -0.923878 0.382687 0
    outer loop
      vertex 79.8375 35.5625 18.25
      vertex 80.93 38.2 100.25
      vertex 80.93 38.2 18.25
    endloop
  endfacet
  facet normal -0.923878 0.382687 0
    outer loop
      vertex 80.93 38.2 100.25
      vertex 79.8375 35.5625 18.25
      vertex 79.8375 35.5625 100.25
    endloop
  endfacet
  facet normal 0.382687 0.923878 -0
    outer loop
      vertex 77.2 34.47 18.25
      vertex 74.5625 35.5625 100.25
      vertex 77.2 34.47 100.25
    endloop
  endfacet
  facet normal 0.382687 0.923878 0
    outer loop
      vertex 74.5625 35.5625 100.25
      vertex 77.2 34.47 18.25
      vertex 74.5625 35.5625 18.25
    endloop
  endfacet
  facet normal -0.923878 -0.382687 0
    outer loop
      vertex 80.93 47.2 18.25
      vertex 79.8375 49.8375 100.25
      vertex 79.8375 49.8375 18.25
    endloop
  endfacet
  facet normal -0.923878 -0.382687 0
    outer loop
      vertex 79.8375 49.8375 100.25
      vertex 80.93 47.2 18.25
      vertex 80.93 47.2 100.25
    endloop
  endfacet
  facet normal 0.923878 -0.382687 0
    outer loop
      vertex 73.47 47.2 100.25
      vertex 74.5625 49.8375 18.25
      vertex 74.5625 49.8375 100.25
    endloop
  endfacet
  facet normal 0.923878 -0.382687 0
    outer loop
      vertex 74.5625 49.8375 18.25
      vertex 73.47 47.2 100.25
      vertex 73.47 47.2 18.25
    endloop
  endfacet
  facet normal 0 0 1
    outer loop
      vertex 79.8375 49.8375 18.25
      vertex 79.8375 44.5625 18.25
      vertex 80.93 47.2 18.25
    endloop
  endfacet
  facet normal 0 0 1
    outer loop
      vertex 77.2 50.93 18.25
      vertex 79.8375 44.5625 18.25
      vertex 79.8375 49.8375 18.25
    endloop
  endfacet
  facet normal 0 0 1
    outer loop
      vertex 77.2 50.93 18.25
      vertex 77.2 43.47 18.25
      vertex 79.8375 44.5625 18.25
    endloop
  endfacet
  facet normal -0 0 1
    outer loop
      vertex 74.5625 49.8375 18.25
      vertex 77.2 43.47 18.25
      vertex 77.2 50.93 18.25
    endloop
  endfacet
  facet normal 0 0 1
    outer loop
      vertex 74.5625 49.8375 18.25
      vertex 74.5625 44.5625 18.25
      vertex 77.2 43.47 18.25
    endloop
  endfacet
  facet normal 0 -0 1
    outer loop
      vertex 74.5625 44.5625 18.25
      vertex 74.5625 49.8375 18.25
      vertex 73.47 47.2 18.25
    endloop
  endfacet
  facet normal 0.382687 -0.923878 0
    outer loop
      vertex 74.5625 49.8375 18.25
      vertex 77.2 50.93 100.25
      vertex 74.5625 49.8375 100.25
    endloop
  endfacet
  facet normal 0.382687 -0.923878 0
    outer loop
      vertex 77.2 50.93 100.25
      vertex 74.5625 49.8375 18.25
      vertex 77.2 50.93 18.25
    endloop
  endfacet
  facet normal -0.382687 -0.923878 0
    outer loop
      vertex 77.2 50.93 18.25
      vertex 79.8375 49.8375 100.25
      vertex 77.2 50.93 100.25
    endloop
  endfacet
  facet normal -0.382687 -0.923878 -0
    outer loop
      vertex 79.8375 49.8375 100.25
      vertex 77.2 50.93 18.25
      vertex 79.8375 49.8375 18.25
    endloop
  endfacet
  facet normal -0.382687 0.923878 0
    outer loop
      vertex 79.8375 44.5625 18.25
      vertex 77.2 43.47 100.25
      vertex 79.8375 44.5625 100.25
    endloop
  endfacet
  facet normal -0.382687 0.923878 0
    outer loop
      vertex 77.2 43.47 100.25
      vertex 79.8375 44.5625 18.25
      vertex 77.2 43.47 18.25
    endloop
  endfacet
  facet normal 0.923878 0.382687 0
    outer loop
      vertex 74.5625 44.5625 100.25
      vertex 73.47 47.2 18.25
      vertex 73.47 47.2 100.25
    endloop
  endfacet
  facet normal 0.923878 0.382687 0
    outer loop
      vertex 73.47 47.2 18.25
      vertex 74.5625 44.5625 100.25
      vertex 74.5625 44.5625 18.25
    endloop
  endfacet
  facet normal -0.923878 0.382687 0
    outer loop
      vertex 79.8375 44.5625 18.25
      vertex 80.93 47.2 100.25
      vertex 80.93 47.2 18.25
    endloop
  endfacet
  facet normal -0.923878 0.382687 0
    outer loop
      vertex 80.93 47.2 100.25
      vertex 79.8375 44.5625 18.25
      vertex 79.8375 44.5625 100.25
    endloop
  endfacet
  facet normal 0.382687 0.923878 -0
    outer loop
      vertex 77.2 43.47 18.25
      vertex 74.5625 44.5625 100.25
      vertex 77.2 43.47 100.25
    endloop
  endfacet
  facet normal 0.382687 0.923878 0
    outer loop
      vertex 74.5625 44.5625 100.25
      vertex 77.2 43.47 18.25
      vertex 74.5625 44.5625 18.25
    endloop
  endfacet
  facet normal -0.923878 -0.382687 0
    outer loop
      vertex 80.93 56.2 18.25
      vertex 79.8375 58.8375 100.25
      vertex 79.8375 58.8375 18.25
    endloop
  endfacet
  facet normal -0.923878 -0.382687 0
    outer loop
      vertex 79.8375 58.8375 100.25
      vertex 80.93 56.2 18.25
      vertex 80.93 56.2 100.25
    endloop
  endfacet
  facet normal 0.923878 -0.382687 0
    outer loop
      vertex 73.47 56.2 100.25
      vertex 74.5625 58.8375 18.25
      vertex 74.5625 58.8375 100.25
    endloop
  endfacet
  facet normal 0.923878 -0.382687 0
    outer loop
      vertex 74.5625 58.8375 18.25
      vertex 73.47 56.2 100.25
      vertex 73.47 56.2 18.25
    endloop
  endfacet
  facet normal 0 0 1
    outer loop
      vertex 79.8375 58.8375 18.25
      vertex 79.8375 53.5625 18.25
      vertex 80.93 56.2 18.25
    endloop
  endfacet
  facet normal 0 0 1
    outer loop
      vertex 77.2 59.93 18.25
      vertex 79.8375 53.5625 18.25
      vertex 79.8375 58.8375 18.25
    endloop
  endfacet
  facet normal 0 0 1
    outer loop
      vertex 77.2 59.93 18.25
      vertex 77.2 52.47 18.25
      vertex 79.8375 53.5625 18.25
    endloop
  endfacet
  facet normal -0 0 1
    outer loop
      vertex 74.5625 58.8375 18.25
      vertex 77.2 52.47 18.25
      vertex 77.2 59.93 18.25
    endloop
  endfacet
  facet normal 0 0 1
    outer loop
      vertex 74.5625 58.8375 18.25
      vertex 74.5625 53.5625 18.25
      vertex 77.2 52.47 18.25
    endloop
  endfacet
  facet normal 0 -0 1
    outer loop
      vertex 74.5625 53.5625 18.25
      vertex 74.5625 58.8375 18.25
      vertex 73.47 56.2 18.25
    endloop
  endfacet
  facet normal 0.382687 -0.923878 0
    outer loop
      vertex 74.5625 58.8375 18.25
      vertex 77.2 59.93 100.25
      vertex 74.5625 58.8375 100.25
    endloop
  endfacet
  facet normal 0.382687 -0.923878 0
    outer loop
      vertex 77.2 59.93 100.25
      vertex 74.5625 58.8375 18.25
      vertex 77.2 59.93 18.25
    endloop
  endfacet
  facet normal -0.382687 -0.923878 0
    outer loop
      vertex 77.2 59.93 18.25
      vertex 79.8375 58.8375 100.25
      vertex 77.2 59.93 100.25
    endloop
  endfacet
  facet normal -0.382687 -0.923878 -0
    outer loop
      vertex 79.8375 58.8375 100.25
      vertex 77.2 59.93 18.25
      vertex 79.8375 58.8375 18.25
    endloop
  endfacet
  facet normal -0.382687 0.923878 0
    outer loop
      vertex 79.8375 53.5625 18.25
      vertex 77.2 52.47 100.25
      vertex 79.8375 53.5625 100.25
    endloop
  endfacet
  facet normal -0.382687 0.923878 0
    outer loop
      vertex 77.2 52.47 100.25
      vertex 79.8375 53.5625 18.25
      vertex 77.2 52.47 18.25
    endloop
  endfacet
  facet normal 0.923878 0.382687 0
    outer loop
      vertex 74.5625 53.5625 100.25
      vertex 73.47 56.2 18.25
      vertex 73.47 56.2 100.25
    endloop
  endfacet
  facet normal 0.923878 0.382687 0
    outer loop
      vertex 73.47 56.2 18.25
      vertex 74.5625 53.5625 100.25
      vertex 74.5625 53.5625 18.25
    endloop
  endfacet
  facet normal -0.923878 0.382687 0
    outer loop
      vertex 79.8375 53.5625 18.25
      vertex 80.93 56.2 100.25
      vertex 80.93 56.2 18.25
    endloop
  endfacet
  facet normal -0.923878 0.382687 0
    outer loop
      vertex 80.93 56.2 100.25
      vertex 79.8375 53.5625 18.25
      vertex 79.8375 53.5625 100.25
    endloop
  endfacet
  facet normal 0.382687 0.923878 -0
    outer loop
      vertex 77.2 52.47 18.25
      vertex 74.5625 53.5625 100.25
      vertex 77.2 52.47 100.25
    endloop
  endfacet
  facet normal 0.382687 0.923878 0
    outer loop
      vertex 74.5625 53.5625 100.25
      vertex 77.2 52.47 18.25
      vertex 74.5625 53.5625 18.25
    endloop
  endfacet
  facet normal -0.923878 -0.382687 0
    outer loop
      vertex 80.93 65.2 18.25
      vertex 79.8375 67.8375 100.25
      vertex 79.8375 67.8375 18.25
    endloop
  endfacet
  facet normal -0.923878 -0.382687 0
    outer loop
      vertex 79.8375 67.8375 100.25
      vertex 80.93 65.2 18.25
      vertex 80.93 65.2 100.25
    endloop
  endfacet
  facet normal 0.923878 -0.382687 0
    outer loop
      vertex 73.47 65.2 100.25
      vertex 74.5625 67.8375 18.25
      vertex 74.5625 67.8375 100.25
    endloop
  endfacet
  facet normal 0.923878 -0.382687 0
    outer loop
      vertex 74.5625 67.8375 18.25
      vertex 73.47 65.2 100.25
      vertex 73.47 65.2 18.25
    endloop
  endfacet
  facet normal 0 0 1
    outer loop
      vertex 79.8375 67.8375 18.25
      vertex 79.8375 62.5625 18.25
      vertex 80.93 65.2 18.25
    endloop
  endfacet
  facet normal 0 0 1
    outer loop
      vertex 77.2 68.93 18.25
      vertex 79.8375 62.5625 18.25
      vertex 79.8375 67.8375 18.25
    endloop
  endfacet
  facet normal 0 0 1
    outer loop
      vertex 77.2 68.93 18.25
      vertex 77.2 61.47 18.25
      vertex 79.8375 62.5625 18.25
    endloop
  endfacet
  facet normal -0 0 1
    outer loop
      vertex 74.5625 67.8375 18.25
      vertex 77.2 61.47 18.25
      vertex 77.2 68.93 18.25
    endloop
  endfacet
  facet normal 0 0 1
    outer loop
      vertex 74.5625 67.8375 18.25
      vertex 74.5625 62.5625 18.25
      vertex 77.2 61.47 18.25
    endloop
  endfacet
  facet normal 0 -0 1
    outer loop
      vertex 74.5625 62.5625 18.25
      vertex 74.5625 67.8375 18.25
      vertex 73.47 65.2 18.25
    endloop
  endfacet
  facet normal 0.382687 -0.923878 0
    outer loop
      vertex 74.5625 67.8375 18.25
      vertex 77.2 68.93 100.25
      vertex 74.5625 67.8375 100.25
    endloop
  endfacet
  facet normal 0.382687 -0.923878 0
    outer loop
      vertex 77.2 68.93 100.25
      vertex 74.5625 67.8375 18.25
      vertex 77.2 68.93 18.25
    endloop
  endfacet
  facet normal -0.382687 -0.923878 0
    outer loop
      vertex 77.2 68.93 18.25
      vertex 79.8375 67.8375 100.25
      vertex 77.2 68.93 100.25
    endloop
  endfacet
  facet normal -0.382687 -0.923878 -0
    outer loop
      vertex 79.8375 67.8375 100.25
      vertex 77.2 68.93 18.25
      vertex 79.8375 67.8375 18.25
    endloop
  endfacet
  facet normal -0.382687 0.923878 0
    outer loop
      vertex 79.8375 62.5625 18.25
      vertex 77.2 61.47 100.25
      vertex 79.8375 62.5625 100.25
    endloop
  endfacet
  facet normal -0.382687 0.923878 0
    outer loop
      vertex 77.2 61.47 100.25
      vertex 79.8375 62.5625 18.25
      vertex 77.2 61.47 18.25
    endloop
  endfacet
  facet normal 0.923878 0.382687 0
    outer loop
      vertex 74.5625 62.5625 100.25
      vertex 73.47 65.2 18.25
      vertex 73.47 65.2 100.25
    endloop
  endfacet
  facet normal 0.923878 0.382687 0
    outer loop
      vertex 73.47 65.2 18.25
      vertex 74.5625 62.5625 100.25
      vertex 74.5625 62.5625 18.25
    endloop
  endfacet
  facet normal -0.923878 0.382687 0
    outer loop
      vertex 79.8375 62.5625 18.25
      vertex 80.93 65.2 100.25
      vertex 80.93 65.2 18.25
    endloop
  endfacet
  facet normal -0.923878 0.382687 0
    outer loop
      vertex 80.93 65.2 100.25
      vertex 79.8375 62.5625 18.25
      vertex 79.8375 62.5625 100.25
    endloop
  endfacet
  facet normal 0.382687 0.923878 -0
    outer loop
      vertex 77.2 61.47 18.25
      vertex 74.5625 62.5625 100.25
      vertex 77.2 61.47 100.25
    endloop
  endfacet
  facet normal 0.382687 0.923878 0
    outer loop
      vertex 74.5625 62.5625 100.25
      vertex 77.2 61.47 18.25
      vertex 74.5625 62.5625 18.25
    endloop
  endfacet
  facet normal -0.923878 -0.382687 0
    outer loop
      vertex 80.93 74.2 18.25
      vertex 79.8375 76.8375 100.25
      vertex 79.8375 76.8375 18.25
    endloop
  endfacet
  facet normal -0.923878 -0.382687 0
    outer loop
      vertex 79.8375 76.8375 100.25
      vertex 80.93 74.2 18.25
      vertex 80.93 74.2 100.25
    endloop
  endfacet
  facet normal 0.923878 -0.382687 0
    outer loop
      vertex 73.47 74.2 100.25
      vertex 74.5625 76.8375 18.25
      vertex 74.5625 76.8375 100.25
    endloop
  endfacet
  facet normal 0.923878 -0.382687 0
    outer loop
      vertex 74.5625 76.8375 18.25
      vertex 73.47 74.2 100.25
      vertex 73.47 74.2 18.25
    endloop
  endfacet
  facet normal 0 0 1
    outer loop
      vertex 79.8375 76.8375 18.25
      vertex 79.8375 71.5625 18.25
      vertex 80.93 74.2 18.25
    endloop
  endfacet
  facet normal 0 0 1
    outer loop
      vertex 77.2 77.93 18.25
      vertex 79.8375 71.5625 18.25
      vertex 79.8375 76.8375 18.25
    endloop
  endfacet
  facet normal 0 0 1
    outer loop
      vertex 77.2 77.93 18.25
      vertex 77.2 70.47 18.25
      vertex 79.8375 71.5625 18.25
    endloop
  endfacet
  facet normal -0 0 1
    outer loop
      vertex 74.5625 76.8375 18.25
      vertex 77.2 70.47 18.25
      vertex 77.2 77.93 18.25
    endloop
  endfacet
  facet normal 0 0 1
    outer loop
      vertex 74.5625 76.8375 18.25
      vertex 74.5625 71.5625 18.25
      vertex 77.2 70.47 18.25
    endloop
  endfacet
  facet normal 0 -0 1
    outer loop
      vertex 74.5625 71.5625 18.25
      vertex 74.5625 76.8375 18.25
      vertex 73.47 74.2 18.25
    endloop
  endfacet
  facet normal 0.382687 -0.923878 0
    outer loop
      vertex 74.5625 76.8375 18.25
      vertex 77.2 77.93 100.25
      vertex 74.5625 76.8375 100.25
    endloop
  endfacet
  facet normal 0.382687 -0.923878 0
    outer loop
      vertex 77.2 77.93 100.25
      vertex 74.5625 76.8375 18.25
      vertex 77.2 77.93 18.25
    endloop
  endfacet
  facet normal -0.382687 -0.923878 0
    outer loop
      vertex 77.2 77.93 18.25
      vertex 79.8375 76.8375 100.25
      vertex 77.2 77.93 100.25
    endloop
  endfacet
  facet normal -0.382687 -0.923878 -0
    outer loop
      vertex 79.8375 76.8375 100.25
      vertex 77.2 77.93 18.25
      vertex 79.8375 76.8375 18.25
    endloop
  endfacet
  facet normal -0.382687 0.923878 0
    outer loop
      vertex 79.8375 71.5625 18.25
      vertex 77.2 70.47 100.25
      vertex 79.8375 71.5625 100.25
    endloop
  endfacet
  facet normal -0.382687 0.923878 0
    outer loop
      vertex 77.2 70.47 100.25
      vertex 79.8375 71.5625 18.25
      vertex 77.2 70.47 18.25
    endloop
  endfacet
  facet normal 0.923878 0.382687 0
    outer loop
      vertex 74.5625 71.5625 100.25
      vertex 73.47 74.2 18.25
      vertex 73.47 74.2 100.25
    endloop
  endfacet
  facet normal 0.923878 0.382687 0
    outer loop
      vertex 73.47 74.2 18.25
      vertex 74.5625 71.5625 100.25
      vertex 74.5625 71.5625 18.25
    endloop
  endfacet
  facet normal -0.923878 0.382687 0
    outer loop
      vertex 79.8375 71.5625 18.25
      vertex 80.93 74.2 100.25
      vertex 80.93 74.2 18.25
    endloop
  endfacet
  facet normal -0.923878 0.382687 0
    outer loop
      vertex 80.93 74.2 100.25
      vertex 79.8375 71.5625 18.25
      vertex 79.8375 71.5625 100.25
    endloop
  endfacet
  facet normal 0.382687 0.923878 -0
    outer loop
      vertex 77.2 70.47 18.25
      vertex 74.5625 71.5625 100.25
      vertex 77.2 70.47 100.25
    endloop
  endfacet
  facet normal 0.382687 0.923878 0
    outer loop
      vertex 74.5625 71.5625 100.25
      vertex 77.2 70.47 18.25
      vertex 74.5625 71.5625 18.25
    endloop
  endfacet
  facet normal -0.923878 -0.382687 0
    outer loop
      vertex 89.93 11.2 18.25
      vertex 88.8375 13.8375 100.25
      vertex 88.8375 13.8375 18.25
    endloop
  endfacet
  facet normal -0.923878 -0.382687 0
    outer loop
      vertex 88.8375 13.8375 100.25
      vertex 89.93 11.2 18.25
      vertex 89.93 11.2 100.25
    endloop
  endfacet
  facet normal 0.923878 -0.382687 0
    outer loop
      vertex 82.47 11.2 100.25
      vertex 83.5625 13.8375 18.25
      vertex 83.5625 13.8375 100.25
    endloop
  endfacet
  facet normal 0.923878 -0.382687 0
    outer loop
      vertex 83.5625 13.8375 18.25
      vertex 82.47 11.2 100.25
      vertex 82.47 11.2 18.25
    endloop
  endfacet
  facet normal 0 0 1
    outer loop
      vertex 88.8375 13.8375 18.25
      vertex 88.8375 8.56249 18.25
      vertex 89.93 11.2 18.25
    endloop
  endfacet
  facet normal 0 0 1
    outer loop
      vertex 86.2 14.93 18.25
      vertex 88.8375 8.56249 18.25
      vertex 88.8375 13.8375 18.25
    endloop
  endfacet
  facet normal 0 0 1
    outer loop
      vertex 86.2 14.93 18.25
      vertex 86.2 7.47 18.25
      vertex 88.8375 8.56249 18.25
    endloop
  endfacet
  facet normal -0 0 1
    outer loop
      vertex 83.5625 13.8375 18.25
      vertex 86.2 7.47 18.25
      vertex 86.2 14.93 18.25
    endloop
  endfacet
  facet normal 0 0 1
    outer loop
      vertex 83.5625 13.8375 18.25
      vertex 83.5625 8.56249 18.25
      vertex 86.2 7.47 18.25
    endloop
  endfacet
  facet normal 0 -0 1
    outer loop
      vertex 83.5625 8.56249 18.25
      vertex 83.5625 13.8375 18.25
      vertex 82.47 11.2 18.25
    endloop
  endfacet
  facet normal 0.382687 -0.923878 0
    outer loop
      vertex 83.5625 13.8375 18.25
      vertex 86.2 14.93 100.25
      vertex 83.5625 13.8375 100.25
    endloop
  endfacet
  facet normal 0.382687 -0.923878 0
    outer loop
      vertex 86.2 14.93 100.25
      vertex 83.5625 13.8375 18.25
      vertex 86.2 14.93 18.25
    endloop
  endfacet
  facet normal -0.382687 -0.923878 0
    outer loop
      vertex 86.2 14.93 18.25
      vertex 88.8375 13.8375 100.25
      vertex 86.2 14.93 100.25
    endloop
  endfacet
  facet normal -0.382687 -0.923878 -0
    outer loop
      vertex 88.8375 13.8375 100.25
      vertex 86.2 14.93 18.25
      vertex 88.8375 13.8375 18.25
    endloop
  endfacet
  facet normal -0.382684 0.923879 0
    outer loop
      vertex 88.8375 8.56249 18.25
      vertex 86.2 7.47 100.25
      vertex 88.8375 8.56249 100.25
    endloop
  endfacet
  facet normal -0.382684 0.923879 0
    outer loop
      vertex 86.2 7.47 100.25
      vertex 88.8375 8.56249 18.25
      vertex 86.2 7.47 18.25
    endloop
  endfacet
  facet normal 0.923879 0.382686 0
    outer loop
      vertex 83.5625 8.56249 100.25
      vertex 82.47 11.2 18.25
      vertex 82.47 11.2 100.25
    endloop
  endfacet
  facet normal 0.923879 0.382686 0
    outer loop
      vertex 82.47 11.2 18.25
      vertex 83.5625 8.56249 100.25
      vertex 83.5625 8.56249 18.25
    endloop
  endfacet
  facet normal -0.923879 0.382686 0
    outer loop
      vertex 88.8375 8.56249 18.25
      vertex 89.93 11.2 100.25
      vertex 89.93 11.2 18.25
    endloop
  endfacet
  facet normal -0.923879 0.382686 0
    outer loop
      vertex 89.93 11.2 100.25
      vertex 88.8375 8.56249 18.25
      vertex 88.8375 8.56249 100.25
    endloop
  endfacet
  facet normal 0.382684 0.923879 -0
    outer loop
      vertex 86.2 7.47 18.25
      vertex 83.5625 8.56249 100.25
      vertex 86.2 7.47 100.25
    endloop
  endfacet
  facet normal 0.382684 0.923879 0
    outer loop
      vertex 83.5625 8.56249 100.25
      vertex 86.2 7.47 18.25
      vertex 83.5625 8.56249 18.25
    endloop
  endfacet
  facet normal -0.923878 -0.382687 0
    outer loop
      vertex 89.93 20.2 18.25
      vertex 88.8375 22.8375 100.25
      vertex 88.8375 22.8375 18.25
    endloop
  endfacet
  facet normal -0.923878 -0.382687 0
    outer loop
      vertex 88.8375 22.8375 100.25
      vertex 89.93 20.2 18.25
      vertex 89.93 20.2 100.25
    endloop
  endfacet
  facet normal 0.923878 -0.382687 0
    outer loop
      vertex 82.47 20.2 100.25
      vertex 83.5625 22.8375 18.25
      vertex 83.5625 22.8375 100.25
    endloop
  endfacet
  facet normal 0.923878 -0.382687 0
    outer loop
      vertex 83.5625 22.8375 18.25
      vertex 82.47 20.2 100.25
      vertex 82.47 20.2 18.25
    endloop
  endfacet
  facet normal 0 0 1
    outer loop
      vertex 88.8375 22.8375 18.25
      vertex 88.8375 17.5625 18.25
      vertex 89.93 20.2 18.25
    endloop
  endfacet
  facet normal 0 0 1
    outer loop
      vertex 86.2 23.93 18.25
      vertex 88.8375 17.5625 18.25
      vertex 88.8375 22.8375 18.25
    endloop
  endfacet
  facet normal 0 0 1
    outer loop
      vertex 86.2 23.93 18.25
      vertex 86.2 16.47 18.25
      vertex 88.8375 17.5625 18.25
    endloop
  endfacet
  facet normal -0 0 1
    outer loop
      vertex 83.5625 22.8375 18.25
      vertex 86.2 16.47 18.25
      vertex 86.2 23.93 18.25
    endloop
  endfacet
  facet normal 0 0 1
    outer loop
      vertex 83.5625 22.8375 18.25
      vertex 83.5625 17.5625 18.25
      vertex 86.2 16.47 18.25
    endloop
  endfacet
  facet normal 0 -0 1
    outer loop
      vertex 83.5625 17.5625 18.25
      vertex 83.5625 22.8375 18.25
      vertex 82.47 20.2 18.25
    endloop
  endfacet
  facet normal 0.382687 -0.923878 0
    outer loop
      vertex 83.5625 22.8375 18.25
      vertex 86.2 23.93 100.25
      vertex 83.5625 22.8375 100.25
    endloop
  endfacet
  facet normal 0.382687 -0.923878 0
    outer loop
      vertex 86.2 23.93 100.25
      vertex 83.5625 22.8375 18.25
      vertex 86.2 23.93 18.25
    endloop
  endfacet
  facet normal -0.382687 -0.923878 0
    outer loop
      vertex 86.2 23.93 18.25
      vertex 88.8375 22.8375 100.25
      vertex 86.2 23.93 100.25
    endloop
  endfacet
  facet normal -0.382687 -0.923878 -0
    outer loop
      vertex 88.8375 22.8375 100.25
      vertex 86.2 23.93 18.25
      vertex 88.8375 22.8375 18.25
    endloop
  endfacet
  facet normal -0.382687 0.923878 0
    outer loop
      vertex 88.8375 17.5625 18.25
      vertex 86.2 16.47 100.25
      vertex 88.8375 17.5625 100.25
    endloop
  endfacet
  facet normal -0.382687 0.923878 0
    outer loop
      vertex 86.2 16.47 100.25
      vertex 88.8375 17.5625 18.25
      vertex 86.2 16.47 18.25
    endloop
  endfacet
  facet normal 0.923878 0.382687 0
    outer loop
      vertex 83.5625 17.5625 100.25
      vertex 82.47 20.2 18.25
      vertex 82.47 20.2 100.25
    endloop
  endfacet
  facet normal 0.923878 0.382687 0
    outer loop
      vertex 82.47 20.2 18.25
      vertex 83.5625 17.5625 100.25
      vertex 83.5625 17.5625 18.25
    endloop
  endfacet
  facet normal -0.923878 0.382687 0
    outer loop
      vertex 88.8375 17.5625 18.25
      vertex 89.93 20.2 100.25
      vertex 89.93 20.2 18.25
    endloop
  endfacet
  facet normal -0.923878 0.382687 0
    outer loop
      vertex 89.93 20.2 100.25
      vertex 88.8375 17.5625 18.25
      vertex 88.8375 17.5625 100.25
    endloop
  endfacet
  facet normal 0.382687 0.923878 -0
    outer loop
      vertex 86.2 16.47 18.25
      vertex 83.5625 17.5625 100.25
      vertex 86.2 16.47 100.25
    endloop
  endfacet
  facet normal 0.382687 0.923878 0
    outer loop
      vertex 83.5625 17.5625 100.25
      vertex 86.2 16.47 18.25
      vertex 83.5625 17.5625 18.25
    endloop
  endfacet
  facet normal -0.923878 -0.382687 0
    outer loop
      vertex 89.93 29.2 18.25
      vertex 88.8375 31.8375 100.25
      vertex 88.8375 31.8375 18.25
    endloop
  endfacet
  facet normal -0.923878 -0.382687 0
    outer loop
      vertex 88.8375 31.8375 100.25
      vertex 89.93 29.2 18.25
      vertex 89.93 29.2 100.25
    endloop
  endfacet
  facet normal 0.923878 -0.382687 0
    outer loop
      vertex 82.47 29.2 100.25
      vertex 83.5625 31.8375 18.25
      vertex 83.5625 31.8375 100.25
    endloop
  endfacet
  facet normal 0.923878 -0.382687 0
    outer loop
      vertex 83.5625 31.8375 18.25
      vertex 82.47 29.2 100.25
      vertex 82.47 29.2 18.25
    endloop
  endfacet
  facet normal 0 0 1
    outer loop
      vertex 88.8375 31.8375 18.25
      vertex 88.8375 26.5625 18.25
      vertex 89.93 29.2 18.25
    endloop
  endfacet
  facet normal 0 0 1
    outer loop
      vertex 86.2 32.93 18.25
      vertex 88.8375 26.5625 18.25
      vertex 88.8375 31.8375 18.25
    endloop
  endfacet
  facet normal 0 0 1
    outer loop
      vertex 86.2 32.93 18.25
      vertex 86.2 25.47 18.25
      vertex 88.8375 26.5625 18.25
    endloop
  endfacet
  facet normal -0 0 1
    outer loop
      vertex 83.5625 31.8375 18.25
      vertex 86.2 25.47 18.25
      vertex 86.2 32.93 18.25
    endloop
  endfacet
  facet normal 0 0 1
    outer loop
      vertex 83.5625 31.8375 18.25
      vertex 83.5625 26.5625 18.25
      vertex 86.2 25.47 18.25
    endloop
  endfacet
  facet normal 0 -0 1
    outer loop
      vertex 83.5625 26.5625 18.25
      vertex 83.5625 31.8375 18.25
      vertex 82.47 29.2 18.25
    endloop
  endfacet
  facet normal 0.382687 -0.923878 0
    outer loop
      vertex 83.5625 31.8375 18.25
      vertex 86.2 32.93 100.25
      vertex 83.5625 31.8375 100.25
    endloop
  endfacet
  facet normal 0.382687 -0.923878 0
    outer loop
      vertex 86.2 32.93 100.25
      vertex 83.5625 31.8375 18.25
      vertex 86.2 32.93 18.25
    endloop
  endfacet
  facet normal -0.382687 -0.923878 0
    outer loop
      vertex 86.2 32.93 18.25
      vertex 88.8375 31.8375 100.25
      vertex 86.2 32.93 100.25
    endloop
  endfacet
  facet normal -0.382687 -0.923878 -0
    outer loop
      vertex 88.8375 31.8375 100.25
      vertex 86.2 32.93 18.25
      vertex 88.8375 31.8375 18.25
    endloop
  endfacet
  facet normal -0.382687 0.923878 0
    outer loop
      vertex 88.8375 26.5625 18.25
      vertex 86.2 25.47 100.25
      vertex 88.8375 26.5625 100.25
    endloop
  endfacet
  facet normal -0.382687 0.923878 0
    outer loop
      vertex 86.2 25.47 100.25
      vertex 88.8375 26.5625 18.25
      vertex 86.2 25.47 18.25
    endloop
  endfacet
  facet normal 0.923878 0.382687 0
    outer loop
      vertex 83.5625 26.5625 100.25
      vertex 82.47 29.2 18.25
      vertex 82.47 29.2 100.25
    endloop
  endfacet
  facet normal 0.923878 0.382687 0
    outer loop
      vertex 82.47 29.2 18.25
      vertex 83.5625 26.5625 100.25
      vertex 83.5625 26.5625 18.25
    endloop
  endfacet
  facet normal -0.923878 0.382687 0
    outer loop
      vertex 88.8375 26.5625 18.25
      vertex 89.93 29.2 100.25
      vertex 89.93 29.2 18.25
    endloop
  endfacet
  facet normal -0.923878 0.382687 0
    outer loop
      vertex 89.93 29.2 100.25
      vertex 88.8375 26.5625 18.25
      vertex 88.8375 26.5625 100.25
    endloop
  endfacet
  facet normal 0.382687 0.923878 -0
    outer loop
      vertex 86.2 25.47 18.25
      vertex 83.5625 26.5625 100.25
      vertex 86.2 25.47 100.25
    endloop
  endfacet
  facet normal 0.382687 0.923878 0
    outer loop
      vertex 83.5625 26.5625 100.25
      vertex 86.2 25.47 18.25
      vertex 83.5625 26.5625 18.25
    endloop
  endfacet
  facet normal -0.923878 -0.382687 0
    outer loop
      vertex 89.93 38.2 18.25
      vertex 88.8375 40.8375 100.25
      vertex 88.8375 40.8375 18.25
    endloop
  endfacet
  facet normal -0.923878 -0.382687 0
    outer loop
      vertex 88.8375 40.8375 100.25
      vertex 89.93 38.2 18.25
      vertex 89.93 38.2 100.25
    endloop
  endfacet
  facet normal 0.923878 -0.382687 0
    outer loop
      vertex 82.47 38.2 100.25
      vertex 83.5625 40.8375 18.25
      vertex 83.5625 40.8375 100.25
    endloop
  endfacet
  facet normal 0.923878 -0.382687 0
    outer loop
      vertex 83.5625 40.8375 18.25
      vertex 82.47 38.2 100.25
      vertex 82.47 38.2 18.25
    endloop
  endfacet
  facet normal 0 0 1
    outer loop
      vertex 88.8375 40.8375 18.25
      vertex 88.8375 35.5625 18.25
      vertex 89.93 38.2 18.25
    endloop
  endfacet
  facet normal 0 0 1
    outer loop
      vertex 86.2 41.93 18.25
      vertex 88.8375 35.5625 18.25
      vertex 88.8375 40.8375 18.25
    endloop
  endfacet
  facet normal 0 0 1
    outer loop
      vertex 86.2 41.93 18.25
      vertex 86.2 34.47 18.25
      vertex 88.8375 35.5625 18.25
    endloop
  endfacet
  facet normal -0 0 1
    outer loop
      vertex 83.5625 40.8375 18.25
      vertex 86.2 34.47 18.25
      vertex 86.2 41.93 18.25
    endloop
  endfacet
  facet normal 0 0 1
    outer loop
      vertex 83.5625 40.8375 18.25
      vertex 83.5625 35.5625 18.25
      vertex 86.2 34.47 18.25
    endloop
  endfacet
  facet normal 0 -0 1
    outer loop
      vertex 83.5625 35.5625 18.25
      vertex 83.5625 40.8375 18.25
      vertex 82.47 38.2 18.25
    endloop
  endfacet
  facet normal 0.382687 -0.923878 0
    outer loop
      vertex 83.5625 40.8375 18.25
      vertex 86.2 41.93 100.25
      vertex 83.5625 40.8375 100.25
    endloop
  endfacet
  facet normal 0.382687 -0.923878 0
    outer loop
      vertex 86.2 41.93 100.25
      vertex 83.5625 40.8375 18.25
      vertex 86.2 41.93 18.25
    endloop
  endfacet
  facet normal -0.382687 -0.923878 0
    outer loop
      vertex 86.2 41.93 18.25
      vertex 88.8375 40.8375 100.25
      vertex 86.2 41.93 100.25
    endloop
  endfacet
  facet normal -0.382687 -0.923878 -0
    outer loop
      vertex 88.8375 40.8375 100.25
      vertex 86.2 41.93 18.25
      vertex 88.8375 40.8375 18.25
    endloop
  endfacet
  facet normal -0.382687 0.923878 0
    outer loop
      vertex 88.8375 35.5625 18.25
      vertex 86.2 34.47 100.25
      vertex 88.8375 35.5625 100.25
    endloop
  endfacet
  facet normal -0.382687 0.923878 0
    outer loop
      vertex 86.2 34.47 100.25
      vertex 88.8375 35.5625 18.25
      vertex 86.2 34.47 18.25
    endloop
  endfacet
  facet normal 0.923878 0.382687 0
    outer loop
      vertex 83.5625 35.5625 100.25
      vertex 82.47 38.2 18.25
      vertex 82.47 38.2 100.25
    endloop
  endfacet
  facet normal 0.923878 0.382687 0
    outer loop
      vertex 82.47 38.2 18.25
      vertex 83.5625 35.5625 100.25
      vertex 83.5625 35.5625 18.25
    endloop
  endfacet
  facet normal -0.923878 0.382687 0
    outer loop
      vertex 88.8375 35.5625 18.25
      vertex 89.93 38.2 100.25
      vertex 89.93 38.2 18.25
    endloop
  endfacet
  facet normal -0.923878 0.382687 0
    outer loop
      vertex 89.93 38.2 100.25
      vertex 88.8375 35.5625 18.25
      vertex 88.8375 35.5625 100.25
    endloop
  endfacet
  facet normal 0.382687 0.923878 -0
    outer loop
      vertex 86.2 34.47 18.25
      vertex 83.5625 35.5625 100.25
      vertex 86.2 34.47 100.25
    endloop
  endfacet
  facet normal 0.382687 0.923878 0
    outer loop
      vertex 83.5625 35.5625 100.25
      vertex 86.2 34.47 18.25
      vertex 83.5625 35.5625 18.25
    endloop
  endfacet
  facet normal -0.923878 -0.382687 0
    outer loop
      vertex 89.93 47.2 18.25
      vertex 88.8375 49.8375 100.25
      vertex 88.8375 49.8375 18.25
    endloop
  endfacet
  facet normal -0.923878 -0.382687 0
    outer loop
      vertex 88.8375 49.8375 100.25
      vertex 89.93 47.2 18.25
      vertex 89.93 47.2 100.25
    endloop
  endfacet
  facet normal 0.923878 -0.382687 0
    outer loop
      vertex 82.47 47.2 100.25
      vertex 83.5625 49.8375 18.25
      vertex 83.5625 49.8375 100.25
    endloop
  endfacet
  facet normal 0.923878 -0.382687 0
    outer loop
      vertex 83.5625 49.8375 18.25
      vertex 82.47 47.2 100.25
      vertex 82.47 47.2 18.25
    endloop
  endfacet
  facet normal 0 0 1
    outer loop
      vertex 88.8375 49.8375 18.25
      vertex 88.8375 44.5625 18.25
      vertex 89.93 47.2 18.25
    endloop
  endfacet
  facet normal 0 0 1
    outer loop
      vertex 86.2 50.93 18.25
      vertex 88.8375 44.5625 18.25
      vertex 88.8375 49.8375 18.25
    endloop
  endfacet
  facet normal 0 0 1
    outer loop
      vertex 86.2 50.93 18.25
      vertex 86.2 43.47 18.25
      vertex 88.8375 44.5625 18.25
    endloop
  endfacet
  facet normal -0 0 1
    outer loop
      vertex 83.5625 49.8375 18.25
      vertex 86.2 43.47 18.25
      vertex 86.2 50.93 18.25
    endloop
  endfacet
  facet normal 0 0 1
    outer loop
      vertex 83.5625 49.8375 18.25
      vertex 83.5625 44.5625 18.25
      vertex 86.2 43.47 18.25
    endloop
  endfacet
  facet normal 0 -0 1
    outer loop
      vertex 83.5625 44.5625 18.25
      vertex 83.5625 49.8375 18.25
      vertex 82.47 47.2 18.25
    endloop
  endfacet
  facet normal 0.382687 -0.923878 0
    outer loop
      vertex 83.5625 49.8375 18.25
      vertex 86.2 50.93 100.25
      vertex 83.5625 49.8375 100.25
    endloop
  endfacet
  facet normal 0.382687 -0.923878 0
    outer loop
      vertex 86.2 50.93 100.25
      vertex 83.5625 49.8375 18.25
      vertex 86.2 50.93 18.25
    endloop
  endfacet
  facet normal -0.382687 -0.923878 0
    outer loop
      vertex 86.2 50.93 18.25
      vertex 88.8375 49.8375 100.25
      vertex 86.2 50.93 100.25
    endloop
  endfacet
  facet normal -0.382687 -0.923878 -0
    outer loop
      vertex 88.8375 49.8375 100.25
      vertex 86.2 50.93 18.25
      vertex 88.8375 49.8375 18.25
    endloop
  endfacet
  facet normal -0.382687 0.923878 0
    outer loop
      vertex 88.8375 44.5625 18.25
      vertex 86.2 43.47 100.25
      vertex 88.8375 44.5625 100.25
    endloop
  endfacet
  facet normal -0.382687 0.923878 0
    outer loop
      vertex 86.2 43.47 100.25
      vertex 88.8375 44.5625 18.25
      vertex 86.2 43.47 18.25
    endloop
  endfacet
  facet normal 0.923878 0.382687 0
    outer loop
      vertex 83.5625 44.5625 100.25
      vertex 82.47 47.2 18.25
      vertex 82.47 47.2 100.25
    endloop
  endfacet
  facet normal 0.923878 0.382687 0
    outer loop
      vertex 82.47 47.2 18.25
      vertex 83.5625 44.5625 100.25
      vertex 83.5625 44.5625 18.25
    endloop
  endfacet
  facet normal -0.923878 0.382687 0
    outer loop
      vertex 88.8375 44.5625 18.25
      vertex 89.93 47.2 100.25
      vertex 89.93 47.2 18.25
    endloop
  endfacet
  facet normal -0.923878 0.382687 0
    outer loop
      vertex 89.93 47.2 100.25
      vertex 88.8375 44.5625 18.25
      vertex 88.8375 44.5625 100.25
    endloop
  endfacet
  facet normal 0.382687 0.923878 -0
    outer loop
      vertex 86.2 43.47 18.25
      vertex 83.5625 44.5625 100.25
      vertex 86.2 43.47 100.25
    endloop
  endfacet
  facet normal 0.382687 0.923878 0
    outer loop
      vertex 83.5625 44.5625 100.25
      vertex 86.2 43.47 18.25
      vertex 83.5625 44.5625 18.25
    endloop
  endfacet
  facet normal -0.923878 -0.382687 0
    outer loop
      vertex 89.93 56.2 18.25
      vertex 88.8375 58.8375 100.25
      vertex 88.8375 58.8375 18.25
    endloop
  endfacet
  facet normal -0.923878 -0.382687 0
    outer loop
      vertex 88.8375 58.8375 100.25
      vertex 89.93 56.2 18.25
      vertex 89.93 56.2 100.25
    endloop
  endfacet
  facet normal 0.923878 -0.382687 0
    outer loop
      vertex 82.47 56.2 100.25
      vertex 83.5625 58.8375 18.25
      vertex 83.5625 58.8375 100.25
    endloop
  endfacet
  facet normal 0.923878 -0.382687 0
    outer loop
      vertex 83.5625 58.8375 18.25
      vertex 82.47 56.2 100.25
      vertex 82.47 56.2 18.25
    endloop
  endfacet
  facet normal 0 0 1
    outer loop
      vertex 88.8375 58.8375 18.25
      vertex 88.8375 53.5625 18.25
      vertex 89.93 56.2 18.25
    endloop
  endfacet
  facet normal 0 0 1
    outer loop
      vertex 86.2 59.93 18.25
      vertex 88.8375 53.5625 18.25
      vertex 88.8375 58.8375 18.25
    endloop
  endfacet
  facet normal 0 0 1
    outer loop
      vertex 86.2 59.93 18.25
      vertex 86.2 52.47 18.25
      vertex 88.8375 53.5625 18.25
    endloop
  endfacet
  facet normal -0 0 1
    outer loop
      vertex 83.5625 58.8375 18.25
      vertex 86.2 52.47 18.25
      vertex 86.2 59.93 18.25
    endloop
  endfacet
  facet normal 0 0 1
    outer loop
      vertex 83.5625 58.8375 18.25
      vertex 83.5625 53.5625 18.25
      vertex 86.2 52.47 18.25
    endloop
  endfacet
  facet normal 0 -0 1
    outer loop
      vertex 83.5625 53.5625 18.25
      vertex 83.5625 58.8375 18.25
      vertex 82.47 56.2 18.25
    endloop
  endfacet
  facet normal 0.382687 -0.923878 0
    outer loop
      vertex 83.5625 58.8375 18.25
      vertex 86.2 59.93 100.25
      vertex 83.5625 58.8375 100.25
    endloop
  endfacet
  facet normal 0.382687 -0.923878 0
    outer loop
      vertex 86.2 59.93 100.25
      vertex 83.5625 58.8375 18.25
      vertex 86.2 59.93 18.25
    endloop
  endfacet
  facet normal -0.382687 -0.923878 0
    outer loop
      vertex 86.2 59.93 18.25
      vertex 88.8375 58.8375 100.25
      vertex 86.2 59.93 100.25
    endloop
  endfacet
  facet normal -0.382687 -0.923878 -0
    outer loop
      vertex 88.8375 58.8375 100.25
      vertex 86.2 59.93 18.25
      vertex 88.8375 58.8375 18.25
    endloop
  endfacet
  facet normal -0.382687 0.923878 0
    outer loop
      vertex 88.8375 53.5625 18.25
      vertex 86.2 52.47 100.25
      vertex 88.8375 53.5625 100.25
    endloop
  endfacet
  facet normal -0.382687 0.923878 0
    outer loop
      vertex 86.2 52.47 100.25
      vertex 88.8375 53.5625 18.25
      vertex 86.2 52.47 18.25
    endloop
  endfacet
  facet normal 0.923878 0.382687 0
    outer loop
      vertex 83.5625 53.5625 100.25
      vertex 82.47 56.2 18.25
      vertex 82.47 56.2 100.25
    endloop
  endfacet
  facet normal 0.923878 0.382687 0
    outer loop
      vertex 82.47 56.2 18.25
      vertex 83.5625 53.5625 100.25
      vertex 83.5625 53.5625 18.25
    endloop
  endfacet
  facet normal -0.923878 0.382687 0
    outer loop
      vertex 88.8375 53.5625 18.25
      vertex 89.93 56.2 100.25
      vertex 89.93 56.2 18.25
    endloop
  endfacet
  facet normal -0.923878 0.382687 0
    outer loop
      vertex 89.93 56.2 100.25
      vertex 88.8375 53.5625 18.25
      vertex 88.8375 53.5625 100.25
    endloop
  endfacet
  facet normal 0.382687 0.923878 -0
    outer loop
      vertex 86.2 52.47 18.25
      vertex 83.5625 53.5625 100.25
      vertex 86.2 52.47 100.25
    endloop
  endfacet
  facet normal 0.382687 0.923878 0
    outer loop
      vertex 83.5625 53.5625 100.25
      vertex 86.2 52.47 18.25
      vertex 83.5625 53.5625 18.25
    endloop
  endfacet
  facet normal -0.923878 -0.382687 0
    outer loop
      vertex 89.93 65.2 18.25
      vertex 88.8375 67.8375 100.25
      vertex 88.8375 67.8375 18.25
    endloop
  endfacet
  facet normal -0.923878 -0.382687 0
    outer loop
      vertex 88.8375 67.8375 100.25
      vertex 89.93 65.2 18.25
      vertex 89.93 65.2 100.25
    endloop
  endfacet
  facet normal 0.923878 -0.382687 0
    outer loop
      vertex 82.47 65.2 100.25
      vertex 83.5625 67.8375 18.25
      vertex 83.5625 67.8375 100.25
    endloop
  endfacet
  facet normal 0.923878 -0.382687 0
    outer loop
      vertex 83.5625 67.8375 18.25
      vertex 82.47 65.2 100.25
      vertex 82.47 65.2 18.25
    endloop
  endfacet
  facet normal 0 0 1
    outer loop
      vertex 88.8375 67.8375 18.25
      vertex 88.8375 62.5625 18.25
      vertex 89.93 65.2 18.25
    endloop
  endfacet
  facet normal 0 0 1
    outer loop
      vertex 86.2 68.93 18.25
      vertex 88.8375 62.5625 18.25
      vertex 88.8375 67.8375 18.25
    endloop
  endfacet
  facet normal 0 0 1
    outer loop
      vertex 86.2 68.93 18.25
      vertex 86.2 61.47 18.25
      vertex 88.8375 62.5625 18.25
    endloop
  endfacet
  facet normal -0 0 1
    outer loop
      vertex 83.5625 67.8375 18.25
      vertex 86.2 61.47 18.25
      vertex 86.2 68.93 18.25
    endloop
  endfacet
  facet normal 0 0 1
    outer loop
      vertex 83.5625 67.8375 18.25
      vertex 83.5625 62.5625 18.25
      vertex 86.2 61.47 18.25
    endloop
  endfacet
  facet normal 0 -0 1
    outer loop
      vertex 83.5625 62.5625 18.25
      vertex 83.5625 67.8375 18.25
      vertex 82.47 65.2 18.25
    endloop
  endfacet
  facet normal 0.382687 -0.923878 0
    outer loop
      vertex 83.5625 67.8375 18.25
      vertex 86.2 68.93 100.25
      vertex 83.5625 67.8375 100.25
    endloop
  endfacet
  facet normal 0.382687 -0.923878 0
    outer loop
      vertex 86.2 68.93 100.25
      vertex 83.5625 67.8375 18.25
      vertex 86.2 68.93 18.25
    endloop
  endfacet
  facet normal -0.382687 -0.923878 0
    outer loop
      vertex 86.2 68.93 18.25
      vertex 88.8375 67.8375 100.25
      vertex 86.2 68.93 100.25
    endloop
  endfacet
  facet normal -0.382687 -0.923878 -0
    outer loop
      vertex 88.8375 67.8375 100.25
      vertex 86.2 68.93 18.25
      vertex 88.8375 67.8375 18.25
    endloop
  endfacet
  facet normal -0.382687 0.923878 0
    outer loop
      vertex 88.8375 62.5625 18.25
      vertex 86.2 61.47 100.25
      vertex 88.8375 62.5625 100.25
    endloop
  endfacet
  facet normal -0.382687 0.923878 0
    outer loop
      vertex 86.2 61.47 100.25
      vertex 88.8375 62.5625 18.25
      vertex 86.2 61.47 18.25
    endloop
  endfacet
  facet normal 0.923878 0.382687 0
    outer loop
      vertex 83.5625 62.5625 100.25
      vertex 82.47 65.2 18.25
      vertex 82.47 65.2 100.25
    endloop
  endfacet
  facet normal 0.923878 0.382687 0
    outer loop
      vertex 82.47 65.2 18.25
      vertex 83.5625 62.5625 100.25
      vertex 83.5625 62.5625 18.25
    endloop
  endfacet
  facet normal -0.923878 0.382687 0
    outer loop
      vertex 88.8375 62.5625 18.25
      vertex 89.93 65.2 100.25
      vertex 89.93 65.2 18.25
    endloop
  endfacet
  facet normal -0.923878 0.382687 0
    outer loop
      vertex 89.93 65.2 100.25
      vertex 88.8375 62.5625 18.25
      vertex 88.8375 62.5625 100.25
    endloop
  endfacet
  facet normal 0.382687 0.923878 -0
    outer loop
      vertex 86.2 61.47 18.25
      vertex 83.5625 62.5625 100.25
      vertex 86.2 61.47 100.25
    endloop
  endfacet
  facet normal 0.382687 0.923878 0
    outer loop
      vertex 83.5625 62.5625 100.25
      vertex 86.2 61.47 18.25
      vertex 83.5625 62.5625 18.25
    endloop
  endfacet
  facet normal -0.923878 -0.382687 0
    outer loop
      vertex 89.93 74.2 18.25
      vertex 88.8375 76.8375 100.25
      vertex 88.8375 76.8375 18.25
    endloop
  endfacet
  facet normal -0.923878 -0.382687 0
    outer loop
      vertex 88.8375 76.8375 100.25
      vertex 89.93 74.2 18.25
      vertex 89.93 74.2 100.25
    endloop
  endfacet
  facet normal 0.923878 -0.382687 0
    outer loop
      vertex 82.47 74.2 100.25
      vertex 83.5625 76.8375 18.25
      vertex 83.5625 76.8375 100.25
    endloop
  endfacet
  facet normal 0.923878 -0.382687 0
    outer loop
      vertex 83.5625 76.8375 18.25
      vertex 82.47 74.2 100.25
      vertex 82.47 74.2 18.25
    endloop
  endfacet
  facet normal 0 0 1
    outer loop
      vertex 88.8375 76.8375 18.25
      vertex 88.8375 71.5625 18.25
      vertex 89.93 74.2 18.25
    endloop
  endfacet
  facet normal 0 0 1
    outer loop
      vertex 86.2 77.93 18.25
      vertex 88.8375 71.5625 18.25
      vertex 88.8375 76.8375 18.25
    endloop
  endfacet
  facet normal 0 0 1
    outer loop
      vertex 86.2 77.93 18.25
      vertex 86.2 70.47 18.25
      vertex 88.8375 71.5625 18.25
    endloop
  endfacet
  facet normal -0 0 1
    outer loop
      vertex 83.5625 76.8375 18.25
      vertex 86.2 70.47 18.25
      vertex 86.2 77.93 18.25
    endloop
  endfacet
  facet normal 0 0 1
    outer loop
      vertex 83.5625 76.8375 18.25
      vertex 83.5625 71.5625 18.25
      vertex 86.2 70.47 18.25
    endloop
  endfacet
  facet normal 0 -0 1
    outer loop
      vertex 83.5625 71.5625 18.25
      vertex 83.5625 76.8375 18.25
      vertex 82.47 74.2 18.25
    endloop
  endfacet
  facet normal 0.382687 -0.923878 0
    outer loop
      vertex 83.5625 76.8375 18.25
      vertex 86.2 77.93 100.25
      vertex 83.5625 76.8375 100.25
    endloop
  endfacet
  facet normal 0.382687 -0.923878 0
    outer loop
      vertex 86.2 77.93 100.25
      vertex 83.5625 76.8375 18.25
      vertex 86.2 77.93 18.25
    endloop
  endfacet
  facet normal -0.382687 -0.923878 0
    outer loop
      vertex 86.2 77.93 18.25
      vertex 88.8375 76.8375 100.25
      vertex 86.2 77.93 100.25
    endloop
  endfacet
  facet normal -0.382687 -0.923878 -0
    outer loop
      vertex 88.8375 76.8375 100.25
      vertex 86.2 77.93 18.25
      vertex 88.8375 76.8375 18.25
    endloop
  endfacet
  facet normal -0.382687 0.923878 0
    outer loop
      vertex 88.8375 71.5625 18.25
      vertex 86.2 70.47 100.25
      vertex 88.8375 71.5625 100.25
    endloop
  endfacet
  facet normal -0.382687 0.923878 0
    outer loop
      vertex 86.2 70.47 100.25
      vertex 88.8375 71.5625 18.25
      vertex 86.2 70.47 18.25
    endloop
  endfacet
  facet normal 0.923878 0.382687 0
    outer loop
      vertex 83.5625 71.5625 100.25
      vertex 82.47 74.2 18.25
      vertex 82.47 74.2 100.25
    endloop
  endfacet
  facet normal 0.923878 0.382687 0
    outer loop
      vertex 82.47 74.2 18.25
      vertex 83.5625 71.5625 100.25
      vertex 83.5625 71.5625 18.25
    endloop
  endfacet
  facet normal -0.923878 0.382687 0
    outer loop
      vertex 88.8375 71.5625 18.25
      vertex 89.93 74.2 100.25
      vertex 89.93 74.2 18.25
    endloop
  endfacet
  facet normal -0.923878 0.382687 0
    outer loop
      vertex 89.93 74.2 100.25
      vertex 88.8375 71.5625 18.25
      vertex 88.8375 71.5625 100.25
    endloop
  endfacet
  facet normal 0.382687 0.923878 -0
    outer loop
      vertex 86.2 70.47 18.25
      vertex 83.5625 71.5625 100.25
      vertex 86.2 70.47 100.25
    endloop
  endfacet
  facet normal 0.382687 0.923878 0
    outer loop
      vertex 83.5625 71.5625 100.25
      vertex 86.2 70.47 18.25
      vertex 83.5625 71.5625 18.25
    endloop
  endfacet
  facet normal -0.923878 -0.382687 0
    outer loop
      vertex 98.93 11.2 18.25
      vertex 97.8375 13.8375 100.25
      vertex 97.8375 13.8375 18.25
    endloop
  endfacet
  facet normal -0.923878 -0.382687 0
    outer loop
      vertex 97.8375 13.8375 100.25
      vertex 98.93 11.2 18.25
      vertex 98.93 11.2 100.25
    endloop
  endfacet
  facet normal 0.923878 -0.382687 0
    outer loop
      vertex 91.47 11.2 100.25
      vertex 92.5625 13.8375 18.25
      vertex 92.5625 13.8375 100.25
    endloop
  endfacet
  facet normal 0.923878 -0.382687 0
    outer loop
      vertex 92.5625 13.8375 18.25
      vertex 91.47 11.2 100.25
      vertex 91.47 11.2 18.25
    endloop
  endfacet
  facet normal 0 0 1
    outer loop
      vertex 97.8375 13.8375 18.25
      vertex 97.8375 8.56249 18.25
      vertex 98.93 11.2 18.25
    endloop
  endfacet
  facet normal 0 0 1
    outer loop
      vertex 95.2 14.93 18.25
      vertex 97.8375 8.56249 18.25
      vertex 97.8375 13.8375 18.25
    endloop
  endfacet
  facet normal 0 0 1
    outer loop
      vertex 95.2 14.93 18.25
      vertex 95.2 7.47 18.25
      vertex 97.8375 8.56249 18.25
    endloop
  endfacet
  facet normal -0 0 1
    outer loop
      vertex 92.5625 13.8375 18.25
      vertex 95.2 7.47 18.25
      vertex 95.2 14.93 18.25
    endloop
  endfacet
  facet normal 0 0 1
    outer loop
      vertex 92.5625 13.8375 18.25
      vertex 92.5625 8.56249 18.25
      vertex 95.2 7.47 18.25
    endloop
  endfacet
  facet normal 0 -0 1
    outer loop
      vertex 92.5625 8.56249 18.25
      vertex 92.5625 13.8375 18.25
      vertex 91.47 11.2 18.25
    endloop
  endfacet
  facet normal 0.382687 -0.923878 0
    outer loop
      vertex 92.5625 13.8375 18.25
      vertex 95.2 14.93 100.25
      vertex 92.5625 13.8375 100.25
    endloop
  endfacet
  facet normal 0.382687 -0.923878 0
    outer loop
      vertex 95.2 14.93 100.25
      vertex 92.5625 13.8375 18.25
      vertex 95.2 14.93 18.25
    endloop
  endfacet
  facet normal -0.382687 -0.923878 0
    outer loop
      vertex 95.2 14.93 18.25
      vertex 97.8375 13.8375 100.25
      vertex 95.2 14.93 100.25
    endloop
  endfacet
  facet normal -0.382687 -0.923878 -0
    outer loop
      vertex 97.8375 13.8375 100.25
      vertex 95.2 14.93 18.25
      vertex 97.8375 13.8375 18.25
    endloop
  endfacet
  facet normal -0.382684 0.923879 0
    outer loop
      vertex 97.8375 8.56249 18.25
      vertex 95.2 7.47 100.25
      vertex 97.8375 8.56249 100.25
    endloop
  endfacet
  facet normal -0.382684 0.923879 0
    outer loop
      vertex 95.2 7.47 100.25
      vertex 97.8375 8.56249 18.25
      vertex 95.2 7.47 18.25
    endloop
  endfacet
  facet normal 0.923879 0.382686 0
    outer loop
      vertex 92.5625 8.56249 100.25
      vertex 91.47 11.2 18.25
      vertex 91.47 11.2 100.25
    endloop
  endfacet
  facet normal 0.923879 0.382686 0
    outer loop
      vertex 91.47 11.2 18.25
      vertex 92.5625 8.56249 100.25
      vertex 92.5625 8.56249 18.25
    endloop
  endfacet
  facet normal -0.923879 0.382686 0
    outer loop
      vertex 97.8375 8.56249 18.25
      vertex 98.93 11.2 100.25
      vertex 98.93 11.2 18.25
    endloop
  endfacet
  facet normal -0.923879 0.382686 0
    outer loop
      vertex 98.93 11.2 100.25
      vertex 97.8375 8.56249 18.25
      vertex 97.8375 8.56249 100.25
    endloop
  endfacet
  facet normal 0.382684 0.923879 -0
    outer loop
      vertex 95.2 7.47 18.25
      vertex 92.5625 8.56249 100.25
      vertex 95.2 7.47 100.25
    endloop
  endfacet
  facet normal 0.382684 0.923879 0
    outer loop
      vertex 92.5625 8.56249 100.25
      vertex 95.2 7.47 18.25
      vertex 92.5625 8.56249 18.25
    endloop
  endfacet
  facet normal -0.923878 -0.382687 0
    outer loop
      vertex 98.93 20.2 18.25
      vertex 97.8375 22.8375 100.25
      vertex 97.8375 22.8375 18.25
    endloop
  endfacet
  facet normal -0.923878 -0.382687 0
    outer loop
      vertex 97.8375 22.8375 100.25
      vertex 98.93 20.2 18.25
      vertex 98.93 20.2 100.25
    endloop
  endfacet
  facet normal 0.923878 -0.382687 0
    outer loop
      vertex 91.47 20.2 100.25
      vertex 92.5625 22.8375 18.25
      vertex 92.5625 22.8375 100.25
    endloop
  endfacet
  facet normal 0.923878 -0.382687 0
    outer loop
      vertex 92.5625 22.8375 18.25
      vertex 91.47 20.2 100.25
      vertex 91.47 20.2 18.25
    endloop
  endfacet
  facet normal 0 0 1
    outer loop
      vertex 97.8375 22.8375 18.25
      vertex 97.8375 17.5625 18.25
      vertex 98.93 20.2 18.25
    endloop
  endfacet
  facet normal 0 0 1
    outer loop
      vertex 95.2 23.93 18.25
      vertex 97.8375 17.5625 18.25
      vertex 97.8375 22.8375 18.25
    endloop
  endfacet
  facet normal 0 0 1
    outer loop
      vertex 95.2 23.93 18.25
      vertex 95.2 16.47 18.25
      vertex 97.8375 17.5625 18.25
    endloop
  endfacet
  facet normal -0 0 1
    outer loop
      vertex 92.5625 22.8375 18.25
      vertex 95.2 16.47 18.25
      vertex 95.2 23.93 18.25
    endloop
  endfacet
  facet normal 0 0 1
    outer loop
      vertex 92.5625 22.8375 18.25
      vertex 92.5625 17.5625 18.25
      vertex 95.2 16.47 18.25
    endloop
  endfacet
  facet normal 0 -0 1
    outer loop
      vertex 92.5625 17.5625 18.25
      vertex 92.5625 22.8375 18.25
      vertex 91.47 20.2 18.25
    endloop
  endfacet
  facet normal 0.382687 -0.923878 0
    outer loop
      vertex 92.5625 22.8375 18.25
      vertex 95.2 23.93 100.25
      vertex 92.5625 22.8375 100.25
    endloop
  endfacet
  facet normal 0.382687 -0.923878 0
    outer loop
      vertex 95.2 23.93 100.25
      vertex 92.5625 22.8375 18.25
      vertex 95.2 23.93 18.25
    endloop
  endfacet
  facet normal -0.382687 -0.923878 0
    outer loop
      vertex 95.2 23.93 18.25
      vertex 97.8375 22.8375 100.25
      vertex 95.2 23.93 100.25
    endloop
  endfacet
  facet normal -0.382687 -0.923878 -0
    outer loop
      vertex 97.8375 22.8375 100.25
      vertex 95.2 23.93 18.25
      vertex 97.8375 22.8375 18.25
    endloop
  endfacet
  facet normal -0.382687 0.923878 0
    outer loop
      vertex 97.8375 17.5625 18.25
      vertex 95.2 16.47 100.25
      vertex 97.8375 17.5625 100.25
    endloop
  endfacet
  facet normal -0.382687 0.923878 0
    outer loop
      vertex 95.2 16.47 100.25
      vertex 97.8375 17.5625 18.25
      vertex 95.2 16.47 18.25
    endloop
  endfacet
  facet normal 0.923878 0.382687 0
    outer loop
      vertex 92.5625 17.5625 100.25
      vertex 91.47 20.2 18.25
      vertex 91.47 20.2 100.25
    endloop
  endfacet
  facet normal 0.923878 0.382687 0
    outer loop
      vertex 91.47 20.2 18.25
      vertex 92.5625 17.5625 100.25
      vertex 92.5625 17.5625 18.25
    endloop
  endfacet
  facet normal -0.923878 0.382687 0
    outer loop
      vertex 97.8375 17.5625 18.25
      vertex 98.93 20.2 100.25
      vertex 98.93 20.2 18.25
    endloop
  endfacet
  facet normal -0.923878 0.382687 0
    outer loop
      vertex 98.93 20.2 100.25
      vertex 97.8375 17.5625 18.25
      vertex 97.8375 17.5625 100.25
    endloop
  endfacet
  facet normal 0.382687 0.923878 -0
    outer loop
      vertex 95.2 16.47 18.25
      vertex 92.5625 17.5625 100.25
      vertex 95.2 16.47 100.25
    endloop
  endfacet
  facet normal 0.382687 0.923878 0
    outer loop
      vertex 92.5625 17.5625 100.25
      vertex 95.2 16.47 18.25
      vertex 92.5625 17.5625 18.25
    endloop
  endfacet
  facet normal -0.923878 -0.382687 0
    outer loop
      vertex 98.93 29.2 18.25
      vertex 97.8375 31.8375 100.25
      vertex 97.8375 31.8375 18.25
    endloop
  endfacet
  facet normal -0.923878 -0.382687 0
    outer loop
      vertex 97.8375 31.8375 100.25
      vertex 98.93 29.2 18.25
      vertex 98.93 29.2 100.25
    endloop
  endfacet
  facet normal 0.923878 -0.382687 0
    outer loop
      vertex 91.47 29.2 100.25
      vertex 92.5625 31.8375 18.25
      vertex 92.5625 31.8375 100.25
    endloop
  endfacet
  facet normal 0.923878 -0.382687 0
    outer loop
      vertex 92.5625 31.8375 18.25
      vertex 91.47 29.2 100.25
      vertex 91.47 29.2 18.25
    endloop
  endfacet
  facet normal 0 0 1
    outer loop
      vertex 97.8375 31.8375 18.25
      vertex 97.8375 26.5625 18.25
      vertex 98.93 29.2 18.25
    endloop
  endfacet
  facet normal 0 0 1
    outer loop
      vertex 95.2 32.93 18.25
      vertex 97.8375 26.5625 18.25
      vertex 97.8375 31.8375 18.25
    endloop
  endfacet
  facet normal 0 0 1
    outer loop
      vertex 95.2 32.93 18.25
      vertex 95.2 25.47 18.25
      vertex 97.8375 26.5625 18.25
    endloop
  endfacet
  facet normal -0 0 1
    outer loop
      vertex 92.5625 31.8375 18.25
      vertex 95.2 25.47 18.25
      vertex 95.2 32.93 18.25
    endloop
  endfacet
  facet normal 0 0 1
    outer loop
      vertex 92.5625 31.8375 18.25
      vertex 92.5625 26.5625 18.25
      vertex 95.2 25.47 18.25
    endloop
  endfacet
  facet normal 0 -0 1
    outer loop
      vertex 92.5625 26.5625 18.25
      vertex 92.5625 31.8375 18.25
      vertex 91.47 29.2 18.25
    endloop
  endfacet
  facet normal 0.382687 -0.923878 0
    outer loop
      vertex 92.5625 31.8375 18.25
      vertex 95.2 32.93 100.25
      vertex 92.5625 31.8375 100.25
    endloop
  endfacet
  facet normal 0.382687 -0.923878 0
    outer loop
      vertex 95.2 32.93 100.25
      vertex 92.5625 31.8375 18.25
      vertex 95.2 32.93 18.25
    endloop
  endfacet
  facet normal -0.382687 -0.923878 0
    outer loop
      vertex 95.2 32.93 18.25
      vertex 97.8375 31.8375 100.25
      vertex 95.2 32.93 100.25
    endloop
  endfacet
  facet normal -0.382687 -0.923878 -0
    outer loop
      vertex 97.8375 31.8375 100.25
      vertex 95.2 32.93 18.25
      vertex 97.8375 31.8375 18.25
    endloop
  endfacet
  facet normal -0.382687 0.923878 0
    outer loop
      vertex 97.8375 26.5625 18.25
      vertex 95.2 25.47 100.25
      vertex 97.8375 26.5625 100.25
    endloop
  endfacet
  facet normal -0.382687 0.923878 0
    outer loop
      vertex 95.2 25.47 100.25
      vertex 97.8375 26.5625 18.25
      vertex 95.2 25.47 18.25
    endloop
  endfacet
  facet normal 0.923878 0.382687 0
    outer loop
      vertex 92.5625 26.5625 100.25
      vertex 91.47 29.2 18.25
      vertex 91.47 29.2 100.25
    endloop
  endfacet
  facet normal 0.923878 0.382687 0
    outer loop
      vertex 91.47 29.2 18.25
      vertex 92.5625 26.5625 100.25
      vertex 92.5625 26.5625 18.25
    endloop
  endfacet
  facet normal -0.923878 0.382687 0
    outer loop
      vertex 97.8375 26.5625 18.25
      vertex 98.93 29.2 100.25
      vertex 98.93 29.2 18.25
    endloop
  endfacet
  facet normal -0.923878 0.382687 0
    outer loop
      vertex 98.93 29.2 100.25
      vertex 97.8375 26.5625 18.25
      vertex 97.8375 26.5625 100.25
    endloop
  endfacet
  facet normal 0.382687 0.923878 -0
    outer loop
      vertex 95.2 25.47 18.25
      vertex 92.5625 26.5625 100.25
      vertex 95.2 25.47 100.25
    endloop
  endfacet
  facet normal 0.382687 0.923878 0
    outer loop
      vertex 92.5625 26.5625 100.25
      vertex 95.2 25.47 18.25
      vertex 92.5625 26.5625 18.25
    endloop
  endfacet
  facet normal -0.923878 -0.382687 0
    outer loop
      vertex 98.93 38.2 18.25
      vertex 97.8375 40.8375 100.25
      vertex 97.8375 40.8375 18.25
    endloop
  endfacet
  facet normal -0.923878 -0.382687 0
    outer loop
      vertex 97.8375 40.8375 100.25
      vertex 98.93 38.2 18.25
      vertex 98.93 38.2 100.25
    endloop
  endfacet
  facet normal 0.923878 -0.382687 0
    outer loop
      vertex 91.47 38.2 100.25
      vertex 92.5625 40.8375 18.25
      vertex 92.5625 40.8375 100.25
    endloop
  endfacet
  facet normal 0.923878 -0.382687 0
    outer loop
      vertex 92.5625 40.8375 18.25
      vertex 91.47 38.2 100.25
      vertex 91.47 38.2 18.25
    endloop
  endfacet
  facet normal 0 0 1
    outer loop
      vertex 97.8375 40.8375 18.25
      vertex 97.8375 35.5625 18.25
      vertex 98.93 38.2 18.25
    endloop
  endfacet
  facet normal 0 0 1
    outer loop
      vertex 95.2 41.93 18.25
      vertex 97.8375 35.5625 18.25
      vertex 97.8375 40.8375 18.25
    endloop
  endfacet
  facet normal 0 0 1
    outer loop
      vertex 95.2 41.93 18.25
      vertex 95.2 34.47 18.25
      vertex 97.8375 35.5625 18.25
    endloop
  endfacet
  facet normal -0 0 1
    outer loop
      vertex 92.5625 40.8375 18.25
      vertex 95.2 34.47 18.25
      vertex 95.2 41.93 18.25
    endloop
  endfacet
  facet normal 0 0 1
    outer loop
      vertex 92.5625 40.8375 18.25
      vertex 92.5625 35.5625 18.25
      vertex 95.2 34.47 18.25
    endloop
  endfacet
  facet normal 0 -0 1
    outer loop
      vertex 92.5625 35.5625 18.25
      vertex 92.5625 40.8375 18.25
      vertex 91.47 38.2 18.25
    endloop
  endfacet
  facet normal 0.382687 -0.923878 0
    outer loop
      vertex 92.5625 40.8375 18.25
      vertex 95.2 41.93 100.25
      vertex 92.5625 40.8375 100.25
    endloop
  endfacet
  facet normal 0.382687 -0.923878 0
    outer loop
      vertex 95.2 41.93 100.25
      vertex 92.5625 40.8375 18.25
      vertex 95.2 41.93 18.25
    endloop
  endfacet
  facet normal -0.382687 -0.923878 0
    outer loop
      vertex 95.2 41.93 18.25
      vertex 97.8375 40.8375 100.25
      vertex 95.2 41.93 100.25
    endloop
  endfacet
  facet normal -0.382687 -0.923878 -0
    outer loop
      vertex 97.8375 40.8375 100.25
      vertex 95.2 41.93 18.25
      vertex 97.8375 40.8375 18.25
    endloop
  endfacet
  facet normal -0.382687 0.923878 0
    outer loop
      vertex 97.8375 35.5625 18.25
      vertex 95.2 34.47 100.25
      vertex 97.8375 35.5625 100.25
    endloop
  endfacet
  facet normal -0.382687 0.923878 0
    outer loop
      vertex 95.2 34.47 100.25
      vertex 97.8375 35.5625 18.25
      vertex 95.2 34.47 18.25
    endloop
  endfacet
  facet normal 0.923878 0.382687 0
    outer loop
      vertex 92.5625 35.5625 100.25
      vertex 91.47 38.2 18.25
      vertex 91.47 38.2 100.25
    endloop
  endfacet
  facet normal 0.923878 0.382687 0
    outer loop
      vertex 91.47 38.2 18.25
      vertex 92.5625 35.5625 100.25
      vertex 92.5625 35.5625 18.25
    endloop
  endfacet
  facet normal -0.923878 0.382687 0
    outer loop
      vertex 97.8375 35.5625 18.25
      vertex 98.93 38.2 100.25
      vertex 98.93 38.2 18.25
    endloop
  endfacet
  facet normal -0.923878 0.382687 0
    outer loop
      vertex 98.93 38.2 100.25
      vertex 97.8375 35.5625 18.25
      vertex 97.8375 35.5625 100.25
    endloop
  endfacet
  facet normal 0.382687 0.923878 -0
    outer loop
      vertex 95.2 34.47 18.25
      vertex 92.5625 35.5625 100.25
      vertex 95.2 34.47 100.25
    endloop
  endfacet
  facet normal 0.382687 0.923878 0
    outer loop
      vertex 92.5625 35.5625 100.25
      vertex 95.2 34.47 18.25
      vertex 92.5625 35.5625 18.25
    endloop
  endfacet
  facet normal -0.923878 -0.382687 0
    outer loop
      vertex 98.93 47.2 18.25
      vertex 97.8375 49.8375 100.25
      vertex 97.8375 49.8375 18.25
    endloop
  endfacet
  facet normal -0.923878 -0.382687 0
    outer loop
      vertex 97.8375 49.8375 100.25
      vertex 98.93 47.2 18.25
      vertex 98.93 47.2 100.25
    endloop
  endfacet
  facet normal 0.923878 -0.382687 0
    outer loop
      vertex 91.47 47.2 100.25
      vertex 92.5625 49.8375 18.25
      vertex 92.5625 49.8375 100.25
    endloop
  endfacet
  facet normal 0.923878 -0.382687 0
    outer loop
      vertex 92.5625 49.8375 18.25
      vertex 91.47 47.2 100.25
      vertex 91.47 47.2 18.25
    endloop
  endfacet
  facet normal 0 0 1
    outer loop
      vertex 97.8375 49.8375 18.25
      vertex 97.8375 44.5625 18.25
      vertex 98.93 47.2 18.25
    endloop
  endfacet
  facet normal 0 0 1
    outer loop
      vertex 95.2 50.93 18.25
      vertex 97.8375 44.5625 18.25
      vertex 97.8375 49.8375 18.25
    endloop
  endfacet
  facet normal 0 0 1
    outer loop
      vertex 95.2 50.93 18.25
      vertex 95.2 43.47 18.25
      vertex 97.8375 44.5625 18.25
    endloop
  endfacet
  facet normal -0 0 1
    outer loop
      vertex 92.5625 49.8375 18.25
      vertex 95.2 43.47 18.25
      vertex 95.2 50.93 18.25
    endloop
  endfacet
  facet normal 0 0 1
    outer loop
      vertex 92.5625 49.8375 18.25
      vertex 92.5625 44.5625 18.25
      vertex 95.2 43.47 18.25
    endloop
  endfacet
  facet normal 0 -0 1
    outer loop
      vertex 92.5625 44.5625 18.25
      vertex 92.5625 49.8375 18.25
      vertex 91.47 47.2 18.25
    endloop
  endfacet
  facet normal 0.382687 -0.923878 0
    outer loop
      vertex 92.5625 49.8375 18.25
      vertex 95.2 50.93 100.25
      vertex 92.5625 49.8375 100.25
    endloop
  endfacet
  facet normal 0.382687 -0.923878 0
    outer loop
      vertex 95.2 50.93 100.25
      vertex 92.5625 49.8375 18.25
      vertex 95.2 50.93 18.25
    endloop
  endfacet
  facet normal -0.382687 -0.923878 0
    outer loop
      vertex 95.2 50.93 18.25
      vertex 97.8375 49.8375 100.25
      vertex 95.2 50.93 100.25
    endloop
  endfacet
  facet normal -0.382687 -0.923878 -0
    outer loop
      vertex 97.8375 49.8375 100.25
      vertex 95.2 50.93 18.25
      vertex 97.8375 49.8375 18.25
    endloop
  endfacet
  facet normal -0.382687 0.923878 0
    outer loop
      vertex 97.8375 44.5625 18.25
      vertex 95.2 43.47 100.25
      vertex 97.8375 44.5625 100.25
    endloop
  endfacet
  facet normal -0.382687 0.923878 0
    outer loop
      vertex 95.2 43.47 100.25
      vertex 97.8375 44.5625 18.25
      vertex 95.2 43.47 18.25
    endloop
  endfacet
  facet normal 0.923878 0.382687 0
    outer loop
      vertex 92.5625 44.5625 100.25
      vertex 91.47 47.2 18.25
      vertex 91.47 47.2 100.25
    endloop
  endfacet
  facet normal 0.923878 0.382687 0
    outer loop
      vertex 91.47 47.2 18.25
      vertex 92.5625 44.5625 100.25
      vertex 92.5625 44.5625 18.25
    endloop
  endfacet
  facet normal -0.923878 0.382687 0
    outer loop
      vertex 97.8375 44.5625 18.25
      vertex 98.93 47.2 100.25
      vertex 98.93 47.2 18.25
    endloop
  endfacet
  facet normal -0.923878 0.382687 0
    outer loop
      vertex 98.93 47.2 100.25
      vertex 97.8375 44.5625 18.25
      vertex 97.8375 44.5625 100.25
    endloop
  endfacet
  facet normal 0.382687 0.923878 -0
    outer loop
      vertex 95.2 43.47 18.25
      vertex 92.5625 44.5625 100.25
      vertex 95.2 43.47 100.25
    endloop
  endfacet
  facet normal 0.382687 0.923878 0
    outer loop
      vertex 92.5625 44.5625 100.25
      vertex 95.2 43.47 18.25
      vertex 92.5625 44.5625 18.25
    endloop
  endfacet
  facet normal -0.923878 -0.382687 0
    outer loop
      vertex 98.93 56.2 18.25
      vertex 97.8375 58.8375 100.25
      vertex 97.8375 58.8375 18.25
    endloop
  endfacet
  facet normal -0.923878 -0.382687 0
    outer loop
      vertex 97.8375 58.8375 100.25
      vertex 98.93 56.2 18.25
      vertex 98.93 56.2 100.25
    endloop
  endfacet
  facet normal 0.923878 -0.382687 0
    outer loop
      vertex 91.47 56.2 100.25
      vertex 92.5625 58.8375 18.25
      vertex 92.5625 58.8375 100.25
    endloop
  endfacet
  facet normal 0.923878 -0.382687 0
    outer loop
      vertex 92.5625 58.8375 18.25
      vertex 91.47 56.2 100.25
      vertex 91.47 56.2 18.25
    endloop
  endfacet
  facet normal 0 0 1
    outer loop
      vertex 97.8375 58.8375 18.25
      vertex 97.8375 53.5625 18.25
      vertex 98.93 56.2 18.25
    endloop
  endfacet
  facet normal 0 0 1
    outer loop
      vertex 95.2 59.93 18.25
      vertex 97.8375 53.5625 18.25
      vertex 97.8375 58.8375 18.25
    endloop
  endfacet
  facet normal 0 0 1
    outer loop
      vertex 95.2 59.93 18.25
      vertex 95.2 52.47 18.25
      vertex 97.8375 53.5625 18.25
    endloop
  endfacet
  facet normal -0 0 1
    outer loop
      vertex 92.5625 58.8375 18.25
      vertex 95.2 52.47 18.25
      vertex 95.2 59.93 18.25
    endloop
  endfacet
  facet normal 0 0 1
    outer loop
      vertex 92.5625 58.8375 18.25
      vertex 92.5625 53.5625 18.25
      vertex 95.2 52.47 18.25
    endloop
  endfacet
  facet normal 0 -0 1
    outer loop
      vertex 92.5625 53.5625 18.25
      vertex 92.5625 58.8375 18.25
      vertex 91.47 56.2 18.25
    endloop
  endfacet
  facet normal 0.382687 -0.923878 0
    outer loop
      vertex 92.5625 58.8375 18.25
      vertex 95.2 59.93 100.25
      vertex 92.5625 58.8375 100.25
    endloop
  endfacet
  facet normal 0.382687 -0.923878 0
    outer loop
      vertex 95.2 59.93 100.25
      vertex 92.5625 58.8375 18.25
      vertex 95.2 59.93 18.25
    endloop
  endfacet
  facet normal -0.382687 -0.923878 0
    outer loop
      vertex 95.2 59.93 18.25
      vertex 97.8375 58.8375 100.25
      vertex 95.2 59.93 100.25
    endloop
  endfacet
  facet normal -0.382687 -0.923878 -0
    outer loop
      vertex 97.8375 58.8375 100.25
      vertex 95.2 59.93 18.25
      vertex 97.8375 58.8375 18.25
    endloop
  endfacet
  facet normal -0.382687 0.923878 0
    outer loop
      vertex 97.8375 53.5625 18.25
      vertex 95.2 52.47 100.25
      vertex 97.8375 53.5625 100.25
    endloop
  endfacet
  facet normal -0.382687 0.923878 0
    outer loop
      vertex 95.2 52.47 100.25
      vertex 97.8375 53.5625 18.25
      vertex 95.2 52.47 18.25
    endloop
  endfacet
  facet normal 0.923878 0.382687 0
    outer loop
      vertex 92.5625 53.5625 100.25
      vertex 91.47 56.2 18.25
      vertex 91.47 56.2 100.25
    endloop
  endfacet
  facet normal 0.923878 0.382687 0
    outer loop
      vertex 91.47 56.2 18.25
      vertex 92.5625 53.5625 100.25
      vertex 92.5625 53.5625 18.25
    endloop
  endfacet
  facet normal -0.923878 0.382687 0
    outer loop
      vertex 97.8375 53.5625 18.25
      vertex 98.93 56.2 100.25
      vertex 98.93 56.2 18.25
    endloop
  endfacet
  facet normal -0.923878 0.382687 0
    outer loop
      vertex 98.93 56.2 100.25
      vertex 97.8375 53.5625 18.25
      vertex 97.8375 53.5625 100.25
    endloop
  endfacet
  facet normal 0.382687 0.923878 -0
    outer loop
      vertex 95.2 52.47 18.25
      vertex 92.5625 53.5625 100.25
      vertex 95.2 52.47 100.25
    endloop
  endfacet
  facet normal 0.382687 0.923878 0
    outer loop
      vertex 92.5625 53.5625 100.25
      vertex 95.2 52.47 18.25
      vertex 92.5625 53.5625 18.25
    endloop
  endfacet
  facet normal -0.923878 -0.382687 0
    outer loop
      vertex 98.93 65.2 18.25
      vertex 97.8375 67.8375 100.25
      vertex 97.8375 67.8375 18.25
    endloop
  endfacet
  facet normal -0.923878 -0.382687 0
    outer loop
      vertex 97.8375 67.8375 100.25
      vertex 98.93 65.2 18.25
      vertex 98.93 65.2 100.25
    endloop
  endfacet
  facet normal 0.923878 -0.382687 0
    outer loop
      vertex 91.47 65.2 100.25
      vertex 92.5625 67.8375 18.25
      vertex 92.5625 67.8375 100.25
    endloop
  endfacet
  facet normal 0.923878 -0.382687 0
    outer loop
      vertex 92.5625 67.8375 18.25
      vertex 91.47 65.2 100.25
      vertex 91.47 65.2 18.25
    endloop
  endfacet
  facet normal 0 0 1
    outer loop
      vertex 97.8375 67.8375 18.25
      vertex 97.8375 62.5625 18.25
      vertex 98.93 65.2 18.25
    endloop
  endfacet
  facet normal 0 0 1
    outer loop
      vertex 95.2 68.93 18.25
      vertex 97.8375 62.5625 18.25
      vertex 97.8375 67.8375 18.25
    endloop
  endfacet
  facet normal 0 0 1
    outer loop
      vertex 95.2 68.93 18.25
      vertex 95.2 61.47 18.25
      vertex 97.8375 62.5625 18.25
    endloop
  endfacet
  facet normal -0 0 1
    outer loop
      vertex 92.5625 67.8375 18.25
      vertex 95.2 61.47 18.25
      vertex 95.2 68.93 18.25
    endloop
  endfacet
  facet normal 0 0 1
    outer loop
      vertex 92.5625 67.8375 18.25
      vertex 92.5625 62.5625 18.25
      vertex 95.2 61.47 18.25
    endloop
  endfacet
  facet normal 0 -0 1
    outer loop
      vertex 92.5625 62.5625 18.25
      vertex 92.5625 67.8375 18.25
      vertex 91.47 65.2 18.25
    endloop
  endfacet
  facet normal 0.382687 -0.923878 0
    outer loop
      vertex 92.5625 67.8375 18.25
      vertex 95.2 68.93 100.25
      vertex 92.5625 67.8375 100.25
    endloop
  endfacet
  facet normal 0.382687 -0.923878 0
    outer loop
      vertex 95.2 68.93 100.25
      vertex 92.5625 67.8375 18.25
      vertex 95.2 68.93 18.25
    endloop
  endfacet
  facet normal -0.382687 -0.923878 0
    outer loop
      vertex 95.2 68.93 18.25
      vertex 97.8375 67.8375 100.25
      vertex 95.2 68.93 100.25
    endloop
  endfacet
  facet normal -0.382687 -0.923878 -0
    outer loop
      vertex 97.8375 67.8375 100.25
      vertex 95.2 68.93 18.25
      vertex 97.8375 67.8375 18.25
    endloop
  endfacet
  facet normal -0.382687 0.923878 0
    outer loop
      vertex 97.8375 62.5625 18.25
      vertex 95.2 61.47 100.25
      vertex 97.8375 62.5625 100.25
    endloop
  endfacet
  facet normal -0.382687 0.923878 0
    outer loop
      vertex 95.2 61.47 100.25
      vertex 97.8375 62.5625 18.25
      vertex 95.2 61.47 18.25
    endloop
  endfacet
  facet normal 0.923878 0.382687 0
    outer loop
      vertex 92.5625 62.5625 100.25
      vertex 91.47 65.2 18.25
      vertex 91.47 65.2 100.25
    endloop
  endfacet
  facet normal 0.923878 0.382687 0
    outer loop
      vertex 91.47 65.2 18.25
      vertex 92.5625 62.5625 100.25
      vertex 92.5625 62.5625 18.25
    endloop
  endfacet
  facet normal -0.923878 0.382687 0
    outer loop
      vertex 97.8375 62.5625 18.25
      vertex 98.93 65.2 100.25
      vertex 98.93 65.2 18.25
    endloop
  endfacet
  facet normal -0.923878 0.382687 0
    outer loop
      vertex 98.93 65.2 100.25
      vertex 97.8375 62.5625 18.25
      vertex 97.8375 62.5625 100.25
    endloop
  endfacet
  facet normal 0.382687 0.923878 -0
    outer loop
      vertex 95.2 61.47 18.25
      vertex 92.5625 62.5625 100.25
      vertex 95.2 61.47 100.25
    endloop
  endfacet
  facet normal 0.382687 0.923878 0
    outer loop
      vertex 92.5625 62.5625 100.25
      vertex 95.2 61.47 18.25
      vertex 92.5625 62.5625 18.25
    endloop
  endfacet
  facet normal -0.923878 -0.382687 0
    outer loop
      vertex 98.93 74.2 18.25
      vertex 97.8375 76.8375 100.25
      vertex 97.8375 76.8375 18.25
    endloop
  endfacet
  facet normal -0.923878 -0.382687 0
    outer loop
      vertex 97.8375 76.8375 100.25
      vertex 98.93 74.2 18.25
      vertex 98.93 74.2 100.25
    endloop
  endfacet
  facet normal 0.923878 -0.382687 0
    outer loop
      vertex 91.47 74.2 100.25
      vertex 92.5625 76.8375 18.25
      vertex 92.5625 76.8375 100.25
    endloop
  endfacet
  facet normal 0.923878 -0.382687 0
    outer loop
      vertex 92.5625 76.8375 18.25
      vertex 91.47 74.2 100.25
      vertex 91.47 74.2 18.25
    endloop
  endfacet
  facet normal 0 0 1
    outer loop
      vertex 97.8375 76.8375 18.25
      vertex 97.8375 71.5625 18.25
      vertex 98.93 74.2 18.25
    endloop
  endfacet
  facet normal 0 0 1
    outer loop
      vertex 95.2 77.93 18.25
      vertex 97.8375 71.5625 18.25
      vertex 97.8375 76.8375 18.25
    endloop
  endfacet
  facet normal 0 0 1
    outer loop
      vertex 95.2 77.93 18.25
      vertex 95.2 70.47 18.25
      vertex 97.8375 71.5625 18.25
    endloop
  endfacet
  facet normal -0 0 1
    outer loop
      vertex 92.5625 76.8375 18.25
      vertex 95.2 70.47 18.25
      vertex 95.2 77.93 18.25
    endloop
  endfacet
  facet normal 0 0 1
    outer loop
      vertex 92.5625 76.8375 18.25
      vertex 92.5625 71.5625 18.25
      vertex 95.2 70.47 18.25
    endloop
  endfacet
  facet normal 0 -0 1
    outer loop
      vertex 92.5625 71.5625 18.25
      vertex 92.5625 76.8375 18.25
      vertex 91.47 74.2 18.25
    endloop
  endfacet
  facet normal 0.382687 -0.923878 0
    outer loop
      vertex 92.5625 76.8375 18.25
      vertex 95.2 77.93 100.25
      vertex 92.5625 76.8375 100.25
    endloop
  endfacet
  facet normal 0.382687 -0.923878 0
    outer loop
      vertex 95.2 77.93 100.25
      vertex 92.5625 76.8375 18.25
      vertex 95.2 77.93 18.25
    endloop
  endfacet
  facet normal -0.382687 -0.923878 0
    outer loop
      vertex 95.2 77.93 18.25
      vertex 97.8375 76.8375 100.25
      vertex 95.2 77.93 100.25
    endloop
  endfacet
  facet normal -0.382687 -0.923878 -0
    outer loop
      vertex 97.8375 76.8375 100.25
      vertex 95.2 77.93 18.25
      vertex 97.8375 76.8375 18.25
    endloop
  endfacet
  facet normal -0.382687 0.923878 0
    outer loop
      vertex 97.8375 71.5625 18.25
      vertex 95.2 70.47 100.25
      vertex 97.8375 71.5625 100.25
    endloop
  endfacet
  facet normal -0.382687 0.923878 0
    outer loop
      vertex 95.2 70.47 100.25
      vertex 97.8375 71.5625 18.25
      vertex 95.2 70.47 18.25
    endloop
  endfacet
  facet normal 0.923878 0.382687 0
    outer loop
      vertex 92.5625 71.5625 100.25
      vertex 91.47 74.2 18.25
      vertex 91.47 74.2 100.25
    endloop
  endfacet
  facet normal 0.923878 0.382687 0
    outer loop
      vertex 91.47 74.2 18.25
      vertex 92.5625 71.5625 100.25
      vertex 92.5625 71.5625 18.25
    endloop
  endfacet
  facet normal -0.923878 0.382687 0
    outer loop
      vertex 97.8375 71.5625 18.25
      vertex 98.93 74.2 100.25
      vertex 98.93 74.2 18.25
    endloop
  endfacet
  facet normal -0.923878 0.382687 0
    outer loop
      vertex 98.93 74.2 100.25
      vertex 97.8375 71.5625 18.25
      vertex 97.8375 71.5625 100.25
    endloop
  endfacet
  facet normal 0.382687 0.923878 -0
    outer loop
      vertex 95.2 70.47 18.25
      vertex 92.5625 71.5625 100.25
      vertex 95.2 70.47 100.25
    endloop
  endfacet
  facet normal 0.382687 0.923878 0
    outer loop
      vertex 92.5625 71.5625 100.25
      vertex 95.2 70.47 18.25
      vertex 92.5625 71.5625 18.25
    endloop
  endfacet
  facet normal -0.92394 -0.382537 0
    outer loop
      vertex 107.93 11.2 18.25
      vertex 106.838 13.8375 100.25
      vertex 106.838 13.8375 18.25
    endloop
  endfacet
  facet normal -0.92394 -0.382537 0
    outer loop
      vertex 106.838 13.8375 100.25
      vertex 107.93 11.2 18.25
      vertex 107.93 11.2 100.25
    endloop
  endfacet
  facet normal 0.92394 -0.382537 0
    outer loop
      vertex 100.47 11.2 100.25
      vertex 101.562 13.8375 18.25
      vertex 101.562 13.8375 100.25
    endloop
  endfacet
  facet normal 0.92394 -0.382537 0
    outer loop
      vertex 101.562 13.8375 18.25
      vertex 100.47 11.2 100.25
      vertex 100.47 11.2 18.25
    endloop
  endfacet
  facet normal 0 0 1
    outer loop
      vertex 106.838 13.8375 18.25
      vertex 106.838 8.56249 18.25
      vertex 107.93 11.2 18.25
    endloop
  endfacet
  facet normal 0 0 1
    outer loop
      vertex 104.2 14.93 18.25
      vertex 106.838 8.56249 18.25
      vertex 106.838 13.8375 18.25
    endloop
  endfacet
  facet normal 0 0 1
    outer loop
      vertex 104.2 14.93 18.25
      vertex 104.2 7.47 18.25
      vertex 106.838 8.56249 18.25
    endloop
  endfacet
  facet normal -0 0 1
    outer loop
      vertex 101.562 13.8375 18.25
      vertex 104.2 7.47 18.25
      vertex 104.2 14.93 18.25
    endloop
  endfacet
  facet normal 0 0 1
    outer loop
      vertex 101.562 13.8375 18.25
      vertex 101.562 8.56249 18.25
      vertex 104.2 7.47 18.25
    endloop
  endfacet
  facet normal 0 -0 1
    outer loop
      vertex 101.562 8.56249 18.25
      vertex 101.562 13.8375 18.25
      vertex 100.47 11.2 18.25
    endloop
  endfacet
  facet normal 0.382625 -0.923904 0
    outer loop
      vertex 101.562 13.8375 18.25
      vertex 104.2 14.93 100.25
      vertex 101.562 13.8375 100.25
    endloop
  endfacet
  facet normal 0.382625 -0.923904 0
    outer loop
      vertex 104.2 14.93 100.25
      vertex 101.562 13.8375 18.25
      vertex 104.2 14.93 18.25
    endloop
  endfacet
  facet normal -0.382625 -0.923904 0
    outer loop
      vertex 104.2 14.93 18.25
      vertex 106.838 13.8375 100.25
      vertex 104.2 14.93 100.25
    endloop
  endfacet
  facet normal -0.382625 -0.923904 -0
    outer loop
      vertex 106.838 13.8375 100.25
      vertex 104.2 14.93 18.25
      vertex 106.838 13.8375 18.25
    endloop
  endfacet
  facet normal -0.382622 0.923905 0
    outer loop
      vertex 106.838 8.56249 18.25
      vertex 104.2 7.47 100.25
      vertex 106.838 8.56249 100.25
    endloop
  endfacet
  facet normal -0.382622 0.923905 0
    outer loop
      vertex 104.2 7.47 100.25
      vertex 106.838 8.56249 18.25
      vertex 104.2 7.47 18.25
    endloop
  endfacet
  facet normal 0.923941 0.382536 0
    outer loop
      vertex 101.562 8.56249 100.25
      vertex 100.47 11.2 18.25
      vertex 100.47 11.2 100.25
    endloop
  endfacet
  facet normal 0.923941 0.382536 0
    outer loop
      vertex 100.47 11.2 18.25
      vertex 101.562 8.56249 100.25
      vertex 101.562 8.56249 18.25
    endloop
  endfacet
  facet normal -0.923941 0.382536 0
    outer loop
      vertex 106.838 8.56249 18.25
      vertex 107.93 11.2 100.25
      vertex 107.93 11.2 18.25
    endloop
  endfacet
  facet normal -0.923941 0.382536 0
    outer loop
      vertex 107.93 11.2 100.25
      vertex 106.838 8.56249 18.25
      vertex 106.838 8.56249 100.25
    endloop
  endfacet
  facet normal 0.382622 0.923905 -0
    outer loop
      vertex 104.2 7.47 18.25
      vertex 101.562 8.56249 100.25
      vertex 104.2 7.47 100.25
    endloop
  endfacet
  facet normal 0.382622 0.923905 0
    outer loop
      vertex 101.562 8.56249 100.25
      vertex 104.2 7.47 18.25
      vertex 101.562 8.56249 18.25
    endloop
  endfacet
  facet normal -0.92394 -0.382537 0
    outer loop
      vertex 107.93 20.2 18.25
      vertex 106.838 22.8375 100.25
      vertex 106.838 22.8375 18.25
    endloop
  endfacet
  facet normal -0.92394 -0.382537 0
    outer loop
      vertex 106.838 22.8375 100.25
      vertex 107.93 20.2 18.25
      vertex 107.93 20.2 100.25
    endloop
  endfacet
  facet normal 0.92394 -0.382537 0
    outer loop
      vertex 100.47 20.2 100.25
      vertex 101.562 22.8375 18.25
      vertex 101.562 22.8375 100.25
    endloop
  endfacet
  facet normal 0.92394 -0.382537 0
    outer loop
      vertex 101.562 22.8375 18.25
      vertex 100.47 20.2 100.25
      vertex 100.47 20.2 18.25
    endloop
  endfacet
  facet normal 0 0 1
    outer loop
      vertex 106.838 22.8375 18.25
      vertex 106.838 17.5625 18.25
      vertex 107.93 20.2 18.25
    endloop
  endfacet
  facet normal 0 0 1
    outer loop
      vertex 104.2 23.93 18.25
      vertex 106.838 17.5625 18.25
      vertex 106.838 22.8375 18.25
    endloop
  endfacet
  facet normal 0 0 1
    outer loop
      vertex 104.2 23.93 18.25
      vertex 104.2 16.47 18.25
      vertex 106.838 17.5625 18.25
    endloop
  endfacet
  facet normal -0 0 1
    outer loop
      vertex 101.562 22.8375 18.25
      vertex 104.2 16.47 18.25
      vertex 104.2 23.93 18.25
    endloop
  endfacet
  facet normal 0 0 1
    outer loop
      vertex 101.562 22.8375 18.25
      vertex 101.562 17.5625 18.25
      vertex 104.2 16.47 18.25
    endloop
  endfacet
  facet normal 0 -0 1
    outer loop
      vertex 101.562 17.5625 18.25
      vertex 101.562 22.8375 18.25
      vertex 100.47 20.2 18.25
    endloop
  endfacet
  facet normal 0.382625 -0.923904 0
    outer loop
      vertex 101.562 22.8375 18.25
      vertex 104.2 23.93 100.25
      vertex 101.562 22.8375 100.25
    endloop
  endfacet
  facet normal 0.382625 -0.923904 0
    outer loop
      vertex 104.2 23.93 100.25
      vertex 101.562 22.8375 18.25
      vertex 104.2 23.93 18.25
    endloop
  endfacet
  facet normal -0.382625 -0.923904 0
    outer loop
      vertex 104.2 23.93 18.25
      vertex 106.838 22.8375 100.25
      vertex 104.2 23.93 100.25
    endloop
  endfacet
  facet normal -0.382625 -0.923904 -0
    outer loop
      vertex 106.838 22.8375 100.25
      vertex 104.2 23.93 18.25
      vertex 106.838 22.8375 18.25
    endloop
  endfacet
  facet normal -0.382625 0.923904 0
    outer loop
      vertex 106.838 17.5625 18.25
      vertex 104.2 16.47 100.25
      vertex 106.838 17.5625 100.25
    endloop
  endfacet
  facet normal -0.382625 0.923904 0
    outer loop
      vertex 104.2 16.47 100.25
      vertex 106.838 17.5625 18.25
      vertex 104.2 16.47 18.25
    endloop
  endfacet
  facet normal 0.92394 0.382537 0
    outer loop
      vertex 101.562 17.5625 100.25
      vertex 100.47 20.2 18.25
      vertex 100.47 20.2 100.25
    endloop
  endfacet
  facet normal 0.92394 0.382537 0
    outer loop
      vertex 100.47 20.2 18.25
      vertex 101.562 17.5625 100.25
      vertex 101.562 17.5625 18.25
    endloop
  endfacet
  facet normal -0.92394 0.382537 0
    outer loop
      vertex 106.838 17.5625 18.25
      vertex 107.93 20.2 100.25
      vertex 107.93 20.2 18.25
    endloop
  endfacet
  facet normal -0.92394 0.382537 0
    outer loop
      vertex 107.93 20.2 100.25
      vertex 106.838 17.5625 18.25
      vertex 106.838 17.5625 100.25
    endloop
  endfacet
  facet normal 0.382625 0.923904 -0
    outer loop
      vertex 104.2 16.47 18.25
      vertex 101.562 17.5625 100.25
      vertex 104.2 16.47 100.25
    endloop
  endfacet
  facet normal 0.382625 0.923904 0
    outer loop
      vertex 101.562 17.5625 100.25
      vertex 104.2 16.47 18.25
      vertex 101.562 17.5625 18.25
    endloop
  endfacet
  facet normal -0.92394 -0.382537 0
    outer loop
      vertex 107.93 29.2 18.25
      vertex 106.838 31.8375 100.25
      vertex 106.838 31.8375 18.25
    endloop
  endfacet
  facet normal -0.92394 -0.382537 0
    outer loop
      vertex 106.838 31.8375 100.25
      vertex 107.93 29.2 18.25
      vertex 107.93 29.2 100.25
    endloop
  endfacet
  facet normal 0.92394 -0.382537 0
    outer loop
      vertex 100.47 29.2 100.25
      vertex 101.562 31.8375 18.25
      vertex 101.562 31.8375 100.25
    endloop
  endfacet
  facet normal 0.92394 -0.382537 0
    outer loop
      vertex 101.562 31.8375 18.25
      vertex 100.47 29.2 100.25
      vertex 100.47 29.2 18.25
    endloop
  endfacet
  facet normal 0 0 1
    outer loop
      vertex 106.838 31.8375 18.25
      vertex 106.838 26.5625 18.25
      vertex 107.93 29.2 18.25
    endloop
  endfacet
  facet normal 0 0 1
    outer loop
      vertex 104.2 32.93 18.25
      vertex 106.838 26.5625 18.25
      vertex 106.838 31.8375 18.25
    endloop
  endfacet
  facet normal 0 0 1
    outer loop
      vertex 104.2 32.93 18.25
      vertex 104.2 25.47 18.25
      vertex 106.838 26.5625 18.25
    endloop
  endfacet
  facet normal -0 0 1
    outer loop
      vertex 101.562 31.8375 18.25
      vertex 104.2 25.47 18.25
      vertex 104.2 32.93 18.25
    endloop
  endfacet
  facet normal 0 0 1
    outer loop
      vertex 101.562 31.8375 18.25
      vertex 101.562 26.5625 18.25
      vertex 104.2 25.47 18.25
    endloop
  endfacet
  facet normal 0 -0 1
    outer loop
      vertex 101.562 26.5625 18.25
      vertex 101.562 31.8375 18.25
      vertex 100.47 29.2 18.25
    endloop
  endfacet
  facet normal 0.382625 -0.923904 0
    outer loop
      vertex 101.562 31.8375 18.25
      vertex 104.2 32.93 100.25
      vertex 101.562 31.8375 100.25
    endloop
  endfacet
  facet normal 0.382625 -0.923904 0
    outer loop
      vertex 104.2 32.93 100.25
      vertex 101.562 31.8375 18.25
      vertex 104.2 32.93 18.25
    endloop
  endfacet
  facet normal -0.382625 -0.923904 0
    outer loop
      vertex 104.2 32.93 18.25
      vertex 106.838 31.8375 100.25
      vertex 104.2 32.93 100.25
    endloop
  endfacet
  facet normal -0.382625 -0.923904 -0
    outer loop
      vertex 106.838 31.8375 100.25
      vertex 104.2 32.93 18.25
      vertex 106.838 31.8375 18.25
    endloop
  endfacet
  facet normal -0.382625 0.923904 0
    outer loop
      vertex 106.838 26.5625 18.25
      vertex 104.2 25.47 100.25
      vertex 106.838 26.5625 100.25
    endloop
  endfacet
  facet normal -0.382625 0.923904 0
    outer loop
      vertex 104.2 25.47 100.25
      vertex 106.838 26.5625 18.25
      vertex 104.2 25.47 18.25
    endloop
  endfacet
  facet normal 0.92394 0.382537 0
    outer loop
      vertex 101.562 26.5625 100.25
      vertex 100.47 29.2 18.25
      vertex 100.47 29.2 100.25
    endloop
  endfacet
  facet normal 0.92394 0.382537 0
    outer loop
      vertex 100.47 29.2 18.25
      vertex 101.562 26.5625 100.25
      vertex 101.562 26.5625 18.25
    endloop
  endfacet
  facet normal -0.92394 0.382537 0
    outer loop
      vertex 106.838 26.5625 18.25
      vertex 107.93 29.2 100.25
      vertex 107.93 29.2 18.25
    endloop
  endfacet
  facet normal -0.92394 0.382537 0
    outer loop
      vertex 107.93 29.2 100.25
      vertex 106.838 26.5625 18.25
      vertex 106.838 26.5625 100.25
    endloop
  endfacet
  facet normal 0.382625 0.923904 -0
    outer loop
      vertex 104.2 25.47 18.25
      vertex 101.562 26.5625 100.25
      vertex 104.2 25.47 100.25
    endloop
  endfacet
  facet normal 0.382625 0.923904 0
    outer loop
      vertex 101.562 26.5625 100.25
      vertex 104.2 25.47 18.25
      vertex 101.562 26.5625 18.25
    endloop
  endfacet
  facet normal -0.92394 -0.382537 0
    outer loop
      vertex 107.93 38.2 18.25
      vertex 106.838 40.8375 100.25
      vertex 106.838 40.8375 18.25
    endloop
  endfacet
  facet normal -0.92394 -0.382537 0
    outer loop
      vertex 106.838 40.8375 100.25
      vertex 107.93 38.2 18.25
      vertex 107.93 38.2 100.25
    endloop
  endfacet
  facet normal 0.92394 -0.382537 0
    outer loop
      vertex 100.47 38.2 100.25
      vertex 101.562 40.8375 18.25
      vertex 101.562 40.8375 100.25
    endloop
  endfacet
  facet normal 0.92394 -0.382537 0
    outer loop
      vertex 101.562 40.8375 18.25
      vertex 100.47 38.2 100.25
      vertex 100.47 38.2 18.25
    endloop
  endfacet
  facet normal 0 0 1
    outer loop
      vertex 106.838 40.8375 18.25
      vertex 106.838 35.5625 18.25
      vertex 107.93 38.2 18.25
    endloop
  endfacet
  facet normal 0 0 1
    outer loop
      vertex 104.2 41.93 18.25
      vertex 106.838 35.5625 18.25
      vertex 106.838 40.8375 18.25
    endloop
  endfacet
  facet normal 0 0 1
    outer loop
      vertex 104.2 41.93 18.25
      vertex 104.2 34.47 18.25
      vertex 106.838 35.5625 18.25
    endloop
  endfacet
  facet normal -0 0 1
    outer loop
      vertex 101.562 40.8375 18.25
      vertex 104.2 34.47 18.25
      vertex 104.2 41.93 18.25
    endloop
  endfacet
  facet normal 0 0 1
    outer loop
      vertex 101.562 40.8375 18.25
      vertex 101.562 35.5625 18.25
      vertex 104.2 34.47 18.25
    endloop
  endfacet
  facet normal 0 -0 1
    outer loop
      vertex 101.562 35.5625 18.25
      vertex 101.562 40.8375 18.25
      vertex 100.47 38.2 18.25
    endloop
  endfacet
  facet normal 0.382625 -0.923904 0
    outer loop
      vertex 101.562 40.8375 18.25
      vertex 104.2 41.93 100.25
      vertex 101.562 40.8375 100.25
    endloop
  endfacet
  facet normal 0.382625 -0.923904 0
    outer loop
      vertex 104.2 41.93 100.25
      vertex 101.562 40.8375 18.25
      vertex 104.2 41.93 18.25
    endloop
  endfacet
  facet normal -0.382625 -0.923904 0
    outer loop
      vertex 104.2 41.93 18.25
      vertex 106.838 40.8375 100.25
      vertex 104.2 41.93 100.25
    endloop
  endfacet
  facet normal -0.382625 -0.923904 -0
    outer loop
      vertex 106.838 40.8375 100.25
      vertex 104.2 41.93 18.25
      vertex 106.838 40.8375 18.25
    endloop
  endfacet
  facet normal -0.382625 0.923904 0
    outer loop
      vertex 106.838 35.5625 18.25
      vertex 104.2 34.47 100.25
      vertex 106.838 35.5625 100.25
    endloop
  endfacet
  facet normal -0.382625 0.923904 0
    outer loop
      vertex 104.2 34.47 100.25
      vertex 106.838 35.5625 18.25
      vertex 104.2 34.47 18.25
    endloop
  endfacet
  facet normal 0.92394 0.382537 0
    outer loop
      vertex 101.562 35.5625 100.25
      vertex 100.47 38.2 18.25
      vertex 100.47 38.2 100.25
    endloop
  endfacet
  facet normal 0.92394 0.382537 0
    outer loop
      vertex 100.47 38.2 18.25
      vertex 101.562 35.5625 100.25
      vertex 101.562 35.5625 18.25
    endloop
  endfacet
  facet normal -0.92394 0.382537 0
    outer loop
      vertex 106.838 35.5625 18.25
      vertex 107.93 38.2 100.25
      vertex 107.93 38.2 18.25
    endloop
  endfacet
  facet normal -0.92394 0.382537 0
    outer loop
      vertex 107.93 38.2 100.25
      vertex 106.838 35.5625 18.25
      vertex 106.838 35.5625 100.25
    endloop
  endfacet
  facet normal 0.382625 0.923904 -0
    outer loop
      vertex 104.2 34.47 18.25
      vertex 101.562 35.5625 100.25
      vertex 104.2 34.47 100.25
    endloop
  endfacet
  facet normal 0.382625 0.923904 0
    outer loop
      vertex 101.562 35.5625 100.25
      vertex 104.2 34.47 18.25
      vertex 101.562 35.5625 18.25
    endloop
  endfacet
  facet normal -0.92394 -0.382537 0
    outer loop
      vertex 107.93 47.2 18.25
      vertex 106.838 49.8375 100.25
      vertex 106.838 49.8375 18.25
    endloop
  endfacet
  facet normal -0.92394 -0.382537 0
    outer loop
      vertex 106.838 49.8375 100.25
      vertex 107.93 47.2 18.25
      vertex 107.93 47.2 100.25
    endloop
  endfacet
  facet normal 0.92394 -0.382537 0
    outer loop
      vertex 100.47 47.2 100.25
      vertex 101.562 49.8375 18.25
      vertex 101.562 49.8375 100.25
    endloop
  endfacet
  facet normal 0.92394 -0.382537 0
    outer loop
      vertex 101.562 49.8375 18.25
      vertex 100.47 47.2 100.25
      vertex 100.47 47.2 18.25
    endloop
  endfacet
  facet normal 0 0 1
    outer loop
      vertex 106.838 49.8375 18.25
      vertex 106.838 44.5625 18.25
      vertex 107.93 47.2 18.25
    endloop
  endfacet
  facet normal 0 0 1
    outer loop
      vertex 104.2 50.93 18.25
      vertex 106.838 44.5625 18.25
      vertex 106.838 49.8375 18.25
    endloop
  endfacet
  facet normal 0 0 1
    outer loop
      vertex 104.2 50.93 18.25
      vertex 104.2 43.47 18.25
      vertex 106.838 44.5625 18.25
    endloop
  endfacet
  facet normal -0 0 1
    outer loop
      vertex 101.562 49.8375 18.25
      vertex 104.2 43.47 18.25
      vertex 104.2 50.93 18.25
    endloop
  endfacet
  facet normal 0 0 1
    outer loop
      vertex 101.562 49.8375 18.25
      vertex 101.562 44.5625 18.25
      vertex 104.2 43.47 18.25
    endloop
  endfacet
  facet normal 0 -0 1
    outer loop
      vertex 101.562 44.5625 18.25
      vertex 101.562 49.8375 18.25
      vertex 100.47 47.2 18.25
    endloop
  endfacet
  facet normal 0.382625 -0.923904 0
    outer loop
      vertex 101.562 49.8375 18.25
      vertex 104.2 50.93 100.25
      vertex 101.562 49.8375 100.25
    endloop
  endfacet
  facet normal 0.382625 -0.923904 0
    outer loop
      vertex 104.2 50.93 100.25
      vertex 101.562 49.8375 18.25
      vertex 104.2 50.93 18.25
    endloop
  endfacet
  facet normal -0.382625 -0.923904 0
    outer loop
      vertex 104.2 50.93 18.25
      vertex 106.838 49.8375 100.25
      vertex 104.2 50.93 100.25
    endloop
  endfacet
  facet normal -0.382625 -0.923904 -0
    outer loop
      vertex 106.838 49.8375 100.25
      vertex 104.2 50.93 18.25
      vertex 106.838 49.8375 18.25
    endloop
  endfacet
  facet normal -0.382625 0.923904 0
    outer loop
      vertex 106.838 44.5625 18.25
      vertex 104.2 43.47 100.25
      vertex 106.838 44.5625 100.25
    endloop
  endfacet
  facet normal -0.382625 0.923904 0
    outer loop
      vertex 104.2 43.47 100.25
      vertex 106.838 44.5625 18.25
      vertex 104.2 43.47 18.25
    endloop
  endfacet
  facet normal 0.92394 0.382537 0
    outer loop
      vertex 101.562 44.5625 100.25
      vertex 100.47 47.2 18.25
      vertex 100.47 47.2 100.25
    endloop
  endfacet
  facet normal 0.92394 0.382537 0
    outer loop
      vertex 100.47 47.2 18.25
      vertex 101.562 44.5625 100.25
      vertex 101.562 44.5625 18.25
    endloop
  endfacet
  facet normal -0.92394 0.382537 0
    outer loop
      vertex 106.838 44.5625 18.25
      vertex 107.93 47.2 100.25
      vertex 107.93 47.2 18.25
    endloop
  endfacet
  facet normal -0.92394 0.382537 0
    outer loop
      vertex 107.93 47.2 100.25
      vertex 106.838 44.5625 18.25
      vertex 106.838 44.5625 100.25
    endloop
  endfacet
  facet normal 0.382625 0.923904 -0
    outer loop
      vertex 104.2 43.47 18.25
      vertex 101.562 44.5625 100.25
      vertex 104.2 43.47 100.25
    endloop
  endfacet
  facet normal 0.382625 0.923904 0
    outer loop
      vertex 101.562 44.5625 100.25
      vertex 104.2 43.47 18.25
      vertex 101.562 44.5625 18.25
    endloop
  endfacet
  facet normal -0.92394 -0.382537 0
    outer loop
      vertex 107.93 56.2 18.25
      vertex 106.838 58.8375 100.25
      vertex 106.838 58.8375 18.25
    endloop
  endfacet
  facet normal -0.92394 -0.382537 0
    outer loop
      vertex 106.838 58.8375 100.25
      vertex 107.93 56.2 18.25
      vertex 107.93 56.2 100.25
    endloop
  endfacet
  facet normal 0.92394 -0.382537 0
    outer loop
      vertex 100.47 56.2 100.25
      vertex 101.562 58.8375 18.25
      vertex 101.562 58.8375 100.25
    endloop
  endfacet
  facet normal 0.92394 -0.382537 0
    outer loop
      vertex 101.562 58.8375 18.25
      vertex 100.47 56.2 100.25
      vertex 100.47 56.2 18.25
    endloop
  endfacet
  facet normal 0 0 1
    outer loop
      vertex 106.838 58.8375 18.25
      vertex 106.838 53.5625 18.25
      vertex 107.93 56.2 18.25
    endloop
  endfacet
  facet normal 0 0 1
    outer loop
      vertex 104.2 59.93 18.25
      vertex 106.838 53.5625 18.25
      vertex 106.838 58.8375 18.25
    endloop
  endfacet
  facet normal 0 0 1
    outer loop
      vertex 104.2 59.93 18.25
      vertex 104.2 52.47 18.25
      vertex 106.838 53.5625 18.25
    endloop
  endfacet
  facet normal -0 0 1
    outer loop
      vertex 101.562 58.8375 18.25
      vertex 104.2 52.47 18.25
      vertex 104.2 59.93 18.25
    endloop
  endfacet
  facet normal 0 0 1
    outer loop
      vertex 101.562 58.8375 18.25
      vertex 101.562 53.5625 18.25
      vertex 104.2 52.47 18.25
    endloop
  endfacet
  facet normal 0 -0 1
    outer loop
      vertex 101.562 53.5625 18.25
      vertex 101.562 58.8375 18.25
      vertex 100.47 56.2 18.25
    endloop
  endfacet
  facet normal 0.382625 -0.923904 0
    outer loop
      vertex 101.562 58.8375 18.25
      vertex 104.2 59.93 100.25
      vertex 101.562 58.8375 100.25
    endloop
  endfacet
  facet normal 0.382625 -0.923904 0
    outer loop
      vertex 104.2 59.93 100.25
      vertex 101.562 58.8375 18.25
      vertex 104.2 59.93 18.25
    endloop
  endfacet
  facet normal -0.382625 -0.923904 0
    outer loop
      vertex 104.2 59.93 18.25
      vertex 106.838 58.8375 100.25
      vertex 104.2 59.93 100.25
    endloop
  endfacet
  facet normal -0.382625 -0.923904 -0
    outer loop
      vertex 106.838 58.8375 100.25
      vertex 104.2 59.93 18.25
      vertex 106.838 58.8375 18.25
    endloop
  endfacet
  facet normal -0.382625 0.923904 0
    outer loop
      vertex 106.838 53.5625 18.25
      vertex 104.2 52.47 100.25
      vertex 106.838 53.5625 100.25
    endloop
  endfacet
  facet normal -0.382625 0.923904 0
    outer loop
      vertex 104.2 52.47 100.25
      vertex 106.838 53.5625 18.25
      vertex 104.2 52.47 18.25
    endloop
  endfacet
  facet normal 0.92394 0.382537 0
    outer loop
      vertex 101.562 53.5625 100.25
      vertex 100.47 56.2 18.25
      vertex 100.47 56.2 100.25
    endloop
  endfacet
  facet normal 0.92394 0.382537 0
    outer loop
      vertex 100.47 56.2 18.25
      vertex 101.562 53.5625 100.25
      vertex 101.562 53.5625 18.25
    endloop
  endfacet
  facet normal -0.92394 0.382537 0
    outer loop
      vertex 106.838 53.5625 18.25
      vertex 107.93 56.2 100.25
      vertex 107.93 56.2 18.25
    endloop
  endfacet
  facet normal -0.92394 0.382537 0
    outer loop
      vertex 107.93 56.2 100.25
      vertex 106.838 53.5625 18.25
      vertex 106.838 53.5625 100.25
    endloop
  endfacet
  facet normal 0.382625 0.923904 -0
    outer loop
      vertex 104.2 52.47 18.25
      vertex 101.562 53.5625 100.25
      vertex 104.2 52.47 100.25
    endloop
  endfacet
  facet normal 0.382625 0.923904 0
    outer loop
      vertex 101.562 53.5625 100.25
      vertex 104.2 52.47 18.25
      vertex 101.562 53.5625 18.25
    endloop
  endfacet
  facet normal -0.92394 -0.382537 0
    outer loop
      vertex 107.93 65.2 18.25
      vertex 106.838 67.8375 100.25
      vertex 106.838 67.8375 18.25
    endloop
  endfacet
  facet normal -0.92394 -0.382537 0
    outer loop
      vertex 106.838 67.8375 100.25
      vertex 107.93 65.2 18.25
      vertex 107.93 65.2 100.25
    endloop
  endfacet
  facet normal 0.92394 -0.382537 0
    outer loop
      vertex 100.47 65.2 100.25
      vertex 101.562 67.8375 18.25
      vertex 101.562 67.8375 100.25
    endloop
  endfacet
  facet normal 0.92394 -0.382537 0
    outer loop
      vertex 101.562 67.8375 18.25
      vertex 100.47 65.2 100.25
      vertex 100.47 65.2 18.25
    endloop
  endfacet
  facet normal 0 0 1
    outer loop
      vertex 106.838 67.8375 18.25
      vertex 106.838 62.5625 18.25
      vertex 107.93 65.2 18.25
    endloop
  endfacet
  facet normal 0 0 1
    outer loop
      vertex 104.2 68.93 18.25
      vertex 106.838 62.5625 18.25
      vertex 106.838 67.8375 18.25
    endloop
  endfacet
  facet normal 0 0 1
    outer loop
      vertex 104.2 68.93 18.25
      vertex 104.2 61.47 18.25
      vertex 106.838 62.5625 18.25
    endloop
  endfacet
  facet normal -0 0 1
    outer loop
      vertex 101.562 67.8375 18.25
      vertex 104.2 61.47 18.25
      vertex 104.2 68.93 18.25
    endloop
  endfacet
  facet normal 0 0 1
    outer loop
      vertex 101.562 67.8375 18.25
      vertex 101.562 62.5625 18.25
      vertex 104.2 61.47 18.25
    endloop
  endfacet
  facet normal 0 -0 1
    outer loop
      vertex 101.562 62.5625 18.25
      vertex 101.562 67.8375 18.25
      vertex 100.47 65.2 18.25
    endloop
  endfacet
  facet normal 0.382625 -0.923904 0
    outer loop
      vertex 101.562 67.8375 18.25
      vertex 104.2 68.93 100.25
      vertex 101.562 67.8375 100.25
    endloop
  endfacet
  facet normal 0.382625 -0.923904 0
    outer loop
      vertex 104.2 68.93 100.25
      vertex 101.562 67.8375 18.25
      vertex 104.2 68.93 18.25
    endloop
  endfacet
  facet normal -0.382625 -0.923904 0
    outer loop
      vertex 104.2 68.93 18.25
      vertex 106.838 67.8375 100.25
      vertex 104.2 68.93 100.25
    endloop
  endfacet
  facet normal -0.382625 -0.923904 -0
    outer loop
      vertex 106.838 67.8375 100.25
      vertex 104.2 68.93 18.25
      vertex 106.838 67.8375 18.25
    endloop
  endfacet
  facet normal -0.382625 0.923904 0
    outer loop
      vertex 106.838 62.5625 18.25
      vertex 104.2 61.47 100.25
      vertex 106.838 62.5625 100.25
    endloop
  endfacet
  facet normal -0.382625 0.923904 0
    outer loop
      vertex 104.2 61.47 100.25
      vertex 106.838 62.5625 18.25
      vertex 104.2 61.47 18.25
    endloop
  endfacet
  facet normal 0.92394 0.382537 0
    outer loop
      vertex 101.562 62.5625 100.25
      vertex 100.47 65.2 18.25
      vertex 100.47 65.2 100.25
    endloop
  endfacet
  facet normal 0.92394 0.382537 0
    outer loop
      vertex 100.47 65.2 18.25
      vertex 101.562 62.5625 100.25
      vertex 101.562 62.5625 18.25
    endloop
  endfacet
  facet normal -0.92394 0.382537 0
    outer loop
      vertex 106.838 62.5625 18.25
      vertex 107.93 65.2 100.25
      vertex 107.93 65.2 18.25
    endloop
  endfacet
  facet normal -0.92394 0.382537 0
    outer loop
      vertex 107.93 65.2 100.25
      vertex 106.838 62.5625 18.25
      vertex 106.838 62.5625 100.25
    endloop
  endfacet
  facet normal 0.382625 0.923904 -0
    outer loop
      vertex 104.2 61.47 18.25
      vertex 101.562 62.5625 100.25
      vertex 104.2 61.47 100.25
    endloop
  endfacet
  facet normal 0.382625 0.923904 0
    outer loop
      vertex 101.562 62.5625 100.25
      vertex 104.2 61.47 18.25
      vertex 101.562 62.5625 18.25
    endloop
  endfacet
  facet normal -0.92394 -0.382537 0
    outer loop
      vertex 107.93 74.2 18.25
      vertex 106.838 76.8375 100.25
      vertex 106.838 76.8375 18.25
    endloop
  endfacet
  facet normal -0.92394 -0.382537 0
    outer loop
      vertex 106.838 76.8375 100.25
      vertex 107.93 74.2 18.25
      vertex 107.93 74.2 100.25
    endloop
  endfacet
  facet normal 0.92394 -0.382537 0
    outer loop
      vertex 100.47 74.2 100.25
      vertex 101.562 76.8375 18.25
      vertex 101.562 76.8375 100.25
    endloop
  endfacet
  facet normal 0.92394 -0.382537 0
    outer loop
      vertex 101.562 76.8375 18.25
      vertex 100.47 74.2 100.25
      vertex 100.47 74.2 18.25
    endloop
  endfacet
  facet normal 0 0 1
    outer loop
      vertex 106.838 76.8375 18.25
      vertex 106.838 71.5625 18.25
      vertex 107.93 74.2 18.25
    endloop
  endfacet
  facet normal 0 0 1
    outer loop
      vertex 104.2 77.93 18.25
      vertex 106.838 71.5625 18.25
      vertex 106.838 76.8375 18.25
    endloop
  endfacet
  facet normal 0 0 1
    outer loop
      vertex 104.2 77.93 18.25
      vertex 104.2 70.47 18.25
      vertex 106.838 71.5625 18.25
    endloop
  endfacet
  facet normal -0 0 1
    outer loop
      vertex 101.562 76.8375 18.25
      vertex 104.2 70.47 18.25
      vertex 104.2 77.93 18.25
    endloop
  endfacet
  facet normal 0 0 1
    outer loop
      vertex 101.562 76.8375 18.25
      vertex 101.562 71.5625 18.25
      vertex 104.2 70.47 18.25
    endloop
  endfacet
  facet normal 0 -0 1
    outer loop
      vertex 101.562 71.5625 18.25
      vertex 101.562 76.8375 18.25
      vertex 100.47 74.2 18.25
    endloop
  endfacet
  facet normal 0.382625 -0.923904 0
    outer loop
      vertex 101.562 76.8375 18.25
      vertex 104.2 77.93 100.25
      vertex 101.562 76.8375 100.25
    endloop
  endfacet
  facet normal 0.382625 -0.923904 0
    outer loop
      vertex 104.2 77.93 100.25
      vertex 101.562 76.8375 18.25
      vertex 104.2 77.93 18.25
    endloop
  endfacet
  facet normal -0.382625 -0.923904 0
    outer loop
      vertex 104.2 77.93 18.25
      vertex 106.838 76.8375 100.25
      vertex 104.2 77.93 100.25
    endloop
  endfacet
  facet normal -0.382625 -0.923904 -0
    outer loop
      vertex 106.838 76.8375 100.25
      vertex 104.2 77.93 18.25
      vertex 106.838 76.8375 18.25
    endloop
  endfacet
  facet normal -0.382625 0.923904 0
    outer loop
      vertex 106.838 71.5625 18.25
      vertex 104.2 70.47 100.25
      vertex 106.838 71.5625 100.25
    endloop
  endfacet
  facet normal -0.382625 0.923904 0
    outer loop
      vertex 104.2 70.47 100.25
      vertex 106.838 71.5625 18.25
      vertex 104.2 70.47 18.25
    endloop
  endfacet
  facet normal 0.92394 0.382537 0
    outer loop
      vertex 101.562 71.5625 100.25
      vertex 100.47 74.2 18.25
      vertex 100.47 74.2 100.25
    endloop
  endfacet
  facet normal 0.92394 0.382537 0
    outer loop
      vertex 100.47 74.2 18.25
      vertex 101.562 71.5625 100.25
      vertex 101.562 71.5625 18.25
    endloop
  endfacet
  facet normal -0.92394 0.382537 0
    outer loop
      vertex 106.838 71.5625 18.25
      vertex 107.93 74.2 100.25
      vertex 107.93 74.2 18.25
    endloop
  endfacet
  facet normal -0.92394 0.382537 0
    outer loop
      vertex 107.93 74.2 100.25
      vertex 106.838 71.5625 18.25
      vertex 106.838 71.5625 100.25
    endloop
  endfacet
  facet normal 0.382625 0.923904 -0
    outer loop
      vertex 104.2 70.47 18.25
      vertex 101.562 71.5625 100.25
      vertex 104.2 70.47 100.25
    endloop
  endfacet
  facet normal 0.382625 0.923904 0
    outer loop
      vertex 101.562 71.5625 100.25
      vertex 104.2 70.47 18.25
      vertex 101.562 71.5625 18.25
    endloop
  endfacet
  facet normal -0.92394 -0.382537 0
    outer loop
      vertex 116.93 11.2 18.25
      vertex 115.838 13.8375 100.25
      vertex 115.838 13.8375 18.25
    endloop
  endfacet
  facet normal -0.92394 -0.382537 0
    outer loop
      vertex 115.838 13.8375 100.25
      vertex 116.93 11.2 18.25
      vertex 116.93 11.2 100.25
    endloop
  endfacet
  facet normal 0.92394 -0.382537 0
    outer loop
      vertex 109.47 11.2 100.25
      vertex 110.562 13.8375 18.25
      vertex 110.562 13.8375 100.25
    endloop
  endfacet
  facet normal 0.92394 -0.382537 0
    outer loop
      vertex 110.562 13.8375 18.25
      vertex 109.47 11.2 100.25
      vertex 109.47 11.2 18.25
    endloop
  endfacet
  facet normal 0 0 1
    outer loop
      vertex 115.838 13.8375 18.25
      vertex 115.838 8.56249 18.25
      vertex 116.93 11.2 18.25
    endloop
  endfacet
  facet normal 0 0 1
    outer loop
      vertex 113.2 14.93 18.25
      vertex 115.838 8.56249 18.25
      vertex 115.838 13.8375 18.25
    endloop
  endfacet
  facet normal 0 0 1
    outer loop
      vertex 113.2 14.93 18.25
      vertex 113.2 7.47 18.25
      vertex 115.838 8.56249 18.25
    endloop
  endfacet
  facet normal -0 0 1
    outer loop
      vertex 110.562 13.8375 18.25
      vertex 113.2 7.47 18.25
      vertex 113.2 14.93 18.25
    endloop
  endfacet
  facet normal 0 0 1
    outer loop
      vertex 110.562 13.8375 18.25
      vertex 110.562 8.56249 18.25
      vertex 113.2 7.47 18.25
    endloop
  endfacet
  facet normal 0 -0 1
    outer loop
      vertex 110.562 8.56249 18.25
      vertex 110.562 13.8375 18.25
      vertex 109.47 11.2 18.25
    endloop
  endfacet
  facet normal 0.382625 -0.923904 0
    outer loop
      vertex 110.562 13.8375 18.25
      vertex 113.2 14.93 100.25
      vertex 110.562 13.8375 100.25
    endloop
  endfacet
  facet normal 0.382625 -0.923904 0
    outer loop
      vertex 113.2 14.93 100.25
      vertex 110.562 13.8375 18.25
      vertex 113.2 14.93 18.25
    endloop
  endfacet
  facet normal -0.382625 -0.923904 0
    outer loop
      vertex 113.2 14.93 18.25
      vertex 115.838 13.8375 100.25
      vertex 113.2 14.93 100.25
    endloop
  endfacet
  facet normal -0.382625 -0.923904 -0
    outer loop
      vertex 115.838 13.8375 100.25
      vertex 113.2 14.93 18.25
      vertex 115.838 13.8375 18.25
    endloop
  endfacet
  facet normal -0.382622 0.923905 0
    outer loop
      vertex 115.838 8.56249 18.25
      vertex 113.2 7.47 100.25
      vertex 115.838 8.56249 100.25
    endloop
  endfacet
  facet normal -0.382622 0.923905 0
    outer loop
      vertex 113.2 7.47 100.25
      vertex 115.838 8.56249 18.25
      vertex 113.2 7.47 18.25
    endloop
  endfacet
  facet normal 0.923941 0.382536 0
    outer loop
      vertex 110.562 8.56249 100.25
      vertex 109.47 11.2 18.25
      vertex 109.47 11.2 100.25
    endloop
  endfacet
  facet normal 0.923941 0.382536 0
    outer loop
      vertex 109.47 11.2 18.25
      vertex 110.562 8.56249 100.25
      vertex 110.562 8.56249 18.25
    endloop
  endfacet
  facet normal -0.923941 0.382536 0
    outer loop
      vertex 115.838 8.56249 18.25
      vertex 116.93 11.2 100.25
      vertex 116.93 11.2 18.25
    endloop
  endfacet
  facet normal -0.923941 0.382536 0
    outer loop
      vertex 116.93 11.2 100.25
      vertex 115.838 8.56249 18.25
      vertex 115.838 8.56249 100.25
    endloop
  endfacet
  facet normal 0.382622 0.923905 -0
    outer loop
      vertex 113.2 7.47 18.25
      vertex 110.562 8.56249 100.25
      vertex 113.2 7.47 100.25
    endloop
  endfacet
  facet normal 0.382622 0.923905 0
    outer loop
      vertex 110.562 8.56249 100.25
      vertex 113.2 7.47 18.25
      vertex 110.562 8.56249 18.25
    endloop
  endfacet
  facet normal -0.92394 -0.382537 0
    outer loop
      vertex 116.93 20.2 18.25
      vertex 115.838 22.8375 100.25
      vertex 115.838 22.8375 18.25
    endloop
  endfacet
  facet normal -0.92394 -0.382537 0
    outer loop
      vertex 115.838 22.8375 100.25
      vertex 116.93 20.2 18.25
      vertex 116.93 20.2 100.25
    endloop
  endfacet
  facet normal 0.92394 -0.382537 0
    outer loop
      vertex 109.47 20.2 100.25
      vertex 110.562 22.8375 18.25
      vertex 110.562 22.8375 100.25
    endloop
  endfacet
  facet normal 0.92394 -0.382537 0
    outer loop
      vertex 110.562 22.8375 18.25
      vertex 109.47 20.2 100.25
      vertex 109.47 20.2 18.25
    endloop
  endfacet
  facet normal 0 0 1
    outer loop
      vertex 115.838 22.8375 18.25
      vertex 115.838 17.5625 18.25
      vertex 116.93 20.2 18.25
    endloop
  endfacet
  facet normal 0 0 1
    outer loop
      vertex 113.2 23.93 18.25
      vertex 115.838 17.5625 18.25
      vertex 115.838 22.8375 18.25
    endloop
  endfacet
  facet normal 0 0 1
    outer loop
      vertex 113.2 23.93 18.25
      vertex 113.2 16.47 18.25
      vertex 115.838 17.5625 18.25
    endloop
  endfacet
  facet normal -0 0 1
    outer loop
      vertex 110.562 22.8375 18.25
      vertex 113.2 16.47 18.25
      vertex 113.2 23.93 18.25
    endloop
  endfacet
  facet normal 0 0 1
    outer loop
      vertex 110.562 22.8375 18.25
      vertex 110.562 17.5625 18.25
      vertex 113.2 16.47 18.25
    endloop
  endfacet
  facet normal 0 -0 1
    outer loop
      vertex 110.562 17.5625 18.25
      vertex 110.562 22.8375 18.25
      vertex 109.47 20.2 18.25
    endloop
  endfacet
  facet normal 0.382625 -0.923904 0
    outer loop
      vertex 110.562 22.8375 18.25
      vertex 113.2 23.93 100.25
      vertex 110.562 22.8375 100.25
    endloop
  endfacet
  facet normal 0.382625 -0.923904 0
    outer loop
      vertex 113.2 23.93 100.25
      vertex 110.562 22.8375 18.25
      vertex 113.2 23.93 18.25
    endloop
  endfacet
  facet normal -0.382625 -0.923904 0
    outer loop
      vertex 113.2 23.93 18.25
      vertex 115.838 22.8375 100.25
      vertex 113.2 23.93 100.25
    endloop
  endfacet
  facet normal -0.382625 -0.923904 -0
    outer loop
      vertex 115.838 22.8375 100.25
      vertex 113.2 23.93 18.25
      vertex 115.838 22.8375 18.25
    endloop
  endfacet
  facet normal -0.382625 0.923904 0
    outer loop
      vertex 115.838 17.5625 18.25
      vertex 113.2 16.47 100.25
      vertex 115.838 17.5625 100.25
    endloop
  endfacet
  facet normal -0.382625 0.923904 0
    outer loop
      vertex 113.2 16.47 100.25
      vertex 115.838 17.5625 18.25
      vertex 113.2 16.47 18.25
    endloop
  endfacet
  facet normal 0.92394 0.382537 0
    outer loop
      vertex 110.562 17.5625 100.25
      vertex 109.47 20.2 18.25
      vertex 109.47 20.2 100.25
    endloop
  endfacet
  facet normal 0.92394 0.382537 0
    outer loop
      vertex 109.47 20.2 18.25
      vertex 110.562 17.5625 100.25
      vertex 110.562 17.5625 18.25
    endloop
  endfacet
  facet normal -0.92394 0.382537 0
    outer loop
      vertex 115.838 17.5625 18.25
      vertex 116.93 20.2 100.25
      vertex 116.93 20.2 18.25
    endloop
  endfacet
  facet normal -0.92394 0.382537 0
    outer loop
      vertex 116.93 20.2 100.25
      vertex 115.838 17.5625 18.25
      vertex 115.838 17.5625 100.25
    endloop
  endfacet
  facet normal 0.382625 0.923904 -0
    outer loop
      vertex 113.2 16.47 18.25
      vertex 110.562 17.5625 100.25
      vertex 113.2 16.47 100.25
    endloop
  endfacet
  facet normal 0.382625 0.923904 0
    outer loop
      vertex 110.562 17.5625 100.25
      vertex 113.2 16.47 18.25
      vertex 110.562 17.5625 18.25
    endloop
  endfacet
  facet normal -0.92394 -0.382537 0
    outer loop
      vertex 116.93 29.2 18.25
      vertex 115.838 31.8375 100.25
      vertex 115.838 31.8375 18.25
    endloop
  endfacet
  facet normal -0.92394 -0.382537 0
    outer loop
      vertex 115.838 31.8375 100.25
      vertex 116.93 29.2 18.25
      vertex 116.93 29.2 100.25
    endloop
  endfacet
  facet normal 0.92394 -0.382537 0
    outer loop
      vertex 109.47 29.2 100.25
      vertex 110.562 31.8375 18.25
      vertex 110.562 31.8375 100.25
    endloop
  endfacet
  facet normal 0.92394 -0.382537 0
    outer loop
      vertex 110.562 31.8375 18.25
      vertex 109.47 29.2 100.25
      vertex 109.47 29.2 18.25
    endloop
  endfacet
  facet normal 0 0 1
    outer loop
      vertex 115.838 31.8375 18.25
      vertex 115.838 26.5625 18.25
      vertex 116.93 29.2 18.25
    endloop
  endfacet
  facet normal 0 0 1
    outer loop
      vertex 113.2 32.93 18.25
      vertex 115.838 26.5625 18.25
      vertex 115.838 31.8375 18.25
    endloop
  endfacet
  facet normal 0 0 1
    outer loop
      vertex 113.2 32.93 18.25
      vertex 113.2 25.47 18.25
      vertex 115.838 26.5625 18.25
    endloop
  endfacet
  facet normal -0 0 1
    outer loop
      vertex 110.562 31.8375 18.25
      vertex 113.2 25.47 18.25
      vertex 113.2 32.93 18.25
    endloop
  endfacet
  facet normal 0 0 1
    outer loop
      vertex 110.562 31.8375 18.25
      vertex 110.562 26.5625 18.25
      vertex 113.2 25.47 18.25
    endloop
  endfacet
  facet normal 0 -0 1
    outer loop
      vertex 110.562 26.5625 18.25
      vertex 110.562 31.8375 18.25
      vertex 109.47 29.2 18.25
    endloop
  endfacet
  facet normal 0.382625 -0.923904 0
    outer loop
      vertex 110.562 31.8375 18.25
      vertex 113.2 32.93 100.25
      vertex 110.562 31.8375 100.25
    endloop
  endfacet
  facet normal 0.382625 -0.923904 0
    outer loop
      vertex 113.2 32.93 100.25
      vertex 110.562 31.8375 18.25
      vertex 113.2 32.93 18.25
    endloop
  endfacet
  facet normal -0.382625 -0.923904 0
    outer loop
      vertex 113.2 32.93 18.25
      vertex 115.838 31.8375 100.25
      vertex 113.2 32.93 100.25
    endloop
  endfacet
  facet normal -0.382625 -0.923904 -0
    outer loop
      vertex 115.838 31.8375 100.25
      vertex 113.2 32.93 18.25
      vertex 115.838 31.8375 18.25
    endloop
  endfacet
  facet normal -0.382625 0.923904 0
    outer loop
      vertex 115.838 26.5625 18.25
      vertex 113.2 25.47 100.25
      vertex 115.838 26.5625 100.25
    endloop
  endfacet
  facet normal -0.382625 0.923904 0
    outer loop
      vertex 113.2 25.47 100.25
      vertex 115.838 26.5625 18.25
      vertex 113.2 25.47 18.25
    endloop
  endfacet
  facet normal 0.92394 0.382537 0
    outer loop
      vertex 110.562 26.5625 100.25
      vertex 109.47 29.2 18.25
      vertex 109.47 29.2 100.25
    endloop
  endfacet
  facet normal 0.92394 0.382537 0
    outer loop
      vertex 109.47 29.2 18.25
      vertex 110.562 26.5625 100.25
      vertex 110.562 26.5625 18.25
    endloop
  endfacet
  facet normal -0.92394 0.382537 0
    outer loop
      vertex 115.838 26.5625 18.25
      vertex 116.93 29.2 100.25
      vertex 116.93 29.2 18.25
    endloop
  endfacet
  facet normal -0.92394 0.382537 0
    outer loop
      vertex 116.93 29.2 100.25
      vertex 115.838 26.5625 18.25
      vertex 115.838 26.5625 100.25
    endloop
  endfacet
  facet normal 0.382625 0.923904 -0
    outer loop
      vertex 113.2 25.47 18.25
      vertex 110.562 26.5625 100.25
      vertex 113.2 25.47 100.25
    endloop
  endfacet
  facet normal 0.382625 0.923904 0
    outer loop
      vertex 110.562 26.5625 100.25
      vertex 113.2 25.47 18.25
      vertex 110.562 26.5625 18.25
    endloop
  endfacet
  facet normal -0.92394 -0.382537 0
    outer loop
      vertex 116.93 38.2 18.25
      vertex 115.838 40.8375 100.25
      vertex 115.838 40.8375 18.25
    endloop
  endfacet
  facet normal -0.92394 -0.382537 0
    outer loop
      vertex 115.838 40.8375 100.25
      vertex 116.93 38.2 18.25
      vertex 116.93 38.2 100.25
    endloop
  endfacet
  facet normal 0.92394 -0.382537 0
    outer loop
      vertex 109.47 38.2 100.25
      vertex 110.562 40.8375 18.25
      vertex 110.562 40.8375 100.25
    endloop
  endfacet
  facet normal 0.92394 -0.382537 0
    outer loop
      vertex 110.562 40.8375 18.25
      vertex 109.47 38.2 100.25
      vertex 109.47 38.2 18.25
    endloop
  endfacet
  facet normal 0 0 1
    outer loop
      vertex 115.838 40.8375 18.25
      vertex 115.838 35.5625 18.25
      vertex 116.93 38.2 18.25
    endloop
  endfacet
  facet normal 0 0 1
    outer loop
      vertex 113.2 41.93 18.25
      vertex 115.838 35.5625 18.25
      vertex 115.838 40.8375 18.25
    endloop
  endfacet
  facet normal 0 0 1
    outer loop
      vertex 113.2 41.93 18.25
      vertex 113.2 34.47 18.25
      vertex 115.838 35.5625 18.25
    endloop
  endfacet
  facet normal -0 0 1
    outer loop
      vertex 110.562 40.8375 18.25
      vertex 113.2 34.47 18.25
      vertex 113.2 41.93 18.25
    endloop
  endfacet
  facet normal 0 0 1
    outer loop
      vertex 110.562 40.8375 18.25
      vertex 110.562 35.5625 18.25
      vertex 113.2 34.47 18.25
    endloop
  endfacet
  facet normal 0 -0 1
    outer loop
      vertex 110.562 35.5625 18.25
      vertex 110.562 40.8375 18.25
      vertex 109.47 38.2 18.25
    endloop
  endfacet
  facet normal 0.382625 -0.923904 0
    outer loop
      vertex 110.562 40.8375 18.25
      vertex 113.2 41.93 100.25
      vertex 110.562 40.8375 100.25
    endloop
  endfacet
  facet normal 0.382625 -0.923904 0
    outer loop
      vertex 113.2 41.93 100.25
      vertex 110.562 40.8375 18.25
      vertex 113.2 41.93 18.25
    endloop
  endfacet
  facet normal -0.382625 -0.923904 0
    outer loop
      vertex 113.2 41.93 18.25
      vertex 115.838 40.8375 100.25
      vertex 113.2 41.93 100.25
    endloop
  endfacet
  facet normal -0.382625 -0.923904 -0
    outer loop
      vertex 115.838 40.8375 100.25
      vertex 113.2 41.93 18.25
      vertex 115.838 40.8375 18.25
    endloop
  endfacet
  facet normal -0.382625 0.923904 0
    outer loop
      vertex 115.838 35.5625 18.25
      vertex 113.2 34.47 100.25
      vertex 115.838 35.5625 100.25
    endloop
  endfacet
  facet normal -0.382625 0.923904 0
    outer loop
      vertex 113.2 34.47 100.25
      vertex 115.838 35.5625 18.25
      vertex 113.2 34.47 18.25
    endloop
  endfacet
  facet normal 0.92394 0.382537 0
    outer loop
      vertex 110.562 35.5625 100.25
      vertex 109.47 38.2 18.25
      vertex 109.47 38.2 100.25
    endloop
  endfacet
  facet normal 0.92394 0.382537 0
    outer loop
      vertex 109.47 38.2 18.25
      vertex 110.562 35.5625 100.25
      vertex 110.562 35.5625 18.25
    endloop
  endfacet
  facet normal -0.92394 0.382537 0
    outer loop
      vertex 115.838 35.5625 18.25
      vertex 116.93 38.2 100.25
      vertex 116.93 38.2 18.25
    endloop
  endfacet
  facet normal -0.92394 0.382537 0
    outer loop
      vertex 116.93 38.2 100.25
      vertex 115.838 35.5625 18.25
      vertex 115.838 35.5625 100.25
    endloop
  endfacet
  facet normal 0.382625 0.923904 -0
    outer loop
      vertex 113.2 34.47 18.25
      vertex 110.562 35.5625 100.25
      vertex 113.2 34.47 100.25
    endloop
  endfacet
  facet normal 0.382625 0.923904 0
    outer loop
      vertex 110.562 35.5625 100.25
      vertex 113.2 34.47 18.25
      vertex 110.562 35.5625 18.25
    endloop
  endfacet
  facet normal -0.92394 -0.382537 0
    outer loop
      vertex 116.93 47.2 18.25
      vertex 115.838 49.8375 100.25
      vertex 115.838 49.8375 18.25
    endloop
  endfacet
  facet normal -0.92394 -0.382537 0
    outer loop
      vertex 115.838 49.8375 100.25
      vertex 116.93 47.2 18.25
      vertex 116.93 47.2 100.25
    endloop
  endfacet
  facet normal 0.92394 -0.382537 0
    outer loop
      vertex 109.47 47.2 100.25
      vertex 110.562 49.8375 18.25
      vertex 110.562 49.8375 100.25
    endloop
  endfacet
  facet normal 0.92394 -0.382537 0
    outer loop
      vertex 110.562 49.8375 18.25
      vertex 109.47 47.2 100.25
      vertex 109.47 47.2 18.25
    endloop
  endfacet
  facet normal 0 0 1
    outer loop
      vertex 115.838 49.8375 18.25
      vertex 115.838 44.5625 18.25
      vertex 116.93 47.2 18.25
    endloop
  endfacet
  facet normal 0 0 1
    outer loop
      vertex 113.2 50.93 18.25
      vertex 115.838 44.5625 18.25
      vertex 115.838 49.8375 18.25
    endloop
  endfacet
  facet normal 0 0 1
    outer loop
      vertex 113.2 50.93 18.25
      vertex 113.2 43.47 18.25
      vertex 115.838 44.5625 18.25
    endloop
  endfacet
  facet normal -0 0 1
    outer loop
      vertex 110.562 49.8375 18.25
      vertex 113.2 43.47 18.25
      vertex 113.2 50.93 18.25
    endloop
  endfacet
  facet normal 0 0 1
    outer loop
      vertex 110.562 49.8375 18.25
      vertex 110.562 44.5625 18.25
      vertex 113.2 43.47 18.25
    endloop
  endfacet
  facet normal 0 -0 1
    outer loop
      vertex 110.562 44.5625 18.25
      vertex 110.562 49.8375 18.25
      vertex 109.47 47.2 18.25
    endloop
  endfacet
  facet normal 0.382625 -0.923904 0
    outer loop
      vertex 110.562 49.8375 18.25
      vertex 113.2 50.93 100.25
      vertex 110.562 49.8375 100.25
    endloop
  endfacet
  facet normal 0.382625 -0.923904 0
    outer loop
      vertex 113.2 50.93 100.25
      vertex 110.562 49.8375 18.25
      vertex 113.2 50.93 18.25
    endloop
  endfacet
  facet normal -0.382625 -0.923904 0
    outer loop
      vertex 113.2 50.93 18.25
      vertex 115.838 49.8375 100.25
      vertex 113.2 50.93 100.25
    endloop
  endfacet
  facet normal -0.382625 -0.923904 -0
    outer loop
      vertex 115.838 49.8375 100.25
      vertex 113.2 50.93 18.25
      vertex 115.838 49.8375 18.25
    endloop
  endfacet
  facet normal -0.382625 0.923904 0
    outer loop
      vertex 115.838 44.5625 18.25
      vertex 113.2 43.47 100.25
      vertex 115.838 44.5625 100.25
    endloop
  endfacet
  facet normal -0.382625 0.923904 0
    outer loop
      vertex 113.2 43.47 100.25
      vertex 115.838 44.5625 18.25
      vertex 113.2 43.47 18.25
    endloop
  endfacet
  facet normal 0.92394 0.382537 0
    outer loop
      vertex 110.562 44.5625 100.25
      vertex 109.47 47.2 18.25
      vertex 109.47 47.2 100.25
    endloop
  endfacet
  facet normal 0.92394 0.382537 0
    outer loop
      vertex 109.47 47.2 18.25
      vertex 110.562 44.5625 100.25
      vertex 110.562 44.5625 18.25
    endloop
  endfacet
  facet normal -0.92394 0.382537 0
    outer loop
      vertex 115.838 44.5625 18.25
      vertex 116.93 47.2 100.25
      vertex 116.93 47.2 18.25
    endloop
  endfacet
  facet normal -0.92394 0.382537 0
    outer loop
      vertex 116.93 47.2 100.25
      vertex 115.838 44.5625 18.25
      vertex 115.838 44.5625 100.25
    endloop
  endfacet
  facet normal 0.382625 0.923904 -0
    outer loop
      vertex 113.2 43.47 18.25
      vertex 110.562 44.5625 100.25
      vertex 113.2 43.47 100.25
    endloop
  endfacet
  facet normal 0.382625 0.923904 0
    outer loop
      vertex 110.562 44.5625 100.25
      vertex 113.2 43.47 18.25
      vertex 110.562 44.5625 18.25
    endloop
  endfacet
  facet normal -0.92394 -0.382537 0
    outer loop
      vertex 116.93 56.2 18.25
      vertex 115.838 58.8375 100.25
      vertex 115.838 58.8375 18.25
    endloop
  endfacet
  facet normal -0.92394 -0.382537 0
    outer loop
      vertex 115.838 58.8375 100.25
      vertex 116.93 56.2 18.25
      vertex 116.93 56.2 100.25
    endloop
  endfacet
  facet normal 0.92394 -0.382537 0
    outer loop
      vertex 109.47 56.2 100.25
      vertex 110.562 58.8375 18.25
      vertex 110.562 58.8375 100.25
    endloop
  endfacet
  facet normal 0.92394 -0.382537 0
    outer loop
      vertex 110.562 58.8375 18.25
      vertex 109.47 56.2 100.25
      vertex 109.47 56.2 18.25
    endloop
  endfacet
  facet normal 0 0 1
    outer loop
      vertex 115.838 58.8375 18.25
      vertex 115.838 53.5625 18.25
      vertex 116.93 56.2 18.25
    endloop
  endfacet
  facet normal 0 0 1
    outer loop
      vertex 113.2 59.93 18.25
      vertex 115.838 53.5625 18.25
      vertex 115.838 58.8375 18.25
    endloop
  endfacet
  facet normal 0 0 1
    outer loop
      vertex 113.2 59.93 18.25
      vertex 113.2 52.47 18.25
      vertex 115.838 53.5625 18.25
    endloop
  endfacet
  facet normal -0 0 1
    outer loop
      vertex 110.562 58.8375 18.25
      vertex 113.2 52.47 18.25
      vertex 113.2 59.93 18.25
    endloop
  endfacet
  facet normal 0 0 1
    outer loop
      vertex 110.562 58.8375 18.25
      vertex 110.562 53.5625 18.25
      vertex 113.2 52.47 18.25
    endloop
  endfacet
  facet normal 0 -0 1
    outer loop
      vertex 110.562 53.5625 18.25
      vertex 110.562 58.8375 18.25
      vertex 109.47 56.2 18.25
    endloop
  endfacet
  facet normal 0.382625 -0.923904 0
    outer loop
      vertex 110.562 58.8375 18.25
      vertex 113.2 59.93 100.25
      vertex 110.562 58.8375 100.25
    endloop
  endfacet
  facet normal 0.382625 -0.923904 0
    outer loop
      vertex 113.2 59.93 100.25
      vertex 110.562 58.8375 18.25
      vertex 113.2 59.93 18.25
    endloop
  endfacet
  facet normal -0.382625 -0.923904 0
    outer loop
      vertex 113.2 59.93 18.25
      vertex 115.838 58.8375 100.25
      vertex 113.2 59.93 100.25
    endloop
  endfacet
  facet normal -0.382625 -0.923904 -0
    outer loop
      vertex 115.838 58.8375 100.25
      vertex 113.2 59.93 18.25
      vertex 115.838 58.8375 18.25
    endloop
  endfacet
  facet normal -0.382625 0.923904 0
    outer loop
      vertex 115.838 53.5625 18.25
      vertex 113.2 52.47 100.25
      vertex 115.838 53.5625 100.25
    endloop
  endfacet
  facet normal -0.382625 0.923904 0
    outer loop
      vertex 113.2 52.47 100.25
      vertex 115.838 53.5625 18.25
      vertex 113.2 52.47 18.25
    endloop
  endfacet
  facet normal 0.92394 0.382537 0
    outer loop
      vertex 110.562 53.5625 100.25
      vertex 109.47 56.2 18.25
      vertex 109.47 56.2 100.25
    endloop
  endfacet
  facet normal 0.92394 0.382537 0
    outer loop
      vertex 109.47 56.2 18.25
      vertex 110.562 53.5625 100.25
      vertex 110.562 53.5625 18.25
    endloop
  endfacet
  facet normal -0.92394 0.382537 0
    outer loop
      vertex 115.838 53.5625 18.25
      vertex 116.93 56.2 100.25
      vertex 116.93 56.2 18.25
    endloop
  endfacet
  facet normal -0.92394 0.382537 0
    outer loop
      vertex 116.93 56.2 100.25
      vertex 115.838 53.5625 18.25
      vertex 115.838 53.5625 100.25
    endloop
  endfacet
  facet normal 0.382625 0.923904 -0
    outer loop
      vertex 113.2 52.47 18.25
      vertex 110.562 53.5625 100.25
      vertex 113.2 52.47 100.25
    endloop
  endfacet
  facet normal 0.382625 0.923904 0
    outer loop
      vertex 110.562 53.5625 100.25
      vertex 113.2 52.47 18.25
      vertex 110.562 53.5625 18.25
    endloop
  endfacet
  facet normal -0.92394 -0.382537 0
    outer loop
      vertex 116.93 65.2 18.25
      vertex 115.838 67.8375 100.25
      vertex 115.838 67.8375 18.25
    endloop
  endfacet
  facet normal -0.92394 -0.382537 0
    outer loop
      vertex 115.838 67.8375 100.25
      vertex 116.93 65.2 18.25
      vertex 116.93 65.2 100.25
    endloop
  endfacet
  facet normal 0.92394 -0.382537 0
    outer loop
      vertex 109.47 65.2 100.25
      vertex 110.562 67.8375 18.25
      vertex 110.562 67.8375 100.25
    endloop
  endfacet
  facet normal 0.92394 -0.382537 0
    outer loop
      vertex 110.562 67.8375 18.25
      vertex 109.47 65.2 100.25
      vertex 109.47 65.2 18.25
    endloop
  endfacet
  facet normal 0 0 1
    outer loop
      vertex 115.838 67.8375 18.25
      vertex 115.838 62.5625 18.25
      vertex 116.93 65.2 18.25
    endloop
  endfacet
  facet normal 0 0 1
    outer loop
      vertex 113.2 68.93 18.25
      vertex 115.838 62.5625 18.25
      vertex 115.838 67.8375 18.25
    endloop
  endfacet
  facet normal 0 0 1
    outer loop
      vertex 113.2 68.93 18.25
      vertex 113.2 61.47 18.25
      vertex 115.838 62.5625 18.25
    endloop
  endfacet
  facet normal -0 0 1
    outer loop
      vertex 110.562 67.8375 18.25
      vertex 113.2 61.47 18.25
      vertex 113.2 68.93 18.25
    endloop
  endfacet
  facet normal 0 0 1
    outer loop
      vertex 110.562 67.8375 18.25
      vertex 110.562 62.5625 18.25
      vertex 113.2 61.47 18.25
    endloop
  endfacet
  facet normal 0 -0 1
    outer loop
      vertex 110.562 62.5625 18.25
      vertex 110.562 67.8375 18.25
      vertex 109.47 65.2 18.25
    endloop
  endfacet
  facet normal 0.382625 -0.923904 0
    outer loop
      vertex 110.562 67.8375 18.25
      vertex 113.2 68.93 100.25
      vertex 110.562 67.8375 100.25
    endloop
  endfacet
  facet normal 0.382625 -0.923904 0
    outer loop
      vertex 113.2 68.93 100.25
      vertex 110.562 67.8375 18.25
      vertex 113.2 68.93 18.25
    endloop
  endfacet
  facet normal -0.382625 -0.923904 0
    outer loop
      vertex 113.2 68.93 18.25
      vertex 115.838 67.8375 100.25
      vertex 113.2 68.93 100.25
    endloop
  endfacet
  facet normal -0.382625 -0.923904 -0
    outer loop
      vertex 115.838 67.8375 100.25
      vertex 113.2 68.93 18.25
      vertex 115.838 67.8375 18.25
    endloop
  endfacet
  facet normal -0.382625 0.923904 0
    outer loop
      vertex 115.838 62.5625 18.25
      vertex 113.2 61.47 100.25
      vertex 115.838 62.5625 100.25
    endloop
  endfacet
  facet normal -0.382625 0.923904 0
    outer loop
      vertex 113.2 61.47 100.25
      vertex 115.838 62.5625 18.25
      vertex 113.2 61.47 18.25
    endloop
  endfacet
  facet normal 0.92394 0.382537 0
    outer loop
      vertex 110.562 62.5625 100.25
      vertex 109.47 65.2 18.25
      vertex 109.47 65.2 100.25
    endloop
  endfacet
  facet normal 0.92394 0.382537 0
    outer loop
      vertex 109.47 65.2 18.25
      vertex 110.562 62.5625 100.25
      vertex 110.562 62.5625 18.25
    endloop
  endfacet
  facet normal -0.92394 0.382537 0
    outer loop
      vertex 115.838 62.5625 18.25
      vertex 116.93 65.2 100.25
      vertex 116.93 65.2 18.25
    endloop
  endfacet
  facet normal -0.92394 0.382537 0
    outer loop
      vertex 116.93 65.2 100.25
      vertex 115.838 62.5625 18.25
      vertex 115.838 62.5625 100.25
    endloop
  endfacet
  facet normal 0.382625 0.923904 -0
    outer loop
      vertex 113.2 61.47 18.25
      vertex 110.562 62.5625 100.25
      vertex 113.2 61.47 100.25
    endloop
  endfacet
  facet normal 0.382625 0.923904 0
    outer loop
      vertex 110.562 62.5625 100.25
      vertex 113.2 61.47 18.25
      vertex 110.562 62.5625 18.25
    endloop
  endfacet
  facet normal -0.92394 -0.382537 0
    outer loop
      vertex 116.93 74.2 18.25
      vertex 115.838 76.8375 100.25
      vertex 115.838 76.8375 18.25
    endloop
  endfacet
  facet normal -0.92394 -0.382537 0
    outer loop
      vertex 115.838 76.8375 100.25
      vertex 116.93 74.2 18.25
      vertex 116.93 74.2 100.25
    endloop
  endfacet
  facet normal 0.92394 -0.382537 0
    outer loop
      vertex 109.47 74.2 100.25
      vertex 110.562 76.8375 18.25
      vertex 110.562 76.8375 100.25
    endloop
  endfacet
  facet normal 0.92394 -0.382537 0
    outer loop
      vertex 110.562 76.8375 18.25
      vertex 109.47 74.2 100.25
      vertex 109.47 74.2 18.25
    endloop
  endfacet
  facet normal 0 0 1
    outer loop
      vertex 115.838 76.8375 18.25
      vertex 115.838 71.5625 18.25
      vertex 116.93 74.2 18.25
    endloop
  endfacet
  facet normal 0 0 1
    outer loop
      vertex 113.2 77.93 18.25
      vertex 115.838 71.5625 18.25
      vertex 115.838 76.8375 18.25
    endloop
  endfacet
  facet normal 0 0 1
    outer loop
      vertex 113.2 77.93 18.25
      vertex 113.2 70.47 18.25
      vertex 115.838 71.5625 18.25
    endloop
  endfacet
  facet normal -0 0 1
    outer loop
      vertex 110.562 76.8375 18.25
      vertex 113.2 70.47 18.25
      vertex 113.2 77.93 18.25
    endloop
  endfacet
  facet normal 0 0 1
    outer loop
      vertex 110.562 76.8375 18.25
      vertex 110.562 71.5625 18.25
      vertex 113.2 70.47 18.25
    endloop
  endfacet
  facet normal 0 -0 1
    outer loop
      vertex 110.562 71.5625 18.25
      vertex 110.562 76.8375 18.25
      vertex 109.47 74.2 18.25
    endloop
  endfacet
  facet normal 0.382625 -0.923904 0
    outer loop
      vertex 110.562 76.8375 18.25
      vertex 113.2 77.93 100.25
      vertex 110.562 76.8375 100.25
    endloop
  endfacet
  facet normal 0.382625 -0.923904 0
    outer loop
      vertex 113.2 77.93 100.25
      vertex 110.562 76.8375 18.25
      vertex 113.2 77.93 18.25
    endloop
  endfacet
  facet normal -0.382625 -0.923904 0
    outer loop
      vertex 113.2 77.93 18.25
      vertex 115.838 76.8375 100.25
      vertex 113.2 77.93 100.25
    endloop
  endfacet
  facet normal -0.382625 -0.923904 -0
    outer loop
      vertex 115.838 76.8375 100.25
      vertex 113.2 77.93 18.25
      vertex 115.838 76.8375 18.25
    endloop
  endfacet
  facet normal -0.382625 0.923904 0
    outer loop
      vertex 115.838 71.5625 18.25
      vertex 113.2 70.47 100.25
      vertex 115.838 71.5625 100.25
    endloop
  endfacet
  facet normal -0.382625 0.923904 0
    outer loop
      vertex 113.2 70.47 100.25
      vertex 115.838 71.5625 18.25
      vertex 113.2 70.47 18.25
    endloop
  endfacet
  facet normal 0.92394 0.382537 0
    outer loop
      vertex 110.562 71.5625 100.25
      vertex 109.47 74.2 18.25
      vertex 109.47 74.2 100.25
    endloop
  endfacet
  facet normal 0.92394 0.382537 0
    outer loop
      vertex 109.47 74.2 18.25
      vertex 110.562 71.5625 100.25
      vertex 110.562 71.5625 18.25
    endloop
  endfacet
  facet normal -0.92394 0.382537 0
    outer loop
      vertex 115.838 71.5625 18.25
      vertex 116.93 74.2 100.25
      vertex 116.93 74.2 18.25
    endloop
  endfacet
  facet normal -0.92394 0.382537 0
    outer loop
      vertex 116.93 74.2 100.25
      vertex 115.838 71.5625 18.25
      vertex 115.838 71.5625 100.25
    endloop
  endfacet
  facet normal 0.382625 0.923904 -0
    outer loop
      vertex 113.2 70.47 18.25
      vertex 110.562 71.5625 100.25
      vertex 113.2 70.47 100.25
    endloop
  endfacet
  facet normal 0.382625 0.923904 0
    outer loop
      vertex 110.562 71.5625 100.25
      vertex 113.2 70.47 18.25
      vertex 110.562 71.5625 18.25
    endloop
  endfacet
endsolid OpenSCAD_Model
