solid OpenSCAD_Model
  facet normal -1 0 0
    outer loop
      vertex 0 0 0
      vertex 0 85.47 43.82
      vertex 0 85.47 0
    endloop
  endfacet
  facet normal -1 -0 0
    outer loop
      vertex 0 85.47 43.82
      vertex 0 0 0
      vertex 0 0 43.82
    endloop
  endfacet
  facet normal -0 0 1
    outer loop
      vertex 10.24 16.08 43.82
      vertex 18.52 15.36 43.82
      vertex 18.52 16.08 43.82
    endloop
  endfacet
  facet normal 0 0 1
    outer loop
      vertex 18.52 15.36 43.82
      vertex 10.24 16.08 43.82
      vertex 10.24 15.36 43.82
    endloop
  endfacet
  facet normal -0 0 1
    outer loop
      vertex 10.24 25.08 43.82
      vertex 18.52 24.36 43.82
      vertex 18.52 25.08 43.82
    endloop
  endfacet
  facet normal 0 0 1
    outer loop
      vertex 18.52 24.36 43.82
      vertex 10.24 25.08 43.82
      vertex 10.24 24.36 43.82
    endloop
  endfacet
  facet normal -0 0 1
    outer loop
      vertex 10.24 34.08 43.82
      vertex 18.52 33.36 43.82
      vertex 18.52 34.08 43.82
    endloop
  endfacet
  facet normal 0 0 1
    outer loop
      vertex 18.52 33.36 43.82
      vertex 10.24 34.08 43.82
      vertex 10.24 33.36 43.82
    endloop
  endfacet
  facet normal -0 0 1
    outer loop
      vertex 10.24 43.08 43.82
      vertex 18.52 42.36 43.82
      vertex 18.52 43.08 43.82
    endloop
  endfacet
  facet normal 0 0 1
    outer loop
      vertex 18.52 42.36 43.82
      vertex 10.24 43.08 43.82
      vertex 10.24 42.36 43.82
    endloop
  endfacet
  facet normal -0 0 1
    outer loop
      vertex 10.24 52.08 43.82
      vertex 18.52 51.36 43.82
      vertex 18.52 52.08 43.82
    endloop
  endfacet
  facet normal 0 0 1
    outer loop
      vertex 18.52 51.36 43.82
      vertex 10.24 52.08 43.82
      vertex 10.24 51.36 43.82
    endloop
  endfacet
  facet normal -0 0 1
    outer loop
      vertex 10.24 61.08 43.82
      vertex 18.52 60.36 43.82
      vertex 18.52 61.08 43.82
    endloop
  endfacet
  facet normal 0 0 1
    outer loop
      vertex 18.52 60.36 43.82
      vertex 10.24 61.08 43.82
      vertex 10.24 60.36 43.82
    endloop
  endfacet
  facet normal -0 0 1
    outer loop
      vertex 10.24 70.08 43.82
      vertex 18.52 69.36 43.82
      vertex 18.52 70.08 43.82
    endloop
  endfacet
  facet normal 0 0 1
    outer loop
      vertex 18.52 69.36 43.82
      vertex 10.24 70.08 43.82
      vertex 10.24 69.36 43.82
    endloop
  endfacet
  facet normal -0 0 1
    outer loop
      vertex 19.24 16.08 43.82
      vertex 27.52 15.36 43.82
      vertex 27.52 16.08 43.82
    endloop
  endfacet
  facet normal 0 0 1
    outer loop
      vertex 27.52 15.36 43.82
      vertex 19.24 16.08 43.82
      vertex 19.24 15.36 43.82
    endloop
  endfacet
  facet normal -0 0 1
    outer loop
      vertex 19.24 25.08 43.82
      vertex 27.52 24.36 43.82
      vertex 27.52 25.08 43.82
    endloop
  endfacet
  facet normal 0 0 1
    outer loop
      vertex 27.52 24.36 43.82
      vertex 19.24 25.08 43.82
      vertex 19.24 24.36 43.82
    endloop
  endfacet
  facet normal -0 0 1
    outer loop
      vertex 19.24 34.08 43.82
      vertex 27.52 33.36 43.82
      vertex 27.52 34.08 43.82
    endloop
  endfacet
  facet normal 0 0 1
    outer loop
      vertex 27.52 33.36 43.82
      vertex 19.24 34.08 43.82
      vertex 19.24 33.36 43.82
    endloop
  endfacet
  facet normal -0 0 1
    outer loop
      vertex 19.24 43.08 43.82
      vertex 27.52 42.36 43.82
      vertex 27.52 43.08 43.82
    endloop
  endfacet
  facet normal 0 0 1
    outer loop
      vertex 27.52 42.36 43.82
      vertex 19.24 43.08 43.82
      vertex 19.24 42.36 43.82
    endloop
  endfacet
  facet normal -0 0 1
    outer loop
      vertex 19.24 52.08 43.82
      vertex 27.52 51.36 43.82
      vertex 27.52 52.08 43.82
    endloop
  endfacet
  facet normal 0 0 1
    outer loop
      vertex 27.52 51.36 43.82
      vertex 19.24 52.08 43.82
      vertex 19.24 51.36 43.82
    endloop
  endfacet
  facet normal -0 0 1
    outer loop
      vertex 19.24 61.08 43.82
      vertex 27.52 60.36 43.82
      vertex 27.52 61.08 43.82
    endloop
  endfacet
  facet normal 0 0 1
    outer loop
      vertex 27.52 60.36 43.82
      vertex 19.24 61.08 43.82
      vertex 19.24 60.36 43.82
    endloop
  endfacet
  facet normal -0 0 1
    outer loop
      vertex 19.24 70.08 43.82
      vertex 27.52 69.36 43.82
      vertex 27.52 70.08 43.82
    endloop
  endfacet
  facet normal 0 0 1
    outer loop
      vertex 27.52 69.36 43.82
      vertex 19.24 70.08 43.82
      vertex 19.24 69.36 43.82
    endloop
  endfacet
  facet normal -0 0 1
    outer loop
      vertex 28.24 16.08 43.82
      vertex 36.52 15.36 43.82
      vertex 36.52 16.08 43.82
    endloop
  endfacet
  facet normal 0 0 1
    outer loop
      vertex 36.52 15.36 43.82
      vertex 28.24 16.08 43.82
      vertex 28.24 15.36 43.82
    endloop
  endfacet
  facet normal -0 0 1
    outer loop
      vertex 28.24 25.08 43.82
      vertex 36.52 24.36 43.82
      vertex 36.52 25.08 43.82
    endloop
  endfacet
  facet normal 0 0 1
    outer loop
      vertex 36.52 24.36 43.82
      vertex 28.24 25.08 43.82
      vertex 28.24 24.36 43.82
    endloop
  endfacet
  facet normal -0 0 1
    outer loop
      vertex 28.24 34.08 43.82
      vertex 36.52 33.36 43.82
      vertex 36.52 34.08 43.82
    endloop
  endfacet
  facet normal 0 0 1
    outer loop
      vertex 36.52 33.36 43.82
      vertex 28.24 34.08 43.82
      vertex 28.24 33.36 43.82
    endloop
  endfacet
  facet normal -0 0 1
    outer loop
      vertex 28.24 43.08 43.82
      vertex 36.52 42.36 43.82
      vertex 36.52 43.08 43.82
    endloop
  endfacet
  facet normal 0 0 1
    outer loop
      vertex 36.52 42.36 43.82
      vertex 28.24 43.08 43.82
      vertex 28.24 42.36 43.82
    endloop
  endfacet
  facet normal -0 0 1
    outer loop
      vertex 28.24 52.08 43.82
      vertex 36.52 51.36 43.82
      vertex 36.52 52.08 43.82
    endloop
  endfacet
  facet normal 0 0 1
    outer loop
      vertex 36.52 51.36 43.82
      vertex 28.24 52.08 43.82
      vertex 28.24 51.36 43.82
    endloop
  endfacet
  facet normal -0 0 1
    outer loop
      vertex 28.24 61.08 43.82
      vertex 36.52 60.36 43.82
      vertex 36.52 61.08 43.82
    endloop
  endfacet
  facet normal 0 0 1
    outer loop
      vertex 36.52 60.36 43.82
      vertex 28.24 61.08 43.82
      vertex 28.24 60.36 43.82
    endloop
  endfacet
  facet normal -0 0 1
    outer loop
      vertex 28.24 70.08 43.82
      vertex 36.52 69.36 43.82
      vertex 36.52 70.08 43.82
    endloop
  endfacet
  facet normal 0 0 1
    outer loop
      vertex 36.52 69.36 43.82
      vertex 28.24 70.08 43.82
      vertex 28.24 69.36 43.82
    endloop
  endfacet
  facet normal -0 0 1
    outer loop
      vertex 37.24 16.08 43.82
      vertex 45.52 15.36 43.82
      vertex 45.52 16.08 43.82
    endloop
  endfacet
  facet normal 0 0 1
    outer loop
      vertex 45.52 15.36 43.82
      vertex 37.24 16.08 43.82
      vertex 37.24 15.36 43.82
    endloop
  endfacet
  facet normal -0 0 1
    outer loop
      vertex 37.24 25.08 43.82
      vertex 45.52 24.36 43.82
      vertex 45.52 25.08 43.82
    endloop
  endfacet
  facet normal 0 0 1
    outer loop
      vertex 45.52 24.36 43.82
      vertex 37.24 25.08 43.82
      vertex 37.24 24.36 43.82
    endloop
  endfacet
  facet normal -0 0 1
    outer loop
      vertex 37.24 34.08 43.82
      vertex 45.52 33.36 43.82
      vertex 45.52 34.08 43.82
    endloop
  endfacet
  facet normal 0 0 1
    outer loop
      vertex 45.52 33.36 43.82
      vertex 37.24 34.08 43.82
      vertex 37.24 33.36 43.82
    endloop
  endfacet
  facet normal -0 0 1
    outer loop
      vertex 37.24 43.08 43.82
      vertex 45.52 42.36 43.82
      vertex 45.52 43.08 43.82
    endloop
  endfacet
  facet normal 0 0 1
    outer loop
      vertex 45.52 42.36 43.82
      vertex 37.24 43.08 43.82
      vertex 37.24 42.36 43.82
    endloop
  endfacet
  facet normal -0 0 1
    outer loop
      vertex 37.24 52.08 43.82
      vertex 45.52 51.36 43.82
      vertex 45.52 52.08 43.82
    endloop
  endfacet
  facet normal 0 0 1
    outer loop
      vertex 45.52 51.36 43.82
      vertex 37.24 52.08 43.82
      vertex 37.24 51.36 43.82
    endloop
  endfacet
  facet normal -0 0 1
    outer loop
      vertex 37.24 61.08 43.82
      vertex 45.52 60.36 43.82
      vertex 45.52 61.08 43.82
    endloop
  endfacet
  facet normal 0 0 1
    outer loop
      vertex 45.52 60.36 43.82
      vertex 37.24 61.08 43.82
      vertex 37.24 60.36 43.82
    endloop
  endfacet
  facet normal -0 0 1
    outer loop
      vertex 37.24 70.08 43.82
      vertex 45.52 69.36 43.82
      vertex 45.52 70.08 43.82
    endloop
  endfacet
  facet normal 0 0 1
    outer loop
      vertex 45.52 69.36 43.82
      vertex 37.24 70.08 43.82
      vertex 37.24 69.36 43.82
    endloop
  endfacet
  facet normal -0 0 1
    outer loop
      vertex 46.24 16.08 43.82
      vertex 54.52 15.36 43.82
      vertex 54.52 16.08 43.82
    endloop
  endfacet
  facet normal 0 0 1
    outer loop
      vertex 54.52 15.36 43.82
      vertex 46.24 16.08 43.82
      vertex 46.24 15.36 43.82
    endloop
  endfacet
  facet normal -0 0 1
    outer loop
      vertex 46.24 25.08 43.82
      vertex 54.52 24.36 43.82
      vertex 54.52 25.08 43.82
    endloop
  endfacet
  facet normal 0 0 1
    outer loop
      vertex 54.52 24.36 43.82
      vertex 46.24 25.08 43.82
      vertex 46.24 24.36 43.82
    endloop
  endfacet
  facet normal -0 0 1
    outer loop
      vertex 46.24 34.08 43.82
      vertex 54.52 33.36 43.82
      vertex 54.52 34.08 43.82
    endloop
  endfacet
  facet normal 0 0 1
    outer loop
      vertex 54.52 33.36 43.82
      vertex 46.24 34.08 43.82
      vertex 46.24 33.36 43.82
    endloop
  endfacet
  facet normal -0 0 1
    outer loop
      vertex 46.24 43.08 43.82
      vertex 54.52 42.36 43.82
      vertex 54.52 43.08 43.82
    endloop
  endfacet
  facet normal 0 0 1
    outer loop
      vertex 54.52 42.36 43.82
      vertex 46.24 43.08 43.82
      vertex 46.24 42.36 43.82
    endloop
  endfacet
  facet normal -0 0 1
    outer loop
      vertex 46.24 52.08 43.82
      vertex 54.52 51.36 43.82
      vertex 54.52 52.08 43.82
    endloop
  endfacet
  facet normal 0 0 1
    outer loop
      vertex 54.52 51.36 43.82
      vertex 46.24 52.08 43.82
      vertex 46.24 51.36 43.82
    endloop
  endfacet
  facet normal -0 0 1
    outer loop
      vertex 46.24 61.08 43.82
      vertex 54.52 60.36 43.82
      vertex 54.52 61.08 43.82
    endloop
  endfacet
  facet normal 0 0 1
    outer loop
      vertex 54.52 60.36 43.82
      vertex 46.24 61.08 43.82
      vertex 46.24 60.36 43.82
    endloop
  endfacet
  facet normal -0 0 1
    outer loop
      vertex 46.24 70.08 43.82
      vertex 54.52 69.36 43.82
      vertex 54.52 70.08 43.82
    endloop
  endfacet
  facet normal 0 0 1
    outer loop
      vertex 54.52 69.36 43.82
      vertex 46.24 70.08 43.82
      vertex 46.24 69.36 43.82
    endloop
  endfacet
  facet normal -0 0 1
    outer loop
      vertex 55.24 16.08 43.82
      vertex 63.52 15.36 43.82
      vertex 63.52 16.08 43.82
    endloop
  endfacet
  facet normal 0 0 1
    outer loop
      vertex 63.52 15.36 43.82
      vertex 55.24 16.08 43.82
      vertex 55.24 15.36 43.82
    endloop
  endfacet
  facet normal -0 0 1
    outer loop
      vertex 55.24 25.08 43.82
      vertex 63.52 24.36 43.82
      vertex 63.52 25.08 43.82
    endloop
  endfacet
  facet normal 0 0 1
    outer loop
      vertex 63.52 24.36 43.82
      vertex 55.24 25.08 43.82
      vertex 55.24 24.36 43.82
    endloop
  endfacet
  facet normal -0 0 1
    outer loop
      vertex 55.24 34.08 43.82
      vertex 63.52 33.36 43.82
      vertex 63.52 34.08 43.82
    endloop
  endfacet
  facet normal 0 0 1
    outer loop
      vertex 63.52 33.36 43.82
      vertex 55.24 34.08 43.82
      vertex 55.24 33.36 43.82
    endloop
  endfacet
  facet normal -0 0 1
    outer loop
      vertex 55.24 43.08 43.82
      vertex 63.52 42.36 43.82
      vertex 63.52 43.08 43.82
    endloop
  endfacet
  facet normal 0 0 1
    outer loop
      vertex 63.52 42.36 43.82
      vertex 55.24 43.08 43.82
      vertex 55.24 42.36 43.82
    endloop
  endfacet
  facet normal -0 0 1
    outer loop
      vertex 55.24 52.08 43.82
      vertex 63.52 51.36 43.82
      vertex 63.52 52.08 43.82
    endloop
  endfacet
  facet normal 0 0 1
    outer loop
      vertex 63.52 51.36 43.82
      vertex 55.24 52.08 43.82
      vertex 55.24 51.36 43.82
    endloop
  endfacet
  facet normal -0 0 1
    outer loop
      vertex 55.24 61.08 43.82
      vertex 63.52 60.36 43.82
      vertex 63.52 61.08 43.82
    endloop
  endfacet
  facet normal 0 0 1
    outer loop
      vertex 63.52 60.36 43.82
      vertex 55.24 61.08 43.82
      vertex 55.24 60.36 43.82
    endloop
  endfacet
  facet normal -0 0 1
    outer loop
      vertex 55.24 70.08 43.82
      vertex 63.52 69.36 43.82
      vertex 63.52 70.08 43.82
    endloop
  endfacet
  facet normal 0 0 1
    outer loop
      vertex 63.52 69.36 43.82
      vertex 55.24 70.08 43.82
      vertex 55.24 69.36 43.82
    endloop
  endfacet
  facet normal -0 0 1
    outer loop
      vertex 64.24 16.08 43.82
      vertex 72.52 15.36 43.82
      vertex 72.52 16.08 43.82
    endloop
  endfacet
  facet normal 0 0 1
    outer loop
      vertex 72.52 15.36 43.82
      vertex 64.24 16.08 43.82
      vertex 64.24 15.36 43.82
    endloop
  endfacet
  facet normal -0 0 1
    outer loop
      vertex 64.24 25.08 43.82
      vertex 72.52 24.36 43.82
      vertex 72.52 25.08 43.82
    endloop
  endfacet
  facet normal 0 0 1
    outer loop
      vertex 72.52 24.36 43.82
      vertex 64.24 25.08 43.82
      vertex 64.24 24.36 43.82
    endloop
  endfacet
  facet normal -0 0 1
    outer loop
      vertex 64.24 34.08 43.82
      vertex 72.52 33.36 43.82
      vertex 72.52 34.08 43.82
    endloop
  endfacet
  facet normal 0 0 1
    outer loop
      vertex 72.52 33.36 43.82
      vertex 64.24 34.08 43.82
      vertex 64.24 33.36 43.82
    endloop
  endfacet
  facet normal -0 0 1
    outer loop
      vertex 64.24 43.08 43.82
      vertex 72.52 42.36 43.82
      vertex 72.52 43.08 43.82
    endloop
  endfacet
  facet normal 0 0 1
    outer loop
      vertex 72.52 42.36 43.82
      vertex 64.24 43.08 43.82
      vertex 64.24 42.36 43.82
    endloop
  endfacet
  facet normal -0 0 1
    outer loop
      vertex 64.24 52.08 43.82
      vertex 72.52 51.36 43.82
      vertex 72.52 52.08 43.82
    endloop
  endfacet
  facet normal 0 0 1
    outer loop
      vertex 72.52 51.36 43.82
      vertex 64.24 52.08 43.82
      vertex 64.24 51.36 43.82
    endloop
  endfacet
  facet normal -0 0 1
    outer loop
      vertex 64.24 61.08 43.82
      vertex 72.52 60.36 43.82
      vertex 72.52 61.08 43.82
    endloop
  endfacet
  facet normal 0 0 1
    outer loop
      vertex 72.52 60.36 43.82
      vertex 64.24 61.08 43.82
      vertex 64.24 60.36 43.82
    endloop
  endfacet
  facet normal -0 0 1
    outer loop
      vertex 64.24 70.08 43.82
      vertex 72.52 69.36 43.82
      vertex 72.52 70.08 43.82
    endloop
  endfacet
  facet normal 0 0 1
    outer loop
      vertex 72.52 69.36 43.82
      vertex 64.24 70.08 43.82
      vertex 64.24 69.36 43.82
    endloop
  endfacet
  facet normal -0 0 1
    outer loop
      vertex 73.24 16.08 43.82
      vertex 81.52 15.36 43.82
      vertex 81.52 16.08 43.82
    endloop
  endfacet
  facet normal 0 0 1
    outer loop
      vertex 81.52 15.36 43.82
      vertex 73.24 16.08 43.82
      vertex 73.24 15.36 43.82
    endloop
  endfacet
  facet normal -0 0 1
    outer loop
      vertex 73.24 25.08 43.82
      vertex 81.52 24.36 43.82
      vertex 81.52 25.08 43.82
    endloop
  endfacet
  facet normal 0 0 1
    outer loop
      vertex 81.52 24.36 43.82
      vertex 73.24 25.08 43.82
      vertex 73.24 24.36 43.82
    endloop
  endfacet
  facet normal -0 0 1
    outer loop
      vertex 73.24 34.08 43.82
      vertex 81.52 33.36 43.82
      vertex 81.52 34.08 43.82
    endloop
  endfacet
  facet normal 0 0 1
    outer loop
      vertex 81.52 33.36 43.82
      vertex 73.24 34.08 43.82
      vertex 73.24 33.36 43.82
    endloop
  endfacet
  facet normal -0 0 1
    outer loop
      vertex 73.24 43.08 43.82
      vertex 81.52 42.36 43.82
      vertex 81.52 43.08 43.82
    endloop
  endfacet
  facet normal 0 0 1
    outer loop
      vertex 81.52 42.36 43.82
      vertex 73.24 43.08 43.82
      vertex 73.24 42.36 43.82
    endloop
  endfacet
  facet normal -0 0 1
    outer loop
      vertex 73.24 52.08 43.82
      vertex 81.52 51.36 43.82
      vertex 81.52 52.08 43.82
    endloop
  endfacet
  facet normal 0 0 1
    outer loop
      vertex 81.52 51.36 43.82
      vertex 73.24 52.08 43.82
      vertex 73.24 51.36 43.82
    endloop
  endfacet
  facet normal -0 0 1
    outer loop
      vertex 73.24 61.08 43.82
      vertex 81.52 60.36 43.82
      vertex 81.52 61.08 43.82
    endloop
  endfacet
  facet normal 0 0 1
    outer loop
      vertex 81.52 60.36 43.82
      vertex 73.24 61.08 43.82
      vertex 73.24 60.36 43.82
    endloop
  endfacet
  facet normal -0 0 1
    outer loop
      vertex 73.24 70.08 43.82
      vertex 81.52 69.36 43.82
      vertex 81.52 70.08 43.82
    endloop
  endfacet
  facet normal 0 0 1
    outer loop
      vertex 81.52 69.36 43.82
      vertex 73.24 70.08 43.82
      vertex 73.24 69.36 43.82
    endloop
  endfacet
  facet normal -0 0 1
    outer loop
      vertex 82.24 16.08 43.82
      vertex 90.52 15.36 43.82
      vertex 90.52 16.08 43.82
    endloop
  endfacet
  facet normal 0 0 1
    outer loop
      vertex 90.52 15.36 43.82
      vertex 82.24 16.08 43.82
      vertex 82.24 15.36 43.82
    endloop
  endfacet
  facet normal -0 0 1
    outer loop
      vertex 82.24 25.08 43.82
      vertex 90.52 24.36 43.82
      vertex 90.52 25.08 43.82
    endloop
  endfacet
  facet normal 0 0 1
    outer loop
      vertex 90.52 24.36 43.82
      vertex 82.24 25.08 43.82
      vertex 82.24 24.36 43.82
    endloop
  endfacet
  facet normal -0 0 1
    outer loop
      vertex 82.24 34.08 43.82
      vertex 90.52 33.36 43.82
      vertex 90.52 34.08 43.82
    endloop
  endfacet
  facet normal 0 0 1
    outer loop
      vertex 90.52 33.36 43.82
      vertex 82.24 34.08 43.82
      vertex 82.24 33.36 43.82
    endloop
  endfacet
  facet normal -0 0 1
    outer loop
      vertex 82.24 43.08 43.82
      vertex 90.52 42.36 43.82
      vertex 90.52 43.08 43.82
    endloop
  endfacet
  facet normal 0 0 1
    outer loop
      vertex 90.52 42.36 43.82
      vertex 82.24 43.08 43.82
      vertex 82.24 42.36 43.82
    endloop
  endfacet
  facet normal -0 0 1
    outer loop
      vertex 82.24 52.08 43.82
      vertex 90.52 51.36 43.82
      vertex 90.52 52.08 43.82
    endloop
  endfacet
  facet normal 0 0 1
    outer loop
      vertex 90.52 51.36 43.82
      vertex 82.24 52.08 43.82
      vertex 82.24 51.36 43.82
    endloop
  endfacet
  facet normal -0 0 1
    outer loop
      vertex 82.24 61.08 43.82
      vertex 90.52 60.36 43.82
      vertex 90.52 61.08 43.82
    endloop
  endfacet
  facet normal 0 0 1
    outer loop
      vertex 90.52 60.36 43.82
      vertex 82.24 61.08 43.82
      vertex 82.24 60.36 43.82
    endloop
  endfacet
  facet normal -0 0 1
    outer loop
      vertex 82.24 70.08 43.82
      vertex 90.52 69.36 43.82
      vertex 90.52 70.08 43.82
    endloop
  endfacet
  facet normal 0 0 1
    outer loop
      vertex 90.52 69.36 43.82
      vertex 82.24 70.08 43.82
      vertex 82.24 69.36 43.82
    endloop
  endfacet
  facet normal -0 0 1
    outer loop
      vertex 91.24 16.08 43.82
      vertex 99.52 15.36 43.82
      vertex 99.52 16.08 43.82
    endloop
  endfacet
  facet normal 0 0 1
    outer loop
      vertex 99.52 15.36 43.82
      vertex 91.24 16.08 43.82
      vertex 91.24 15.36 43.82
    endloop
  endfacet
  facet normal -0 0 1
    outer loop
      vertex 91.24 25.08 43.82
      vertex 99.52 24.36 43.82
      vertex 99.52 25.08 43.82
    endloop
  endfacet
  facet normal 0 0 1
    outer loop
      vertex 99.52 24.36 43.82
      vertex 91.24 25.08 43.82
      vertex 91.24 24.36 43.82
    endloop
  endfacet
  facet normal -0 0 1
    outer loop
      vertex 91.24 34.08 43.82
      vertex 99.52 33.36 43.82
      vertex 99.52 34.08 43.82
    endloop
  endfacet
  facet normal 0 0 1
    outer loop
      vertex 99.52 33.36 43.82
      vertex 91.24 34.08 43.82
      vertex 91.24 33.36 43.82
    endloop
  endfacet
  facet normal -0 0 1
    outer loop
      vertex 91.24 43.08 43.82
      vertex 99.52 42.36 43.82
      vertex 99.52 43.08 43.82
    endloop
  endfacet
  facet normal 0 0 1
    outer loop
      vertex 99.52 42.36 43.82
      vertex 91.24 43.08 43.82
      vertex 91.24 42.36 43.82
    endloop
  endfacet
  facet normal -0 0 1
    outer loop
      vertex 91.24 52.08 43.82
      vertex 99.52 51.36 43.82
      vertex 99.52 52.08 43.82
    endloop
  endfacet
  facet normal 0 0 1
    outer loop
      vertex 99.52 51.36 43.82
      vertex 91.24 52.08 43.82
      vertex 91.24 51.36 43.82
    endloop
  endfacet
  facet normal -0 0 1
    outer loop
      vertex 91.24 61.08 43.82
      vertex 99.52 60.36 43.82
      vertex 99.52 61.08 43.82
    endloop
  endfacet
  facet normal 0 0 1
    outer loop
      vertex 99.52 60.36 43.82
      vertex 91.24 61.08 43.82
      vertex 91.24 60.36 43.82
    endloop
  endfacet
  facet normal -0 0 1
    outer loop
      vertex 91.24 70.08 43.82
      vertex 99.52 69.36 43.82
      vertex 99.52 70.08 43.82
    endloop
  endfacet
  facet normal 0 0 1
    outer loop
      vertex 99.52 69.36 43.82
      vertex 91.24 70.08 43.82
      vertex 91.24 69.36 43.82
    endloop
  endfacet
  facet normal -0 0 1
    outer loop
      vertex 100.24 16.08 43.82
      vertex 108.52 15.36 43.82
      vertex 108.52 16.08 43.82
    endloop
  endfacet
  facet normal 0 0 1
    outer loop
      vertex 108.52 15.36 43.82
      vertex 100.24 16.08 43.82
      vertex 100.24 15.36 43.82
    endloop
  endfacet
  facet normal -0 0 1
    outer loop
      vertex 100.24 25.08 43.82
      vertex 108.52 24.36 43.82
      vertex 108.52 25.08 43.82
    endloop
  endfacet
  facet normal 0 0 1
    outer loop
      vertex 108.52 24.36 43.82
      vertex 100.24 25.08 43.82
      vertex 100.24 24.36 43.82
    endloop
  endfacet
  facet normal -0 0 1
    outer loop
      vertex 100.24 34.08 43.82
      vertex 108.52 33.36 43.82
      vertex 108.52 34.08 43.82
    endloop
  endfacet
  facet normal 0 0 1
    outer loop
      vertex 108.52 33.36 43.82
      vertex 100.24 34.08 43.82
      vertex 100.24 33.36 43.82
    endloop
  endfacet
  facet normal -0 0 1
    outer loop
      vertex 100.24 43.08 43.82
      vertex 108.52 42.36 43.82
      vertex 108.52 43.08 43.82
    endloop
  endfacet
  facet normal 0 0 1
    outer loop
      vertex 108.52 42.36 43.82
      vertex 100.24 43.08 43.82
      vertex 100.24 42.36 43.82
    endloop
  endfacet
  facet normal -0 0 1
    outer loop
      vertex 100.24 52.08 43.82
      vertex 108.52 51.36 43.82
      vertex 108.52 52.08 43.82
    endloop
  endfacet
  facet normal 0 0 1
    outer loop
      vertex 108.52 51.36 43.82
      vertex 100.24 52.08 43.82
      vertex 100.24 51.36 43.82
    endloop
  endfacet
  facet normal -0 0 1
    outer loop
      vertex 100.24 61.08 43.82
      vertex 108.52 60.36 43.82
      vertex 108.52 61.08 43.82
    endloop
  endfacet
  facet normal 0 0 1
    outer loop
      vertex 108.52 60.36 43.82
      vertex 100.24 61.08 43.82
      vertex 100.24 60.36 43.82
    endloop
  endfacet
  facet normal -0 0 1
    outer loop
      vertex 100.24 70.08 43.82
      vertex 108.52 69.36 43.82
      vertex 108.52 70.08 43.82
    endloop
  endfacet
  facet normal 0 0 1
    outer loop
      vertex 108.52 69.36 43.82
      vertex 100.24 70.08 43.82
      vertex 100.24 69.36 43.82
    endloop
  endfacet
  facet normal -0 0 1
    outer loop
      vertex 109.24 16.08 43.82
      vertex 117.52 15.36 43.82
      vertex 117.52 16.08 43.82
    endloop
  endfacet
  facet normal 0 0 1
    outer loop
      vertex 117.52 15.36 43.82
      vertex 109.24 16.08 43.82
      vertex 109.24 15.36 43.82
    endloop
  endfacet
  facet normal -0 0 1
    outer loop
      vertex 109.24 25.08 43.82
      vertex 117.52 24.36 43.82
      vertex 117.52 25.08 43.82
    endloop
  endfacet
  facet normal 0 0 1
    outer loop
      vertex 117.52 24.36 43.82
      vertex 109.24 25.08 43.82
      vertex 109.24 24.36 43.82
    endloop
  endfacet
  facet normal -0 0 1
    outer loop
      vertex 109.24 34.08 43.82
      vertex 117.52 33.36 43.82
      vertex 117.52 34.08 43.82
    endloop
  endfacet
  facet normal 0 0 1
    outer loop
      vertex 117.52 33.36 43.82
      vertex 109.24 34.08 43.82
      vertex 109.24 33.36 43.82
    endloop
  endfacet
  facet normal -0 0 1
    outer loop
      vertex 109.24 43.08 43.82
      vertex 117.52 42.36 43.82
      vertex 117.52 43.08 43.82
    endloop
  endfacet
  facet normal 0 0 1
    outer loop
      vertex 117.52 42.36 43.82
      vertex 109.24 43.08 43.82
      vertex 109.24 42.36 43.82
    endloop
  endfacet
  facet normal -0 0 1
    outer loop
      vertex 109.24 52.08 43.82
      vertex 117.52 51.36 43.82
      vertex 117.52 52.08 43.82
    endloop
  endfacet
  facet normal 0 0 1
    outer loop
      vertex 117.52 51.36 43.82
      vertex 109.24 52.08 43.82
      vertex 109.24 51.36 43.82
    endloop
  endfacet
  facet normal -0 0 1
    outer loop
      vertex 109.24 61.08 43.82
      vertex 117.52 60.36 43.82
      vertex 117.52 61.08 43.82
    endloop
  endfacet
  facet normal 0 0 1
    outer loop
      vertex 117.52 60.36 43.82
      vertex 109.24 61.08 43.82
      vertex 109.24 60.36 43.82
    endloop
  endfacet
  facet normal -0 0 1
    outer loop
      vertex 109.24 70.08 43.82
      vertex 117.52 69.36 43.82
      vertex 117.52 70.08 43.82
    endloop
  endfacet
  facet normal 0 0 1
    outer loop
      vertex 117.52 69.36 43.82
      vertex 109.24 70.08 43.82
      vertex 109.24 69.36 43.82
    endloop
  endfacet
  facet normal 0 0 1
    outer loop
      vertex 117.52 70.08 43.82
      vertex 127.76 85.47 43.82
      vertex 117.52 78.36 43.82
    endloop
  endfacet
  facet normal 0 0 1
    outer loop
      vertex 127.76 85.47 43.82
      vertex 109.24 78.36 43.82
      vertex 117.52 78.36 43.82
    endloop
  endfacet
  facet normal 0 0 1
    outer loop
      vertex 108.52 70.08 43.82
      vertex 109.24 70.08 43.82
      vertex 109.24 78.36 43.82
    endloop
  endfacet
  facet normal 0 0 1
    outer loop
      vertex 109.24 70.08 43.82
      vertex 108.52 70.08 43.82
      vertex 109.24 69.36 43.82
    endloop
  endfacet
  facet normal 0 0 1
    outer loop
      vertex 109.24 69.36 43.82
      vertex 108.52 69.36 43.82
      vertex 109.24 61.08 43.82
    endloop
  endfacet
  facet normal 0 0 1
    outer loop
      vertex 108.52 61.08 43.82
      vertex 109.24 61.08 43.82
      vertex 108.52 69.36 43.82
    endloop
  endfacet
  facet normal 0 0 1
    outer loop
      vertex 108.52 60.36 43.82
      vertex 109.24 60.36 43.82
      vertex 108.52 61.08 43.82
    endloop
  endfacet
  facet normal 0 0 1
    outer loop
      vertex 109.24 60.36 43.82
      vertex 108.52 60.36 43.82
      vertex 109.24 52.08 43.82
    endloop
  endfacet
  facet normal 0 0 1
    outer loop
      vertex 109.24 52.08 43.82
      vertex 108.52 52.08 43.82
      vertex 109.24 51.36 43.82
    endloop
  endfacet
  facet normal 0 0 1
    outer loop
      vertex 108.52 51.36 43.82
      vertex 109.24 51.36 43.82
      vertex 108.52 52.08 43.82
    endloop
  endfacet
  facet normal 0 0 1
    outer loop
      vertex 108.52 43.08 43.82
      vertex 109.24 43.08 43.82
      vertex 108.52 51.36 43.82
    endloop
  endfacet
  facet normal 0 0 1
    outer loop
      vertex 109.24 43.08 43.82
      vertex 108.52 43.08 43.82
      vertex 109.24 42.36 43.82
    endloop
  endfacet
  facet normal 0 0 1
    outer loop
      vertex 109.24 42.36 43.82
      vertex 108.52 42.36 43.82
      vertex 109.24 34.08 43.82
    endloop
  endfacet
  facet normal 0 0 1
    outer loop
      vertex 108.52 34.08 43.82
      vertex 109.24 34.08 43.82
      vertex 108.52 42.36 43.82
    endloop
  endfacet
  facet normal 0 0 1
    outer loop
      vertex 109.24 34.08 43.82
      vertex 108.52 34.08 43.82
      vertex 109.24 33.36 43.82
    endloop
  endfacet
  facet normal 0 0 1
    outer loop
      vertex 108.52 33.36 43.82
      vertex 109.24 33.36 43.82
      vertex 108.52 34.08 43.82
    endloop
  endfacet
  facet normal 0 0 1
    outer loop
      vertex 108.52 70.08 43.82
      vertex 109.24 78.36 43.82
      vertex 108.52 78.36 43.82
    endloop
  endfacet
  facet normal 0 0 1
    outer loop
      vertex 127.76 85.47 43.82
      vertex 108.52 78.36 43.82
      vertex 109.24 78.36 43.82
    endloop
  endfacet
  facet normal 0 0 1
    outer loop
      vertex 127.76 85.47 43.82
      vertex 100.24 78.36 43.82
      vertex 108.52 78.36 43.82
    endloop
  endfacet
  facet normal 0 0 1
    outer loop
      vertex 99.52 70.08 43.82
      vertex 100.24 70.08 43.82
      vertex 100.24 78.36 43.82
    endloop
  endfacet
  facet normal 0 0 1
    outer loop
      vertex 100.24 70.08 43.82
      vertex 99.52 70.08 43.82
      vertex 100.24 69.36 43.82
    endloop
  endfacet
  facet normal 0 0 1
    outer loop
      vertex 100.24 69.36 43.82
      vertex 99.52 69.36 43.82
      vertex 100.24 61.08 43.82
    endloop
  endfacet
  facet normal 0 0 1
    outer loop
      vertex 99.52 61.08 43.82
      vertex 100.24 61.08 43.82
      vertex 99.52 69.36 43.82
    endloop
  endfacet
  facet normal 0 0 1
    outer loop
      vertex 99.52 60.36 43.82
      vertex 100.24 60.36 43.82
      vertex 99.52 61.08 43.82
    endloop
  endfacet
  facet normal 0 0 1
    outer loop
      vertex 100.24 60.36 43.82
      vertex 99.52 60.36 43.82
      vertex 100.24 52.08 43.82
    endloop
  endfacet
  facet normal 0 0 1
    outer loop
      vertex 100.24 52.08 43.82
      vertex 99.52 52.08 43.82
      vertex 100.24 51.36 43.82
    endloop
  endfacet
  facet normal 0 0 1
    outer loop
      vertex 99.52 51.36 43.82
      vertex 100.24 51.36 43.82
      vertex 99.52 52.08 43.82
    endloop
  endfacet
  facet normal 0 0 1
    outer loop
      vertex 99.52 43.08 43.82
      vertex 100.24 43.08 43.82
      vertex 99.52 51.36 43.82
    endloop
  endfacet
  facet normal 0 0 1
    outer loop
      vertex 100.24 43.08 43.82
      vertex 99.52 43.08 43.82
      vertex 100.24 42.36 43.82
    endloop
  endfacet
  facet normal 0 0 1
    outer loop
      vertex 100.24 42.36 43.82
      vertex 99.52 42.36 43.82
      vertex 100.24 34.08 43.82
    endloop
  endfacet
  facet normal 0 0 1
    outer loop
      vertex 99.52 34.08 43.82
      vertex 100.24 34.08 43.82
      vertex 99.52 42.36 43.82
    endloop
  endfacet
  facet normal 0 0 1
    outer loop
      vertex 100.24 34.08 43.82
      vertex 99.52 34.08 43.82
      vertex 100.24 33.36 43.82
    endloop
  endfacet
  facet normal 0 0 1
    outer loop
      vertex 99.52 33.36 43.82
      vertex 100.24 33.36 43.82
      vertex 99.52 34.08 43.82
    endloop
  endfacet
  facet normal 0 0 1
    outer loop
      vertex 99.52 70.08 43.82
      vertex 100.24 78.36 43.82
      vertex 99.52 78.36 43.82
    endloop
  endfacet
  facet normal 0 0 1
    outer loop
      vertex 127.76 85.47 43.82
      vertex 99.52 78.36 43.82
      vertex 100.24 78.36 43.82
    endloop
  endfacet
  facet normal 0 0 1
    outer loop
      vertex 127.76 85.47 43.82
      vertex 91.24 78.36 43.82
      vertex 99.52 78.36 43.82
    endloop
  endfacet
  facet normal 0 0 1
    outer loop
      vertex 90.52 70.08 43.82
      vertex 91.24 70.08 43.82
      vertex 91.24 78.36 43.82
    endloop
  endfacet
  facet normal 0 0 1
    outer loop
      vertex 91.24 70.08 43.82
      vertex 90.52 70.08 43.82
      vertex 91.24 69.36 43.82
    endloop
  endfacet
  facet normal 0 0 1
    outer loop
      vertex 91.24 69.36 43.82
      vertex 90.52 69.36 43.82
      vertex 91.24 61.08 43.82
    endloop
  endfacet
  facet normal 0 0 1
    outer loop
      vertex 90.52 61.08 43.82
      vertex 91.24 61.08 43.82
      vertex 90.52 69.36 43.82
    endloop
  endfacet
  facet normal 0 0 1
    outer loop
      vertex 90.52 60.36 43.82
      vertex 91.24 60.36 43.82
      vertex 90.52 61.08 43.82
    endloop
  endfacet
  facet normal 0 0 1
    outer loop
      vertex 91.24 60.36 43.82
      vertex 90.52 60.36 43.82
      vertex 91.24 52.08 43.82
    endloop
  endfacet
  facet normal 0 0 1
    outer loop
      vertex 91.24 52.08 43.82
      vertex 90.52 52.08 43.82
      vertex 91.24 51.36 43.82
    endloop
  endfacet
  facet normal 0 0 1
    outer loop
      vertex 90.52 51.36 43.82
      vertex 91.24 51.36 43.82
      vertex 90.52 52.08 43.82
    endloop
  endfacet
  facet normal 0 0 1
    outer loop
      vertex 90.52 43.08 43.82
      vertex 91.24 43.08 43.82
      vertex 90.52 51.36 43.82
    endloop
  endfacet
  facet normal 0 0 1
    outer loop
      vertex 91.24 43.08 43.82
      vertex 90.52 43.08 43.82
      vertex 91.24 42.36 43.82
    endloop
  endfacet
  facet normal 0 0 1
    outer loop
      vertex 91.24 42.36 43.82
      vertex 90.52 42.36 43.82
      vertex 91.24 34.08 43.82
    endloop
  endfacet
  facet normal 0 0 1
    outer loop
      vertex 90.52 34.08 43.82
      vertex 91.24 34.08 43.82
      vertex 90.52 42.36 43.82
    endloop
  endfacet
  facet normal 0 0 1
    outer loop
      vertex 91.24 34.08 43.82
      vertex 90.52 34.08 43.82
      vertex 91.24 33.36 43.82
    endloop
  endfacet
  facet normal 0 0 1
    outer loop
      vertex 90.52 33.36 43.82
      vertex 91.24 33.36 43.82
      vertex 90.52 34.08 43.82
    endloop
  endfacet
  facet normal 0 0 1
    outer loop
      vertex 90.52 70.08 43.82
      vertex 91.24 78.36 43.82
      vertex 90.52 78.36 43.82
    endloop
  endfacet
  facet normal 0 0 1
    outer loop
      vertex 127.76 85.47 43.82
      vertex 90.52 78.36 43.82
      vertex 91.24 78.36 43.82
    endloop
  endfacet
  facet normal 0 0 1
    outer loop
      vertex 127.76 85.47 43.82
      vertex 82.24 78.36 43.82
      vertex 90.52 78.36 43.82
    endloop
  endfacet
  facet normal 0 0 1
    outer loop
      vertex 81.52 70.08 43.82
      vertex 82.24 70.08 43.82
      vertex 82.24 78.36 43.82
    endloop
  endfacet
  facet normal 0 0 1
    outer loop
      vertex 82.24 70.08 43.82
      vertex 81.52 70.08 43.82
      vertex 82.24 69.36 43.82
    endloop
  endfacet
  facet normal 0 0 1
    outer loop
      vertex 82.24 69.36 43.82
      vertex 81.52 69.36 43.82
      vertex 82.24 61.08 43.82
    endloop
  endfacet
  facet normal 0 0 1
    outer loop
      vertex 81.52 61.08 43.82
      vertex 82.24 61.08 43.82
      vertex 81.52 69.36 43.82
    endloop
  endfacet
  facet normal 0 0 1
    outer loop
      vertex 81.52 60.36 43.82
      vertex 82.24 60.36 43.82
      vertex 81.52 61.08 43.82
    endloop
  endfacet
  facet normal 0 0 1
    outer loop
      vertex 82.24 60.36 43.82
      vertex 81.52 60.36 43.82
      vertex 82.24 52.08 43.82
    endloop
  endfacet
  facet normal 0 0 1
    outer loop
      vertex 82.24 52.08 43.82
      vertex 81.52 52.08 43.82
      vertex 82.24 51.36 43.82
    endloop
  endfacet
  facet normal 0 0 1
    outer loop
      vertex 81.52 51.36 43.82
      vertex 82.24 51.36 43.82
      vertex 81.52 52.08 43.82
    endloop
  endfacet
  facet normal 0 0 1
    outer loop
      vertex 81.52 43.08 43.82
      vertex 82.24 43.08 43.82
      vertex 81.52 51.36 43.82
    endloop
  endfacet
  facet normal 0 0 1
    outer loop
      vertex 82.24 43.08 43.82
      vertex 81.52 43.08 43.82
      vertex 82.24 42.36 43.82
    endloop
  endfacet
  facet normal 0 0 1
    outer loop
      vertex 82.24 42.36 43.82
      vertex 81.52 42.36 43.82
      vertex 82.24 34.08 43.82
    endloop
  endfacet
  facet normal 0 0 1
    outer loop
      vertex 81.52 34.08 43.82
      vertex 82.24 34.08 43.82
      vertex 81.52 42.36 43.82
    endloop
  endfacet
  facet normal 0 0 1
    outer loop
      vertex 82.24 34.08 43.82
      vertex 81.52 34.08 43.82
      vertex 82.24 33.36 43.82
    endloop
  endfacet
  facet normal 0 0 1
    outer loop
      vertex 81.52 33.36 43.82
      vertex 82.24 33.36 43.82
      vertex 81.52 34.08 43.82
    endloop
  endfacet
  facet normal 0 0 1
    outer loop
      vertex 81.52 70.08 43.82
      vertex 82.24 78.36 43.82
      vertex 81.52 78.36 43.82
    endloop
  endfacet
  facet normal 0 0 1
    outer loop
      vertex 127.76 85.47 43.82
      vertex 81.52 78.36 43.82
      vertex 82.24 78.36 43.82
    endloop
  endfacet
  facet normal 0 0 1
    outer loop
      vertex 127.76 85.47 43.82
      vertex 73.24 78.36 43.82
      vertex 81.52 78.36 43.82
    endloop
  endfacet
  facet normal 0 0 1
    outer loop
      vertex 72.52 70.08 43.82
      vertex 73.24 70.08 43.82
      vertex 73.24 78.36 43.82
    endloop
  endfacet
  facet normal 0 0 1
    outer loop
      vertex 73.24 70.08 43.82
      vertex 72.52 70.08 43.82
      vertex 73.24 69.36 43.82
    endloop
  endfacet
  facet normal 0 0 1
    outer loop
      vertex 73.24 69.36 43.82
      vertex 72.52 69.36 43.82
      vertex 73.24 61.08 43.82
    endloop
  endfacet
  facet normal 0 0 1
    outer loop
      vertex 72.52 61.08 43.82
      vertex 73.24 61.08 43.82
      vertex 72.52 69.36 43.82
    endloop
  endfacet
  facet normal 0 0 1
    outer loop
      vertex 72.52 60.36 43.82
      vertex 73.24 60.36 43.82
      vertex 72.52 61.08 43.82
    endloop
  endfacet
  facet normal 0 0 1
    outer loop
      vertex 73.24 60.36 43.82
      vertex 72.52 60.36 43.82
      vertex 73.24 52.08 43.82
    endloop
  endfacet
  facet normal 0 0 1
    outer loop
      vertex 73.24 52.08 43.82
      vertex 72.52 52.08 43.82
      vertex 73.24 51.36 43.82
    endloop
  endfacet
  facet normal 0 0 1
    outer loop
      vertex 72.52 51.36 43.82
      vertex 73.24 51.36 43.82
      vertex 72.52 52.08 43.82
    endloop
  endfacet
  facet normal 0 0 1
    outer loop
      vertex 72.52 43.08 43.82
      vertex 73.24 43.08 43.82
      vertex 72.52 51.36 43.82
    endloop
  endfacet
  facet normal 0 0 1
    outer loop
      vertex 73.24 43.08 43.82
      vertex 72.52 43.08 43.82
      vertex 73.24 42.36 43.82
    endloop
  endfacet
  facet normal 0 0 1
    outer loop
      vertex 73.24 42.36 43.82
      vertex 72.52 42.36 43.82
      vertex 73.24 34.08 43.82
    endloop
  endfacet
  facet normal 0 0 1
    outer loop
      vertex 72.52 34.08 43.82
      vertex 73.24 34.08 43.82
      vertex 72.52 42.36 43.82
    endloop
  endfacet
  facet normal 0 0 1
    outer loop
      vertex 73.24 34.08 43.82
      vertex 72.52 34.08 43.82
      vertex 73.24 33.36 43.82
    endloop
  endfacet
  facet normal 0 0 1
    outer loop
      vertex 72.52 33.36 43.82
      vertex 73.24 33.36 43.82
      vertex 72.52 34.08 43.82
    endloop
  endfacet
  facet normal 0 0 1
    outer loop
      vertex 72.52 70.08 43.82
      vertex 73.24 78.36 43.82
      vertex 72.52 78.36 43.82
    endloop
  endfacet
  facet normal 0 0 1
    outer loop
      vertex 127.76 85.47 43.82
      vertex 72.52 78.36 43.82
      vertex 73.24 78.36 43.82
    endloop
  endfacet
  facet normal 0 0 1
    outer loop
      vertex 127.76 85.47 43.82
      vertex 64.24 78.36 43.82
      vertex 72.52 78.36 43.82
    endloop
  endfacet
  facet normal 0 0 1
    outer loop
      vertex 63.52 70.08 43.82
      vertex 64.24 70.08 43.82
      vertex 64.24 78.36 43.82
    endloop
  endfacet
  facet normal 0 0 1
    outer loop
      vertex 64.24 70.08 43.82
      vertex 63.52 70.08 43.82
      vertex 64.24 69.36 43.82
    endloop
  endfacet
  facet normal 0 0 1
    outer loop
      vertex 64.24 69.36 43.82
      vertex 63.52 69.36 43.82
      vertex 64.24 61.08 43.82
    endloop
  endfacet
  facet normal 0 0 1
    outer loop
      vertex 63.52 61.08 43.82
      vertex 64.24 61.08 43.82
      vertex 63.52 69.36 43.82
    endloop
  endfacet
  facet normal 0 0 1
    outer loop
      vertex 63.52 60.36 43.82
      vertex 64.24 60.36 43.82
      vertex 63.52 61.08 43.82
    endloop
  endfacet
  facet normal 0 0 1
    outer loop
      vertex 64.24 60.36 43.82
      vertex 63.52 60.36 43.82
      vertex 64.24 52.08 43.82
    endloop
  endfacet
  facet normal 0 0 1
    outer loop
      vertex 64.24 52.08 43.82
      vertex 63.52 52.08 43.82
      vertex 64.24 51.36 43.82
    endloop
  endfacet
  facet normal 0 0 1
    outer loop
      vertex 63.52 51.36 43.82
      vertex 64.24 51.36 43.82
      vertex 63.52 52.08 43.82
    endloop
  endfacet
  facet normal 0 0 1
    outer loop
      vertex 63.52 43.08 43.82
      vertex 64.24 43.08 43.82
      vertex 63.52 51.36 43.82
    endloop
  endfacet
  facet normal 0 0 1
    outer loop
      vertex 64.24 43.08 43.82
      vertex 63.52 43.08 43.82
      vertex 64.24 42.36 43.82
    endloop
  endfacet
  facet normal 0 0 1
    outer loop
      vertex 64.24 42.36 43.82
      vertex 63.52 42.36 43.82
      vertex 64.24 34.08 43.82
    endloop
  endfacet
  facet normal 0 0 1
    outer loop
      vertex 63.52 34.08 43.82
      vertex 64.24 34.08 43.82
      vertex 63.52 42.36 43.82
    endloop
  endfacet
  facet normal 0 0 1
    outer loop
      vertex 64.24 34.08 43.82
      vertex 63.52 34.08 43.82
      vertex 64.24 33.36 43.82
    endloop
  endfacet
  facet normal 0 0 1
    outer loop
      vertex 63.52 33.36 43.82
      vertex 64.24 33.36 43.82
      vertex 63.52 34.08 43.82
    endloop
  endfacet
  facet normal 0 0 1
    outer loop
      vertex 63.52 70.08 43.82
      vertex 64.24 78.36 43.82
      vertex 63.52 78.36 43.82
    endloop
  endfacet
  facet normal 0 0 1
    outer loop
      vertex 127.76 85.47 43.82
      vertex 63.52 78.36 43.82
      vertex 64.24 78.36 43.82
    endloop
  endfacet
  facet normal -0 0 1
    outer loop
      vertex 0 85.47 43.82
      vertex 63.52 78.36 43.82
      vertex 127.76 85.47 43.82
    endloop
  endfacet
  facet normal 0 0 1
    outer loop
      vertex 54.52 70.08 43.82
      vertex 55.24 70.08 43.82
      vertex 55.24 78.36 43.82
    endloop
  endfacet
  facet normal 0 0 1
    outer loop
      vertex 55.24 70.08 43.82
      vertex 54.52 70.08 43.82
      vertex 55.24 69.36 43.82
    endloop
  endfacet
  facet normal 0 0 1
    outer loop
      vertex 55.24 69.36 43.82
      vertex 54.52 69.36 43.82
      vertex 55.24 61.08 43.82
    endloop
  endfacet
  facet normal 0 0 1
    outer loop
      vertex 54.52 61.08 43.82
      vertex 55.24 61.08 43.82
      vertex 54.52 69.36 43.82
    endloop
  endfacet
  facet normal 0 0 1
    outer loop
      vertex 54.52 60.36 43.82
      vertex 55.24 60.36 43.82
      vertex 54.52 61.08 43.82
    endloop
  endfacet
  facet normal 0 0 1
    outer loop
      vertex 55.24 60.36 43.82
      vertex 54.52 60.36 43.82
      vertex 55.24 52.08 43.82
    endloop
  endfacet
  facet normal 0 0 1
    outer loop
      vertex 55.24 52.08 43.82
      vertex 54.52 52.08 43.82
      vertex 55.24 51.36 43.82
    endloop
  endfacet
  facet normal 0 0 1
    outer loop
      vertex 54.52 51.36 43.82
      vertex 55.24 51.36 43.82
      vertex 54.52 52.08 43.82
    endloop
  endfacet
  facet normal 0 0 1
    outer loop
      vertex 54.52 43.08 43.82
      vertex 55.24 43.08 43.82
      vertex 54.52 51.36 43.82
    endloop
  endfacet
  facet normal 0 0 1
    outer loop
      vertex 55.24 43.08 43.82
      vertex 54.52 43.08 43.82
      vertex 55.24 42.36 43.82
    endloop
  endfacet
  facet normal 0 0 1
    outer loop
      vertex 55.24 42.36 43.82
      vertex 54.52 42.36 43.82
      vertex 55.24 34.08 43.82
    endloop
  endfacet
  facet normal 0 0 1
    outer loop
      vertex 54.52 34.08 43.82
      vertex 55.24 34.08 43.82
      vertex 54.52 42.36 43.82
    endloop
  endfacet
  facet normal 0 0 1
    outer loop
      vertex 55.24 34.08 43.82
      vertex 54.52 34.08 43.82
      vertex 55.24 33.36 43.82
    endloop
  endfacet
  facet normal 0 0 1
    outer loop
      vertex 54.52 33.36 43.82
      vertex 55.24 33.36 43.82
      vertex 54.52 34.08 43.82
    endloop
  endfacet
  facet normal 0 0 1
    outer loop
      vertex 54.52 70.08 43.82
      vertex 55.24 78.36 43.82
      vertex 54.52 78.36 43.82
    endloop
  endfacet
  facet normal 0 0 1
    outer loop
      vertex 63.52 78.36 43.82
      vertex 0 85.47 43.82
      vertex 55.24 78.36 43.82
    endloop
  endfacet
  facet normal 0 0 1
    outer loop
      vertex 55.24 78.36 43.82
      vertex 0 85.47 43.82
      vertex 54.52 78.36 43.82
    endloop
  endfacet
  facet normal 0 0 1
    outer loop
      vertex 45.52 70.08 43.82
      vertex 46.24 70.08 43.82
      vertex 46.24 78.36 43.82
    endloop
  endfacet
  facet normal 0 0 1
    outer loop
      vertex 46.24 70.08 43.82
      vertex 45.52 70.08 43.82
      vertex 46.24 69.36 43.82
    endloop
  endfacet
  facet normal 0 0 1
    outer loop
      vertex 46.24 69.36 43.82
      vertex 45.52 69.36 43.82
      vertex 46.24 61.08 43.82
    endloop
  endfacet
  facet normal 0 0 1
    outer loop
      vertex 45.52 61.08 43.82
      vertex 46.24 61.08 43.82
      vertex 45.52 69.36 43.82
    endloop
  endfacet
  facet normal 0 0 1
    outer loop
      vertex 45.52 60.36 43.82
      vertex 46.24 60.36 43.82
      vertex 45.52 61.08 43.82
    endloop
  endfacet
  facet normal 0 0 1
    outer loop
      vertex 46.24 60.36 43.82
      vertex 45.52 60.36 43.82
      vertex 46.24 52.08 43.82
    endloop
  endfacet
  facet normal 0 0 1
    outer loop
      vertex 46.24 52.08 43.82
      vertex 45.52 52.08 43.82
      vertex 46.24 51.36 43.82
    endloop
  endfacet
  facet normal 0 0 1
    outer loop
      vertex 45.52 51.36 43.82
      vertex 46.24 51.36 43.82
      vertex 45.52 52.08 43.82
    endloop
  endfacet
  facet normal 0 0 1
    outer loop
      vertex 45.52 43.08 43.82
      vertex 46.24 43.08 43.82
      vertex 45.52 51.36 43.82
    endloop
  endfacet
  facet normal 0 0 1
    outer loop
      vertex 46.24 43.08 43.82
      vertex 45.52 43.08 43.82
      vertex 46.24 42.36 43.82
    endloop
  endfacet
  facet normal 0 0 1
    outer loop
      vertex 46.24 42.36 43.82
      vertex 45.52 42.36 43.82
      vertex 46.24 34.08 43.82
    endloop
  endfacet
  facet normal 0 0 1
    outer loop
      vertex 45.52 34.08 43.82
      vertex 46.24 34.08 43.82
      vertex 45.52 42.36 43.82
    endloop
  endfacet
  facet normal 0 0 1
    outer loop
      vertex 46.24 34.08 43.82
      vertex 45.52 34.08 43.82
      vertex 46.24 33.36 43.82
    endloop
  endfacet
  facet normal 0 0 1
    outer loop
      vertex 45.52 33.36 43.82
      vertex 46.24 33.36 43.82
      vertex 45.52 34.08 43.82
    endloop
  endfacet
  facet normal 0 0 1
    outer loop
      vertex 45.52 70.08 43.82
      vertex 46.24 78.36 43.82
      vertex 45.52 78.36 43.82
    endloop
  endfacet
  facet normal 0 0 1
    outer loop
      vertex 54.52 78.36 43.82
      vertex 0 85.47 43.82
      vertex 46.24 78.36 43.82
    endloop
  endfacet
  facet normal 0 0 1
    outer loop
      vertex 46.24 78.36 43.82
      vertex 0 85.47 43.82
      vertex 45.52 78.36 43.82
    endloop
  endfacet
  facet normal 0 0 1
    outer loop
      vertex 36.52 70.08 43.82
      vertex 37.24 70.08 43.82
      vertex 37.24 78.36 43.82
    endloop
  endfacet
  facet normal 0 0 1
    outer loop
      vertex 37.24 70.08 43.82
      vertex 36.52 70.08 43.82
      vertex 37.24 69.36 43.82
    endloop
  endfacet
  facet normal 0 0 1
    outer loop
      vertex 37.24 69.36 43.82
      vertex 36.52 69.36 43.82
      vertex 37.24 61.08 43.82
    endloop
  endfacet
  facet normal 0 0 1
    outer loop
      vertex 36.52 61.08 43.82
      vertex 37.24 61.08 43.82
      vertex 36.52 69.36 43.82
    endloop
  endfacet
  facet normal 0 0 1
    outer loop
      vertex 36.52 60.36 43.82
      vertex 37.24 60.36 43.82
      vertex 36.52 61.08 43.82
    endloop
  endfacet
  facet normal 0 0 1
    outer loop
      vertex 37.24 60.36 43.82
      vertex 36.52 60.36 43.82
      vertex 37.24 52.08 43.82
    endloop
  endfacet
  facet normal 0 0 1
    outer loop
      vertex 37.24 52.08 43.82
      vertex 36.52 52.08 43.82
      vertex 37.24 51.36 43.82
    endloop
  endfacet
  facet normal 0 0 1
    outer loop
      vertex 36.52 51.36 43.82
      vertex 37.24 51.36 43.82
      vertex 36.52 52.08 43.82
    endloop
  endfacet
  facet normal 0 0 1
    outer loop
      vertex 36.52 43.08 43.82
      vertex 37.24 43.08 43.82
      vertex 36.52 51.36 43.82
    endloop
  endfacet
  facet normal 0 0 1
    outer loop
      vertex 37.24 43.08 43.82
      vertex 36.52 43.08 43.82
      vertex 37.24 42.36 43.82
    endloop
  endfacet
  facet normal 0 0 1
    outer loop
      vertex 37.24 42.36 43.82
      vertex 36.52 42.36 43.82
      vertex 37.24 34.08 43.82
    endloop
  endfacet
  facet normal 0 0 1
    outer loop
      vertex 36.52 34.08 43.82
      vertex 37.24 34.08 43.82
      vertex 36.52 42.36 43.82
    endloop
  endfacet
  facet normal 0 0 1
    outer loop
      vertex 37.24 34.08 43.82
      vertex 36.52 34.08 43.82
      vertex 37.24 33.36 43.82
    endloop
  endfacet
  facet normal 0 0 1
    outer loop
      vertex 36.52 33.36 43.82
      vertex 37.24 33.36 43.82
      vertex 36.52 34.08 43.82
    endloop
  endfacet
  facet normal 0 0 1
    outer loop
      vertex 36.52 70.08 43.82
      vertex 37.24 78.36 43.82
      vertex 36.52 78.36 43.82
    endloop
  endfacet
  facet normal 0 0 1
    outer loop
      vertex 45.52 78.36 43.82
      vertex 0 85.47 43.82
      vertex 37.24 78.36 43.82
    endloop
  endfacet
  facet normal 0 0 1
    outer loop
      vertex 37.24 78.36 43.82
      vertex 0 85.47 43.82
      vertex 36.52 78.36 43.82
    endloop
  endfacet
  facet normal 0 0 1
    outer loop
      vertex 27.52 70.08 43.82
      vertex 28.24 70.08 43.82
      vertex 28.24 78.36 43.82
    endloop
  endfacet
  facet normal 0 0 1
    outer loop
      vertex 28.24 70.08 43.82
      vertex 27.52 70.08 43.82
      vertex 28.24 69.36 43.82
    endloop
  endfacet
  facet normal 0 0 1
    outer loop
      vertex 28.24 69.36 43.82
      vertex 27.52 69.36 43.82
      vertex 28.24 61.08 43.82
    endloop
  endfacet
  facet normal 0 0 1
    outer loop
      vertex 27.52 61.08 43.82
      vertex 28.24 61.08 43.82
      vertex 27.52 69.36 43.82
    endloop
  endfacet
  facet normal 0 0 1
    outer loop
      vertex 27.52 60.36 43.82
      vertex 28.24 60.36 43.82
      vertex 27.52 61.08 43.82
    endloop
  endfacet
  facet normal 0 0 1
    outer loop
      vertex 28.24 60.36 43.82
      vertex 27.52 60.36 43.82
      vertex 28.24 52.08 43.82
    endloop
  endfacet
  facet normal 0 0 1
    outer loop
      vertex 28.24 52.08 43.82
      vertex 27.52 52.08 43.82
      vertex 28.24 51.36 43.82
    endloop
  endfacet
  facet normal 0 0 1
    outer loop
      vertex 27.52 51.36 43.82
      vertex 28.24 51.36 43.82
      vertex 27.52 52.08 43.82
    endloop
  endfacet
  facet normal 0 0 1
    outer loop
      vertex 27.52 43.08 43.82
      vertex 28.24 43.08 43.82
      vertex 27.52 51.36 43.82
    endloop
  endfacet
  facet normal 0 0 1
    outer loop
      vertex 28.24 43.08 43.82
      vertex 27.52 43.08 43.82
      vertex 28.24 42.36 43.82
    endloop
  endfacet
  facet normal 0 0 1
    outer loop
      vertex 28.24 42.36 43.82
      vertex 27.52 42.36 43.82
      vertex 28.24 34.08 43.82
    endloop
  endfacet
  facet normal 0 0 1
    outer loop
      vertex 27.52 34.08 43.82
      vertex 28.24 34.08 43.82
      vertex 27.52 42.36 43.82
    endloop
  endfacet
  facet normal 0 0 1
    outer loop
      vertex 28.24 34.08 43.82
      vertex 27.52 34.08 43.82
      vertex 28.24 33.36 43.82
    endloop
  endfacet
  facet normal 0 0 1
    outer loop
      vertex 27.52 33.36 43.82
      vertex 28.24 33.36 43.82
      vertex 27.52 34.08 43.82
    endloop
  endfacet
  facet normal 0 0 1
    outer loop
      vertex 27.52 70.08 43.82
      vertex 28.24 78.36 43.82
      vertex 27.52 78.36 43.82
    endloop
  endfacet
  facet normal 0 0 1
    outer loop
      vertex 36.52 78.36 43.82
      vertex 0 85.47 43.82
      vertex 28.24 78.36 43.82
    endloop
  endfacet
  facet normal 0 0 1
    outer loop
      vertex 28.24 78.36 43.82
      vertex 0 85.47 43.82
      vertex 27.52 78.36 43.82
    endloop
  endfacet
  facet normal 0 0 1
    outer loop
      vertex 18.52 70.08 43.82
      vertex 19.24 70.08 43.82
      vertex 19.24 78.36 43.82
    endloop
  endfacet
  facet normal 0 0 1
    outer loop
      vertex 19.24 70.08 43.82
      vertex 18.52 70.08 43.82
      vertex 19.24 69.36 43.82
    endloop
  endfacet
  facet normal 0 0 1
    outer loop
      vertex 19.24 69.36 43.82
      vertex 18.52 69.36 43.82
      vertex 19.24 61.08 43.82
    endloop
  endfacet
  facet normal 0 0 1
    outer loop
      vertex 18.52 61.08 43.82
      vertex 19.24 61.08 43.82
      vertex 18.52 69.36 43.82
    endloop
  endfacet
  facet normal 0 0 1
    outer loop
      vertex 18.52 60.36 43.82
      vertex 19.24 60.36 43.82
      vertex 18.52 61.08 43.82
    endloop
  endfacet
  facet normal 0 0 1
    outer loop
      vertex 19.24 60.36 43.82
      vertex 18.52 60.36 43.82
      vertex 19.24 52.08 43.82
    endloop
  endfacet
  facet normal 0 0 1
    outer loop
      vertex 19.24 52.08 43.82
      vertex 18.52 52.08 43.82
      vertex 19.24 51.36 43.82
    endloop
  endfacet
  facet normal 0 0 1
    outer loop
      vertex 18.52 51.36 43.82
      vertex 19.24 51.36 43.82
      vertex 18.52 52.08 43.82
    endloop
  endfacet
  facet normal 0 0 1
    outer loop
      vertex 18.52 43.08 43.82
      vertex 19.24 43.08 43.82
      vertex 18.52 51.36 43.82
    endloop
  endfacet
  facet normal 0 0 1
    outer loop
      vertex 19.24 43.08 43.82
      vertex 18.52 43.08 43.82
      vertex 19.24 42.36 43.82
    endloop
  endfacet
  facet normal 0 0 1
    outer loop
      vertex 19.24 42.36 43.82
      vertex 18.52 42.36 43.82
      vertex 19.24 34.08 43.82
    endloop
  endfacet
  facet normal 0 0 1
    outer loop
      vertex 18.52 34.08 43.82
      vertex 19.24 34.08 43.82
      vertex 18.52 42.36 43.82
    endloop
  endfacet
  facet normal 0 0 1
    outer loop
      vertex 19.24 34.08 43.82
      vertex 18.52 34.08 43.82
      vertex 19.24 33.36 43.82
    endloop
  endfacet
  facet normal 0 0 1
    outer loop
      vertex 18.52 33.36 43.82
      vertex 19.24 33.36 43.82
      vertex 18.52 34.08 43.82
    endloop
  endfacet
  facet normal 0 0 1
    outer loop
      vertex 18.52 70.08 43.82
      vertex 19.24 78.36 43.82
      vertex 18.52 78.36 43.82
    endloop
  endfacet
  facet normal 0 0 1
    outer loop
      vertex 27.52 78.36 43.82
      vertex 0 85.47 43.82
      vertex 19.24 78.36 43.82
    endloop
  endfacet
  facet normal 0 0 1
    outer loop
      vertex 19.24 78.36 43.82
      vertex 0 85.47 43.82
      vertex 18.52 78.36 43.82
    endloop
  endfacet
  facet normal 0 0 1
    outer loop
      vertex 0 85.47 43.82
      vertex 10.24 70.08 43.82
      vertex 10.24 78.36 43.82
    endloop
  endfacet
  facet normal 0 0 1
    outer loop
      vertex 10.24 70.08 43.82
      vertex 0 85.47 43.82
      vertex 10.24 69.36 43.82
    endloop
  endfacet
  facet normal 0 0 1
    outer loop
      vertex 10.24 69.36 43.82
      vertex 0 85.47 43.82
      vertex 10.24 61.08 43.82
    endloop
  endfacet
  facet normal 0 0 1
    outer loop
      vertex 10.24 61.08 43.82
      vertex 0 85.47 43.82
      vertex 10.24 60.36 43.82
    endloop
  endfacet
  facet normal 0 0 1
    outer loop
      vertex 10.24 60.36 43.82
      vertex 0 85.47 43.82
      vertex 10.24 52.08 43.82
    endloop
  endfacet
  facet normal 0 0 1
    outer loop
      vertex 10.24 52.08 43.82
      vertex 0 85.47 43.82
      vertex 10.24 51.36 43.82
    endloop
  endfacet
  facet normal 0 0 1
    outer loop
      vertex 10.24 51.36 43.82
      vertex 0 85.47 43.82
      vertex 10.24 43.08 43.82
    endloop
  endfacet
  facet normal 0 0 1
    outer loop
      vertex 10.24 43.08 43.82
      vertex 0 85.47 43.82
      vertex 10.24 42.36 43.82
    endloop
  endfacet
  facet normal 0 0 1
    outer loop
      vertex 0 0 43.82
      vertex 10.24 42.36 43.82
      vertex 0 85.47 43.82
    endloop
  endfacet
  facet normal 0 0 1
    outer loop
      vertex 10.24 42.36 43.82
      vertex 0 0 43.82
      vertex 10.24 34.08 43.82
    endloop
  endfacet
  facet normal 0 0 1
    outer loop
      vertex 10.24 34.08 43.82
      vertex 0 0 43.82
      vertex 10.24 33.36 43.82
    endloop
  endfacet
  facet normal 0 0 1
    outer loop
      vertex 10.24 33.36 43.82
      vertex 0 0 43.82
      vertex 10.24 25.08 43.82
    endloop
  endfacet
  facet normal 0 0 1
    outer loop
      vertex 10.24 25.08 43.82
      vertex 0 0 43.82
      vertex 10.24 24.36 43.82
    endloop
  endfacet
  facet normal 0 0 1
    outer loop
      vertex 10.24 24.36 43.82
      vertex 0 0 43.82
      vertex 10.24 16.08 43.82
    endloop
  endfacet
  facet normal 0 0 1
    outer loop
      vertex 10.24 16.08 43.82
      vertex 0 0 43.82
      vertex 10.24 15.36 43.82
    endloop
  endfacet
  facet normal 0 0 1
    outer loop
      vertex 18.52 78.36 43.82
      vertex 0 85.47 43.82
      vertex 10.24 78.36 43.82
    endloop
  endfacet
  facet normal 0 0 1
    outer loop
      vertex 117.52 69.36 43.82
      vertex 127.76 85.47 43.82
      vertex 117.52 70.08 43.82
    endloop
  endfacet
  facet normal 0 0 1
    outer loop
      vertex 117.52 61.08 43.82
      vertex 127.76 85.47 43.82
      vertex 117.52 69.36 43.82
    endloop
  endfacet
  facet normal 0 0 1
    outer loop
      vertex 117.52 60.36 43.82
      vertex 127.76 85.47 43.82
      vertex 117.52 61.08 43.82
    endloop
  endfacet
  facet normal 0 0 1
    outer loop
      vertex 117.52 52.08 43.82
      vertex 127.76 85.47 43.82
      vertex 117.52 60.36 43.82
    endloop
  endfacet
  facet normal 0 0 1
    outer loop
      vertex 117.52 51.36 43.82
      vertex 127.76 85.47 43.82
      vertex 117.52 52.08 43.82
    endloop
  endfacet
  facet normal 0 0 1
    outer loop
      vertex 117.52 43.08 43.82
      vertex 127.76 85.47 43.82
      vertex 117.52 51.36 43.82
    endloop
  endfacet
  facet normal 0 0 1
    outer loop
      vertex 127.76 85.47 43.82
      vertex 117.52 43.08 43.82
      vertex 127.76 0 43.82
    endloop
  endfacet
  facet normal -0 0 1
    outer loop
      vertex 117.52 42.36 43.82
      vertex 127.76 0 43.82
      vertex 117.52 43.08 43.82
    endloop
  endfacet
  facet normal -0 0 1
    outer loop
      vertex 117.52 34.08 43.82
      vertex 127.76 0 43.82
      vertex 117.52 42.36 43.82
    endloop
  endfacet
  facet normal -0 0 1
    outer loop
      vertex 117.52 33.36 43.82
      vertex 127.76 0 43.82
      vertex 117.52 34.08 43.82
    endloop
  endfacet
  facet normal -0 0 1
    outer loop
      vertex 117.52 25.08 43.82
      vertex 127.76 0 43.82
      vertex 117.52 33.36 43.82
    endloop
  endfacet
  facet normal -0 0 1
    outer loop
      vertex 117.52 24.36 43.82
      vertex 127.76 0 43.82
      vertex 117.52 25.08 43.82
    endloop
  endfacet
  facet normal -0 0 1
    outer loop
      vertex 117.52 16.08 43.82
      vertex 127.76 0 43.82
      vertex 117.52 24.36 43.82
    endloop
  endfacet
  facet normal -0 0 1
    outer loop
      vertex 117.52 15.36 43.82
      vertex 127.76 0 43.82
      vertex 117.52 16.08 43.82
    endloop
  endfacet
  facet normal -0 0 1
    outer loop
      vertex 117.52 7.08 43.82
      vertex 127.76 0 43.82
      vertex 117.52 15.36 43.82
    endloop
  endfacet
  facet normal -0 0 1
    outer loop
      vertex 109.24 7.08 43.82
      vertex 127.76 0 43.82
      vertex 117.52 7.08 43.82
    endloop
  endfacet
  facet normal 0 0 1
    outer loop
      vertex 109.24 69.36 43.82
      vertex 108.52 70.08 43.82
      vertex 108.52 69.36 43.82
    endloop
  endfacet
  facet normal 0 0 1
    outer loop
      vertex 109.24 61.08 43.82
      vertex 108.52 61.08 43.82
      vertex 109.24 60.36 43.82
    endloop
  endfacet
  facet normal 0 0 1
    outer loop
      vertex 108.52 52.08 43.82
      vertex 109.24 52.08 43.82
      vertex 108.52 60.36 43.82
    endloop
  endfacet
  facet normal 0 0 1
    outer loop
      vertex 109.24 51.36 43.82
      vertex 108.52 51.36 43.82
      vertex 109.24 43.08 43.82
    endloop
  endfacet
  facet normal 0 0 1
    outer loop
      vertex 108.52 42.36 43.82
      vertex 109.24 42.36 43.82
      vertex 108.52 43.08 43.82
    endloop
  endfacet
  facet normal 0 0 1
    outer loop
      vertex 109.24 33.36 43.82
      vertex 108.52 33.36 43.82
      vertex 109.24 25.08 43.82
    endloop
  endfacet
  facet normal 0 0 1
    outer loop
      vertex 108.52 25.08 43.82
      vertex 109.24 25.08 43.82
      vertex 108.52 33.36 43.82
    endloop
  endfacet
  facet normal 0 0 1
    outer loop
      vertex 109.24 25.08 43.82
      vertex 108.52 25.08 43.82
      vertex 109.24 24.36 43.82
    endloop
  endfacet
  facet normal 0 0 1
    outer loop
      vertex 108.52 24.36 43.82
      vertex 109.24 24.36 43.82
      vertex 108.52 25.08 43.82
    endloop
  endfacet
  facet normal 0 0 1
    outer loop
      vertex 109.24 24.36 43.82
      vertex 108.52 24.36 43.82
      vertex 109.24 16.08 43.82
    endloop
  endfacet
  facet normal 0 0 1
    outer loop
      vertex 108.52 16.08 43.82
      vertex 109.24 16.08 43.82
      vertex 108.52 24.36 43.82
    endloop
  endfacet
  facet normal 0 0 1
    outer loop
      vertex 109.24 16.08 43.82
      vertex 108.52 16.08 43.82
      vertex 109.24 15.36 43.82
    endloop
  endfacet
  facet normal 0 0 1
    outer loop
      vertex 108.52 15.36 43.82
      vertex 109.24 15.36 43.82
      vertex 108.52 16.08 43.82
    endloop
  endfacet
  facet normal 0 0 1
    outer loop
      vertex 109.24 15.36 43.82
      vertex 108.52 15.36 43.82
      vertex 109.24 7.08 43.82
    endloop
  endfacet
  facet normal 0 0 1
    outer loop
      vertex 108.52 7.08 43.82
      vertex 109.24 7.08 43.82
      vertex 108.52 15.36 43.82
    endloop
  endfacet
  facet normal -0 0 1
    outer loop
      vertex 108.52 7.08 43.82
      vertex 127.76 0 43.82
      vertex 109.24 7.08 43.82
    endloop
  endfacet
  facet normal -0 0 1
    outer loop
      vertex 100.24 7.08 43.82
      vertex 127.76 0 43.82
      vertex 108.52 7.08 43.82
    endloop
  endfacet
  facet normal 0 0 1
    outer loop
      vertex 100.24 69.36 43.82
      vertex 99.52 70.08 43.82
      vertex 99.52 69.36 43.82
    endloop
  endfacet
  facet normal 0 0 1
    outer loop
      vertex 100.24 61.08 43.82
      vertex 99.52 61.08 43.82
      vertex 100.24 60.36 43.82
    endloop
  endfacet
  facet normal 0 0 1
    outer loop
      vertex 99.52 52.08 43.82
      vertex 100.24 52.08 43.82
      vertex 99.52 60.36 43.82
    endloop
  endfacet
  facet normal 0 0 1
    outer loop
      vertex 100.24 51.36 43.82
      vertex 99.52 51.36 43.82
      vertex 100.24 43.08 43.82
    endloop
  endfacet
  facet normal 0 0 1
    outer loop
      vertex 99.52 42.36 43.82
      vertex 100.24 42.36 43.82
      vertex 99.52 43.08 43.82
    endloop
  endfacet
  facet normal 0 0 1
    outer loop
      vertex 100.24 33.36 43.82
      vertex 99.52 33.36 43.82
      vertex 100.24 25.08 43.82
    endloop
  endfacet
  facet normal 0 0 1
    outer loop
      vertex 99.52 25.08 43.82
      vertex 100.24 25.08 43.82
      vertex 99.52 33.36 43.82
    endloop
  endfacet
  facet normal 0 0 1
    outer loop
      vertex 100.24 25.08 43.82
      vertex 99.52 25.08 43.82
      vertex 100.24 24.36 43.82
    endloop
  endfacet
  facet normal 0 0 1
    outer loop
      vertex 99.52 24.36 43.82
      vertex 100.24 24.36 43.82
      vertex 99.52 25.08 43.82
    endloop
  endfacet
  facet normal 0 0 1
    outer loop
      vertex 100.24 24.36 43.82
      vertex 99.52 24.36 43.82
      vertex 100.24 16.08 43.82
    endloop
  endfacet
  facet normal 0 0 1
    outer loop
      vertex 99.52 16.08 43.82
      vertex 100.24 16.08 43.82
      vertex 99.52 24.36 43.82
    endloop
  endfacet
  facet normal 0 0 1
    outer loop
      vertex 100.24 16.08 43.82
      vertex 99.52 16.08 43.82
      vertex 100.24 15.36 43.82
    endloop
  endfacet
  facet normal 0 0 1
    outer loop
      vertex 99.52 15.36 43.82
      vertex 100.24 15.36 43.82
      vertex 99.52 16.08 43.82
    endloop
  endfacet
  facet normal 0 0 1
    outer loop
      vertex 100.24 15.36 43.82
      vertex 99.52 15.36 43.82
      vertex 100.24 7.08 43.82
    endloop
  endfacet
  facet normal 0 0 1
    outer loop
      vertex 99.52 7.08 43.82
      vertex 100.24 7.08 43.82
      vertex 99.52 15.36 43.82
    endloop
  endfacet
  facet normal -0 0 1
    outer loop
      vertex 99.52 7.08 43.82
      vertex 127.76 0 43.82
      vertex 100.24 7.08 43.82
    endloop
  endfacet
  facet normal -0 0 1
    outer loop
      vertex 91.24 7.08 43.82
      vertex 127.76 0 43.82
      vertex 99.52 7.08 43.82
    endloop
  endfacet
  facet normal 0 0 1
    outer loop
      vertex 91.24 69.36 43.82
      vertex 90.52 70.08 43.82
      vertex 90.52 69.36 43.82
    endloop
  endfacet
  facet normal 0 0 1
    outer loop
      vertex 91.24 61.08 43.82
      vertex 90.52 61.08 43.82
      vertex 91.24 60.36 43.82
    endloop
  endfacet
  facet normal 0 0 1
    outer loop
      vertex 90.52 52.08 43.82
      vertex 91.24 52.08 43.82
      vertex 90.52 60.36 43.82
    endloop
  endfacet
  facet normal 0 0 1
    outer loop
      vertex 91.24 51.36 43.82
      vertex 90.52 51.36 43.82
      vertex 91.24 43.08 43.82
    endloop
  endfacet
  facet normal 0 0 1
    outer loop
      vertex 90.52 42.36 43.82
      vertex 91.24 42.36 43.82
      vertex 90.52 43.08 43.82
    endloop
  endfacet
  facet normal 0 0 1
    outer loop
      vertex 91.24 33.36 43.82
      vertex 90.52 33.36 43.82
      vertex 91.24 25.08 43.82
    endloop
  endfacet
  facet normal 0 0 1
    outer loop
      vertex 90.52 25.08 43.82
      vertex 91.24 25.08 43.82
      vertex 90.52 33.36 43.82
    endloop
  endfacet
  facet normal 0 0 1
    outer loop
      vertex 91.24 25.08 43.82
      vertex 90.52 25.08 43.82
      vertex 91.24 24.36 43.82
    endloop
  endfacet
  facet normal 0 0 1
    outer loop
      vertex 90.52 24.36 43.82
      vertex 91.24 24.36 43.82
      vertex 90.52 25.08 43.82
    endloop
  endfacet
  facet normal 0 0 1
    outer loop
      vertex 91.24 24.36 43.82
      vertex 90.52 24.36 43.82
      vertex 91.24 16.08 43.82
    endloop
  endfacet
  facet normal 0 0 1
    outer loop
      vertex 90.52 16.08 43.82
      vertex 91.24 16.08 43.82
      vertex 90.52 24.36 43.82
    endloop
  endfacet
  facet normal 0 0 1
    outer loop
      vertex 91.24 16.08 43.82
      vertex 90.52 16.08 43.82
      vertex 91.24 15.36 43.82
    endloop
  endfacet
  facet normal 0 0 1
    outer loop
      vertex 90.52 15.36 43.82
      vertex 91.24 15.36 43.82
      vertex 90.52 16.08 43.82
    endloop
  endfacet
  facet normal 0 0 1
    outer loop
      vertex 91.24 15.36 43.82
      vertex 90.52 15.36 43.82
      vertex 91.24 7.08 43.82
    endloop
  endfacet
  facet normal 0 0 1
    outer loop
      vertex 90.52 7.08 43.82
      vertex 91.24 7.08 43.82
      vertex 90.52 15.36 43.82
    endloop
  endfacet
  facet normal -0 0 1
    outer loop
      vertex 90.52 7.08 43.82
      vertex 127.76 0 43.82
      vertex 91.24 7.08 43.82
    endloop
  endfacet
  facet normal -0 0 1
    outer loop
      vertex 82.24 7.08 43.82
      vertex 127.76 0 43.82
      vertex 90.52 7.08 43.82
    endloop
  endfacet
  facet normal 0 0 1
    outer loop
      vertex 82.24 69.36 43.82
      vertex 81.52 70.08 43.82
      vertex 81.52 69.36 43.82
    endloop
  endfacet
  facet normal 0 0 1
    outer loop
      vertex 82.24 61.08 43.82
      vertex 81.52 61.08 43.82
      vertex 82.24 60.36 43.82
    endloop
  endfacet
  facet normal 0 0 1
    outer loop
      vertex 81.52 52.08 43.82
      vertex 82.24 52.08 43.82
      vertex 81.52 60.36 43.82
    endloop
  endfacet
  facet normal 0 0 1
    outer loop
      vertex 82.24 51.36 43.82
      vertex 81.52 51.36 43.82
      vertex 82.24 43.08 43.82
    endloop
  endfacet
  facet normal 0 0 1
    outer loop
      vertex 81.52 42.36 43.82
      vertex 82.24 42.36 43.82
      vertex 81.52 43.08 43.82
    endloop
  endfacet
  facet normal 0 0 1
    outer loop
      vertex 82.24 33.36 43.82
      vertex 81.52 33.36 43.82
      vertex 82.24 25.08 43.82
    endloop
  endfacet
  facet normal 0 0 1
    outer loop
      vertex 81.52 25.08 43.82
      vertex 82.24 25.08 43.82
      vertex 81.52 33.36 43.82
    endloop
  endfacet
  facet normal 0 0 1
    outer loop
      vertex 82.24 25.08 43.82
      vertex 81.52 25.08 43.82
      vertex 82.24 24.36 43.82
    endloop
  endfacet
  facet normal 0 0 1
    outer loop
      vertex 81.52 24.36 43.82
      vertex 82.24 24.36 43.82
      vertex 81.52 25.08 43.82
    endloop
  endfacet
  facet normal 0 0 1
    outer loop
      vertex 82.24 24.36 43.82
      vertex 81.52 24.36 43.82
      vertex 82.24 16.08 43.82
    endloop
  endfacet
  facet normal 0 0 1
    outer loop
      vertex 81.52 16.08 43.82
      vertex 82.24 16.08 43.82
      vertex 81.52 24.36 43.82
    endloop
  endfacet
  facet normal 0 0 1
    outer loop
      vertex 82.24 16.08 43.82
      vertex 81.52 16.08 43.82
      vertex 82.24 15.36 43.82
    endloop
  endfacet
  facet normal 0 0 1
    outer loop
      vertex 81.52 15.36 43.82
      vertex 82.24 15.36 43.82
      vertex 81.52 16.08 43.82
    endloop
  endfacet
  facet normal 0 0 1
    outer loop
      vertex 82.24 15.36 43.82
      vertex 81.52 15.36 43.82
      vertex 82.24 7.08 43.82
    endloop
  endfacet
  facet normal 0 0 1
    outer loop
      vertex 81.52 7.08 43.82
      vertex 82.24 7.08 43.82
      vertex 81.52 15.36 43.82
    endloop
  endfacet
  facet normal -0 0 1
    outer loop
      vertex 81.52 7.08 43.82
      vertex 127.76 0 43.82
      vertex 82.24 7.08 43.82
    endloop
  endfacet
  facet normal -0 0 1
    outer loop
      vertex 73.24 7.08 43.82
      vertex 127.76 0 43.82
      vertex 81.52 7.08 43.82
    endloop
  endfacet
  facet normal 0 0 1
    outer loop
      vertex 73.24 69.36 43.82
      vertex 72.52 70.08 43.82
      vertex 72.52 69.36 43.82
    endloop
  endfacet
  facet normal 0 0 1
    outer loop
      vertex 73.24 61.08 43.82
      vertex 72.52 61.08 43.82
      vertex 73.24 60.36 43.82
    endloop
  endfacet
  facet normal 0 0 1
    outer loop
      vertex 72.52 52.08 43.82
      vertex 73.24 52.08 43.82
      vertex 72.52 60.36 43.82
    endloop
  endfacet
  facet normal 0 0 1
    outer loop
      vertex 73.24 51.36 43.82
      vertex 72.52 51.36 43.82
      vertex 73.24 43.08 43.82
    endloop
  endfacet
  facet normal 0 0 1
    outer loop
      vertex 72.52 42.36 43.82
      vertex 73.24 42.36 43.82
      vertex 72.52 43.08 43.82
    endloop
  endfacet
  facet normal 0 0 1
    outer loop
      vertex 73.24 33.36 43.82
      vertex 72.52 33.36 43.82
      vertex 73.24 25.08 43.82
    endloop
  endfacet
  facet normal 0 0 1
    outer loop
      vertex 72.52 25.08 43.82
      vertex 73.24 25.08 43.82
      vertex 72.52 33.36 43.82
    endloop
  endfacet
  facet normal 0 0 1
    outer loop
      vertex 73.24 25.08 43.82
      vertex 72.52 25.08 43.82
      vertex 73.24 24.36 43.82
    endloop
  endfacet
  facet normal 0 0 1
    outer loop
      vertex 72.52 24.36 43.82
      vertex 73.24 24.36 43.82
      vertex 72.52 25.08 43.82
    endloop
  endfacet
  facet normal 0 0 1
    outer loop
      vertex 73.24 24.36 43.82
      vertex 72.52 24.36 43.82
      vertex 73.24 16.08 43.82
    endloop
  endfacet
  facet normal 0 0 1
    outer loop
      vertex 72.52 16.08 43.82
      vertex 73.24 16.08 43.82
      vertex 72.52 24.36 43.82
    endloop
  endfacet
  facet normal 0 0 1
    outer loop
      vertex 73.24 16.08 43.82
      vertex 72.52 16.08 43.82
      vertex 73.24 15.36 43.82
    endloop
  endfacet
  facet normal 0 0 1
    outer loop
      vertex 72.52 15.36 43.82
      vertex 73.24 15.36 43.82
      vertex 72.52 16.08 43.82
    endloop
  endfacet
  facet normal 0 0 1
    outer loop
      vertex 73.24 15.36 43.82
      vertex 72.52 15.36 43.82
      vertex 73.24 7.08 43.82
    endloop
  endfacet
  facet normal 0 0 1
    outer loop
      vertex 72.52 7.08 43.82
      vertex 73.24 7.08 43.82
      vertex 72.52 15.36 43.82
    endloop
  endfacet
  facet normal -0 0 1
    outer loop
      vertex 72.52 7.08 43.82
      vertex 127.76 0 43.82
      vertex 73.24 7.08 43.82
    endloop
  endfacet
  facet normal -0 0 1
    outer loop
      vertex 64.24 7.08 43.82
      vertex 127.76 0 43.82
      vertex 72.52 7.08 43.82
    endloop
  endfacet
  facet normal 0 0 1
    outer loop
      vertex 64.24 69.36 43.82
      vertex 63.52 70.08 43.82
      vertex 63.52 69.36 43.82
    endloop
  endfacet
  facet normal 0 0 1
    outer loop
      vertex 64.24 61.08 43.82
      vertex 63.52 61.08 43.82
      vertex 64.24 60.36 43.82
    endloop
  endfacet
  facet normal 0 0 1
    outer loop
      vertex 63.52 52.08 43.82
      vertex 64.24 52.08 43.82
      vertex 63.52 60.36 43.82
    endloop
  endfacet
  facet normal 0 0 1
    outer loop
      vertex 64.24 51.36 43.82
      vertex 63.52 51.36 43.82
      vertex 64.24 43.08 43.82
    endloop
  endfacet
  facet normal 0 0 1
    outer loop
      vertex 63.52 42.36 43.82
      vertex 64.24 42.36 43.82
      vertex 63.52 43.08 43.82
    endloop
  endfacet
  facet normal 0 0 1
    outer loop
      vertex 64.24 33.36 43.82
      vertex 63.52 33.36 43.82
      vertex 64.24 25.08 43.82
    endloop
  endfacet
  facet normal 0 0 1
    outer loop
      vertex 63.52 25.08 43.82
      vertex 64.24 25.08 43.82
      vertex 63.52 33.36 43.82
    endloop
  endfacet
  facet normal 0 0 1
    outer loop
      vertex 64.24 25.08 43.82
      vertex 63.52 25.08 43.82
      vertex 64.24 24.36 43.82
    endloop
  endfacet
  facet normal 0 0 1
    outer loop
      vertex 63.52 24.36 43.82
      vertex 64.24 24.36 43.82
      vertex 63.52 25.08 43.82
    endloop
  endfacet
  facet normal 0 0 1
    outer loop
      vertex 64.24 24.36 43.82
      vertex 63.52 24.36 43.82
      vertex 64.24 16.08 43.82
    endloop
  endfacet
  facet normal 0 0 1
    outer loop
      vertex 63.52 16.08 43.82
      vertex 64.24 16.08 43.82
      vertex 63.52 24.36 43.82
    endloop
  endfacet
  facet normal 0 0 1
    outer loop
      vertex 64.24 16.08 43.82
      vertex 63.52 16.08 43.82
      vertex 64.24 15.36 43.82
    endloop
  endfacet
  facet normal 0 0 1
    outer loop
      vertex 63.52 15.36 43.82
      vertex 64.24 15.36 43.82
      vertex 63.52 16.08 43.82
    endloop
  endfacet
  facet normal 0 0 1
    outer loop
      vertex 64.24 15.36 43.82
      vertex 63.52 15.36 43.82
      vertex 64.24 7.08 43.82
    endloop
  endfacet
  facet normal 0 0 1
    outer loop
      vertex 63.52 7.08 43.82
      vertex 64.24 7.08 43.82
      vertex 63.52 15.36 43.82
    endloop
  endfacet
  facet normal -0 0 1
    outer loop
      vertex 63.52 7.08 43.82
      vertex 127.76 0 43.82
      vertex 64.24 7.08 43.82
    endloop
  endfacet
  facet normal 0 0 1
    outer loop
      vertex 0 0 43.82
      vertex 63.52 7.08 43.82
      vertex 55.24 7.08 43.82
    endloop
  endfacet
  facet normal 0 0 1
    outer loop
      vertex 55.24 69.36 43.82
      vertex 54.52 70.08 43.82
      vertex 54.52 69.36 43.82
    endloop
  endfacet
  facet normal 0 0 1
    outer loop
      vertex 55.24 61.08 43.82
      vertex 54.52 61.08 43.82
      vertex 55.24 60.36 43.82
    endloop
  endfacet
  facet normal 0 0 1
    outer loop
      vertex 54.52 52.08 43.82
      vertex 55.24 52.08 43.82
      vertex 54.52 60.36 43.82
    endloop
  endfacet
  facet normal 0 0 1
    outer loop
      vertex 55.24 51.36 43.82
      vertex 54.52 51.36 43.82
      vertex 55.24 43.08 43.82
    endloop
  endfacet
  facet normal 0 0 1
    outer loop
      vertex 54.52 42.36 43.82
      vertex 55.24 42.36 43.82
      vertex 54.52 43.08 43.82
    endloop
  endfacet
  facet normal 0 0 1
    outer loop
      vertex 55.24 33.36 43.82
      vertex 54.52 33.36 43.82
      vertex 55.24 25.08 43.82
    endloop
  endfacet
  facet normal 0 0 1
    outer loop
      vertex 54.52 25.08 43.82
      vertex 55.24 25.08 43.82
      vertex 54.52 33.36 43.82
    endloop
  endfacet
  facet normal 0 0 1
    outer loop
      vertex 55.24 25.08 43.82
      vertex 54.52 25.08 43.82
      vertex 55.24 24.36 43.82
    endloop
  endfacet
  facet normal 0 0 1
    outer loop
      vertex 54.52 24.36 43.82
      vertex 55.24 24.36 43.82
      vertex 54.52 25.08 43.82
    endloop
  endfacet
  facet normal 0 0 1
    outer loop
      vertex 55.24 24.36 43.82
      vertex 54.52 24.36 43.82
      vertex 55.24 16.08 43.82
    endloop
  endfacet
  facet normal 0 0 1
    outer loop
      vertex 54.52 16.08 43.82
      vertex 55.24 16.08 43.82
      vertex 54.52 24.36 43.82
    endloop
  endfacet
  facet normal 0 0 1
    outer loop
      vertex 55.24 16.08 43.82
      vertex 54.52 16.08 43.82
      vertex 55.24 15.36 43.82
    endloop
  endfacet
  facet normal 0 0 1
    outer loop
      vertex 54.52 15.36 43.82
      vertex 55.24 15.36 43.82
      vertex 54.52 16.08 43.82
    endloop
  endfacet
  facet normal 0 0 1
    outer loop
      vertex 55.24 15.36 43.82
      vertex 54.52 15.36 43.82
      vertex 55.24 7.08 43.82
    endloop
  endfacet
  facet normal 0 0 1
    outer loop
      vertex 54.52 7.08 43.82
      vertex 55.24 7.08 43.82
      vertex 54.52 15.36 43.82
    endloop
  endfacet
  facet normal 0 0 1
    outer loop
      vertex 0 0 43.82
      vertex 55.24 7.08 43.82
      vertex 54.52 7.08 43.82
    endloop
  endfacet
  facet normal 0 0 1
    outer loop
      vertex 0 0 43.82
      vertex 54.52 7.08 43.82
      vertex 46.24 7.08 43.82
    endloop
  endfacet
  facet normal 0 0 1
    outer loop
      vertex 46.24 69.36 43.82
      vertex 45.52 70.08 43.82
      vertex 45.52 69.36 43.82
    endloop
  endfacet
  facet normal 0 0 1
    outer loop
      vertex 46.24 61.08 43.82
      vertex 45.52 61.08 43.82
      vertex 46.24 60.36 43.82
    endloop
  endfacet
  facet normal 0 0 1
    outer loop
      vertex 45.52 52.08 43.82
      vertex 46.24 52.08 43.82
      vertex 45.52 60.36 43.82
    endloop
  endfacet
  facet normal 0 0 1
    outer loop
      vertex 46.24 51.36 43.82
      vertex 45.52 51.36 43.82
      vertex 46.24 43.08 43.82
    endloop
  endfacet
  facet normal 0 0 1
    outer loop
      vertex 45.52 42.36 43.82
      vertex 46.24 42.36 43.82
      vertex 45.52 43.08 43.82
    endloop
  endfacet
  facet normal 0 0 1
    outer loop
      vertex 46.24 33.36 43.82
      vertex 45.52 33.36 43.82
      vertex 46.24 25.08 43.82
    endloop
  endfacet
  facet normal 0 0 1
    outer loop
      vertex 45.52 25.08 43.82
      vertex 46.24 25.08 43.82
      vertex 45.52 33.36 43.82
    endloop
  endfacet
  facet normal 0 0 1
    outer loop
      vertex 46.24 25.08 43.82
      vertex 45.52 25.08 43.82
      vertex 46.24 24.36 43.82
    endloop
  endfacet
  facet normal 0 0 1
    outer loop
      vertex 45.52 24.36 43.82
      vertex 46.24 24.36 43.82
      vertex 45.52 25.08 43.82
    endloop
  endfacet
  facet normal 0 0 1
    outer loop
      vertex 46.24 24.36 43.82
      vertex 45.52 24.36 43.82
      vertex 46.24 16.08 43.82
    endloop
  endfacet
  facet normal 0 0 1
    outer loop
      vertex 45.52 16.08 43.82
      vertex 46.24 16.08 43.82
      vertex 45.52 24.36 43.82
    endloop
  endfacet
  facet normal 0 0 1
    outer loop
      vertex 46.24 16.08 43.82
      vertex 45.52 16.08 43.82
      vertex 46.24 15.36 43.82
    endloop
  endfacet
  facet normal 0 0 1
    outer loop
      vertex 45.52 15.36 43.82
      vertex 46.24 15.36 43.82
      vertex 45.52 16.08 43.82
    endloop
  endfacet
  facet normal 0 0 1
    outer loop
      vertex 46.24 15.36 43.82
      vertex 45.52 15.36 43.82
      vertex 46.24 7.08 43.82
    endloop
  endfacet
  facet normal 0 0 1
    outer loop
      vertex 45.52 7.08 43.82
      vertex 46.24 7.08 43.82
      vertex 45.52 15.36 43.82
    endloop
  endfacet
  facet normal 0 0 1
    outer loop
      vertex 0 0 43.82
      vertex 46.24 7.08 43.82
      vertex 45.52 7.08 43.82
    endloop
  endfacet
  facet normal 0 0 1
    outer loop
      vertex 0 0 43.82
      vertex 45.52 7.08 43.82
      vertex 37.24 7.08 43.82
    endloop
  endfacet
  facet normal 0 0 1
    outer loop
      vertex 37.24 69.36 43.82
      vertex 36.52 70.08 43.82
      vertex 36.52 69.36 43.82
    endloop
  endfacet
  facet normal 0 0 1
    outer loop
      vertex 37.24 61.08 43.82
      vertex 36.52 61.08 43.82
      vertex 37.24 60.36 43.82
    endloop
  endfacet
  facet normal 0 0 1
    outer loop
      vertex 36.52 52.08 43.82
      vertex 37.24 52.08 43.82
      vertex 36.52 60.36 43.82
    endloop
  endfacet
  facet normal 0 0 1
    outer loop
      vertex 37.24 51.36 43.82
      vertex 36.52 51.36 43.82
      vertex 37.24 43.08 43.82
    endloop
  endfacet
  facet normal 0 0 1
    outer loop
      vertex 36.52 42.36 43.82
      vertex 37.24 42.36 43.82
      vertex 36.52 43.08 43.82
    endloop
  endfacet
  facet normal 0 0 1
    outer loop
      vertex 37.24 33.36 43.82
      vertex 36.52 33.36 43.82
      vertex 37.24 25.08 43.82
    endloop
  endfacet
  facet normal 0 0 1
    outer loop
      vertex 36.52 25.08 43.82
      vertex 37.24 25.08 43.82
      vertex 36.52 33.36 43.82
    endloop
  endfacet
  facet normal 0 0 1
    outer loop
      vertex 37.24 25.08 43.82
      vertex 36.52 25.08 43.82
      vertex 37.24 24.36 43.82
    endloop
  endfacet
  facet normal 0 0 1
    outer loop
      vertex 36.52 24.36 43.82
      vertex 37.24 24.36 43.82
      vertex 36.52 25.08 43.82
    endloop
  endfacet
  facet normal 0 0 1
    outer loop
      vertex 37.24 24.36 43.82
      vertex 36.52 24.36 43.82
      vertex 37.24 16.08 43.82
    endloop
  endfacet
  facet normal 0 0 1
    outer loop
      vertex 36.52 16.08 43.82
      vertex 37.24 16.08 43.82
      vertex 36.52 24.36 43.82
    endloop
  endfacet
  facet normal 0 0 1
    outer loop
      vertex 37.24 16.08 43.82
      vertex 36.52 16.08 43.82
      vertex 37.24 15.36 43.82
    endloop
  endfacet
  facet normal 0 0 1
    outer loop
      vertex 36.52 15.36 43.82
      vertex 37.24 15.36 43.82
      vertex 36.52 16.08 43.82
    endloop
  endfacet
  facet normal 0 0 1
    outer loop
      vertex 37.24 15.36 43.82
      vertex 36.52 15.36 43.82
      vertex 37.24 7.08 43.82
    endloop
  endfacet
  facet normal 0 0 1
    outer loop
      vertex 36.52 7.08 43.82
      vertex 37.24 7.08 43.82
      vertex 36.52 15.36 43.82
    endloop
  endfacet
  facet normal 0 0 1
    outer loop
      vertex 0 0 43.82
      vertex 37.24 7.08 43.82
      vertex 36.52 7.08 43.82
    endloop
  endfacet
  facet normal 0 0 1
    outer loop
      vertex 0 0 43.82
      vertex 36.52 7.08 43.82
      vertex 28.24 7.08 43.82
    endloop
  endfacet
  facet normal 0 0 1
    outer loop
      vertex 28.24 69.36 43.82
      vertex 27.52 70.08 43.82
      vertex 27.52 69.36 43.82
    endloop
  endfacet
  facet normal 0 0 1
    outer loop
      vertex 28.24 61.08 43.82
      vertex 27.52 61.08 43.82
      vertex 28.24 60.36 43.82
    endloop
  endfacet
  facet normal 0 0 1
    outer loop
      vertex 27.52 52.08 43.82
      vertex 28.24 52.08 43.82
      vertex 27.52 60.36 43.82
    endloop
  endfacet
  facet normal 0 0 1
    outer loop
      vertex 28.24 51.36 43.82
      vertex 27.52 51.36 43.82
      vertex 28.24 43.08 43.82
    endloop
  endfacet
  facet normal 0 0 1
    outer loop
      vertex 27.52 42.36 43.82
      vertex 28.24 42.36 43.82
      vertex 27.52 43.08 43.82
    endloop
  endfacet
  facet normal 0 0 1
    outer loop
      vertex 28.24 33.36 43.82
      vertex 27.52 33.36 43.82
      vertex 28.24 25.08 43.82
    endloop
  endfacet
  facet normal 0 0 1
    outer loop
      vertex 27.52 25.08 43.82
      vertex 28.24 25.08 43.82
      vertex 27.52 33.36 43.82
    endloop
  endfacet
  facet normal 0 0 1
    outer loop
      vertex 28.24 25.08 43.82
      vertex 27.52 25.08 43.82
      vertex 28.24 24.36 43.82
    endloop
  endfacet
  facet normal 0 0 1
    outer loop
      vertex 27.52 24.36 43.82
      vertex 28.24 24.36 43.82
      vertex 27.52 25.08 43.82
    endloop
  endfacet
  facet normal 0 0 1
    outer loop
      vertex 28.24 24.36 43.82
      vertex 27.52 24.36 43.82
      vertex 28.24 16.08 43.82
    endloop
  endfacet
  facet normal 0 0 1
    outer loop
      vertex 27.52 16.08 43.82
      vertex 28.24 16.08 43.82
      vertex 27.52 24.36 43.82
    endloop
  endfacet
  facet normal 0 0 1
    outer loop
      vertex 28.24 16.08 43.82
      vertex 27.52 16.08 43.82
      vertex 28.24 15.36 43.82
    endloop
  endfacet
  facet normal 0 0 1
    outer loop
      vertex 27.52 15.36 43.82
      vertex 28.24 15.36 43.82
      vertex 27.52 16.08 43.82
    endloop
  endfacet
  facet normal 0 0 1
    outer loop
      vertex 28.24 15.36 43.82
      vertex 27.52 15.36 43.82
      vertex 28.24 7.08 43.82
    endloop
  endfacet
  facet normal 0 0 1
    outer loop
      vertex 27.52 7.08 43.82
      vertex 28.24 7.08 43.82
      vertex 27.52 15.36 43.82
    endloop
  endfacet
  facet normal 0 0 1
    outer loop
      vertex 0 0 43.82
      vertex 28.24 7.08 43.82
      vertex 27.52 7.08 43.82
    endloop
  endfacet
  facet normal 0 0 1
    outer loop
      vertex 0 0 43.82
      vertex 27.52 7.08 43.82
      vertex 19.24 7.08 43.82
    endloop
  endfacet
  facet normal 0 0 1
    outer loop
      vertex 19.24 69.36 43.82
      vertex 18.52 70.08 43.82
      vertex 18.52 69.36 43.82
    endloop
  endfacet
  facet normal 0 0 1
    outer loop
      vertex 19.24 61.08 43.82
      vertex 18.52 61.08 43.82
      vertex 19.24 60.36 43.82
    endloop
  endfacet
  facet normal 0 0 1
    outer loop
      vertex 18.52 52.08 43.82
      vertex 19.24 52.08 43.82
      vertex 18.52 60.36 43.82
    endloop
  endfacet
  facet normal 0 0 1
    outer loop
      vertex 19.24 51.36 43.82
      vertex 18.52 51.36 43.82
      vertex 19.24 43.08 43.82
    endloop
  endfacet
  facet normal 0 0 1
    outer loop
      vertex 18.52 42.36 43.82
      vertex 19.24 42.36 43.82
      vertex 18.52 43.08 43.82
    endloop
  endfacet
  facet normal 0 0 1
    outer loop
      vertex 19.24 33.36 43.82
      vertex 18.52 33.36 43.82
      vertex 19.24 25.08 43.82
    endloop
  endfacet
  facet normal 0 0 1
    outer loop
      vertex 18.52 25.08 43.82
      vertex 19.24 25.08 43.82
      vertex 18.52 33.36 43.82
    endloop
  endfacet
  facet normal 0 0 1
    outer loop
      vertex 19.24 25.08 43.82
      vertex 18.52 25.08 43.82
      vertex 19.24 24.36 43.82
    endloop
  endfacet
  facet normal 0 0 1
    outer loop
      vertex 18.52 24.36 43.82
      vertex 19.24 24.36 43.82
      vertex 18.52 25.08 43.82
    endloop
  endfacet
  facet normal 0 0 1
    outer loop
      vertex 19.24 24.36 43.82
      vertex 18.52 24.36 43.82
      vertex 19.24 16.08 43.82
    endloop
  endfacet
  facet normal 0 0 1
    outer loop
      vertex 18.52 16.08 43.82
      vertex 19.24 16.08 43.82
      vertex 18.52 24.36 43.82
    endloop
  endfacet
  facet normal 0 0 1
    outer loop
      vertex 19.24 16.08 43.82
      vertex 18.52 16.08 43.82
      vertex 19.24 15.36 43.82
    endloop
  endfacet
  facet normal 0 0 1
    outer loop
      vertex 18.52 15.36 43.82
      vertex 19.24 15.36 43.82
      vertex 18.52 16.08 43.82
    endloop
  endfacet
  facet normal 0 0 1
    outer loop
      vertex 19.24 15.36 43.82
      vertex 18.52 15.36 43.82
      vertex 19.24 7.08 43.82
    endloop
  endfacet
  facet normal 0 0 1
    outer loop
      vertex 18.52 7.08 43.82
      vertex 19.24 7.08 43.82
      vertex 18.52 15.36 43.82
    endloop
  endfacet
  facet normal 0 0 1
    outer loop
      vertex 0 0 43.82
      vertex 19.24 7.08 43.82
      vertex 18.52 7.08 43.82
    endloop
  endfacet
  facet normal 0 0 1
    outer loop
      vertex 0 0 43.82
      vertex 18.52 7.08 43.82
      vertex 10.24 7.08 43.82
    endloop
  endfacet
  facet normal 0 0 1
    outer loop
      vertex 63.52 7.08 43.82
      vertex 0 0 43.82
      vertex 127.76 0 43.82
    endloop
  endfacet
  facet normal 0 0 1
    outer loop
      vertex 10.24 15.36 43.82
      vertex 0 0 43.82
      vertex 10.24 7.08 43.82
    endloop
  endfacet
  facet normal 1 -0 0
    outer loop
      vertex 127.76 0 43.82
      vertex 127.76 85.47 0
      vertex 127.76 85.47 43.82
    endloop
  endfacet
  facet normal 1 0 0
    outer loop
      vertex 127.76 85.47 0
      vertex 127.76 0 43.82
      vertex 127.76 0 0
    endloop
  endfacet
  facet normal 0 1 -0
    outer loop
      vertex 127.76 85.47 0
      vertex 0 85.47 43.82
      vertex 127.76 85.47 43.82
    endloop
  endfacet
  facet normal 0 1 0
    outer loop
      vertex 0 85.47 43.82
      vertex 127.76 85.47 0
      vertex 0 85.47 0
    endloop
  endfacet
  facet normal 0 0 -1
    outer loop
      vertex 0 0 0
      vertex 127.76 85.47 0
      vertex 127.76 0 0
    endloop
  endfacet
  facet normal -0 0 -1
    outer loop
      vertex 127.76 85.47 0
      vertex 0 0 0
      vertex 0 85.47 0
    endloop
  endfacet
  facet normal 0 -1 0
    outer loop
      vertex 0 0 0
      vertex 127.76 0 43.82
      vertex 0 0 43.82
    endloop
  endfacet
  facet normal 0 -1 -0
    outer loop
      vertex 127.76 0 43.82
      vertex 0 0 0
      vertex 127.76 0 0
    endloop
  endfacet
  facet normal 1 -0 0
    outer loop
      vertex 10.24 70.08 43.82
      vertex 10.24 78.36 1.4
      vertex 10.24 78.36 43.82
    endloop
  endfacet
  facet normal 1 0 0
    outer loop
      vertex 10.24 78.36 1.4
      vertex 10.24 70.08 43.82
      vertex 10.24 70.08 1.4
    endloop
  endfacet
  facet normal -1 0 0
    outer loop
      vertex 18.52 70.08 1.4
      vertex 18.52 78.36 43.82
      vertex 18.52 78.36 1.4
    endloop
  endfacet
  facet normal -1 -0 0
    outer loop
      vertex 18.52 78.36 43.82
      vertex 18.52 70.08 1.4
      vertex 18.52 70.08 43.82
    endloop
  endfacet
  facet normal -0 0 1
    outer loop
      vertex 10.24 78.36 1.4
      vertex 18.52 70.08 1.4
      vertex 18.52 78.36 1.4
    endloop
  endfacet
  facet normal 0 0 1
    outer loop
      vertex 18.52 70.08 1.4
      vertex 10.24 78.36 1.4
      vertex 10.24 70.08 1.4
    endloop
  endfacet
  facet normal 0 1 -0
    outer loop
      vertex 18.52 70.08 1.4
      vertex 10.24 70.08 43.82
      vertex 18.52 70.08 43.82
    endloop
  endfacet
  facet normal 0 1 0
    outer loop
      vertex 10.24 70.08 43.82
      vertex 18.52 70.08 1.4
      vertex 10.24 70.08 1.4
    endloop
  endfacet
  facet normal 0 -1 0
    outer loop
      vertex 10.24 78.36 1.4
      vertex 18.52 78.36 43.82
      vertex 10.24 78.36 43.82
    endloop
  endfacet
  facet normal 0 -1 -0
    outer loop
      vertex 18.52 78.36 43.82
      vertex 10.24 78.36 1.4
      vertex 18.52 78.36 1.4
    endloop
  endfacet
  facet normal 1 -0 0
    outer loop
      vertex 10.24 61.08 43.82
      vertex 10.24 69.36 1.4
      vertex 10.24 69.36 43.82
    endloop
  endfacet
  facet normal 1 0 0
    outer loop
      vertex 10.24 69.36 1.4
      vertex 10.24 61.08 43.82
      vertex 10.24 61.08 1.4
    endloop
  endfacet
  facet normal -1 0 0
    outer loop
      vertex 18.52 61.08 1.4
      vertex 18.52 69.36 43.82
      vertex 18.52 69.36 1.4
    endloop
  endfacet
  facet normal -1 -0 0
    outer loop
      vertex 18.52 69.36 43.82
      vertex 18.52 61.08 1.4
      vertex 18.52 61.08 43.82
    endloop
  endfacet
  facet normal -0 0 1
    outer loop
      vertex 10.24 69.36 1.4
      vertex 18.52 61.08 1.4
      vertex 18.52 69.36 1.4
    endloop
  endfacet
  facet normal 0 0 1
    outer loop
      vertex 18.52 61.08 1.4
      vertex 10.24 69.36 1.4
      vertex 10.24 61.08 1.4
    endloop
  endfacet
  facet normal 0 1 -0
    outer loop
      vertex 18.52 61.08 1.4
      vertex 10.24 61.08 43.82
      vertex 18.52 61.08 43.82
    endloop
  endfacet
  facet normal 0 1 0
    outer loop
      vertex 10.24 61.08 43.82
      vertex 18.52 61.08 1.4
      vertex 10.24 61.08 1.4
    endloop
  endfacet
  facet normal 0 -1 0
    outer loop
      vertex 10.24 69.36 1.4
      vertex 18.52 69.36 43.82
      vertex 10.24 69.36 43.82
    endloop
  endfacet
  facet normal 0 -1 -0
    outer loop
      vertex 18.52 69.36 43.82
      vertex 10.24 69.36 1.4
      vertex 18.52 69.36 1.4
    endloop
  endfacet
  facet normal 1 -0 0
    outer loop
      vertex 10.24 52.08 43.82
      vertex 10.24 60.36 1.4
      vertex 10.24 60.36 43.82
    endloop
  endfacet
  facet normal 1 0 0
    outer loop
      vertex 10.24 60.36 1.4
      vertex 10.24 52.08 43.82
      vertex 10.24 52.08 1.4
    endloop
  endfacet
  facet normal -1 0 0
    outer loop
      vertex 18.52 52.08 1.4
      vertex 18.52 60.36 43.82
      vertex 18.52 60.36 1.4
    endloop
  endfacet
  facet normal -1 -0 0
    outer loop
      vertex 18.52 60.36 43.82
      vertex 18.52 52.08 1.4
      vertex 18.52 52.08 43.82
    endloop
  endfacet
  facet normal -0 0 1
    outer loop
      vertex 10.24 60.36 1.4
      vertex 18.52 52.08 1.4
      vertex 18.52 60.36 1.4
    endloop
  endfacet
  facet normal 0 0 1
    outer loop
      vertex 18.52 52.08 1.4
      vertex 10.24 60.36 1.4
      vertex 10.24 52.08 1.4
    endloop
  endfacet
  facet normal 0 1 -0
    outer loop
      vertex 18.52 52.08 1.4
      vertex 10.24 52.08 43.82
      vertex 18.52 52.08 43.82
    endloop
  endfacet
  facet normal 0 1 0
    outer loop
      vertex 10.24 52.08 43.82
      vertex 18.52 52.08 1.4
      vertex 10.24 52.08 1.4
    endloop
  endfacet
  facet normal 0 -1 0
    outer loop
      vertex 10.24 60.36 1.4
      vertex 18.52 60.36 43.82
      vertex 10.24 60.36 43.82
    endloop
  endfacet
  facet normal 0 -1 -0
    outer loop
      vertex 18.52 60.36 43.82
      vertex 10.24 60.36 1.4
      vertex 18.52 60.36 1.4
    endloop
  endfacet
  facet normal 1 -0 0
    outer loop
      vertex 10.24 43.08 43.82
      vertex 10.24 51.36 1.4
      vertex 10.24 51.36 43.82
    endloop
  endfacet
  facet normal 1 0 0
    outer loop
      vertex 10.24 51.36 1.4
      vertex 10.24 43.08 43.82
      vertex 10.24 43.08 1.4
    endloop
  endfacet
  facet normal -1 0 0
    outer loop
      vertex 18.52 43.08 1.4
      vertex 18.52 51.36 43.82
      vertex 18.52 51.36 1.4
    endloop
  endfacet
  facet normal -1 -0 0
    outer loop
      vertex 18.52 51.36 43.82
      vertex 18.52 43.08 1.4
      vertex 18.52 43.08 43.82
    endloop
  endfacet
  facet normal 0 -1 0
    outer loop
      vertex 10.24 51.36 1.4
      vertex 18.52 51.36 43.82
      vertex 10.24 51.36 43.82
    endloop
  endfacet
  facet normal 0 -1 -0
    outer loop
      vertex 18.52 51.36 43.82
      vertex 10.24 51.36 1.4
      vertex 18.52 51.36 1.4
    endloop
  endfacet
  facet normal -0 0 1
    outer loop
      vertex 10.24 51.36 1.4
      vertex 18.52 43.08 1.4
      vertex 18.52 51.36 1.4
    endloop
  endfacet
  facet normal 0 0 1
    outer loop
      vertex 18.52 43.08 1.4
      vertex 10.24 51.36 1.4
      vertex 10.24 43.08 1.4
    endloop
  endfacet
  facet normal 0 1 -0
    outer loop
      vertex 18.52 43.08 1.4
      vertex 10.24 43.08 43.82
      vertex 18.52 43.08 43.82
    endloop
  endfacet
  facet normal 0 1 0
    outer loop
      vertex 10.24 43.08 43.82
      vertex 18.52 43.08 1.4
      vertex 10.24 43.08 1.4
    endloop
  endfacet
  facet normal 1 -0 0
    outer loop
      vertex 10.24 34.08 43.82
      vertex 10.24 42.36 1.4
      vertex 10.24 42.36 43.82
    endloop
  endfacet
  facet normal 1 0 0
    outer loop
      vertex 10.24 42.36 1.4
      vertex 10.24 34.08 43.82
      vertex 10.24 34.08 1.4
    endloop
  endfacet
  facet normal -1 0 0
    outer loop
      vertex 18.52 34.08 1.4
      vertex 18.52 42.36 43.82
      vertex 18.52 42.36 1.4
    endloop
  endfacet
  facet normal -1 -0 0
    outer loop
      vertex 18.52 42.36 43.82
      vertex 18.52 34.08 1.4
      vertex 18.52 34.08 43.82
    endloop
  endfacet
  facet normal -0 0 1
    outer loop
      vertex 10.24 42.36 1.4
      vertex 18.52 34.08 1.4
      vertex 18.52 42.36 1.4
    endloop
  endfacet
  facet normal 0 0 1
    outer loop
      vertex 18.52 34.08 1.4
      vertex 10.24 42.36 1.4
      vertex 10.24 34.08 1.4
    endloop
  endfacet
  facet normal 0 1 -0
    outer loop
      vertex 18.52 34.08 1.4
      vertex 10.24 34.08 43.82
      vertex 18.52 34.08 43.82
    endloop
  endfacet
  facet normal 0 1 0
    outer loop
      vertex 10.24 34.08 43.82
      vertex 18.52 34.08 1.4
      vertex 10.24 34.08 1.4
    endloop
  endfacet
  facet normal 0 -1 0
    outer loop
      vertex 10.24 42.36 1.4
      vertex 18.52 42.36 43.82
      vertex 10.24 42.36 43.82
    endloop
  endfacet
  facet normal 0 -1 -0
    outer loop
      vertex 18.52 42.36 43.82
      vertex 10.24 42.36 1.4
      vertex 18.52 42.36 1.4
    endloop
  endfacet
  facet normal 1 -0 0
    outer loop
      vertex 10.24 25.08 43.82
      vertex 10.24 33.36 1.4
      vertex 10.24 33.36 43.82
    endloop
  endfacet
  facet normal 1 0 0
    outer loop
      vertex 10.24 33.36 1.4
      vertex 10.24 25.08 43.82
      vertex 10.24 25.08 1.4
    endloop
  endfacet
  facet normal -1 0 0
    outer loop
      vertex 18.52 25.08 1.4
      vertex 18.52 33.36 43.82
      vertex 18.52 33.36 1.4
    endloop
  endfacet
  facet normal -1 -0 0
    outer loop
      vertex 18.52 33.36 43.82
      vertex 18.52 25.08 1.4
      vertex 18.52 25.08 43.82
    endloop
  endfacet
  facet normal 0 -1 0
    outer loop
      vertex 10.24 33.36 1.4
      vertex 18.52 33.36 43.82
      vertex 10.24 33.36 43.82
    endloop
  endfacet
  facet normal 0 -1 -0
    outer loop
      vertex 18.52 33.36 43.82
      vertex 10.24 33.36 1.4
      vertex 18.52 33.36 1.4
    endloop
  endfacet
  facet normal -0 0 1
    outer loop
      vertex 10.24 33.36 1.4
      vertex 18.52 25.08 1.4
      vertex 18.52 33.36 1.4
    endloop
  endfacet
  facet normal 0 0 1
    outer loop
      vertex 18.52 25.08 1.4
      vertex 10.24 33.36 1.4
      vertex 10.24 25.08 1.4
    endloop
  endfacet
  facet normal 0 1 -0
    outer loop
      vertex 18.52 25.08 1.4
      vertex 10.24 25.08 43.82
      vertex 18.52 25.08 43.82
    endloop
  endfacet
  facet normal 0 1 0
    outer loop
      vertex 10.24 25.08 43.82
      vertex 18.52 25.08 1.4
      vertex 10.24 25.08 1.4
    endloop
  endfacet
  facet normal 1 -0 0
    outer loop
      vertex 10.24 16.08 43.82
      vertex 10.24 24.36 1.4
      vertex 10.24 24.36 43.82
    endloop
  endfacet
  facet normal 1 0 0
    outer loop
      vertex 10.24 24.36 1.4
      vertex 10.24 16.08 43.82
      vertex 10.24 16.08 1.4
    endloop
  endfacet
  facet normal -1 0 0
    outer loop
      vertex 18.52 16.08 1.4
      vertex 18.52 24.36 43.82
      vertex 18.52 24.36 1.4
    endloop
  endfacet
  facet normal -1 -0 0
    outer loop
      vertex 18.52 24.36 43.82
      vertex 18.52 16.08 1.4
      vertex 18.52 16.08 43.82
    endloop
  endfacet
  facet normal -0 0 1
    outer loop
      vertex 10.24 24.36 1.4
      vertex 18.52 16.08 1.4
      vertex 18.52 24.36 1.4
    endloop
  endfacet
  facet normal 0 0 1
    outer loop
      vertex 18.52 16.08 1.4
      vertex 10.24 24.36 1.4
      vertex 10.24 16.08 1.4
    endloop
  endfacet
  facet normal 0 1 -0
    outer loop
      vertex 18.52 16.08 1.4
      vertex 10.24 16.08 43.82
      vertex 18.52 16.08 43.82
    endloop
  endfacet
  facet normal 0 1 0
    outer loop
      vertex 10.24 16.08 43.82
      vertex 18.52 16.08 1.4
      vertex 10.24 16.08 1.4
    endloop
  endfacet
  facet normal 0 -1 0
    outer loop
      vertex 10.24 24.36 1.4
      vertex 18.52 24.36 43.82
      vertex 10.24 24.36 43.82
    endloop
  endfacet
  facet normal 0 -1 -0
    outer loop
      vertex 18.52 24.36 43.82
      vertex 10.24 24.36 1.4
      vertex 18.52 24.36 1.4
    endloop
  endfacet
  facet normal 1 -0 0
    outer loop
      vertex 10.24 7.08 43.82
      vertex 10.24 15.36 1.4
      vertex 10.24 15.36 43.82
    endloop
  endfacet
  facet normal 1 0 0
    outer loop
      vertex 10.24 15.36 1.4
      vertex 10.24 7.08 43.82
      vertex 10.24 7.08 1.4
    endloop
  endfacet
  facet normal -1 0 0
    outer loop
      vertex 18.52 7.08 1.4
      vertex 18.52 15.36 43.82
      vertex 18.52 15.36 1.4
    endloop
  endfacet
  facet normal -1 -0 0
    outer loop
      vertex 18.52 15.36 43.82
      vertex 18.52 7.08 1.4
      vertex 18.52 7.08 43.82
    endloop
  endfacet
  facet normal 0 -1 0
    outer loop
      vertex 10.24 15.36 1.4
      vertex 18.52 15.36 43.82
      vertex 10.24 15.36 43.82
    endloop
  endfacet
  facet normal 0 -1 -0
    outer loop
      vertex 18.52 15.36 43.82
      vertex 10.24 15.36 1.4
      vertex 18.52 15.36 1.4
    endloop
  endfacet
  facet normal -0 0 1
    outer loop
      vertex 10.24 15.36 1.4
      vertex 18.52 7.08 1.4
      vertex 18.52 15.36 1.4
    endloop
  endfacet
  facet normal 0 0 1
    outer loop
      vertex 18.52 7.08 1.4
      vertex 10.24 15.36 1.4
      vertex 10.24 7.08 1.4
    endloop
  endfacet
  facet normal 0 1 -0
    outer loop
      vertex 18.52 7.08 1.4
      vertex 10.24 7.08 43.82
      vertex 18.52 7.08 43.82
    endloop
  endfacet
  facet normal 0 1 0
    outer loop
      vertex 10.24 7.08 43.82
      vertex 18.52 7.08 1.4
      vertex 10.24 7.08 1.4
    endloop
  endfacet
  facet normal 1 -0 0
    outer loop
      vertex 19.24 70.08 43.82
      vertex 19.24 78.36 1.4
      vertex 19.24 78.36 43.82
    endloop
  endfacet
  facet normal 1 0 0
    outer loop
      vertex 19.24 78.36 1.4
      vertex 19.24 70.08 43.82
      vertex 19.24 70.08 1.4
    endloop
  endfacet
  facet normal -1 0 0
    outer loop
      vertex 27.52 70.08 1.4
      vertex 27.52 78.36 43.82
      vertex 27.52 78.36 1.4
    endloop
  endfacet
  facet normal -1 -0 0
    outer loop
      vertex 27.52 78.36 43.82
      vertex 27.52 70.08 1.4
      vertex 27.52 70.08 43.82
    endloop
  endfacet
  facet normal -0 0 1
    outer loop
      vertex 19.24 78.36 1.4
      vertex 27.52 70.08 1.4
      vertex 27.52 78.36 1.4
    endloop
  endfacet
  facet normal 0 0 1
    outer loop
      vertex 27.52 70.08 1.4
      vertex 19.24 78.36 1.4
      vertex 19.24 70.08 1.4
    endloop
  endfacet
  facet normal 0 1 -0
    outer loop
      vertex 27.52 70.08 1.4
      vertex 19.24 70.08 43.82
      vertex 27.52 70.08 43.82
    endloop
  endfacet
  facet normal 0 1 0
    outer loop
      vertex 19.24 70.08 43.82
      vertex 27.52 70.08 1.4
      vertex 19.24 70.08 1.4
    endloop
  endfacet
  facet normal 0 -1 0
    outer loop
      vertex 19.24 78.36 1.4
      vertex 27.52 78.36 43.82
      vertex 19.24 78.36 43.82
    endloop
  endfacet
  facet normal 0 -1 -0
    outer loop
      vertex 27.52 78.36 43.82
      vertex 19.24 78.36 1.4
      vertex 27.52 78.36 1.4
    endloop
  endfacet
  facet normal 1 -0 0
    outer loop
      vertex 19.24 61.08 43.82
      vertex 19.24 69.36 1.4
      vertex 19.24 69.36 43.82
    endloop
  endfacet
  facet normal 1 0 0
    outer loop
      vertex 19.24 69.36 1.4
      vertex 19.24 61.08 43.82
      vertex 19.24 61.08 1.4
    endloop
  endfacet
  facet normal -1 0 0
    outer loop
      vertex 27.52 61.08 1.4
      vertex 27.52 69.36 43.82
      vertex 27.52 69.36 1.4
    endloop
  endfacet
  facet normal -1 -0 0
    outer loop
      vertex 27.52 69.36 43.82
      vertex 27.52 61.08 1.4
      vertex 27.52 61.08 43.82
    endloop
  endfacet
  facet normal -0 0 1
    outer loop
      vertex 19.24 69.36 1.4
      vertex 27.52 61.08 1.4
      vertex 27.52 69.36 1.4
    endloop
  endfacet
  facet normal 0 0 1
    outer loop
      vertex 27.52 61.08 1.4
      vertex 19.24 69.36 1.4
      vertex 19.24 61.08 1.4
    endloop
  endfacet
  facet normal 0 1 -0
    outer loop
      vertex 27.52 61.08 1.4
      vertex 19.24 61.08 43.82
      vertex 27.52 61.08 43.82
    endloop
  endfacet
  facet normal 0 1 0
    outer loop
      vertex 19.24 61.08 43.82
      vertex 27.52 61.08 1.4
      vertex 19.24 61.08 1.4
    endloop
  endfacet
  facet normal 0 -1 0
    outer loop
      vertex 19.24 69.36 1.4
      vertex 27.52 69.36 43.82
      vertex 19.24 69.36 43.82
    endloop
  endfacet
  facet normal 0 -1 -0
    outer loop
      vertex 27.52 69.36 43.82
      vertex 19.24 69.36 1.4
      vertex 27.52 69.36 1.4
    endloop
  endfacet
  facet normal 1 -0 0
    outer loop
      vertex 19.24 52.08 43.82
      vertex 19.24 60.36 1.4
      vertex 19.24 60.36 43.82
    endloop
  endfacet
  facet normal 1 0 0
    outer loop
      vertex 19.24 60.36 1.4
      vertex 19.24 52.08 43.82
      vertex 19.24 52.08 1.4
    endloop
  endfacet
  facet normal -1 0 0
    outer loop
      vertex 27.52 52.08 1.4
      vertex 27.52 60.36 43.82
      vertex 27.52 60.36 1.4
    endloop
  endfacet
  facet normal -1 -0 0
    outer loop
      vertex 27.52 60.36 43.82
      vertex 27.52 52.08 1.4
      vertex 27.52 52.08 43.82
    endloop
  endfacet
  facet normal 0 -1 0
    outer loop
      vertex 19.24 60.36 1.4
      vertex 27.52 60.36 43.82
      vertex 19.24 60.36 43.82
    endloop
  endfacet
  facet normal 0 -1 -0
    outer loop
      vertex 27.52 60.36 43.82
      vertex 19.24 60.36 1.4
      vertex 27.52 60.36 1.4
    endloop
  endfacet
  facet normal -0 0 1
    outer loop
      vertex 19.24 60.36 1.4
      vertex 27.52 52.08 1.4
      vertex 27.52 60.36 1.4
    endloop
  endfacet
  facet normal 0 0 1
    outer loop
      vertex 27.52 52.08 1.4
      vertex 19.24 60.36 1.4
      vertex 19.24 52.08 1.4
    endloop
  endfacet
  facet normal 0 1 -0
    outer loop
      vertex 27.52 52.08 1.4
      vertex 19.24 52.08 43.82
      vertex 27.52 52.08 43.82
    endloop
  endfacet
  facet normal 0 1 0
    outer loop
      vertex 19.24 52.08 43.82
      vertex 27.52 52.08 1.4
      vertex 19.24 52.08 1.4
    endloop
  endfacet
  facet normal 1 -0 0
    outer loop
      vertex 19.24 43.08 43.82
      vertex 19.24 51.36 1.4
      vertex 19.24 51.36 43.82
    endloop
  endfacet
  facet normal 1 0 0
    outer loop
      vertex 19.24 51.36 1.4
      vertex 19.24 43.08 43.82
      vertex 19.24 43.08 1.4
    endloop
  endfacet
  facet normal -1 0 0
    outer loop
      vertex 27.52 43.08 1.4
      vertex 27.52 51.36 43.82
      vertex 27.52 51.36 1.4
    endloop
  endfacet
  facet normal -1 -0 0
    outer loop
      vertex 27.52 51.36 43.82
      vertex 27.52 43.08 1.4
      vertex 27.52 43.08 43.82
    endloop
  endfacet
  facet normal 0 -1 0
    outer loop
      vertex 19.24 51.36 1.4
      vertex 27.52 51.36 43.82
      vertex 19.24 51.36 43.82
    endloop
  endfacet
  facet normal 0 -1 -0
    outer loop
      vertex 27.52 51.36 43.82
      vertex 19.24 51.36 1.4
      vertex 27.52 51.36 1.4
    endloop
  endfacet
  facet normal -0 0 1
    outer loop
      vertex 19.24 51.36 1.4
      vertex 27.52 43.08 1.4
      vertex 27.52 51.36 1.4
    endloop
  endfacet
  facet normal 0 0 1
    outer loop
      vertex 27.52 43.08 1.4
      vertex 19.24 51.36 1.4
      vertex 19.24 43.08 1.4
    endloop
  endfacet
  facet normal 0 1 -0
    outer loop
      vertex 27.52 43.08 1.4
      vertex 19.24 43.08 43.82
      vertex 27.52 43.08 43.82
    endloop
  endfacet
  facet normal 0 1 0
    outer loop
      vertex 19.24 43.08 43.82
      vertex 27.52 43.08 1.4
      vertex 19.24 43.08 1.4
    endloop
  endfacet
  facet normal 1 -0 0
    outer loop
      vertex 19.24 34.08 43.82
      vertex 19.24 42.36 1.4
      vertex 19.24 42.36 43.82
    endloop
  endfacet
  facet normal 1 0 0
    outer loop
      vertex 19.24 42.36 1.4
      vertex 19.24 34.08 43.82
      vertex 19.24 34.08 1.4
    endloop
  endfacet
  facet normal -1 0 0
    outer loop
      vertex 27.52 34.08 1.4
      vertex 27.52 42.36 43.82
      vertex 27.52 42.36 1.4
    endloop
  endfacet
  facet normal -1 -0 0
    outer loop
      vertex 27.52 42.36 43.82
      vertex 27.52 34.08 1.4
      vertex 27.52 34.08 43.82
    endloop
  endfacet
  facet normal 0 -1 0
    outer loop
      vertex 19.24 42.36 1.4
      vertex 27.52 42.36 43.82
      vertex 19.24 42.36 43.82
    endloop
  endfacet
  facet normal 0 -1 -0
    outer loop
      vertex 27.52 42.36 43.82
      vertex 19.24 42.36 1.4
      vertex 27.52 42.36 1.4
    endloop
  endfacet
  facet normal -0 0 1
    outer loop
      vertex 19.24 42.36 1.4
      vertex 27.52 34.08 1.4
      vertex 27.52 42.36 1.4
    endloop
  endfacet
  facet normal 0 0 1
    outer loop
      vertex 27.52 34.08 1.4
      vertex 19.24 42.36 1.4
      vertex 19.24 34.08 1.4
    endloop
  endfacet
  facet normal 0 1 -0
    outer loop
      vertex 27.52 34.08 1.4
      vertex 19.24 34.08 43.82
      vertex 27.52 34.08 43.82
    endloop
  endfacet
  facet normal 0 1 0
    outer loop
      vertex 19.24 34.08 43.82
      vertex 27.52 34.08 1.4
      vertex 19.24 34.08 1.4
    endloop
  endfacet
  facet normal 1 -0 0
    outer loop
      vertex 19.24 25.08 43.82
      vertex 19.24 33.36 1.4
      vertex 19.24 33.36 43.82
    endloop
  endfacet
  facet normal 1 0 0
    outer loop
      vertex 19.24 33.36 1.4
      vertex 19.24 25.08 43.82
      vertex 19.24 25.08 1.4
    endloop
  endfacet
  facet normal -1 0 0
    outer loop
      vertex 27.52 25.08 1.4
      vertex 27.52 33.36 43.82
      vertex 27.52 33.36 1.4
    endloop
  endfacet
  facet normal -1 -0 0
    outer loop
      vertex 27.52 33.36 43.82
      vertex 27.52 25.08 1.4
      vertex 27.52 25.08 43.82
    endloop
  endfacet
  facet normal -0 0 1
    outer loop
      vertex 19.24 33.36 1.4
      vertex 27.52 25.08 1.4
      vertex 27.52 33.36 1.4
    endloop
  endfacet
  facet normal 0 0 1
    outer loop
      vertex 27.52 25.08 1.4
      vertex 19.24 33.36 1.4
      vertex 19.24 25.08 1.4
    endloop
  endfacet
  facet normal 0 1 -0
    outer loop
      vertex 27.52 25.08 1.4
      vertex 19.24 25.08 43.82
      vertex 27.52 25.08 43.82
    endloop
  endfacet
  facet normal 0 1 0
    outer loop
      vertex 19.24 25.08 43.82
      vertex 27.52 25.08 1.4
      vertex 19.24 25.08 1.4
    endloop
  endfacet
  facet normal 0 -1 0
    outer loop
      vertex 19.24 33.36 1.4
      vertex 27.52 33.36 43.82
      vertex 19.24 33.36 43.82
    endloop
  endfacet
  facet normal 0 -1 -0
    outer loop
      vertex 27.52 33.36 43.82
      vertex 19.24 33.36 1.4
      vertex 27.52 33.36 1.4
    endloop
  endfacet
  facet normal 1 -0 0
    outer loop
      vertex 19.24 16.08 43.82
      vertex 19.24 24.36 1.4
      vertex 19.24 24.36 43.82
    endloop
  endfacet
  facet normal 1 0 0
    outer loop
      vertex 19.24 24.36 1.4
      vertex 19.24 16.08 43.82
      vertex 19.24 16.08 1.4
    endloop
  endfacet
  facet normal -1 0 0
    outer loop
      vertex 27.52 16.08 1.4
      vertex 27.52 24.36 43.82
      vertex 27.52 24.36 1.4
    endloop
  endfacet
  facet normal -1 -0 0
    outer loop
      vertex 27.52 24.36 43.82
      vertex 27.52 16.08 1.4
      vertex 27.52 16.08 43.82
    endloop
  endfacet
  facet normal 0 -1 0
    outer loop
      vertex 19.24 24.36 1.4
      vertex 27.52 24.36 43.82
      vertex 19.24 24.36 43.82
    endloop
  endfacet
  facet normal 0 -1 -0
    outer loop
      vertex 27.52 24.36 43.82
      vertex 19.24 24.36 1.4
      vertex 27.52 24.36 1.4
    endloop
  endfacet
  facet normal -0 0 1
    outer loop
      vertex 19.24 24.36 1.4
      vertex 27.52 16.08 1.4
      vertex 27.52 24.36 1.4
    endloop
  endfacet
  facet normal 0 0 1
    outer loop
      vertex 27.52 16.08 1.4
      vertex 19.24 24.36 1.4
      vertex 19.24 16.08 1.4
    endloop
  endfacet
  facet normal 0 1 -0
    outer loop
      vertex 27.52 16.08 1.4
      vertex 19.24 16.08 43.82
      vertex 27.52 16.08 43.82
    endloop
  endfacet
  facet normal 0 1 0
    outer loop
      vertex 19.24 16.08 43.82
      vertex 27.52 16.08 1.4
      vertex 19.24 16.08 1.4
    endloop
  endfacet
  facet normal 1 -0 0
    outer loop
      vertex 19.24 7.08 43.82
      vertex 19.24 15.36 1.4
      vertex 19.24 15.36 43.82
    endloop
  endfacet
  facet normal 1 0 0
    outer loop
      vertex 19.24 15.36 1.4
      vertex 19.24 7.08 43.82
      vertex 19.24 7.08 1.4
    endloop
  endfacet
  facet normal -1 0 0
    outer loop
      vertex 27.52 7.08 1.4
      vertex 27.52 15.36 43.82
      vertex 27.52 15.36 1.4
    endloop
  endfacet
  facet normal -1 -0 0
    outer loop
      vertex 27.52 15.36 43.82
      vertex 27.52 7.08 1.4
      vertex 27.52 7.08 43.82
    endloop
  endfacet
  facet normal -0 0 1
    outer loop
      vertex 19.24 15.36 1.4
      vertex 27.52 7.08 1.4
      vertex 27.52 15.36 1.4
    endloop
  endfacet
  facet normal 0 0 1
    outer loop
      vertex 27.52 7.08 1.4
      vertex 19.24 15.36 1.4
      vertex 19.24 7.08 1.4
    endloop
  endfacet
  facet normal 0 1 -0
    outer loop
      vertex 27.52 7.08 1.4
      vertex 19.24 7.08 43.82
      vertex 27.52 7.08 43.82
    endloop
  endfacet
  facet normal 0 1 0
    outer loop
      vertex 19.24 7.08 43.82
      vertex 27.52 7.08 1.4
      vertex 19.24 7.08 1.4
    endloop
  endfacet
  facet normal 0 -1 0
    outer loop
      vertex 19.24 15.36 1.4
      vertex 27.52 15.36 43.82
      vertex 19.24 15.36 43.82
    endloop
  endfacet
  facet normal 0 -1 -0
    outer loop
      vertex 27.52 15.36 43.82
      vertex 19.24 15.36 1.4
      vertex 27.52 15.36 1.4
    endloop
  endfacet
  facet normal 1 -0 0
    outer loop
      vertex 28.24 70.08 43.82
      vertex 28.24 78.36 1.4
      vertex 28.24 78.36 43.82
    endloop
  endfacet
  facet normal 1 0 0
    outer loop
      vertex 28.24 78.36 1.4
      vertex 28.24 70.08 43.82
      vertex 28.24 70.08 1.4
    endloop
  endfacet
  facet normal -1 0 0
    outer loop
      vertex 36.52 70.08 1.4
      vertex 36.52 78.36 43.82
      vertex 36.52 78.36 1.4
    endloop
  endfacet
  facet normal -1 -0 0
    outer loop
      vertex 36.52 78.36 43.82
      vertex 36.52 70.08 1.4
      vertex 36.52 70.08 43.82
    endloop
  endfacet
  facet normal -0 0 1
    outer loop
      vertex 28.24 78.36 1.4
      vertex 36.52 70.08 1.4
      vertex 36.52 78.36 1.4
    endloop
  endfacet
  facet normal 0 0 1
    outer loop
      vertex 36.52 70.08 1.4
      vertex 28.24 78.36 1.4
      vertex 28.24 70.08 1.4
    endloop
  endfacet
  facet normal 0 1 -0
    outer loop
      vertex 36.52 70.08 1.4
      vertex 28.24 70.08 43.82
      vertex 36.52 70.08 43.82
    endloop
  endfacet
  facet normal 0 1 0
    outer loop
      vertex 28.24 70.08 43.82
      vertex 36.52 70.08 1.4
      vertex 28.24 70.08 1.4
    endloop
  endfacet
  facet normal 0 -1 0
    outer loop
      vertex 28.24 78.36 1.4
      vertex 36.52 78.36 43.82
      vertex 28.24 78.36 43.82
    endloop
  endfacet
  facet normal 0 -1 -0
    outer loop
      vertex 36.52 78.36 43.82
      vertex 28.24 78.36 1.4
      vertex 36.52 78.36 1.4
    endloop
  endfacet
  facet normal 1 -0 0
    outer loop
      vertex 28.24 61.08 43.82
      vertex 28.24 69.36 1.4
      vertex 28.24 69.36 43.82
    endloop
  endfacet
  facet normal 1 0 0
    outer loop
      vertex 28.24 69.36 1.4
      vertex 28.24 61.08 43.82
      vertex 28.24 61.08 1.4
    endloop
  endfacet
  facet normal -1 0 0
    outer loop
      vertex 36.52 61.08 1.4
      vertex 36.52 69.36 43.82
      vertex 36.52 69.36 1.4
    endloop
  endfacet
  facet normal -1 -0 0
    outer loop
      vertex 36.52 69.36 43.82
      vertex 36.52 61.08 1.4
      vertex 36.52 61.08 43.82
    endloop
  endfacet
  facet normal -0 0 1
    outer loop
      vertex 28.24 69.36 1.4
      vertex 36.52 61.08 1.4
      vertex 36.52 69.36 1.4
    endloop
  endfacet
  facet normal 0 0 1
    outer loop
      vertex 36.52 61.08 1.4
      vertex 28.24 69.36 1.4
      vertex 28.24 61.08 1.4
    endloop
  endfacet
  facet normal 0 1 -0
    outer loop
      vertex 36.52 61.08 1.4
      vertex 28.24 61.08 43.82
      vertex 36.52 61.08 43.82
    endloop
  endfacet
  facet normal 0 1 0
    outer loop
      vertex 28.24 61.08 43.82
      vertex 36.52 61.08 1.4
      vertex 28.24 61.08 1.4
    endloop
  endfacet
  facet normal 0 -1 0
    outer loop
      vertex 28.24 69.36 1.4
      vertex 36.52 69.36 43.82
      vertex 28.24 69.36 43.82
    endloop
  endfacet
  facet normal 0 -1 -0
    outer loop
      vertex 36.52 69.36 43.82
      vertex 28.24 69.36 1.4
      vertex 36.52 69.36 1.4
    endloop
  endfacet
  facet normal 1 -0 0
    outer loop
      vertex 28.24 52.08 43.82
      vertex 28.24 60.36 1.4
      vertex 28.24 60.36 43.82
    endloop
  endfacet
  facet normal 1 0 0
    outer loop
      vertex 28.24 60.36 1.4
      vertex 28.24 52.08 43.82
      vertex 28.24 52.08 1.4
    endloop
  endfacet
  facet normal -1 0 0
    outer loop
      vertex 36.52 52.08 1.4
      vertex 36.52 60.36 43.82
      vertex 36.52 60.36 1.4
    endloop
  endfacet
  facet normal -1 -0 0
    outer loop
      vertex 36.52 60.36 43.82
      vertex 36.52 52.08 1.4
      vertex 36.52 52.08 43.82
    endloop
  endfacet
  facet normal -0 0 1
    outer loop
      vertex 28.24 60.36 1.4
      vertex 36.52 52.08 1.4
      vertex 36.52 60.36 1.4
    endloop
  endfacet
  facet normal 0 0 1
    outer loop
      vertex 36.52 52.08 1.4
      vertex 28.24 60.36 1.4
      vertex 28.24 52.08 1.4
    endloop
  endfacet
  facet normal 0 1 -0
    outer loop
      vertex 36.52 52.08 1.4
      vertex 28.24 52.08 43.82
      vertex 36.52 52.08 43.82
    endloop
  endfacet
  facet normal 0 1 0
    outer loop
      vertex 28.24 52.08 43.82
      vertex 36.52 52.08 1.4
      vertex 28.24 52.08 1.4
    endloop
  endfacet
  facet normal 0 -1 0
    outer loop
      vertex 28.24 60.36 1.4
      vertex 36.52 60.36 43.82
      vertex 28.24 60.36 43.82
    endloop
  endfacet
  facet normal 0 -1 -0
    outer loop
      vertex 36.52 60.36 43.82
      vertex 28.24 60.36 1.4
      vertex 36.52 60.36 1.4
    endloop
  endfacet
  facet normal 1 -0 0
    outer loop
      vertex 28.24 43.08 43.82
      vertex 28.24 51.36 1.4
      vertex 28.24 51.36 43.82
    endloop
  endfacet
  facet normal 1 0 0
    outer loop
      vertex 28.24 51.36 1.4
      vertex 28.24 43.08 43.82
      vertex 28.24 43.08 1.4
    endloop
  endfacet
  facet normal -1 0 0
    outer loop
      vertex 36.52 43.08 1.4
      vertex 36.52 51.36 43.82
      vertex 36.52 51.36 1.4
    endloop
  endfacet
  facet normal -1 -0 0
    outer loop
      vertex 36.52 51.36 43.82
      vertex 36.52 43.08 1.4
      vertex 36.52 43.08 43.82
    endloop
  endfacet
  facet normal 0 -1 0
    outer loop
      vertex 28.24 51.36 1.4
      vertex 36.52 51.36 43.82
      vertex 28.24 51.36 43.82
    endloop
  endfacet
  facet normal 0 -1 -0
    outer loop
      vertex 36.52 51.36 43.82
      vertex 28.24 51.36 1.4
      vertex 36.52 51.36 1.4
    endloop
  endfacet
  facet normal -0 0 1
    outer loop
      vertex 28.24 51.36 1.4
      vertex 36.52 43.08 1.4
      vertex 36.52 51.36 1.4
    endloop
  endfacet
  facet normal 0 0 1
    outer loop
      vertex 36.52 43.08 1.4
      vertex 28.24 51.36 1.4
      vertex 28.24 43.08 1.4
    endloop
  endfacet
  facet normal 0 1 -0
    outer loop
      vertex 36.52 43.08 1.4
      vertex 28.24 43.08 43.82
      vertex 36.52 43.08 43.82
    endloop
  endfacet
  facet normal 0 1 0
    outer loop
      vertex 28.24 43.08 43.82
      vertex 36.52 43.08 1.4
      vertex 28.24 43.08 1.4
    endloop
  endfacet
  facet normal 1 -0 0
    outer loop
      vertex 28.24 34.08 43.82
      vertex 28.24 42.36 1.4
      vertex 28.24 42.36 43.82
    endloop
  endfacet
  facet normal 1 0 0
    outer loop
      vertex 28.24 42.36 1.4
      vertex 28.24 34.08 43.82
      vertex 28.24 34.08 1.4
    endloop
  endfacet
  facet normal -1 0 0
    outer loop
      vertex 36.52 34.08 1.4
      vertex 36.52 42.36 43.82
      vertex 36.52 42.36 1.4
    endloop
  endfacet
  facet normal -1 -0 0
    outer loop
      vertex 36.52 42.36 43.82
      vertex 36.52 34.08 1.4
      vertex 36.52 34.08 43.82
    endloop
  endfacet
  facet normal -0 0 1
    outer loop
      vertex 28.24 42.36 1.4
      vertex 36.52 34.08 1.4
      vertex 36.52 42.36 1.4
    endloop
  endfacet
  facet normal 0 0 1
    outer loop
      vertex 36.52 34.08 1.4
      vertex 28.24 42.36 1.4
      vertex 28.24 34.08 1.4
    endloop
  endfacet
  facet normal 0 1 -0
    outer loop
      vertex 36.52 34.08 1.4
      vertex 28.24 34.08 43.82
      vertex 36.52 34.08 43.82
    endloop
  endfacet
  facet normal 0 1 0
    outer loop
      vertex 28.24 34.08 43.82
      vertex 36.52 34.08 1.4
      vertex 28.24 34.08 1.4
    endloop
  endfacet
  facet normal 0 -1 0
    outer loop
      vertex 28.24 42.36 1.4
      vertex 36.52 42.36 43.82
      vertex 28.24 42.36 43.82
    endloop
  endfacet
  facet normal 0 -1 -0
    outer loop
      vertex 36.52 42.36 43.82
      vertex 28.24 42.36 1.4
      vertex 36.52 42.36 1.4
    endloop
  endfacet
  facet normal 1 -0 0
    outer loop
      vertex 28.24 25.08 43.82
      vertex 28.24 33.36 1.4
      vertex 28.24 33.36 43.82
    endloop
  endfacet
  facet normal 1 0 0
    outer loop
      vertex 28.24 33.36 1.4
      vertex 28.24 25.08 43.82
      vertex 28.24 25.08 1.4
    endloop
  endfacet
  facet normal -1 0 0
    outer loop
      vertex 36.52 25.08 1.4
      vertex 36.52 33.36 43.82
      vertex 36.52 33.36 1.4
    endloop
  endfacet
  facet normal -1 -0 0
    outer loop
      vertex 36.52 33.36 43.82
      vertex 36.52 25.08 1.4
      vertex 36.52 25.08 43.82
    endloop
  endfacet
  facet normal -0 0 1
    outer loop
      vertex 28.24 33.36 1.4
      vertex 36.52 25.08 1.4
      vertex 36.52 33.36 1.4
    endloop
  endfacet
  facet normal 0 0 1
    outer loop
      vertex 36.52 25.08 1.4
      vertex 28.24 33.36 1.4
      vertex 28.24 25.08 1.4
    endloop
  endfacet
  facet normal 0 1 -0
    outer loop
      vertex 36.52 25.08 1.4
      vertex 28.24 25.08 43.82
      vertex 36.52 25.08 43.82
    endloop
  endfacet
  facet normal 0 1 0
    outer loop
      vertex 28.24 25.08 43.82
      vertex 36.52 25.08 1.4
      vertex 28.24 25.08 1.4
    endloop
  endfacet
  facet normal 0 -1 0
    outer loop
      vertex 28.24 33.36 1.4
      vertex 36.52 33.36 43.82
      vertex 28.24 33.36 43.82
    endloop
  endfacet
  facet normal 0 -1 -0
    outer loop
      vertex 36.52 33.36 43.82
      vertex 28.24 33.36 1.4
      vertex 36.52 33.36 1.4
    endloop
  endfacet
  facet normal 1 -0 0
    outer loop
      vertex 28.24 16.08 43.82
      vertex 28.24 24.36 1.4
      vertex 28.24 24.36 43.82
    endloop
  endfacet
  facet normal 1 0 0
    outer loop
      vertex 28.24 24.36 1.4
      vertex 28.24 16.08 43.82
      vertex 28.24 16.08 1.4
    endloop
  endfacet
  facet normal -1 0 0
    outer loop
      vertex 36.52 16.08 1.4
      vertex 36.52 24.36 43.82
      vertex 36.52 24.36 1.4
    endloop
  endfacet
  facet normal -1 -0 0
    outer loop
      vertex 36.52 24.36 43.82
      vertex 36.52 16.08 1.4
      vertex 36.52 16.08 43.82
    endloop
  endfacet
  facet normal 0 -1 0
    outer loop
      vertex 28.24 24.36 1.4
      vertex 36.52 24.36 43.82
      vertex 28.24 24.36 43.82
    endloop
  endfacet
  facet normal 0 -1 -0
    outer loop
      vertex 36.52 24.36 43.82
      vertex 28.24 24.36 1.4
      vertex 36.52 24.36 1.4
    endloop
  endfacet
  facet normal -0 0 1
    outer loop
      vertex 28.24 24.36 1.4
      vertex 36.52 16.08 1.4
      vertex 36.52 24.36 1.4
    endloop
  endfacet
  facet normal 0 0 1
    outer loop
      vertex 36.52 16.08 1.4
      vertex 28.24 24.36 1.4
      vertex 28.24 16.08 1.4
    endloop
  endfacet
  facet normal 0 1 -0
    outer loop
      vertex 36.52 16.08 1.4
      vertex 28.24 16.08 43.82
      vertex 36.52 16.08 43.82
    endloop
  endfacet
  facet normal 0 1 0
    outer loop
      vertex 28.24 16.08 43.82
      vertex 36.52 16.08 1.4
      vertex 28.24 16.08 1.4
    endloop
  endfacet
  facet normal 1 -0 0
    outer loop
      vertex 28.24 7.08 43.82
      vertex 28.24 15.36 1.4
      vertex 28.24 15.36 43.82
    endloop
  endfacet
  facet normal 1 0 0
    outer loop
      vertex 28.24 15.36 1.4
      vertex 28.24 7.08 43.82
      vertex 28.24 7.08 1.4
    endloop
  endfacet
  facet normal -1 0 0
    outer loop
      vertex 36.52 7.08 1.4
      vertex 36.52 15.36 43.82
      vertex 36.52 15.36 1.4
    endloop
  endfacet
  facet normal -1 -0 0
    outer loop
      vertex 36.52 15.36 43.82
      vertex 36.52 7.08 1.4
      vertex 36.52 7.08 43.82
    endloop
  endfacet
  facet normal 0 -1 0
    outer loop
      vertex 28.24 15.36 1.4
      vertex 36.52 15.36 43.82
      vertex 28.24 15.36 43.82
    endloop
  endfacet
  facet normal 0 -1 -0
    outer loop
      vertex 36.52 15.36 43.82
      vertex 28.24 15.36 1.4
      vertex 36.52 15.36 1.4
    endloop
  endfacet
  facet normal -0 0 1
    outer loop
      vertex 28.24 15.36 1.4
      vertex 36.52 7.08 1.4
      vertex 36.52 15.36 1.4
    endloop
  endfacet
  facet normal 0 0 1
    outer loop
      vertex 36.52 7.08 1.4
      vertex 28.24 15.36 1.4
      vertex 28.24 7.08 1.4
    endloop
  endfacet
  facet normal 0 1 -0
    outer loop
      vertex 36.52 7.08 1.4
      vertex 28.24 7.08 43.82
      vertex 36.52 7.08 43.82
    endloop
  endfacet
  facet normal 0 1 0
    outer loop
      vertex 28.24 7.08 43.82
      vertex 36.52 7.08 1.4
      vertex 28.24 7.08 1.4
    endloop
  endfacet
  facet normal 1 -0 0
    outer loop
      vertex 37.24 70.08 43.82
      vertex 37.24 78.36 1.4
      vertex 37.24 78.36 43.82
    endloop
  endfacet
  facet normal 1 0 0
    outer loop
      vertex 37.24 78.36 1.4
      vertex 37.24 70.08 43.82
      vertex 37.24 70.08 1.4
    endloop
  endfacet
  facet normal -1 0 0
    outer loop
      vertex 45.52 70.08 1.4
      vertex 45.52 78.36 43.82
      vertex 45.52 78.36 1.4
    endloop
  endfacet
  facet normal -1 -0 0
    outer loop
      vertex 45.52 78.36 43.82
      vertex 45.52 70.08 1.4
      vertex 45.52 70.08 43.82
    endloop
  endfacet
  facet normal 0 -1 0
    outer loop
      vertex 37.24 78.36 1.4
      vertex 45.52 78.36 43.82
      vertex 37.24 78.36 43.82
    endloop
  endfacet
  facet normal 0 -1 -0
    outer loop
      vertex 45.52 78.36 43.82
      vertex 37.24 78.36 1.4
      vertex 45.52 78.36 1.4
    endloop
  endfacet
  facet normal -0 0 1
    outer loop
      vertex 37.24 78.36 1.4
      vertex 45.52 70.08 1.4
      vertex 45.52 78.36 1.4
    endloop
  endfacet
  facet normal 0 0 1
    outer loop
      vertex 45.52 70.08 1.4
      vertex 37.24 78.36 1.4
      vertex 37.24 70.08 1.4
    endloop
  endfacet
  facet normal 0 1 -0
    outer loop
      vertex 45.52 70.08 1.4
      vertex 37.24 70.08 43.82
      vertex 45.52 70.08 43.82
    endloop
  endfacet
  facet normal 0 1 0
    outer loop
      vertex 37.24 70.08 43.82
      vertex 45.52 70.08 1.4
      vertex 37.24 70.08 1.4
    endloop
  endfacet
  facet normal 1 -0 0
    outer loop
      vertex 37.24 61.08 43.82
      vertex 37.24 69.36 1.4
      vertex 37.24 69.36 43.82
    endloop
  endfacet
  facet normal 1 0 0
    outer loop
      vertex 37.24 69.36 1.4
      vertex 37.24 61.08 43.82
      vertex 37.24 61.08 1.4
    endloop
  endfacet
  facet normal -1 0 0
    outer loop
      vertex 45.52 61.08 1.4
      vertex 45.52 69.36 43.82
      vertex 45.52 69.36 1.4
    endloop
  endfacet
  facet normal -1 -0 0
    outer loop
      vertex 45.52 69.36 43.82
      vertex 45.52 61.08 1.4
      vertex 45.52 61.08 43.82
    endloop
  endfacet
  facet normal -0 0 1
    outer loop
      vertex 37.24 69.36 1.4
      vertex 45.52 61.08 1.4
      vertex 45.52 69.36 1.4
    endloop
  endfacet
  facet normal 0 0 1
    outer loop
      vertex 45.52 61.08 1.4
      vertex 37.24 69.36 1.4
      vertex 37.24 61.08 1.4
    endloop
  endfacet
  facet normal 0 1 -0
    outer loop
      vertex 45.52 61.08 1.4
      vertex 37.24 61.08 43.82
      vertex 45.52 61.08 43.82
    endloop
  endfacet
  facet normal 0 1 0
    outer loop
      vertex 37.24 61.08 43.82
      vertex 45.52 61.08 1.4
      vertex 37.24 61.08 1.4
    endloop
  endfacet
  facet normal 0 -1 0
    outer loop
      vertex 37.24 69.36 1.4
      vertex 45.52 69.36 43.82
      vertex 37.24 69.36 43.82
    endloop
  endfacet
  facet normal 0 -1 -0
    outer loop
      vertex 45.52 69.36 43.82
      vertex 37.24 69.36 1.4
      vertex 45.52 69.36 1.4
    endloop
  endfacet
  facet normal 1 -0 0
    outer loop
      vertex 37.24 52.08 43.82
      vertex 37.24 60.36 1.4
      vertex 37.24 60.36 43.82
    endloop
  endfacet
  facet normal 1 0 0
    outer loop
      vertex 37.24 60.36 1.4
      vertex 37.24 52.08 43.82
      vertex 37.24 52.08 1.4
    endloop
  endfacet
  facet normal -1 0 0
    outer loop
      vertex 45.52 52.08 1.4
      vertex 45.52 60.36 43.82
      vertex 45.52 60.36 1.4
    endloop
  endfacet
  facet normal -1 -0 0
    outer loop
      vertex 45.52 60.36 43.82
      vertex 45.52 52.08 1.4
      vertex 45.52 52.08 43.82
    endloop
  endfacet
  facet normal -0 0 1
    outer loop
      vertex 37.24 60.36 1.4
      vertex 45.52 52.08 1.4
      vertex 45.52 60.36 1.4
    endloop
  endfacet
  facet normal 0 0 1
    outer loop
      vertex 45.52 52.08 1.4
      vertex 37.24 60.36 1.4
      vertex 37.24 52.08 1.4
    endloop
  endfacet
  facet normal 0 1 -0
    outer loop
      vertex 45.52 52.08 1.4
      vertex 37.24 52.08 43.82
      vertex 45.52 52.08 43.82
    endloop
  endfacet
  facet normal 0 1 0
    outer loop
      vertex 37.24 52.08 43.82
      vertex 45.52 52.08 1.4
      vertex 37.24 52.08 1.4
    endloop
  endfacet
  facet normal 0 -1 0
    outer loop
      vertex 37.24 60.36 1.4
      vertex 45.52 60.36 43.82
      vertex 37.24 60.36 43.82
    endloop
  endfacet
  facet normal 0 -1 -0
    outer loop
      vertex 45.52 60.36 43.82
      vertex 37.24 60.36 1.4
      vertex 45.52 60.36 1.4
    endloop
  endfacet
  facet normal 1 -0 0
    outer loop
      vertex 37.24 43.08 43.82
      vertex 37.24 51.36 1.4
      vertex 37.24 51.36 43.82
    endloop
  endfacet
  facet normal 1 0 0
    outer loop
      vertex 37.24 51.36 1.4
      vertex 37.24 43.08 43.82
      vertex 37.24 43.08 1.4
    endloop
  endfacet
  facet normal -1 0 0
    outer loop
      vertex 45.52 43.08 1.4
      vertex 45.52 51.36 43.82
      vertex 45.52 51.36 1.4
    endloop
  endfacet
  facet normal -1 -0 0
    outer loop
      vertex 45.52 51.36 43.82
      vertex 45.52 43.08 1.4
      vertex 45.52 43.08 43.82
    endloop
  endfacet
  facet normal -0 0 1
    outer loop
      vertex 37.24 51.36 1.4
      vertex 45.52 43.08 1.4
      vertex 45.52 51.36 1.4
    endloop
  endfacet
  facet normal 0 0 1
    outer loop
      vertex 45.52 43.08 1.4
      vertex 37.24 51.36 1.4
      vertex 37.24 43.08 1.4
    endloop
  endfacet
  facet normal 0 1 -0
    outer loop
      vertex 45.52 43.08 1.4
      vertex 37.24 43.08 43.82
      vertex 45.52 43.08 43.82
    endloop
  endfacet
  facet normal 0 1 0
    outer loop
      vertex 37.24 43.08 43.82
      vertex 45.52 43.08 1.4
      vertex 37.24 43.08 1.4
    endloop
  endfacet
  facet normal 0 -1 0
    outer loop
      vertex 37.24 51.36 1.4
      vertex 45.52 51.36 43.82
      vertex 37.24 51.36 43.82
    endloop
  endfacet
  facet normal 0 -1 -0
    outer loop
      vertex 45.52 51.36 43.82
      vertex 37.24 51.36 1.4
      vertex 45.52 51.36 1.4
    endloop
  endfacet
  facet normal 1 -0 0
    outer loop
      vertex 37.24 34.08 43.82
      vertex 37.24 42.36 1.4
      vertex 37.24 42.36 43.82
    endloop
  endfacet
  facet normal 1 0 0
    outer loop
      vertex 37.24 42.36 1.4
      vertex 37.24 34.08 43.82
      vertex 37.24 34.08 1.4
    endloop
  endfacet
  facet normal -1 0 0
    outer loop
      vertex 45.52 34.08 1.4
      vertex 45.52 42.36 43.82
      vertex 45.52 42.36 1.4
    endloop
  endfacet
  facet normal -1 -0 0
    outer loop
      vertex 45.52 42.36 43.82
      vertex 45.52 34.08 1.4
      vertex 45.52 34.08 43.82
    endloop
  endfacet
  facet normal 0 -1 0
    outer loop
      vertex 37.24 42.36 1.4
      vertex 45.52 42.36 43.82
      vertex 37.24 42.36 43.82
    endloop
  endfacet
  facet normal 0 -1 -0
    outer loop
      vertex 45.52 42.36 43.82
      vertex 37.24 42.36 1.4
      vertex 45.52 42.36 1.4
    endloop
  endfacet
  facet normal -0 0 1
    outer loop
      vertex 37.24 42.36 1.4
      vertex 45.52 34.08 1.4
      vertex 45.52 42.36 1.4
    endloop
  endfacet
  facet normal 0 0 1
    outer loop
      vertex 45.52 34.08 1.4
      vertex 37.24 42.36 1.4
      vertex 37.24 34.08 1.4
    endloop
  endfacet
  facet normal 0 1 -0
    outer loop
      vertex 45.52 34.08 1.4
      vertex 37.24 34.08 43.82
      vertex 45.52 34.08 43.82
    endloop
  endfacet
  facet normal 0 1 0
    outer loop
      vertex 37.24 34.08 43.82
      vertex 45.52 34.08 1.4
      vertex 37.24 34.08 1.4
    endloop
  endfacet
  facet normal 1 -0 0
    outer loop
      vertex 37.24 25.08 43.82
      vertex 37.24 33.36 1.4
      vertex 37.24 33.36 43.82
    endloop
  endfacet
  facet normal 1 0 0
    outer loop
      vertex 37.24 33.36 1.4
      vertex 37.24 25.08 43.82
      vertex 37.24 25.08 1.4
    endloop
  endfacet
  facet normal -1 0 0
    outer loop
      vertex 45.52 25.08 1.4
      vertex 45.52 33.36 43.82
      vertex 45.52 33.36 1.4
    endloop
  endfacet
  facet normal -1 -0 0
    outer loop
      vertex 45.52 33.36 43.82
      vertex 45.52 25.08 1.4
      vertex 45.52 25.08 43.82
    endloop
  endfacet
  facet normal 0 -1 0
    outer loop
      vertex 37.24 33.36 1.4
      vertex 45.52 33.36 43.82
      vertex 37.24 33.36 43.82
    endloop
  endfacet
  facet normal 0 -1 -0
    outer loop
      vertex 45.52 33.36 43.82
      vertex 37.24 33.36 1.4
      vertex 45.52 33.36 1.4
    endloop
  endfacet
  facet normal -0 0 1
    outer loop
      vertex 37.24 33.36 1.4
      vertex 45.52 25.08 1.4
      vertex 45.52 33.36 1.4
    endloop
  endfacet
  facet normal 0 0 1
    outer loop
      vertex 45.52 25.08 1.4
      vertex 37.24 33.36 1.4
      vertex 37.24 25.08 1.4
    endloop
  endfacet
  facet normal 0 1 -0
    outer loop
      vertex 45.52 25.08 1.4
      vertex 37.24 25.08 43.82
      vertex 45.52 25.08 43.82
    endloop
  endfacet
  facet normal 0 1 0
    outer loop
      vertex 37.24 25.08 43.82
      vertex 45.52 25.08 1.4
      vertex 37.24 25.08 1.4
    endloop
  endfacet
  facet normal 1 -0 0
    outer loop
      vertex 37.24 16.08 43.82
      vertex 37.24 24.36 1.4
      vertex 37.24 24.36 43.82
    endloop
  endfacet
  facet normal 1 0 0
    outer loop
      vertex 37.24 24.36 1.4
      vertex 37.24 16.08 43.82
      vertex 37.24 16.08 1.4
    endloop
  endfacet
  facet normal -1 0 0
    outer loop
      vertex 45.52 16.08 1.4
      vertex 45.52 24.36 43.82
      vertex 45.52 24.36 1.4
    endloop
  endfacet
  facet normal -1 -0 0
    outer loop
      vertex 45.52 24.36 43.82
      vertex 45.52 16.08 1.4
      vertex 45.52 16.08 43.82
    endloop
  endfacet
  facet normal 0 -1 0
    outer loop
      vertex 37.24 24.36 1.4
      vertex 45.52 24.36 43.82
      vertex 37.24 24.36 43.82
    endloop
  endfacet
  facet normal 0 -1 -0
    outer loop
      vertex 45.52 24.36 43.82
      vertex 37.24 24.36 1.4
      vertex 45.52 24.36 1.4
    endloop
  endfacet
  facet normal -0 0 1
    outer loop
      vertex 37.24 24.36 1.4
      vertex 45.52 16.08 1.4
      vertex 45.52 24.36 1.4
    endloop
  endfacet
  facet normal 0 0 1
    outer loop
      vertex 45.52 16.08 1.4
      vertex 37.24 24.36 1.4
      vertex 37.24 16.08 1.4
    endloop
  endfacet
  facet normal 0 1 -0
    outer loop
      vertex 45.52 16.08 1.4
      vertex 37.24 16.08 43.82
      vertex 45.52 16.08 43.82
    endloop
  endfacet
  facet normal 0 1 0
    outer loop
      vertex 37.24 16.08 43.82
      vertex 45.52 16.08 1.4
      vertex 37.24 16.08 1.4
    endloop
  endfacet
  facet normal 1 -0 0
    outer loop
      vertex 37.24 7.08 43.82
      vertex 37.24 15.36 1.4
      vertex 37.24 15.36 43.82
    endloop
  endfacet
  facet normal 1 0 0
    outer loop
      vertex 37.24 15.36 1.4
      vertex 37.24 7.08 43.82
      vertex 37.24 7.08 1.4
    endloop
  endfacet
  facet normal -1 0 0
    outer loop
      vertex 45.52 7.08 1.4
      vertex 45.52 15.36 43.82
      vertex 45.52 15.36 1.4
    endloop
  endfacet
  facet normal -1 -0 0
    outer loop
      vertex 45.52 15.36 43.82
      vertex 45.52 7.08 1.4
      vertex 45.52 7.08 43.82
    endloop
  endfacet
  facet normal 0 -1 0
    outer loop
      vertex 37.24 15.36 1.4
      vertex 45.52 15.36 43.82
      vertex 37.24 15.36 43.82
    endloop
  endfacet
  facet normal 0 -1 -0
    outer loop
      vertex 45.52 15.36 43.82
      vertex 37.24 15.36 1.4
      vertex 45.52 15.36 1.4
    endloop
  endfacet
  facet normal -0 0 1
    outer loop
      vertex 37.24 15.36 1.4
      vertex 45.52 7.08 1.4
      vertex 45.52 15.36 1.4
    endloop
  endfacet
  facet normal 0 0 1
    outer loop
      vertex 45.52 7.08 1.4
      vertex 37.24 15.36 1.4
      vertex 37.24 7.08 1.4
    endloop
  endfacet
  facet normal 0 1 -0
    outer loop
      vertex 45.52 7.08 1.4
      vertex 37.24 7.08 43.82
      vertex 45.52 7.08 43.82
    endloop
  endfacet
  facet normal 0 1 0
    outer loop
      vertex 37.24 7.08 43.82
      vertex 45.52 7.08 1.4
      vertex 37.24 7.08 1.4
    endloop
  endfacet
  facet normal 1 -0 0
    outer loop
      vertex 46.24 70.08 43.82
      vertex 46.24 78.36 1.4
      vertex 46.24 78.36 43.82
    endloop
  endfacet
  facet normal 1 0 0
    outer loop
      vertex 46.24 78.36 1.4
      vertex 46.24 70.08 43.82
      vertex 46.24 70.08 1.4
    endloop
  endfacet
  facet normal -1 0 0
    outer loop
      vertex 54.52 70.08 1.4
      vertex 54.52 78.36 43.82
      vertex 54.52 78.36 1.4
    endloop
  endfacet
  facet normal -1 -0 0
    outer loop
      vertex 54.52 78.36 43.82
      vertex 54.52 70.08 1.4
      vertex 54.52 70.08 43.82
    endloop
  endfacet
  facet normal -0 0 1
    outer loop
      vertex 46.24 78.36 1.4
      vertex 54.52 70.08 1.4
      vertex 54.52 78.36 1.4
    endloop
  endfacet
  facet normal 0 0 1
    outer loop
      vertex 54.52 70.08 1.4
      vertex 46.24 78.36 1.4
      vertex 46.24 70.08 1.4
    endloop
  endfacet
  facet normal 0 1 -0
    outer loop
      vertex 54.52 70.08 1.4
      vertex 46.24 70.08 43.82
      vertex 54.52 70.08 43.82
    endloop
  endfacet
  facet normal 0 1 0
    outer loop
      vertex 46.24 70.08 43.82
      vertex 54.52 70.08 1.4
      vertex 46.24 70.08 1.4
    endloop
  endfacet
  facet normal 0 -1 0
    outer loop
      vertex 46.24 78.36 1.4
      vertex 54.52 78.36 43.82
      vertex 46.24 78.36 43.82
    endloop
  endfacet
  facet normal 0 -1 -0
    outer loop
      vertex 54.52 78.36 43.82
      vertex 46.24 78.36 1.4
      vertex 54.52 78.36 1.4
    endloop
  endfacet
  facet normal 1 -0 0
    outer loop
      vertex 46.24 61.08 43.82
      vertex 46.24 69.36 1.4
      vertex 46.24 69.36 43.82
    endloop
  endfacet
  facet normal 1 0 0
    outer loop
      vertex 46.24 69.36 1.4
      vertex 46.24 61.08 43.82
      vertex 46.24 61.08 1.4
    endloop
  endfacet
  facet normal -1 0 0
    outer loop
      vertex 54.52 61.08 1.4
      vertex 54.52 69.36 43.82
      vertex 54.52 69.36 1.4
    endloop
  endfacet
  facet normal -1 -0 0
    outer loop
      vertex 54.52 69.36 43.82
      vertex 54.52 61.08 1.4
      vertex 54.52 61.08 43.82
    endloop
  endfacet
  facet normal 0 -1 0
    outer loop
      vertex 46.24 69.36 1.4
      vertex 54.52 69.36 43.82
      vertex 46.24 69.36 43.82
    endloop
  endfacet
  facet normal 0 -1 -0
    outer loop
      vertex 54.52 69.36 43.82
      vertex 46.24 69.36 1.4
      vertex 54.52 69.36 1.4
    endloop
  endfacet
  facet normal -0 0 1
    outer loop
      vertex 46.24 69.36 1.4
      vertex 54.52 61.08 1.4
      vertex 54.52 69.36 1.4
    endloop
  endfacet
  facet normal 0 0 1
    outer loop
      vertex 54.52 61.08 1.4
      vertex 46.24 69.36 1.4
      vertex 46.24 61.08 1.4
    endloop
  endfacet
  facet normal 0 1 -0
    outer loop
      vertex 54.52 61.08 1.4
      vertex 46.24 61.08 43.82
      vertex 54.52 61.08 43.82
    endloop
  endfacet
  facet normal 0 1 0
    outer loop
      vertex 46.24 61.08 43.82
      vertex 54.52 61.08 1.4
      vertex 46.24 61.08 1.4
    endloop
  endfacet
  facet normal 1 -0 0
    outer loop
      vertex 46.24 52.08 43.82
      vertex 46.24 60.36 1.4
      vertex 46.24 60.36 43.82
    endloop
  endfacet
  facet normal 1 0 0
    outer loop
      vertex 46.24 60.36 1.4
      vertex 46.24 52.08 43.82
      vertex 46.24 52.08 1.4
    endloop
  endfacet
  facet normal -1 0 0
    outer loop
      vertex 54.52 52.08 1.4
      vertex 54.52 60.36 43.82
      vertex 54.52 60.36 1.4
    endloop
  endfacet
  facet normal -1 -0 0
    outer loop
      vertex 54.52 60.36 43.82
      vertex 54.52 52.08 1.4
      vertex 54.52 52.08 43.82
    endloop
  endfacet
  facet normal 0 -1 0
    outer loop
      vertex 46.24 60.36 1.4
      vertex 54.52 60.36 43.82
      vertex 46.24 60.36 43.82
    endloop
  endfacet
  facet normal 0 -1 -0
    outer loop
      vertex 54.52 60.36 43.82
      vertex 46.24 60.36 1.4
      vertex 54.52 60.36 1.4
    endloop
  endfacet
  facet normal -0 0 1
    outer loop
      vertex 46.24 60.36 1.4
      vertex 54.52 52.08 1.4
      vertex 54.52 60.36 1.4
    endloop
  endfacet
  facet normal 0 0 1
    outer loop
      vertex 54.52 52.08 1.4
      vertex 46.24 60.36 1.4
      vertex 46.24 52.08 1.4
    endloop
  endfacet
  facet normal 0 1 -0
    outer loop
      vertex 54.52 52.08 1.4
      vertex 46.24 52.08 43.82
      vertex 54.52 52.08 43.82
    endloop
  endfacet
  facet normal 0 1 0
    outer loop
      vertex 46.24 52.08 43.82
      vertex 54.52 52.08 1.4
      vertex 46.24 52.08 1.4
    endloop
  endfacet
  facet normal 1 -0 0
    outer loop
      vertex 46.24 43.08 43.82
      vertex 46.24 51.36 1.4
      vertex 46.24 51.36 43.82
    endloop
  endfacet
  facet normal 1 0 0
    outer loop
      vertex 46.24 51.36 1.4
      vertex 46.24 43.08 43.82
      vertex 46.24 43.08 1.4
    endloop
  endfacet
  facet normal -1 0 0
    outer loop
      vertex 54.52 43.08 1.4
      vertex 54.52 51.36 43.82
      vertex 54.52 51.36 1.4
    endloop
  endfacet
  facet normal -1 -0 0
    outer loop
      vertex 54.52 51.36 43.82
      vertex 54.52 43.08 1.4
      vertex 54.52 43.08 43.82
    endloop
  endfacet
  facet normal 0 -1 0
    outer loop
      vertex 46.24 51.36 1.4
      vertex 54.52 51.36 43.82
      vertex 46.24 51.36 43.82
    endloop
  endfacet
  facet normal 0 -1 -0
    outer loop
      vertex 54.52 51.36 43.82
      vertex 46.24 51.36 1.4
      vertex 54.52 51.36 1.4
    endloop
  endfacet
  facet normal -0 0 1
    outer loop
      vertex 46.24 51.36 1.4
      vertex 54.52 43.08 1.4
      vertex 54.52 51.36 1.4
    endloop
  endfacet
  facet normal 0 0 1
    outer loop
      vertex 54.52 43.08 1.4
      vertex 46.24 51.36 1.4
      vertex 46.24 43.08 1.4
    endloop
  endfacet
  facet normal 0 1 -0
    outer loop
      vertex 54.52 43.08 1.4
      vertex 46.24 43.08 43.82
      vertex 54.52 43.08 43.82
    endloop
  endfacet
  facet normal 0 1 0
    outer loop
      vertex 46.24 43.08 43.82
      vertex 54.52 43.08 1.4
      vertex 46.24 43.08 1.4
    endloop
  endfacet
  facet normal 1 -0 0
    outer loop
      vertex 46.24 34.08 43.82
      vertex 46.24 42.36 1.4
      vertex 46.24 42.36 43.82
    endloop
  endfacet
  facet normal 1 0 0
    outer loop
      vertex 46.24 42.36 1.4
      vertex 46.24 34.08 43.82
      vertex 46.24 34.08 1.4
    endloop
  endfacet
  facet normal -1 0 0
    outer loop
      vertex 54.52 34.08 1.4
      vertex 54.52 42.36 43.82
      vertex 54.52 42.36 1.4
    endloop
  endfacet
  facet normal -1 -0 0
    outer loop
      vertex 54.52 42.36 43.82
      vertex 54.52 34.08 1.4
      vertex 54.52 34.08 43.82
    endloop
  endfacet
  facet normal -0 0 1
    outer loop
      vertex 46.24 42.36 1.4
      vertex 54.52 34.08 1.4
      vertex 54.52 42.36 1.4
    endloop
  endfacet
  facet normal 0 0 1
    outer loop
      vertex 54.52 34.08 1.4
      vertex 46.24 42.36 1.4
      vertex 46.24 34.08 1.4
    endloop
  endfacet
  facet normal 0 1 -0
    outer loop
      vertex 54.52 34.08 1.4
      vertex 46.24 34.08 43.82
      vertex 54.52 34.08 43.82
    endloop
  endfacet
  facet normal 0 1 0
    outer loop
      vertex 46.24 34.08 43.82
      vertex 54.52 34.08 1.4
      vertex 46.24 34.08 1.4
    endloop
  endfacet
  facet normal 0 -1 0
    outer loop
      vertex 46.24 42.36 1.4
      vertex 54.52 42.36 43.82
      vertex 46.24 42.36 43.82
    endloop
  endfacet
  facet normal 0 -1 -0
    outer loop
      vertex 54.52 42.36 43.82
      vertex 46.24 42.36 1.4
      vertex 54.52 42.36 1.4
    endloop
  endfacet
  facet normal 1 -0 0
    outer loop
      vertex 46.24 25.08 43.82
      vertex 46.24 33.36 1.4
      vertex 46.24 33.36 43.82
    endloop
  endfacet
  facet normal 1 0 0
    outer loop
      vertex 46.24 33.36 1.4
      vertex 46.24 25.08 43.82
      vertex 46.24 25.08 1.4
    endloop
  endfacet
  facet normal -1 0 0
    outer loop
      vertex 54.52 25.08 1.4
      vertex 54.52 33.36 43.82
      vertex 54.52 33.36 1.4
    endloop
  endfacet
  facet normal -1 -0 0
    outer loop
      vertex 54.52 33.36 43.82
      vertex 54.52 25.08 1.4
      vertex 54.52 25.08 43.82
    endloop
  endfacet
  facet normal 0 -1 0
    outer loop
      vertex 46.24 33.36 1.4
      vertex 54.52 33.36 43.82
      vertex 46.24 33.36 43.82
    endloop
  endfacet
  facet normal 0 -1 -0
    outer loop
      vertex 54.52 33.36 43.82
      vertex 46.24 33.36 1.4
      vertex 54.52 33.36 1.4
    endloop
  endfacet
  facet normal -0 0 1
    outer loop
      vertex 46.24 33.36 1.4
      vertex 54.52 25.08 1.4
      vertex 54.52 33.36 1.4
    endloop
  endfacet
  facet normal 0 0 1
    outer loop
      vertex 54.52 25.08 1.4
      vertex 46.24 33.36 1.4
      vertex 46.24 25.08 1.4
    endloop
  endfacet
  facet normal 0 1 -0
    outer loop
      vertex 54.52 25.08 1.4
      vertex 46.24 25.08 43.82
      vertex 54.52 25.08 43.82
    endloop
  endfacet
  facet normal 0 1 0
    outer loop
      vertex 46.24 25.08 43.82
      vertex 54.52 25.08 1.4
      vertex 46.24 25.08 1.4
    endloop
  endfacet
  facet normal 1 -0 0
    outer loop
      vertex 46.24 16.08 43.82
      vertex 46.24 24.36 1.4
      vertex 46.24 24.36 43.82
    endloop
  endfacet
  facet normal 1 0 0
    outer loop
      vertex 46.24 24.36 1.4
      vertex 46.24 16.08 43.82
      vertex 46.24 16.08 1.4
    endloop
  endfacet
  facet normal -1 0 0
    outer loop
      vertex 54.52 16.08 1.4
      vertex 54.52 24.36 43.82
      vertex 54.52 24.36 1.4
    endloop
  endfacet
  facet normal -1 -0 0
    outer loop
      vertex 54.52 24.36 43.82
      vertex 54.52 16.08 1.4
      vertex 54.52 16.08 43.82
    endloop
  endfacet
  facet normal -0 0 1
    outer loop
      vertex 46.24 24.36 1.4
      vertex 54.52 16.08 1.4
      vertex 54.52 24.36 1.4
    endloop
  endfacet
  facet normal 0 0 1
    outer loop
      vertex 54.52 16.08 1.4
      vertex 46.24 24.36 1.4
      vertex 46.24 16.08 1.4
    endloop
  endfacet
  facet normal 0 1 -0
    outer loop
      vertex 54.52 16.08 1.4
      vertex 46.24 16.08 43.82
      vertex 54.52 16.08 43.82
    endloop
  endfacet
  facet normal 0 1 0
    outer loop
      vertex 46.24 16.08 43.82
      vertex 54.52 16.08 1.4
      vertex 46.24 16.08 1.4
    endloop
  endfacet
  facet normal 0 -1 0
    outer loop
      vertex 46.24 24.36 1.4
      vertex 54.52 24.36 43.82
      vertex 46.24 24.36 43.82
    endloop
  endfacet
  facet normal 0 -1 -0
    outer loop
      vertex 54.52 24.36 43.82
      vertex 46.24 24.36 1.4
      vertex 54.52 24.36 1.4
    endloop
  endfacet
  facet normal 1 -0 0
    outer loop
      vertex 46.24 7.08 43.82
      vertex 46.24 15.36 1.4
      vertex 46.24 15.36 43.82
    endloop
  endfacet
  facet normal 1 0 0
    outer loop
      vertex 46.24 15.36 1.4
      vertex 46.24 7.08 43.82
      vertex 46.24 7.08 1.4
    endloop
  endfacet
  facet normal -1 0 0
    outer loop
      vertex 54.52 7.08 1.4
      vertex 54.52 15.36 43.82
      vertex 54.52 15.36 1.4
    endloop
  endfacet
  facet normal -1 -0 0
    outer loop
      vertex 54.52 15.36 43.82
      vertex 54.52 7.08 1.4
      vertex 54.52 7.08 43.82
    endloop
  endfacet
  facet normal 0 -1 0
    outer loop
      vertex 46.24 15.36 1.4
      vertex 54.52 15.36 43.82
      vertex 46.24 15.36 43.82
    endloop
  endfacet
  facet normal 0 -1 -0
    outer loop
      vertex 54.52 15.36 43.82
      vertex 46.24 15.36 1.4
      vertex 54.52 15.36 1.4
    endloop
  endfacet
  facet normal -0 0 1
    outer loop
      vertex 46.24 15.36 1.4
      vertex 54.52 7.08 1.4
      vertex 54.52 15.36 1.4
    endloop
  endfacet
  facet normal 0 0 1
    outer loop
      vertex 54.52 7.08 1.4
      vertex 46.24 15.36 1.4
      vertex 46.24 7.08 1.4
    endloop
  endfacet
  facet normal 0 1 -0
    outer loop
      vertex 54.52 7.08 1.4
      vertex 46.24 7.08 43.82
      vertex 54.52 7.08 43.82
    endloop
  endfacet
  facet normal 0 1 0
    outer loop
      vertex 46.24 7.08 43.82
      vertex 54.52 7.08 1.4
      vertex 46.24 7.08 1.4
    endloop
  endfacet
  facet normal 1 -0 0
    outer loop
      vertex 55.24 70.08 43.82
      vertex 55.24 78.36 1.4
      vertex 55.24 78.36 43.82
    endloop
  endfacet
  facet normal 1 0 0
    outer loop
      vertex 55.24 78.36 1.4
      vertex 55.24 70.08 43.82
      vertex 55.24 70.08 1.4
    endloop
  endfacet
  facet normal -1 0 0
    outer loop
      vertex 63.52 70.08 1.4
      vertex 63.52 78.36 43.82
      vertex 63.52 78.36 1.4
    endloop
  endfacet
  facet normal -1 -0 0
    outer loop
      vertex 63.52 78.36 43.82
      vertex 63.52 70.08 1.4
      vertex 63.52 70.08 43.82
    endloop
  endfacet
  facet normal 0 -1 0
    outer loop
      vertex 55.24 78.36 1.4
      vertex 63.52 78.36 43.82
      vertex 55.24 78.36 43.82
    endloop
  endfacet
  facet normal 0 -1 -0
    outer loop
      vertex 63.52 78.36 43.82
      vertex 55.24 78.36 1.4
      vertex 63.52 78.36 1.4
    endloop
  endfacet
  facet normal -0 0 1
    outer loop
      vertex 55.24 78.36 1.4
      vertex 63.52 70.08 1.4
      vertex 63.52 78.36 1.4
    endloop
  endfacet
  facet normal 0 0 1
    outer loop
      vertex 63.52 70.08 1.4
      vertex 55.24 78.36 1.4
      vertex 55.24 70.08 1.4
    endloop
  endfacet
  facet normal 0 1 -0
    outer loop
      vertex 63.52 70.08 1.4
      vertex 55.24 70.08 43.82
      vertex 63.52 70.08 43.82
    endloop
  endfacet
  facet normal 0 1 0
    outer loop
      vertex 55.24 70.08 43.82
      vertex 63.52 70.08 1.4
      vertex 55.24 70.08 1.4
    endloop
  endfacet
  facet normal 1 -0 0
    outer loop
      vertex 55.24 61.08 43.82
      vertex 55.24 69.36 1.4
      vertex 55.24 69.36 43.82
    endloop
  endfacet
  facet normal 1 0 0
    outer loop
      vertex 55.24 69.36 1.4
      vertex 55.24 61.08 43.82
      vertex 55.24 61.08 1.4
    endloop
  endfacet
  facet normal -1 0 0
    outer loop
      vertex 63.52 61.08 1.4
      vertex 63.52 69.36 43.82
      vertex 63.52 69.36 1.4
    endloop
  endfacet
  facet normal -1 -0 0
    outer loop
      vertex 63.52 69.36 43.82
      vertex 63.52 61.08 1.4
      vertex 63.52 61.08 43.82
    endloop
  endfacet
  facet normal -0 0 1
    outer loop
      vertex 55.24 69.36 1.4
      vertex 63.52 61.08 1.4
      vertex 63.52 69.36 1.4
    endloop
  endfacet
  facet normal 0 0 1
    outer loop
      vertex 63.52 61.08 1.4
      vertex 55.24 69.36 1.4
      vertex 55.24 61.08 1.4
    endloop
  endfacet
  facet normal 0 1 -0
    outer loop
      vertex 63.52 61.08 1.4
      vertex 55.24 61.08 43.82
      vertex 63.52 61.08 43.82
    endloop
  endfacet
  facet normal 0 1 0
    outer loop
      vertex 55.24 61.08 43.82
      vertex 63.52 61.08 1.4
      vertex 55.24 61.08 1.4
    endloop
  endfacet
  facet normal 0 -1 0
    outer loop
      vertex 55.24 69.36 1.4
      vertex 63.52 69.36 43.82
      vertex 55.24 69.36 43.82
    endloop
  endfacet
  facet normal 0 -1 -0
    outer loop
      vertex 63.52 69.36 43.82
      vertex 55.24 69.36 1.4
      vertex 63.52 69.36 1.4
    endloop
  endfacet
  facet normal 1 -0 0
    outer loop
      vertex 55.24 52.08 43.82
      vertex 55.24 60.36 1.4
      vertex 55.24 60.36 43.82
    endloop
  endfacet
  facet normal 1 0 0
    outer loop
      vertex 55.24 60.36 1.4
      vertex 55.24 52.08 43.82
      vertex 55.24 52.08 1.4
    endloop
  endfacet
  facet normal -1 0 0
    outer loop
      vertex 63.52 52.08 1.4
      vertex 63.52 60.36 43.82
      vertex 63.52 60.36 1.4
    endloop
  endfacet
  facet normal -1 -0 0
    outer loop
      vertex 63.52 60.36 43.82
      vertex 63.52 52.08 1.4
      vertex 63.52 52.08 43.82
    endloop
  endfacet
  facet normal 0 -1 0
    outer loop
      vertex 55.24 60.36 1.4
      vertex 63.52 60.36 43.82
      vertex 55.24 60.36 43.82
    endloop
  endfacet
  facet normal 0 -1 -0
    outer loop
      vertex 63.52 60.36 43.82
      vertex 55.24 60.36 1.4
      vertex 63.52 60.36 1.4
    endloop
  endfacet
  facet normal -0 0 1
    outer loop
      vertex 55.24 60.36 1.4
      vertex 63.52 52.08 1.4
      vertex 63.52 60.36 1.4
    endloop
  endfacet
  facet normal 0 0 1
    outer loop
      vertex 63.52 52.08 1.4
      vertex 55.24 60.36 1.4
      vertex 55.24 52.08 1.4
    endloop
  endfacet
  facet normal 0 1 -0
    outer loop
      vertex 63.52 52.08 1.4
      vertex 55.24 52.08 43.82
      vertex 63.52 52.08 43.82
    endloop
  endfacet
  facet normal 0 1 0
    outer loop
      vertex 55.24 52.08 43.82
      vertex 63.52 52.08 1.4
      vertex 55.24 52.08 1.4
    endloop
  endfacet
  facet normal 1 -0 0
    outer loop
      vertex 55.24 43.08 43.82
      vertex 55.24 51.36 1.4
      vertex 55.24 51.36 43.82
    endloop
  endfacet
  facet normal 1 0 0
    outer loop
      vertex 55.24 51.36 1.4
      vertex 55.24 43.08 43.82
      vertex 55.24 43.08 1.4
    endloop
  endfacet
  facet normal -1 0 0
    outer loop
      vertex 63.52 43.08 1.4
      vertex 63.52 51.36 43.82
      vertex 63.52 51.36 1.4
    endloop
  endfacet
  facet normal -1 -0 0
    outer loop
      vertex 63.52 51.36 43.82
      vertex 63.52 43.08 1.4
      vertex 63.52 43.08 43.82
    endloop
  endfacet
  facet normal -0 0 1
    outer loop
      vertex 55.24 51.36 1.4
      vertex 63.52 43.08 1.4
      vertex 63.52 51.36 1.4
    endloop
  endfacet
  facet normal 0 0 1
    outer loop
      vertex 63.52 43.08 1.4
      vertex 55.24 51.36 1.4
      vertex 55.24 43.08 1.4
    endloop
  endfacet
  facet normal 0 1 -0
    outer loop
      vertex 63.52 43.08 1.4
      vertex 55.24 43.08 43.82
      vertex 63.52 43.08 43.82
    endloop
  endfacet
  facet normal 0 1 0
    outer loop
      vertex 55.24 43.08 43.82
      vertex 63.52 43.08 1.4
      vertex 55.24 43.08 1.4
    endloop
  endfacet
  facet normal 0 -1 0
    outer loop
      vertex 55.24 51.36 1.4
      vertex 63.52 51.36 43.82
      vertex 55.24 51.36 43.82
    endloop
  endfacet
  facet normal 0 -1 -0
    outer loop
      vertex 63.52 51.36 43.82
      vertex 55.24 51.36 1.4
      vertex 63.52 51.36 1.4
    endloop
  endfacet
  facet normal 1 -0 0
    outer loop
      vertex 55.24 34.08 43.82
      vertex 55.24 42.36 1.4
      vertex 55.24 42.36 43.82
    endloop
  endfacet
  facet normal 1 0 0
    outer loop
      vertex 55.24 42.36 1.4
      vertex 55.24 34.08 43.82
      vertex 55.24 34.08 1.4
    endloop
  endfacet
  facet normal -1 0 0
    outer loop
      vertex 63.52 34.08 1.4
      vertex 63.52 42.36 43.82
      vertex 63.52 42.36 1.4
    endloop
  endfacet
  facet normal -1 -0 0
    outer loop
      vertex 63.52 42.36 43.82
      vertex 63.52 34.08 1.4
      vertex 63.52 34.08 43.82
    endloop
  endfacet
  facet normal 0 -1 0
    outer loop
      vertex 55.24 42.36 1.4
      vertex 63.52 42.36 43.82
      vertex 55.24 42.36 43.82
    endloop
  endfacet
  facet normal 0 -1 -0
    outer loop
      vertex 63.52 42.36 43.82
      vertex 55.24 42.36 1.4
      vertex 63.52 42.36 1.4
    endloop
  endfacet
  facet normal -0 0 1
    outer loop
      vertex 55.24 42.36 1.4
      vertex 63.52 34.08 1.4
      vertex 63.52 42.36 1.4
    endloop
  endfacet
  facet normal 0 0 1
    outer loop
      vertex 63.52 34.08 1.4
      vertex 55.24 42.36 1.4
      vertex 55.24 34.08 1.4
    endloop
  endfacet
  facet normal 0 1 -0
    outer loop
      vertex 63.52 34.08 1.4
      vertex 55.24 34.08 43.82
      vertex 63.52 34.08 43.82
    endloop
  endfacet
  facet normal 0 1 0
    outer loop
      vertex 55.24 34.08 43.82
      vertex 63.52 34.08 1.4
      vertex 55.24 34.08 1.4
    endloop
  endfacet
  facet normal 1 -0 0
    outer loop
      vertex 55.24 25.08 43.82
      vertex 55.24 33.36 1.4
      vertex 55.24 33.36 43.82
    endloop
  endfacet
  facet normal 1 0 0
    outer loop
      vertex 55.24 33.36 1.4
      vertex 55.24 25.08 43.82
      vertex 55.24 25.08 1.4
    endloop
  endfacet
  facet normal -1 0 0
    outer loop
      vertex 63.52 25.08 1.4
      vertex 63.52 33.36 43.82
      vertex 63.52 33.36 1.4
    endloop
  endfacet
  facet normal -1 -0 0
    outer loop
      vertex 63.52 33.36 43.82
      vertex 63.52 25.08 1.4
      vertex 63.52 25.08 43.82
    endloop
  endfacet
  facet normal -0 0 1
    outer loop
      vertex 55.24 33.36 1.4
      vertex 63.52 25.08 1.4
      vertex 63.52 33.36 1.4
    endloop
  endfacet
  facet normal 0 0 1
    outer loop
      vertex 63.52 25.08 1.4
      vertex 55.24 33.36 1.4
      vertex 55.24 25.08 1.4
    endloop
  endfacet
  facet normal 0 1 -0
    outer loop
      vertex 63.52 25.08 1.4
      vertex 55.24 25.08 43.82
      vertex 63.52 25.08 43.82
    endloop
  endfacet
  facet normal 0 1 0
    outer loop
      vertex 55.24 25.08 43.82
      vertex 63.52 25.08 1.4
      vertex 55.24 25.08 1.4
    endloop
  endfacet
  facet normal 0 -1 0
    outer loop
      vertex 55.24 33.36 1.4
      vertex 63.52 33.36 43.82
      vertex 55.24 33.36 43.82
    endloop
  endfacet
  facet normal 0 -1 -0
    outer loop
      vertex 63.52 33.36 43.82
      vertex 55.24 33.36 1.4
      vertex 63.52 33.36 1.4
    endloop
  endfacet
  facet normal 1 -0 0
    outer loop
      vertex 55.24 16.08 43.82
      vertex 55.24 24.36 1.4
      vertex 55.24 24.36 43.82
    endloop
  endfacet
  facet normal 1 0 0
    outer loop
      vertex 55.24 24.36 1.4
      vertex 55.24 16.08 43.82
      vertex 55.24 16.08 1.4
    endloop
  endfacet
  facet normal -1 0 0
    outer loop
      vertex 63.52 16.08 1.4
      vertex 63.52 24.36 43.82
      vertex 63.52 24.36 1.4
    endloop
  endfacet
  facet normal -1 -0 0
    outer loop
      vertex 63.52 24.36 43.82
      vertex 63.52 16.08 1.4
      vertex 63.52 16.08 43.82
    endloop
  endfacet
  facet normal -0 0 1
    outer loop
      vertex 55.24 24.36 1.4
      vertex 63.52 16.08 1.4
      vertex 63.52 24.36 1.4
    endloop
  endfacet
  facet normal 0 0 1
    outer loop
      vertex 63.52 16.08 1.4
      vertex 55.24 24.36 1.4
      vertex 55.24 16.08 1.4
    endloop
  endfacet
  facet normal 0 1 -0
    outer loop
      vertex 63.52 16.08 1.4
      vertex 55.24 16.08 43.82
      vertex 63.52 16.08 43.82
    endloop
  endfacet
  facet normal 0 1 0
    outer loop
      vertex 55.24 16.08 43.82
      vertex 63.52 16.08 1.4
      vertex 55.24 16.08 1.4
    endloop
  endfacet
  facet normal 0 -1 0
    outer loop
      vertex 55.24 24.36 1.4
      vertex 63.52 24.36 43.82
      vertex 55.24 24.36 43.82
    endloop
  endfacet
  facet normal 0 -1 -0
    outer loop
      vertex 63.52 24.36 43.82
      vertex 55.24 24.36 1.4
      vertex 63.52 24.36 1.4
    endloop
  endfacet
  facet normal 1 -0 0
    outer loop
      vertex 55.24 7.08 43.82
      vertex 55.24 15.36 1.4
      vertex 55.24 15.36 43.82
    endloop
  endfacet
  facet normal 1 0 0
    outer loop
      vertex 55.24 15.36 1.4
      vertex 55.24 7.08 43.82
      vertex 55.24 7.08 1.4
    endloop
  endfacet
  facet normal -1 0 0
    outer loop
      vertex 63.52 7.08 1.4
      vertex 63.52 15.36 43.82
      vertex 63.52 15.36 1.4
    endloop
  endfacet
  facet normal -1 -0 0
    outer loop
      vertex 63.52 15.36 43.82
      vertex 63.52 7.08 1.4
      vertex 63.52 7.08 43.82
    endloop
  endfacet
  facet normal 0 -1 0
    outer loop
      vertex 55.24 15.36 1.4
      vertex 63.52 15.36 43.82
      vertex 55.24 15.36 43.82
    endloop
  endfacet
  facet normal 0 -1 -0
    outer loop
      vertex 63.52 15.36 43.82
      vertex 55.24 15.36 1.4
      vertex 63.52 15.36 1.4
    endloop
  endfacet
  facet normal -0 0 1
    outer loop
      vertex 55.24 15.36 1.4
      vertex 63.52 7.08 1.4
      vertex 63.52 15.36 1.4
    endloop
  endfacet
  facet normal 0 0 1
    outer loop
      vertex 63.52 7.08 1.4
      vertex 55.24 15.36 1.4
      vertex 55.24 7.08 1.4
    endloop
  endfacet
  facet normal 0 1 -0
    outer loop
      vertex 63.52 7.08 1.4
      vertex 55.24 7.08 43.82
      vertex 63.52 7.08 43.82
    endloop
  endfacet
  facet normal 0 1 0
    outer loop
      vertex 55.24 7.08 43.82
      vertex 63.52 7.08 1.4
      vertex 55.24 7.08 1.4
    endloop
  endfacet
  facet normal 1 -0 0
    outer loop
      vertex 64.24 70.08 43.82
      vertex 64.24 78.36 1.4
      vertex 64.24 78.36 43.82
    endloop
  endfacet
  facet normal 1 0 0
    outer loop
      vertex 64.24 78.36 1.4
      vertex 64.24 70.08 43.82
      vertex 64.24 70.08 1.4
    endloop
  endfacet
  facet normal -1 0 0
    outer loop
      vertex 72.52 70.08 1.4
      vertex 72.52 78.36 43.82
      vertex 72.52 78.36 1.4
    endloop
  endfacet
  facet normal -1 -0 0
    outer loop
      vertex 72.52 78.36 43.82
      vertex 72.52 70.08 1.4
      vertex 72.52 70.08 43.82
    endloop
  endfacet
  facet normal 0 -1 0
    outer loop
      vertex 64.24 78.36 1.4
      vertex 72.52 78.36 43.82
      vertex 64.24 78.36 43.82
    endloop
  endfacet
  facet normal 0 -1 -0
    outer loop
      vertex 72.52 78.36 43.82
      vertex 64.24 78.36 1.4
      vertex 72.52 78.36 1.4
    endloop
  endfacet
  facet normal -0 0 1
    outer loop
      vertex 64.24 78.36 1.4
      vertex 72.52 70.08 1.4
      vertex 72.52 78.36 1.4
    endloop
  endfacet
  facet normal 0 0 1
    outer loop
      vertex 72.52 70.08 1.4
      vertex 64.24 78.36 1.4
      vertex 64.24 70.08 1.4
    endloop
  endfacet
  facet normal 0 1 -0
    outer loop
      vertex 72.52 70.08 1.4
      vertex 64.24 70.08 43.82
      vertex 72.52 70.08 43.82
    endloop
  endfacet
  facet normal 0 1 0
    outer loop
      vertex 64.24 70.08 43.82
      vertex 72.52 70.08 1.4
      vertex 64.24 70.08 1.4
    endloop
  endfacet
  facet normal 1 -0 0
    outer loop
      vertex 64.24 61.08 43.82
      vertex 64.24 69.36 1.4
      vertex 64.24 69.36 43.82
    endloop
  endfacet
  facet normal 1 0 0
    outer loop
      vertex 64.24 69.36 1.4
      vertex 64.24 61.08 43.82
      vertex 64.24 61.08 1.4
    endloop
  endfacet
  facet normal -1 0 0
    outer loop
      vertex 72.52 61.08 1.4
      vertex 72.52 69.36 43.82
      vertex 72.52 69.36 1.4
    endloop
  endfacet
  facet normal -1 -0 0
    outer loop
      vertex 72.52 69.36 43.82
      vertex 72.52 61.08 1.4
      vertex 72.52 61.08 43.82
    endloop
  endfacet
  facet normal 0 -1 0
    outer loop
      vertex 64.24 69.36 1.4
      vertex 72.52 69.36 43.82
      vertex 64.24 69.36 43.82
    endloop
  endfacet
  facet normal 0 -1 -0
    outer loop
      vertex 72.52 69.36 43.82
      vertex 64.24 69.36 1.4
      vertex 72.52 69.36 1.4
    endloop
  endfacet
  facet normal -0 0 1
    outer loop
      vertex 64.24 69.36 1.4
      vertex 72.52 61.08 1.4
      vertex 72.52 69.36 1.4
    endloop
  endfacet
  facet normal 0 0 1
    outer loop
      vertex 72.52 61.08 1.4
      vertex 64.24 69.36 1.4
      vertex 64.24 61.08 1.4
    endloop
  endfacet
  facet normal 0 1 -0
    outer loop
      vertex 72.52 61.08 1.4
      vertex 64.24 61.08 43.82
      vertex 72.52 61.08 43.82
    endloop
  endfacet
  facet normal 0 1 0
    outer loop
      vertex 64.24 61.08 43.82
      vertex 72.52 61.08 1.4
      vertex 64.24 61.08 1.4
    endloop
  endfacet
  facet normal 1 -0 0
    outer loop
      vertex 64.24 52.08 43.82
      vertex 64.24 60.36 1.4
      vertex 64.24 60.36 43.82
    endloop
  endfacet
  facet normal 1 0 0
    outer loop
      vertex 64.24 60.36 1.4
      vertex 64.24 52.08 43.82
      vertex 64.24 52.08 1.4
    endloop
  endfacet
  facet normal -1 0 0
    outer loop
      vertex 72.52 52.08 1.4
      vertex 72.52 60.36 43.82
      vertex 72.52 60.36 1.4
    endloop
  endfacet
  facet normal -1 -0 0
    outer loop
      vertex 72.52 60.36 43.82
      vertex 72.52 52.08 1.4
      vertex 72.52 52.08 43.82
    endloop
  endfacet
  facet normal -0 0 1
    outer loop
      vertex 64.24 60.36 1.4
      vertex 72.52 52.08 1.4
      vertex 72.52 60.36 1.4
    endloop
  endfacet
  facet normal 0 0 1
    outer loop
      vertex 72.52 52.08 1.4
      vertex 64.24 60.36 1.4
      vertex 64.24 52.08 1.4
    endloop
  endfacet
  facet normal 0 1 -0
    outer loop
      vertex 72.52 52.08 1.4
      vertex 64.24 52.08 43.82
      vertex 72.52 52.08 43.82
    endloop
  endfacet
  facet normal 0 1 0
    outer loop
      vertex 64.24 52.08 43.82
      vertex 72.52 52.08 1.4
      vertex 64.24 52.08 1.4
    endloop
  endfacet
  facet normal 0 -1 0
    outer loop
      vertex 64.24 60.36 1.4
      vertex 72.52 60.36 43.82
      vertex 64.24 60.36 43.82
    endloop
  endfacet
  facet normal 0 -1 -0
    outer loop
      vertex 72.52 60.36 43.82
      vertex 64.24 60.36 1.4
      vertex 72.52 60.36 1.4
    endloop
  endfacet
  facet normal 1 -0 0
    outer loop
      vertex 64.24 43.08 43.82
      vertex 64.24 51.36 1.4
      vertex 64.24 51.36 43.82
    endloop
  endfacet
  facet normal 1 0 0
    outer loop
      vertex 64.24 51.36 1.4
      vertex 64.24 43.08 43.82
      vertex 64.24 43.08 1.4
    endloop
  endfacet
  facet normal -1 0 0
    outer loop
      vertex 72.52 43.08 1.4
      vertex 72.52 51.36 43.82
      vertex 72.52 51.36 1.4
    endloop
  endfacet
  facet normal -1 -0 0
    outer loop
      vertex 72.52 51.36 43.82
      vertex 72.52 43.08 1.4
      vertex 72.52 43.08 43.82
    endloop
  endfacet
  facet normal -0 0 1
    outer loop
      vertex 64.24 51.36 1.4
      vertex 72.52 43.08 1.4
      vertex 72.52 51.36 1.4
    endloop
  endfacet
  facet normal 0 0 1
    outer loop
      vertex 72.52 43.08 1.4
      vertex 64.24 51.36 1.4
      vertex 64.24 43.08 1.4
    endloop
  endfacet
  facet normal 0 1 -0
    outer loop
      vertex 72.52 43.08 1.4
      vertex 64.24 43.08 43.82
      vertex 72.52 43.08 43.82
    endloop
  endfacet
  facet normal 0 1 0
    outer loop
      vertex 64.24 43.08 43.82
      vertex 72.52 43.08 1.4
      vertex 64.24 43.08 1.4
    endloop
  endfacet
  facet normal 0 -1 0
    outer loop
      vertex 64.24 51.36 1.4
      vertex 72.52 51.36 43.82
      vertex 64.24 51.36 43.82
    endloop
  endfacet
  facet normal 0 -1 -0
    outer loop
      vertex 72.52 51.36 43.82
      vertex 64.24 51.36 1.4
      vertex 72.52 51.36 1.4
    endloop
  endfacet
  facet normal 1 -0 0
    outer loop
      vertex 64.24 34.08 43.82
      vertex 64.24 42.36 1.4
      vertex 64.24 42.36 43.82
    endloop
  endfacet
  facet normal 1 0 0
    outer loop
      vertex 64.24 42.36 1.4
      vertex 64.24 34.08 43.82
      vertex 64.24 34.08 1.4
    endloop
  endfacet
  facet normal -1 0 0
    outer loop
      vertex 72.52 34.08 1.4
      vertex 72.52 42.36 43.82
      vertex 72.52 42.36 1.4
    endloop
  endfacet
  facet normal -1 -0 0
    outer loop
      vertex 72.52 42.36 43.82
      vertex 72.52 34.08 1.4
      vertex 72.52 34.08 43.82
    endloop
  endfacet
  facet normal -0 0 1
    outer loop
      vertex 64.24 42.36 1.4
      vertex 72.52 34.08 1.4
      vertex 72.52 42.36 1.4
    endloop
  endfacet
  facet normal 0 0 1
    outer loop
      vertex 72.52 34.08 1.4
      vertex 64.24 42.36 1.4
      vertex 64.24 34.08 1.4
    endloop
  endfacet
  facet normal 0 1 -0
    outer loop
      vertex 72.52 34.08 1.4
      vertex 64.24 34.08 43.82
      vertex 72.52 34.08 43.82
    endloop
  endfacet
  facet normal 0 1 0
    outer loop
      vertex 64.24 34.08 43.82
      vertex 72.52 34.08 1.4
      vertex 64.24 34.08 1.4
    endloop
  endfacet
  facet normal 0 -1 0
    outer loop
      vertex 64.24 42.36 1.4
      vertex 72.52 42.36 43.82
      vertex 64.24 42.36 43.82
    endloop
  endfacet
  facet normal 0 -1 -0
    outer loop
      vertex 72.52 42.36 43.82
      vertex 64.24 42.36 1.4
      vertex 72.52 42.36 1.4
    endloop
  endfacet
  facet normal 1 -0 0
    outer loop
      vertex 64.24 25.08 43.82
      vertex 64.24 33.36 1.4
      vertex 64.24 33.36 43.82
    endloop
  endfacet
  facet normal 1 0 0
    outer loop
      vertex 64.24 33.36 1.4
      vertex 64.24 25.08 43.82
      vertex 64.24 25.08 1.4
    endloop
  endfacet
  facet normal -1 0 0
    outer loop
      vertex 72.52 25.08 1.4
      vertex 72.52 33.36 43.82
      vertex 72.52 33.36 1.4
    endloop
  endfacet
  facet normal -1 -0 0
    outer loop
      vertex 72.52 33.36 43.82
      vertex 72.52 25.08 1.4
      vertex 72.52 25.08 43.82
    endloop
  endfacet
  facet normal 0 -1 0
    outer loop
      vertex 64.24 33.36 1.4
      vertex 72.52 33.36 43.82
      vertex 64.24 33.36 43.82
    endloop
  endfacet
  facet normal 0 -1 -0
    outer loop
      vertex 72.52 33.36 43.82
      vertex 64.24 33.36 1.4
      vertex 72.52 33.36 1.4
    endloop
  endfacet
  facet normal -0 0 1
    outer loop
      vertex 64.24 33.36 1.4
      vertex 72.52 25.08 1.4
      vertex 72.52 33.36 1.4
    endloop
  endfacet
  facet normal 0 0 1
    outer loop
      vertex 72.52 25.08 1.4
      vertex 64.24 33.36 1.4
      vertex 64.24 25.08 1.4
    endloop
  endfacet
  facet normal 0 1 -0
    outer loop
      vertex 72.52 25.08 1.4
      vertex 64.24 25.08 43.82
      vertex 72.52 25.08 43.82
    endloop
  endfacet
  facet normal 0 1 0
    outer loop
      vertex 64.24 25.08 43.82
      vertex 72.52 25.08 1.4
      vertex 64.24 25.08 1.4
    endloop
  endfacet
  facet normal 1 -0 0
    outer loop
      vertex 64.24 16.08 43.82
      vertex 64.24 24.36 1.4
      vertex 64.24 24.36 43.82
    endloop
  endfacet
  facet normal 1 0 0
    outer loop
      vertex 64.24 24.36 1.4
      vertex 64.24 16.08 43.82
      vertex 64.24 16.08 1.4
    endloop
  endfacet
  facet normal -1 0 0
    outer loop
      vertex 72.52 16.08 1.4
      vertex 72.52 24.36 43.82
      vertex 72.52 24.36 1.4
    endloop
  endfacet
  facet normal -1 -0 0
    outer loop
      vertex 72.52 24.36 43.82
      vertex 72.52 16.08 1.4
      vertex 72.52 16.08 43.82
    endloop
  endfacet
  facet normal -0 0 1
    outer loop
      vertex 64.24 24.36 1.4
      vertex 72.52 16.08 1.4
      vertex 72.52 24.36 1.4
    endloop
  endfacet
  facet normal 0 0 1
    outer loop
      vertex 72.52 16.08 1.4
      vertex 64.24 24.36 1.4
      vertex 64.24 16.08 1.4
    endloop
  endfacet
  facet normal 0 1 -0
    outer loop
      vertex 72.52 16.08 1.4
      vertex 64.24 16.08 43.82
      vertex 72.52 16.08 43.82
    endloop
  endfacet
  facet normal 0 1 0
    outer loop
      vertex 64.24 16.08 43.82
      vertex 72.52 16.08 1.4
      vertex 64.24 16.08 1.4
    endloop
  endfacet
  facet normal 0 -1 0
    outer loop
      vertex 64.24 24.36 1.4
      vertex 72.52 24.36 43.82
      vertex 64.24 24.36 43.82
    endloop
  endfacet
  facet normal 0 -1 -0
    outer loop
      vertex 72.52 24.36 43.82
      vertex 64.24 24.36 1.4
      vertex 72.52 24.36 1.4
    endloop
  endfacet
  facet normal 1 -0 0
    outer loop
      vertex 64.24 7.08 43.82
      vertex 64.24 15.36 1.4
      vertex 64.24 15.36 43.82
    endloop
  endfacet
  facet normal 1 0 0
    outer loop
      vertex 64.24 15.36 1.4
      vertex 64.24 7.08 43.82
      vertex 64.24 7.08 1.4
    endloop
  endfacet
  facet normal -1 0 0
    outer loop
      vertex 72.52 7.08 1.4
      vertex 72.52 15.36 43.82
      vertex 72.52 15.36 1.4
    endloop
  endfacet
  facet normal -1 -0 0
    outer loop
      vertex 72.52 15.36 43.82
      vertex 72.52 7.08 1.4
      vertex 72.52 7.08 43.82
    endloop
  endfacet
  facet normal 0 -1 0
    outer loop
      vertex 64.24 15.36 1.4
      vertex 72.52 15.36 43.82
      vertex 64.24 15.36 43.82
    endloop
  endfacet
  facet normal 0 -1 -0
    outer loop
      vertex 72.52 15.36 43.82
      vertex 64.24 15.36 1.4
      vertex 72.52 15.36 1.4
    endloop
  endfacet
  facet normal -0 0 1
    outer loop
      vertex 64.24 15.36 1.4
      vertex 72.52 7.08 1.4
      vertex 72.52 15.36 1.4
    endloop
  endfacet
  facet normal 0 0 1
    outer loop
      vertex 72.52 7.08 1.4
      vertex 64.24 15.36 1.4
      vertex 64.24 7.08 1.4
    endloop
  endfacet
  facet normal 0 1 -0
    outer loop
      vertex 72.52 7.08 1.4
      vertex 64.24 7.08 43.82
      vertex 72.52 7.08 43.82
    endloop
  endfacet
  facet normal 0 1 0
    outer loop
      vertex 64.24 7.08 43.82
      vertex 72.52 7.08 1.4
      vertex 64.24 7.08 1.4
    endloop
  endfacet
  facet normal 1 -0 0
    outer loop
      vertex 73.24 70.08 43.82
      vertex 73.24 78.36 1.4
      vertex 73.24 78.36 43.82
    endloop
  endfacet
  facet normal 1 0 0
    outer loop
      vertex 73.24 78.36 1.4
      vertex 73.24 70.08 43.82
      vertex 73.24 70.08 1.4
    endloop
  endfacet
  facet normal -1 0 0
    outer loop
      vertex 81.52 70.08 1.4
      vertex 81.52 78.36 43.82
      vertex 81.52 78.36 1.4
    endloop
  endfacet
  facet normal -1 -0 0
    outer loop
      vertex 81.52 78.36 43.82
      vertex 81.52 70.08 1.4
      vertex 81.52 70.08 43.82
    endloop
  endfacet
  facet normal -0 0 1
    outer loop
      vertex 73.24 78.36 1.4
      vertex 81.52 70.08 1.4
      vertex 81.52 78.36 1.4
    endloop
  endfacet
  facet normal 0 0 1
    outer loop
      vertex 81.52 70.08 1.4
      vertex 73.24 78.36 1.4
      vertex 73.24 70.08 1.4
    endloop
  endfacet
  facet normal 0 1 -0
    outer loop
      vertex 81.52 70.08 1.4
      vertex 73.24 70.08 43.82
      vertex 81.52 70.08 43.82
    endloop
  endfacet
  facet normal 0 1 0
    outer loop
      vertex 73.24 70.08 43.82
      vertex 81.52 70.08 1.4
      vertex 73.24 70.08 1.4
    endloop
  endfacet
  facet normal 0 -1 0
    outer loop
      vertex 73.24 78.36 1.4
      vertex 81.52 78.36 43.82
      vertex 73.24 78.36 43.82
    endloop
  endfacet
  facet normal 0 -1 -0
    outer loop
      vertex 81.52 78.36 43.82
      vertex 73.24 78.36 1.4
      vertex 81.52 78.36 1.4
    endloop
  endfacet
  facet normal 1 -0 0
    outer loop
      vertex 73.24 61.08 43.82
      vertex 73.24 69.36 1.4
      vertex 73.24 69.36 43.82
    endloop
  endfacet
  facet normal 1 0 0
    outer loop
      vertex 73.24 69.36 1.4
      vertex 73.24 61.08 43.82
      vertex 73.24 61.08 1.4
    endloop
  endfacet
  facet normal -1 0 0
    outer loop
      vertex 81.52 61.08 1.4
      vertex 81.52 69.36 43.82
      vertex 81.52 69.36 1.4
    endloop
  endfacet
  facet normal -1 -0 0
    outer loop
      vertex 81.52 69.36 43.82
      vertex 81.52 61.08 1.4
      vertex 81.52 61.08 43.82
    endloop
  endfacet
  facet normal -0 0 1
    outer loop
      vertex 73.24 69.36 1.4
      vertex 81.52 61.08 1.4
      vertex 81.52 69.36 1.4
    endloop
  endfacet
  facet normal 0 0 1
    outer loop
      vertex 81.52 61.08 1.4
      vertex 73.24 69.36 1.4
      vertex 73.24 61.08 1.4
    endloop
  endfacet
  facet normal 0 1 -0
    outer loop
      vertex 81.52 61.08 1.4
      vertex 73.24 61.08 43.82
      vertex 81.52 61.08 43.82
    endloop
  endfacet
  facet normal 0 1 0
    outer loop
      vertex 73.24 61.08 43.82
      vertex 81.52 61.08 1.4
      vertex 73.24 61.08 1.4
    endloop
  endfacet
  facet normal 0 -1 0
    outer loop
      vertex 73.24 69.36 1.4
      vertex 81.52 69.36 43.82
      vertex 73.24 69.36 43.82
    endloop
  endfacet
  facet normal 0 -1 -0
    outer loop
      vertex 81.52 69.36 43.82
      vertex 73.24 69.36 1.4
      vertex 81.52 69.36 1.4
    endloop
  endfacet
  facet normal 1 -0 0
    outer loop
      vertex 73.24 52.08 43.82
      vertex 73.24 60.36 1.4
      vertex 73.24 60.36 43.82
    endloop
  endfacet
  facet normal 1 0 0
    outer loop
      vertex 73.24 60.36 1.4
      vertex 73.24 52.08 43.82
      vertex 73.24 52.08 1.4
    endloop
  endfacet
  facet normal -1 0 0
    outer loop
      vertex 81.52 52.08 1.4
      vertex 81.52 60.36 43.82
      vertex 81.52 60.36 1.4
    endloop
  endfacet
  facet normal -1 -0 0
    outer loop
      vertex 81.52 60.36 43.82
      vertex 81.52 52.08 1.4
      vertex 81.52 52.08 43.82
    endloop
  endfacet
  facet normal 0 -1 0
    outer loop
      vertex 73.24 60.36 1.4
      vertex 81.52 60.36 43.82
      vertex 73.24 60.36 43.82
    endloop
  endfacet
  facet normal 0 -1 -0
    outer loop
      vertex 81.52 60.36 43.82
      vertex 73.24 60.36 1.4
      vertex 81.52 60.36 1.4
    endloop
  endfacet
  facet normal -0 0 1
    outer loop
      vertex 73.24 60.36 1.4
      vertex 81.52 52.08 1.4
      vertex 81.52 60.36 1.4
    endloop
  endfacet
  facet normal 0 0 1
    outer loop
      vertex 81.52 52.08 1.4
      vertex 73.24 60.36 1.4
      vertex 73.24 52.08 1.4
    endloop
  endfacet
  facet normal 0 1 -0
    outer loop
      vertex 81.52 52.08 1.4
      vertex 73.24 52.08 43.82
      vertex 81.52 52.08 43.82
    endloop
  endfacet
  facet normal 0 1 0
    outer loop
      vertex 73.24 52.08 43.82
      vertex 81.52 52.08 1.4
      vertex 73.24 52.08 1.4
    endloop
  endfacet
  facet normal 1 -0 0
    outer loop
      vertex 73.24 43.08 43.82
      vertex 73.24 51.36 1.4
      vertex 73.24 51.36 43.82
    endloop
  endfacet
  facet normal 1 0 0
    outer loop
      vertex 73.24 51.36 1.4
      vertex 73.24 43.08 43.82
      vertex 73.24 43.08 1.4
    endloop
  endfacet
  facet normal -1 0 0
    outer loop
      vertex 81.52 43.08 1.4
      vertex 81.52 51.36 43.82
      vertex 81.52 51.36 1.4
    endloop
  endfacet
  facet normal -1 -0 0
    outer loop
      vertex 81.52 51.36 43.82
      vertex 81.52 43.08 1.4
      vertex 81.52 43.08 43.82
    endloop
  endfacet
  facet normal -0 0 1
    outer loop
      vertex 73.24 51.36 1.4
      vertex 81.52 43.08 1.4
      vertex 81.52 51.36 1.4
    endloop
  endfacet
  facet normal 0 0 1
    outer loop
      vertex 81.52 43.08 1.4
      vertex 73.24 51.36 1.4
      vertex 73.24 43.08 1.4
    endloop
  endfacet
  facet normal 0 1 -0
    outer loop
      vertex 81.52 43.08 1.4
      vertex 73.24 43.08 43.82
      vertex 81.52 43.08 43.82
    endloop
  endfacet
  facet normal 0 1 0
    outer loop
      vertex 73.24 43.08 43.82
      vertex 81.52 43.08 1.4
      vertex 73.24 43.08 1.4
    endloop
  endfacet
  facet normal 0 -1 0
    outer loop
      vertex 73.24 51.36 1.4
      vertex 81.52 51.36 43.82
      vertex 73.24 51.36 43.82
    endloop
  endfacet
  facet normal 0 -1 -0
    outer loop
      vertex 81.52 51.36 43.82
      vertex 73.24 51.36 1.4
      vertex 81.52 51.36 1.4
    endloop
  endfacet
  facet normal 1 -0 0
    outer loop
      vertex 73.24 34.08 43.82
      vertex 73.24 42.36 1.4
      vertex 73.24 42.36 43.82
    endloop
  endfacet
  facet normal 1 0 0
    outer loop
      vertex 73.24 42.36 1.4
      vertex 73.24 34.08 43.82
      vertex 73.24 34.08 1.4
    endloop
  endfacet
  facet normal -1 0 0
    outer loop
      vertex 81.52 34.08 1.4
      vertex 81.52 42.36 43.82
      vertex 81.52 42.36 1.4
    endloop
  endfacet
  facet normal -1 -0 0
    outer loop
      vertex 81.52 42.36 43.82
      vertex 81.52 34.08 1.4
      vertex 81.52 34.08 43.82
    endloop
  endfacet
  facet normal 0 -1 0
    outer loop
      vertex 73.24 42.36 1.4
      vertex 81.52 42.36 43.82
      vertex 73.24 42.36 43.82
    endloop
  endfacet
  facet normal 0 -1 -0
    outer loop
      vertex 81.52 42.36 43.82
      vertex 73.24 42.36 1.4
      vertex 81.52 42.36 1.4
    endloop
  endfacet
  facet normal -0 0 1
    outer loop
      vertex 73.24 42.36 1.4
      vertex 81.52 34.08 1.4
      vertex 81.52 42.36 1.4
    endloop
  endfacet
  facet normal 0 0 1
    outer loop
      vertex 81.52 34.08 1.4
      vertex 73.24 42.36 1.4
      vertex 73.24 34.08 1.4
    endloop
  endfacet
  facet normal 0 1 -0
    outer loop
      vertex 81.52 34.08 1.4
      vertex 73.24 34.08 43.82
      vertex 81.52 34.08 43.82
    endloop
  endfacet
  facet normal 0 1 0
    outer loop
      vertex 73.24 34.08 43.82
      vertex 81.52 34.08 1.4
      vertex 73.24 34.08 1.4
    endloop
  endfacet
  facet normal 1 -0 0
    outer loop
      vertex 73.24 25.08 43.82
      vertex 73.24 33.36 1.4
      vertex 73.24 33.36 43.82
    endloop
  endfacet
  facet normal 1 0 0
    outer loop
      vertex 73.24 33.36 1.4
      vertex 73.24 25.08 43.82
      vertex 73.24 25.08 1.4
    endloop
  endfacet
  facet normal -1 0 0
    outer loop
      vertex 81.52 25.08 1.4
      vertex 81.52 33.36 43.82
      vertex 81.52 33.36 1.4
    endloop
  endfacet
  facet normal -1 -0 0
    outer loop
      vertex 81.52 33.36 43.82
      vertex 81.52 25.08 1.4
      vertex 81.52 25.08 43.82
    endloop
  endfacet
  facet normal 0 -1 0
    outer loop
      vertex 73.24 33.36 1.4
      vertex 81.52 33.36 43.82
      vertex 73.24 33.36 43.82
    endloop
  endfacet
  facet normal 0 -1 -0
    outer loop
      vertex 81.52 33.36 43.82
      vertex 73.24 33.36 1.4
      vertex 81.52 33.36 1.4
    endloop
  endfacet
  facet normal -0 0 1
    outer loop
      vertex 73.24 33.36 1.4
      vertex 81.52 25.08 1.4
      vertex 81.52 33.36 1.4
    endloop
  endfacet
  facet normal 0 0 1
    outer loop
      vertex 81.52 25.08 1.4
      vertex 73.24 33.36 1.4
      vertex 73.24 25.08 1.4
    endloop
  endfacet
  facet normal 0 1 -0
    outer loop
      vertex 81.52 25.08 1.4
      vertex 73.24 25.08 43.82
      vertex 81.52 25.08 43.82
    endloop
  endfacet
  facet normal 0 1 0
    outer loop
      vertex 73.24 25.08 43.82
      vertex 81.52 25.08 1.4
      vertex 73.24 25.08 1.4
    endloop
  endfacet
  facet normal 1 -0 0
    outer loop
      vertex 73.24 16.08 43.82
      vertex 73.24 24.36 1.4
      vertex 73.24 24.36 43.82
    endloop
  endfacet
  facet normal 1 0 0
    outer loop
      vertex 73.24 24.36 1.4
      vertex 73.24 16.08 43.82
      vertex 73.24 16.08 1.4
    endloop
  endfacet
  facet normal -1 0 0
    outer loop
      vertex 81.52 16.08 1.4
      vertex 81.52 24.36 43.82
      vertex 81.52 24.36 1.4
    endloop
  endfacet
  facet normal -1 -0 0
    outer loop
      vertex 81.52 24.36 43.82
      vertex 81.52 16.08 1.4
      vertex 81.52 16.08 43.82
    endloop
  endfacet
  facet normal 0 -1 0
    outer loop
      vertex 73.24 24.36 1.4
      vertex 81.52 24.36 43.82
      vertex 73.24 24.36 43.82
    endloop
  endfacet
  facet normal 0 -1 -0
    outer loop
      vertex 81.52 24.36 43.82
      vertex 73.24 24.36 1.4
      vertex 81.52 24.36 1.4
    endloop
  endfacet
  facet normal -0 0 1
    outer loop
      vertex 73.24 24.36 1.4
      vertex 81.52 16.08 1.4
      vertex 81.52 24.36 1.4
    endloop
  endfacet
  facet normal 0 0 1
    outer loop
      vertex 81.52 16.08 1.4
      vertex 73.24 24.36 1.4
      vertex 73.24 16.08 1.4
    endloop
  endfacet
  facet normal 0 1 -0
    outer loop
      vertex 81.52 16.08 1.4
      vertex 73.24 16.08 43.82
      vertex 81.52 16.08 43.82
    endloop
  endfacet
  facet normal 0 1 0
    outer loop
      vertex 73.24 16.08 43.82
      vertex 81.52 16.08 1.4
      vertex 73.24 16.08 1.4
    endloop
  endfacet
  facet normal 1 -0 0
    outer loop
      vertex 73.24 7.08 43.82
      vertex 73.24 15.36 1.4
      vertex 73.24 15.36 43.82
    endloop
  endfacet
  facet normal 1 0 0
    outer loop
      vertex 73.24 15.36 1.4
      vertex 73.24 7.08 43.82
      vertex 73.24 7.08 1.4
    endloop
  endfacet
  facet normal -1 0 0
    outer loop
      vertex 81.52 7.08 1.4
      vertex 81.52 15.36 43.82
      vertex 81.52 15.36 1.4
    endloop
  endfacet
  facet normal -1 -0 0
    outer loop
      vertex 81.52 15.36 43.82
      vertex 81.52 7.08 1.4
      vertex 81.52 7.08 43.82
    endloop
  endfacet
  facet normal 0 -1 0
    outer loop
      vertex 73.24 15.36 1.4
      vertex 81.52 15.36 43.82
      vertex 73.24 15.36 43.82
    endloop
  endfacet
  facet normal 0 -1 -0
    outer loop
      vertex 81.52 15.36 43.82
      vertex 73.24 15.36 1.4
      vertex 81.52 15.36 1.4
    endloop
  endfacet
  facet normal -0 0 1
    outer loop
      vertex 73.24 15.36 1.4
      vertex 81.52 7.08 1.4
      vertex 81.52 15.36 1.4
    endloop
  endfacet
  facet normal 0 0 1
    outer loop
      vertex 81.52 7.08 1.4
      vertex 73.24 15.36 1.4
      vertex 73.24 7.08 1.4
    endloop
  endfacet
  facet normal 0 1 -0
    outer loop
      vertex 81.52 7.08 1.4
      vertex 73.24 7.08 43.82
      vertex 81.52 7.08 43.82
    endloop
  endfacet
  facet normal 0 1 0
    outer loop
      vertex 73.24 7.08 43.82
      vertex 81.52 7.08 1.4
      vertex 73.24 7.08 1.4
    endloop
  endfacet
  facet normal 1 -0 0
    outer loop
      vertex 82.24 70.08 43.82
      vertex 82.24 78.36 1.4
      vertex 82.24 78.36 43.82
    endloop
  endfacet
  facet normal 1 0 0
    outer loop
      vertex 82.24 78.36 1.4
      vertex 82.24 70.08 43.82
      vertex 82.24 70.08 1.4
    endloop
  endfacet
  facet normal -1 0 0
    outer loop
      vertex 90.52 70.08 1.4
      vertex 90.52 78.36 43.82
      vertex 90.52 78.36 1.4
    endloop
  endfacet
  facet normal -1 -0 0
    outer loop
      vertex 90.52 78.36 43.82
      vertex 90.52 70.08 1.4
      vertex 90.52 70.08 43.82
    endloop
  endfacet
  facet normal -0 0 1
    outer loop
      vertex 82.24 78.36 1.4
      vertex 90.52 70.08 1.4
      vertex 90.52 78.36 1.4
    endloop
  endfacet
  facet normal 0 0 1
    outer loop
      vertex 90.52 70.08 1.4
      vertex 82.24 78.36 1.4
      vertex 82.24 70.08 1.4
    endloop
  endfacet
  facet normal 0 1 -0
    outer loop
      vertex 90.52 70.08 1.4
      vertex 82.24 70.08 43.82
      vertex 90.52 70.08 43.82
    endloop
  endfacet
  facet normal 0 1 0
    outer loop
      vertex 82.24 70.08 43.82
      vertex 90.52 70.08 1.4
      vertex 82.24 70.08 1.4
    endloop
  endfacet
  facet normal 0 -1 0
    outer loop
      vertex 82.24 78.36 1.4
      vertex 90.52 78.36 43.82
      vertex 82.24 78.36 43.82
    endloop
  endfacet
  facet normal 0 -1 -0
    outer loop
      vertex 90.52 78.36 43.82
      vertex 82.24 78.36 1.4
      vertex 90.52 78.36 1.4
    endloop
  endfacet
  facet normal 1 -0 0
    outer loop
      vertex 82.24 61.08 43.82
      vertex 82.24 69.36 1.4
      vertex 82.24 69.36 43.82
    endloop
  endfacet
  facet normal 1 0 0
    outer loop
      vertex 82.24 69.36 1.4
      vertex 82.24 61.08 43.82
      vertex 82.24 61.08 1.4
    endloop
  endfacet
  facet normal -1 0 0
    outer loop
      vertex 90.52 61.08 1.4
      vertex 90.52 69.36 43.82
      vertex 90.52 69.36 1.4
    endloop
  endfacet
  facet normal -1 -0 0
    outer loop
      vertex 90.52 69.36 43.82
      vertex 90.52 61.08 1.4
      vertex 90.52 61.08 43.82
    endloop
  endfacet
  facet normal 0 -1 0
    outer loop
      vertex 82.24 69.36 1.4
      vertex 90.52 69.36 43.82
      vertex 82.24 69.36 43.82
    endloop
  endfacet
  facet normal 0 -1 -0
    outer loop
      vertex 90.52 69.36 43.82
      vertex 82.24 69.36 1.4
      vertex 90.52 69.36 1.4
    endloop
  endfacet
  facet normal -0 0 1
    outer loop
      vertex 82.24 69.36 1.4
      vertex 90.52 61.08 1.4
      vertex 90.52 69.36 1.4
    endloop
  endfacet
  facet normal 0 0 1
    outer loop
      vertex 90.52 61.08 1.4
      vertex 82.24 69.36 1.4
      vertex 82.24 61.08 1.4
    endloop
  endfacet
  facet normal 0 1 -0
    outer loop
      vertex 90.52 61.08 1.4
      vertex 82.24 61.08 43.82
      vertex 90.52 61.08 43.82
    endloop
  endfacet
  facet normal 0 1 0
    outer loop
      vertex 82.24 61.08 43.82
      vertex 90.52 61.08 1.4
      vertex 82.24 61.08 1.4
    endloop
  endfacet
  facet normal 1 -0 0
    outer loop
      vertex 82.24 52.08 43.82
      vertex 82.24 60.36 1.4
      vertex 82.24 60.36 43.82
    endloop
  endfacet
  facet normal 1 0 0
    outer loop
      vertex 82.24 60.36 1.4
      vertex 82.24 52.08 43.82
      vertex 82.24 52.08 1.4
    endloop
  endfacet
  facet normal -1 0 0
    outer loop
      vertex 90.52 52.08 1.4
      vertex 90.52 60.36 43.82
      vertex 90.52 60.36 1.4
    endloop
  endfacet
  facet normal -1 -0 0
    outer loop
      vertex 90.52 60.36 43.82
      vertex 90.52 52.08 1.4
      vertex 90.52 52.08 43.82
    endloop
  endfacet
  facet normal 0 -1 0
    outer loop
      vertex 82.24 60.36 1.4
      vertex 90.52 60.36 43.82
      vertex 82.24 60.36 43.82
    endloop
  endfacet
  facet normal 0 -1 -0
    outer loop
      vertex 90.52 60.36 43.82
      vertex 82.24 60.36 1.4
      vertex 90.52 60.36 1.4
    endloop
  endfacet
  facet normal -0 0 1
    outer loop
      vertex 82.24 60.36 1.4
      vertex 90.52 52.08 1.4
      vertex 90.52 60.36 1.4
    endloop
  endfacet
  facet normal 0 0 1
    outer loop
      vertex 90.52 52.08 1.4
      vertex 82.24 60.36 1.4
      vertex 82.24 52.08 1.4
    endloop
  endfacet
  facet normal 0 1 -0
    outer loop
      vertex 90.52 52.08 1.4
      vertex 82.24 52.08 43.82
      vertex 90.52 52.08 43.82
    endloop
  endfacet
  facet normal 0 1 0
    outer loop
      vertex 82.24 52.08 43.82
      vertex 90.52 52.08 1.4
      vertex 82.24 52.08 1.4
    endloop
  endfacet
  facet normal 1 -0 0
    outer loop
      vertex 82.24 43.08 43.82
      vertex 82.24 51.36 1.4
      vertex 82.24 51.36 43.82
    endloop
  endfacet
  facet normal 1 0 0
    outer loop
      vertex 82.24 51.36 1.4
      vertex 82.24 43.08 43.82
      vertex 82.24 43.08 1.4
    endloop
  endfacet
  facet normal -1 0 0
    outer loop
      vertex 90.52 43.08 1.4
      vertex 90.52 51.36 43.82
      vertex 90.52 51.36 1.4
    endloop
  endfacet
  facet normal -1 -0 0
    outer loop
      vertex 90.52 51.36 43.82
      vertex 90.52 43.08 1.4
      vertex 90.52 43.08 43.82
    endloop
  endfacet
  facet normal 0 -1 0
    outer loop
      vertex 82.24 51.36 1.4
      vertex 90.52 51.36 43.82
      vertex 82.24 51.36 43.82
    endloop
  endfacet
  facet normal 0 -1 -0
    outer loop
      vertex 90.52 51.36 43.82
      vertex 82.24 51.36 1.4
      vertex 90.52 51.36 1.4
    endloop
  endfacet
  facet normal -0 0 1
    outer loop
      vertex 82.24 51.36 1.4
      vertex 90.52 43.08 1.4
      vertex 90.52 51.36 1.4
    endloop
  endfacet
  facet normal 0 0 1
    outer loop
      vertex 90.52 43.08 1.4
      vertex 82.24 51.36 1.4
      vertex 82.24 43.08 1.4
    endloop
  endfacet
  facet normal 0 1 -0
    outer loop
      vertex 90.52 43.08 1.4
      vertex 82.24 43.08 43.82
      vertex 90.52 43.08 43.82
    endloop
  endfacet
  facet normal 0 1 0
    outer loop
      vertex 82.24 43.08 43.82
      vertex 90.52 43.08 1.4
      vertex 82.24 43.08 1.4
    endloop
  endfacet
  facet normal 1 -0 0
    outer loop
      vertex 82.24 34.08 43.82
      vertex 82.24 42.36 1.4
      vertex 82.24 42.36 43.82
    endloop
  endfacet
  facet normal 1 0 0
    outer loop
      vertex 82.24 42.36 1.4
      vertex 82.24 34.08 43.82
      vertex 82.24 34.08 1.4
    endloop
  endfacet
  facet normal -1 0 0
    outer loop
      vertex 90.52 34.08 1.4
      vertex 90.52 42.36 43.82
      vertex 90.52 42.36 1.4
    endloop
  endfacet
  facet normal -1 -0 0
    outer loop
      vertex 90.52 42.36 43.82
      vertex 90.52 34.08 1.4
      vertex 90.52 34.08 43.82
    endloop
  endfacet
  facet normal -0 0 1
    outer loop
      vertex 82.24 42.36 1.4
      vertex 90.52 34.08 1.4
      vertex 90.52 42.36 1.4
    endloop
  endfacet
  facet normal 0 0 1
    outer loop
      vertex 90.52 34.08 1.4
      vertex 82.24 42.36 1.4
      vertex 82.24 34.08 1.4
    endloop
  endfacet
  facet normal 0 1 -0
    outer loop
      vertex 90.52 34.08 1.4
      vertex 82.24 34.08 43.82
      vertex 90.52 34.08 43.82
    endloop
  endfacet
  facet normal 0 1 0
    outer loop
      vertex 82.24 34.08 43.82
      vertex 90.52 34.08 1.4
      vertex 82.24 34.08 1.4
    endloop
  endfacet
  facet normal 0 -1 0
    outer loop
      vertex 82.24 42.36 1.4
      vertex 90.52 42.36 43.82
      vertex 82.24 42.36 43.82
    endloop
  endfacet
  facet normal 0 -1 -0
    outer loop
      vertex 90.52 42.36 43.82
      vertex 82.24 42.36 1.4
      vertex 90.52 42.36 1.4
    endloop
  endfacet
  facet normal 1 -0 0
    outer loop
      vertex 82.24 25.08 43.82
      vertex 82.24 33.36 1.4
      vertex 82.24 33.36 43.82
    endloop
  endfacet
  facet normal 1 0 0
    outer loop
      vertex 82.24 33.36 1.4
      vertex 82.24 25.08 43.82
      vertex 82.24 25.08 1.4
    endloop
  endfacet
  facet normal -1 0 0
    outer loop
      vertex 90.52 25.08 1.4
      vertex 90.52 33.36 43.82
      vertex 90.52 33.36 1.4
    endloop
  endfacet
  facet normal -1 -0 0
    outer loop
      vertex 90.52 33.36 43.82
      vertex 90.52 25.08 1.4
      vertex 90.52 25.08 43.82
    endloop
  endfacet
  facet normal 0 -1 0
    outer loop
      vertex 82.24 33.36 1.4
      vertex 90.52 33.36 43.82
      vertex 82.24 33.36 43.82
    endloop
  endfacet
  facet normal 0 -1 -0
    outer loop
      vertex 90.52 33.36 43.82
      vertex 82.24 33.36 1.4
      vertex 90.52 33.36 1.4
    endloop
  endfacet
  facet normal -0 0 1
    outer loop
      vertex 82.24 33.36 1.4
      vertex 90.52 25.08 1.4
      vertex 90.52 33.36 1.4
    endloop
  endfacet
  facet normal 0 0 1
    outer loop
      vertex 90.52 25.08 1.4
      vertex 82.24 33.36 1.4
      vertex 82.24 25.08 1.4
    endloop
  endfacet
  facet normal 0 1 -0
    outer loop
      vertex 90.52 25.08 1.4
      vertex 82.24 25.08 43.82
      vertex 90.52 25.08 43.82
    endloop
  endfacet
  facet normal 0 1 0
    outer loop
      vertex 82.24 25.08 43.82
      vertex 90.52 25.08 1.4
      vertex 82.24 25.08 1.4
    endloop
  endfacet
  facet normal 1 -0 0
    outer loop
      vertex 82.24 16.08 43.82
      vertex 82.24 24.36 1.4
      vertex 82.24 24.36 43.82
    endloop
  endfacet
  facet normal 1 0 0
    outer loop
      vertex 82.24 24.36 1.4
      vertex 82.24 16.08 43.82
      vertex 82.24 16.08 1.4
    endloop
  endfacet
  facet normal -1 0 0
    outer loop
      vertex 90.52 16.08 1.4
      vertex 90.52 24.36 43.82
      vertex 90.52 24.36 1.4
    endloop
  endfacet
  facet normal -1 -0 0
    outer loop
      vertex 90.52 24.36 43.82
      vertex 90.52 16.08 1.4
      vertex 90.52 16.08 43.82
    endloop
  endfacet
  facet normal -0 0 1
    outer loop
      vertex 82.24 24.36 1.4
      vertex 90.52 16.08 1.4
      vertex 90.52 24.36 1.4
    endloop
  endfacet
  facet normal 0 0 1
    outer loop
      vertex 90.52 16.08 1.4
      vertex 82.24 24.36 1.4
      vertex 82.24 16.08 1.4
    endloop
  endfacet
  facet normal 0 1 -0
    outer loop
      vertex 90.52 16.08 1.4
      vertex 82.24 16.08 43.82
      vertex 90.52 16.08 43.82
    endloop
  endfacet
  facet normal 0 1 0
    outer loop
      vertex 82.24 16.08 43.82
      vertex 90.52 16.08 1.4
      vertex 82.24 16.08 1.4
    endloop
  endfacet
  facet normal 0 -1 0
    outer loop
      vertex 82.24 24.36 1.4
      vertex 90.52 24.36 43.82
      vertex 82.24 24.36 43.82
    endloop
  endfacet
  facet normal 0 -1 -0
    outer loop
      vertex 90.52 24.36 43.82
      vertex 82.24 24.36 1.4
      vertex 90.52 24.36 1.4
    endloop
  endfacet
  facet normal 1 -0 0
    outer loop
      vertex 82.24 7.08 43.82
      vertex 82.24 15.36 1.4
      vertex 82.24 15.36 43.82
    endloop
  endfacet
  facet normal 1 0 0
    outer loop
      vertex 82.24 15.36 1.4
      vertex 82.24 7.08 43.82
      vertex 82.24 7.08 1.4
    endloop
  endfacet
  facet normal -1 0 0
    outer loop
      vertex 90.52 7.08 1.4
      vertex 90.52 15.36 43.82
      vertex 90.52 15.36 1.4
    endloop
  endfacet
  facet normal -1 -0 0
    outer loop
      vertex 90.52 15.36 43.82
      vertex 90.52 7.08 1.4
      vertex 90.52 7.08 43.82
    endloop
  endfacet
  facet normal -0 0 1
    outer loop
      vertex 82.24 15.36 1.4
      vertex 90.52 7.08 1.4
      vertex 90.52 15.36 1.4
    endloop
  endfacet
  facet normal 0 0 1
    outer loop
      vertex 90.52 7.08 1.4
      vertex 82.24 15.36 1.4
      vertex 82.24 7.08 1.4
    endloop
  endfacet
  facet normal 0 1 -0
    outer loop
      vertex 90.52 7.08 1.4
      vertex 82.24 7.08 43.82
      vertex 90.52 7.08 43.82
    endloop
  endfacet
  facet normal 0 1 0
    outer loop
      vertex 82.24 7.08 43.82
      vertex 90.52 7.08 1.4
      vertex 82.24 7.08 1.4
    endloop
  endfacet
  facet normal 0 -1 0
    outer loop
      vertex 82.24 15.36 1.4
      vertex 90.52 15.36 43.82
      vertex 82.24 15.36 43.82
    endloop
  endfacet
  facet normal 0 -1 -0
    outer loop
      vertex 90.52 15.36 43.82
      vertex 82.24 15.36 1.4
      vertex 90.52 15.36 1.4
    endloop
  endfacet
  facet normal 1 -0 0
    outer loop
      vertex 91.24 70.08 43.82
      vertex 91.24 78.36 1.4
      vertex 91.24 78.36 43.82
    endloop
  endfacet
  facet normal 1 0 0
    outer loop
      vertex 91.24 78.36 1.4
      vertex 91.24 70.08 43.82
      vertex 91.24 70.08 1.4
    endloop
  endfacet
  facet normal -1 0 0
    outer loop
      vertex 99.52 70.08 1.4
      vertex 99.52 78.36 43.82
      vertex 99.52 78.36 1.4
    endloop
  endfacet
  facet normal -1 -0 0
    outer loop
      vertex 99.52 78.36 43.82
      vertex 99.52 70.08 1.4
      vertex 99.52 70.08 43.82
    endloop
  endfacet
  facet normal -0 0 1
    outer loop
      vertex 91.24 78.36 1.4
      vertex 99.52 70.08 1.4
      vertex 99.52 78.36 1.4
    endloop
  endfacet
  facet normal 0 0 1
    outer loop
      vertex 99.52 70.08 1.4
      vertex 91.24 78.36 1.4
      vertex 91.24 70.08 1.4
    endloop
  endfacet
  facet normal 0 1 -0
    outer loop
      vertex 99.52 70.08 1.4
      vertex 91.24 70.08 43.82
      vertex 99.52 70.08 43.82
    endloop
  endfacet
  facet normal 0 1 0
    outer loop
      vertex 91.24 70.08 43.82
      vertex 99.52 70.08 1.4
      vertex 91.24 70.08 1.4
    endloop
  endfacet
  facet normal 0 -1 0
    outer loop
      vertex 91.24 78.36 1.4
      vertex 99.52 78.36 43.82
      vertex 91.24 78.36 43.82
    endloop
  endfacet
  facet normal 0 -1 -0
    outer loop
      vertex 99.52 78.36 43.82
      vertex 91.24 78.36 1.4
      vertex 99.52 78.36 1.4
    endloop
  endfacet
  facet normal 1 -0 0
    outer loop
      vertex 91.24 61.08 43.82
      vertex 91.24 69.36 1.4
      vertex 91.24 69.36 43.82
    endloop
  endfacet
  facet normal 1 0 0
    outer loop
      vertex 91.24 69.36 1.4
      vertex 91.24 61.08 43.82
      vertex 91.24 61.08 1.4
    endloop
  endfacet
  facet normal -1 0 0
    outer loop
      vertex 99.52 61.08 1.4
      vertex 99.52 69.36 43.82
      vertex 99.52 69.36 1.4
    endloop
  endfacet
  facet normal -1 -0 0
    outer loop
      vertex 99.52 69.36 43.82
      vertex 99.52 61.08 1.4
      vertex 99.52 61.08 43.82
    endloop
  endfacet
  facet normal 0 -1 0
    outer loop
      vertex 91.24 69.36 1.4
      vertex 99.52 69.36 43.82
      vertex 91.24 69.36 43.82
    endloop
  endfacet
  facet normal 0 -1 -0
    outer loop
      vertex 99.52 69.36 43.82
      vertex 91.24 69.36 1.4
      vertex 99.52 69.36 1.4
    endloop
  endfacet
  facet normal -0 0 1
    outer loop
      vertex 91.24 69.36 1.4
      vertex 99.52 61.08 1.4
      vertex 99.52 69.36 1.4
    endloop
  endfacet
  facet normal 0 0 1
    outer loop
      vertex 99.52 61.08 1.4
      vertex 91.24 69.36 1.4
      vertex 91.24 61.08 1.4
    endloop
  endfacet
  facet normal 0 1 -0
    outer loop
      vertex 99.52 61.08 1.4
      vertex 91.24 61.08 43.82
      vertex 99.52 61.08 43.82
    endloop
  endfacet
  facet normal 0 1 0
    outer loop
      vertex 91.24 61.08 43.82
      vertex 99.52 61.08 1.4
      vertex 91.24 61.08 1.4
    endloop
  endfacet
  facet normal 1 -0 0
    outer loop
      vertex 91.24 52.08 43.82
      vertex 91.24 60.36 1.4
      vertex 91.24 60.36 43.82
    endloop
  endfacet
  facet normal 1 0 0
    outer loop
      vertex 91.24 60.36 1.4
      vertex 91.24 52.08 43.82
      vertex 91.24 52.08 1.4
    endloop
  endfacet
  facet normal -1 0 0
    outer loop
      vertex 99.52 52.08 1.4
      vertex 99.52 60.36 43.82
      vertex 99.52 60.36 1.4
    endloop
  endfacet
  facet normal -1 -0 0
    outer loop
      vertex 99.52 60.36 43.82
      vertex 99.52 52.08 1.4
      vertex 99.52 52.08 43.82
    endloop
  endfacet
  facet normal -0 0 1
    outer loop
      vertex 91.24 60.36 1.4
      vertex 99.52 52.08 1.4
      vertex 99.52 60.36 1.4
    endloop
  endfacet
  facet normal 0 0 1
    outer loop
      vertex 99.52 52.08 1.4
      vertex 91.24 60.36 1.4
      vertex 91.24 52.08 1.4
    endloop
  endfacet
  facet normal 0 1 -0
    outer loop
      vertex 99.52 52.08 1.4
      vertex 91.24 52.08 43.82
      vertex 99.52 52.08 43.82
    endloop
  endfacet
  facet normal 0 1 0
    outer loop
      vertex 91.24 52.08 43.82
      vertex 99.52 52.08 1.4
      vertex 91.24 52.08 1.4
    endloop
  endfacet
  facet normal 0 -1 0
    outer loop
      vertex 91.24 60.36 1.4
      vertex 99.52 60.36 43.82
      vertex 91.24 60.36 43.82
    endloop
  endfacet
  facet normal 0 -1 -0
    outer loop
      vertex 99.52 60.36 43.82
      vertex 91.24 60.36 1.4
      vertex 99.52 60.36 1.4
    endloop
  endfacet
  facet normal 1 -0 0
    outer loop
      vertex 91.24 43.08 43.82
      vertex 91.24 51.36 1.4
      vertex 91.24 51.36 43.82
    endloop
  endfacet
  facet normal 1 0 0
    outer loop
      vertex 91.24 51.36 1.4
      vertex 91.24 43.08 43.82
      vertex 91.24 43.08 1.4
    endloop
  endfacet
  facet normal -1 0 0
    outer loop
      vertex 99.52 43.08 1.4
      vertex 99.52 51.36 43.82
      vertex 99.52 51.36 1.4
    endloop
  endfacet
  facet normal -1 -0 0
    outer loop
      vertex 99.52 51.36 43.82
      vertex 99.52 43.08 1.4
      vertex 99.52 43.08 43.82
    endloop
  endfacet
  facet normal 0 -1 0
    outer loop
      vertex 91.24 51.36 1.4
      vertex 99.52 51.36 43.82
      vertex 91.24 51.36 43.82
    endloop
  endfacet
  facet normal 0 -1 -0
    outer loop
      vertex 99.52 51.36 43.82
      vertex 91.24 51.36 1.4
      vertex 99.52 51.36 1.4
    endloop
  endfacet
  facet normal -0 0 1
    outer loop
      vertex 91.24 51.36 1.4
      vertex 99.52 43.08 1.4
      vertex 99.52 51.36 1.4
    endloop
  endfacet
  facet normal 0 0 1
    outer loop
      vertex 99.52 43.08 1.4
      vertex 91.24 51.36 1.4
      vertex 91.24 43.08 1.4
    endloop
  endfacet
  facet normal 0 1 -0
    outer loop
      vertex 99.52 43.08 1.4
      vertex 91.24 43.08 43.82
      vertex 99.52 43.08 43.82
    endloop
  endfacet
  facet normal 0 1 0
    outer loop
      vertex 91.24 43.08 43.82
      vertex 99.52 43.08 1.4
      vertex 91.24 43.08 1.4
    endloop
  endfacet
  facet normal 1 -0 0
    outer loop
      vertex 91.24 34.08 43.82
      vertex 91.24 42.36 1.4
      vertex 91.24 42.36 43.82
    endloop
  endfacet
  facet normal 1 0 0
    outer loop
      vertex 91.24 42.36 1.4
      vertex 91.24 34.08 43.82
      vertex 91.24 34.08 1.4
    endloop
  endfacet
  facet normal -1 0 0
    outer loop
      vertex 99.52 34.08 1.4
      vertex 99.52 42.36 43.82
      vertex 99.52 42.36 1.4
    endloop
  endfacet
  facet normal -1 -0 0
    outer loop
      vertex 99.52 42.36 43.82
      vertex 99.52 34.08 1.4
      vertex 99.52 34.08 43.82
    endloop
  endfacet
  facet normal 0 -1 0
    outer loop
      vertex 91.24 42.36 1.4
      vertex 99.52 42.36 43.82
      vertex 91.24 42.36 43.82
    endloop
  endfacet
  facet normal 0 -1 -0
    outer loop
      vertex 99.52 42.36 43.82
      vertex 91.24 42.36 1.4
      vertex 99.52 42.36 1.4
    endloop
  endfacet
  facet normal -0 0 1
    outer loop
      vertex 91.24 42.36 1.4
      vertex 99.52 34.08 1.4
      vertex 99.52 42.36 1.4
    endloop
  endfacet
  facet normal 0 0 1
    outer loop
      vertex 99.52 34.08 1.4
      vertex 91.24 42.36 1.4
      vertex 91.24 34.08 1.4
    endloop
  endfacet
  facet normal 0 1 -0
    outer loop
      vertex 99.52 34.08 1.4
      vertex 91.24 34.08 43.82
      vertex 99.52 34.08 43.82
    endloop
  endfacet
  facet normal 0 1 0
    outer loop
      vertex 91.24 34.08 43.82
      vertex 99.52 34.08 1.4
      vertex 91.24 34.08 1.4
    endloop
  endfacet
  facet normal 1 -0 0
    outer loop
      vertex 91.24 25.08 43.82
      vertex 91.24 33.36 1.4
      vertex 91.24 33.36 43.82
    endloop
  endfacet
  facet normal 1 0 0
    outer loop
      vertex 91.24 33.36 1.4
      vertex 91.24 25.08 43.82
      vertex 91.24 25.08 1.4
    endloop
  endfacet
  facet normal -1 0 0
    outer loop
      vertex 99.52 25.08 1.4
      vertex 99.52 33.36 43.82
      vertex 99.52 33.36 1.4
    endloop
  endfacet
  facet normal -1 -0 0
    outer loop
      vertex 99.52 33.36 43.82
      vertex 99.52 25.08 1.4
      vertex 99.52 25.08 43.82
    endloop
  endfacet
  facet normal 0 -1 0
    outer loop
      vertex 91.24 33.36 1.4
      vertex 99.52 33.36 43.82
      vertex 91.24 33.36 43.82
    endloop
  endfacet
  facet normal 0 -1 -0
    outer loop
      vertex 99.52 33.36 43.82
      vertex 91.24 33.36 1.4
      vertex 99.52 33.36 1.4
    endloop
  endfacet
  facet normal -0 0 1
    outer loop
      vertex 91.24 33.36 1.4
      vertex 99.52 25.08 1.4
      vertex 99.52 33.36 1.4
    endloop
  endfacet
  facet normal 0 0 1
    outer loop
      vertex 99.52 25.08 1.4
      vertex 91.24 33.36 1.4
      vertex 91.24 25.08 1.4
    endloop
  endfacet
  facet normal 0 1 -0
    outer loop
      vertex 99.52 25.08 1.4
      vertex 91.24 25.08 43.82
      vertex 99.52 25.08 43.82
    endloop
  endfacet
  facet normal 0 1 0
    outer loop
      vertex 91.24 25.08 43.82
      vertex 99.52 25.08 1.4
      vertex 91.24 25.08 1.4
    endloop
  endfacet
  facet normal 1 -0 0
    outer loop
      vertex 91.24 16.08 43.82
      vertex 91.24 24.36 1.4
      vertex 91.24 24.36 43.82
    endloop
  endfacet
  facet normal 1 0 0
    outer loop
      vertex 91.24 24.36 1.4
      vertex 91.24 16.08 43.82
      vertex 91.24 16.08 1.4
    endloop
  endfacet
  facet normal -1 0 0
    outer loop
      vertex 99.52 16.08 1.4
      vertex 99.52 24.36 43.82
      vertex 99.52 24.36 1.4
    endloop
  endfacet
  facet normal -1 -0 0
    outer loop
      vertex 99.52 24.36 43.82
      vertex 99.52 16.08 1.4
      vertex 99.52 16.08 43.82
    endloop
  endfacet
  facet normal 0 -1 0
    outer loop
      vertex 91.24 24.36 1.4
      vertex 99.52 24.36 43.82
      vertex 91.24 24.36 43.82
    endloop
  endfacet
  facet normal 0 -1 -0
    outer loop
      vertex 99.52 24.36 43.82
      vertex 91.24 24.36 1.4
      vertex 99.52 24.36 1.4
    endloop
  endfacet
  facet normal -0 0 1
    outer loop
      vertex 91.24 24.36 1.4
      vertex 99.52 16.08 1.4
      vertex 99.52 24.36 1.4
    endloop
  endfacet
  facet normal 0 0 1
    outer loop
      vertex 99.52 16.08 1.4
      vertex 91.24 24.36 1.4
      vertex 91.24 16.08 1.4
    endloop
  endfacet
  facet normal 0 1 -0
    outer loop
      vertex 99.52 16.08 1.4
      vertex 91.24 16.08 43.82
      vertex 99.52 16.08 43.82
    endloop
  endfacet
  facet normal 0 1 0
    outer loop
      vertex 91.24 16.08 43.82
      vertex 99.52 16.08 1.4
      vertex 91.24 16.08 1.4
    endloop
  endfacet
  facet normal 1 -0 0
    outer loop
      vertex 91.24 7.08 43.82
      vertex 91.24 15.36 1.4
      vertex 91.24 15.36 43.82
    endloop
  endfacet
  facet normal 1 0 0
    outer loop
      vertex 91.24 15.36 1.4
      vertex 91.24 7.08 43.82
      vertex 91.24 7.08 1.4
    endloop
  endfacet
  facet normal -1 0 0
    outer loop
      vertex 99.52 7.08 1.4
      vertex 99.52 15.36 43.82
      vertex 99.52 15.36 1.4
    endloop
  endfacet
  facet normal -1 -0 0
    outer loop
      vertex 99.52 15.36 43.82
      vertex 99.52 7.08 1.4
      vertex 99.52 7.08 43.82
    endloop
  endfacet
  facet normal -0 0 1
    outer loop
      vertex 91.24 15.36 1.4
      vertex 99.52 7.08 1.4
      vertex 99.52 15.36 1.4
    endloop
  endfacet
  facet normal 0 0 1
    outer loop
      vertex 99.52 7.08 1.4
      vertex 91.24 15.36 1.4
      vertex 91.24 7.08 1.4
    endloop
  endfacet
  facet normal 0 1 -0
    outer loop
      vertex 99.52 7.08 1.4
      vertex 91.24 7.08 43.82
      vertex 99.52 7.08 43.82
    endloop
  endfacet
  facet normal 0 1 0
    outer loop
      vertex 91.24 7.08 43.82
      vertex 99.52 7.08 1.4
      vertex 91.24 7.08 1.4
    endloop
  endfacet
  facet normal 0 -1 0
    outer loop
      vertex 91.24 15.36 1.4
      vertex 99.52 15.36 43.82
      vertex 91.24 15.36 43.82
    endloop
  endfacet
  facet normal 0 -1 -0
    outer loop
      vertex 99.52 15.36 43.82
      vertex 91.24 15.36 1.4
      vertex 99.52 15.36 1.4
    endloop
  endfacet
  facet normal 1 -0 0
    outer loop
      vertex 100.24 70.08 43.82
      vertex 100.24 78.36 1.4
      vertex 100.24 78.36 43.82
    endloop
  endfacet
  facet normal 1 0 0
    outer loop
      vertex 100.24 78.36 1.4
      vertex 100.24 70.08 43.82
      vertex 100.24 70.08 1.4
    endloop
  endfacet
  facet normal -1 0 0
    outer loop
      vertex 108.52 70.08 1.4
      vertex 108.52 78.36 43.82
      vertex 108.52 78.36 1.4
    endloop
  endfacet
  facet normal -1 -0 0
    outer loop
      vertex 108.52 78.36 43.82
      vertex 108.52 70.08 1.4
      vertex 108.52 70.08 43.82
    endloop
  endfacet
  facet normal -0 0 1
    outer loop
      vertex 100.24 78.36 1.4
      vertex 108.52 70.08 1.4
      vertex 108.52 78.36 1.4
    endloop
  endfacet
  facet normal 0 0 1
    outer loop
      vertex 108.52 70.08 1.4
      vertex 100.24 78.36 1.4
      vertex 100.24 70.08 1.4
    endloop
  endfacet
  facet normal 0 1 -0
    outer loop
      vertex 108.52 70.08 1.4
      vertex 100.24 70.08 43.82
      vertex 108.52 70.08 43.82
    endloop
  endfacet
  facet normal 0 1 0
    outer loop
      vertex 100.24 70.08 43.82
      vertex 108.52 70.08 1.4
      vertex 100.24 70.08 1.4
    endloop
  endfacet
  facet normal 0 -1 0
    outer loop
      vertex 100.24 78.36 1.4
      vertex 108.52 78.36 43.82
      vertex 100.24 78.36 43.82
    endloop
  endfacet
  facet normal 0 -1 -0
    outer loop
      vertex 108.52 78.36 43.82
      vertex 100.24 78.36 1.4
      vertex 108.52 78.36 1.4
    endloop
  endfacet
  facet normal 1 -0 0
    outer loop
      vertex 100.24 61.08 43.82
      vertex 100.24 69.36 1.4
      vertex 100.24 69.36 43.82
    endloop
  endfacet
  facet normal 1 0 0
    outer loop
      vertex 100.24 69.36 1.4
      vertex 100.24 61.08 43.82
      vertex 100.24 61.08 1.4
    endloop
  endfacet
  facet normal -1 0 0
    outer loop
      vertex 108.52 61.08 1.4
      vertex 108.52 69.36 43.82
      vertex 108.52 69.36 1.4
    endloop
  endfacet
  facet normal -1 -0 0
    outer loop
      vertex 108.52 69.36 43.82
      vertex 108.52 61.08 1.4
      vertex 108.52 61.08 43.82
    endloop
  endfacet
  facet normal 0 -1 0
    outer loop
      vertex 100.24 69.36 1.4
      vertex 108.52 69.36 43.82
      vertex 100.24 69.36 43.82
    endloop
  endfacet
  facet normal 0 -1 -0
    outer loop
      vertex 108.52 69.36 43.82
      vertex 100.24 69.36 1.4
      vertex 108.52 69.36 1.4
    endloop
  endfacet
  facet normal -0 0 1
    outer loop
      vertex 100.24 69.36 1.4
      vertex 108.52 61.08 1.4
      vertex 108.52 69.36 1.4
    endloop
  endfacet
  facet normal 0 0 1
    outer loop
      vertex 108.52 61.08 1.4
      vertex 100.24 69.36 1.4
      vertex 100.24 61.08 1.4
    endloop
  endfacet
  facet normal 0 1 -0
    outer loop
      vertex 108.52 61.08 1.4
      vertex 100.24 61.08 43.82
      vertex 108.52 61.08 43.82
    endloop
  endfacet
  facet normal 0 1 0
    outer loop
      vertex 100.24 61.08 43.82
      vertex 108.52 61.08 1.4
      vertex 100.24 61.08 1.4
    endloop
  endfacet
  facet normal 1 -0 0
    outer loop
      vertex 100.24 52.08 43.82
      vertex 100.24 60.36 1.4
      vertex 100.24 60.36 43.82
    endloop
  endfacet
  facet normal 1 0 0
    outer loop
      vertex 100.24 60.36 1.4
      vertex 100.24 52.08 43.82
      vertex 100.24 52.08 1.4
    endloop
  endfacet
  facet normal -1 0 0
    outer loop
      vertex 108.52 52.08 1.4
      vertex 108.52 60.36 43.82
      vertex 108.52 60.36 1.4
    endloop
  endfacet
  facet normal -1 -0 0
    outer loop
      vertex 108.52 60.36 43.82
      vertex 108.52 52.08 1.4
      vertex 108.52 52.08 43.82
    endloop
  endfacet
  facet normal -0 0 1
    outer loop
      vertex 100.24 60.36 1.4
      vertex 108.52 52.08 1.4
      vertex 108.52 60.36 1.4
    endloop
  endfacet
  facet normal 0 0 1
    outer loop
      vertex 108.52 52.08 1.4
      vertex 100.24 60.36 1.4
      vertex 100.24 52.08 1.4
    endloop
  endfacet
  facet normal 0 1 -0
    outer loop
      vertex 108.52 52.08 1.4
      vertex 100.24 52.08 43.82
      vertex 108.52 52.08 43.82
    endloop
  endfacet
  facet normal 0 1 0
    outer loop
      vertex 100.24 52.08 43.82
      vertex 108.52 52.08 1.4
      vertex 100.24 52.08 1.4
    endloop
  endfacet
  facet normal 0 -1 0
    outer loop
      vertex 100.24 60.36 1.4
      vertex 108.52 60.36 43.82
      vertex 100.24 60.36 43.82
    endloop
  endfacet
  facet normal 0 -1 -0
    outer loop
      vertex 108.52 60.36 43.82
      vertex 100.24 60.36 1.4
      vertex 108.52 60.36 1.4
    endloop
  endfacet
  facet normal 1 -0 0
    outer loop
      vertex 100.24 43.08 43.82
      vertex 100.24 51.36 1.4
      vertex 100.24 51.36 43.82
    endloop
  endfacet
  facet normal 1 0 0
    outer loop
      vertex 100.24 51.36 1.4
      vertex 100.24 43.08 43.82
      vertex 100.24 43.08 1.4
    endloop
  endfacet
  facet normal -1 0 0
    outer loop
      vertex 108.52 43.08 1.4
      vertex 108.52 51.36 43.82
      vertex 108.52 51.36 1.4
    endloop
  endfacet
  facet normal -1 -0 0
    outer loop
      vertex 108.52 51.36 43.82
      vertex 108.52 43.08 1.4
      vertex 108.52 43.08 43.82
    endloop
  endfacet
  facet normal -0 0 1
    outer loop
      vertex 100.24 51.36 1.4
      vertex 108.52 43.08 1.4
      vertex 108.52 51.36 1.4
    endloop
  endfacet
  facet normal 0 0 1
    outer loop
      vertex 108.52 43.08 1.4
      vertex 100.24 51.36 1.4
      vertex 100.24 43.08 1.4
    endloop
  endfacet
  facet normal 0 1 -0
    outer loop
      vertex 108.52 43.08 1.4
      vertex 100.24 43.08 43.82
      vertex 108.52 43.08 43.82
    endloop
  endfacet
  facet normal 0 1 0
    outer loop
      vertex 100.24 43.08 43.82
      vertex 108.52 43.08 1.4
      vertex 100.24 43.08 1.4
    endloop
  endfacet
  facet normal 0 -1 0
    outer loop
      vertex 100.24 51.36 1.4
      vertex 108.52 51.36 43.82
      vertex 100.24 51.36 43.82
    endloop
  endfacet
  facet normal 0 -1 -0
    outer loop
      vertex 108.52 51.36 43.82
      vertex 100.24 51.36 1.4
      vertex 108.52 51.36 1.4
    endloop
  endfacet
  facet normal 1 -0 0
    outer loop
      vertex 100.24 34.08 43.82
      vertex 100.24 42.36 1.4
      vertex 100.24 42.36 43.82
    endloop
  endfacet
  facet normal 1 0 0
    outer loop
      vertex 100.24 42.36 1.4
      vertex 100.24 34.08 43.82
      vertex 100.24 34.08 1.4
    endloop
  endfacet
  facet normal -1 0 0
    outer loop
      vertex 108.52 34.08 1.4
      vertex 108.52 42.36 43.82
      vertex 108.52 42.36 1.4
    endloop
  endfacet
  facet normal -1 -0 0
    outer loop
      vertex 108.52 42.36 43.82
      vertex 108.52 34.08 1.4
      vertex 108.52 34.08 43.82
    endloop
  endfacet
  facet normal -0 0 1
    outer loop
      vertex 100.24 42.36 1.4
      vertex 108.52 34.08 1.4
      vertex 108.52 42.36 1.4
    endloop
  endfacet
  facet normal 0 0 1
    outer loop
      vertex 108.52 34.08 1.4
      vertex 100.24 42.36 1.4
      vertex 100.24 34.08 1.4
    endloop
  endfacet
  facet normal 0 1 -0
    outer loop
      vertex 108.52 34.08 1.4
      vertex 100.24 34.08 43.82
      vertex 108.52 34.08 43.82
    endloop
  endfacet
  facet normal 0 1 0
    outer loop
      vertex 100.24 34.08 43.82
      vertex 108.52 34.08 1.4
      vertex 100.24 34.08 1.4
    endloop
  endfacet
  facet normal 0 -1 0
    outer loop
      vertex 100.24 42.36 1.4
      vertex 108.52 42.36 43.82
      vertex 100.24 42.36 43.82
    endloop
  endfacet
  facet normal 0 -1 -0
    outer loop
      vertex 108.52 42.36 43.82
      vertex 100.24 42.36 1.4
      vertex 108.52 42.36 1.4
    endloop
  endfacet
  facet normal 1 -0 0
    outer loop
      vertex 100.24 25.08 43.82
      vertex 100.24 33.36 1.4
      vertex 100.24 33.36 43.82
    endloop
  endfacet
  facet normal 1 0 0
    outer loop
      vertex 100.24 33.36 1.4
      vertex 100.24 25.08 43.82
      vertex 100.24 25.08 1.4
    endloop
  endfacet
  facet normal -1 0 0
    outer loop
      vertex 108.52 25.08 1.4
      vertex 108.52 33.36 43.82
      vertex 108.52 33.36 1.4
    endloop
  endfacet
  facet normal -1 -0 0
    outer loop
      vertex 108.52 33.36 43.82
      vertex 108.52 25.08 1.4
      vertex 108.52 25.08 43.82
    endloop
  endfacet
  facet normal -0 0 1
    outer loop
      vertex 100.24 33.36 1.4
      vertex 108.52 25.08 1.4
      vertex 108.52 33.36 1.4
    endloop
  endfacet
  facet normal 0 0 1
    outer loop
      vertex 108.52 25.08 1.4
      vertex 100.24 33.36 1.4
      vertex 100.24 25.08 1.4
    endloop
  endfacet
  facet normal 0 1 -0
    outer loop
      vertex 108.52 25.08 1.4
      vertex 100.24 25.08 43.82
      vertex 108.52 25.08 43.82
    endloop
  endfacet
  facet normal 0 1 0
    outer loop
      vertex 100.24 25.08 43.82
      vertex 108.52 25.08 1.4
      vertex 100.24 25.08 1.4
    endloop
  endfacet
  facet normal 0 -1 0
    outer loop
      vertex 100.24 33.36 1.4
      vertex 108.52 33.36 43.82
      vertex 100.24 33.36 43.82
    endloop
  endfacet
  facet normal 0 -1 -0
    outer loop
      vertex 108.52 33.36 43.82
      vertex 100.24 33.36 1.4
      vertex 108.52 33.36 1.4
    endloop
  endfacet
  facet normal 1 -0 0
    outer loop
      vertex 100.24 16.08 43.82
      vertex 100.24 24.36 1.4
      vertex 100.24 24.36 43.82
    endloop
  endfacet
  facet normal 1 0 0
    outer loop
      vertex 100.24 24.36 1.4
      vertex 100.24 16.08 43.82
      vertex 100.24 16.08 1.4
    endloop
  endfacet
  facet normal -1 0 0
    outer loop
      vertex 108.52 16.08 1.4
      vertex 108.52 24.36 43.82
      vertex 108.52 24.36 1.4
    endloop
  endfacet
  facet normal -1 -0 0
    outer loop
      vertex 108.52 24.36 43.82
      vertex 108.52 16.08 1.4
      vertex 108.52 16.08 43.82
    endloop
  endfacet
  facet normal -0 0 1
    outer loop
      vertex 100.24 24.36 1.4
      vertex 108.52 16.08 1.4
      vertex 108.52 24.36 1.4
    endloop
  endfacet
  facet normal 0 0 1
    outer loop
      vertex 108.52 16.08 1.4
      vertex 100.24 24.36 1.4
      vertex 100.24 16.08 1.4
    endloop
  endfacet
  facet normal 0 1 -0
    outer loop
      vertex 108.52 16.08 1.4
      vertex 100.24 16.08 43.82
      vertex 108.52 16.08 43.82
    endloop
  endfacet
  facet normal 0 1 0
    outer loop
      vertex 100.24 16.08 43.82
      vertex 108.52 16.08 1.4
      vertex 100.24 16.08 1.4
    endloop
  endfacet
  facet normal 0 -1 0
    outer loop
      vertex 100.24 24.36 1.4
      vertex 108.52 24.36 43.82
      vertex 100.24 24.36 43.82
    endloop
  endfacet
  facet normal 0 -1 -0
    outer loop
      vertex 108.52 24.36 43.82
      vertex 100.24 24.36 1.4
      vertex 108.52 24.36 1.4
    endloop
  endfacet
  facet normal 1 -0 0
    outer loop
      vertex 100.24 7.08 43.82
      vertex 100.24 15.36 1.4
      vertex 100.24 15.36 43.82
    endloop
  endfacet
  facet normal 1 0 0
    outer loop
      vertex 100.24 15.36 1.4
      vertex 100.24 7.08 43.82
      vertex 100.24 7.08 1.4
    endloop
  endfacet
  facet normal -1 0 0
    outer loop
      vertex 108.52 7.08 1.4
      vertex 108.52 15.36 43.82
      vertex 108.52 15.36 1.4
    endloop
  endfacet
  facet normal -1 -0 0
    outer loop
      vertex 108.52 15.36 43.82
      vertex 108.52 7.08 1.4
      vertex 108.52 7.08 43.82
    endloop
  endfacet
  facet normal -0 0 1
    outer loop
      vertex 100.24 15.36 1.4
      vertex 108.52 7.08 1.4
      vertex 108.52 15.36 1.4
    endloop
  endfacet
  facet normal 0 0 1
    outer loop
      vertex 108.52 7.08 1.4
      vertex 100.24 15.36 1.4
      vertex 100.24 7.08 1.4
    endloop
  endfacet
  facet normal 0 1 -0
    outer loop
      vertex 108.52 7.08 1.4
      vertex 100.24 7.08 43.82
      vertex 108.52 7.08 43.82
    endloop
  endfacet
  facet normal 0 1 0
    outer loop
      vertex 100.24 7.08 43.82
      vertex 108.52 7.08 1.4
      vertex 100.24 7.08 1.4
    endloop
  endfacet
  facet normal 0 -1 0
    outer loop
      vertex 100.24 15.36 1.4
      vertex 108.52 15.36 43.82
      vertex 100.24 15.36 43.82
    endloop
  endfacet
  facet normal 0 -1 -0
    outer loop
      vertex 108.52 15.36 43.82
      vertex 100.24 15.36 1.4
      vertex 108.52 15.36 1.4
    endloop
  endfacet
  facet normal 1 -0 0
    outer loop
      vertex 109.24 70.08 43.82
      vertex 109.24 78.36 1.4
      vertex 109.24 78.36 43.82
    endloop
  endfacet
  facet normal 1 0 0
    outer loop
      vertex 109.24 78.36 1.4
      vertex 109.24 70.08 43.82
      vertex 109.24 70.08 1.4
    endloop
  endfacet
  facet normal -1 0 0
    outer loop
      vertex 117.52 70.08 1.4
      vertex 117.52 78.36 43.82
      vertex 117.52 78.36 1.4
    endloop
  endfacet
  facet normal -1 -0 0
    outer loop
      vertex 117.52 78.36 43.82
      vertex 117.52 70.08 1.4
      vertex 117.52 70.08 43.82
    endloop
  endfacet
  facet normal -0 0 1
    outer loop
      vertex 109.24 78.36 1.4
      vertex 117.52 70.08 1.4
      vertex 117.52 78.36 1.4
    endloop
  endfacet
  facet normal 0 0 1
    outer loop
      vertex 117.52 70.08 1.4
      vertex 109.24 78.36 1.4
      vertex 109.24 70.08 1.4
    endloop
  endfacet
  facet normal 0 1 -0
    outer loop
      vertex 117.52 70.08 1.4
      vertex 109.24 70.08 43.82
      vertex 117.52 70.08 43.82
    endloop
  endfacet
  facet normal 0 1 0
    outer loop
      vertex 109.24 70.08 43.82
      vertex 117.52 70.08 1.4
      vertex 109.24 70.08 1.4
    endloop
  endfacet
  facet normal 0 -1 0
    outer loop
      vertex 109.24 78.36 1.4
      vertex 117.52 78.36 43.82
      vertex 109.24 78.36 43.82
    endloop
  endfacet
  facet normal 0 -1 -0
    outer loop
      vertex 117.52 78.36 43.82
      vertex 109.24 78.36 1.4
      vertex 117.52 78.36 1.4
    endloop
  endfacet
  facet normal 1 -0 0
    outer loop
      vertex 109.24 61.08 43.82
      vertex 109.24 69.36 1.4
      vertex 109.24 69.36 43.82
    endloop
  endfacet
  facet normal 1 0 0
    outer loop
      vertex 109.24 69.36 1.4
      vertex 109.24 61.08 43.82
      vertex 109.24 61.08 1.4
    endloop
  endfacet
  facet normal -1 0 0
    outer loop
      vertex 117.52 61.08 1.4
      vertex 117.52 69.36 43.82
      vertex 117.52 69.36 1.4
    endloop
  endfacet
  facet normal -1 -0 0
    outer loop
      vertex 117.52 69.36 43.82
      vertex 117.52 61.08 1.4
      vertex 117.52 61.08 43.82
    endloop
  endfacet
  facet normal -0 0 1
    outer loop
      vertex 109.24 69.36 1.4
      vertex 117.52 61.08 1.4
      vertex 117.52 69.36 1.4
    endloop
  endfacet
  facet normal 0 0 1
    outer loop
      vertex 117.52 61.08 1.4
      vertex 109.24 69.36 1.4
      vertex 109.24 61.08 1.4
    endloop
  endfacet
  facet normal 0 1 -0
    outer loop
      vertex 117.52 61.08 1.4
      vertex 109.24 61.08 43.82
      vertex 117.52 61.08 43.82
    endloop
  endfacet
  facet normal 0 1 0
    outer loop
      vertex 109.24 61.08 43.82
      vertex 117.52 61.08 1.4
      vertex 109.24 61.08 1.4
    endloop
  endfacet
  facet normal 0 -1 0
    outer loop
      vertex 109.24 69.36 1.4
      vertex 117.52 69.36 43.82
      vertex 109.24 69.36 43.82
    endloop
  endfacet
  facet normal 0 -1 -0
    outer loop
      vertex 117.52 69.36 43.82
      vertex 109.24 69.36 1.4
      vertex 117.52 69.36 1.4
    endloop
  endfacet
  facet normal 1 -0 0
    outer loop
      vertex 109.24 52.08 43.82
      vertex 109.24 60.36 1.4
      vertex 109.24 60.36 43.82
    endloop
  endfacet
  facet normal 1 0 0
    outer loop
      vertex 109.24 60.36 1.4
      vertex 109.24 52.08 43.82
      vertex 109.24 52.08 1.4
    endloop
  endfacet
  facet normal -1 0 0
    outer loop
      vertex 117.52 52.08 1.4
      vertex 117.52 60.36 43.82
      vertex 117.52 60.36 1.4
    endloop
  endfacet
  facet normal -1 -0 0
    outer loop
      vertex 117.52 60.36 43.82
      vertex 117.52 52.08 1.4
      vertex 117.52 52.08 43.82
    endloop
  endfacet
  facet normal 0 -1 0
    outer loop
      vertex 109.24 60.36 1.4
      vertex 117.52 60.36 43.82
      vertex 109.24 60.36 43.82
    endloop
  endfacet
  facet normal 0 -1 -0
    outer loop
      vertex 117.52 60.36 43.82
      vertex 109.24 60.36 1.4
      vertex 117.52 60.36 1.4
    endloop
  endfacet
  facet normal -0 0 1
    outer loop
      vertex 109.24 60.36 1.4
      vertex 117.52 52.08 1.4
      vertex 117.52 60.36 1.4
    endloop
  endfacet
  facet normal 0 0 1
    outer loop
      vertex 117.52 52.08 1.4
      vertex 109.24 60.36 1.4
      vertex 109.24 52.08 1.4
    endloop
  endfacet
  facet normal 0 1 -0
    outer loop
      vertex 117.52 52.08 1.4
      vertex 109.24 52.08 43.82
      vertex 117.52 52.08 43.82
    endloop
  endfacet
  facet normal 0 1 0
    outer loop
      vertex 109.24 52.08 43.82
      vertex 117.52 52.08 1.4
      vertex 109.24 52.08 1.4
    endloop
  endfacet
  facet normal 1 -0 0
    outer loop
      vertex 109.24 43.08 43.82
      vertex 109.24 51.36 1.4
      vertex 109.24 51.36 43.82
    endloop
  endfacet
  facet normal 1 0 0
    outer loop
      vertex 109.24 51.36 1.4
      vertex 109.24 43.08 43.82
      vertex 109.24 43.08 1.4
    endloop
  endfacet
  facet normal -1 0 0
    outer loop
      vertex 117.52 43.08 1.4
      vertex 117.52 51.36 43.82
      vertex 117.52 51.36 1.4
    endloop
  endfacet
  facet normal -1 -0 0
    outer loop
      vertex 117.52 51.36 43.82
      vertex 117.52 43.08 1.4
      vertex 117.52 43.08 43.82
    endloop
  endfacet
  facet normal 0 -1 0
    outer loop
      vertex 109.24 51.36 1.4
      vertex 117.52 51.36 43.82
      vertex 109.24 51.36 43.82
    endloop
  endfacet
  facet normal 0 -1 -0
    outer loop
      vertex 117.52 51.36 43.82
      vertex 109.24 51.36 1.4
      vertex 117.52 51.36 1.4
    endloop
  endfacet
  facet normal -0 0 1
    outer loop
      vertex 109.24 51.36 1.4
      vertex 117.52 43.08 1.4
      vertex 117.52 51.36 1.4
    endloop
  endfacet
  facet normal 0 0 1
    outer loop
      vertex 117.52 43.08 1.4
      vertex 109.24 51.36 1.4
      vertex 109.24 43.08 1.4
    endloop
  endfacet
  facet normal 0 1 -0
    outer loop
      vertex 117.52 43.08 1.4
      vertex 109.24 43.08 43.82
      vertex 117.52 43.08 43.82
    endloop
  endfacet
  facet normal 0 1 0
    outer loop
      vertex 109.24 43.08 43.82
      vertex 117.52 43.08 1.4
      vertex 109.24 43.08 1.4
    endloop
  endfacet
  facet normal 1 -0 0
    outer loop
      vertex 109.24 34.08 43.82
      vertex 109.24 42.36 1.4
      vertex 109.24 42.36 43.82
    endloop
  endfacet
  facet normal 1 0 0
    outer loop
      vertex 109.24 42.36 1.4
      vertex 109.24 34.08 43.82
      vertex 109.24 34.08 1.4
    endloop
  endfacet
  facet normal -1 0 0
    outer loop
      vertex 117.52 34.08 1.4
      vertex 117.52 42.36 43.82
      vertex 117.52 42.36 1.4
    endloop
  endfacet
  facet normal -1 -0 0
    outer loop
      vertex 117.52 42.36 43.82
      vertex 117.52 34.08 1.4
      vertex 117.52 34.08 43.82
    endloop
  endfacet
  facet normal 0 -1 0
    outer loop
      vertex 109.24 42.36 1.4
      vertex 117.52 42.36 43.82
      vertex 109.24 42.36 43.82
    endloop
  endfacet
  facet normal 0 -1 -0
    outer loop
      vertex 117.52 42.36 43.82
      vertex 109.24 42.36 1.4
      vertex 117.52 42.36 1.4
    endloop
  endfacet
  facet normal -0 0 1
    outer loop
      vertex 109.24 42.36 1.4
      vertex 117.52 34.08 1.4
      vertex 117.52 42.36 1.4
    endloop
  endfacet
  facet normal 0 0 1
    outer loop
      vertex 117.52 34.08 1.4
      vertex 109.24 42.36 1.4
      vertex 109.24 34.08 1.4
    endloop
  endfacet
  facet normal 0 1 -0
    outer loop
      vertex 117.52 34.08 1.4
      vertex 109.24 34.08 43.82
      vertex 117.52 34.08 43.82
    endloop
  endfacet
  facet normal 0 1 0
    outer loop
      vertex 109.24 34.08 43.82
      vertex 117.52 34.08 1.4
      vertex 109.24 34.08 1.4
    endloop
  endfacet
  facet normal 1 -0 0
    outer loop
      vertex 109.24 25.08 43.82
      vertex 109.24 33.36 1.4
      vertex 109.24 33.36 43.82
    endloop
  endfacet
  facet normal 1 0 0
    outer loop
      vertex 109.24 33.36 1.4
      vertex 109.24 25.08 43.82
      vertex 109.24 25.08 1.4
    endloop
  endfacet
  facet normal -1 0 0
    outer loop
      vertex 117.52 25.08 1.4
      vertex 117.52 33.36 43.82
      vertex 117.52 33.36 1.4
    endloop
  endfacet
  facet normal -1 -0 0
    outer loop
      vertex 117.52 33.36 43.82
      vertex 117.52 25.08 1.4
      vertex 117.52 25.08 43.82
    endloop
  endfacet
  facet normal -0 0 1
    outer loop
      vertex 109.24 33.36 1.4
      vertex 117.52 25.08 1.4
      vertex 117.52 33.36 1.4
    endloop
  endfacet
  facet normal 0 0 1
    outer loop
      vertex 117.52 25.08 1.4
      vertex 109.24 33.36 1.4
      vertex 109.24 25.08 1.4
    endloop
  endfacet
  facet normal 0 1 -0
    outer loop
      vertex 117.52 25.08 1.4
      vertex 109.24 25.08 43.82
      vertex 117.52 25.08 43.82
    endloop
  endfacet
  facet normal 0 1 0
    outer loop
      vertex 109.24 25.08 43.82
      vertex 117.52 25.08 1.4
      vertex 109.24 25.08 1.4
    endloop
  endfacet
  facet normal 0 -1 0
    outer loop
      vertex 109.24 33.36 1.4
      vertex 117.52 33.36 43.82
      vertex 109.24 33.36 43.82
    endloop
  endfacet
  facet normal 0 -1 -0
    outer loop
      vertex 117.52 33.36 43.82
      vertex 109.24 33.36 1.4
      vertex 117.52 33.36 1.4
    endloop
  endfacet
  facet normal 1 -0 0
    outer loop
      vertex 109.24 16.08 43.82
      vertex 109.24 24.36 1.4
      vertex 109.24 24.36 43.82
    endloop
  endfacet
  facet normal 1 0 0
    outer loop
      vertex 109.24 24.36 1.4
      vertex 109.24 16.08 43.82
      vertex 109.24 16.08 1.4
    endloop
  endfacet
  facet normal -1 0 0
    outer loop
      vertex 117.52 16.08 1.4
      vertex 117.52 24.36 43.82
      vertex 117.52 24.36 1.4
    endloop
  endfacet
  facet normal -1 -0 0
    outer loop
      vertex 117.52 24.36 43.82
      vertex 117.52 16.08 1.4
      vertex 117.52 16.08 43.82
    endloop
  endfacet
  facet normal -0 0 1
    outer loop
      vertex 109.24 24.36 1.4
      vertex 117.52 16.08 1.4
      vertex 117.52 24.36 1.4
    endloop
  endfacet
  facet normal 0 0 1
    outer loop
      vertex 117.52 16.08 1.4
      vertex 109.24 24.36 1.4
      vertex 109.24 16.08 1.4
    endloop
  endfacet
  facet normal 0 1 -0
    outer loop
      vertex 117.52 16.08 1.4
      vertex 109.24 16.08 43.82
      vertex 117.52 16.08 43.82
    endloop
  endfacet
  facet normal 0 1 0
    outer loop
      vertex 109.24 16.08 43.82
      vertex 117.52 16.08 1.4
      vertex 109.24 16.08 1.4
    endloop
  endfacet
  facet normal 0 -1 0
    outer loop
      vertex 109.24 24.36 1.4
      vertex 117.52 24.36 43.82
      vertex 109.24 24.36 43.82
    endloop
  endfacet
  facet normal 0 -1 -0
    outer loop
      vertex 117.52 24.36 43.82
      vertex 109.24 24.36 1.4
      vertex 117.52 24.36 1.4
    endloop
  endfacet
  facet normal 1 -0 0
    outer loop
      vertex 109.24 7.08 43.82
      vertex 109.24 15.36 1.4
      vertex 109.24 15.36 43.82
    endloop
  endfacet
  facet normal 1 0 0
    outer loop
      vertex 109.24 15.36 1.4
      vertex 109.24 7.08 43.82
      vertex 109.24 7.08 1.4
    endloop
  endfacet
  facet normal -1 0 0
    outer loop
      vertex 117.52 7.08 1.4
      vertex 117.52 15.36 43.82
      vertex 117.52 15.36 1.4
    endloop
  endfacet
  facet normal -1 -0 0
    outer loop
      vertex 117.52 15.36 43.82
      vertex 117.52 7.08 1.4
      vertex 117.52 7.08 43.82
    endloop
  endfacet
  facet normal -0 0 1
    outer loop
      vertex 109.24 15.36 1.4
      vertex 117.52 7.08 1.4
      vertex 117.52 15.36 1.4
    endloop
  endfacet
  facet normal 0 0 1
    outer loop
      vertex 117.52 7.08 1.4
      vertex 109.24 15.36 1.4
      vertex 109.24 7.08 1.4
    endloop
  endfacet
  facet normal 0 1 -0
    outer loop
      vertex 117.52 7.08 1.4
      vertex 109.24 7.08 43.82
      vertex 117.52 7.08 43.82
    endloop
  endfacet
  facet normal 0 1 0
    outer loop
      vertex 109.24 7.08 43.82
      vertex 117.52 7.08 1.4
      vertex 109.24 7.08 1.4
    endloop
  endfacet
  facet normal 0 -1 0
    outer loop
      vertex 109.24 15.36 1.4
      vertex 117.52 15.36 43.82
      vertex 109.24 15.36 43.82
    endloop
  endfacet
  facet normal 0 -1 -0
    outer loop
      vertex 117.52 15.36 43.82
      vertex 109.24 15.36 1.4
      vertex 117.52 15.36 1.4
    endloop
  endfacet
endsolid OpenSCAD_Model
