solid OpenSCAD_Model
  facet normal -1 0 0
    outer loop
      vertex 0 0 0
      vertex 0 85.35 14.48
      vertex 0 85.35 0
    endloop
  endfacet
  facet normal -1 -0 0
    outer loop
      vertex 0 85.35 14.48
      vertex 0 0 0
      vertex 0 0 14.48
    endloop
  endfacet
  facet normal 0 0 1
    outer loop
      vertex 16.7559 13.5559 14.48
      vertex 21.0041 13.5559 14.48
      vertex 16.7559 17.8041 14.48
    endloop
  endfacet
  facet normal 0 0 1
    outer loop
      vertex 21.0041 13.5559 14.48
      vertex 16.7559 13.5559 14.48
      vertex 17.74 11.18 14.48
    endloop
  endfacet
  facet normal -0 0 1
    outer loop
      vertex 14.38 16.82 14.48
      vertex 16.7559 13.5559 14.48
      vertex 16.7559 17.8041 14.48
    endloop
  endfacet
  facet normal 0 0 1
    outer loop
      vertex 14.38 16.82 14.48
      vertex 14.38 14.54 14.48
      vertex 16.7559 13.5559 14.48
    endloop
  endfacet
  facet normal 0 0 1
    outer loop
      vertex 12.0041 17.8041 14.48
      vertex 14.38 14.54 14.48
      vertex 14.38 16.82 14.48
    endloop
  endfacet
  facet normal 0 0 1
    outer loop
      vertex 12.0041 17.8041 14.48
      vertex 12.0041 13.5559 14.48
      vertex 14.38 14.54 14.48
    endloop
  endfacet
  facet normal 0 0 1
    outer loop
      vertex 11.02 20.18 14.48
      vertex 12.0041 13.5559 14.48
      vertex 12.0041 17.8041 14.48
    endloop
  endfacet
  facet normal 0 0 1
    outer loop
      vertex 12.0041 13.5559 14.48
      vertex 11.02 20.18 14.48
      vertex 11.02 11.18 14.48
    endloop
  endfacet
  facet normal 0 0 1
    outer loop
      vertex 16.7559 22.5559 14.48
      vertex 21.0041 22.5559 14.48
      vertex 16.7559 26.8041 14.48
    endloop
  endfacet
  facet normal 0 0 1
    outer loop
      vertex 21.0041 22.5559 14.48
      vertex 16.7559 22.5559 14.48
      vertex 17.74 20.18 14.48
    endloop
  endfacet
  facet normal -0 0 1
    outer loop
      vertex 14.38 25.82 14.48
      vertex 16.7559 22.5559 14.48
      vertex 16.7559 26.8041 14.48
    endloop
  endfacet
  facet normal 0 0 1
    outer loop
      vertex 14.38 25.82 14.48
      vertex 14.38 23.54 14.48
      vertex 16.7559 22.5559 14.48
    endloop
  endfacet
  facet normal 0 0 1
    outer loop
      vertex 12.0041 26.8041 14.48
      vertex 14.38 23.54 14.48
      vertex 14.38 25.82 14.48
    endloop
  endfacet
  facet normal 0 0 1
    outer loop
      vertex 12.0041 26.8041 14.48
      vertex 12.0041 22.5559 14.48
      vertex 14.38 23.54 14.48
    endloop
  endfacet
  facet normal 0 0 1
    outer loop
      vertex 11.02 29.18 14.48
      vertex 12.0041 22.5559 14.48
      vertex 12.0041 26.8041 14.48
    endloop
  endfacet
  facet normal 0 0 1
    outer loop
      vertex 12.0041 22.5559 14.48
      vertex 11.02 29.18 14.48
      vertex 11.02 20.18 14.48
    endloop
  endfacet
  facet normal 0 0 1
    outer loop
      vertex 16.7559 31.5559 14.48
      vertex 21.0041 31.5559 14.48
      vertex 16.7559 35.8041 14.48
    endloop
  endfacet
  facet normal 0 0 1
    outer loop
      vertex 21.0041 31.5559 14.48
      vertex 16.7559 31.5559 14.48
      vertex 17.74 29.18 14.48
    endloop
  endfacet
  facet normal -0 0 1
    outer loop
      vertex 14.38 34.82 14.48
      vertex 16.7559 31.5559 14.48
      vertex 16.7559 35.8041 14.48
    endloop
  endfacet
  facet normal 0 0 1
    outer loop
      vertex 14.38 34.82 14.48
      vertex 14.38 32.54 14.48
      vertex 16.7559 31.5559 14.48
    endloop
  endfacet
  facet normal 0 0 1
    outer loop
      vertex 12.0041 35.8041 14.48
      vertex 14.38 32.54 14.48
      vertex 14.38 34.82 14.48
    endloop
  endfacet
  facet normal 0 0 1
    outer loop
      vertex 12.0041 35.8041 14.48
      vertex 12.0041 31.5559 14.48
      vertex 14.38 32.54 14.48
    endloop
  endfacet
  facet normal 0 0 1
    outer loop
      vertex 11.02 38.18 14.48
      vertex 12.0041 31.5559 14.48
      vertex 12.0041 35.8041 14.48
    endloop
  endfacet
  facet normal 0 0 1
    outer loop
      vertex 12.0041 31.5559 14.48
      vertex 11.02 38.18 14.48
      vertex 11.02 29.18 14.48
    endloop
  endfacet
  facet normal 0 0 1
    outer loop
      vertex 16.7559 40.5559 14.48
      vertex 21.0041 40.5559 14.48
      vertex 16.7559 44.8041 14.48
    endloop
  endfacet
  facet normal 0 0 1
    outer loop
      vertex 21.0041 40.5559 14.48
      vertex 16.7559 40.5559 14.48
      vertex 17.74 38.18 14.48
    endloop
  endfacet
  facet normal -0 0 1
    outer loop
      vertex 14.38 43.82 14.48
      vertex 16.7559 40.5559 14.48
      vertex 16.7559 44.8041 14.48
    endloop
  endfacet
  facet normal 0 0 1
    outer loop
      vertex 14.38 43.82 14.48
      vertex 14.38 41.54 14.48
      vertex 16.7559 40.5559 14.48
    endloop
  endfacet
  facet normal 0 0 1
    outer loop
      vertex 12.0041 44.8041 14.48
      vertex 14.38 41.54 14.48
      vertex 14.38 43.82 14.48
    endloop
  endfacet
  facet normal 0 0 1
    outer loop
      vertex 12.0041 44.8041 14.48
      vertex 12.0041 40.5559 14.48
      vertex 14.38 41.54 14.48
    endloop
  endfacet
  facet normal 0 0 1
    outer loop
      vertex 11.02 47.18 14.48
      vertex 12.0041 40.5559 14.48
      vertex 12.0041 44.8041 14.48
    endloop
  endfacet
  facet normal 0 0 1
    outer loop
      vertex 12.0041 40.5559 14.48
      vertex 11.02 47.18 14.48
      vertex 11.02 38.18 14.48
    endloop
  endfacet
  facet normal 0 0 1
    outer loop
      vertex 16.7559 49.5559 14.48
      vertex 21.0041 49.5559 14.48
      vertex 16.7559 53.8041 14.48
    endloop
  endfacet
  facet normal 0 0 1
    outer loop
      vertex 21.0041 49.5559 14.48
      vertex 16.7559 49.5559 14.48
      vertex 17.74 47.18 14.48
    endloop
  endfacet
  facet normal -0 0 1
    outer loop
      vertex 14.38 52.82 14.48
      vertex 16.7559 49.5559 14.48
      vertex 16.7559 53.8041 14.48
    endloop
  endfacet
  facet normal 0 0 1
    outer loop
      vertex 14.38 52.82 14.48
      vertex 14.38 50.54 14.48
      vertex 16.7559 49.5559 14.48
    endloop
  endfacet
  facet normal 0 0 1
    outer loop
      vertex 12.0041 53.8041 14.48
      vertex 14.38 50.54 14.48
      vertex 14.38 52.82 14.48
    endloop
  endfacet
  facet normal 0 0 1
    outer loop
      vertex 12.0041 53.8041 14.48
      vertex 12.0041 49.5559 14.48
      vertex 14.38 50.54 14.48
    endloop
  endfacet
  facet normal 0 0 1
    outer loop
      vertex 11.02 56.18 14.48
      vertex 12.0041 49.5559 14.48
      vertex 12.0041 53.8041 14.48
    endloop
  endfacet
  facet normal 0 0 1
    outer loop
      vertex 12.0041 49.5559 14.48
      vertex 11.02 56.18 14.48
      vertex 11.02 47.18 14.48
    endloop
  endfacet
  facet normal 0 0 1
    outer loop
      vertex 16.7559 58.5559 14.48
      vertex 21.0041 58.5559 14.48
      vertex 16.7559 62.8041 14.48
    endloop
  endfacet
  facet normal 0 0 1
    outer loop
      vertex 21.0041 58.5559 14.48
      vertex 16.7559 58.5559 14.48
      vertex 17.74 56.18 14.48
    endloop
  endfacet
  facet normal -0 0 1
    outer loop
      vertex 14.38 61.82 14.48
      vertex 16.7559 58.5559 14.48
      vertex 16.7559 62.8041 14.48
    endloop
  endfacet
  facet normal 0 0 1
    outer loop
      vertex 14.38 61.82 14.48
      vertex 14.38 59.54 14.48
      vertex 16.7559 58.5559 14.48
    endloop
  endfacet
  facet normal 0 0 1
    outer loop
      vertex 12.0041 62.8041 14.48
      vertex 14.38 59.54 14.48
      vertex 14.38 61.82 14.48
    endloop
  endfacet
  facet normal 0 0 1
    outer loop
      vertex 12.0041 62.8041 14.48
      vertex 12.0041 58.5559 14.48
      vertex 14.38 59.54 14.48
    endloop
  endfacet
  facet normal 0 0 1
    outer loop
      vertex 11.02 65.18 14.48
      vertex 12.0041 58.5559 14.48
      vertex 12.0041 62.8041 14.48
    endloop
  endfacet
  facet normal 0 0 1
    outer loop
      vertex 12.0041 58.5559 14.48
      vertex 11.02 65.18 14.48
      vertex 11.02 56.18 14.48
    endloop
  endfacet
  facet normal 0 0 1
    outer loop
      vertex 16.7559 67.5559 14.48
      vertex 21.0041 67.5559 14.48
      vertex 16.7559 71.8041 14.48
    endloop
  endfacet
  facet normal 0 0 1
    outer loop
      vertex 21.0041 67.5559 14.48
      vertex 16.7559 67.5559 14.48
      vertex 17.74 65.18 14.48
    endloop
  endfacet
  facet normal -0 0 1
    outer loop
      vertex 14.38 70.82 14.48
      vertex 16.7559 67.5559 14.48
      vertex 16.7559 71.8041 14.48
    endloop
  endfacet
  facet normal 0 0 1
    outer loop
      vertex 14.38 70.82 14.48
      vertex 14.38 68.54 14.48
      vertex 16.7559 67.5559 14.48
    endloop
  endfacet
  facet normal 0 0 1
    outer loop
      vertex 12.0041 71.8041 14.48
      vertex 14.38 68.54 14.48
      vertex 14.38 70.82 14.48
    endloop
  endfacet
  facet normal 0 0 1
    outer loop
      vertex 12.0041 71.8041 14.48
      vertex 12.0041 67.5559 14.48
      vertex 14.38 68.54 14.48
    endloop
  endfacet
  facet normal 0 0 1
    outer loop
      vertex 11.02 74.18 14.48
      vertex 12.0041 67.5559 14.48
      vertex 12.0041 71.8041 14.48
    endloop
  endfacet
  facet normal 0 0 1
    outer loop
      vertex 12.0041 67.5559 14.48
      vertex 11.02 74.18 14.48
      vertex 11.02 65.18 14.48
    endloop
  endfacet
  facet normal 0 0 1
    outer loop
      vertex 25.7559 13.5559 14.48
      vertex 30.0041 13.5559 14.48
      vertex 25.7559 17.8041 14.48
    endloop
  endfacet
  facet normal 0 0 1
    outer loop
      vertex 30.0041 13.5559 14.48
      vertex 25.7559 13.5559 14.48
      vertex 26.74 11.18 14.48
    endloop
  endfacet
  facet normal -0 0 1
    outer loop
      vertex 23.38 16.82 14.48
      vertex 25.7559 13.5559 14.48
      vertex 25.7559 17.8041 14.48
    endloop
  endfacet
  facet normal 0 0 1
    outer loop
      vertex 23.38 16.82 14.48
      vertex 23.38 14.54 14.48
      vertex 25.7559 13.5559 14.48
    endloop
  endfacet
  facet normal 0 0 1
    outer loop
      vertex 21.0041 17.8041 14.48
      vertex 23.38 14.54 14.48
      vertex 23.38 16.82 14.48
    endloop
  endfacet
  facet normal 0 0 1
    outer loop
      vertex 21.0041 17.8041 14.48
      vertex 21.0041 13.5559 14.48
      vertex 23.38 14.54 14.48
    endloop
  endfacet
  facet normal -0 0 1
    outer loop
      vertex 17.74 20.18 14.48
      vertex 21.0041 17.8041 14.48
      vertex 20.02 20.18 14.48
    endloop
  endfacet
  facet normal 0 0 1
    outer loop
      vertex 16.7559 17.8041 14.48
      vertex 21.0041 17.8041 14.48
      vertex 17.74 20.18 14.48
    endloop
  endfacet
  facet normal 0 0 1
    outer loop
      vertex 25.7559 22.5559 14.48
      vertex 30.0041 22.5559 14.48
      vertex 25.7559 26.8041 14.48
    endloop
  endfacet
  facet normal 0 0 1
    outer loop
      vertex 30.0041 22.5559 14.48
      vertex 25.7559 22.5559 14.48
      vertex 26.74 20.18 14.48
    endloop
  endfacet
  facet normal -0 0 1
    outer loop
      vertex 23.38 25.82 14.48
      vertex 25.7559 22.5559 14.48
      vertex 25.7559 26.8041 14.48
    endloop
  endfacet
  facet normal 0 0 1
    outer loop
      vertex 23.38 25.82 14.48
      vertex 23.38 23.54 14.48
      vertex 25.7559 22.5559 14.48
    endloop
  endfacet
  facet normal 0 0 1
    outer loop
      vertex 21.0041 26.8041 14.48
      vertex 23.38 23.54 14.48
      vertex 23.38 25.82 14.48
    endloop
  endfacet
  facet normal 0 0 1
    outer loop
      vertex 21.0041 26.8041 14.48
      vertex 21.0041 22.5559 14.48
      vertex 23.38 23.54 14.48
    endloop
  endfacet
  facet normal -0 0 1
    outer loop
      vertex 17.74 29.18 14.48
      vertex 21.0041 26.8041 14.48
      vertex 20.02 29.18 14.48
    endloop
  endfacet
  facet normal 0 0 1
    outer loop
      vertex 16.7559 26.8041 14.48
      vertex 21.0041 26.8041 14.48
      vertex 17.74 29.18 14.48
    endloop
  endfacet
  facet normal 0 0 1
    outer loop
      vertex 25.7559 31.5559 14.48
      vertex 30.0041 31.5559 14.48
      vertex 25.7559 35.8041 14.48
    endloop
  endfacet
  facet normal 0 0 1
    outer loop
      vertex 30.0041 31.5559 14.48
      vertex 25.7559 31.5559 14.48
      vertex 26.74 29.18 14.48
    endloop
  endfacet
  facet normal -0 0 1
    outer loop
      vertex 23.38 34.82 14.48
      vertex 25.7559 31.5559 14.48
      vertex 25.7559 35.8041 14.48
    endloop
  endfacet
  facet normal 0 0 1
    outer loop
      vertex 23.38 34.82 14.48
      vertex 23.38 32.54 14.48
      vertex 25.7559 31.5559 14.48
    endloop
  endfacet
  facet normal 0 0 1
    outer loop
      vertex 21.0041 35.8041 14.48
      vertex 23.38 32.54 14.48
      vertex 23.38 34.82 14.48
    endloop
  endfacet
  facet normal 0 0 1
    outer loop
      vertex 21.0041 35.8041 14.48
      vertex 21.0041 31.5559 14.48
      vertex 23.38 32.54 14.48
    endloop
  endfacet
  facet normal -0 0 1
    outer loop
      vertex 17.74 38.18 14.48
      vertex 21.0041 35.8041 14.48
      vertex 20.02 38.18 14.48
    endloop
  endfacet
  facet normal 0 0 1
    outer loop
      vertex 16.7559 35.8041 14.48
      vertex 21.0041 35.8041 14.48
      vertex 17.74 38.18 14.48
    endloop
  endfacet
  facet normal 0 0 1
    outer loop
      vertex 25.7559 40.5559 14.48
      vertex 30.0041 40.5559 14.48
      vertex 25.7559 44.8041 14.48
    endloop
  endfacet
  facet normal 0 0 1
    outer loop
      vertex 30.0041 40.5559 14.48
      vertex 25.7559 40.5559 14.48
      vertex 26.74 38.18 14.48
    endloop
  endfacet
  facet normal -0 0 1
    outer loop
      vertex 23.38 43.82 14.48
      vertex 25.7559 40.5559 14.48
      vertex 25.7559 44.8041 14.48
    endloop
  endfacet
  facet normal 0 0 1
    outer loop
      vertex 23.38 43.82 14.48
      vertex 23.38 41.54 14.48
      vertex 25.7559 40.5559 14.48
    endloop
  endfacet
  facet normal 0 0 1
    outer loop
      vertex 21.0041 44.8041 14.48
      vertex 23.38 41.54 14.48
      vertex 23.38 43.82 14.48
    endloop
  endfacet
  facet normal 0 0 1
    outer loop
      vertex 21.0041 44.8041 14.48
      vertex 21.0041 40.5559 14.48
      vertex 23.38 41.54 14.48
    endloop
  endfacet
  facet normal -0 0 1
    outer loop
      vertex 17.74 47.18 14.48
      vertex 21.0041 44.8041 14.48
      vertex 20.02 47.18 14.48
    endloop
  endfacet
  facet normal 0 0 1
    outer loop
      vertex 16.7559 44.8041 14.48
      vertex 21.0041 44.8041 14.48
      vertex 17.74 47.18 14.48
    endloop
  endfacet
  facet normal 0 0 1
    outer loop
      vertex 25.7559 49.5559 14.48
      vertex 30.0041 49.5559 14.48
      vertex 25.7559 53.8041 14.48
    endloop
  endfacet
  facet normal 0 0 1
    outer loop
      vertex 30.0041 49.5559 14.48
      vertex 25.7559 49.5559 14.48
      vertex 26.74 47.18 14.48
    endloop
  endfacet
  facet normal -0 0 1
    outer loop
      vertex 23.38 52.82 14.48
      vertex 25.7559 49.5559 14.48
      vertex 25.7559 53.8041 14.48
    endloop
  endfacet
  facet normal 0 0 1
    outer loop
      vertex 23.38 52.82 14.48
      vertex 23.38 50.54 14.48
      vertex 25.7559 49.5559 14.48
    endloop
  endfacet
  facet normal 0 0 1
    outer loop
      vertex 21.0041 53.8041 14.48
      vertex 23.38 50.54 14.48
      vertex 23.38 52.82 14.48
    endloop
  endfacet
  facet normal 0 0 1
    outer loop
      vertex 21.0041 53.8041 14.48
      vertex 21.0041 49.5559 14.48
      vertex 23.38 50.54 14.48
    endloop
  endfacet
  facet normal -0 0 1
    outer loop
      vertex 17.74 56.18 14.48
      vertex 21.0041 53.8041 14.48
      vertex 20.02 56.18 14.48
    endloop
  endfacet
  facet normal 0 0 1
    outer loop
      vertex 16.7559 53.8041 14.48
      vertex 21.0041 53.8041 14.48
      vertex 17.74 56.18 14.48
    endloop
  endfacet
  facet normal 0 0 1
    outer loop
      vertex 25.7559 58.5559 14.48
      vertex 30.0041 58.5559 14.48
      vertex 25.7559 62.8041 14.48
    endloop
  endfacet
  facet normal 0 0 1
    outer loop
      vertex 30.0041 58.5559 14.48
      vertex 25.7559 58.5559 14.48
      vertex 26.74 56.18 14.48
    endloop
  endfacet
  facet normal -0 0 1
    outer loop
      vertex 23.38 61.82 14.48
      vertex 25.7559 58.5559 14.48
      vertex 25.7559 62.8041 14.48
    endloop
  endfacet
  facet normal 0 0 1
    outer loop
      vertex 23.38 61.82 14.48
      vertex 23.38 59.54 14.48
      vertex 25.7559 58.5559 14.48
    endloop
  endfacet
  facet normal 0 0 1
    outer loop
      vertex 21.0041 62.8041 14.48
      vertex 23.38 59.54 14.48
      vertex 23.38 61.82 14.48
    endloop
  endfacet
  facet normal 0 0 1
    outer loop
      vertex 21.0041 62.8041 14.48
      vertex 21.0041 58.5559 14.48
      vertex 23.38 59.54 14.48
    endloop
  endfacet
  facet normal -0 0 1
    outer loop
      vertex 17.74 65.18 14.48
      vertex 21.0041 62.8041 14.48
      vertex 20.02 65.18 14.48
    endloop
  endfacet
  facet normal 0 0 1
    outer loop
      vertex 16.7559 62.8041 14.48
      vertex 21.0041 62.8041 14.48
      vertex 17.74 65.18 14.48
    endloop
  endfacet
  facet normal 0 0 1
    outer loop
      vertex 25.7559 67.5559 14.48
      vertex 30.0041 67.5559 14.48
      vertex 25.7559 71.8041 14.48
    endloop
  endfacet
  facet normal 0 0 1
    outer loop
      vertex 30.0041 67.5559 14.48
      vertex 25.7559 67.5559 14.48
      vertex 26.74 65.18 14.48
    endloop
  endfacet
  facet normal -0 0 1
    outer loop
      vertex 23.38 70.82 14.48
      vertex 25.7559 67.5559 14.48
      vertex 25.7559 71.8041 14.48
    endloop
  endfacet
  facet normal 0 0 1
    outer loop
      vertex 23.38 70.82 14.48
      vertex 23.38 68.54 14.48
      vertex 25.7559 67.5559 14.48
    endloop
  endfacet
  facet normal 0 0 1
    outer loop
      vertex 21.0041 71.8041 14.48
      vertex 23.38 68.54 14.48
      vertex 23.38 70.82 14.48
    endloop
  endfacet
  facet normal 0 0 1
    outer loop
      vertex 21.0041 71.8041 14.48
      vertex 21.0041 67.5559 14.48
      vertex 23.38 68.54 14.48
    endloop
  endfacet
  facet normal -0 0 1
    outer loop
      vertex 17.74 74.18 14.48
      vertex 21.0041 71.8041 14.48
      vertex 20.02 74.18 14.48
    endloop
  endfacet
  facet normal 0 0 1
    outer loop
      vertex 16.7559 71.8041 14.48
      vertex 21.0041 71.8041 14.48
      vertex 17.74 74.18 14.48
    endloop
  endfacet
  facet normal 0 0 1
    outer loop
      vertex 34.7559 13.5559 14.48
      vertex 39.0041 13.5559 14.48
      vertex 34.7559 17.8041 14.48
    endloop
  endfacet
  facet normal 0 0 1
    outer loop
      vertex 39.0041 13.5559 14.48
      vertex 34.7559 13.5559 14.48
      vertex 35.74 11.18 14.48
    endloop
  endfacet
  facet normal -0 0 1
    outer loop
      vertex 32.38 16.82 14.48
      vertex 34.7559 13.5559 14.48
      vertex 34.7559 17.8041 14.48
    endloop
  endfacet
  facet normal 0 0 1
    outer loop
      vertex 32.38 16.82 14.48
      vertex 32.38 14.54 14.48
      vertex 34.7559 13.5559 14.48
    endloop
  endfacet
  facet normal 0 0 1
    outer loop
      vertex 30.0041 17.8041 14.48
      vertex 32.38 14.54 14.48
      vertex 32.38 16.82 14.48
    endloop
  endfacet
  facet normal 0 0 1
    outer loop
      vertex 30.0041 17.8041 14.48
      vertex 30.0041 13.5559 14.48
      vertex 32.38 14.54 14.48
    endloop
  endfacet
  facet normal -0 0 1
    outer loop
      vertex 26.74 20.18 14.48
      vertex 30.0041 17.8041 14.48
      vertex 29.02 20.18 14.48
    endloop
  endfacet
  facet normal 0 0 1
    outer loop
      vertex 25.7559 17.8041 14.48
      vertex 30.0041 17.8041 14.48
      vertex 26.74 20.18 14.48
    endloop
  endfacet
  facet normal 0 0 1
    outer loop
      vertex 34.7559 22.5559 14.48
      vertex 39.0041 22.5559 14.48
      vertex 34.7559 26.8041 14.48
    endloop
  endfacet
  facet normal 0 0 1
    outer loop
      vertex 39.0041 22.5559 14.48
      vertex 34.7559 22.5559 14.48
      vertex 35.74 20.18 14.48
    endloop
  endfacet
  facet normal -0 0 1
    outer loop
      vertex 32.38 25.82 14.48
      vertex 34.7559 22.5559 14.48
      vertex 34.7559 26.8041 14.48
    endloop
  endfacet
  facet normal 0 0 1
    outer loop
      vertex 32.38 25.82 14.48
      vertex 32.38 23.54 14.48
      vertex 34.7559 22.5559 14.48
    endloop
  endfacet
  facet normal 0 0 1
    outer loop
      vertex 30.0041 26.8041 14.48
      vertex 32.38 23.54 14.48
      vertex 32.38 25.82 14.48
    endloop
  endfacet
  facet normal 0 0 1
    outer loop
      vertex 30.0041 26.8041 14.48
      vertex 30.0041 22.5559 14.48
      vertex 32.38 23.54 14.48
    endloop
  endfacet
  facet normal -0 0 1
    outer loop
      vertex 26.74 29.18 14.48
      vertex 30.0041 26.8041 14.48
      vertex 29.02 29.18 14.48
    endloop
  endfacet
  facet normal 0 0 1
    outer loop
      vertex 25.7559 26.8041 14.48
      vertex 30.0041 26.8041 14.48
      vertex 26.74 29.18 14.48
    endloop
  endfacet
  facet normal 0 0 1
    outer loop
      vertex 34.7559 31.5559 14.48
      vertex 39.0041 31.5559 14.48
      vertex 34.7559 35.8041 14.48
    endloop
  endfacet
  facet normal 0 0 1
    outer loop
      vertex 39.0041 31.5559 14.48
      vertex 34.7559 31.5559 14.48
      vertex 35.74 29.18 14.48
    endloop
  endfacet
  facet normal -0 0 1
    outer loop
      vertex 32.38 34.82 14.48
      vertex 34.7559 31.5559 14.48
      vertex 34.7559 35.8041 14.48
    endloop
  endfacet
  facet normal 0 0 1
    outer loop
      vertex 32.38 34.82 14.48
      vertex 32.38 32.54 14.48
      vertex 34.7559 31.5559 14.48
    endloop
  endfacet
  facet normal 0 0 1
    outer loop
      vertex 30.0041 35.8041 14.48
      vertex 32.38 32.54 14.48
      vertex 32.38 34.82 14.48
    endloop
  endfacet
  facet normal 0 0 1
    outer loop
      vertex 30.0041 35.8041 14.48
      vertex 30.0041 31.5559 14.48
      vertex 32.38 32.54 14.48
    endloop
  endfacet
  facet normal -0 0 1
    outer loop
      vertex 26.74 38.18 14.48
      vertex 30.0041 35.8041 14.48
      vertex 29.02 38.18 14.48
    endloop
  endfacet
  facet normal 0 0 1
    outer loop
      vertex 25.7559 35.8041 14.48
      vertex 30.0041 35.8041 14.48
      vertex 26.74 38.18 14.48
    endloop
  endfacet
  facet normal 0 0 1
    outer loop
      vertex 34.7559 40.5559 14.48
      vertex 39.0041 40.5559 14.48
      vertex 34.7559 44.8041 14.48
    endloop
  endfacet
  facet normal 0 0 1
    outer loop
      vertex 39.0041 40.5559 14.48
      vertex 34.7559 40.5559 14.48
      vertex 35.74 38.18 14.48
    endloop
  endfacet
  facet normal -0 0 1
    outer loop
      vertex 32.38 43.82 14.48
      vertex 34.7559 40.5559 14.48
      vertex 34.7559 44.8041 14.48
    endloop
  endfacet
  facet normal 0 0 1
    outer loop
      vertex 32.38 43.82 14.48
      vertex 32.38 41.54 14.48
      vertex 34.7559 40.5559 14.48
    endloop
  endfacet
  facet normal 0 0 1
    outer loop
      vertex 30.0041 44.8041 14.48
      vertex 32.38 41.54 14.48
      vertex 32.38 43.82 14.48
    endloop
  endfacet
  facet normal 0 0 1
    outer loop
      vertex 30.0041 44.8041 14.48
      vertex 30.0041 40.5559 14.48
      vertex 32.38 41.54 14.48
    endloop
  endfacet
  facet normal -0 0 1
    outer loop
      vertex 26.74 47.18 14.48
      vertex 30.0041 44.8041 14.48
      vertex 29.02 47.18 14.48
    endloop
  endfacet
  facet normal 0 0 1
    outer loop
      vertex 25.7559 44.8041 14.48
      vertex 30.0041 44.8041 14.48
      vertex 26.74 47.18 14.48
    endloop
  endfacet
  facet normal 0 0 1
    outer loop
      vertex 34.7559 49.5559 14.48
      vertex 39.0041 49.5559 14.48
      vertex 34.7559 53.8041 14.48
    endloop
  endfacet
  facet normal 0 0 1
    outer loop
      vertex 39.0041 49.5559 14.48
      vertex 34.7559 49.5559 14.48
      vertex 35.74 47.18 14.48
    endloop
  endfacet
  facet normal -0 0 1
    outer loop
      vertex 32.38 52.82 14.48
      vertex 34.7559 49.5559 14.48
      vertex 34.7559 53.8041 14.48
    endloop
  endfacet
  facet normal 0 0 1
    outer loop
      vertex 32.38 52.82 14.48
      vertex 32.38 50.54 14.48
      vertex 34.7559 49.5559 14.48
    endloop
  endfacet
  facet normal 0 0 1
    outer loop
      vertex 30.0041 53.8041 14.48
      vertex 32.38 50.54 14.48
      vertex 32.38 52.82 14.48
    endloop
  endfacet
  facet normal 0 0 1
    outer loop
      vertex 30.0041 53.8041 14.48
      vertex 30.0041 49.5559 14.48
      vertex 32.38 50.54 14.48
    endloop
  endfacet
  facet normal -0 0 1
    outer loop
      vertex 26.74 56.18 14.48
      vertex 30.0041 53.8041 14.48
      vertex 29.02 56.18 14.48
    endloop
  endfacet
  facet normal 0 0 1
    outer loop
      vertex 25.7559 53.8041 14.48
      vertex 30.0041 53.8041 14.48
      vertex 26.74 56.18 14.48
    endloop
  endfacet
  facet normal 0 0 1
    outer loop
      vertex 34.7559 58.5559 14.48
      vertex 39.0041 58.5559 14.48
      vertex 34.7559 62.8041 14.48
    endloop
  endfacet
  facet normal 0 0 1
    outer loop
      vertex 39.0041 58.5559 14.48
      vertex 34.7559 58.5559 14.48
      vertex 35.74 56.18 14.48
    endloop
  endfacet
  facet normal -0 0 1
    outer loop
      vertex 32.38 61.82 14.48
      vertex 34.7559 58.5559 14.48
      vertex 34.7559 62.8041 14.48
    endloop
  endfacet
  facet normal 0 0 1
    outer loop
      vertex 32.38 61.82 14.48
      vertex 32.38 59.54 14.48
      vertex 34.7559 58.5559 14.48
    endloop
  endfacet
  facet normal 0 0 1
    outer loop
      vertex 30.0041 62.8041 14.48
      vertex 32.38 59.54 14.48
      vertex 32.38 61.82 14.48
    endloop
  endfacet
  facet normal 0 0 1
    outer loop
      vertex 30.0041 62.8041 14.48
      vertex 30.0041 58.5559 14.48
      vertex 32.38 59.54 14.48
    endloop
  endfacet
  facet normal -0 0 1
    outer loop
      vertex 26.74 65.18 14.48
      vertex 30.0041 62.8041 14.48
      vertex 29.02 65.18 14.48
    endloop
  endfacet
  facet normal 0 0 1
    outer loop
      vertex 25.7559 62.8041 14.48
      vertex 30.0041 62.8041 14.48
      vertex 26.74 65.18 14.48
    endloop
  endfacet
  facet normal 0 0 1
    outer loop
      vertex 34.7559 67.5559 14.48
      vertex 39.0041 67.5559 14.48
      vertex 34.7559 71.8041 14.48
    endloop
  endfacet
  facet normal 0 0 1
    outer loop
      vertex 39.0041 67.5559 14.48
      vertex 34.7559 67.5559 14.48
      vertex 35.74 65.18 14.48
    endloop
  endfacet
  facet normal -0 0 1
    outer loop
      vertex 32.38 70.82 14.48
      vertex 34.7559 67.5559 14.48
      vertex 34.7559 71.8041 14.48
    endloop
  endfacet
  facet normal 0 0 1
    outer loop
      vertex 32.38 70.82 14.48
      vertex 32.38 68.54 14.48
      vertex 34.7559 67.5559 14.48
    endloop
  endfacet
  facet normal 0 0 1
    outer loop
      vertex 30.0041 71.8041 14.48
      vertex 32.38 68.54 14.48
      vertex 32.38 70.82 14.48
    endloop
  endfacet
  facet normal 0 0 1
    outer loop
      vertex 30.0041 71.8041 14.48
      vertex 30.0041 67.5559 14.48
      vertex 32.38 68.54 14.48
    endloop
  endfacet
  facet normal -0 0 1
    outer loop
      vertex 26.74 74.18 14.48
      vertex 30.0041 71.8041 14.48
      vertex 29.02 74.18 14.48
    endloop
  endfacet
  facet normal 0 0 1
    outer loop
      vertex 25.7559 71.8041 14.48
      vertex 30.0041 71.8041 14.48
      vertex 26.74 74.18 14.48
    endloop
  endfacet
  facet normal 0 0 1
    outer loop
      vertex 43.7559 13.5559 14.48
      vertex 48.0041 13.5559 14.48
      vertex 43.7559 17.8041 14.48
    endloop
  endfacet
  facet normal 0 0 1
    outer loop
      vertex 48.0041 13.5559 14.48
      vertex 43.7559 13.5559 14.48
      vertex 44.74 11.18 14.48
    endloop
  endfacet
  facet normal -0 0 1
    outer loop
      vertex 41.38 16.82 14.48
      vertex 43.7559 13.5559 14.48
      vertex 43.7559 17.8041 14.48
    endloop
  endfacet
  facet normal 0 0 1
    outer loop
      vertex 41.38 16.82 14.48
      vertex 41.38 14.54 14.48
      vertex 43.7559 13.5559 14.48
    endloop
  endfacet
  facet normal 0 0 1
    outer loop
      vertex 39.0041 17.8041 14.48
      vertex 41.38 14.54 14.48
      vertex 41.38 16.82 14.48
    endloop
  endfacet
  facet normal 0 0 1
    outer loop
      vertex 39.0041 17.8041 14.48
      vertex 39.0041 13.5559 14.48
      vertex 41.38 14.54 14.48
    endloop
  endfacet
  facet normal -0 0 1
    outer loop
      vertex 35.74 20.18 14.48
      vertex 39.0041 17.8041 14.48
      vertex 38.02 20.18 14.48
    endloop
  endfacet
  facet normal 0 0 1
    outer loop
      vertex 34.7559 17.8041 14.48
      vertex 39.0041 17.8041 14.48
      vertex 35.74 20.18 14.48
    endloop
  endfacet
  facet normal 0 0 1
    outer loop
      vertex 43.7559 22.5559 14.48
      vertex 48.0041 22.5559 14.48
      vertex 43.7559 26.8041 14.48
    endloop
  endfacet
  facet normal 0 0 1
    outer loop
      vertex 48.0041 22.5559 14.48
      vertex 43.7559 22.5559 14.48
      vertex 44.74 20.18 14.48
    endloop
  endfacet
  facet normal -0 0 1
    outer loop
      vertex 41.38 25.82 14.48
      vertex 43.7559 22.5559 14.48
      vertex 43.7559 26.8041 14.48
    endloop
  endfacet
  facet normal 0 0 1
    outer loop
      vertex 41.38 25.82 14.48
      vertex 41.38 23.54 14.48
      vertex 43.7559 22.5559 14.48
    endloop
  endfacet
  facet normal 0 0 1
    outer loop
      vertex 39.0041 26.8041 14.48
      vertex 41.38 23.54 14.48
      vertex 41.38 25.82 14.48
    endloop
  endfacet
  facet normal 0 0 1
    outer loop
      vertex 39.0041 26.8041 14.48
      vertex 39.0041 22.5559 14.48
      vertex 41.38 23.54 14.48
    endloop
  endfacet
  facet normal -0 0 1
    outer loop
      vertex 35.74 29.18 14.48
      vertex 39.0041 26.8041 14.48
      vertex 38.02 29.18 14.48
    endloop
  endfacet
  facet normal 0 0 1
    outer loop
      vertex 34.7559 26.8041 14.48
      vertex 39.0041 26.8041 14.48
      vertex 35.74 29.18 14.48
    endloop
  endfacet
  facet normal 0 0 1
    outer loop
      vertex 43.7559 31.5559 14.48
      vertex 48.0041 31.5559 14.48
      vertex 43.7559 35.8041 14.48
    endloop
  endfacet
  facet normal 0 0 1
    outer loop
      vertex 48.0041 31.5559 14.48
      vertex 43.7559 31.5559 14.48
      vertex 44.74 29.18 14.48
    endloop
  endfacet
  facet normal -0 0 1
    outer loop
      vertex 41.38 34.82 14.48
      vertex 43.7559 31.5559 14.48
      vertex 43.7559 35.8041 14.48
    endloop
  endfacet
  facet normal 0 0 1
    outer loop
      vertex 41.38 34.82 14.48
      vertex 41.38 32.54 14.48
      vertex 43.7559 31.5559 14.48
    endloop
  endfacet
  facet normal 0 0 1
    outer loop
      vertex 39.0041 35.8041 14.48
      vertex 41.38 32.54 14.48
      vertex 41.38 34.82 14.48
    endloop
  endfacet
  facet normal 0 0 1
    outer loop
      vertex 39.0041 35.8041 14.48
      vertex 39.0041 31.5559 14.48
      vertex 41.38 32.54 14.48
    endloop
  endfacet
  facet normal -0 0 1
    outer loop
      vertex 35.74 38.18 14.48
      vertex 39.0041 35.8041 14.48
      vertex 38.02 38.18 14.48
    endloop
  endfacet
  facet normal 0 0 1
    outer loop
      vertex 34.7559 35.8041 14.48
      vertex 39.0041 35.8041 14.48
      vertex 35.74 38.18 14.48
    endloop
  endfacet
  facet normal 0 0 1
    outer loop
      vertex 43.7559 40.5559 14.48
      vertex 48.0041 40.5559 14.48
      vertex 43.7559 44.8041 14.48
    endloop
  endfacet
  facet normal 0 0 1
    outer loop
      vertex 48.0041 40.5559 14.48
      vertex 43.7559 40.5559 14.48
      vertex 44.74 38.18 14.48
    endloop
  endfacet
  facet normal -0 0 1
    outer loop
      vertex 41.38 43.82 14.48
      vertex 43.7559 40.5559 14.48
      vertex 43.7559 44.8041 14.48
    endloop
  endfacet
  facet normal 0 0 1
    outer loop
      vertex 41.38 43.82 14.48
      vertex 41.38 41.54 14.48
      vertex 43.7559 40.5559 14.48
    endloop
  endfacet
  facet normal 0 0 1
    outer loop
      vertex 39.0041 44.8041 14.48
      vertex 41.38 41.54 14.48
      vertex 41.38 43.82 14.48
    endloop
  endfacet
  facet normal 0 0 1
    outer loop
      vertex 39.0041 44.8041 14.48
      vertex 39.0041 40.5559 14.48
      vertex 41.38 41.54 14.48
    endloop
  endfacet
  facet normal -0 0 1
    outer loop
      vertex 35.74 47.18 14.48
      vertex 39.0041 44.8041 14.48
      vertex 38.02 47.18 14.48
    endloop
  endfacet
  facet normal 0 0 1
    outer loop
      vertex 34.7559 44.8041 14.48
      vertex 39.0041 44.8041 14.48
      vertex 35.74 47.18 14.48
    endloop
  endfacet
  facet normal 0 0 1
    outer loop
      vertex 43.7559 49.5559 14.48
      vertex 48.0041 49.5559 14.48
      vertex 43.7559 53.8041 14.48
    endloop
  endfacet
  facet normal 0 0 1
    outer loop
      vertex 48.0041 49.5559 14.48
      vertex 43.7559 49.5559 14.48
      vertex 44.74 47.18 14.48
    endloop
  endfacet
  facet normal -0 0 1
    outer loop
      vertex 41.38 52.82 14.48
      vertex 43.7559 49.5559 14.48
      vertex 43.7559 53.8041 14.48
    endloop
  endfacet
  facet normal 0 0 1
    outer loop
      vertex 41.38 52.82 14.48
      vertex 41.38 50.54 14.48
      vertex 43.7559 49.5559 14.48
    endloop
  endfacet
  facet normal 0 0 1
    outer loop
      vertex 39.0041 53.8041 14.48
      vertex 41.38 50.54 14.48
      vertex 41.38 52.82 14.48
    endloop
  endfacet
  facet normal 0 0 1
    outer loop
      vertex 39.0041 53.8041 14.48
      vertex 39.0041 49.5559 14.48
      vertex 41.38 50.54 14.48
    endloop
  endfacet
  facet normal -0 0 1
    outer loop
      vertex 35.74 56.18 14.48
      vertex 39.0041 53.8041 14.48
      vertex 38.02 56.18 14.48
    endloop
  endfacet
  facet normal 0 0 1
    outer loop
      vertex 34.7559 53.8041 14.48
      vertex 39.0041 53.8041 14.48
      vertex 35.74 56.18 14.48
    endloop
  endfacet
  facet normal 0 0 1
    outer loop
      vertex 43.7559 58.5559 14.48
      vertex 48.0041 58.5559 14.48
      vertex 43.7559 62.8041 14.48
    endloop
  endfacet
  facet normal 0 0 1
    outer loop
      vertex 48.0041 58.5559 14.48
      vertex 43.7559 58.5559 14.48
      vertex 44.74 56.18 14.48
    endloop
  endfacet
  facet normal -0 0 1
    outer loop
      vertex 41.38 61.82 14.48
      vertex 43.7559 58.5559 14.48
      vertex 43.7559 62.8041 14.48
    endloop
  endfacet
  facet normal 0 0 1
    outer loop
      vertex 41.38 61.82 14.48
      vertex 41.38 59.54 14.48
      vertex 43.7559 58.5559 14.48
    endloop
  endfacet
  facet normal 0 0 1
    outer loop
      vertex 39.0041 62.8041 14.48
      vertex 41.38 59.54 14.48
      vertex 41.38 61.82 14.48
    endloop
  endfacet
  facet normal 0 0 1
    outer loop
      vertex 39.0041 62.8041 14.48
      vertex 39.0041 58.5559 14.48
      vertex 41.38 59.54 14.48
    endloop
  endfacet
  facet normal -0 0 1
    outer loop
      vertex 35.74 65.18 14.48
      vertex 39.0041 62.8041 14.48
      vertex 38.02 65.18 14.48
    endloop
  endfacet
  facet normal 0 0 1
    outer loop
      vertex 34.7559 62.8041 14.48
      vertex 39.0041 62.8041 14.48
      vertex 35.74 65.18 14.48
    endloop
  endfacet
  facet normal 0 0 1
    outer loop
      vertex 43.7559 67.5559 14.48
      vertex 48.0041 67.5559 14.48
      vertex 43.7559 71.8041 14.48
    endloop
  endfacet
  facet normal 0 0 1
    outer loop
      vertex 48.0041 67.5559 14.48
      vertex 43.7559 67.5559 14.48
      vertex 44.74 65.18 14.48
    endloop
  endfacet
  facet normal -0 0 1
    outer loop
      vertex 41.38 70.82 14.48
      vertex 43.7559 67.5559 14.48
      vertex 43.7559 71.8041 14.48
    endloop
  endfacet
  facet normal 0 0 1
    outer loop
      vertex 41.38 70.82 14.48
      vertex 41.38 68.54 14.48
      vertex 43.7559 67.5559 14.48
    endloop
  endfacet
  facet normal 0 0 1
    outer loop
      vertex 39.0041 71.8041 14.48
      vertex 41.38 68.54 14.48
      vertex 41.38 70.82 14.48
    endloop
  endfacet
  facet normal 0 0 1
    outer loop
      vertex 39.0041 71.8041 14.48
      vertex 39.0041 67.5559 14.48
      vertex 41.38 68.54 14.48
    endloop
  endfacet
  facet normal -0 0 1
    outer loop
      vertex 35.74 74.18 14.48
      vertex 39.0041 71.8041 14.48
      vertex 38.02 74.18 14.48
    endloop
  endfacet
  facet normal 0 0 1
    outer loop
      vertex 34.7559 71.8041 14.48
      vertex 39.0041 71.8041 14.48
      vertex 35.74 74.18 14.48
    endloop
  endfacet
  facet normal 0 0 1
    outer loop
      vertex 52.7559 13.5559 14.48
      vertex 57.0041 13.5559 14.48
      vertex 52.7559 17.8041 14.48
    endloop
  endfacet
  facet normal 0 0 1
    outer loop
      vertex 57.0041 13.5559 14.48
      vertex 52.7559 13.5559 14.48
      vertex 53.74 11.18 14.48
    endloop
  endfacet
  facet normal -0 0 1
    outer loop
      vertex 50.38 16.82 14.48
      vertex 52.7559 13.5559 14.48
      vertex 52.7559 17.8041 14.48
    endloop
  endfacet
  facet normal 0 0 1
    outer loop
      vertex 50.38 16.82 14.48
      vertex 50.38 14.54 14.48
      vertex 52.7559 13.5559 14.48
    endloop
  endfacet
  facet normal 0 0 1
    outer loop
      vertex 48.0041 17.8041 14.48
      vertex 50.38 14.54 14.48
      vertex 50.38 16.82 14.48
    endloop
  endfacet
  facet normal 0 0 1
    outer loop
      vertex 48.0041 17.8041 14.48
      vertex 48.0041 13.5559 14.48
      vertex 50.38 14.54 14.48
    endloop
  endfacet
  facet normal -0 0 1
    outer loop
      vertex 44.74 20.18 14.48
      vertex 48.0041 17.8041 14.48
      vertex 47.02 20.18 14.48
    endloop
  endfacet
  facet normal 0 0 1
    outer loop
      vertex 43.7559 17.8041 14.48
      vertex 48.0041 17.8041 14.48
      vertex 44.74 20.18 14.48
    endloop
  endfacet
  facet normal 0 0 1
    outer loop
      vertex 52.7559 22.5559 14.48
      vertex 57.0041 22.5559 14.48
      vertex 52.7559 26.8041 14.48
    endloop
  endfacet
  facet normal 0 0 1
    outer loop
      vertex 57.0041 22.5559 14.48
      vertex 52.7559 22.5559 14.48
      vertex 53.74 20.18 14.48
    endloop
  endfacet
  facet normal -0 0 1
    outer loop
      vertex 50.38 25.82 14.48
      vertex 52.7559 22.5559 14.48
      vertex 52.7559 26.8041 14.48
    endloop
  endfacet
  facet normal 0 0 1
    outer loop
      vertex 50.38 25.82 14.48
      vertex 50.38 23.54 14.48
      vertex 52.7559 22.5559 14.48
    endloop
  endfacet
  facet normal 0 0 1
    outer loop
      vertex 48.0041 26.8041 14.48
      vertex 50.38 23.54 14.48
      vertex 50.38 25.82 14.48
    endloop
  endfacet
  facet normal 0 0 1
    outer loop
      vertex 48.0041 26.8041 14.48
      vertex 48.0041 22.5559 14.48
      vertex 50.38 23.54 14.48
    endloop
  endfacet
  facet normal -0 0 1
    outer loop
      vertex 44.74 29.18 14.48
      vertex 48.0041 26.8041 14.48
      vertex 47.02 29.18 14.48
    endloop
  endfacet
  facet normal 0 0 1
    outer loop
      vertex 43.7559 26.8041 14.48
      vertex 48.0041 26.8041 14.48
      vertex 44.74 29.18 14.48
    endloop
  endfacet
  facet normal 0 0 1
    outer loop
      vertex 52.7559 31.5559 14.48
      vertex 57.0041 31.5559 14.48
      vertex 52.7559 35.8041 14.48
    endloop
  endfacet
  facet normal 0 0 1
    outer loop
      vertex 57.0041 31.5559 14.48
      vertex 52.7559 31.5559 14.48
      vertex 53.74 29.18 14.48
    endloop
  endfacet
  facet normal -0 0 1
    outer loop
      vertex 50.38 34.82 14.48
      vertex 52.7559 31.5559 14.48
      vertex 52.7559 35.8041 14.48
    endloop
  endfacet
  facet normal 0 0 1
    outer loop
      vertex 50.38 34.82 14.48
      vertex 50.38 32.54 14.48
      vertex 52.7559 31.5559 14.48
    endloop
  endfacet
  facet normal 0 0 1
    outer loop
      vertex 48.0041 35.8041 14.48
      vertex 50.38 32.54 14.48
      vertex 50.38 34.82 14.48
    endloop
  endfacet
  facet normal 0 0 1
    outer loop
      vertex 48.0041 35.8041 14.48
      vertex 48.0041 31.5559 14.48
      vertex 50.38 32.54 14.48
    endloop
  endfacet
  facet normal -0 0 1
    outer loop
      vertex 44.74 38.18 14.48
      vertex 48.0041 35.8041 14.48
      vertex 47.02 38.18 14.48
    endloop
  endfacet
  facet normal 0 0 1
    outer loop
      vertex 43.7559 35.8041 14.48
      vertex 48.0041 35.8041 14.48
      vertex 44.74 38.18 14.48
    endloop
  endfacet
  facet normal 0 0 1
    outer loop
      vertex 52.7559 40.5559 14.48
      vertex 57.0041 40.5559 14.48
      vertex 52.7559 44.8041 14.48
    endloop
  endfacet
  facet normal 0 0 1
    outer loop
      vertex 57.0041 40.5559 14.48
      vertex 52.7559 40.5559 14.48
      vertex 53.74 38.18 14.48
    endloop
  endfacet
  facet normal -0 0 1
    outer loop
      vertex 50.38 43.82 14.48
      vertex 52.7559 40.5559 14.48
      vertex 52.7559 44.8041 14.48
    endloop
  endfacet
  facet normal 0 0 1
    outer loop
      vertex 50.38 43.82 14.48
      vertex 50.38 41.54 14.48
      vertex 52.7559 40.5559 14.48
    endloop
  endfacet
  facet normal 0 0 1
    outer loop
      vertex 48.0041 44.8041 14.48
      vertex 50.38 41.54 14.48
      vertex 50.38 43.82 14.48
    endloop
  endfacet
  facet normal 0 0 1
    outer loop
      vertex 48.0041 44.8041 14.48
      vertex 48.0041 40.5559 14.48
      vertex 50.38 41.54 14.48
    endloop
  endfacet
  facet normal -0 0 1
    outer loop
      vertex 44.74 47.18 14.48
      vertex 48.0041 44.8041 14.48
      vertex 47.02 47.18 14.48
    endloop
  endfacet
  facet normal 0 0 1
    outer loop
      vertex 43.7559 44.8041 14.48
      vertex 48.0041 44.8041 14.48
      vertex 44.74 47.18 14.48
    endloop
  endfacet
  facet normal 0 0 1
    outer loop
      vertex 52.7559 49.5559 14.48
      vertex 57.0041 49.5559 14.48
      vertex 52.7559 53.8041 14.48
    endloop
  endfacet
  facet normal 0 0 1
    outer loop
      vertex 57.0041 49.5559 14.48
      vertex 52.7559 49.5559 14.48
      vertex 53.74 47.18 14.48
    endloop
  endfacet
  facet normal -0 0 1
    outer loop
      vertex 50.38 52.82 14.48
      vertex 52.7559 49.5559 14.48
      vertex 52.7559 53.8041 14.48
    endloop
  endfacet
  facet normal 0 0 1
    outer loop
      vertex 50.38 52.82 14.48
      vertex 50.38 50.54 14.48
      vertex 52.7559 49.5559 14.48
    endloop
  endfacet
  facet normal 0 0 1
    outer loop
      vertex 48.0041 53.8041 14.48
      vertex 50.38 50.54 14.48
      vertex 50.38 52.82 14.48
    endloop
  endfacet
  facet normal 0 0 1
    outer loop
      vertex 48.0041 53.8041 14.48
      vertex 48.0041 49.5559 14.48
      vertex 50.38 50.54 14.48
    endloop
  endfacet
  facet normal -0 0 1
    outer loop
      vertex 44.74 56.18 14.48
      vertex 48.0041 53.8041 14.48
      vertex 47.02 56.18 14.48
    endloop
  endfacet
  facet normal 0 0 1
    outer loop
      vertex 43.7559 53.8041 14.48
      vertex 48.0041 53.8041 14.48
      vertex 44.74 56.18 14.48
    endloop
  endfacet
  facet normal 0 0 1
    outer loop
      vertex 52.7559 58.5559 14.48
      vertex 57.0041 58.5559 14.48
      vertex 52.7559 62.8041 14.48
    endloop
  endfacet
  facet normal 0 0 1
    outer loop
      vertex 57.0041 58.5559 14.48
      vertex 52.7559 58.5559 14.48
      vertex 53.74 56.18 14.48
    endloop
  endfacet
  facet normal -0 0 1
    outer loop
      vertex 50.38 61.82 14.48
      vertex 52.7559 58.5559 14.48
      vertex 52.7559 62.8041 14.48
    endloop
  endfacet
  facet normal 0 0 1
    outer loop
      vertex 50.38 61.82 14.48
      vertex 50.38 59.54 14.48
      vertex 52.7559 58.5559 14.48
    endloop
  endfacet
  facet normal 0 0 1
    outer loop
      vertex 48.0041 62.8041 14.48
      vertex 50.38 59.54 14.48
      vertex 50.38 61.82 14.48
    endloop
  endfacet
  facet normal 0 0 1
    outer loop
      vertex 48.0041 62.8041 14.48
      vertex 48.0041 58.5559 14.48
      vertex 50.38 59.54 14.48
    endloop
  endfacet
  facet normal -0 0 1
    outer loop
      vertex 44.74 65.18 14.48
      vertex 48.0041 62.8041 14.48
      vertex 47.02 65.18 14.48
    endloop
  endfacet
  facet normal 0 0 1
    outer loop
      vertex 43.7559 62.8041 14.48
      vertex 48.0041 62.8041 14.48
      vertex 44.74 65.18 14.48
    endloop
  endfacet
  facet normal 0 0 1
    outer loop
      vertex 52.7559 67.5559 14.48
      vertex 57.0041 67.5559 14.48
      vertex 52.7559 71.8041 14.48
    endloop
  endfacet
  facet normal 0 0 1
    outer loop
      vertex 57.0041 67.5559 14.48
      vertex 52.7559 67.5559 14.48
      vertex 53.74 65.18 14.48
    endloop
  endfacet
  facet normal -0 0 1
    outer loop
      vertex 50.38 70.82 14.48
      vertex 52.7559 67.5559 14.48
      vertex 52.7559 71.8041 14.48
    endloop
  endfacet
  facet normal 0 0 1
    outer loop
      vertex 50.38 70.82 14.48
      vertex 50.38 68.54 14.48
      vertex 52.7559 67.5559 14.48
    endloop
  endfacet
  facet normal 0 0 1
    outer loop
      vertex 48.0041 71.8041 14.48
      vertex 50.38 68.54 14.48
      vertex 50.38 70.82 14.48
    endloop
  endfacet
  facet normal 0 0 1
    outer loop
      vertex 48.0041 71.8041 14.48
      vertex 48.0041 67.5559 14.48
      vertex 50.38 68.54 14.48
    endloop
  endfacet
  facet normal -0 0 1
    outer loop
      vertex 44.74 74.18 14.48
      vertex 48.0041 71.8041 14.48
      vertex 47.02 74.18 14.48
    endloop
  endfacet
  facet normal 0 0 1
    outer loop
      vertex 43.7559 71.8041 14.48
      vertex 48.0041 71.8041 14.48
      vertex 44.74 74.18 14.48
    endloop
  endfacet
  facet normal 0 0 1
    outer loop
      vertex 61.7559 13.5559 14.48
      vertex 66.0041 13.5559 14.48
      vertex 61.7559 17.8041 14.48
    endloop
  endfacet
  facet normal 0 0 1
    outer loop
      vertex 66.0041 13.5559 14.48
      vertex 61.7559 13.5559 14.48
      vertex 62.74 11.18 14.48
    endloop
  endfacet
  facet normal -0 0 1
    outer loop
      vertex 59.38 16.82 14.48
      vertex 61.7559 13.5559 14.48
      vertex 61.7559 17.8041 14.48
    endloop
  endfacet
  facet normal 0 0 1
    outer loop
      vertex 59.38 16.82 14.48
      vertex 59.38 14.54 14.48
      vertex 61.7559 13.5559 14.48
    endloop
  endfacet
  facet normal 0 0 1
    outer loop
      vertex 57.0041 17.8041 14.48
      vertex 59.38 14.54 14.48
      vertex 59.38 16.82 14.48
    endloop
  endfacet
  facet normal 0 0 1
    outer loop
      vertex 57.0041 17.8041 14.48
      vertex 57.0041 13.5559 14.48
      vertex 59.38 14.54 14.48
    endloop
  endfacet
  facet normal -0 0 1
    outer loop
      vertex 53.74 20.18 14.48
      vertex 57.0041 17.8041 14.48
      vertex 56.02 20.18 14.48
    endloop
  endfacet
  facet normal 0 0 1
    outer loop
      vertex 52.7559 17.8041 14.48
      vertex 57.0041 17.8041 14.48
      vertex 53.74 20.18 14.48
    endloop
  endfacet
  facet normal 0 0 1
    outer loop
      vertex 61.7559 22.5559 14.48
      vertex 66.0041 22.5559 14.48
      vertex 61.7559 26.8041 14.48
    endloop
  endfacet
  facet normal 0 0 1
    outer loop
      vertex 66.0041 22.5559 14.48
      vertex 61.7559 22.5559 14.48
      vertex 62.74 20.18 14.48
    endloop
  endfacet
  facet normal -0 0 1
    outer loop
      vertex 59.38 25.82 14.48
      vertex 61.7559 22.5559 14.48
      vertex 61.7559 26.8041 14.48
    endloop
  endfacet
  facet normal 0 0 1
    outer loop
      vertex 59.38 25.82 14.48
      vertex 59.38 23.54 14.48
      vertex 61.7559 22.5559 14.48
    endloop
  endfacet
  facet normal 0 0 1
    outer loop
      vertex 57.0041 26.8041 14.48
      vertex 59.38 23.54 14.48
      vertex 59.38 25.82 14.48
    endloop
  endfacet
  facet normal 0 0 1
    outer loop
      vertex 57.0041 26.8041 14.48
      vertex 57.0041 22.5559 14.48
      vertex 59.38 23.54 14.48
    endloop
  endfacet
  facet normal -0 0 1
    outer loop
      vertex 53.74 29.18 14.48
      vertex 57.0041 26.8041 14.48
      vertex 56.02 29.18 14.48
    endloop
  endfacet
  facet normal 0 0 1
    outer loop
      vertex 52.7559 26.8041 14.48
      vertex 57.0041 26.8041 14.48
      vertex 53.74 29.18 14.48
    endloop
  endfacet
  facet normal 0 0 1
    outer loop
      vertex 61.7559 31.5559 14.48
      vertex 66.0041 31.5559 14.48
      vertex 61.7559 35.8041 14.48
    endloop
  endfacet
  facet normal 0 0 1
    outer loop
      vertex 66.0041 31.5559 14.48
      vertex 61.7559 31.5559 14.48
      vertex 62.74 29.18 14.48
    endloop
  endfacet
  facet normal -0 0 1
    outer loop
      vertex 59.38 34.82 14.48
      vertex 61.7559 31.5559 14.48
      vertex 61.7559 35.8041 14.48
    endloop
  endfacet
  facet normal 0 0 1
    outer loop
      vertex 59.38 34.82 14.48
      vertex 59.38 32.54 14.48
      vertex 61.7559 31.5559 14.48
    endloop
  endfacet
  facet normal 0 0 1
    outer loop
      vertex 57.0041 35.8041 14.48
      vertex 59.38 32.54 14.48
      vertex 59.38 34.82 14.48
    endloop
  endfacet
  facet normal 0 0 1
    outer loop
      vertex 57.0041 35.8041 14.48
      vertex 57.0041 31.5559 14.48
      vertex 59.38 32.54 14.48
    endloop
  endfacet
  facet normal -0 0 1
    outer loop
      vertex 53.74 38.18 14.48
      vertex 57.0041 35.8041 14.48
      vertex 56.02 38.18 14.48
    endloop
  endfacet
  facet normal 0 0 1
    outer loop
      vertex 52.7559 35.8041 14.48
      vertex 57.0041 35.8041 14.48
      vertex 53.74 38.18 14.48
    endloop
  endfacet
  facet normal 0 0 1
    outer loop
      vertex 61.7559 40.5559 14.48
      vertex 66.0041 40.5559 14.48
      vertex 61.7559 44.8041 14.48
    endloop
  endfacet
  facet normal 0 0 1
    outer loop
      vertex 66.0041 40.5559 14.48
      vertex 61.7559 40.5559 14.48
      vertex 62.74 38.18 14.48
    endloop
  endfacet
  facet normal -0 0 1
    outer loop
      vertex 59.38 43.82 14.48
      vertex 61.7559 40.5559 14.48
      vertex 61.7559 44.8041 14.48
    endloop
  endfacet
  facet normal 0 0 1
    outer loop
      vertex 59.38 43.82 14.48
      vertex 59.38 41.54 14.48
      vertex 61.7559 40.5559 14.48
    endloop
  endfacet
  facet normal 0 0 1
    outer loop
      vertex 57.0041 44.8041 14.48
      vertex 59.38 41.54 14.48
      vertex 59.38 43.82 14.48
    endloop
  endfacet
  facet normal 0 0 1
    outer loop
      vertex 57.0041 44.8041 14.48
      vertex 57.0041 40.5559 14.48
      vertex 59.38 41.54 14.48
    endloop
  endfacet
  facet normal -0 0 1
    outer loop
      vertex 53.74 47.18 14.48
      vertex 57.0041 44.8041 14.48
      vertex 56.02 47.18 14.48
    endloop
  endfacet
  facet normal 0 0 1
    outer loop
      vertex 52.7559 44.8041 14.48
      vertex 57.0041 44.8041 14.48
      vertex 53.74 47.18 14.48
    endloop
  endfacet
  facet normal 0 0 1
    outer loop
      vertex 61.7559 49.5559 14.48
      vertex 66.0041 49.5559 14.48
      vertex 61.7559 53.8041 14.48
    endloop
  endfacet
  facet normal 0 0 1
    outer loop
      vertex 66.0041 49.5559 14.48
      vertex 61.7559 49.5559 14.48
      vertex 62.74 47.18 14.48
    endloop
  endfacet
  facet normal -0 0 1
    outer loop
      vertex 59.38 52.82 14.48
      vertex 61.7559 49.5559 14.48
      vertex 61.7559 53.8041 14.48
    endloop
  endfacet
  facet normal 0 0 1
    outer loop
      vertex 59.38 52.82 14.48
      vertex 59.38 50.54 14.48
      vertex 61.7559 49.5559 14.48
    endloop
  endfacet
  facet normal 0 0 1
    outer loop
      vertex 57.0041 53.8041 14.48
      vertex 59.38 50.54 14.48
      vertex 59.38 52.82 14.48
    endloop
  endfacet
  facet normal 0 0 1
    outer loop
      vertex 57.0041 53.8041 14.48
      vertex 57.0041 49.5559 14.48
      vertex 59.38 50.54 14.48
    endloop
  endfacet
  facet normal -0 0 1
    outer loop
      vertex 53.74 56.18 14.48
      vertex 57.0041 53.8041 14.48
      vertex 56.02 56.18 14.48
    endloop
  endfacet
  facet normal 0 0 1
    outer loop
      vertex 52.7559 53.8041 14.48
      vertex 57.0041 53.8041 14.48
      vertex 53.74 56.18 14.48
    endloop
  endfacet
  facet normal 0 0 1
    outer loop
      vertex 61.7559 58.5559 14.48
      vertex 66.0041 58.5559 14.48
      vertex 61.7559 62.8041 14.48
    endloop
  endfacet
  facet normal 0 0 1
    outer loop
      vertex 66.0041 58.5559 14.48
      vertex 61.7559 58.5559 14.48
      vertex 62.74 56.18 14.48
    endloop
  endfacet
  facet normal -0 0 1
    outer loop
      vertex 59.38 61.82 14.48
      vertex 61.7559 58.5559 14.48
      vertex 61.7559 62.8041 14.48
    endloop
  endfacet
  facet normal 0 0 1
    outer loop
      vertex 59.38 61.82 14.48
      vertex 59.38 59.54 14.48
      vertex 61.7559 58.5559 14.48
    endloop
  endfacet
  facet normal 0 0 1
    outer loop
      vertex 57.0041 62.8041 14.48
      vertex 59.38 59.54 14.48
      vertex 59.38 61.82 14.48
    endloop
  endfacet
  facet normal 0 0 1
    outer loop
      vertex 57.0041 62.8041 14.48
      vertex 57.0041 58.5559 14.48
      vertex 59.38 59.54 14.48
    endloop
  endfacet
  facet normal -0 0 1
    outer loop
      vertex 53.74 65.18 14.48
      vertex 57.0041 62.8041 14.48
      vertex 56.02 65.18 14.48
    endloop
  endfacet
  facet normal 0 0 1
    outer loop
      vertex 52.7559 62.8041 14.48
      vertex 57.0041 62.8041 14.48
      vertex 53.74 65.18 14.48
    endloop
  endfacet
  facet normal 0 0 1
    outer loop
      vertex 61.7559 67.5559 14.48
      vertex 66.0041 67.5559 14.48
      vertex 61.7559 71.8041 14.48
    endloop
  endfacet
  facet normal 0 0 1
    outer loop
      vertex 66.0041 67.5559 14.48
      vertex 61.7559 67.5559 14.48
      vertex 62.74 65.18 14.48
    endloop
  endfacet
  facet normal -0 0 1
    outer loop
      vertex 59.38 70.82 14.48
      vertex 61.7559 67.5559 14.48
      vertex 61.7559 71.8041 14.48
    endloop
  endfacet
  facet normal 0 0 1
    outer loop
      vertex 59.38 70.82 14.48
      vertex 59.38 68.54 14.48
      vertex 61.7559 67.5559 14.48
    endloop
  endfacet
  facet normal 0 0 1
    outer loop
      vertex 57.0041 71.8041 14.48
      vertex 59.38 68.54 14.48
      vertex 59.38 70.82 14.48
    endloop
  endfacet
  facet normal 0 0 1
    outer loop
      vertex 57.0041 71.8041 14.48
      vertex 57.0041 67.5559 14.48
      vertex 59.38 68.54 14.48
    endloop
  endfacet
  facet normal -0 0 1
    outer loop
      vertex 53.74 74.18 14.48
      vertex 57.0041 71.8041 14.48
      vertex 56.02 74.18 14.48
    endloop
  endfacet
  facet normal 0 0 1
    outer loop
      vertex 52.7559 71.8041 14.48
      vertex 57.0041 71.8041 14.48
      vertex 53.74 74.18 14.48
    endloop
  endfacet
  facet normal 0 0 1
    outer loop
      vertex 70.7559 13.5559 14.48
      vertex 75.0041 13.5559 14.48
      vertex 70.7559 17.8041 14.48
    endloop
  endfacet
  facet normal 0 0 1
    outer loop
      vertex 75.0041 13.5559 14.48
      vertex 70.7559 13.5559 14.48
      vertex 71.74 11.18 14.48
    endloop
  endfacet
  facet normal -0 0 1
    outer loop
      vertex 68.38 16.82 14.48
      vertex 70.7559 13.5559 14.48
      vertex 70.7559 17.8041 14.48
    endloop
  endfacet
  facet normal 0 0 1
    outer loop
      vertex 68.38 16.82 14.48
      vertex 68.38 14.54 14.48
      vertex 70.7559 13.5559 14.48
    endloop
  endfacet
  facet normal 0 0 1
    outer loop
      vertex 66.0041 17.8041 14.48
      vertex 68.38 14.54 14.48
      vertex 68.38 16.82 14.48
    endloop
  endfacet
  facet normal 0 0 1
    outer loop
      vertex 66.0041 17.8041 14.48
      vertex 66.0041 13.5559 14.48
      vertex 68.38 14.54 14.48
    endloop
  endfacet
  facet normal -0 0 1
    outer loop
      vertex 62.74 20.18 14.48
      vertex 66.0041 17.8041 14.48
      vertex 65.02 20.18 14.48
    endloop
  endfacet
  facet normal 0 0 1
    outer loop
      vertex 61.7559 17.8041 14.48
      vertex 66.0041 17.8041 14.48
      vertex 62.74 20.18 14.48
    endloop
  endfacet
  facet normal 0 0 1
    outer loop
      vertex 70.7559 22.5559 14.48
      vertex 75.0041 22.5559 14.48
      vertex 70.7559 26.8041 14.48
    endloop
  endfacet
  facet normal 0 0 1
    outer loop
      vertex 75.0041 22.5559 14.48
      vertex 70.7559 22.5559 14.48
      vertex 71.74 20.18 14.48
    endloop
  endfacet
  facet normal -0 0 1
    outer loop
      vertex 68.38 25.82 14.48
      vertex 70.7559 22.5559 14.48
      vertex 70.7559 26.8041 14.48
    endloop
  endfacet
  facet normal 0 0 1
    outer loop
      vertex 68.38 25.82 14.48
      vertex 68.38 23.54 14.48
      vertex 70.7559 22.5559 14.48
    endloop
  endfacet
  facet normal 0 0 1
    outer loop
      vertex 66.0041 26.8041 14.48
      vertex 68.38 23.54 14.48
      vertex 68.38 25.82 14.48
    endloop
  endfacet
  facet normal 0 0 1
    outer loop
      vertex 66.0041 26.8041 14.48
      vertex 66.0041 22.5559 14.48
      vertex 68.38 23.54 14.48
    endloop
  endfacet
  facet normal -0 0 1
    outer loop
      vertex 62.74 29.18 14.48
      vertex 66.0041 26.8041 14.48
      vertex 65.02 29.18 14.48
    endloop
  endfacet
  facet normal 0 0 1
    outer loop
      vertex 61.7559 26.8041 14.48
      vertex 66.0041 26.8041 14.48
      vertex 62.74 29.18 14.48
    endloop
  endfacet
  facet normal 0 0 1
    outer loop
      vertex 70.7559 31.5559 14.48
      vertex 75.0041 31.5559 14.48
      vertex 70.7559 35.8041 14.48
    endloop
  endfacet
  facet normal 0 0 1
    outer loop
      vertex 75.0041 31.5559 14.48
      vertex 70.7559 31.5559 14.48
      vertex 71.74 29.18 14.48
    endloop
  endfacet
  facet normal -0 0 1
    outer loop
      vertex 68.38 34.82 14.48
      vertex 70.7559 31.5559 14.48
      vertex 70.7559 35.8041 14.48
    endloop
  endfacet
  facet normal 0 0 1
    outer loop
      vertex 68.38 34.82 14.48
      vertex 68.38 32.54 14.48
      vertex 70.7559 31.5559 14.48
    endloop
  endfacet
  facet normal 0 0 1
    outer loop
      vertex 66.0041 35.8041 14.48
      vertex 68.38 32.54 14.48
      vertex 68.38 34.82 14.48
    endloop
  endfacet
  facet normal 0 0 1
    outer loop
      vertex 66.0041 35.8041 14.48
      vertex 66.0041 31.5559 14.48
      vertex 68.38 32.54 14.48
    endloop
  endfacet
  facet normal -0 0 1
    outer loop
      vertex 62.74 38.18 14.48
      vertex 66.0041 35.8041 14.48
      vertex 65.02 38.18 14.48
    endloop
  endfacet
  facet normal 0 0 1
    outer loop
      vertex 61.7559 35.8041 14.48
      vertex 66.0041 35.8041 14.48
      vertex 62.74 38.18 14.48
    endloop
  endfacet
  facet normal 0 0 1
    outer loop
      vertex 70.7559 40.5559 14.48
      vertex 75.0041 40.5559 14.48
      vertex 70.7559 44.8041 14.48
    endloop
  endfacet
  facet normal 0 0 1
    outer loop
      vertex 75.0041 40.5559 14.48
      vertex 70.7559 40.5559 14.48
      vertex 71.74 38.18 14.48
    endloop
  endfacet
  facet normal -0 0 1
    outer loop
      vertex 68.38 43.82 14.48
      vertex 70.7559 40.5559 14.48
      vertex 70.7559 44.8041 14.48
    endloop
  endfacet
  facet normal 0 0 1
    outer loop
      vertex 68.38 43.82 14.48
      vertex 68.38 41.54 14.48
      vertex 70.7559 40.5559 14.48
    endloop
  endfacet
  facet normal 0 0 1
    outer loop
      vertex 66.0041 44.8041 14.48
      vertex 68.38 41.54 14.48
      vertex 68.38 43.82 14.48
    endloop
  endfacet
  facet normal 0 0 1
    outer loop
      vertex 66.0041 44.8041 14.48
      vertex 66.0041 40.5559 14.48
      vertex 68.38 41.54 14.48
    endloop
  endfacet
  facet normal -0 0 1
    outer loop
      vertex 62.74 47.18 14.48
      vertex 66.0041 44.8041 14.48
      vertex 65.02 47.18 14.48
    endloop
  endfacet
  facet normal 0 0 1
    outer loop
      vertex 61.7559 44.8041 14.48
      vertex 66.0041 44.8041 14.48
      vertex 62.74 47.18 14.48
    endloop
  endfacet
  facet normal 0 0 1
    outer loop
      vertex 70.7559 49.5559 14.48
      vertex 75.0041 49.5559 14.48
      vertex 70.7559 53.8041 14.48
    endloop
  endfacet
  facet normal 0 0 1
    outer loop
      vertex 75.0041 49.5559 14.48
      vertex 70.7559 49.5559 14.48
      vertex 71.74 47.18 14.48
    endloop
  endfacet
  facet normal -0 0 1
    outer loop
      vertex 68.38 52.82 14.48
      vertex 70.7559 49.5559 14.48
      vertex 70.7559 53.8041 14.48
    endloop
  endfacet
  facet normal 0 0 1
    outer loop
      vertex 68.38 52.82 14.48
      vertex 68.38 50.54 14.48
      vertex 70.7559 49.5559 14.48
    endloop
  endfacet
  facet normal 0 0 1
    outer loop
      vertex 66.0041 53.8041 14.48
      vertex 68.38 50.54 14.48
      vertex 68.38 52.82 14.48
    endloop
  endfacet
  facet normal 0 0 1
    outer loop
      vertex 66.0041 53.8041 14.48
      vertex 66.0041 49.5559 14.48
      vertex 68.38 50.54 14.48
    endloop
  endfacet
  facet normal -0 0 1
    outer loop
      vertex 62.74 56.18 14.48
      vertex 66.0041 53.8041 14.48
      vertex 65.02 56.18 14.48
    endloop
  endfacet
  facet normal 0 0 1
    outer loop
      vertex 61.7559 53.8041 14.48
      vertex 66.0041 53.8041 14.48
      vertex 62.74 56.18 14.48
    endloop
  endfacet
  facet normal 0 0 1
    outer loop
      vertex 70.7559 58.5559 14.48
      vertex 75.0041 58.5559 14.48
      vertex 70.7559 62.8041 14.48
    endloop
  endfacet
  facet normal 0 0 1
    outer loop
      vertex 75.0041 58.5559 14.48
      vertex 70.7559 58.5559 14.48
      vertex 71.74 56.18 14.48
    endloop
  endfacet
  facet normal -0 0 1
    outer loop
      vertex 68.38 61.82 14.48
      vertex 70.7559 58.5559 14.48
      vertex 70.7559 62.8041 14.48
    endloop
  endfacet
  facet normal 0 0 1
    outer loop
      vertex 68.38 61.82 14.48
      vertex 68.38 59.54 14.48
      vertex 70.7559 58.5559 14.48
    endloop
  endfacet
  facet normal 0 0 1
    outer loop
      vertex 66.0041 62.8041 14.48
      vertex 68.38 59.54 14.48
      vertex 68.38 61.82 14.48
    endloop
  endfacet
  facet normal 0 0 1
    outer loop
      vertex 66.0041 62.8041 14.48
      vertex 66.0041 58.5559 14.48
      vertex 68.38 59.54 14.48
    endloop
  endfacet
  facet normal -0 0 1
    outer loop
      vertex 62.74 65.18 14.48
      vertex 66.0041 62.8041 14.48
      vertex 65.02 65.18 14.48
    endloop
  endfacet
  facet normal 0 0 1
    outer loop
      vertex 61.7559 62.8041 14.48
      vertex 66.0041 62.8041 14.48
      vertex 62.74 65.18 14.48
    endloop
  endfacet
  facet normal 0 0 1
    outer loop
      vertex 70.7559 67.5559 14.48
      vertex 75.0041 67.5559 14.48
      vertex 70.7559 71.8041 14.48
    endloop
  endfacet
  facet normal 0 0 1
    outer loop
      vertex 75.0041 67.5559 14.48
      vertex 70.7559 67.5559 14.48
      vertex 71.74 65.18 14.48
    endloop
  endfacet
  facet normal -0 0 1
    outer loop
      vertex 68.38 70.82 14.48
      vertex 70.7559 67.5559 14.48
      vertex 70.7559 71.8041 14.48
    endloop
  endfacet
  facet normal 0 0 1
    outer loop
      vertex 68.38 70.82 14.48
      vertex 68.38 68.54 14.48
      vertex 70.7559 67.5559 14.48
    endloop
  endfacet
  facet normal 0 0 1
    outer loop
      vertex 66.0041 71.8041 14.48
      vertex 68.38 68.54 14.48
      vertex 68.38 70.82 14.48
    endloop
  endfacet
  facet normal 0 0 1
    outer loop
      vertex 66.0041 71.8041 14.48
      vertex 66.0041 67.5559 14.48
      vertex 68.38 68.54 14.48
    endloop
  endfacet
  facet normal -0 0 1
    outer loop
      vertex 62.74 74.18 14.48
      vertex 66.0041 71.8041 14.48
      vertex 65.02 74.18 14.48
    endloop
  endfacet
  facet normal 0 0 1
    outer loop
      vertex 61.7559 71.8041 14.48
      vertex 66.0041 71.8041 14.48
      vertex 62.74 74.18 14.48
    endloop
  endfacet
  facet normal 0 0 1
    outer loop
      vertex 79.7559 13.5559 14.48
      vertex 84.0041 13.5559 14.48
      vertex 79.7559 17.8041 14.48
    endloop
  endfacet
  facet normal 0 0 1
    outer loop
      vertex 84.0041 13.5559 14.48
      vertex 79.7559 13.5559 14.48
      vertex 80.74 11.18 14.48
    endloop
  endfacet
  facet normal -0 0 1
    outer loop
      vertex 77.38 16.82 14.48
      vertex 79.7559 13.5559 14.48
      vertex 79.7559 17.8041 14.48
    endloop
  endfacet
  facet normal 0 0 1
    outer loop
      vertex 77.38 16.82 14.48
      vertex 77.38 14.54 14.48
      vertex 79.7559 13.5559 14.48
    endloop
  endfacet
  facet normal 0 0 1
    outer loop
      vertex 75.0041 17.8041 14.48
      vertex 77.38 14.54 14.48
      vertex 77.38 16.82 14.48
    endloop
  endfacet
  facet normal 0 0 1
    outer loop
      vertex 75.0041 17.8041 14.48
      vertex 75.0041 13.5559 14.48
      vertex 77.38 14.54 14.48
    endloop
  endfacet
  facet normal -0 0 1
    outer loop
      vertex 71.74 20.18 14.48
      vertex 75.0041 17.8041 14.48
      vertex 74.02 20.18 14.48
    endloop
  endfacet
  facet normal 0 0 1
    outer loop
      vertex 70.7559 17.8041 14.48
      vertex 75.0041 17.8041 14.48
      vertex 71.74 20.18 14.48
    endloop
  endfacet
  facet normal 0 0 1
    outer loop
      vertex 79.7559 22.5559 14.48
      vertex 84.0041 22.5559 14.48
      vertex 79.7559 26.8041 14.48
    endloop
  endfacet
  facet normal 0 0 1
    outer loop
      vertex 84.0041 22.5559 14.48
      vertex 79.7559 22.5559 14.48
      vertex 80.74 20.18 14.48
    endloop
  endfacet
  facet normal -0 0 1
    outer loop
      vertex 77.38 25.82 14.48
      vertex 79.7559 22.5559 14.48
      vertex 79.7559 26.8041 14.48
    endloop
  endfacet
  facet normal 0 0 1
    outer loop
      vertex 77.38 25.82 14.48
      vertex 77.38 23.54 14.48
      vertex 79.7559 22.5559 14.48
    endloop
  endfacet
  facet normal 0 0 1
    outer loop
      vertex 75.0041 26.8041 14.48
      vertex 77.38 23.54 14.48
      vertex 77.38 25.82 14.48
    endloop
  endfacet
  facet normal 0 0 1
    outer loop
      vertex 75.0041 26.8041 14.48
      vertex 75.0041 22.5559 14.48
      vertex 77.38 23.54 14.48
    endloop
  endfacet
  facet normal -0 0 1
    outer loop
      vertex 71.74 29.18 14.48
      vertex 75.0041 26.8041 14.48
      vertex 74.02 29.18 14.48
    endloop
  endfacet
  facet normal 0 0 1
    outer loop
      vertex 70.7559 26.8041 14.48
      vertex 75.0041 26.8041 14.48
      vertex 71.74 29.18 14.48
    endloop
  endfacet
  facet normal 0 0 1
    outer loop
      vertex 79.7559 31.5559 14.48
      vertex 84.0041 31.5559 14.48
      vertex 79.7559 35.8041 14.48
    endloop
  endfacet
  facet normal 0 0 1
    outer loop
      vertex 84.0041 31.5559 14.48
      vertex 79.7559 31.5559 14.48
      vertex 80.74 29.18 14.48
    endloop
  endfacet
  facet normal -0 0 1
    outer loop
      vertex 77.38 34.82 14.48
      vertex 79.7559 31.5559 14.48
      vertex 79.7559 35.8041 14.48
    endloop
  endfacet
  facet normal 0 0 1
    outer loop
      vertex 77.38 34.82 14.48
      vertex 77.38 32.54 14.48
      vertex 79.7559 31.5559 14.48
    endloop
  endfacet
  facet normal 0 0 1
    outer loop
      vertex 75.0041 35.8041 14.48
      vertex 77.38 32.54 14.48
      vertex 77.38 34.82 14.48
    endloop
  endfacet
  facet normal 0 0 1
    outer loop
      vertex 75.0041 35.8041 14.48
      vertex 75.0041 31.5559 14.48
      vertex 77.38 32.54 14.48
    endloop
  endfacet
  facet normal -0 0 1
    outer loop
      vertex 71.74 38.18 14.48
      vertex 75.0041 35.8041 14.48
      vertex 74.02 38.18 14.48
    endloop
  endfacet
  facet normal 0 0 1
    outer loop
      vertex 70.7559 35.8041 14.48
      vertex 75.0041 35.8041 14.48
      vertex 71.74 38.18 14.48
    endloop
  endfacet
  facet normal 0 0 1
    outer loop
      vertex 79.7559 40.5559 14.48
      vertex 84.0041 40.5559 14.48
      vertex 79.7559 44.8041 14.48
    endloop
  endfacet
  facet normal 0 0 1
    outer loop
      vertex 84.0041 40.5559 14.48
      vertex 79.7559 40.5559 14.48
      vertex 80.74 38.18 14.48
    endloop
  endfacet
  facet normal -0 0 1
    outer loop
      vertex 77.38 43.82 14.48
      vertex 79.7559 40.5559 14.48
      vertex 79.7559 44.8041 14.48
    endloop
  endfacet
  facet normal 0 0 1
    outer loop
      vertex 77.38 43.82 14.48
      vertex 77.38 41.54 14.48
      vertex 79.7559 40.5559 14.48
    endloop
  endfacet
  facet normal 0 0 1
    outer loop
      vertex 75.0041 44.8041 14.48
      vertex 77.38 41.54 14.48
      vertex 77.38 43.82 14.48
    endloop
  endfacet
  facet normal 0 0 1
    outer loop
      vertex 75.0041 44.8041 14.48
      vertex 75.0041 40.5559 14.48
      vertex 77.38 41.54 14.48
    endloop
  endfacet
  facet normal -0 0 1
    outer loop
      vertex 71.74 47.18 14.48
      vertex 75.0041 44.8041 14.48
      vertex 74.02 47.18 14.48
    endloop
  endfacet
  facet normal 0 0 1
    outer loop
      vertex 70.7559 44.8041 14.48
      vertex 75.0041 44.8041 14.48
      vertex 71.74 47.18 14.48
    endloop
  endfacet
  facet normal 0 0 1
    outer loop
      vertex 79.7559 49.5559 14.48
      vertex 84.0041 49.5559 14.48
      vertex 79.7559 53.8041 14.48
    endloop
  endfacet
  facet normal 0 0 1
    outer loop
      vertex 84.0041 49.5559 14.48
      vertex 79.7559 49.5559 14.48
      vertex 80.74 47.18 14.48
    endloop
  endfacet
  facet normal -0 0 1
    outer loop
      vertex 77.38 52.82 14.48
      vertex 79.7559 49.5559 14.48
      vertex 79.7559 53.8041 14.48
    endloop
  endfacet
  facet normal 0 0 1
    outer loop
      vertex 77.38 52.82 14.48
      vertex 77.38 50.54 14.48
      vertex 79.7559 49.5559 14.48
    endloop
  endfacet
  facet normal 0 0 1
    outer loop
      vertex 75.0041 53.8041 14.48
      vertex 77.38 50.54 14.48
      vertex 77.38 52.82 14.48
    endloop
  endfacet
  facet normal 0 0 1
    outer loop
      vertex 75.0041 53.8041 14.48
      vertex 75.0041 49.5559 14.48
      vertex 77.38 50.54 14.48
    endloop
  endfacet
  facet normal -0 0 1
    outer loop
      vertex 71.74 56.18 14.48
      vertex 75.0041 53.8041 14.48
      vertex 74.02 56.18 14.48
    endloop
  endfacet
  facet normal 0 0 1
    outer loop
      vertex 70.7559 53.8041 14.48
      vertex 75.0041 53.8041 14.48
      vertex 71.74 56.18 14.48
    endloop
  endfacet
  facet normal 0 0 1
    outer loop
      vertex 79.7559 58.5559 14.48
      vertex 84.0041 58.5559 14.48
      vertex 79.7559 62.8041 14.48
    endloop
  endfacet
  facet normal 0 0 1
    outer loop
      vertex 84.0041 58.5559 14.48
      vertex 79.7559 58.5559 14.48
      vertex 80.74 56.18 14.48
    endloop
  endfacet
  facet normal -0 0 1
    outer loop
      vertex 77.38 61.82 14.48
      vertex 79.7559 58.5559 14.48
      vertex 79.7559 62.8041 14.48
    endloop
  endfacet
  facet normal 0 0 1
    outer loop
      vertex 77.38 61.82 14.48
      vertex 77.38 59.54 14.48
      vertex 79.7559 58.5559 14.48
    endloop
  endfacet
  facet normal 0 0 1
    outer loop
      vertex 75.0041 62.8041 14.48
      vertex 77.38 59.54 14.48
      vertex 77.38 61.82 14.48
    endloop
  endfacet
  facet normal 0 0 1
    outer loop
      vertex 75.0041 62.8041 14.48
      vertex 75.0041 58.5559 14.48
      vertex 77.38 59.54 14.48
    endloop
  endfacet
  facet normal -0 0 1
    outer loop
      vertex 71.74 65.18 14.48
      vertex 75.0041 62.8041 14.48
      vertex 74.02 65.18 14.48
    endloop
  endfacet
  facet normal 0 0 1
    outer loop
      vertex 70.7559 62.8041 14.48
      vertex 75.0041 62.8041 14.48
      vertex 71.74 65.18 14.48
    endloop
  endfacet
  facet normal 0 0 1
    outer loop
      vertex 79.7559 67.5559 14.48
      vertex 84.0041 67.5559 14.48
      vertex 79.7559 71.8041 14.48
    endloop
  endfacet
  facet normal 0 0 1
    outer loop
      vertex 84.0041 67.5559 14.48
      vertex 79.7559 67.5559 14.48
      vertex 80.74 65.18 14.48
    endloop
  endfacet
  facet normal -0 0 1
    outer loop
      vertex 77.38 70.82 14.48
      vertex 79.7559 67.5559 14.48
      vertex 79.7559 71.8041 14.48
    endloop
  endfacet
  facet normal 0 0 1
    outer loop
      vertex 77.38 70.82 14.48
      vertex 77.38 68.54 14.48
      vertex 79.7559 67.5559 14.48
    endloop
  endfacet
  facet normal 0 0 1
    outer loop
      vertex 75.0041 71.8041 14.48
      vertex 77.38 68.54 14.48
      vertex 77.38 70.82 14.48
    endloop
  endfacet
  facet normal 0 0 1
    outer loop
      vertex 75.0041 71.8041 14.48
      vertex 75.0041 67.5559 14.48
      vertex 77.38 68.54 14.48
    endloop
  endfacet
  facet normal -0 0 1
    outer loop
      vertex 71.74 74.18 14.48
      vertex 75.0041 71.8041 14.48
      vertex 74.02 74.18 14.48
    endloop
  endfacet
  facet normal 0 0 1
    outer loop
      vertex 70.7559 71.8041 14.48
      vertex 75.0041 71.8041 14.48
      vertex 71.74 74.18 14.48
    endloop
  endfacet
  facet normal 0 0 1
    outer loop
      vertex 88.7559 13.5559 14.48
      vertex 93.0041 13.5559 14.48
      vertex 88.7559 17.8041 14.48
    endloop
  endfacet
  facet normal 0 0 1
    outer loop
      vertex 93.0041 13.5559 14.48
      vertex 88.7559 13.5559 14.48
      vertex 89.74 11.18 14.48
    endloop
  endfacet
  facet normal -0 0 1
    outer loop
      vertex 86.38 16.82 14.48
      vertex 88.7559 13.5559 14.48
      vertex 88.7559 17.8041 14.48
    endloop
  endfacet
  facet normal 0 0 1
    outer loop
      vertex 86.38 16.82 14.48
      vertex 86.38 14.54 14.48
      vertex 88.7559 13.5559 14.48
    endloop
  endfacet
  facet normal 0 0 1
    outer loop
      vertex 84.0041 17.8041 14.48
      vertex 86.38 14.54 14.48
      vertex 86.38 16.82 14.48
    endloop
  endfacet
  facet normal 0 0 1
    outer loop
      vertex 84.0041 17.8041 14.48
      vertex 84.0041 13.5559 14.48
      vertex 86.38 14.54 14.48
    endloop
  endfacet
  facet normal -0 0 1
    outer loop
      vertex 80.74 20.18 14.48
      vertex 84.0041 17.8041 14.48
      vertex 83.02 20.18 14.48
    endloop
  endfacet
  facet normal 0 0 1
    outer loop
      vertex 79.7559 17.8041 14.48
      vertex 84.0041 17.8041 14.48
      vertex 80.74 20.18 14.48
    endloop
  endfacet
  facet normal 0 0 1
    outer loop
      vertex 88.7559 22.5559 14.48
      vertex 93.0041 22.5559 14.48
      vertex 88.7559 26.8041 14.48
    endloop
  endfacet
  facet normal 0 0 1
    outer loop
      vertex 93.0041 22.5559 14.48
      vertex 88.7559 22.5559 14.48
      vertex 89.74 20.18 14.48
    endloop
  endfacet
  facet normal -0 0 1
    outer loop
      vertex 86.38 25.82 14.48
      vertex 88.7559 22.5559 14.48
      vertex 88.7559 26.8041 14.48
    endloop
  endfacet
  facet normal 0 0 1
    outer loop
      vertex 86.38 25.82 14.48
      vertex 86.38 23.54 14.48
      vertex 88.7559 22.5559 14.48
    endloop
  endfacet
  facet normal 0 0 1
    outer loop
      vertex 84.0041 26.8041 14.48
      vertex 86.38 23.54 14.48
      vertex 86.38 25.82 14.48
    endloop
  endfacet
  facet normal 0 0 1
    outer loop
      vertex 84.0041 26.8041 14.48
      vertex 84.0041 22.5559 14.48
      vertex 86.38 23.54 14.48
    endloop
  endfacet
  facet normal -0 0 1
    outer loop
      vertex 80.74 29.18 14.48
      vertex 84.0041 26.8041 14.48
      vertex 83.02 29.18 14.48
    endloop
  endfacet
  facet normal 0 0 1
    outer loop
      vertex 79.7559 26.8041 14.48
      vertex 84.0041 26.8041 14.48
      vertex 80.74 29.18 14.48
    endloop
  endfacet
  facet normal 0 0 1
    outer loop
      vertex 88.7559 31.5559 14.48
      vertex 93.0041 31.5559 14.48
      vertex 88.7559 35.8041 14.48
    endloop
  endfacet
  facet normal 0 0 1
    outer loop
      vertex 93.0041 31.5559 14.48
      vertex 88.7559 31.5559 14.48
      vertex 89.74 29.18 14.48
    endloop
  endfacet
  facet normal -0 0 1
    outer loop
      vertex 86.38 34.82 14.48
      vertex 88.7559 31.5559 14.48
      vertex 88.7559 35.8041 14.48
    endloop
  endfacet
  facet normal 0 0 1
    outer loop
      vertex 86.38 34.82 14.48
      vertex 86.38 32.54 14.48
      vertex 88.7559 31.5559 14.48
    endloop
  endfacet
  facet normal 0 0 1
    outer loop
      vertex 84.0041 35.8041 14.48
      vertex 86.38 32.54 14.48
      vertex 86.38 34.82 14.48
    endloop
  endfacet
  facet normal 0 0 1
    outer loop
      vertex 84.0041 35.8041 14.48
      vertex 84.0041 31.5559 14.48
      vertex 86.38 32.54 14.48
    endloop
  endfacet
  facet normal -0 0 1
    outer loop
      vertex 80.74 38.18 14.48
      vertex 84.0041 35.8041 14.48
      vertex 83.02 38.18 14.48
    endloop
  endfacet
  facet normal 0 0 1
    outer loop
      vertex 79.7559 35.8041 14.48
      vertex 84.0041 35.8041 14.48
      vertex 80.74 38.18 14.48
    endloop
  endfacet
  facet normal 0 0 1
    outer loop
      vertex 88.7559 40.5559 14.48
      vertex 93.0041 40.5559 14.48
      vertex 88.7559 44.8041 14.48
    endloop
  endfacet
  facet normal 0 0 1
    outer loop
      vertex 93.0041 40.5559 14.48
      vertex 88.7559 40.5559 14.48
      vertex 89.74 38.18 14.48
    endloop
  endfacet
  facet normal -0 0 1
    outer loop
      vertex 86.38 43.82 14.48
      vertex 88.7559 40.5559 14.48
      vertex 88.7559 44.8041 14.48
    endloop
  endfacet
  facet normal 0 0 1
    outer loop
      vertex 86.38 43.82 14.48
      vertex 86.38 41.54 14.48
      vertex 88.7559 40.5559 14.48
    endloop
  endfacet
  facet normal 0 0 1
    outer loop
      vertex 84.0041 44.8041 14.48
      vertex 86.38 41.54 14.48
      vertex 86.38 43.82 14.48
    endloop
  endfacet
  facet normal 0 0 1
    outer loop
      vertex 84.0041 44.8041 14.48
      vertex 84.0041 40.5559 14.48
      vertex 86.38 41.54 14.48
    endloop
  endfacet
  facet normal -0 0 1
    outer loop
      vertex 80.74 47.18 14.48
      vertex 84.0041 44.8041 14.48
      vertex 83.02 47.18 14.48
    endloop
  endfacet
  facet normal 0 0 1
    outer loop
      vertex 79.7559 44.8041 14.48
      vertex 84.0041 44.8041 14.48
      vertex 80.74 47.18 14.48
    endloop
  endfacet
  facet normal 0 0 1
    outer loop
      vertex 88.7559 49.5559 14.48
      vertex 93.0041 49.5559 14.48
      vertex 88.7559 53.8041 14.48
    endloop
  endfacet
  facet normal 0 0 1
    outer loop
      vertex 93.0041 49.5559 14.48
      vertex 88.7559 49.5559 14.48
      vertex 89.74 47.18 14.48
    endloop
  endfacet
  facet normal -0 0 1
    outer loop
      vertex 86.38 52.82 14.48
      vertex 88.7559 49.5559 14.48
      vertex 88.7559 53.8041 14.48
    endloop
  endfacet
  facet normal 0 0 1
    outer loop
      vertex 86.38 52.82 14.48
      vertex 86.38 50.54 14.48
      vertex 88.7559 49.5559 14.48
    endloop
  endfacet
  facet normal 0 0 1
    outer loop
      vertex 84.0041 53.8041 14.48
      vertex 86.38 50.54 14.48
      vertex 86.38 52.82 14.48
    endloop
  endfacet
  facet normal 0 0 1
    outer loop
      vertex 84.0041 53.8041 14.48
      vertex 84.0041 49.5559 14.48
      vertex 86.38 50.54 14.48
    endloop
  endfacet
  facet normal -0 0 1
    outer loop
      vertex 80.74 56.18 14.48
      vertex 84.0041 53.8041 14.48
      vertex 83.02 56.18 14.48
    endloop
  endfacet
  facet normal 0 0 1
    outer loop
      vertex 79.7559 53.8041 14.48
      vertex 84.0041 53.8041 14.48
      vertex 80.74 56.18 14.48
    endloop
  endfacet
  facet normal 0 0 1
    outer loop
      vertex 88.7559 58.5559 14.48
      vertex 93.0041 58.5559 14.48
      vertex 88.7559 62.8041 14.48
    endloop
  endfacet
  facet normal 0 0 1
    outer loop
      vertex 93.0041 58.5559 14.48
      vertex 88.7559 58.5559 14.48
      vertex 89.74 56.18 14.48
    endloop
  endfacet
  facet normal -0 0 1
    outer loop
      vertex 86.38 61.82 14.48
      vertex 88.7559 58.5559 14.48
      vertex 88.7559 62.8041 14.48
    endloop
  endfacet
  facet normal 0 0 1
    outer loop
      vertex 86.38 61.82 14.48
      vertex 86.38 59.54 14.48
      vertex 88.7559 58.5559 14.48
    endloop
  endfacet
  facet normal 0 0 1
    outer loop
      vertex 84.0041 62.8041 14.48
      vertex 86.38 59.54 14.48
      vertex 86.38 61.82 14.48
    endloop
  endfacet
  facet normal 0 0 1
    outer loop
      vertex 84.0041 62.8041 14.48
      vertex 84.0041 58.5559 14.48
      vertex 86.38 59.54 14.48
    endloop
  endfacet
  facet normal -0 0 1
    outer loop
      vertex 80.74 65.18 14.48
      vertex 84.0041 62.8041 14.48
      vertex 83.02 65.18 14.48
    endloop
  endfacet
  facet normal 0 0 1
    outer loop
      vertex 79.7559 62.8041 14.48
      vertex 84.0041 62.8041 14.48
      vertex 80.74 65.18 14.48
    endloop
  endfacet
  facet normal 0 0 1
    outer loop
      vertex 88.7559 67.5559 14.48
      vertex 93.0041 67.5559 14.48
      vertex 88.7559 71.8041 14.48
    endloop
  endfacet
  facet normal 0 0 1
    outer loop
      vertex 93.0041 67.5559 14.48
      vertex 88.7559 67.5559 14.48
      vertex 89.74 65.18 14.48
    endloop
  endfacet
  facet normal -0 0 1
    outer loop
      vertex 86.38 70.82 14.48
      vertex 88.7559 67.5559 14.48
      vertex 88.7559 71.8041 14.48
    endloop
  endfacet
  facet normal 0 0 1
    outer loop
      vertex 86.38 70.82 14.48
      vertex 86.38 68.54 14.48
      vertex 88.7559 67.5559 14.48
    endloop
  endfacet
  facet normal 0 0 1
    outer loop
      vertex 84.0041 71.8041 14.48
      vertex 86.38 68.54 14.48
      vertex 86.38 70.82 14.48
    endloop
  endfacet
  facet normal 0 0 1
    outer loop
      vertex 84.0041 71.8041 14.48
      vertex 84.0041 67.5559 14.48
      vertex 86.38 68.54 14.48
    endloop
  endfacet
  facet normal -0 0 1
    outer loop
      vertex 80.74 74.18 14.48
      vertex 84.0041 71.8041 14.48
      vertex 83.02 74.18 14.48
    endloop
  endfacet
  facet normal 0 0 1
    outer loop
      vertex 79.7559 71.8041 14.48
      vertex 84.0041 71.8041 14.48
      vertex 80.74 74.18 14.48
    endloop
  endfacet
  facet normal 0 0 1
    outer loop
      vertex 97.7559 13.5559 14.48
      vertex 102.004 13.5559 14.48
      vertex 97.7559 17.8041 14.48
    endloop
  endfacet
  facet normal 0 0 1
    outer loop
      vertex 102.004 13.5559 14.48
      vertex 97.7559 13.5559 14.48
      vertex 98.74 11.18 14.48
    endloop
  endfacet
  facet normal -0 0 1
    outer loop
      vertex 95.38 16.82 14.48
      vertex 97.7559 13.5559 14.48
      vertex 97.7559 17.8041 14.48
    endloop
  endfacet
  facet normal 0 0 1
    outer loop
      vertex 95.38 16.82 14.48
      vertex 95.38 14.54 14.48
      vertex 97.7559 13.5559 14.48
    endloop
  endfacet
  facet normal 0 0 1
    outer loop
      vertex 93.0041 17.8041 14.48
      vertex 95.38 14.54 14.48
      vertex 95.38 16.82 14.48
    endloop
  endfacet
  facet normal 0 0 1
    outer loop
      vertex 93.0041 17.8041 14.48
      vertex 93.0041 13.5559 14.48
      vertex 95.38 14.54 14.48
    endloop
  endfacet
  facet normal -0 0 1
    outer loop
      vertex 89.74 20.18 14.48
      vertex 93.0041 17.8041 14.48
      vertex 92.02 20.18 14.48
    endloop
  endfacet
  facet normal 0 0 1
    outer loop
      vertex 88.7559 17.8041 14.48
      vertex 93.0041 17.8041 14.48
      vertex 89.74 20.18 14.48
    endloop
  endfacet
  facet normal 0 0 1
    outer loop
      vertex 97.7559 22.5559 14.48
      vertex 102.004 22.5559 14.48
      vertex 97.7559 26.8041 14.48
    endloop
  endfacet
  facet normal 0 0 1
    outer loop
      vertex 102.004 22.5559 14.48
      vertex 97.7559 22.5559 14.48
      vertex 98.74 20.18 14.48
    endloop
  endfacet
  facet normal -0 0 1
    outer loop
      vertex 95.38 25.82 14.48
      vertex 97.7559 22.5559 14.48
      vertex 97.7559 26.8041 14.48
    endloop
  endfacet
  facet normal 0 0 1
    outer loop
      vertex 95.38 25.82 14.48
      vertex 95.38 23.54 14.48
      vertex 97.7559 22.5559 14.48
    endloop
  endfacet
  facet normal 0 0 1
    outer loop
      vertex 93.0041 26.8041 14.48
      vertex 95.38 23.54 14.48
      vertex 95.38 25.82 14.48
    endloop
  endfacet
  facet normal 0 0 1
    outer loop
      vertex 93.0041 26.8041 14.48
      vertex 93.0041 22.5559 14.48
      vertex 95.38 23.54 14.48
    endloop
  endfacet
  facet normal -0 0 1
    outer loop
      vertex 89.74 29.18 14.48
      vertex 93.0041 26.8041 14.48
      vertex 92.02 29.18 14.48
    endloop
  endfacet
  facet normal 0 0 1
    outer loop
      vertex 88.7559 26.8041 14.48
      vertex 93.0041 26.8041 14.48
      vertex 89.74 29.18 14.48
    endloop
  endfacet
  facet normal 0 0 1
    outer loop
      vertex 97.7559 31.5559 14.48
      vertex 102.004 31.5559 14.48
      vertex 97.7559 35.8041 14.48
    endloop
  endfacet
  facet normal 0 0 1
    outer loop
      vertex 102.004 31.5559 14.48
      vertex 97.7559 31.5559 14.48
      vertex 98.74 29.18 14.48
    endloop
  endfacet
  facet normal -0 0 1
    outer loop
      vertex 95.38 34.82 14.48
      vertex 97.7559 31.5559 14.48
      vertex 97.7559 35.8041 14.48
    endloop
  endfacet
  facet normal 0 0 1
    outer loop
      vertex 95.38 34.82 14.48
      vertex 95.38 32.54 14.48
      vertex 97.7559 31.5559 14.48
    endloop
  endfacet
  facet normal 0 0 1
    outer loop
      vertex 93.0041 35.8041 14.48
      vertex 95.38 32.54 14.48
      vertex 95.38 34.82 14.48
    endloop
  endfacet
  facet normal 0 0 1
    outer loop
      vertex 93.0041 35.8041 14.48
      vertex 93.0041 31.5559 14.48
      vertex 95.38 32.54 14.48
    endloop
  endfacet
  facet normal -0 0 1
    outer loop
      vertex 89.74 38.18 14.48
      vertex 93.0041 35.8041 14.48
      vertex 92.02 38.18 14.48
    endloop
  endfacet
  facet normal 0 0 1
    outer loop
      vertex 88.7559 35.8041 14.48
      vertex 93.0041 35.8041 14.48
      vertex 89.74 38.18 14.48
    endloop
  endfacet
  facet normal 0 0 1
    outer loop
      vertex 97.7559 40.5559 14.48
      vertex 102.004 40.5559 14.48
      vertex 97.7559 44.8041 14.48
    endloop
  endfacet
  facet normal 0 0 1
    outer loop
      vertex 102.004 40.5559 14.48
      vertex 97.7559 40.5559 14.48
      vertex 98.74 38.18 14.48
    endloop
  endfacet
  facet normal -0 0 1
    outer loop
      vertex 95.38 43.82 14.48
      vertex 97.7559 40.5559 14.48
      vertex 97.7559 44.8041 14.48
    endloop
  endfacet
  facet normal 0 0 1
    outer loop
      vertex 95.38 43.82 14.48
      vertex 95.38 41.54 14.48
      vertex 97.7559 40.5559 14.48
    endloop
  endfacet
  facet normal 0 0 1
    outer loop
      vertex 93.0041 44.8041 14.48
      vertex 95.38 41.54 14.48
      vertex 95.38 43.82 14.48
    endloop
  endfacet
  facet normal 0 0 1
    outer loop
      vertex 93.0041 44.8041 14.48
      vertex 93.0041 40.5559 14.48
      vertex 95.38 41.54 14.48
    endloop
  endfacet
  facet normal -0 0 1
    outer loop
      vertex 89.74 47.18 14.48
      vertex 93.0041 44.8041 14.48
      vertex 92.02 47.18 14.48
    endloop
  endfacet
  facet normal 0 0 1
    outer loop
      vertex 88.7559 44.8041 14.48
      vertex 93.0041 44.8041 14.48
      vertex 89.74 47.18 14.48
    endloop
  endfacet
  facet normal 0 0 1
    outer loop
      vertex 97.7559 49.5559 14.48
      vertex 102.004 49.5559 14.48
      vertex 97.7559 53.8041 14.48
    endloop
  endfacet
  facet normal 0 0 1
    outer loop
      vertex 102.004 49.5559 14.48
      vertex 97.7559 49.5559 14.48
      vertex 98.74 47.18 14.48
    endloop
  endfacet
  facet normal -0 0 1
    outer loop
      vertex 95.38 52.82 14.48
      vertex 97.7559 49.5559 14.48
      vertex 97.7559 53.8041 14.48
    endloop
  endfacet
  facet normal 0 0 1
    outer loop
      vertex 95.38 52.82 14.48
      vertex 95.38 50.54 14.48
      vertex 97.7559 49.5559 14.48
    endloop
  endfacet
  facet normal 0 0 1
    outer loop
      vertex 93.0041 53.8041 14.48
      vertex 95.38 50.54 14.48
      vertex 95.38 52.82 14.48
    endloop
  endfacet
  facet normal 0 0 1
    outer loop
      vertex 93.0041 53.8041 14.48
      vertex 93.0041 49.5559 14.48
      vertex 95.38 50.54 14.48
    endloop
  endfacet
  facet normal -0 0 1
    outer loop
      vertex 89.74 56.18 14.48
      vertex 93.0041 53.8041 14.48
      vertex 92.02 56.18 14.48
    endloop
  endfacet
  facet normal 0 0 1
    outer loop
      vertex 88.7559 53.8041 14.48
      vertex 93.0041 53.8041 14.48
      vertex 89.74 56.18 14.48
    endloop
  endfacet
  facet normal 0 0 1
    outer loop
      vertex 97.7559 58.5559 14.48
      vertex 102.004 58.5559 14.48
      vertex 97.7559 62.8041 14.48
    endloop
  endfacet
  facet normal 0 0 1
    outer loop
      vertex 102.004 58.5559 14.48
      vertex 97.7559 58.5559 14.48
      vertex 98.74 56.18 14.48
    endloop
  endfacet
  facet normal -0 0 1
    outer loop
      vertex 95.38 61.82 14.48
      vertex 97.7559 58.5559 14.48
      vertex 97.7559 62.8041 14.48
    endloop
  endfacet
  facet normal 0 0 1
    outer loop
      vertex 95.38 61.82 14.48
      vertex 95.38 59.54 14.48
      vertex 97.7559 58.5559 14.48
    endloop
  endfacet
  facet normal 0 0 1
    outer loop
      vertex 93.0041 62.8041 14.48
      vertex 95.38 59.54 14.48
      vertex 95.38 61.82 14.48
    endloop
  endfacet
  facet normal 0 0 1
    outer loop
      vertex 93.0041 62.8041 14.48
      vertex 93.0041 58.5559 14.48
      vertex 95.38 59.54 14.48
    endloop
  endfacet
  facet normal -0 0 1
    outer loop
      vertex 89.74 65.18 14.48
      vertex 93.0041 62.8041 14.48
      vertex 92.02 65.18 14.48
    endloop
  endfacet
  facet normal 0 0 1
    outer loop
      vertex 88.7559 62.8041 14.48
      vertex 93.0041 62.8041 14.48
      vertex 89.74 65.18 14.48
    endloop
  endfacet
  facet normal 0 0 1
    outer loop
      vertex 97.7559 67.5559 14.48
      vertex 102.004 67.5559 14.48
      vertex 97.7559 71.8041 14.48
    endloop
  endfacet
  facet normal 0 0 1
    outer loop
      vertex 102.004 67.5559 14.48
      vertex 97.7559 67.5559 14.48
      vertex 98.74 65.18 14.48
    endloop
  endfacet
  facet normal -0 0 1
    outer loop
      vertex 95.38 70.82 14.48
      vertex 97.7559 67.5559 14.48
      vertex 97.7559 71.8041 14.48
    endloop
  endfacet
  facet normal 0 0 1
    outer loop
      vertex 95.38 70.82 14.48
      vertex 95.38 68.54 14.48
      vertex 97.7559 67.5559 14.48
    endloop
  endfacet
  facet normal 0 0 1
    outer loop
      vertex 93.0041 71.8041 14.48
      vertex 95.38 68.54 14.48
      vertex 95.38 70.82 14.48
    endloop
  endfacet
  facet normal 0 0 1
    outer loop
      vertex 93.0041 71.8041 14.48
      vertex 93.0041 67.5559 14.48
      vertex 95.38 68.54 14.48
    endloop
  endfacet
  facet normal -0 0 1
    outer loop
      vertex 89.74 74.18 14.48
      vertex 93.0041 71.8041 14.48
      vertex 92.02 74.18 14.48
    endloop
  endfacet
  facet normal 0 0 1
    outer loop
      vertex 88.7559 71.8041 14.48
      vertex 93.0041 71.8041 14.48
      vertex 89.74 74.18 14.48
    endloop
  endfacet
  facet normal 0 0 1
    outer loop
      vertex 106.756 13.5559 14.48
      vertex 111.004 13.5559 14.48
      vertex 106.756 17.8041 14.48
    endloop
  endfacet
  facet normal 0 0 1
    outer loop
      vertex 111.004 13.5559 14.48
      vertex 106.756 13.5559 14.48
      vertex 107.74 11.18 14.48
    endloop
  endfacet
  facet normal -0 0 1
    outer loop
      vertex 104.38 16.82 14.48
      vertex 106.756 13.5559 14.48
      vertex 106.756 17.8041 14.48
    endloop
  endfacet
  facet normal 0 0 1
    outer loop
      vertex 104.38 16.82 14.48
      vertex 104.38 14.54 14.48
      vertex 106.756 13.5559 14.48
    endloop
  endfacet
  facet normal 0 0 1
    outer loop
      vertex 102.004 17.8041 14.48
      vertex 104.38 14.54 14.48
      vertex 104.38 16.82 14.48
    endloop
  endfacet
  facet normal 0 0 1
    outer loop
      vertex 102.004 17.8041 14.48
      vertex 102.004 13.5559 14.48
      vertex 104.38 14.54 14.48
    endloop
  endfacet
  facet normal -0 0 1
    outer loop
      vertex 98.74 20.18 14.48
      vertex 102.004 17.8041 14.48
      vertex 101.02 20.18 14.48
    endloop
  endfacet
  facet normal 0 0 1
    outer loop
      vertex 97.7559 17.8041 14.48
      vertex 102.004 17.8041 14.48
      vertex 98.74 20.18 14.48
    endloop
  endfacet
  facet normal 0 0 1
    outer loop
      vertex 106.756 22.5559 14.48
      vertex 111.004 22.5559 14.48
      vertex 106.756 26.8041 14.48
    endloop
  endfacet
  facet normal 0 0 1
    outer loop
      vertex 111.004 22.5559 14.48
      vertex 106.756 22.5559 14.48
      vertex 107.74 20.18 14.48
    endloop
  endfacet
  facet normal -0 0 1
    outer loop
      vertex 104.38 25.82 14.48
      vertex 106.756 22.5559 14.48
      vertex 106.756 26.8041 14.48
    endloop
  endfacet
  facet normal 0 0 1
    outer loop
      vertex 104.38 25.82 14.48
      vertex 104.38 23.54 14.48
      vertex 106.756 22.5559 14.48
    endloop
  endfacet
  facet normal 0 0 1
    outer loop
      vertex 102.004 26.8041 14.48
      vertex 104.38 23.54 14.48
      vertex 104.38 25.82 14.48
    endloop
  endfacet
  facet normal 0 0 1
    outer loop
      vertex 102.004 26.8041 14.48
      vertex 102.004 22.5559 14.48
      vertex 104.38 23.54 14.48
    endloop
  endfacet
  facet normal -0 0 1
    outer loop
      vertex 98.74 29.18 14.48
      vertex 102.004 26.8041 14.48
      vertex 101.02 29.18 14.48
    endloop
  endfacet
  facet normal 0 0 1
    outer loop
      vertex 97.7559 26.8041 14.48
      vertex 102.004 26.8041 14.48
      vertex 98.74 29.18 14.48
    endloop
  endfacet
  facet normal 0 0 1
    outer loop
      vertex 106.756 31.5559 14.48
      vertex 111.004 31.5559 14.48
      vertex 106.756 35.8041 14.48
    endloop
  endfacet
  facet normal 0 0 1
    outer loop
      vertex 111.004 31.5559 14.48
      vertex 106.756 31.5559 14.48
      vertex 107.74 29.18 14.48
    endloop
  endfacet
  facet normal -0 0 1
    outer loop
      vertex 104.38 34.82 14.48
      vertex 106.756 31.5559 14.48
      vertex 106.756 35.8041 14.48
    endloop
  endfacet
  facet normal 0 0 1
    outer loop
      vertex 104.38 34.82 14.48
      vertex 104.38 32.54 14.48
      vertex 106.756 31.5559 14.48
    endloop
  endfacet
  facet normal 0 0 1
    outer loop
      vertex 102.004 35.8041 14.48
      vertex 104.38 32.54 14.48
      vertex 104.38 34.82 14.48
    endloop
  endfacet
  facet normal 0 0 1
    outer loop
      vertex 102.004 35.8041 14.48
      vertex 102.004 31.5559 14.48
      vertex 104.38 32.54 14.48
    endloop
  endfacet
  facet normal -0 0 1
    outer loop
      vertex 98.74 38.18 14.48
      vertex 102.004 35.8041 14.48
      vertex 101.02 38.18 14.48
    endloop
  endfacet
  facet normal 0 0 1
    outer loop
      vertex 97.7559 35.8041 14.48
      vertex 102.004 35.8041 14.48
      vertex 98.74 38.18 14.48
    endloop
  endfacet
  facet normal 0 0 1
    outer loop
      vertex 106.756 40.5559 14.48
      vertex 111.004 40.5559 14.48
      vertex 106.756 44.8041 14.48
    endloop
  endfacet
  facet normal 0 0 1
    outer loop
      vertex 111.004 40.5559 14.48
      vertex 106.756 40.5559 14.48
      vertex 107.74 38.18 14.48
    endloop
  endfacet
  facet normal -0 0 1
    outer loop
      vertex 104.38 43.82 14.48
      vertex 106.756 40.5559 14.48
      vertex 106.756 44.8041 14.48
    endloop
  endfacet
  facet normal 0 0 1
    outer loop
      vertex 104.38 43.82 14.48
      vertex 104.38 41.54 14.48
      vertex 106.756 40.5559 14.48
    endloop
  endfacet
  facet normal 0 0 1
    outer loop
      vertex 102.004 44.8041 14.48
      vertex 104.38 41.54 14.48
      vertex 104.38 43.82 14.48
    endloop
  endfacet
  facet normal 0 0 1
    outer loop
      vertex 102.004 44.8041 14.48
      vertex 102.004 40.5559 14.48
      vertex 104.38 41.54 14.48
    endloop
  endfacet
  facet normal -0 0 1
    outer loop
      vertex 98.74 47.18 14.48
      vertex 102.004 44.8041 14.48
      vertex 101.02 47.18 14.48
    endloop
  endfacet
  facet normal 0 0 1
    outer loop
      vertex 97.7559 44.8041 14.48
      vertex 102.004 44.8041 14.48
      vertex 98.74 47.18 14.48
    endloop
  endfacet
  facet normal 0 0 1
    outer loop
      vertex 106.756 49.5559 14.48
      vertex 111.004 49.5559 14.48
      vertex 106.756 53.8041 14.48
    endloop
  endfacet
  facet normal 0 0 1
    outer loop
      vertex 111.004 49.5559 14.48
      vertex 106.756 49.5559 14.48
      vertex 107.74 47.18 14.48
    endloop
  endfacet
  facet normal -0 0 1
    outer loop
      vertex 104.38 52.82 14.48
      vertex 106.756 49.5559 14.48
      vertex 106.756 53.8041 14.48
    endloop
  endfacet
  facet normal 0 0 1
    outer loop
      vertex 104.38 52.82 14.48
      vertex 104.38 50.54 14.48
      vertex 106.756 49.5559 14.48
    endloop
  endfacet
  facet normal 0 0 1
    outer loop
      vertex 102.004 53.8041 14.48
      vertex 104.38 50.54 14.48
      vertex 104.38 52.82 14.48
    endloop
  endfacet
  facet normal 0 0 1
    outer loop
      vertex 102.004 53.8041 14.48
      vertex 102.004 49.5559 14.48
      vertex 104.38 50.54 14.48
    endloop
  endfacet
  facet normal -0 0 1
    outer loop
      vertex 98.74 56.18 14.48
      vertex 102.004 53.8041 14.48
      vertex 101.02 56.18 14.48
    endloop
  endfacet
  facet normal 0 0 1
    outer loop
      vertex 97.7559 53.8041 14.48
      vertex 102.004 53.8041 14.48
      vertex 98.74 56.18 14.48
    endloop
  endfacet
  facet normal 0 0 1
    outer loop
      vertex 106.756 58.5559 14.48
      vertex 111.004 58.5559 14.48
      vertex 106.756 62.8041 14.48
    endloop
  endfacet
  facet normal 0 0 1
    outer loop
      vertex 111.004 58.5559 14.48
      vertex 106.756 58.5559 14.48
      vertex 107.74 56.18 14.48
    endloop
  endfacet
  facet normal -0 0 1
    outer loop
      vertex 104.38 61.82 14.48
      vertex 106.756 58.5559 14.48
      vertex 106.756 62.8041 14.48
    endloop
  endfacet
  facet normal 0 0 1
    outer loop
      vertex 104.38 61.82 14.48
      vertex 104.38 59.54 14.48
      vertex 106.756 58.5559 14.48
    endloop
  endfacet
  facet normal 0 0 1
    outer loop
      vertex 102.004 62.8041 14.48
      vertex 104.38 59.54 14.48
      vertex 104.38 61.82 14.48
    endloop
  endfacet
  facet normal 0 0 1
    outer loop
      vertex 102.004 62.8041 14.48
      vertex 102.004 58.5559 14.48
      vertex 104.38 59.54 14.48
    endloop
  endfacet
  facet normal -0 0 1
    outer loop
      vertex 98.74 65.18 14.48
      vertex 102.004 62.8041 14.48
      vertex 101.02 65.18 14.48
    endloop
  endfacet
  facet normal 0 0 1
    outer loop
      vertex 97.7559 62.8041 14.48
      vertex 102.004 62.8041 14.48
      vertex 98.74 65.18 14.48
    endloop
  endfacet
  facet normal 0 0 1
    outer loop
      vertex 106.756 67.5559 14.48
      vertex 111.004 67.5559 14.48
      vertex 106.756 71.8041 14.48
    endloop
  endfacet
  facet normal 0 0 1
    outer loop
      vertex 111.004 67.5559 14.48
      vertex 106.756 67.5559 14.48
      vertex 107.74 65.18 14.48
    endloop
  endfacet
  facet normal -0 0 1
    outer loop
      vertex 104.38 70.82 14.48
      vertex 106.756 67.5559 14.48
      vertex 106.756 71.8041 14.48
    endloop
  endfacet
  facet normal 0 0 1
    outer loop
      vertex 104.38 70.82 14.48
      vertex 104.38 68.54 14.48
      vertex 106.756 67.5559 14.48
    endloop
  endfacet
  facet normal 0 0 1
    outer loop
      vertex 102.004 71.8041 14.48
      vertex 104.38 68.54 14.48
      vertex 104.38 70.82 14.48
    endloop
  endfacet
  facet normal 0 0 1
    outer loop
      vertex 102.004 71.8041 14.48
      vertex 102.004 67.5559 14.48
      vertex 104.38 68.54 14.48
    endloop
  endfacet
  facet normal -0 0 1
    outer loop
      vertex 98.74 74.18 14.48
      vertex 102.004 71.8041 14.48
      vertex 101.02 74.18 14.48
    endloop
  endfacet
  facet normal 0 0 1
    outer loop
      vertex 97.7559 71.8041 14.48
      vertex 102.004 71.8041 14.48
      vertex 98.74 74.18 14.48
    endloop
  endfacet
  facet normal -0 0 1
    outer loop
      vertex 115.756 17.8041 14.48
      vertex 116.74 11.18 14.48
      vertex 116.74 20.18 14.48
    endloop
  endfacet
  facet normal 0 0 1
    outer loop
      vertex 115.756 17.8041 14.48
      vertex 115.756 13.5559 14.48
      vertex 116.74 11.18 14.48
    endloop
  endfacet
  facet normal -0 0 1
    outer loop
      vertex 113.38 16.82 14.48
      vertex 115.756 13.5559 14.48
      vertex 115.756 17.8041 14.48
    endloop
  endfacet
  facet normal 0 0 1
    outer loop
      vertex 113.38 16.82 14.48
      vertex 113.38 14.54 14.48
      vertex 115.756 13.5559 14.48
    endloop
  endfacet
  facet normal 0 0 1
    outer loop
      vertex 111.004 17.8041 14.48
      vertex 113.38 14.54 14.48
      vertex 113.38 16.82 14.48
    endloop
  endfacet
  facet normal 0 0 1
    outer loop
      vertex 111.004 17.8041 14.48
      vertex 111.004 13.5559 14.48
      vertex 113.38 14.54 14.48
    endloop
  endfacet
  facet normal -0 0 1
    outer loop
      vertex 107.74 20.18 14.48
      vertex 111.004 17.8041 14.48
      vertex 110.02 20.18 14.48
    endloop
  endfacet
  facet normal 0 0 1
    outer loop
      vertex 106.756 17.8041 14.48
      vertex 111.004 17.8041 14.48
      vertex 107.74 20.18 14.48
    endloop
  endfacet
  facet normal -0 0 1
    outer loop
      vertex 115.756 26.8041 14.48
      vertex 116.74 20.18 14.48
      vertex 116.74 29.18 14.48
    endloop
  endfacet
  facet normal 0 0 1
    outer loop
      vertex 115.756 26.8041 14.48
      vertex 115.756 22.5559 14.48
      vertex 116.74 20.18 14.48
    endloop
  endfacet
  facet normal -0 0 1
    outer loop
      vertex 113.38 25.82 14.48
      vertex 115.756 22.5559 14.48
      vertex 115.756 26.8041 14.48
    endloop
  endfacet
  facet normal 0 0 1
    outer loop
      vertex 113.38 25.82 14.48
      vertex 113.38 23.54 14.48
      vertex 115.756 22.5559 14.48
    endloop
  endfacet
  facet normal 0 0 1
    outer loop
      vertex 111.004 26.8041 14.48
      vertex 113.38 23.54 14.48
      vertex 113.38 25.82 14.48
    endloop
  endfacet
  facet normal 0 0 1
    outer loop
      vertex 111.004 26.8041 14.48
      vertex 111.004 22.5559 14.48
      vertex 113.38 23.54 14.48
    endloop
  endfacet
  facet normal -0 0 1
    outer loop
      vertex 107.74 29.18 14.48
      vertex 111.004 26.8041 14.48
      vertex 110.02 29.18 14.48
    endloop
  endfacet
  facet normal 0 0 1
    outer loop
      vertex 106.756 26.8041 14.48
      vertex 111.004 26.8041 14.48
      vertex 107.74 29.18 14.48
    endloop
  endfacet
  facet normal -0 0 1
    outer loop
      vertex 115.756 35.8041 14.48
      vertex 116.74 29.18 14.48
      vertex 116.74 38.18 14.48
    endloop
  endfacet
  facet normal 0 0 1
    outer loop
      vertex 115.756 35.8041 14.48
      vertex 115.756 31.5559 14.48
      vertex 116.74 29.18 14.48
    endloop
  endfacet
  facet normal -0 0 1
    outer loop
      vertex 113.38 34.82 14.48
      vertex 115.756 31.5559 14.48
      vertex 115.756 35.8041 14.48
    endloop
  endfacet
  facet normal 0 0 1
    outer loop
      vertex 113.38 34.82 14.48
      vertex 113.38 32.54 14.48
      vertex 115.756 31.5559 14.48
    endloop
  endfacet
  facet normal 0 0 1
    outer loop
      vertex 111.004 35.8041 14.48
      vertex 113.38 32.54 14.48
      vertex 113.38 34.82 14.48
    endloop
  endfacet
  facet normal 0 0 1
    outer loop
      vertex 111.004 35.8041 14.48
      vertex 111.004 31.5559 14.48
      vertex 113.38 32.54 14.48
    endloop
  endfacet
  facet normal -0 0 1
    outer loop
      vertex 107.74 38.18 14.48
      vertex 111.004 35.8041 14.48
      vertex 110.02 38.18 14.48
    endloop
  endfacet
  facet normal 0 0 1
    outer loop
      vertex 106.756 35.8041 14.48
      vertex 111.004 35.8041 14.48
      vertex 107.74 38.18 14.48
    endloop
  endfacet
  facet normal -0 0 1
    outer loop
      vertex 115.756 44.8041 14.48
      vertex 116.74 38.18 14.48
      vertex 116.74 47.18 14.48
    endloop
  endfacet
  facet normal 0 0 1
    outer loop
      vertex 115.756 44.8041 14.48
      vertex 115.756 40.5559 14.48
      vertex 116.74 38.18 14.48
    endloop
  endfacet
  facet normal -0 0 1
    outer loop
      vertex 113.38 43.82 14.48
      vertex 115.756 40.5559 14.48
      vertex 115.756 44.8041 14.48
    endloop
  endfacet
  facet normal 0 0 1
    outer loop
      vertex 113.38 43.82 14.48
      vertex 113.38 41.54 14.48
      vertex 115.756 40.5559 14.48
    endloop
  endfacet
  facet normal 0 0 1
    outer loop
      vertex 111.004 44.8041 14.48
      vertex 113.38 41.54 14.48
      vertex 113.38 43.82 14.48
    endloop
  endfacet
  facet normal 0 0 1
    outer loop
      vertex 111.004 44.8041 14.48
      vertex 111.004 40.5559 14.48
      vertex 113.38 41.54 14.48
    endloop
  endfacet
  facet normal -0 0 1
    outer loop
      vertex 107.74 47.18 14.48
      vertex 111.004 44.8041 14.48
      vertex 110.02 47.18 14.48
    endloop
  endfacet
  facet normal 0 0 1
    outer loop
      vertex 106.756 44.8041 14.48
      vertex 111.004 44.8041 14.48
      vertex 107.74 47.18 14.48
    endloop
  endfacet
  facet normal -0 0 1
    outer loop
      vertex 115.756 53.8041 14.48
      vertex 116.74 47.18 14.48
      vertex 116.74 56.18 14.48
    endloop
  endfacet
  facet normal 0 0 1
    outer loop
      vertex 115.756 53.8041 14.48
      vertex 115.756 49.5559 14.48
      vertex 116.74 47.18 14.48
    endloop
  endfacet
  facet normal -0 0 1
    outer loop
      vertex 113.38 52.82 14.48
      vertex 115.756 49.5559 14.48
      vertex 115.756 53.8041 14.48
    endloop
  endfacet
  facet normal 0 0 1
    outer loop
      vertex 113.38 52.82 14.48
      vertex 113.38 50.54 14.48
      vertex 115.756 49.5559 14.48
    endloop
  endfacet
  facet normal 0 0 1
    outer loop
      vertex 111.004 53.8041 14.48
      vertex 113.38 50.54 14.48
      vertex 113.38 52.82 14.48
    endloop
  endfacet
  facet normal 0 0 1
    outer loop
      vertex 111.004 53.8041 14.48
      vertex 111.004 49.5559 14.48
      vertex 113.38 50.54 14.48
    endloop
  endfacet
  facet normal -0 0 1
    outer loop
      vertex 107.74 56.18 14.48
      vertex 111.004 53.8041 14.48
      vertex 110.02 56.18 14.48
    endloop
  endfacet
  facet normal 0 0 1
    outer loop
      vertex 106.756 53.8041 14.48
      vertex 111.004 53.8041 14.48
      vertex 107.74 56.18 14.48
    endloop
  endfacet
  facet normal -0 0 1
    outer loop
      vertex 115.756 62.8041 14.48
      vertex 116.74 56.18 14.48
      vertex 116.74 65.18 14.48
    endloop
  endfacet
  facet normal 0 0 1
    outer loop
      vertex 115.756 62.8041 14.48
      vertex 115.756 58.5559 14.48
      vertex 116.74 56.18 14.48
    endloop
  endfacet
  facet normal -0 0 1
    outer loop
      vertex 113.38 61.82 14.48
      vertex 115.756 58.5559 14.48
      vertex 115.756 62.8041 14.48
    endloop
  endfacet
  facet normal 0 0 1
    outer loop
      vertex 113.38 61.82 14.48
      vertex 113.38 59.54 14.48
      vertex 115.756 58.5559 14.48
    endloop
  endfacet
  facet normal 0 0 1
    outer loop
      vertex 111.004 62.8041 14.48
      vertex 113.38 59.54 14.48
      vertex 113.38 61.82 14.48
    endloop
  endfacet
  facet normal 0 0 1
    outer loop
      vertex 111.004 62.8041 14.48
      vertex 111.004 58.5559 14.48
      vertex 113.38 59.54 14.48
    endloop
  endfacet
  facet normal -0 0 1
    outer loop
      vertex 107.74 65.18 14.48
      vertex 111.004 62.8041 14.48
      vertex 110.02 65.18 14.48
    endloop
  endfacet
  facet normal 0 0 1
    outer loop
      vertex 106.756 62.8041 14.48
      vertex 111.004 62.8041 14.48
      vertex 107.74 65.18 14.48
    endloop
  endfacet
  facet normal -0 0 1
    outer loop
      vertex 115.756 71.8041 14.48
      vertex 116.74 65.18 14.48
      vertex 116.74 74.18 14.48
    endloop
  endfacet
  facet normal 0 0 1
    outer loop
      vertex 115.756 71.8041 14.48
      vertex 115.756 67.5559 14.48
      vertex 116.74 65.18 14.48
    endloop
  endfacet
  facet normal -0 0 1
    outer loop
      vertex 113.38 70.82 14.48
      vertex 115.756 67.5559 14.48
      vertex 115.756 71.8041 14.48
    endloop
  endfacet
  facet normal 0 0 1
    outer loop
      vertex 113.38 70.82 14.48
      vertex 113.38 68.54 14.48
      vertex 115.756 67.5559 14.48
    endloop
  endfacet
  facet normal 0 0 1
    outer loop
      vertex 111.004 71.8041 14.48
      vertex 113.38 68.54 14.48
      vertex 113.38 70.82 14.48
    endloop
  endfacet
  facet normal 0 0 1
    outer loop
      vertex 111.004 71.8041 14.48
      vertex 111.004 67.5559 14.48
      vertex 113.38 68.54 14.48
    endloop
  endfacet
  facet normal -0 0 1
    outer loop
      vertex 107.74 74.18 14.48
      vertex 111.004 71.8041 14.48
      vertex 110.02 74.18 14.48
    endloop
  endfacet
  facet normal 0 0 1
    outer loop
      vertex 106.756 71.8041 14.48
      vertex 111.004 71.8041 14.48
      vertex 107.74 74.18 14.48
    endloop
  endfacet
  facet normal 0 0 1
    outer loop
      vertex 116.74 65.18 14.48
      vertex 127.27 85.35 14.48
      vertex 116.74 74.18 14.48
    endloop
  endfacet
  facet normal 0 0 1
    outer loop
      vertex 127.27 85.35 14.48
      vertex 115.756 76.5559 14.48
      vertex 116.74 74.18 14.48
    endloop
  endfacet
  facet normal 0 0 1
    outer loop
      vertex 127.27 85.35 14.48
      vertex 113.38 77.54 14.48
      vertex 115.756 76.5559 14.48
    endloop
  endfacet
  facet normal 0 0 1
    outer loop
      vertex 104.38 77.54 14.48
      vertex 113.38 77.54 14.48
      vertex 127.27 85.35 14.48
    endloop
  endfacet
  facet normal 0 0 1
    outer loop
      vertex 111.004 67.5559 14.48
      vertex 107.74 65.18 14.48
      vertex 110.02 65.18 14.48
    endloop
  endfacet
  facet normal 0 0 1
    outer loop
      vertex 111.004 62.8041 14.48
      vertex 106.756 62.8041 14.48
      vertex 111.004 58.5559 14.48
    endloop
  endfacet
  facet normal 0 0 1
    outer loop
      vertex 111.004 53.8041 14.48
      vertex 106.756 53.8041 14.48
      vertex 111.004 49.5559 14.48
    endloop
  endfacet
  facet normal 0 0 1
    outer loop
      vertex 111.004 49.5559 14.48
      vertex 107.74 47.18 14.48
      vertex 110.02 47.18 14.48
    endloop
  endfacet
  facet normal 0 0 1
    outer loop
      vertex 111.004 40.5559 14.48
      vertex 107.74 38.18 14.48
      vertex 110.02 38.18 14.48
    endloop
  endfacet
  facet normal 0 0 1
    outer loop
      vertex 111.004 35.8041 14.48
      vertex 106.756 35.8041 14.48
      vertex 111.004 31.5559 14.48
    endloop
  endfacet
  facet normal 0 0 1
    outer loop
      vertex 111.004 71.8041 14.48
      vertex 106.756 71.8041 14.48
      vertex 111.004 67.5559 14.48
    endloop
  endfacet
  facet normal 0 0 1
    outer loop
      vertex 111.004 76.5559 14.48
      vertex 107.74 74.18 14.48
      vertex 110.02 74.18 14.48
    endloop
  endfacet
  facet normal 0 0 1
    outer loop
      vertex 111.004 76.5559 14.48
      vertex 106.756 76.5559 14.48
      vertex 107.74 74.18 14.48
    endloop
  endfacet
  facet normal 0 0 1
    outer loop
      vertex 113.38 77.54 14.48
      vertex 104.38 77.54 14.48
      vertex 111.004 76.5559 14.48
    endloop
  endfacet
  facet normal 0 0 1
    outer loop
      vertex 111.004 76.5559 14.48
      vertex 104.38 77.54 14.48
      vertex 106.756 76.5559 14.48
    endloop
  endfacet
  facet normal 0 0 1
    outer loop
      vertex 102.004 67.5559 14.48
      vertex 98.74 65.18 14.48
      vertex 101.02 65.18 14.48
    endloop
  endfacet
  facet normal 0 0 1
    outer loop
      vertex 102.004 62.8041 14.48
      vertex 97.7559 62.8041 14.48
      vertex 102.004 58.5559 14.48
    endloop
  endfacet
  facet normal 0 0 1
    outer loop
      vertex 102.004 53.8041 14.48
      vertex 97.7559 53.8041 14.48
      vertex 102.004 49.5559 14.48
    endloop
  endfacet
  facet normal 0 0 1
    outer loop
      vertex 102.004 49.5559 14.48
      vertex 98.74 47.18 14.48
      vertex 101.02 47.18 14.48
    endloop
  endfacet
  facet normal 0 0 1
    outer loop
      vertex 102.004 40.5559 14.48
      vertex 98.74 38.18 14.48
      vertex 101.02 38.18 14.48
    endloop
  endfacet
  facet normal 0 0 1
    outer loop
      vertex 102.004 35.8041 14.48
      vertex 97.7559 35.8041 14.48
      vertex 102.004 31.5559 14.48
    endloop
  endfacet
  facet normal 0 0 1
    outer loop
      vertex 102.004 71.8041 14.48
      vertex 97.7559 71.8041 14.48
      vertex 102.004 67.5559 14.48
    endloop
  endfacet
  facet normal 0 0 1
    outer loop
      vertex 102.004 76.5559 14.48
      vertex 98.74 74.18 14.48
      vertex 101.02 74.18 14.48
    endloop
  endfacet
  facet normal 0 0 1
    outer loop
      vertex 102.004 76.5559 14.48
      vertex 97.7559 76.5559 14.48
      vertex 98.74 74.18 14.48
    endloop
  endfacet
  facet normal 0 0 1
    outer loop
      vertex 104.38 77.54 14.48
      vertex 97.7559 76.5559 14.48
      vertex 102.004 76.5559 14.48
    endloop
  endfacet
  facet normal 0 0 1
    outer loop
      vertex 95.38 77.54 14.48
      vertex 104.38 77.54 14.48
      vertex 127.27 85.35 14.48
    endloop
  endfacet
  facet normal 0 0 1
    outer loop
      vertex 104.38 77.54 14.48
      vertex 95.38 77.54 14.48
      vertex 97.7559 76.5559 14.48
    endloop
  endfacet
  facet normal 0 0 1
    outer loop
      vertex 93.0041 67.5559 14.48
      vertex 89.74 65.18 14.48
      vertex 92.02 65.18 14.48
    endloop
  endfacet
  facet normal 0 0 1
    outer loop
      vertex 93.0041 62.8041 14.48
      vertex 88.7559 62.8041 14.48
      vertex 93.0041 58.5559 14.48
    endloop
  endfacet
  facet normal 0 0 1
    outer loop
      vertex 93.0041 53.8041 14.48
      vertex 88.7559 53.8041 14.48
      vertex 93.0041 49.5559 14.48
    endloop
  endfacet
  facet normal 0 0 1
    outer loop
      vertex 93.0041 49.5559 14.48
      vertex 89.74 47.18 14.48
      vertex 92.02 47.18 14.48
    endloop
  endfacet
  facet normal 0 0 1
    outer loop
      vertex 93.0041 40.5559 14.48
      vertex 89.74 38.18 14.48
      vertex 92.02 38.18 14.48
    endloop
  endfacet
  facet normal 0 0 1
    outer loop
      vertex 93.0041 35.8041 14.48
      vertex 88.7559 35.8041 14.48
      vertex 93.0041 31.5559 14.48
    endloop
  endfacet
  facet normal 0 0 1
    outer loop
      vertex 93.0041 71.8041 14.48
      vertex 88.7559 71.8041 14.48
      vertex 93.0041 67.5559 14.48
    endloop
  endfacet
  facet normal 0 0 1
    outer loop
      vertex 93.0041 76.5559 14.48
      vertex 89.74 74.18 14.48
      vertex 92.02 74.18 14.48
    endloop
  endfacet
  facet normal 0 0 1
    outer loop
      vertex 93.0041 76.5559 14.48
      vertex 88.7559 76.5559 14.48
      vertex 89.74 74.18 14.48
    endloop
  endfacet
  facet normal 0 0 1
    outer loop
      vertex 95.38 77.54 14.48
      vertex 88.7559 76.5559 14.48
      vertex 93.0041 76.5559 14.48
    endloop
  endfacet
  facet normal 0 0 1
    outer loop
      vertex 86.38 77.54 14.48
      vertex 95.38 77.54 14.48
      vertex 127.27 85.35 14.48
    endloop
  endfacet
  facet normal 0 0 1
    outer loop
      vertex 95.38 77.54 14.48
      vertex 86.38 77.54 14.48
      vertex 88.7559 76.5559 14.48
    endloop
  endfacet
  facet normal 0 0 1
    outer loop
      vertex 84.0041 67.5559 14.48
      vertex 80.74 65.18 14.48
      vertex 83.02 65.18 14.48
    endloop
  endfacet
  facet normal 0 0 1
    outer loop
      vertex 84.0041 62.8041 14.48
      vertex 79.7559 62.8041 14.48
      vertex 84.0041 58.5559 14.48
    endloop
  endfacet
  facet normal 0 0 1
    outer loop
      vertex 84.0041 53.8041 14.48
      vertex 79.7559 53.8041 14.48
      vertex 84.0041 49.5559 14.48
    endloop
  endfacet
  facet normal 0 0 1
    outer loop
      vertex 84.0041 49.5559 14.48
      vertex 80.74 47.18 14.48
      vertex 83.02 47.18 14.48
    endloop
  endfacet
  facet normal 0 0 1
    outer loop
      vertex 84.0041 40.5559 14.48
      vertex 80.74 38.18 14.48
      vertex 83.02 38.18 14.48
    endloop
  endfacet
  facet normal 0 0 1
    outer loop
      vertex 84.0041 35.8041 14.48
      vertex 79.7559 35.8041 14.48
      vertex 84.0041 31.5559 14.48
    endloop
  endfacet
  facet normal 0 0 1
    outer loop
      vertex 84.0041 71.8041 14.48
      vertex 79.7559 71.8041 14.48
      vertex 84.0041 67.5559 14.48
    endloop
  endfacet
  facet normal 0 0 1
    outer loop
      vertex 84.0041 76.5559 14.48
      vertex 80.74 74.18 14.48
      vertex 83.02 74.18 14.48
    endloop
  endfacet
  facet normal 0 0 1
    outer loop
      vertex 84.0041 76.5559 14.48
      vertex 79.7559 76.5559 14.48
      vertex 80.74 74.18 14.48
    endloop
  endfacet
  facet normal 0 0 1
    outer loop
      vertex 86.38 77.54 14.48
      vertex 79.7559 76.5559 14.48
      vertex 84.0041 76.5559 14.48
    endloop
  endfacet
  facet normal 0 0 1
    outer loop
      vertex 77.38 77.54 14.48
      vertex 86.38 77.54 14.48
      vertex 127.27 85.35 14.48
    endloop
  endfacet
  facet normal 0 0 1
    outer loop
      vertex 86.38 77.54 14.48
      vertex 77.38 77.54 14.48
      vertex 79.7559 76.5559 14.48
    endloop
  endfacet
  facet normal 0 0 1
    outer loop
      vertex 75.0041 67.5559 14.48
      vertex 71.74 65.18 14.48
      vertex 74.02 65.18 14.48
    endloop
  endfacet
  facet normal 0 0 1
    outer loop
      vertex 75.0041 62.8041 14.48
      vertex 70.7559 62.8041 14.48
      vertex 75.0041 58.5559 14.48
    endloop
  endfacet
  facet normal 0 0 1
    outer loop
      vertex 75.0041 53.8041 14.48
      vertex 70.7559 53.8041 14.48
      vertex 75.0041 49.5559 14.48
    endloop
  endfacet
  facet normal 0 0 1
    outer loop
      vertex 75.0041 49.5559 14.48
      vertex 71.74 47.18 14.48
      vertex 74.02 47.18 14.48
    endloop
  endfacet
  facet normal 0 0 1
    outer loop
      vertex 75.0041 40.5559 14.48
      vertex 71.74 38.18 14.48
      vertex 74.02 38.18 14.48
    endloop
  endfacet
  facet normal 0 0 1
    outer loop
      vertex 75.0041 35.8041 14.48
      vertex 70.7559 35.8041 14.48
      vertex 75.0041 31.5559 14.48
    endloop
  endfacet
  facet normal 0 0 1
    outer loop
      vertex 75.0041 71.8041 14.48
      vertex 70.7559 71.8041 14.48
      vertex 75.0041 67.5559 14.48
    endloop
  endfacet
  facet normal 0 0 1
    outer loop
      vertex 75.0041 76.5559 14.48
      vertex 71.74 74.18 14.48
      vertex 74.02 74.18 14.48
    endloop
  endfacet
  facet normal 0 0 1
    outer loop
      vertex 75.0041 76.5559 14.48
      vertex 70.7559 76.5559 14.48
      vertex 71.74 74.18 14.48
    endloop
  endfacet
  facet normal 0 0 1
    outer loop
      vertex 77.38 77.54 14.48
      vertex 70.7559 76.5559 14.48
      vertex 75.0041 76.5559 14.48
    endloop
  endfacet
  facet normal 0 0 1
    outer loop
      vertex 68.38 77.54 14.48
      vertex 77.38 77.54 14.48
      vertex 127.27 85.35 14.48
    endloop
  endfacet
  facet normal 0 0 1
    outer loop
      vertex 77.38 77.54 14.48
      vertex 68.38 77.54 14.48
      vertex 70.7559 76.5559 14.48
    endloop
  endfacet
  facet normal 0 0 1
    outer loop
      vertex 66.0041 67.5559 14.48
      vertex 62.74 65.18 14.48
      vertex 65.02 65.18 14.48
    endloop
  endfacet
  facet normal 0 0 1
    outer loop
      vertex 66.0041 62.8041 14.48
      vertex 61.7559 62.8041 14.48
      vertex 66.0041 58.5559 14.48
    endloop
  endfacet
  facet normal 0 0 1
    outer loop
      vertex 66.0041 53.8041 14.48
      vertex 61.7559 53.8041 14.48
      vertex 66.0041 49.5559 14.48
    endloop
  endfacet
  facet normal 0 0 1
    outer loop
      vertex 66.0041 49.5559 14.48
      vertex 62.74 47.18 14.48
      vertex 65.02 47.18 14.48
    endloop
  endfacet
  facet normal 0 0 1
    outer loop
      vertex 66.0041 40.5559 14.48
      vertex 62.74 38.18 14.48
      vertex 65.02 38.18 14.48
    endloop
  endfacet
  facet normal 0 0 1
    outer loop
      vertex 66.0041 35.8041 14.48
      vertex 61.7559 35.8041 14.48
      vertex 66.0041 31.5559 14.48
    endloop
  endfacet
  facet normal 0 0 1
    outer loop
      vertex 66.0041 71.8041 14.48
      vertex 61.7559 71.8041 14.48
      vertex 66.0041 67.5559 14.48
    endloop
  endfacet
  facet normal 0 0 1
    outer loop
      vertex 66.0041 76.5559 14.48
      vertex 62.74 74.18 14.48
      vertex 65.02 74.18 14.48
    endloop
  endfacet
  facet normal 0 0 1
    outer loop
      vertex 66.0041 76.5559 14.48
      vertex 61.7559 76.5559 14.48
      vertex 62.74 74.18 14.48
    endloop
  endfacet
  facet normal 0 0 1
    outer loop
      vertex 68.38 77.54 14.48
      vertex 61.7559 76.5559 14.48
      vertex 66.0041 76.5559 14.48
    endloop
  endfacet
  facet normal 0 0 1
    outer loop
      vertex 68.38 77.54 14.48
      vertex 59.38 77.54 14.48
      vertex 61.7559 76.5559 14.48
    endloop
  endfacet
  facet normal 0 0 1
    outer loop
      vertex 127.27 85.35 14.48
      vertex 59.38 77.54 14.48
      vertex 68.38 77.54 14.48
    endloop
  endfacet
  facet normal 0 0 1
    outer loop
      vertex 57.0041 67.5559 14.48
      vertex 53.74 65.18 14.48
      vertex 56.02 65.18 14.48
    endloop
  endfacet
  facet normal 0 0 1
    outer loop
      vertex 57.0041 62.8041 14.48
      vertex 52.7559 62.8041 14.48
      vertex 57.0041 58.5559 14.48
    endloop
  endfacet
  facet normal 0 0 1
    outer loop
      vertex 57.0041 53.8041 14.48
      vertex 52.7559 53.8041 14.48
      vertex 57.0041 49.5559 14.48
    endloop
  endfacet
  facet normal 0 0 1
    outer loop
      vertex 57.0041 49.5559 14.48
      vertex 53.74 47.18 14.48
      vertex 56.02 47.18 14.48
    endloop
  endfacet
  facet normal 0 0 1
    outer loop
      vertex 57.0041 40.5559 14.48
      vertex 53.74 38.18 14.48
      vertex 56.02 38.18 14.48
    endloop
  endfacet
  facet normal 0 0 1
    outer loop
      vertex 57.0041 35.8041 14.48
      vertex 52.7559 35.8041 14.48
      vertex 57.0041 31.5559 14.48
    endloop
  endfacet
  facet normal 0 0 1
    outer loop
      vertex 57.0041 71.8041 14.48
      vertex 52.7559 71.8041 14.48
      vertex 57.0041 67.5559 14.48
    endloop
  endfacet
  facet normal 0 0 1
    outer loop
      vertex 57.0041 76.5559 14.48
      vertex 53.74 74.18 14.48
      vertex 56.02 74.18 14.48
    endloop
  endfacet
  facet normal 0 0 1
    outer loop
      vertex 57.0041 76.5559 14.48
      vertex 52.7559 76.5559 14.48
      vertex 53.74 74.18 14.48
    endloop
  endfacet
  facet normal 0 0 1
    outer loop
      vertex 59.38 77.54 14.48
      vertex 52.7559 76.5559 14.48
      vertex 57.0041 76.5559 14.48
    endloop
  endfacet
  facet normal 0 0 1
    outer loop
      vertex 59.38 77.54 14.48
      vertex 50.38 77.54 14.48
      vertex 52.7559 76.5559 14.48
    endloop
  endfacet
  facet normal -0 0 1
    outer loop
      vertex 0 85.35 14.48
      vertex 59.38 77.54 14.48
      vertex 127.27 85.35 14.48
    endloop
  endfacet
  facet normal 0 0 1
    outer loop
      vertex 48.0041 67.5559 14.48
      vertex 44.74 65.18 14.48
      vertex 47.02 65.18 14.48
    endloop
  endfacet
  facet normal 0 0 1
    outer loop
      vertex 48.0041 62.8041 14.48
      vertex 43.7559 62.8041 14.48
      vertex 48.0041 58.5559 14.48
    endloop
  endfacet
  facet normal 0 0 1
    outer loop
      vertex 48.0041 53.8041 14.48
      vertex 43.7559 53.8041 14.48
      vertex 48.0041 49.5559 14.48
    endloop
  endfacet
  facet normal 0 0 1
    outer loop
      vertex 48.0041 49.5559 14.48
      vertex 44.74 47.18 14.48
      vertex 47.02 47.18 14.48
    endloop
  endfacet
  facet normal 0 0 1
    outer loop
      vertex 48.0041 40.5559 14.48
      vertex 44.74 38.18 14.48
      vertex 47.02 38.18 14.48
    endloop
  endfacet
  facet normal 0 0 1
    outer loop
      vertex 48.0041 35.8041 14.48
      vertex 43.7559 35.8041 14.48
      vertex 48.0041 31.5559 14.48
    endloop
  endfacet
  facet normal 0 0 1
    outer loop
      vertex 48.0041 71.8041 14.48
      vertex 43.7559 71.8041 14.48
      vertex 48.0041 67.5559 14.48
    endloop
  endfacet
  facet normal 0 0 1
    outer loop
      vertex 48.0041 76.5559 14.48
      vertex 44.74 74.18 14.48
      vertex 47.02 74.18 14.48
    endloop
  endfacet
  facet normal 0 0 1
    outer loop
      vertex 48.0041 76.5559 14.48
      vertex 43.7559 76.5559 14.48
      vertex 44.74 74.18 14.48
    endloop
  endfacet
  facet normal 0 0 1
    outer loop
      vertex 50.38 77.54 14.48
      vertex 43.7559 76.5559 14.48
      vertex 48.0041 76.5559 14.48
    endloop
  endfacet
  facet normal 0 0 1
    outer loop
      vertex 50.38 77.54 14.48
      vertex 41.38 77.54 14.48
      vertex 43.7559 76.5559 14.48
    endloop
  endfacet
  facet normal 0 0 1
    outer loop
      vertex 59.38 77.54 14.48
      vertex 0 85.35 14.48
      vertex 50.38 77.54 14.48
    endloop
  endfacet
  facet normal 0 0 1
    outer loop
      vertex 39.0041 67.5559 14.48
      vertex 35.74 65.18 14.48
      vertex 38.02 65.18 14.48
    endloop
  endfacet
  facet normal 0 0 1
    outer loop
      vertex 39.0041 62.8041 14.48
      vertex 34.7559 62.8041 14.48
      vertex 39.0041 58.5559 14.48
    endloop
  endfacet
  facet normal 0 0 1
    outer loop
      vertex 39.0041 53.8041 14.48
      vertex 34.7559 53.8041 14.48
      vertex 39.0041 49.5559 14.48
    endloop
  endfacet
  facet normal 0 0 1
    outer loop
      vertex 39.0041 49.5559 14.48
      vertex 35.74 47.18 14.48
      vertex 38.02 47.18 14.48
    endloop
  endfacet
  facet normal 0 0 1
    outer loop
      vertex 39.0041 40.5559 14.48
      vertex 35.74 38.18 14.48
      vertex 38.02 38.18 14.48
    endloop
  endfacet
  facet normal 0 0 1
    outer loop
      vertex 39.0041 35.8041 14.48
      vertex 34.7559 35.8041 14.48
      vertex 39.0041 31.5559 14.48
    endloop
  endfacet
  facet normal 0 0 1
    outer loop
      vertex 39.0041 71.8041 14.48
      vertex 34.7559 71.8041 14.48
      vertex 39.0041 67.5559 14.48
    endloop
  endfacet
  facet normal 0 0 1
    outer loop
      vertex 39.0041 76.5559 14.48
      vertex 35.74 74.18 14.48
      vertex 38.02 74.18 14.48
    endloop
  endfacet
  facet normal 0 0 1
    outer loop
      vertex 39.0041 76.5559 14.48
      vertex 34.7559 76.5559 14.48
      vertex 35.74 74.18 14.48
    endloop
  endfacet
  facet normal 0 0 1
    outer loop
      vertex 41.38 77.54 14.48
      vertex 34.7559 76.5559 14.48
      vertex 39.0041 76.5559 14.48
    endloop
  endfacet
  facet normal 0 0 1
    outer loop
      vertex 41.38 77.54 14.48
      vertex 32.38 77.54 14.48
      vertex 34.7559 76.5559 14.48
    endloop
  endfacet
  facet normal 0 0 1
    outer loop
      vertex 50.38 77.54 14.48
      vertex 0 85.35 14.48
      vertex 41.38 77.54 14.48
    endloop
  endfacet
  facet normal 0 0 1
    outer loop
      vertex 30.0041 67.5559 14.48
      vertex 26.74 65.18 14.48
      vertex 29.02 65.18 14.48
    endloop
  endfacet
  facet normal 0 0 1
    outer loop
      vertex 30.0041 62.8041 14.48
      vertex 25.7559 62.8041 14.48
      vertex 30.0041 58.5559 14.48
    endloop
  endfacet
  facet normal 0 0 1
    outer loop
      vertex 30.0041 53.8041 14.48
      vertex 25.7559 53.8041 14.48
      vertex 30.0041 49.5559 14.48
    endloop
  endfacet
  facet normal 0 0 1
    outer loop
      vertex 30.0041 49.5559 14.48
      vertex 26.74 47.18 14.48
      vertex 29.02 47.18 14.48
    endloop
  endfacet
  facet normal 0 0 1
    outer loop
      vertex 30.0041 40.5559 14.48
      vertex 26.74 38.18 14.48
      vertex 29.02 38.18 14.48
    endloop
  endfacet
  facet normal 0 0 1
    outer loop
      vertex 30.0041 35.8041 14.48
      vertex 25.7559 35.8041 14.48
      vertex 30.0041 31.5559 14.48
    endloop
  endfacet
  facet normal 0 0 1
    outer loop
      vertex 30.0041 71.8041 14.48
      vertex 25.7559 71.8041 14.48
      vertex 30.0041 67.5559 14.48
    endloop
  endfacet
  facet normal 0 0 1
    outer loop
      vertex 30.0041 76.5559 14.48
      vertex 26.74 74.18 14.48
      vertex 29.02 74.18 14.48
    endloop
  endfacet
  facet normal 0 0 1
    outer loop
      vertex 30.0041 76.5559 14.48
      vertex 25.7559 76.5559 14.48
      vertex 26.74 74.18 14.48
    endloop
  endfacet
  facet normal 0 0 1
    outer loop
      vertex 32.38 77.54 14.48
      vertex 25.7559 76.5559 14.48
      vertex 30.0041 76.5559 14.48
    endloop
  endfacet
  facet normal 0 0 1
    outer loop
      vertex 32.38 77.54 14.48
      vertex 23.38 77.54 14.48
      vertex 25.7559 76.5559 14.48
    endloop
  endfacet
  facet normal 0 0 1
    outer loop
      vertex 41.38 77.54 14.48
      vertex 0 85.35 14.48
      vertex 32.38 77.54 14.48
    endloop
  endfacet
  facet normal 0 0 1
    outer loop
      vertex 21.0041 67.5559 14.48
      vertex 17.74 65.18 14.48
      vertex 20.02 65.18 14.48
    endloop
  endfacet
  facet normal 0 0 1
    outer loop
      vertex 21.0041 62.8041 14.48
      vertex 16.7559 62.8041 14.48
      vertex 21.0041 58.5559 14.48
    endloop
  endfacet
  facet normal 0 0 1
    outer loop
      vertex 21.0041 53.8041 14.48
      vertex 16.7559 53.8041 14.48
      vertex 21.0041 49.5559 14.48
    endloop
  endfacet
  facet normal 0 0 1
    outer loop
      vertex 21.0041 49.5559 14.48
      vertex 17.74 47.18 14.48
      vertex 20.02 47.18 14.48
    endloop
  endfacet
  facet normal 0 0 1
    outer loop
      vertex 21.0041 40.5559 14.48
      vertex 17.74 38.18 14.48
      vertex 20.02 38.18 14.48
    endloop
  endfacet
  facet normal 0 0 1
    outer loop
      vertex 21.0041 35.8041 14.48
      vertex 16.7559 35.8041 14.48
      vertex 21.0041 31.5559 14.48
    endloop
  endfacet
  facet normal 0 0 1
    outer loop
      vertex 21.0041 71.8041 14.48
      vertex 16.7559 71.8041 14.48
      vertex 21.0041 67.5559 14.48
    endloop
  endfacet
  facet normal 0 0 1
    outer loop
      vertex 21.0041 76.5559 14.48
      vertex 17.74 74.18 14.48
      vertex 20.02 74.18 14.48
    endloop
  endfacet
  facet normal 0 0 1
    outer loop
      vertex 21.0041 76.5559 14.48
      vertex 16.7559 76.5559 14.48
      vertex 17.74 74.18 14.48
    endloop
  endfacet
  facet normal 0 0 1
    outer loop
      vertex 23.38 77.54 14.48
      vertex 16.7559 76.5559 14.48
      vertex 21.0041 76.5559 14.48
    endloop
  endfacet
  facet normal 0 0 1
    outer loop
      vertex 23.38 77.54 14.48
      vertex 14.38 77.54 14.48
      vertex 16.7559 76.5559 14.48
    endloop
  endfacet
  facet normal 0 0 1
    outer loop
      vertex 32.38 77.54 14.48
      vertex 0 85.35 14.48
      vertex 23.38 77.54 14.48
    endloop
  endfacet
  facet normal 0 0 1
    outer loop
      vertex 0 85.35 14.48
      vertex 11.02 65.18 14.48
      vertex 11.02 74.18 14.48
    endloop
  endfacet
  facet normal 0 0 1
    outer loop
      vertex 11.02 65.18 14.48
      vertex 0 85.35 14.48
      vertex 11.02 56.18 14.48
    endloop
  endfacet
  facet normal 0 0 1
    outer loop
      vertex 11.02 56.18 14.48
      vertex 0 85.35 14.48
      vertex 11.02 47.18 14.48
    endloop
  endfacet
  facet normal 0 0 1
    outer loop
      vertex 11.02 47.18 14.48
      vertex 0 85.35 14.48
      vertex 11.02 38.18 14.48
    endloop
  endfacet
  facet normal 0 0 1
    outer loop
      vertex 0 0 14.48
      vertex 11.02 38.18 14.48
      vertex 0 85.35 14.48
    endloop
  endfacet
  facet normal 0 0 1
    outer loop
      vertex 11.02 38.18 14.48
      vertex 0 0 14.48
      vertex 11.02 29.18 14.48
    endloop
  endfacet
  facet normal 0 0 1
    outer loop
      vertex 11.02 29.18 14.48
      vertex 0 0 14.48
      vertex 11.02 20.18 14.48
    endloop
  endfacet
  facet normal 0 0 1
    outer loop
      vertex 12.0041 76.5559 14.48
      vertex 0 85.35 14.48
      vertex 11.02 74.18 14.48
    endloop
  endfacet
  facet normal 0 0 1
    outer loop
      vertex 14.38 77.54 14.48
      vertex 0 85.35 14.48
      vertex 12.0041 76.5559 14.48
    endloop
  endfacet
  facet normal 0 0 1
    outer loop
      vertex 23.38 77.54 14.48
      vertex 0 85.35 14.48
      vertex 14.38 77.54 14.48
    endloop
  endfacet
  facet normal 0 0 1
    outer loop
      vertex 116.74 56.18 14.48
      vertex 127.27 85.35 14.48
      vertex 116.74 65.18 14.48
    endloop
  endfacet
  facet normal 0 0 1
    outer loop
      vertex 116.74 47.18 14.48
      vertex 127.27 85.35 14.48
      vertex 116.74 56.18 14.48
    endloop
  endfacet
  facet normal 0 0 1
    outer loop
      vertex 127.27 85.35 14.48
      vertex 116.74 47.18 14.48
      vertex 127.27 0 14.48
    endloop
  endfacet
  facet normal -0 0 1
    outer loop
      vertex 116.74 38.18 14.48
      vertex 127.27 0 14.48
      vertex 116.74 47.18 14.48
    endloop
  endfacet
  facet normal -0 0 1
    outer loop
      vertex 116.74 29.18 14.48
      vertex 127.27 0 14.48
      vertex 116.74 38.18 14.48
    endloop
  endfacet
  facet normal -0 0 1
    outer loop
      vertex 116.74 20.18 14.48
      vertex 127.27 0 14.48
      vertex 116.74 29.18 14.48
    endloop
  endfacet
  facet normal -0 0 1
    outer loop
      vertex 116.74 11.18 14.48
      vertex 127.27 0 14.48
      vertex 116.74 20.18 14.48
    endloop
  endfacet
  facet normal -0 0 1
    outer loop
      vertex 115.756 8.80412 14.48
      vertex 127.27 0 14.48
      vertex 116.74 11.18 14.48
    endloop
  endfacet
  facet normal -0 0 1
    outer loop
      vertex 113.38 7.82 14.48
      vertex 127.27 0 14.48
      vertex 115.756 8.80412 14.48
    endloop
  endfacet
  facet normal 0 0 1
    outer loop
      vertex 104.38 7.82 14.48
      vertex 113.38 7.82 14.48
      vertex 111.004 8.80412 14.48
    endloop
  endfacet
  facet normal 0 0 1
    outer loop
      vertex 111.004 58.5559 14.48
      vertex 107.74 56.18 14.48
      vertex 110.02 56.18 14.48
    endloop
  endfacet
  facet normal 0 0 1
    outer loop
      vertex 111.004 44.8041 14.48
      vertex 106.756 44.8041 14.48
      vertex 111.004 40.5559 14.48
    endloop
  endfacet
  facet normal 0 0 1
    outer loop
      vertex 111.004 31.5559 14.48
      vertex 107.74 29.18 14.48
      vertex 110.02 29.18 14.48
    endloop
  endfacet
  facet normal 0 0 1
    outer loop
      vertex 111.004 26.8041 14.48
      vertex 106.756 26.8041 14.48
      vertex 111.004 22.5559 14.48
    endloop
  endfacet
  facet normal 0 0 1
    outer loop
      vertex 111.004 22.5559 14.48
      vertex 107.74 20.18 14.48
      vertex 110.02 20.18 14.48
    endloop
  endfacet
  facet normal 0 0 1
    outer loop
      vertex 111.004 17.8041 14.48
      vertex 106.756 17.8041 14.48
      vertex 111.004 13.5559 14.48
    endloop
  endfacet
  facet normal 0 0 1
    outer loop
      vertex 111.004 13.5559 14.48
      vertex 107.74 11.18 14.48
      vertex 110.02 11.18 14.48
    endloop
  endfacet
  facet normal -0 0 1
    outer loop
      vertex 107.74 11.18 14.48
      vertex 111.004 8.80412 14.48
      vertex 110.02 11.18 14.48
    endloop
  endfacet
  facet normal 0 0 1
    outer loop
      vertex 106.756 8.80412 14.48
      vertex 111.004 8.80412 14.48
      vertex 107.74 11.18 14.48
    endloop
  endfacet
  facet normal 0 0 1
    outer loop
      vertex 104.38 7.82 14.48
      vertex 111.004 8.80412 14.48
      vertex 106.756 8.80412 14.48
    endloop
  endfacet
  facet normal 0 0 1
    outer loop
      vertex 113.38 7.82 14.48
      vertex 104.38 7.82 14.48
      vertex 127.27 0 14.48
    endloop
  endfacet
  facet normal 0 0 1
    outer loop
      vertex 102.004 58.5559 14.48
      vertex 98.74 56.18 14.48
      vertex 101.02 56.18 14.48
    endloop
  endfacet
  facet normal 0 0 1
    outer loop
      vertex 102.004 44.8041 14.48
      vertex 97.7559 44.8041 14.48
      vertex 102.004 40.5559 14.48
    endloop
  endfacet
  facet normal 0 0 1
    outer loop
      vertex 102.004 31.5559 14.48
      vertex 98.74 29.18 14.48
      vertex 101.02 29.18 14.48
    endloop
  endfacet
  facet normal 0 0 1
    outer loop
      vertex 102.004 26.8041 14.48
      vertex 97.7559 26.8041 14.48
      vertex 102.004 22.5559 14.48
    endloop
  endfacet
  facet normal 0 0 1
    outer loop
      vertex 102.004 22.5559 14.48
      vertex 98.74 20.18 14.48
      vertex 101.02 20.18 14.48
    endloop
  endfacet
  facet normal 0 0 1
    outer loop
      vertex 102.004 17.8041 14.48
      vertex 97.7559 17.8041 14.48
      vertex 102.004 13.5559 14.48
    endloop
  endfacet
  facet normal 0 0 1
    outer loop
      vertex 102.004 13.5559 14.48
      vertex 98.74 11.18 14.48
      vertex 101.02 11.18 14.48
    endloop
  endfacet
  facet normal -0 0 1
    outer loop
      vertex 98.74 11.18 14.48
      vertex 102.004 8.80412 14.48
      vertex 101.02 11.18 14.48
    endloop
  endfacet
  facet normal 0 0 1
    outer loop
      vertex 97.7559 8.80412 14.48
      vertex 102.004 8.80412 14.48
      vertex 98.74 11.18 14.48
    endloop
  endfacet
  facet normal -0 0 1
    outer loop
      vertex 97.7559 8.80412 14.48
      vertex 104.38 7.82 14.48
      vertex 102.004 8.80412 14.48
    endloop
  endfacet
  facet normal 0 0 1
    outer loop
      vertex 95.38 7.82 14.48
      vertex 104.38 7.82 14.48
      vertex 97.7559 8.80412 14.48
    endloop
  endfacet
  facet normal 0 0 1
    outer loop
      vertex 104.38 7.82 14.48
      vertex 95.38 7.82 14.48
      vertex 127.27 0 14.48
    endloop
  endfacet
  facet normal 0 0 1
    outer loop
      vertex 93.0041 58.5559 14.48
      vertex 89.74 56.18 14.48
      vertex 92.02 56.18 14.48
    endloop
  endfacet
  facet normal 0 0 1
    outer loop
      vertex 93.0041 44.8041 14.48
      vertex 88.7559 44.8041 14.48
      vertex 93.0041 40.5559 14.48
    endloop
  endfacet
  facet normal 0 0 1
    outer loop
      vertex 93.0041 31.5559 14.48
      vertex 89.74 29.18 14.48
      vertex 92.02 29.18 14.48
    endloop
  endfacet
  facet normal 0 0 1
    outer loop
      vertex 93.0041 26.8041 14.48
      vertex 88.7559 26.8041 14.48
      vertex 93.0041 22.5559 14.48
    endloop
  endfacet
  facet normal 0 0 1
    outer loop
      vertex 93.0041 22.5559 14.48
      vertex 89.74 20.18 14.48
      vertex 92.02 20.18 14.48
    endloop
  endfacet
  facet normal 0 0 1
    outer loop
      vertex 93.0041 17.8041 14.48
      vertex 88.7559 17.8041 14.48
      vertex 93.0041 13.5559 14.48
    endloop
  endfacet
  facet normal 0 0 1
    outer loop
      vertex 93.0041 13.5559 14.48
      vertex 89.74 11.18 14.48
      vertex 92.02 11.18 14.48
    endloop
  endfacet
  facet normal -0 0 1
    outer loop
      vertex 89.74 11.18 14.48
      vertex 93.0041 8.80412 14.48
      vertex 92.02 11.18 14.48
    endloop
  endfacet
  facet normal 0 0 1
    outer loop
      vertex 88.7559 8.80412 14.48
      vertex 93.0041 8.80412 14.48
      vertex 89.74 11.18 14.48
    endloop
  endfacet
  facet normal -0 0 1
    outer loop
      vertex 88.7559 8.80412 14.48
      vertex 95.38 7.82 14.48
      vertex 93.0041 8.80412 14.48
    endloop
  endfacet
  facet normal 0 0 1
    outer loop
      vertex 86.38 7.82 14.48
      vertex 95.38 7.82 14.48
      vertex 88.7559 8.80412 14.48
    endloop
  endfacet
  facet normal 0 0 1
    outer loop
      vertex 95.38 7.82 14.48
      vertex 86.38 7.82 14.48
      vertex 127.27 0 14.48
    endloop
  endfacet
  facet normal 0 0 1
    outer loop
      vertex 84.0041 58.5559 14.48
      vertex 80.74 56.18 14.48
      vertex 83.02 56.18 14.48
    endloop
  endfacet
  facet normal 0 0 1
    outer loop
      vertex 84.0041 44.8041 14.48
      vertex 79.7559 44.8041 14.48
      vertex 84.0041 40.5559 14.48
    endloop
  endfacet
  facet normal 0 0 1
    outer loop
      vertex 84.0041 31.5559 14.48
      vertex 80.74 29.18 14.48
      vertex 83.02 29.18 14.48
    endloop
  endfacet
  facet normal 0 0 1
    outer loop
      vertex 84.0041 26.8041 14.48
      vertex 79.7559 26.8041 14.48
      vertex 84.0041 22.5559 14.48
    endloop
  endfacet
  facet normal 0 0 1
    outer loop
      vertex 84.0041 22.5559 14.48
      vertex 80.74 20.18 14.48
      vertex 83.02 20.18 14.48
    endloop
  endfacet
  facet normal 0 0 1
    outer loop
      vertex 84.0041 17.8041 14.48
      vertex 79.7559 17.8041 14.48
      vertex 84.0041 13.5559 14.48
    endloop
  endfacet
  facet normal 0 0 1
    outer loop
      vertex 84.0041 13.5559 14.48
      vertex 80.74 11.18 14.48
      vertex 83.02 11.18 14.48
    endloop
  endfacet
  facet normal -0 0 1
    outer loop
      vertex 80.74 11.18 14.48
      vertex 84.0041 8.80412 14.48
      vertex 83.02 11.18 14.48
    endloop
  endfacet
  facet normal 0 0 1
    outer loop
      vertex 79.7559 8.80412 14.48
      vertex 84.0041 8.80412 14.48
      vertex 80.74 11.18 14.48
    endloop
  endfacet
  facet normal -0 0 1
    outer loop
      vertex 79.7559 8.80412 14.48
      vertex 86.38 7.82 14.48
      vertex 84.0041 8.80412 14.48
    endloop
  endfacet
  facet normal 0 0 1
    outer loop
      vertex 77.38 7.82 14.48
      vertex 86.38 7.82 14.48
      vertex 79.7559 8.80412 14.48
    endloop
  endfacet
  facet normal 0 0 1
    outer loop
      vertex 86.38 7.82 14.48
      vertex 77.38 7.82 14.48
      vertex 127.27 0 14.48
    endloop
  endfacet
  facet normal 0 0 1
    outer loop
      vertex 75.0041 58.5559 14.48
      vertex 71.74 56.18 14.48
      vertex 74.02 56.18 14.48
    endloop
  endfacet
  facet normal 0 0 1
    outer loop
      vertex 75.0041 44.8041 14.48
      vertex 70.7559 44.8041 14.48
      vertex 75.0041 40.5559 14.48
    endloop
  endfacet
  facet normal 0 0 1
    outer loop
      vertex 75.0041 31.5559 14.48
      vertex 71.74 29.18 14.48
      vertex 74.02 29.18 14.48
    endloop
  endfacet
  facet normal 0 0 1
    outer loop
      vertex 75.0041 26.8041 14.48
      vertex 70.7559 26.8041 14.48
      vertex 75.0041 22.5559 14.48
    endloop
  endfacet
  facet normal 0 0 1
    outer loop
      vertex 75.0041 22.5559 14.48
      vertex 71.74 20.18 14.48
      vertex 74.02 20.18 14.48
    endloop
  endfacet
  facet normal 0 0 1
    outer loop
      vertex 75.0041 17.8041 14.48
      vertex 70.7559 17.8041 14.48
      vertex 75.0041 13.5559 14.48
    endloop
  endfacet
  facet normal 0 0 1
    outer loop
      vertex 75.0041 13.5559 14.48
      vertex 71.74 11.18 14.48
      vertex 74.02 11.18 14.48
    endloop
  endfacet
  facet normal -0 0 1
    outer loop
      vertex 71.74 11.18 14.48
      vertex 75.0041 8.80412 14.48
      vertex 74.02 11.18 14.48
    endloop
  endfacet
  facet normal 0 0 1
    outer loop
      vertex 70.7559 8.80412 14.48
      vertex 75.0041 8.80412 14.48
      vertex 71.74 11.18 14.48
    endloop
  endfacet
  facet normal -0 0 1
    outer loop
      vertex 70.7559 8.80412 14.48
      vertex 77.38 7.82 14.48
      vertex 75.0041 8.80412 14.48
    endloop
  endfacet
  facet normal 0 0 1
    outer loop
      vertex 68.38 7.82 14.48
      vertex 77.38 7.82 14.48
      vertex 70.7559 8.80412 14.48
    endloop
  endfacet
  facet normal 0 0 1
    outer loop
      vertex 77.38 7.82 14.48
      vertex 68.38 7.82 14.48
      vertex 127.27 0 14.48
    endloop
  endfacet
  facet normal 0 0 1
    outer loop
      vertex 66.0041 58.5559 14.48
      vertex 62.74 56.18 14.48
      vertex 65.02 56.18 14.48
    endloop
  endfacet
  facet normal 0 0 1
    outer loop
      vertex 66.0041 44.8041 14.48
      vertex 61.7559 44.8041 14.48
      vertex 66.0041 40.5559 14.48
    endloop
  endfacet
  facet normal 0 0 1
    outer loop
      vertex 66.0041 31.5559 14.48
      vertex 62.74 29.18 14.48
      vertex 65.02 29.18 14.48
    endloop
  endfacet
  facet normal 0 0 1
    outer loop
      vertex 66.0041 26.8041 14.48
      vertex 61.7559 26.8041 14.48
      vertex 66.0041 22.5559 14.48
    endloop
  endfacet
  facet normal 0 0 1
    outer loop
      vertex 66.0041 22.5559 14.48
      vertex 62.74 20.18 14.48
      vertex 65.02 20.18 14.48
    endloop
  endfacet
  facet normal 0 0 1
    outer loop
      vertex 66.0041 17.8041 14.48
      vertex 61.7559 17.8041 14.48
      vertex 66.0041 13.5559 14.48
    endloop
  endfacet
  facet normal 0 0 1
    outer loop
      vertex 66.0041 13.5559 14.48
      vertex 62.74 11.18 14.48
      vertex 65.02 11.18 14.48
    endloop
  endfacet
  facet normal -0 0 1
    outer loop
      vertex 62.74 11.18 14.48
      vertex 66.0041 8.80412 14.48
      vertex 65.02 11.18 14.48
    endloop
  endfacet
  facet normal 0 0 1
    outer loop
      vertex 61.7559 8.80412 14.48
      vertex 66.0041 8.80412 14.48
      vertex 62.74 11.18 14.48
    endloop
  endfacet
  facet normal -0 0 1
    outer loop
      vertex 61.7559 8.80412 14.48
      vertex 68.38 7.82 14.48
      vertex 66.0041 8.80412 14.48
    endloop
  endfacet
  facet normal 0 0 1
    outer loop
      vertex 59.38 7.82 14.48
      vertex 68.38 7.82 14.48
      vertex 61.7559 8.80412 14.48
    endloop
  endfacet
  facet normal -0 0 1
    outer loop
      vertex 59.38 7.82 14.48
      vertex 127.27 0 14.48
      vertex 68.38 7.82 14.48
    endloop
  endfacet
  facet normal 0 0 1
    outer loop
      vertex 57.0041 58.5559 14.48
      vertex 53.74 56.18 14.48
      vertex 56.02 56.18 14.48
    endloop
  endfacet
  facet normal 0 0 1
    outer loop
      vertex 57.0041 44.8041 14.48
      vertex 52.7559 44.8041 14.48
      vertex 57.0041 40.5559 14.48
    endloop
  endfacet
  facet normal 0 0 1
    outer loop
      vertex 57.0041 31.5559 14.48
      vertex 53.74 29.18 14.48
      vertex 56.02 29.18 14.48
    endloop
  endfacet
  facet normal 0 0 1
    outer loop
      vertex 57.0041 26.8041 14.48
      vertex 52.7559 26.8041 14.48
      vertex 57.0041 22.5559 14.48
    endloop
  endfacet
  facet normal 0 0 1
    outer loop
      vertex 57.0041 22.5559 14.48
      vertex 53.74 20.18 14.48
      vertex 56.02 20.18 14.48
    endloop
  endfacet
  facet normal 0 0 1
    outer loop
      vertex 57.0041 17.8041 14.48
      vertex 52.7559 17.8041 14.48
      vertex 57.0041 13.5559 14.48
    endloop
  endfacet
  facet normal 0 0 1
    outer loop
      vertex 57.0041 13.5559 14.48
      vertex 53.74 11.18 14.48
      vertex 56.02 11.18 14.48
    endloop
  endfacet
  facet normal -0 0 1
    outer loop
      vertex 53.74 11.18 14.48
      vertex 57.0041 8.80412 14.48
      vertex 56.02 11.18 14.48
    endloop
  endfacet
  facet normal 0 0 1
    outer loop
      vertex 52.7559 8.80412 14.48
      vertex 57.0041 8.80412 14.48
      vertex 53.74 11.18 14.48
    endloop
  endfacet
  facet normal -0 0 1
    outer loop
      vertex 52.7559 8.80412 14.48
      vertex 59.38 7.82 14.48
      vertex 57.0041 8.80412 14.48
    endloop
  endfacet
  facet normal 0 0 1
    outer loop
      vertex 50.38 7.82 14.48
      vertex 59.38 7.82 14.48
      vertex 52.7559 8.80412 14.48
    endloop
  endfacet
  facet normal 0 0 1
    outer loop
      vertex 0 0 14.48
      vertex 59.38 7.82 14.48
      vertex 50.38 7.82 14.48
    endloop
  endfacet
  facet normal 0 0 1
    outer loop
      vertex 48.0041 58.5559 14.48
      vertex 44.74 56.18 14.48
      vertex 47.02 56.18 14.48
    endloop
  endfacet
  facet normal 0 0 1
    outer loop
      vertex 48.0041 44.8041 14.48
      vertex 43.7559 44.8041 14.48
      vertex 48.0041 40.5559 14.48
    endloop
  endfacet
  facet normal 0 0 1
    outer loop
      vertex 48.0041 31.5559 14.48
      vertex 44.74 29.18 14.48
      vertex 47.02 29.18 14.48
    endloop
  endfacet
  facet normal 0 0 1
    outer loop
      vertex 48.0041 26.8041 14.48
      vertex 43.7559 26.8041 14.48
      vertex 48.0041 22.5559 14.48
    endloop
  endfacet
  facet normal 0 0 1
    outer loop
      vertex 48.0041 22.5559 14.48
      vertex 44.74 20.18 14.48
      vertex 47.02 20.18 14.48
    endloop
  endfacet
  facet normal 0 0 1
    outer loop
      vertex 48.0041 17.8041 14.48
      vertex 43.7559 17.8041 14.48
      vertex 48.0041 13.5559 14.48
    endloop
  endfacet
  facet normal 0 0 1
    outer loop
      vertex 48.0041 13.5559 14.48
      vertex 44.74 11.18 14.48
      vertex 47.02 11.18 14.48
    endloop
  endfacet
  facet normal -0 0 1
    outer loop
      vertex 44.74 11.18 14.48
      vertex 48.0041 8.80412 14.48
      vertex 47.02 11.18 14.48
    endloop
  endfacet
  facet normal 0 0 1
    outer loop
      vertex 43.7559 8.80412 14.48
      vertex 48.0041 8.80412 14.48
      vertex 44.74 11.18 14.48
    endloop
  endfacet
  facet normal -0 0 1
    outer loop
      vertex 43.7559 8.80412 14.48
      vertex 50.38 7.82 14.48
      vertex 48.0041 8.80412 14.48
    endloop
  endfacet
  facet normal 0 0 1
    outer loop
      vertex 41.38 7.82 14.48
      vertex 50.38 7.82 14.48
      vertex 43.7559 8.80412 14.48
    endloop
  endfacet
  facet normal 0 0 1
    outer loop
      vertex 0 0 14.48
      vertex 50.38 7.82 14.48
      vertex 41.38 7.82 14.48
    endloop
  endfacet
  facet normal 0 0 1
    outer loop
      vertex 39.0041 58.5559 14.48
      vertex 35.74 56.18 14.48
      vertex 38.02 56.18 14.48
    endloop
  endfacet
  facet normal 0 0 1
    outer loop
      vertex 39.0041 44.8041 14.48
      vertex 34.7559 44.8041 14.48
      vertex 39.0041 40.5559 14.48
    endloop
  endfacet
  facet normal 0 0 1
    outer loop
      vertex 39.0041 31.5559 14.48
      vertex 35.74 29.18 14.48
      vertex 38.02 29.18 14.48
    endloop
  endfacet
  facet normal 0 0 1
    outer loop
      vertex 39.0041 26.8041 14.48
      vertex 34.7559 26.8041 14.48
      vertex 39.0041 22.5559 14.48
    endloop
  endfacet
  facet normal 0 0 1
    outer loop
      vertex 39.0041 22.5559 14.48
      vertex 35.74 20.18 14.48
      vertex 38.02 20.18 14.48
    endloop
  endfacet
  facet normal 0 0 1
    outer loop
      vertex 39.0041 17.8041 14.48
      vertex 34.7559 17.8041 14.48
      vertex 39.0041 13.5559 14.48
    endloop
  endfacet
  facet normal 0 0 1
    outer loop
      vertex 39.0041 13.5559 14.48
      vertex 35.74 11.18 14.48
      vertex 38.02 11.18 14.48
    endloop
  endfacet
  facet normal -0 0 1
    outer loop
      vertex 35.74 11.18 14.48
      vertex 39.0041 8.80412 14.48
      vertex 38.02 11.18 14.48
    endloop
  endfacet
  facet normal 0 0 1
    outer loop
      vertex 34.7559 8.80412 14.48
      vertex 39.0041 8.80412 14.48
      vertex 35.74 11.18 14.48
    endloop
  endfacet
  facet normal -0 0 1
    outer loop
      vertex 34.7559 8.80412 14.48
      vertex 41.38 7.82 14.48
      vertex 39.0041 8.80412 14.48
    endloop
  endfacet
  facet normal 0 0 1
    outer loop
      vertex 32.38 7.82 14.48
      vertex 41.38 7.82 14.48
      vertex 34.7559 8.80412 14.48
    endloop
  endfacet
  facet normal 0 0 1
    outer loop
      vertex 0 0 14.48
      vertex 41.38 7.82 14.48
      vertex 32.38 7.82 14.48
    endloop
  endfacet
  facet normal 0 0 1
    outer loop
      vertex 30.0041 58.5559 14.48
      vertex 26.74 56.18 14.48
      vertex 29.02 56.18 14.48
    endloop
  endfacet
  facet normal 0 0 1
    outer loop
      vertex 30.0041 44.8041 14.48
      vertex 25.7559 44.8041 14.48
      vertex 30.0041 40.5559 14.48
    endloop
  endfacet
  facet normal 0 0 1
    outer loop
      vertex 30.0041 31.5559 14.48
      vertex 26.74 29.18 14.48
      vertex 29.02 29.18 14.48
    endloop
  endfacet
  facet normal 0 0 1
    outer loop
      vertex 30.0041 26.8041 14.48
      vertex 25.7559 26.8041 14.48
      vertex 30.0041 22.5559 14.48
    endloop
  endfacet
  facet normal 0 0 1
    outer loop
      vertex 30.0041 22.5559 14.48
      vertex 26.74 20.18 14.48
      vertex 29.02 20.18 14.48
    endloop
  endfacet
  facet normal 0 0 1
    outer loop
      vertex 30.0041 17.8041 14.48
      vertex 25.7559 17.8041 14.48
      vertex 30.0041 13.5559 14.48
    endloop
  endfacet
  facet normal 0 0 1
    outer loop
      vertex 30.0041 13.5559 14.48
      vertex 26.74 11.18 14.48
      vertex 29.02 11.18 14.48
    endloop
  endfacet
  facet normal -0 0 1
    outer loop
      vertex 26.74 11.18 14.48
      vertex 30.0041 8.80412 14.48
      vertex 29.02 11.18 14.48
    endloop
  endfacet
  facet normal 0 0 1
    outer loop
      vertex 25.7559 8.80412 14.48
      vertex 30.0041 8.80412 14.48
      vertex 26.74 11.18 14.48
    endloop
  endfacet
  facet normal -0 0 1
    outer loop
      vertex 25.7559 8.80412 14.48
      vertex 32.38 7.82 14.48
      vertex 30.0041 8.80412 14.48
    endloop
  endfacet
  facet normal 0 0 1
    outer loop
      vertex 23.38 7.82 14.48
      vertex 32.38 7.82 14.48
      vertex 25.7559 8.80412 14.48
    endloop
  endfacet
  facet normal 0 0 1
    outer loop
      vertex 0 0 14.48
      vertex 32.38 7.82 14.48
      vertex 23.38 7.82 14.48
    endloop
  endfacet
  facet normal 0 0 1
    outer loop
      vertex 21.0041 58.5559 14.48
      vertex 17.74 56.18 14.48
      vertex 20.02 56.18 14.48
    endloop
  endfacet
  facet normal 0 0 1
    outer loop
      vertex 21.0041 44.8041 14.48
      vertex 16.7559 44.8041 14.48
      vertex 21.0041 40.5559 14.48
    endloop
  endfacet
  facet normal 0 0 1
    outer loop
      vertex 21.0041 31.5559 14.48
      vertex 17.74 29.18 14.48
      vertex 20.02 29.18 14.48
    endloop
  endfacet
  facet normal 0 0 1
    outer loop
      vertex 21.0041 26.8041 14.48
      vertex 16.7559 26.8041 14.48
      vertex 21.0041 22.5559 14.48
    endloop
  endfacet
  facet normal 0 0 1
    outer loop
      vertex 21.0041 22.5559 14.48
      vertex 17.74 20.18 14.48
      vertex 20.02 20.18 14.48
    endloop
  endfacet
  facet normal 0 0 1
    outer loop
      vertex 21.0041 17.8041 14.48
      vertex 16.7559 17.8041 14.48
      vertex 21.0041 13.5559 14.48
    endloop
  endfacet
  facet normal 0 0 1
    outer loop
      vertex 21.0041 13.5559 14.48
      vertex 17.74 11.18 14.48
      vertex 20.02 11.18 14.48
    endloop
  endfacet
  facet normal -0 0 1
    outer loop
      vertex 17.74 11.18 14.48
      vertex 21.0041 8.80412 14.48
      vertex 20.02 11.18 14.48
    endloop
  endfacet
  facet normal 0 0 1
    outer loop
      vertex 16.7559 8.80412 14.48
      vertex 21.0041 8.80412 14.48
      vertex 17.74 11.18 14.48
    endloop
  endfacet
  facet normal -0 0 1
    outer loop
      vertex 16.7559 8.80412 14.48
      vertex 23.38 7.82 14.48
      vertex 21.0041 8.80412 14.48
    endloop
  endfacet
  facet normal 0 0 1
    outer loop
      vertex 14.38 7.82 14.48
      vertex 23.38 7.82 14.48
      vertex 16.7559 8.80412 14.48
    endloop
  endfacet
  facet normal 0 0 1
    outer loop
      vertex 0 0 14.48
      vertex 23.38 7.82 14.48
      vertex 14.38 7.82 14.48
    endloop
  endfacet
  facet normal 0 0 1
    outer loop
      vertex 59.38 7.82 14.48
      vertex 0 0 14.48
      vertex 127.27 0 14.48
    endloop
  endfacet
  facet normal 0 0 1
    outer loop
      vertex 12.0041 8.80412 14.48
      vertex 0 0 14.48
      vertex 14.38 7.82 14.48
    endloop
  endfacet
  facet normal 0 0 1
    outer loop
      vertex 11.02 11.18 14.48
      vertex 0 0 14.48
      vertex 12.0041 8.80412 14.48
    endloop
  endfacet
  facet normal 0 0 1
    outer loop
      vertex 11.02 20.18 14.48
      vertex 0 0 14.48
      vertex 11.02 11.18 14.48
    endloop
  endfacet
  facet normal 1 -0 0
    outer loop
      vertex 127.27 0 14.48
      vertex 127.27 85.35 0
      vertex 127.27 85.35 14.48
    endloop
  endfacet
  facet normal 1 0 0
    outer loop
      vertex 127.27 85.35 0
      vertex 127.27 0 14.48
      vertex 127.27 0 0
    endloop
  endfacet
  facet normal 0 1 -0
    outer loop
      vertex 127.27 85.35 0
      vertex 0 85.35 14.48
      vertex 127.27 85.35 14.48
    endloop
  endfacet
  facet normal 0 1 0
    outer loop
      vertex 0 85.35 14.48
      vertex 127.27 85.35 0
      vertex 0 85.35 0
    endloop
  endfacet
  facet normal 0 0 -1
    outer loop
      vertex 0 0 0
      vertex 127.27 85.35 0
      vertex 127.27 0 0
    endloop
  endfacet
  facet normal -0 0 -1
    outer loop
      vertex 127.27 85.35 0
      vertex 0 0 0
      vertex 0 85.35 0
    endloop
  endfacet
  facet normal 0 -1 0
    outer loop
      vertex 0 0 0
      vertex 127.27 0 14.48
      vertex 0 0 14.48
    endloop
  endfacet
  facet normal 0 -1 -0
    outer loop
      vertex 127.27 0 14.48
      vertex 0 0 0
      vertex 127.27 0 0
    endloop
  endfacet
  facet normal -0.923884 -0.382673 0
    outer loop
      vertex 17.74 74.18 3.24
      vertex 16.7559 76.5559 14.48
      vertex 16.7559 76.5559 3.24
    endloop
  endfacet
  facet normal -0.923884 -0.382673 0
    outer loop
      vertex 16.7559 76.5559 14.48
      vertex 17.74 74.18 3.24
      vertex 17.74 74.18 14.48
    endloop
  endfacet
  facet normal 0.923884 -0.382673 0
    outer loop
      vertex 11.02 74.18 14.48
      vertex 12.0041 76.5559 3.24
      vertex 12.0041 76.5559 14.48
    endloop
  endfacet
  facet normal 0.923884 -0.382673 0
    outer loop
      vertex 12.0041 76.5559 3.24
      vertex 11.02 74.18 14.48
      vertex 11.02 74.18 3.24
    endloop
  endfacet
  facet normal -0.382673 -0.923884 0
    outer loop
      vertex 14.38 77.54 3.24
      vertex 16.7559 76.5559 14.48
      vertex 14.38 77.54 14.48
    endloop
  endfacet
  facet normal -0.382673 -0.923884 -0
    outer loop
      vertex 16.7559 76.5559 14.48
      vertex 14.38 77.54 3.24
      vertex 16.7559 76.5559 3.24
    endloop
  endfacet
  facet normal -0.382673 0.923884 0
    outer loop
      vertex 16.7559 71.8041 3.24
      vertex 14.38 70.82 14.48
      vertex 16.7559 71.8041 14.48
    endloop
  endfacet
  facet normal -0.382673 0.923884 0
    outer loop
      vertex 14.38 70.82 14.48
      vertex 16.7559 71.8041 3.24
      vertex 14.38 70.82 3.24
    endloop
  endfacet
  facet normal 0.382673 -0.923884 0
    outer loop
      vertex 12.0041 76.5559 3.24
      vertex 14.38 77.54 14.48
      vertex 12.0041 76.5559 14.48
    endloop
  endfacet
  facet normal 0.382673 -0.923884 0
    outer loop
      vertex 14.38 77.54 14.48
      vertex 12.0041 76.5559 3.24
      vertex 14.38 77.54 3.24
    endloop
  endfacet
  facet normal -0.923884 0.382673 0
    outer loop
      vertex 16.7559 71.8041 3.24
      vertex 17.74 74.18 14.48
      vertex 17.74 74.18 3.24
    endloop
  endfacet
  facet normal -0.923884 0.382673 0
    outer loop
      vertex 17.74 74.18 14.48
      vertex 16.7559 71.8041 3.24
      vertex 16.7559 71.8041 14.48
    endloop
  endfacet
  facet normal 0 0 1
    outer loop
      vertex 16.7559 76.5559 3.24
      vertex 16.7559 71.8041 3.24
      vertex 17.74 74.18 3.24
    endloop
  endfacet
  facet normal 0 0 1
    outer loop
      vertex 14.38 77.54 3.24
      vertex 16.7559 71.8041 3.24
      vertex 16.7559 76.5559 3.24
    endloop
  endfacet
  facet normal 0 0 1
    outer loop
      vertex 14.38 77.54 3.24
      vertex 14.38 70.82 3.24
      vertex 16.7559 71.8041 3.24
    endloop
  endfacet
  facet normal -0 0 1
    outer loop
      vertex 12.0041 76.5559 3.24
      vertex 14.38 70.82 3.24
      vertex 14.38 77.54 3.24
    endloop
  endfacet
  facet normal 0 0 1
    outer loop
      vertex 12.0041 76.5559 3.24
      vertex 12.0041 71.8041 3.24
      vertex 14.38 70.82 3.24
    endloop
  endfacet
  facet normal 0 -0 1
    outer loop
      vertex 12.0041 71.8041 3.24
      vertex 12.0041 76.5559 3.24
      vertex 11.02 74.18 3.24
    endloop
  endfacet
  facet normal 0.382673 0.923884 -0
    outer loop
      vertex 14.38 70.82 3.24
      vertex 12.0041 71.8041 14.48
      vertex 14.38 70.82 14.48
    endloop
  endfacet
  facet normal 0.382673 0.923884 0
    outer loop
      vertex 12.0041 71.8041 14.48
      vertex 14.38 70.82 3.24
      vertex 12.0041 71.8041 3.24
    endloop
  endfacet
  facet normal 0.923884 0.382673 0
    outer loop
      vertex 12.0041 71.8041 14.48
      vertex 11.02 74.18 3.24
      vertex 11.02 74.18 14.48
    endloop
  endfacet
  facet normal 0.923884 0.382673 0
    outer loop
      vertex 11.02 74.18 3.24
      vertex 12.0041 71.8041 14.48
      vertex 12.0041 71.8041 3.24
    endloop
  endfacet
  facet normal -0.923884 -0.382673 0
    outer loop
      vertex 17.74 65.18 3.24
      vertex 16.7559 67.5559 14.48
      vertex 16.7559 67.5559 3.24
    endloop
  endfacet
  facet normal -0.923884 -0.382673 0
    outer loop
      vertex 16.7559 67.5559 14.48
      vertex 17.74 65.18 3.24
      vertex 17.74 65.18 14.48
    endloop
  endfacet
  facet normal 0.923884 -0.382673 0
    outer loop
      vertex 11.02 65.18 14.48
      vertex 12.0041 67.5559 3.24
      vertex 12.0041 67.5559 14.48
    endloop
  endfacet
  facet normal 0.923884 -0.382673 0
    outer loop
      vertex 12.0041 67.5559 3.24
      vertex 11.02 65.18 14.48
      vertex 11.02 65.18 3.24
    endloop
  endfacet
  facet normal -0.382673 -0.923884 0
    outer loop
      vertex 14.38 68.54 3.24
      vertex 16.7559 67.5559 14.48
      vertex 14.38 68.54 14.48
    endloop
  endfacet
  facet normal -0.382673 -0.923884 -0
    outer loop
      vertex 16.7559 67.5559 14.48
      vertex 14.38 68.54 3.24
      vertex 16.7559 67.5559 3.24
    endloop
  endfacet
  facet normal -0.382673 0.923884 0
    outer loop
      vertex 16.7559 62.8041 3.24
      vertex 14.38 61.82 14.48
      vertex 16.7559 62.8041 14.48
    endloop
  endfacet
  facet normal -0.382673 0.923884 0
    outer loop
      vertex 14.38 61.82 14.48
      vertex 16.7559 62.8041 3.24
      vertex 14.38 61.82 3.24
    endloop
  endfacet
  facet normal 0.382673 -0.923884 0
    outer loop
      vertex 12.0041 67.5559 3.24
      vertex 14.38 68.54 14.48
      vertex 12.0041 67.5559 14.48
    endloop
  endfacet
  facet normal 0.382673 -0.923884 0
    outer loop
      vertex 14.38 68.54 14.48
      vertex 12.0041 67.5559 3.24
      vertex 14.38 68.54 3.24
    endloop
  endfacet
  facet normal -0.923884 0.382673 0
    outer loop
      vertex 16.7559 62.8041 3.24
      vertex 17.74 65.18 14.48
      vertex 17.74 65.18 3.24
    endloop
  endfacet
  facet normal -0.923884 0.382673 0
    outer loop
      vertex 17.74 65.18 14.48
      vertex 16.7559 62.8041 3.24
      vertex 16.7559 62.8041 14.48
    endloop
  endfacet
  facet normal 0.923884 0.382673 0
    outer loop
      vertex 12.0041 62.8041 14.48
      vertex 11.02 65.18 3.24
      vertex 11.02 65.18 14.48
    endloop
  endfacet
  facet normal 0.923884 0.382673 0
    outer loop
      vertex 11.02 65.18 3.24
      vertex 12.0041 62.8041 14.48
      vertex 12.0041 62.8041 3.24
    endloop
  endfacet
  facet normal 0 0 1
    outer loop
      vertex 16.7559 67.5559 3.24
      vertex 16.7559 62.8041 3.24
      vertex 17.74 65.18 3.24
    endloop
  endfacet
  facet normal 0 0 1
    outer loop
      vertex 14.38 68.54 3.24
      vertex 16.7559 62.8041 3.24
      vertex 16.7559 67.5559 3.24
    endloop
  endfacet
  facet normal 0 0 1
    outer loop
      vertex 14.38 68.54 3.24
      vertex 14.38 61.82 3.24
      vertex 16.7559 62.8041 3.24
    endloop
  endfacet
  facet normal -0 0 1
    outer loop
      vertex 12.0041 67.5559 3.24
      vertex 14.38 61.82 3.24
      vertex 14.38 68.54 3.24
    endloop
  endfacet
  facet normal 0 0 1
    outer loop
      vertex 12.0041 67.5559 3.24
      vertex 12.0041 62.8041 3.24
      vertex 14.38 61.82 3.24
    endloop
  endfacet
  facet normal 0 -0 1
    outer loop
      vertex 12.0041 62.8041 3.24
      vertex 12.0041 67.5559 3.24
      vertex 11.02 65.18 3.24
    endloop
  endfacet
  facet normal 0.382673 0.923884 -0
    outer loop
      vertex 14.38 61.82 3.24
      vertex 12.0041 62.8041 14.48
      vertex 14.38 61.82 14.48
    endloop
  endfacet
  facet normal 0.382673 0.923884 0
    outer loop
      vertex 12.0041 62.8041 14.48
      vertex 14.38 61.82 3.24
      vertex 12.0041 62.8041 3.24
    endloop
  endfacet
  facet normal -0.923884 -0.382673 0
    outer loop
      vertex 17.74 56.18 3.24
      vertex 16.7559 58.5559 14.48
      vertex 16.7559 58.5559 3.24
    endloop
  endfacet
  facet normal -0.923884 -0.382673 0
    outer loop
      vertex 16.7559 58.5559 14.48
      vertex 17.74 56.18 3.24
      vertex 17.74 56.18 14.48
    endloop
  endfacet
  facet normal 0.923884 -0.382673 0
    outer loop
      vertex 11.02 56.18 14.48
      vertex 12.0041 58.5559 3.24
      vertex 12.0041 58.5559 14.48
    endloop
  endfacet
  facet normal 0.923884 -0.382673 0
    outer loop
      vertex 12.0041 58.5559 3.24
      vertex 11.02 56.18 14.48
      vertex 11.02 56.18 3.24
    endloop
  endfacet
  facet normal -0.382673 -0.923884 0
    outer loop
      vertex 14.38 59.54 3.24
      vertex 16.7559 58.5559 14.48
      vertex 14.38 59.54 14.48
    endloop
  endfacet
  facet normal -0.382673 -0.923884 -0
    outer loop
      vertex 16.7559 58.5559 14.48
      vertex 14.38 59.54 3.24
      vertex 16.7559 58.5559 3.24
    endloop
  endfacet
  facet normal -0.382673 0.923884 0
    outer loop
      vertex 16.7559 53.8041 3.24
      vertex 14.38 52.82 14.48
      vertex 16.7559 53.8041 14.48
    endloop
  endfacet
  facet normal -0.382673 0.923884 0
    outer loop
      vertex 14.38 52.82 14.48
      vertex 16.7559 53.8041 3.24
      vertex 14.38 52.82 3.24
    endloop
  endfacet
  facet normal 0.382673 -0.923884 0
    outer loop
      vertex 12.0041 58.5559 3.24
      vertex 14.38 59.54 14.48
      vertex 12.0041 58.5559 14.48
    endloop
  endfacet
  facet normal 0.382673 -0.923884 0
    outer loop
      vertex 14.38 59.54 14.48
      vertex 12.0041 58.5559 3.24
      vertex 14.38 59.54 3.24
    endloop
  endfacet
  facet normal -0.923884 0.382673 0
    outer loop
      vertex 16.7559 53.8041 3.24
      vertex 17.74 56.18 14.48
      vertex 17.74 56.18 3.24
    endloop
  endfacet
  facet normal -0.923884 0.382673 0
    outer loop
      vertex 17.74 56.18 14.48
      vertex 16.7559 53.8041 3.24
      vertex 16.7559 53.8041 14.48
    endloop
  endfacet
  facet normal 0.923884 0.382673 0
    outer loop
      vertex 12.0041 53.8041 14.48
      vertex 11.02 56.18 3.24
      vertex 11.02 56.18 14.48
    endloop
  endfacet
  facet normal 0.923884 0.382673 0
    outer loop
      vertex 11.02 56.18 3.24
      vertex 12.0041 53.8041 14.48
      vertex 12.0041 53.8041 3.24
    endloop
  endfacet
  facet normal 0 0 1
    outer loop
      vertex 16.7559 58.5559 3.24
      vertex 16.7559 53.8041 3.24
      vertex 17.74 56.18 3.24
    endloop
  endfacet
  facet normal 0 0 1
    outer loop
      vertex 14.38 59.54 3.24
      vertex 16.7559 53.8041 3.24
      vertex 16.7559 58.5559 3.24
    endloop
  endfacet
  facet normal 0 0 1
    outer loop
      vertex 14.38 59.54 3.24
      vertex 14.38 52.82 3.24
      vertex 16.7559 53.8041 3.24
    endloop
  endfacet
  facet normal -0 0 1
    outer loop
      vertex 12.0041 58.5559 3.24
      vertex 14.38 52.82 3.24
      vertex 14.38 59.54 3.24
    endloop
  endfacet
  facet normal 0 0 1
    outer loop
      vertex 12.0041 58.5559 3.24
      vertex 12.0041 53.8041 3.24
      vertex 14.38 52.82 3.24
    endloop
  endfacet
  facet normal 0 -0 1
    outer loop
      vertex 12.0041 53.8041 3.24
      vertex 12.0041 58.5559 3.24
      vertex 11.02 56.18 3.24
    endloop
  endfacet
  facet normal 0.382673 0.923884 -0
    outer loop
      vertex 14.38 52.82 3.24
      vertex 12.0041 53.8041 14.48
      vertex 14.38 52.82 14.48
    endloop
  endfacet
  facet normal 0.382673 0.923884 0
    outer loop
      vertex 12.0041 53.8041 14.48
      vertex 14.38 52.82 3.24
      vertex 12.0041 53.8041 3.24
    endloop
  endfacet
  facet normal -0.923884 -0.382673 0
    outer loop
      vertex 17.74 47.18 3.24
      vertex 16.7559 49.5559 14.48
      vertex 16.7559 49.5559 3.24
    endloop
  endfacet
  facet normal -0.923884 -0.382673 0
    outer loop
      vertex 16.7559 49.5559 14.48
      vertex 17.74 47.18 3.24
      vertex 17.74 47.18 14.48
    endloop
  endfacet
  facet normal 0.923884 -0.382673 0
    outer loop
      vertex 11.02 47.18 14.48
      vertex 12.0041 49.5559 3.24
      vertex 12.0041 49.5559 14.48
    endloop
  endfacet
  facet normal 0.923884 -0.382673 0
    outer loop
      vertex 12.0041 49.5559 3.24
      vertex 11.02 47.18 14.48
      vertex 11.02 47.18 3.24
    endloop
  endfacet
  facet normal -0.382673 -0.923884 0
    outer loop
      vertex 14.38 50.54 3.24
      vertex 16.7559 49.5559 14.48
      vertex 14.38 50.54 14.48
    endloop
  endfacet
  facet normal -0.382673 -0.923884 -0
    outer loop
      vertex 16.7559 49.5559 14.48
      vertex 14.38 50.54 3.24
      vertex 16.7559 49.5559 3.24
    endloop
  endfacet
  facet normal -0.382673 0.923884 0
    outer loop
      vertex 16.7559 44.8041 3.24
      vertex 14.38 43.82 14.48
      vertex 16.7559 44.8041 14.48
    endloop
  endfacet
  facet normal -0.382673 0.923884 0
    outer loop
      vertex 14.38 43.82 14.48
      vertex 16.7559 44.8041 3.24
      vertex 14.38 43.82 3.24
    endloop
  endfacet
  facet normal 0.382673 -0.923884 0
    outer loop
      vertex 12.0041 49.5559 3.24
      vertex 14.38 50.54 14.48
      vertex 12.0041 49.5559 14.48
    endloop
  endfacet
  facet normal 0.382673 -0.923884 0
    outer loop
      vertex 14.38 50.54 14.48
      vertex 12.0041 49.5559 3.24
      vertex 14.38 50.54 3.24
    endloop
  endfacet
  facet normal 0.923884 0.382673 0
    outer loop
      vertex 12.0041 44.8041 14.48
      vertex 11.02 47.18 3.24
      vertex 11.02 47.18 14.48
    endloop
  endfacet
  facet normal 0.923884 0.382673 0
    outer loop
      vertex 11.02 47.18 3.24
      vertex 12.0041 44.8041 14.48
      vertex 12.0041 44.8041 3.24
    endloop
  endfacet
  facet normal 0 0 1
    outer loop
      vertex 16.7559 49.5559 3.24
      vertex 16.7559 44.8041 3.24
      vertex 17.74 47.18 3.24
    endloop
  endfacet
  facet normal 0 0 1
    outer loop
      vertex 14.38 50.54 3.24
      vertex 16.7559 44.8041 3.24
      vertex 16.7559 49.5559 3.24
    endloop
  endfacet
  facet normal 0 0 1
    outer loop
      vertex 14.38 50.54 3.24
      vertex 14.38 43.82 3.24
      vertex 16.7559 44.8041 3.24
    endloop
  endfacet
  facet normal -0 0 1
    outer loop
      vertex 12.0041 49.5559 3.24
      vertex 14.38 43.82 3.24
      vertex 14.38 50.54 3.24
    endloop
  endfacet
  facet normal 0 0 1
    outer loop
      vertex 12.0041 49.5559 3.24
      vertex 12.0041 44.8041 3.24
      vertex 14.38 43.82 3.24
    endloop
  endfacet
  facet normal 0 -0 1
    outer loop
      vertex 12.0041 44.8041 3.24
      vertex 12.0041 49.5559 3.24
      vertex 11.02 47.18 3.24
    endloop
  endfacet
  facet normal -0.923884 0.382673 0
    outer loop
      vertex 16.7559 44.8041 3.24
      vertex 17.74 47.18 14.48
      vertex 17.74 47.18 3.24
    endloop
  endfacet
  facet normal -0.923884 0.382673 0
    outer loop
      vertex 17.74 47.18 14.48
      vertex 16.7559 44.8041 3.24
      vertex 16.7559 44.8041 14.48
    endloop
  endfacet
  facet normal 0.382673 0.923884 -0
    outer loop
      vertex 14.38 43.82 3.24
      vertex 12.0041 44.8041 14.48
      vertex 14.38 43.82 14.48
    endloop
  endfacet
  facet normal 0.382673 0.923884 0
    outer loop
      vertex 12.0041 44.8041 14.48
      vertex 14.38 43.82 3.24
      vertex 12.0041 44.8041 3.24
    endloop
  endfacet
  facet normal -0.923884 -0.382673 0
    outer loop
      vertex 17.74 38.18 3.24
      vertex 16.7559 40.5559 14.48
      vertex 16.7559 40.5559 3.24
    endloop
  endfacet
  facet normal -0.923884 -0.382673 0
    outer loop
      vertex 16.7559 40.5559 14.48
      vertex 17.74 38.18 3.24
      vertex 17.74 38.18 14.48
    endloop
  endfacet
  facet normal 0.923884 -0.382673 0
    outer loop
      vertex 11.02 38.18 14.48
      vertex 12.0041 40.5559 3.24
      vertex 12.0041 40.5559 14.48
    endloop
  endfacet
  facet normal 0.923884 -0.382673 0
    outer loop
      vertex 12.0041 40.5559 3.24
      vertex 11.02 38.18 14.48
      vertex 11.02 38.18 3.24
    endloop
  endfacet
  facet normal -0.382673 -0.923884 0
    outer loop
      vertex 14.38 41.54 3.24
      vertex 16.7559 40.5559 14.48
      vertex 14.38 41.54 14.48
    endloop
  endfacet
  facet normal -0.382673 -0.923884 -0
    outer loop
      vertex 16.7559 40.5559 14.48
      vertex 14.38 41.54 3.24
      vertex 16.7559 40.5559 3.24
    endloop
  endfacet
  facet normal -0.382673 0.923884 0
    outer loop
      vertex 16.7559 35.8041 3.24
      vertex 14.38 34.82 14.48
      vertex 16.7559 35.8041 14.48
    endloop
  endfacet
  facet normal -0.382673 0.923884 0
    outer loop
      vertex 14.38 34.82 14.48
      vertex 16.7559 35.8041 3.24
      vertex 14.38 34.82 3.24
    endloop
  endfacet
  facet normal 0.382673 -0.923884 0
    outer loop
      vertex 12.0041 40.5559 3.24
      vertex 14.38 41.54 14.48
      vertex 12.0041 40.5559 14.48
    endloop
  endfacet
  facet normal 0.382673 -0.923884 0
    outer loop
      vertex 14.38 41.54 14.48
      vertex 12.0041 40.5559 3.24
      vertex 14.38 41.54 3.24
    endloop
  endfacet
  facet normal -0.923884 0.382673 0
    outer loop
      vertex 16.7559 35.8041 3.24
      vertex 17.74 38.18 14.48
      vertex 17.74 38.18 3.24
    endloop
  endfacet
  facet normal -0.923884 0.382673 0
    outer loop
      vertex 17.74 38.18 14.48
      vertex 16.7559 35.8041 3.24
      vertex 16.7559 35.8041 14.48
    endloop
  endfacet
  facet normal 0.923884 0.382673 0
    outer loop
      vertex 12.0041 35.8041 14.48
      vertex 11.02 38.18 3.24
      vertex 11.02 38.18 14.48
    endloop
  endfacet
  facet normal 0.923884 0.382673 0
    outer loop
      vertex 11.02 38.18 3.24
      vertex 12.0041 35.8041 14.48
      vertex 12.0041 35.8041 3.24
    endloop
  endfacet
  facet normal 0 0 1
    outer loop
      vertex 16.7559 40.5559 3.24
      vertex 16.7559 35.8041 3.24
      vertex 17.74 38.18 3.24
    endloop
  endfacet
  facet normal 0 0 1
    outer loop
      vertex 14.38 41.54 3.24
      vertex 16.7559 35.8041 3.24
      vertex 16.7559 40.5559 3.24
    endloop
  endfacet
  facet normal 0 0 1
    outer loop
      vertex 14.38 41.54 3.24
      vertex 14.38 34.82 3.24
      vertex 16.7559 35.8041 3.24
    endloop
  endfacet
  facet normal -0 0 1
    outer loop
      vertex 12.0041 40.5559 3.24
      vertex 14.38 34.82 3.24
      vertex 14.38 41.54 3.24
    endloop
  endfacet
  facet normal 0 0 1
    outer loop
      vertex 12.0041 40.5559 3.24
      vertex 12.0041 35.8041 3.24
      vertex 14.38 34.82 3.24
    endloop
  endfacet
  facet normal 0 -0 1
    outer loop
      vertex 12.0041 35.8041 3.24
      vertex 12.0041 40.5559 3.24
      vertex 11.02 38.18 3.24
    endloop
  endfacet
  facet normal 0.382673 0.923884 -0
    outer loop
      vertex 14.38 34.82 3.24
      vertex 12.0041 35.8041 14.48
      vertex 14.38 34.82 14.48
    endloop
  endfacet
  facet normal 0.382673 0.923884 0
    outer loop
      vertex 12.0041 35.8041 14.48
      vertex 14.38 34.82 3.24
      vertex 12.0041 35.8041 3.24
    endloop
  endfacet
  facet normal -0.923884 -0.382673 0
    outer loop
      vertex 17.74 29.18 3.24
      vertex 16.7559 31.5559 14.48
      vertex 16.7559 31.5559 3.24
    endloop
  endfacet
  facet normal -0.923884 -0.382673 0
    outer loop
      vertex 16.7559 31.5559 14.48
      vertex 17.74 29.18 3.24
      vertex 17.74 29.18 14.48
    endloop
  endfacet
  facet normal 0.923884 -0.382673 0
    outer loop
      vertex 11.02 29.18 14.48
      vertex 12.0041 31.5559 3.24
      vertex 12.0041 31.5559 14.48
    endloop
  endfacet
  facet normal 0.923884 -0.382673 0
    outer loop
      vertex 12.0041 31.5559 3.24
      vertex 11.02 29.18 14.48
      vertex 11.02 29.18 3.24
    endloop
  endfacet
  facet normal -0.382673 -0.923884 0
    outer loop
      vertex 14.38 32.54 3.24
      vertex 16.7559 31.5559 14.48
      vertex 14.38 32.54 14.48
    endloop
  endfacet
  facet normal -0.382673 -0.923884 -0
    outer loop
      vertex 16.7559 31.5559 14.48
      vertex 14.38 32.54 3.24
      vertex 16.7559 31.5559 3.24
    endloop
  endfacet
  facet normal -0.382673 0.923884 0
    outer loop
      vertex 16.7559 26.8041 3.24
      vertex 14.38 25.82 14.48
      vertex 16.7559 26.8041 14.48
    endloop
  endfacet
  facet normal -0.382673 0.923884 0
    outer loop
      vertex 14.38 25.82 14.48
      vertex 16.7559 26.8041 3.24
      vertex 14.38 25.82 3.24
    endloop
  endfacet
  facet normal 0.382673 -0.923884 0
    outer loop
      vertex 12.0041 31.5559 3.24
      vertex 14.38 32.54 14.48
      vertex 12.0041 31.5559 14.48
    endloop
  endfacet
  facet normal 0.382673 -0.923884 0
    outer loop
      vertex 14.38 32.54 14.48
      vertex 12.0041 31.5559 3.24
      vertex 14.38 32.54 3.24
    endloop
  endfacet
  facet normal -0.923884 0.382673 0
    outer loop
      vertex 16.7559 26.8041 3.24
      vertex 17.74 29.18 14.48
      vertex 17.74 29.18 3.24
    endloop
  endfacet
  facet normal -0.923884 0.382673 0
    outer loop
      vertex 17.74 29.18 14.48
      vertex 16.7559 26.8041 3.24
      vertex 16.7559 26.8041 14.48
    endloop
  endfacet
  facet normal 0 0 1
    outer loop
      vertex 16.7559 31.5559 3.24
      vertex 16.7559 26.8041 3.24
      vertex 17.74 29.18 3.24
    endloop
  endfacet
  facet normal 0 0 1
    outer loop
      vertex 14.38 32.54 3.24
      vertex 16.7559 26.8041 3.24
      vertex 16.7559 31.5559 3.24
    endloop
  endfacet
  facet normal 0 0 1
    outer loop
      vertex 14.38 32.54 3.24
      vertex 14.38 25.82 3.24
      vertex 16.7559 26.8041 3.24
    endloop
  endfacet
  facet normal -0 0 1
    outer loop
      vertex 12.0041 31.5559 3.24
      vertex 14.38 25.82 3.24
      vertex 14.38 32.54 3.24
    endloop
  endfacet
  facet normal 0 0 1
    outer loop
      vertex 12.0041 31.5559 3.24
      vertex 12.0041 26.8041 3.24
      vertex 14.38 25.82 3.24
    endloop
  endfacet
  facet normal 0 -0 1
    outer loop
      vertex 12.0041 26.8041 3.24
      vertex 12.0041 31.5559 3.24
      vertex 11.02 29.18 3.24
    endloop
  endfacet
  facet normal 0.382673 0.923884 -0
    outer loop
      vertex 14.38 25.82 3.24
      vertex 12.0041 26.8041 14.48
      vertex 14.38 25.82 14.48
    endloop
  endfacet
  facet normal 0.382673 0.923884 0
    outer loop
      vertex 12.0041 26.8041 14.48
      vertex 14.38 25.82 3.24
      vertex 12.0041 26.8041 3.24
    endloop
  endfacet
  facet normal 0.923884 0.382673 0
    outer loop
      vertex 12.0041 26.8041 14.48
      vertex 11.02 29.18 3.24
      vertex 11.02 29.18 14.48
    endloop
  endfacet
  facet normal 0.923884 0.382673 0
    outer loop
      vertex 11.02 29.18 3.24
      vertex 12.0041 26.8041 14.48
      vertex 12.0041 26.8041 3.24
    endloop
  endfacet
  facet normal -0.923884 -0.382673 0
    outer loop
      vertex 17.74 20.18 3.24
      vertex 16.7559 22.5559 14.48
      vertex 16.7559 22.5559 3.24
    endloop
  endfacet
  facet normal -0.923884 -0.382673 0
    outer loop
      vertex 16.7559 22.5559 14.48
      vertex 17.74 20.18 3.24
      vertex 17.74 20.18 14.48
    endloop
  endfacet
  facet normal 0.923884 -0.382673 0
    outer loop
      vertex 11.02 20.18 14.48
      vertex 12.0041 22.5559 3.24
      vertex 12.0041 22.5559 14.48
    endloop
  endfacet
  facet normal 0.923884 -0.382673 0
    outer loop
      vertex 12.0041 22.5559 3.24
      vertex 11.02 20.18 14.48
      vertex 11.02 20.18 3.24
    endloop
  endfacet
  facet normal -0.382673 -0.923884 0
    outer loop
      vertex 14.38 23.54 3.24
      vertex 16.7559 22.5559 14.48
      vertex 14.38 23.54 14.48
    endloop
  endfacet
  facet normal -0.382673 -0.923884 -0
    outer loop
      vertex 16.7559 22.5559 14.48
      vertex 14.38 23.54 3.24
      vertex 16.7559 22.5559 3.24
    endloop
  endfacet
  facet normal -0.382673 0.923884 0
    outer loop
      vertex 16.7559 17.8041 3.24
      vertex 14.38 16.82 14.48
      vertex 16.7559 17.8041 14.48
    endloop
  endfacet
  facet normal -0.382673 0.923884 0
    outer loop
      vertex 14.38 16.82 14.48
      vertex 16.7559 17.8041 3.24
      vertex 14.38 16.82 3.24
    endloop
  endfacet
  facet normal 0.382673 -0.923884 0
    outer loop
      vertex 12.0041 22.5559 3.24
      vertex 14.38 23.54 14.48
      vertex 12.0041 22.5559 14.48
    endloop
  endfacet
  facet normal 0.382673 -0.923884 0
    outer loop
      vertex 14.38 23.54 14.48
      vertex 12.0041 22.5559 3.24
      vertex 14.38 23.54 3.24
    endloop
  endfacet
  facet normal -0.923884 0.382673 0
    outer loop
      vertex 16.7559 17.8041 3.24
      vertex 17.74 20.18 14.48
      vertex 17.74 20.18 3.24
    endloop
  endfacet
  facet normal -0.923884 0.382673 0
    outer loop
      vertex 17.74 20.18 14.48
      vertex 16.7559 17.8041 3.24
      vertex 16.7559 17.8041 14.48
    endloop
  endfacet
  facet normal 0.923884 0.382673 0
    outer loop
      vertex 12.0041 17.8041 14.48
      vertex 11.02 20.18 3.24
      vertex 11.02 20.18 14.48
    endloop
  endfacet
  facet normal 0.923884 0.382673 0
    outer loop
      vertex 11.02 20.18 3.24
      vertex 12.0041 17.8041 14.48
      vertex 12.0041 17.8041 3.24
    endloop
  endfacet
  facet normal 0 0 1
    outer loop
      vertex 16.7559 22.5559 3.24
      vertex 16.7559 17.8041 3.24
      vertex 17.74 20.18 3.24
    endloop
  endfacet
  facet normal 0 0 1
    outer loop
      vertex 14.38 23.54 3.24
      vertex 16.7559 17.8041 3.24
      vertex 16.7559 22.5559 3.24
    endloop
  endfacet
  facet normal 0 0 1
    outer loop
      vertex 14.38 23.54 3.24
      vertex 14.38 16.82 3.24
      vertex 16.7559 17.8041 3.24
    endloop
  endfacet
  facet normal -0 0 1
    outer loop
      vertex 12.0041 22.5559 3.24
      vertex 14.38 16.82 3.24
      vertex 14.38 23.54 3.24
    endloop
  endfacet
  facet normal 0 0 1
    outer loop
      vertex 12.0041 22.5559 3.24
      vertex 12.0041 17.8041 3.24
      vertex 14.38 16.82 3.24
    endloop
  endfacet
  facet normal 0 -0 1
    outer loop
      vertex 12.0041 17.8041 3.24
      vertex 12.0041 22.5559 3.24
      vertex 11.02 20.18 3.24
    endloop
  endfacet
  facet normal 0.382673 0.923884 -0
    outer loop
      vertex 14.38 16.82 3.24
      vertex 12.0041 17.8041 14.48
      vertex 14.38 16.82 14.48
    endloop
  endfacet
  facet normal 0.382673 0.923884 0
    outer loop
      vertex 12.0041 17.8041 14.48
      vertex 14.38 16.82 3.24
      vertex 12.0041 17.8041 3.24
    endloop
  endfacet
  facet normal -0.923884 -0.382673 0
    outer loop
      vertex 17.74 11.18 3.24
      vertex 16.7559 13.5559 14.48
      vertex 16.7559 13.5559 3.24
    endloop
  endfacet
  facet normal -0.923884 -0.382673 0
    outer loop
      vertex 16.7559 13.5559 14.48
      vertex 17.74 11.18 3.24
      vertex 17.74 11.18 14.48
    endloop
  endfacet
  facet normal 0.923884 -0.382673 0
    outer loop
      vertex 11.02 11.18 14.48
      vertex 12.0041 13.5559 3.24
      vertex 12.0041 13.5559 14.48
    endloop
  endfacet
  facet normal 0.923884 -0.382673 0
    outer loop
      vertex 12.0041 13.5559 3.24
      vertex 11.02 11.18 14.48
      vertex 11.02 11.18 3.24
    endloop
  endfacet
  facet normal -0.382673 -0.923884 0
    outer loop
      vertex 14.38 14.54 3.24
      vertex 16.7559 13.5559 14.48
      vertex 14.38 14.54 14.48
    endloop
  endfacet
  facet normal -0.382673 -0.923884 -0
    outer loop
      vertex 16.7559 13.5559 14.48
      vertex 14.38 14.54 3.24
      vertex 16.7559 13.5559 3.24
    endloop
  endfacet
  facet normal -0.38268 0.923881 0
    outer loop
      vertex 16.7559 8.80412 3.24
      vertex 14.38 7.82 14.48
      vertex 16.7559 8.80412 14.48
    endloop
  endfacet
  facet normal -0.38268 0.923881 0
    outer loop
      vertex 14.38 7.82 14.48
      vertex 16.7559 8.80412 3.24
      vertex 14.38 7.82 3.24
    endloop
  endfacet
  facet normal 0.382673 -0.923884 0
    outer loop
      vertex 12.0041 13.5559 3.24
      vertex 14.38 14.54 14.48
      vertex 12.0041 13.5559 14.48
    endloop
  endfacet
  facet normal 0.382673 -0.923884 0
    outer loop
      vertex 14.38 14.54 14.48
      vertex 12.0041 13.5559 3.24
      vertex 14.38 14.54 3.24
    endloop
  endfacet
  facet normal -0.923883 0.382676 0
    outer loop
      vertex 16.7559 8.80412 3.24
      vertex 17.74 11.18 14.48
      vertex 17.74 11.18 3.24
    endloop
  endfacet
  facet normal -0.923883 0.382676 0
    outer loop
      vertex 17.74 11.18 14.48
      vertex 16.7559 8.80412 3.24
      vertex 16.7559 8.80412 14.48
    endloop
  endfacet
  facet normal 0.923883 0.382676 0
    outer loop
      vertex 12.0041 8.80412 14.48
      vertex 11.02 11.18 3.24
      vertex 11.02 11.18 14.48
    endloop
  endfacet
  facet normal 0.923883 0.382676 0
    outer loop
      vertex 11.02 11.18 3.24
      vertex 12.0041 8.80412 14.48
      vertex 12.0041 8.80412 3.24
    endloop
  endfacet
  facet normal 0 0 1
    outer loop
      vertex 16.7559 13.5559 3.24
      vertex 16.7559 8.80412 3.24
      vertex 17.74 11.18 3.24
    endloop
  endfacet
  facet normal 0 0 1
    outer loop
      vertex 14.38 14.54 3.24
      vertex 16.7559 8.80412 3.24
      vertex 16.7559 13.5559 3.24
    endloop
  endfacet
  facet normal 0 0 1
    outer loop
      vertex 14.38 14.54 3.24
      vertex 14.38 7.82 3.24
      vertex 16.7559 8.80412 3.24
    endloop
  endfacet
  facet normal -0 0 1
    outer loop
      vertex 12.0041 13.5559 3.24
      vertex 14.38 7.82 3.24
      vertex 14.38 14.54 3.24
    endloop
  endfacet
  facet normal 0 0 1
    outer loop
      vertex 12.0041 13.5559 3.24
      vertex 12.0041 8.80412 3.24
      vertex 14.38 7.82 3.24
    endloop
  endfacet
  facet normal 0 -0 1
    outer loop
      vertex 12.0041 8.80412 3.24
      vertex 12.0041 13.5559 3.24
      vertex 11.02 11.18 3.24
    endloop
  endfacet
  facet normal 0.38268 0.923881 -0
    outer loop
      vertex 14.38 7.82 3.24
      vertex 12.0041 8.80412 14.48
      vertex 14.38 7.82 14.48
    endloop
  endfacet
  facet normal 0.38268 0.923881 0
    outer loop
      vertex 12.0041 8.80412 14.48
      vertex 14.38 7.82 3.24
      vertex 12.0041 8.80412 3.24
    endloop
  endfacet
  facet normal -0.923884 -0.382673 0
    outer loop
      vertex 26.74 74.18 3.24
      vertex 25.7559 76.5559 14.48
      vertex 25.7559 76.5559 3.24
    endloop
  endfacet
  facet normal -0.923884 -0.382673 0
    outer loop
      vertex 25.7559 76.5559 14.48
      vertex 26.74 74.18 3.24
      vertex 26.74 74.18 14.48
    endloop
  endfacet
  facet normal 0.923884 -0.382673 0
    outer loop
      vertex 20.02 74.18 14.48
      vertex 21.0041 76.5559 3.24
      vertex 21.0041 76.5559 14.48
    endloop
  endfacet
  facet normal 0.923884 -0.382673 0
    outer loop
      vertex 21.0041 76.5559 3.24
      vertex 20.02 74.18 14.48
      vertex 20.02 74.18 3.24
    endloop
  endfacet
  facet normal -0.382673 -0.923884 0
    outer loop
      vertex 23.38 77.54 3.24
      vertex 25.7559 76.5559 14.48
      vertex 23.38 77.54 14.48
    endloop
  endfacet
  facet normal -0.382673 -0.923884 -0
    outer loop
      vertex 25.7559 76.5559 14.48
      vertex 23.38 77.54 3.24
      vertex 25.7559 76.5559 3.24
    endloop
  endfacet
  facet normal -0.382673 0.923884 0
    outer loop
      vertex 25.7559 71.8041 3.24
      vertex 23.38 70.82 14.48
      vertex 25.7559 71.8041 14.48
    endloop
  endfacet
  facet normal -0.382673 0.923884 0
    outer loop
      vertex 23.38 70.82 14.48
      vertex 25.7559 71.8041 3.24
      vertex 23.38 70.82 3.24
    endloop
  endfacet
  facet normal 0.382673 -0.923884 0
    outer loop
      vertex 21.0041 76.5559 3.24
      vertex 23.38 77.54 14.48
      vertex 21.0041 76.5559 14.48
    endloop
  endfacet
  facet normal 0.382673 -0.923884 0
    outer loop
      vertex 23.38 77.54 14.48
      vertex 21.0041 76.5559 3.24
      vertex 23.38 77.54 3.24
    endloop
  endfacet
  facet normal 0 0 1
    outer loop
      vertex 25.7559 76.5559 3.24
      vertex 25.7559 71.8041 3.24
      vertex 26.74 74.18 3.24
    endloop
  endfacet
  facet normal 0 0 1
    outer loop
      vertex 23.38 77.54 3.24
      vertex 25.7559 71.8041 3.24
      vertex 25.7559 76.5559 3.24
    endloop
  endfacet
  facet normal 0 0 1
    outer loop
      vertex 23.38 77.54 3.24
      vertex 23.38 70.82 3.24
      vertex 25.7559 71.8041 3.24
    endloop
  endfacet
  facet normal -0 0 1
    outer loop
      vertex 21.0041 76.5559 3.24
      vertex 23.38 70.82 3.24
      vertex 23.38 77.54 3.24
    endloop
  endfacet
  facet normal 0 0 1
    outer loop
      vertex 21.0041 76.5559 3.24
      vertex 21.0041 71.8041 3.24
      vertex 23.38 70.82 3.24
    endloop
  endfacet
  facet normal 0 -0 1
    outer loop
      vertex 21.0041 71.8041 3.24
      vertex 21.0041 76.5559 3.24
      vertex 20.02 74.18 3.24
    endloop
  endfacet
  facet normal -0.923884 0.382673 0
    outer loop
      vertex 25.7559 71.8041 3.24
      vertex 26.74 74.18 14.48
      vertex 26.74 74.18 3.24
    endloop
  endfacet
  facet normal -0.923884 0.382673 0
    outer loop
      vertex 26.74 74.18 14.48
      vertex 25.7559 71.8041 3.24
      vertex 25.7559 71.8041 14.48
    endloop
  endfacet
  facet normal 0.382673 0.923884 -0
    outer loop
      vertex 23.38 70.82 3.24
      vertex 21.0041 71.8041 14.48
      vertex 23.38 70.82 14.48
    endloop
  endfacet
  facet normal 0.382673 0.923884 0
    outer loop
      vertex 21.0041 71.8041 14.48
      vertex 23.38 70.82 3.24
      vertex 21.0041 71.8041 3.24
    endloop
  endfacet
  facet normal 0.923884 0.382673 0
    outer loop
      vertex 21.0041 71.8041 14.48
      vertex 20.02 74.18 3.24
      vertex 20.02 74.18 14.48
    endloop
  endfacet
  facet normal 0.923884 0.382673 0
    outer loop
      vertex 20.02 74.18 3.24
      vertex 21.0041 71.8041 14.48
      vertex 21.0041 71.8041 3.24
    endloop
  endfacet
  facet normal -0.923884 -0.382673 0
    outer loop
      vertex 26.74 65.18 3.24
      vertex 25.7559 67.5559 14.48
      vertex 25.7559 67.5559 3.24
    endloop
  endfacet
  facet normal -0.923884 -0.382673 0
    outer loop
      vertex 25.7559 67.5559 14.48
      vertex 26.74 65.18 3.24
      vertex 26.74 65.18 14.48
    endloop
  endfacet
  facet normal 0.923884 -0.382673 0
    outer loop
      vertex 20.02 65.18 14.48
      vertex 21.0041 67.5559 3.24
      vertex 21.0041 67.5559 14.48
    endloop
  endfacet
  facet normal 0.923884 -0.382673 0
    outer loop
      vertex 21.0041 67.5559 3.24
      vertex 20.02 65.18 14.48
      vertex 20.02 65.18 3.24
    endloop
  endfacet
  facet normal -0.382673 -0.923884 0
    outer loop
      vertex 23.38 68.54 3.24
      vertex 25.7559 67.5559 14.48
      vertex 23.38 68.54 14.48
    endloop
  endfacet
  facet normal -0.382673 -0.923884 -0
    outer loop
      vertex 25.7559 67.5559 14.48
      vertex 23.38 68.54 3.24
      vertex 25.7559 67.5559 3.24
    endloop
  endfacet
  facet normal -0.382673 0.923884 0
    outer loop
      vertex 25.7559 62.8041 3.24
      vertex 23.38 61.82 14.48
      vertex 25.7559 62.8041 14.48
    endloop
  endfacet
  facet normal -0.382673 0.923884 0
    outer loop
      vertex 23.38 61.82 14.48
      vertex 25.7559 62.8041 3.24
      vertex 23.38 61.82 3.24
    endloop
  endfacet
  facet normal 0.382673 -0.923884 0
    outer loop
      vertex 21.0041 67.5559 3.24
      vertex 23.38 68.54 14.48
      vertex 21.0041 67.5559 14.48
    endloop
  endfacet
  facet normal 0.382673 -0.923884 0
    outer loop
      vertex 23.38 68.54 14.48
      vertex 21.0041 67.5559 3.24
      vertex 23.38 68.54 3.24
    endloop
  endfacet
  facet normal 0 0 1
    outer loop
      vertex 25.7559 67.5559 3.24
      vertex 25.7559 62.8041 3.24
      vertex 26.74 65.18 3.24
    endloop
  endfacet
  facet normal 0 0 1
    outer loop
      vertex 23.38 68.54 3.24
      vertex 25.7559 62.8041 3.24
      vertex 25.7559 67.5559 3.24
    endloop
  endfacet
  facet normal 0 0 1
    outer loop
      vertex 23.38 68.54 3.24
      vertex 23.38 61.82 3.24
      vertex 25.7559 62.8041 3.24
    endloop
  endfacet
  facet normal -0 0 1
    outer loop
      vertex 21.0041 67.5559 3.24
      vertex 23.38 61.82 3.24
      vertex 23.38 68.54 3.24
    endloop
  endfacet
  facet normal 0 0 1
    outer loop
      vertex 21.0041 67.5559 3.24
      vertex 21.0041 62.8041 3.24
      vertex 23.38 61.82 3.24
    endloop
  endfacet
  facet normal 0 -0 1
    outer loop
      vertex 21.0041 62.8041 3.24
      vertex 21.0041 67.5559 3.24
      vertex 20.02 65.18 3.24
    endloop
  endfacet
  facet normal -0.923884 0.382673 0
    outer loop
      vertex 25.7559 62.8041 3.24
      vertex 26.74 65.18 14.48
      vertex 26.74 65.18 3.24
    endloop
  endfacet
  facet normal -0.923884 0.382673 0
    outer loop
      vertex 26.74 65.18 14.48
      vertex 25.7559 62.8041 3.24
      vertex 25.7559 62.8041 14.48
    endloop
  endfacet
  facet normal 0.382673 0.923884 -0
    outer loop
      vertex 23.38 61.82 3.24
      vertex 21.0041 62.8041 14.48
      vertex 23.38 61.82 14.48
    endloop
  endfacet
  facet normal 0.382673 0.923884 0
    outer loop
      vertex 21.0041 62.8041 14.48
      vertex 23.38 61.82 3.24
      vertex 21.0041 62.8041 3.24
    endloop
  endfacet
  facet normal 0.923884 0.382673 0
    outer loop
      vertex 21.0041 62.8041 14.48
      vertex 20.02 65.18 3.24
      vertex 20.02 65.18 14.48
    endloop
  endfacet
  facet normal 0.923884 0.382673 0
    outer loop
      vertex 20.02 65.18 3.24
      vertex 21.0041 62.8041 14.48
      vertex 21.0041 62.8041 3.24
    endloop
  endfacet
  facet normal -0.923884 -0.382673 0
    outer loop
      vertex 26.74 56.18 3.24
      vertex 25.7559 58.5559 14.48
      vertex 25.7559 58.5559 3.24
    endloop
  endfacet
  facet normal -0.923884 -0.382673 0
    outer loop
      vertex 25.7559 58.5559 14.48
      vertex 26.74 56.18 3.24
      vertex 26.74 56.18 14.48
    endloop
  endfacet
  facet normal 0.923884 -0.382673 0
    outer loop
      vertex 20.02 56.18 14.48
      vertex 21.0041 58.5559 3.24
      vertex 21.0041 58.5559 14.48
    endloop
  endfacet
  facet normal 0.923884 -0.382673 0
    outer loop
      vertex 21.0041 58.5559 3.24
      vertex 20.02 56.18 14.48
      vertex 20.02 56.18 3.24
    endloop
  endfacet
  facet normal -0.382673 -0.923884 0
    outer loop
      vertex 23.38 59.54 3.24
      vertex 25.7559 58.5559 14.48
      vertex 23.38 59.54 14.48
    endloop
  endfacet
  facet normal -0.382673 -0.923884 -0
    outer loop
      vertex 25.7559 58.5559 14.48
      vertex 23.38 59.54 3.24
      vertex 25.7559 58.5559 3.24
    endloop
  endfacet
  facet normal -0.382673 0.923884 0
    outer loop
      vertex 25.7559 53.8041 3.24
      vertex 23.38 52.82 14.48
      vertex 25.7559 53.8041 14.48
    endloop
  endfacet
  facet normal -0.382673 0.923884 0
    outer loop
      vertex 23.38 52.82 14.48
      vertex 25.7559 53.8041 3.24
      vertex 23.38 52.82 3.24
    endloop
  endfacet
  facet normal 0.382673 -0.923884 0
    outer loop
      vertex 21.0041 58.5559 3.24
      vertex 23.38 59.54 14.48
      vertex 21.0041 58.5559 14.48
    endloop
  endfacet
  facet normal 0.382673 -0.923884 0
    outer loop
      vertex 23.38 59.54 14.48
      vertex 21.0041 58.5559 3.24
      vertex 23.38 59.54 3.24
    endloop
  endfacet
  facet normal -0.923884 0.382673 0
    outer loop
      vertex 25.7559 53.8041 3.24
      vertex 26.74 56.18 14.48
      vertex 26.74 56.18 3.24
    endloop
  endfacet
  facet normal -0.923884 0.382673 0
    outer loop
      vertex 26.74 56.18 14.48
      vertex 25.7559 53.8041 3.24
      vertex 25.7559 53.8041 14.48
    endloop
  endfacet
  facet normal 0 0 1
    outer loop
      vertex 25.7559 58.5559 3.24
      vertex 25.7559 53.8041 3.24
      vertex 26.74 56.18 3.24
    endloop
  endfacet
  facet normal 0 0 1
    outer loop
      vertex 23.38 59.54 3.24
      vertex 25.7559 53.8041 3.24
      vertex 25.7559 58.5559 3.24
    endloop
  endfacet
  facet normal 0 0 1
    outer loop
      vertex 23.38 59.54 3.24
      vertex 23.38 52.82 3.24
      vertex 25.7559 53.8041 3.24
    endloop
  endfacet
  facet normal -0 0 1
    outer loop
      vertex 21.0041 58.5559 3.24
      vertex 23.38 52.82 3.24
      vertex 23.38 59.54 3.24
    endloop
  endfacet
  facet normal 0 0 1
    outer loop
      vertex 21.0041 58.5559 3.24
      vertex 21.0041 53.8041 3.24
      vertex 23.38 52.82 3.24
    endloop
  endfacet
  facet normal 0 -0 1
    outer loop
      vertex 21.0041 53.8041 3.24
      vertex 21.0041 58.5559 3.24
      vertex 20.02 56.18 3.24
    endloop
  endfacet
  facet normal 0.382673 0.923884 -0
    outer loop
      vertex 23.38 52.82 3.24
      vertex 21.0041 53.8041 14.48
      vertex 23.38 52.82 14.48
    endloop
  endfacet
  facet normal 0.382673 0.923884 0
    outer loop
      vertex 21.0041 53.8041 14.48
      vertex 23.38 52.82 3.24
      vertex 21.0041 53.8041 3.24
    endloop
  endfacet
  facet normal 0.923884 0.382673 0
    outer loop
      vertex 21.0041 53.8041 14.48
      vertex 20.02 56.18 3.24
      vertex 20.02 56.18 14.48
    endloop
  endfacet
  facet normal 0.923884 0.382673 0
    outer loop
      vertex 20.02 56.18 3.24
      vertex 21.0041 53.8041 14.48
      vertex 21.0041 53.8041 3.24
    endloop
  endfacet
  facet normal -0.923884 -0.382673 0
    outer loop
      vertex 26.74 47.18 3.24
      vertex 25.7559 49.5559 14.48
      vertex 25.7559 49.5559 3.24
    endloop
  endfacet
  facet normal -0.923884 -0.382673 0
    outer loop
      vertex 25.7559 49.5559 14.48
      vertex 26.74 47.18 3.24
      vertex 26.74 47.18 14.48
    endloop
  endfacet
  facet normal 0.923884 -0.382673 0
    outer loop
      vertex 20.02 47.18 14.48
      vertex 21.0041 49.5559 3.24
      vertex 21.0041 49.5559 14.48
    endloop
  endfacet
  facet normal 0.923884 -0.382673 0
    outer loop
      vertex 21.0041 49.5559 3.24
      vertex 20.02 47.18 14.48
      vertex 20.02 47.18 3.24
    endloop
  endfacet
  facet normal -0.382673 -0.923884 0
    outer loop
      vertex 23.38 50.54 3.24
      vertex 25.7559 49.5559 14.48
      vertex 23.38 50.54 14.48
    endloop
  endfacet
  facet normal -0.382673 -0.923884 -0
    outer loop
      vertex 25.7559 49.5559 14.48
      vertex 23.38 50.54 3.24
      vertex 25.7559 49.5559 3.24
    endloop
  endfacet
  facet normal -0.382673 0.923884 0
    outer loop
      vertex 25.7559 44.8041 3.24
      vertex 23.38 43.82 14.48
      vertex 25.7559 44.8041 14.48
    endloop
  endfacet
  facet normal -0.382673 0.923884 0
    outer loop
      vertex 23.38 43.82 14.48
      vertex 25.7559 44.8041 3.24
      vertex 23.38 43.82 3.24
    endloop
  endfacet
  facet normal 0.382673 -0.923884 0
    outer loop
      vertex 21.0041 49.5559 3.24
      vertex 23.38 50.54 14.48
      vertex 21.0041 49.5559 14.48
    endloop
  endfacet
  facet normal 0.382673 -0.923884 0
    outer loop
      vertex 23.38 50.54 14.48
      vertex 21.0041 49.5559 3.24
      vertex 23.38 50.54 3.24
    endloop
  endfacet
  facet normal 0.923884 0.382673 0
    outer loop
      vertex 21.0041 44.8041 14.48
      vertex 20.02 47.18 3.24
      vertex 20.02 47.18 14.48
    endloop
  endfacet
  facet normal 0.923884 0.382673 0
    outer loop
      vertex 20.02 47.18 3.24
      vertex 21.0041 44.8041 14.48
      vertex 21.0041 44.8041 3.24
    endloop
  endfacet
  facet normal 0 0 1
    outer loop
      vertex 25.7559 49.5559 3.24
      vertex 25.7559 44.8041 3.24
      vertex 26.74 47.18 3.24
    endloop
  endfacet
  facet normal 0 0 1
    outer loop
      vertex 23.38 50.54 3.24
      vertex 25.7559 44.8041 3.24
      vertex 25.7559 49.5559 3.24
    endloop
  endfacet
  facet normal 0 0 1
    outer loop
      vertex 23.38 50.54 3.24
      vertex 23.38 43.82 3.24
      vertex 25.7559 44.8041 3.24
    endloop
  endfacet
  facet normal -0 0 1
    outer loop
      vertex 21.0041 49.5559 3.24
      vertex 23.38 43.82 3.24
      vertex 23.38 50.54 3.24
    endloop
  endfacet
  facet normal 0 0 1
    outer loop
      vertex 21.0041 49.5559 3.24
      vertex 21.0041 44.8041 3.24
      vertex 23.38 43.82 3.24
    endloop
  endfacet
  facet normal 0 -0 1
    outer loop
      vertex 21.0041 44.8041 3.24
      vertex 21.0041 49.5559 3.24
      vertex 20.02 47.18 3.24
    endloop
  endfacet
  facet normal -0.923884 0.382673 0
    outer loop
      vertex 25.7559 44.8041 3.24
      vertex 26.74 47.18 14.48
      vertex 26.74 47.18 3.24
    endloop
  endfacet
  facet normal -0.923884 0.382673 0
    outer loop
      vertex 26.74 47.18 14.48
      vertex 25.7559 44.8041 3.24
      vertex 25.7559 44.8041 14.48
    endloop
  endfacet
  facet normal 0.382673 0.923884 -0
    outer loop
      vertex 23.38 43.82 3.24
      vertex 21.0041 44.8041 14.48
      vertex 23.38 43.82 14.48
    endloop
  endfacet
  facet normal 0.382673 0.923884 0
    outer loop
      vertex 21.0041 44.8041 14.48
      vertex 23.38 43.82 3.24
      vertex 21.0041 44.8041 3.24
    endloop
  endfacet
  facet normal -0.923884 -0.382673 0
    outer loop
      vertex 26.74 38.18 3.24
      vertex 25.7559 40.5559 14.48
      vertex 25.7559 40.5559 3.24
    endloop
  endfacet
  facet normal -0.923884 -0.382673 0
    outer loop
      vertex 25.7559 40.5559 14.48
      vertex 26.74 38.18 3.24
      vertex 26.74 38.18 14.48
    endloop
  endfacet
  facet normal 0.923884 -0.382673 0
    outer loop
      vertex 20.02 38.18 14.48
      vertex 21.0041 40.5559 3.24
      vertex 21.0041 40.5559 14.48
    endloop
  endfacet
  facet normal 0.923884 -0.382673 0
    outer loop
      vertex 21.0041 40.5559 3.24
      vertex 20.02 38.18 14.48
      vertex 20.02 38.18 3.24
    endloop
  endfacet
  facet normal -0.382673 -0.923884 0
    outer loop
      vertex 23.38 41.54 3.24
      vertex 25.7559 40.5559 14.48
      vertex 23.38 41.54 14.48
    endloop
  endfacet
  facet normal -0.382673 -0.923884 -0
    outer loop
      vertex 25.7559 40.5559 14.48
      vertex 23.38 41.54 3.24
      vertex 25.7559 40.5559 3.24
    endloop
  endfacet
  facet normal -0.382673 0.923884 0
    outer loop
      vertex 25.7559 35.8041 3.24
      vertex 23.38 34.82 14.48
      vertex 25.7559 35.8041 14.48
    endloop
  endfacet
  facet normal -0.382673 0.923884 0
    outer loop
      vertex 23.38 34.82 14.48
      vertex 25.7559 35.8041 3.24
      vertex 23.38 34.82 3.24
    endloop
  endfacet
  facet normal 0.382673 -0.923884 0
    outer loop
      vertex 21.0041 40.5559 3.24
      vertex 23.38 41.54 14.48
      vertex 21.0041 40.5559 14.48
    endloop
  endfacet
  facet normal 0.382673 -0.923884 0
    outer loop
      vertex 23.38 41.54 14.48
      vertex 21.0041 40.5559 3.24
      vertex 23.38 41.54 3.24
    endloop
  endfacet
  facet normal -0.923884 0.382673 0
    outer loop
      vertex 25.7559 35.8041 3.24
      vertex 26.74 38.18 14.48
      vertex 26.74 38.18 3.24
    endloop
  endfacet
  facet normal -0.923884 0.382673 0
    outer loop
      vertex 26.74 38.18 14.48
      vertex 25.7559 35.8041 3.24
      vertex 25.7559 35.8041 14.48
    endloop
  endfacet
  facet normal 0.923884 0.382673 0
    outer loop
      vertex 21.0041 35.8041 14.48
      vertex 20.02 38.18 3.24
      vertex 20.02 38.18 14.48
    endloop
  endfacet
  facet normal 0.923884 0.382673 0
    outer loop
      vertex 20.02 38.18 3.24
      vertex 21.0041 35.8041 14.48
      vertex 21.0041 35.8041 3.24
    endloop
  endfacet
  facet normal 0 0 1
    outer loop
      vertex 25.7559 40.5559 3.24
      vertex 25.7559 35.8041 3.24
      vertex 26.74 38.18 3.24
    endloop
  endfacet
  facet normal 0 0 1
    outer loop
      vertex 23.38 41.54 3.24
      vertex 25.7559 35.8041 3.24
      vertex 25.7559 40.5559 3.24
    endloop
  endfacet
  facet normal 0 0 1
    outer loop
      vertex 23.38 41.54 3.24
      vertex 23.38 34.82 3.24
      vertex 25.7559 35.8041 3.24
    endloop
  endfacet
  facet normal -0 0 1
    outer loop
      vertex 21.0041 40.5559 3.24
      vertex 23.38 34.82 3.24
      vertex 23.38 41.54 3.24
    endloop
  endfacet
  facet normal 0 0 1
    outer loop
      vertex 21.0041 40.5559 3.24
      vertex 21.0041 35.8041 3.24
      vertex 23.38 34.82 3.24
    endloop
  endfacet
  facet normal 0 -0 1
    outer loop
      vertex 21.0041 35.8041 3.24
      vertex 21.0041 40.5559 3.24
      vertex 20.02 38.18 3.24
    endloop
  endfacet
  facet normal 0.382673 0.923884 -0
    outer loop
      vertex 23.38 34.82 3.24
      vertex 21.0041 35.8041 14.48
      vertex 23.38 34.82 14.48
    endloop
  endfacet
  facet normal 0.382673 0.923884 0
    outer loop
      vertex 21.0041 35.8041 14.48
      vertex 23.38 34.82 3.24
      vertex 21.0041 35.8041 3.24
    endloop
  endfacet
  facet normal -0.923884 -0.382673 0
    outer loop
      vertex 26.74 29.18 3.24
      vertex 25.7559 31.5559 14.48
      vertex 25.7559 31.5559 3.24
    endloop
  endfacet
  facet normal -0.923884 -0.382673 0
    outer loop
      vertex 25.7559 31.5559 14.48
      vertex 26.74 29.18 3.24
      vertex 26.74 29.18 14.48
    endloop
  endfacet
  facet normal 0.923884 -0.382673 0
    outer loop
      vertex 20.02 29.18 14.48
      vertex 21.0041 31.5559 3.24
      vertex 21.0041 31.5559 14.48
    endloop
  endfacet
  facet normal 0.923884 -0.382673 0
    outer loop
      vertex 21.0041 31.5559 3.24
      vertex 20.02 29.18 14.48
      vertex 20.02 29.18 3.24
    endloop
  endfacet
  facet normal -0.382673 -0.923884 0
    outer loop
      vertex 23.38 32.54 3.24
      vertex 25.7559 31.5559 14.48
      vertex 23.38 32.54 14.48
    endloop
  endfacet
  facet normal -0.382673 -0.923884 -0
    outer loop
      vertex 25.7559 31.5559 14.48
      vertex 23.38 32.54 3.24
      vertex 25.7559 31.5559 3.24
    endloop
  endfacet
  facet normal -0.382673 0.923884 0
    outer loop
      vertex 25.7559 26.8041 3.24
      vertex 23.38 25.82 14.48
      vertex 25.7559 26.8041 14.48
    endloop
  endfacet
  facet normal -0.382673 0.923884 0
    outer loop
      vertex 23.38 25.82 14.48
      vertex 25.7559 26.8041 3.24
      vertex 23.38 25.82 3.24
    endloop
  endfacet
  facet normal 0.382673 -0.923884 0
    outer loop
      vertex 21.0041 31.5559 3.24
      vertex 23.38 32.54 14.48
      vertex 21.0041 31.5559 14.48
    endloop
  endfacet
  facet normal 0.382673 -0.923884 0
    outer loop
      vertex 23.38 32.54 14.48
      vertex 21.0041 31.5559 3.24
      vertex 23.38 32.54 3.24
    endloop
  endfacet
  facet normal -0.923884 0.382673 0
    outer loop
      vertex 25.7559 26.8041 3.24
      vertex 26.74 29.18 14.48
      vertex 26.74 29.18 3.24
    endloop
  endfacet
  facet normal -0.923884 0.382673 0
    outer loop
      vertex 26.74 29.18 14.48
      vertex 25.7559 26.8041 3.24
      vertex 25.7559 26.8041 14.48
    endloop
  endfacet
  facet normal 0 0 1
    outer loop
      vertex 25.7559 31.5559 3.24
      vertex 25.7559 26.8041 3.24
      vertex 26.74 29.18 3.24
    endloop
  endfacet
  facet normal 0 0 1
    outer loop
      vertex 23.38 32.54 3.24
      vertex 25.7559 26.8041 3.24
      vertex 25.7559 31.5559 3.24
    endloop
  endfacet
  facet normal 0 0 1
    outer loop
      vertex 23.38 32.54 3.24
      vertex 23.38 25.82 3.24
      vertex 25.7559 26.8041 3.24
    endloop
  endfacet
  facet normal -0 0 1
    outer loop
      vertex 21.0041 31.5559 3.24
      vertex 23.38 25.82 3.24
      vertex 23.38 32.54 3.24
    endloop
  endfacet
  facet normal 0 0 1
    outer loop
      vertex 21.0041 31.5559 3.24
      vertex 21.0041 26.8041 3.24
      vertex 23.38 25.82 3.24
    endloop
  endfacet
  facet normal 0 -0 1
    outer loop
      vertex 21.0041 26.8041 3.24
      vertex 21.0041 31.5559 3.24
      vertex 20.02 29.18 3.24
    endloop
  endfacet
  facet normal 0.382673 0.923884 -0
    outer loop
      vertex 23.38 25.82 3.24
      vertex 21.0041 26.8041 14.48
      vertex 23.38 25.82 14.48
    endloop
  endfacet
  facet normal 0.382673 0.923884 0
    outer loop
      vertex 21.0041 26.8041 14.48
      vertex 23.38 25.82 3.24
      vertex 21.0041 26.8041 3.24
    endloop
  endfacet
  facet normal 0.923884 0.382673 0
    outer loop
      vertex 21.0041 26.8041 14.48
      vertex 20.02 29.18 3.24
      vertex 20.02 29.18 14.48
    endloop
  endfacet
  facet normal 0.923884 0.382673 0
    outer loop
      vertex 20.02 29.18 3.24
      vertex 21.0041 26.8041 14.48
      vertex 21.0041 26.8041 3.24
    endloop
  endfacet
  facet normal -0.923884 -0.382673 0
    outer loop
      vertex 26.74 20.18 3.24
      vertex 25.7559 22.5559 14.48
      vertex 25.7559 22.5559 3.24
    endloop
  endfacet
  facet normal -0.923884 -0.382673 0
    outer loop
      vertex 25.7559 22.5559 14.48
      vertex 26.74 20.18 3.24
      vertex 26.74 20.18 14.48
    endloop
  endfacet
  facet normal 0.923884 -0.382673 0
    outer loop
      vertex 20.02 20.18 14.48
      vertex 21.0041 22.5559 3.24
      vertex 21.0041 22.5559 14.48
    endloop
  endfacet
  facet normal 0.923884 -0.382673 0
    outer loop
      vertex 21.0041 22.5559 3.24
      vertex 20.02 20.18 14.48
      vertex 20.02 20.18 3.24
    endloop
  endfacet
  facet normal -0.382673 -0.923884 0
    outer loop
      vertex 23.38 23.54 3.24
      vertex 25.7559 22.5559 14.48
      vertex 23.38 23.54 14.48
    endloop
  endfacet
  facet normal -0.382673 -0.923884 -0
    outer loop
      vertex 25.7559 22.5559 14.48
      vertex 23.38 23.54 3.24
      vertex 25.7559 22.5559 3.24
    endloop
  endfacet
  facet normal -0.382673 0.923884 0
    outer loop
      vertex 25.7559 17.8041 3.24
      vertex 23.38 16.82 14.48
      vertex 25.7559 17.8041 14.48
    endloop
  endfacet
  facet normal -0.382673 0.923884 0
    outer loop
      vertex 23.38 16.82 14.48
      vertex 25.7559 17.8041 3.24
      vertex 23.38 16.82 3.24
    endloop
  endfacet
  facet normal 0.382673 -0.923884 0
    outer loop
      vertex 21.0041 22.5559 3.24
      vertex 23.38 23.54 14.48
      vertex 21.0041 22.5559 14.48
    endloop
  endfacet
  facet normal 0.382673 -0.923884 0
    outer loop
      vertex 23.38 23.54 14.48
      vertex 21.0041 22.5559 3.24
      vertex 23.38 23.54 3.24
    endloop
  endfacet
  facet normal -0.923884 0.382673 0
    outer loop
      vertex 25.7559 17.8041 3.24
      vertex 26.74 20.18 14.48
      vertex 26.74 20.18 3.24
    endloop
  endfacet
  facet normal -0.923884 0.382673 0
    outer loop
      vertex 26.74 20.18 14.48
      vertex 25.7559 17.8041 3.24
      vertex 25.7559 17.8041 14.48
    endloop
  endfacet
  facet normal 0 0 1
    outer loop
      vertex 25.7559 22.5559 3.24
      vertex 25.7559 17.8041 3.24
      vertex 26.74 20.18 3.24
    endloop
  endfacet
  facet normal 0 0 1
    outer loop
      vertex 23.38 23.54 3.24
      vertex 25.7559 17.8041 3.24
      vertex 25.7559 22.5559 3.24
    endloop
  endfacet
  facet normal 0 0 1
    outer loop
      vertex 23.38 23.54 3.24
      vertex 23.38 16.82 3.24
      vertex 25.7559 17.8041 3.24
    endloop
  endfacet
  facet normal -0 0 1
    outer loop
      vertex 21.0041 22.5559 3.24
      vertex 23.38 16.82 3.24
      vertex 23.38 23.54 3.24
    endloop
  endfacet
  facet normal 0 0 1
    outer loop
      vertex 21.0041 22.5559 3.24
      vertex 21.0041 17.8041 3.24
      vertex 23.38 16.82 3.24
    endloop
  endfacet
  facet normal 0 -0 1
    outer loop
      vertex 21.0041 17.8041 3.24
      vertex 21.0041 22.5559 3.24
      vertex 20.02 20.18 3.24
    endloop
  endfacet
  facet normal 0.382673 0.923884 -0
    outer loop
      vertex 23.38 16.82 3.24
      vertex 21.0041 17.8041 14.48
      vertex 23.38 16.82 14.48
    endloop
  endfacet
  facet normal 0.382673 0.923884 0
    outer loop
      vertex 21.0041 17.8041 14.48
      vertex 23.38 16.82 3.24
      vertex 21.0041 17.8041 3.24
    endloop
  endfacet
  facet normal 0.923884 0.382673 0
    outer loop
      vertex 21.0041 17.8041 14.48
      vertex 20.02 20.18 3.24
      vertex 20.02 20.18 14.48
    endloop
  endfacet
  facet normal 0.923884 0.382673 0
    outer loop
      vertex 20.02 20.18 3.24
      vertex 21.0041 17.8041 14.48
      vertex 21.0041 17.8041 3.24
    endloop
  endfacet
  facet normal -0.923884 -0.382673 0
    outer loop
      vertex 26.74 11.18 3.24
      vertex 25.7559 13.5559 14.48
      vertex 25.7559 13.5559 3.24
    endloop
  endfacet
  facet normal -0.923884 -0.382673 0
    outer loop
      vertex 25.7559 13.5559 14.48
      vertex 26.74 11.18 3.24
      vertex 26.74 11.18 14.48
    endloop
  endfacet
  facet normal 0.923884 -0.382673 0
    outer loop
      vertex 20.02 11.18 14.48
      vertex 21.0041 13.5559 3.24
      vertex 21.0041 13.5559 14.48
    endloop
  endfacet
  facet normal 0.923884 -0.382673 0
    outer loop
      vertex 21.0041 13.5559 3.24
      vertex 20.02 11.18 14.48
      vertex 20.02 11.18 3.24
    endloop
  endfacet
  facet normal -0.382673 -0.923884 0
    outer loop
      vertex 23.38 14.54 3.24
      vertex 25.7559 13.5559 14.48
      vertex 23.38 14.54 14.48
    endloop
  endfacet
  facet normal -0.382673 -0.923884 -0
    outer loop
      vertex 25.7559 13.5559 14.48
      vertex 23.38 14.54 3.24
      vertex 25.7559 13.5559 3.24
    endloop
  endfacet
  facet normal -0.38268 0.923881 0
    outer loop
      vertex 25.7559 8.80412 3.24
      vertex 23.38 7.82 14.48
      vertex 25.7559 8.80412 14.48
    endloop
  endfacet
  facet normal -0.38268 0.923881 0
    outer loop
      vertex 23.38 7.82 14.48
      vertex 25.7559 8.80412 3.24
      vertex 23.38 7.82 3.24
    endloop
  endfacet
  facet normal 0.382673 -0.923884 0
    outer loop
      vertex 21.0041 13.5559 3.24
      vertex 23.38 14.54 14.48
      vertex 21.0041 13.5559 14.48
    endloop
  endfacet
  facet normal 0.382673 -0.923884 0
    outer loop
      vertex 23.38 14.54 14.48
      vertex 21.0041 13.5559 3.24
      vertex 23.38 14.54 3.24
    endloop
  endfacet
  facet normal 0.923883 0.382676 0
    outer loop
      vertex 21.0041 8.80412 14.48
      vertex 20.02 11.18 3.24
      vertex 20.02 11.18 14.48
    endloop
  endfacet
  facet normal 0.923883 0.382676 0
    outer loop
      vertex 20.02 11.18 3.24
      vertex 21.0041 8.80412 14.48
      vertex 21.0041 8.80412 3.24
    endloop
  endfacet
  facet normal 0 0 1
    outer loop
      vertex 25.7559 13.5559 3.24
      vertex 25.7559 8.80412 3.24
      vertex 26.74 11.18 3.24
    endloop
  endfacet
  facet normal 0 0 1
    outer loop
      vertex 23.38 14.54 3.24
      vertex 25.7559 8.80412 3.24
      vertex 25.7559 13.5559 3.24
    endloop
  endfacet
  facet normal 0 0 1
    outer loop
      vertex 23.38 14.54 3.24
      vertex 23.38 7.82 3.24
      vertex 25.7559 8.80412 3.24
    endloop
  endfacet
  facet normal -0 0 1
    outer loop
      vertex 21.0041 13.5559 3.24
      vertex 23.38 7.82 3.24
      vertex 23.38 14.54 3.24
    endloop
  endfacet
  facet normal 0 0 1
    outer loop
      vertex 21.0041 13.5559 3.24
      vertex 21.0041 8.80412 3.24
      vertex 23.38 7.82 3.24
    endloop
  endfacet
  facet normal 0 -0 1
    outer loop
      vertex 21.0041 8.80412 3.24
      vertex 21.0041 13.5559 3.24
      vertex 20.02 11.18 3.24
    endloop
  endfacet
  facet normal -0.923883 0.382676 0
    outer loop
      vertex 25.7559 8.80412 3.24
      vertex 26.74 11.18 14.48
      vertex 26.74 11.18 3.24
    endloop
  endfacet
  facet normal -0.923883 0.382676 0
    outer loop
      vertex 26.74 11.18 14.48
      vertex 25.7559 8.80412 3.24
      vertex 25.7559 8.80412 14.48
    endloop
  endfacet
  facet normal 0.38268 0.923881 -0
    outer loop
      vertex 23.38 7.82 3.24
      vertex 21.0041 8.80412 14.48
      vertex 23.38 7.82 14.48
    endloop
  endfacet
  facet normal 0.38268 0.923881 0
    outer loop
      vertex 21.0041 8.80412 14.48
      vertex 23.38 7.82 3.24
      vertex 21.0041 8.80412 3.24
    endloop
  endfacet
  facet normal -0.923884 -0.382673 0
    outer loop
      vertex 35.74 74.18 3.24
      vertex 34.7559 76.5559 14.48
      vertex 34.7559 76.5559 3.24
    endloop
  endfacet
  facet normal -0.923884 -0.382673 0
    outer loop
      vertex 34.7559 76.5559 14.48
      vertex 35.74 74.18 3.24
      vertex 35.74 74.18 14.48
    endloop
  endfacet
  facet normal 0.923884 -0.382673 0
    outer loop
      vertex 29.02 74.18 14.48
      vertex 30.0041 76.5559 3.24
      vertex 30.0041 76.5559 14.48
    endloop
  endfacet
  facet normal 0.923884 -0.382673 0
    outer loop
      vertex 30.0041 76.5559 3.24
      vertex 29.02 74.18 14.48
      vertex 29.02 74.18 3.24
    endloop
  endfacet
  facet normal -0.382673 -0.923884 0
    outer loop
      vertex 32.38 77.54 3.24
      vertex 34.7559 76.5559 14.48
      vertex 32.38 77.54 14.48
    endloop
  endfacet
  facet normal -0.382673 -0.923884 -0
    outer loop
      vertex 34.7559 76.5559 14.48
      vertex 32.38 77.54 3.24
      vertex 34.7559 76.5559 3.24
    endloop
  endfacet
  facet normal -0.382673 0.923884 0
    outer loop
      vertex 34.7559 71.8041 3.24
      vertex 32.38 70.82 14.48
      vertex 34.7559 71.8041 14.48
    endloop
  endfacet
  facet normal -0.382673 0.923884 0
    outer loop
      vertex 32.38 70.82 14.48
      vertex 34.7559 71.8041 3.24
      vertex 32.38 70.82 3.24
    endloop
  endfacet
  facet normal 0.382673 -0.923884 0
    outer loop
      vertex 30.0041 76.5559 3.24
      vertex 32.38 77.54 14.48
      vertex 30.0041 76.5559 14.48
    endloop
  endfacet
  facet normal 0.382673 -0.923884 0
    outer loop
      vertex 32.38 77.54 14.48
      vertex 30.0041 76.5559 3.24
      vertex 32.38 77.54 3.24
    endloop
  endfacet
  facet normal -0.923884 0.382673 0
    outer loop
      vertex 34.7559 71.8041 3.24
      vertex 35.74 74.18 14.48
      vertex 35.74 74.18 3.24
    endloop
  endfacet
  facet normal -0.923884 0.382673 0
    outer loop
      vertex 35.74 74.18 14.48
      vertex 34.7559 71.8041 3.24
      vertex 34.7559 71.8041 14.48
    endloop
  endfacet
  facet normal 0 0 1
    outer loop
      vertex 34.7559 76.5559 3.24
      vertex 34.7559 71.8041 3.24
      vertex 35.74 74.18 3.24
    endloop
  endfacet
  facet normal 0 0 1
    outer loop
      vertex 32.38 77.54 3.24
      vertex 34.7559 71.8041 3.24
      vertex 34.7559 76.5559 3.24
    endloop
  endfacet
  facet normal 0 0 1
    outer loop
      vertex 32.38 77.54 3.24
      vertex 32.38 70.82 3.24
      vertex 34.7559 71.8041 3.24
    endloop
  endfacet
  facet normal -0 0 1
    outer loop
      vertex 30.0041 76.5559 3.24
      vertex 32.38 70.82 3.24
      vertex 32.38 77.54 3.24
    endloop
  endfacet
  facet normal 0 0 1
    outer loop
      vertex 30.0041 76.5559 3.24
      vertex 30.0041 71.8041 3.24
      vertex 32.38 70.82 3.24
    endloop
  endfacet
  facet normal 0 -0 1
    outer loop
      vertex 30.0041 71.8041 3.24
      vertex 30.0041 76.5559 3.24
      vertex 29.02 74.18 3.24
    endloop
  endfacet
  facet normal 0.382673 0.923884 -0
    outer loop
      vertex 32.38 70.82 3.24
      vertex 30.0041 71.8041 14.48
      vertex 32.38 70.82 14.48
    endloop
  endfacet
  facet normal 0.382673 0.923884 0
    outer loop
      vertex 30.0041 71.8041 14.48
      vertex 32.38 70.82 3.24
      vertex 30.0041 71.8041 3.24
    endloop
  endfacet
  facet normal 0.923884 0.382673 0
    outer loop
      vertex 30.0041 71.8041 14.48
      vertex 29.02 74.18 3.24
      vertex 29.02 74.18 14.48
    endloop
  endfacet
  facet normal 0.923884 0.382673 0
    outer loop
      vertex 29.02 74.18 3.24
      vertex 30.0041 71.8041 14.48
      vertex 30.0041 71.8041 3.24
    endloop
  endfacet
  facet normal -0.923884 -0.382673 0
    outer loop
      vertex 35.74 65.18 3.24
      vertex 34.7559 67.5559 14.48
      vertex 34.7559 67.5559 3.24
    endloop
  endfacet
  facet normal -0.923884 -0.382673 0
    outer loop
      vertex 34.7559 67.5559 14.48
      vertex 35.74 65.18 3.24
      vertex 35.74 65.18 14.48
    endloop
  endfacet
  facet normal 0.923884 -0.382673 0
    outer loop
      vertex 29.02 65.18 14.48
      vertex 30.0041 67.5559 3.24
      vertex 30.0041 67.5559 14.48
    endloop
  endfacet
  facet normal 0.923884 -0.382673 0
    outer loop
      vertex 30.0041 67.5559 3.24
      vertex 29.02 65.18 14.48
      vertex 29.02 65.18 3.24
    endloop
  endfacet
  facet normal -0.382673 -0.923884 0
    outer loop
      vertex 32.38 68.54 3.24
      vertex 34.7559 67.5559 14.48
      vertex 32.38 68.54 14.48
    endloop
  endfacet
  facet normal -0.382673 -0.923884 -0
    outer loop
      vertex 34.7559 67.5559 14.48
      vertex 32.38 68.54 3.24
      vertex 34.7559 67.5559 3.24
    endloop
  endfacet
  facet normal -0.382673 0.923884 0
    outer loop
      vertex 34.7559 62.8041 3.24
      vertex 32.38 61.82 14.48
      vertex 34.7559 62.8041 14.48
    endloop
  endfacet
  facet normal -0.382673 0.923884 0
    outer loop
      vertex 32.38 61.82 14.48
      vertex 34.7559 62.8041 3.24
      vertex 32.38 61.82 3.24
    endloop
  endfacet
  facet normal 0.382673 -0.923884 0
    outer loop
      vertex 30.0041 67.5559 3.24
      vertex 32.38 68.54 14.48
      vertex 30.0041 67.5559 14.48
    endloop
  endfacet
  facet normal 0.382673 -0.923884 0
    outer loop
      vertex 32.38 68.54 14.48
      vertex 30.0041 67.5559 3.24
      vertex 32.38 68.54 3.24
    endloop
  endfacet
  facet normal 0.923884 0.382673 0
    outer loop
      vertex 30.0041 62.8041 14.48
      vertex 29.02 65.18 3.24
      vertex 29.02 65.18 14.48
    endloop
  endfacet
  facet normal 0.923884 0.382673 0
    outer loop
      vertex 29.02 65.18 3.24
      vertex 30.0041 62.8041 14.48
      vertex 30.0041 62.8041 3.24
    endloop
  endfacet
  facet normal 0 0 1
    outer loop
      vertex 34.7559 67.5559 3.24
      vertex 34.7559 62.8041 3.24
      vertex 35.74 65.18 3.24
    endloop
  endfacet
  facet normal 0 0 1
    outer loop
      vertex 32.38 68.54 3.24
      vertex 34.7559 62.8041 3.24
      vertex 34.7559 67.5559 3.24
    endloop
  endfacet
  facet normal 0 0 1
    outer loop
      vertex 32.38 68.54 3.24
      vertex 32.38 61.82 3.24
      vertex 34.7559 62.8041 3.24
    endloop
  endfacet
  facet normal -0 0 1
    outer loop
      vertex 30.0041 67.5559 3.24
      vertex 32.38 61.82 3.24
      vertex 32.38 68.54 3.24
    endloop
  endfacet
  facet normal 0 0 1
    outer loop
      vertex 30.0041 67.5559 3.24
      vertex 30.0041 62.8041 3.24
      vertex 32.38 61.82 3.24
    endloop
  endfacet
  facet normal 0 -0 1
    outer loop
      vertex 30.0041 62.8041 3.24
      vertex 30.0041 67.5559 3.24
      vertex 29.02 65.18 3.24
    endloop
  endfacet
  facet normal -0.923884 0.382673 0
    outer loop
      vertex 34.7559 62.8041 3.24
      vertex 35.74 65.18 14.48
      vertex 35.74 65.18 3.24
    endloop
  endfacet
  facet normal -0.923884 0.382673 0
    outer loop
      vertex 35.74 65.18 14.48
      vertex 34.7559 62.8041 3.24
      vertex 34.7559 62.8041 14.48
    endloop
  endfacet
  facet normal 0.382673 0.923884 -0
    outer loop
      vertex 32.38 61.82 3.24
      vertex 30.0041 62.8041 14.48
      vertex 32.38 61.82 14.48
    endloop
  endfacet
  facet normal 0.382673 0.923884 0
    outer loop
      vertex 30.0041 62.8041 14.48
      vertex 32.38 61.82 3.24
      vertex 30.0041 62.8041 3.24
    endloop
  endfacet
  facet normal -0.923884 -0.382673 0
    outer loop
      vertex 35.74 56.18 3.24
      vertex 34.7559 58.5559 14.48
      vertex 34.7559 58.5559 3.24
    endloop
  endfacet
  facet normal -0.923884 -0.382673 0
    outer loop
      vertex 34.7559 58.5559 14.48
      vertex 35.74 56.18 3.24
      vertex 35.74 56.18 14.48
    endloop
  endfacet
  facet normal 0.923884 -0.382673 0
    outer loop
      vertex 29.02 56.18 14.48
      vertex 30.0041 58.5559 3.24
      vertex 30.0041 58.5559 14.48
    endloop
  endfacet
  facet normal 0.923884 -0.382673 0
    outer loop
      vertex 30.0041 58.5559 3.24
      vertex 29.02 56.18 14.48
      vertex 29.02 56.18 3.24
    endloop
  endfacet
  facet normal -0.382673 -0.923884 0
    outer loop
      vertex 32.38 59.54 3.24
      vertex 34.7559 58.5559 14.48
      vertex 32.38 59.54 14.48
    endloop
  endfacet
  facet normal -0.382673 -0.923884 -0
    outer loop
      vertex 34.7559 58.5559 14.48
      vertex 32.38 59.54 3.24
      vertex 34.7559 58.5559 3.24
    endloop
  endfacet
  facet normal -0.382673 0.923884 0
    outer loop
      vertex 34.7559 53.8041 3.24
      vertex 32.38 52.82 14.48
      vertex 34.7559 53.8041 14.48
    endloop
  endfacet
  facet normal -0.382673 0.923884 0
    outer loop
      vertex 32.38 52.82 14.48
      vertex 34.7559 53.8041 3.24
      vertex 32.38 52.82 3.24
    endloop
  endfacet
  facet normal 0.382673 -0.923884 0
    outer loop
      vertex 30.0041 58.5559 3.24
      vertex 32.38 59.54 14.48
      vertex 30.0041 58.5559 14.48
    endloop
  endfacet
  facet normal 0.382673 -0.923884 0
    outer loop
      vertex 32.38 59.54 14.48
      vertex 30.0041 58.5559 3.24
      vertex 32.38 59.54 3.24
    endloop
  endfacet
  facet normal -0.923884 0.382673 0
    outer loop
      vertex 34.7559 53.8041 3.24
      vertex 35.74 56.18 14.48
      vertex 35.74 56.18 3.24
    endloop
  endfacet
  facet normal -0.923884 0.382673 0
    outer loop
      vertex 35.74 56.18 14.48
      vertex 34.7559 53.8041 3.24
      vertex 34.7559 53.8041 14.48
    endloop
  endfacet
  facet normal 0 0 1
    outer loop
      vertex 34.7559 58.5559 3.24
      vertex 34.7559 53.8041 3.24
      vertex 35.74 56.18 3.24
    endloop
  endfacet
  facet normal 0 0 1
    outer loop
      vertex 32.38 59.54 3.24
      vertex 34.7559 53.8041 3.24
      vertex 34.7559 58.5559 3.24
    endloop
  endfacet
  facet normal 0 0 1
    outer loop
      vertex 32.38 59.54 3.24
      vertex 32.38 52.82 3.24
      vertex 34.7559 53.8041 3.24
    endloop
  endfacet
  facet normal -0 0 1
    outer loop
      vertex 30.0041 58.5559 3.24
      vertex 32.38 52.82 3.24
      vertex 32.38 59.54 3.24
    endloop
  endfacet
  facet normal 0 0 1
    outer loop
      vertex 30.0041 58.5559 3.24
      vertex 30.0041 53.8041 3.24
      vertex 32.38 52.82 3.24
    endloop
  endfacet
  facet normal 0 -0 1
    outer loop
      vertex 30.0041 53.8041 3.24
      vertex 30.0041 58.5559 3.24
      vertex 29.02 56.18 3.24
    endloop
  endfacet
  facet normal 0.382673 0.923884 -0
    outer loop
      vertex 32.38 52.82 3.24
      vertex 30.0041 53.8041 14.48
      vertex 32.38 52.82 14.48
    endloop
  endfacet
  facet normal 0.382673 0.923884 0
    outer loop
      vertex 30.0041 53.8041 14.48
      vertex 32.38 52.82 3.24
      vertex 30.0041 53.8041 3.24
    endloop
  endfacet
  facet normal 0.923884 0.382673 0
    outer loop
      vertex 30.0041 53.8041 14.48
      vertex 29.02 56.18 3.24
      vertex 29.02 56.18 14.48
    endloop
  endfacet
  facet normal 0.923884 0.382673 0
    outer loop
      vertex 29.02 56.18 3.24
      vertex 30.0041 53.8041 14.48
      vertex 30.0041 53.8041 3.24
    endloop
  endfacet
  facet normal -0.923884 -0.382673 0
    outer loop
      vertex 35.74 47.18 3.24
      vertex 34.7559 49.5559 14.48
      vertex 34.7559 49.5559 3.24
    endloop
  endfacet
  facet normal -0.923884 -0.382673 0
    outer loop
      vertex 34.7559 49.5559 14.48
      vertex 35.74 47.18 3.24
      vertex 35.74 47.18 14.48
    endloop
  endfacet
  facet normal 0.923884 -0.382673 0
    outer loop
      vertex 29.02 47.18 14.48
      vertex 30.0041 49.5559 3.24
      vertex 30.0041 49.5559 14.48
    endloop
  endfacet
  facet normal 0.923884 -0.382673 0
    outer loop
      vertex 30.0041 49.5559 3.24
      vertex 29.02 47.18 14.48
      vertex 29.02 47.18 3.24
    endloop
  endfacet
  facet normal -0.382673 -0.923884 0
    outer loop
      vertex 32.38 50.54 3.24
      vertex 34.7559 49.5559 14.48
      vertex 32.38 50.54 14.48
    endloop
  endfacet
  facet normal -0.382673 -0.923884 -0
    outer loop
      vertex 34.7559 49.5559 14.48
      vertex 32.38 50.54 3.24
      vertex 34.7559 49.5559 3.24
    endloop
  endfacet
  facet normal -0.382673 0.923884 0
    outer loop
      vertex 34.7559 44.8041 3.24
      vertex 32.38 43.82 14.48
      vertex 34.7559 44.8041 14.48
    endloop
  endfacet
  facet normal -0.382673 0.923884 0
    outer loop
      vertex 32.38 43.82 14.48
      vertex 34.7559 44.8041 3.24
      vertex 32.38 43.82 3.24
    endloop
  endfacet
  facet normal 0.382673 -0.923884 0
    outer loop
      vertex 30.0041 49.5559 3.24
      vertex 32.38 50.54 14.48
      vertex 30.0041 49.5559 14.48
    endloop
  endfacet
  facet normal 0.382673 -0.923884 0
    outer loop
      vertex 32.38 50.54 14.48
      vertex 30.0041 49.5559 3.24
      vertex 32.38 50.54 3.24
    endloop
  endfacet
  facet normal 0 0 1
    outer loop
      vertex 34.7559 49.5559 3.24
      vertex 34.7559 44.8041 3.24
      vertex 35.74 47.18 3.24
    endloop
  endfacet
  facet normal 0 0 1
    outer loop
      vertex 32.38 50.54 3.24
      vertex 34.7559 44.8041 3.24
      vertex 34.7559 49.5559 3.24
    endloop
  endfacet
  facet normal 0 0 1
    outer loop
      vertex 32.38 50.54 3.24
      vertex 32.38 43.82 3.24
      vertex 34.7559 44.8041 3.24
    endloop
  endfacet
  facet normal -0 0 1
    outer loop
      vertex 30.0041 49.5559 3.24
      vertex 32.38 43.82 3.24
      vertex 32.38 50.54 3.24
    endloop
  endfacet
  facet normal 0 0 1
    outer loop
      vertex 30.0041 49.5559 3.24
      vertex 30.0041 44.8041 3.24
      vertex 32.38 43.82 3.24
    endloop
  endfacet
  facet normal 0 -0 1
    outer loop
      vertex 30.0041 44.8041 3.24
      vertex 30.0041 49.5559 3.24
      vertex 29.02 47.18 3.24
    endloop
  endfacet
  facet normal -0.923884 0.382673 0
    outer loop
      vertex 34.7559 44.8041 3.24
      vertex 35.74 47.18 14.48
      vertex 35.74 47.18 3.24
    endloop
  endfacet
  facet normal -0.923884 0.382673 0
    outer loop
      vertex 35.74 47.18 14.48
      vertex 34.7559 44.8041 3.24
      vertex 34.7559 44.8041 14.48
    endloop
  endfacet
  facet normal 0.382673 0.923884 -0
    outer loop
      vertex 32.38 43.82 3.24
      vertex 30.0041 44.8041 14.48
      vertex 32.38 43.82 14.48
    endloop
  endfacet
  facet normal 0.382673 0.923884 0
    outer loop
      vertex 30.0041 44.8041 14.48
      vertex 32.38 43.82 3.24
      vertex 30.0041 44.8041 3.24
    endloop
  endfacet
  facet normal 0.923884 0.382673 0
    outer loop
      vertex 30.0041 44.8041 14.48
      vertex 29.02 47.18 3.24
      vertex 29.02 47.18 14.48
    endloop
  endfacet
  facet normal 0.923884 0.382673 0
    outer loop
      vertex 29.02 47.18 3.24
      vertex 30.0041 44.8041 14.48
      vertex 30.0041 44.8041 3.24
    endloop
  endfacet
  facet normal -0.923884 -0.382673 0
    outer loop
      vertex 35.74 38.18 3.24
      vertex 34.7559 40.5559 14.48
      vertex 34.7559 40.5559 3.24
    endloop
  endfacet
  facet normal -0.923884 -0.382673 0
    outer loop
      vertex 34.7559 40.5559 14.48
      vertex 35.74 38.18 3.24
      vertex 35.74 38.18 14.48
    endloop
  endfacet
  facet normal 0.923884 -0.382673 0
    outer loop
      vertex 29.02 38.18 14.48
      vertex 30.0041 40.5559 3.24
      vertex 30.0041 40.5559 14.48
    endloop
  endfacet
  facet normal 0.923884 -0.382673 0
    outer loop
      vertex 30.0041 40.5559 3.24
      vertex 29.02 38.18 14.48
      vertex 29.02 38.18 3.24
    endloop
  endfacet
  facet normal -0.382673 -0.923884 0
    outer loop
      vertex 32.38 41.54 3.24
      vertex 34.7559 40.5559 14.48
      vertex 32.38 41.54 14.48
    endloop
  endfacet
  facet normal -0.382673 -0.923884 -0
    outer loop
      vertex 34.7559 40.5559 14.48
      vertex 32.38 41.54 3.24
      vertex 34.7559 40.5559 3.24
    endloop
  endfacet
  facet normal -0.382673 0.923884 0
    outer loop
      vertex 34.7559 35.8041 3.24
      vertex 32.38 34.82 14.48
      vertex 34.7559 35.8041 14.48
    endloop
  endfacet
  facet normal -0.382673 0.923884 0
    outer loop
      vertex 32.38 34.82 14.48
      vertex 34.7559 35.8041 3.24
      vertex 32.38 34.82 3.24
    endloop
  endfacet
  facet normal 0.382673 -0.923884 0
    outer loop
      vertex 30.0041 40.5559 3.24
      vertex 32.38 41.54 14.48
      vertex 30.0041 40.5559 14.48
    endloop
  endfacet
  facet normal 0.382673 -0.923884 0
    outer loop
      vertex 32.38 41.54 14.48
      vertex 30.0041 40.5559 3.24
      vertex 32.38 41.54 3.24
    endloop
  endfacet
  facet normal -0.923884 0.382673 0
    outer loop
      vertex 34.7559 35.8041 3.24
      vertex 35.74 38.18 14.48
      vertex 35.74 38.18 3.24
    endloop
  endfacet
  facet normal -0.923884 0.382673 0
    outer loop
      vertex 35.74 38.18 14.48
      vertex 34.7559 35.8041 3.24
      vertex 34.7559 35.8041 14.48
    endloop
  endfacet
  facet normal 0.923884 0.382673 0
    outer loop
      vertex 30.0041 35.8041 14.48
      vertex 29.02 38.18 3.24
      vertex 29.02 38.18 14.48
    endloop
  endfacet
  facet normal 0.923884 0.382673 0
    outer loop
      vertex 29.02 38.18 3.24
      vertex 30.0041 35.8041 14.48
      vertex 30.0041 35.8041 3.24
    endloop
  endfacet
  facet normal 0 0 1
    outer loop
      vertex 34.7559 40.5559 3.24
      vertex 34.7559 35.8041 3.24
      vertex 35.74 38.18 3.24
    endloop
  endfacet
  facet normal 0 0 1
    outer loop
      vertex 32.38 41.54 3.24
      vertex 34.7559 35.8041 3.24
      vertex 34.7559 40.5559 3.24
    endloop
  endfacet
  facet normal 0 0 1
    outer loop
      vertex 32.38 41.54 3.24
      vertex 32.38 34.82 3.24
      vertex 34.7559 35.8041 3.24
    endloop
  endfacet
  facet normal -0 0 1
    outer loop
      vertex 30.0041 40.5559 3.24
      vertex 32.38 34.82 3.24
      vertex 32.38 41.54 3.24
    endloop
  endfacet
  facet normal 0 0 1
    outer loop
      vertex 30.0041 40.5559 3.24
      vertex 30.0041 35.8041 3.24
      vertex 32.38 34.82 3.24
    endloop
  endfacet
  facet normal 0 -0 1
    outer loop
      vertex 30.0041 35.8041 3.24
      vertex 30.0041 40.5559 3.24
      vertex 29.02 38.18 3.24
    endloop
  endfacet
  facet normal 0.382673 0.923884 -0
    outer loop
      vertex 32.38 34.82 3.24
      vertex 30.0041 35.8041 14.48
      vertex 32.38 34.82 14.48
    endloop
  endfacet
  facet normal 0.382673 0.923884 0
    outer loop
      vertex 30.0041 35.8041 14.48
      vertex 32.38 34.82 3.24
      vertex 30.0041 35.8041 3.24
    endloop
  endfacet
  facet normal -0.923884 -0.382673 0
    outer loop
      vertex 35.74 29.18 3.24
      vertex 34.7559 31.5559 14.48
      vertex 34.7559 31.5559 3.24
    endloop
  endfacet
  facet normal -0.923884 -0.382673 0
    outer loop
      vertex 34.7559 31.5559 14.48
      vertex 35.74 29.18 3.24
      vertex 35.74 29.18 14.48
    endloop
  endfacet
  facet normal 0.923884 -0.382673 0
    outer loop
      vertex 29.02 29.18 14.48
      vertex 30.0041 31.5559 3.24
      vertex 30.0041 31.5559 14.48
    endloop
  endfacet
  facet normal 0.923884 -0.382673 0
    outer loop
      vertex 30.0041 31.5559 3.24
      vertex 29.02 29.18 14.48
      vertex 29.02 29.18 3.24
    endloop
  endfacet
  facet normal -0.382673 -0.923884 0
    outer loop
      vertex 32.38 32.54 3.24
      vertex 34.7559 31.5559 14.48
      vertex 32.38 32.54 14.48
    endloop
  endfacet
  facet normal -0.382673 -0.923884 -0
    outer loop
      vertex 34.7559 31.5559 14.48
      vertex 32.38 32.54 3.24
      vertex 34.7559 31.5559 3.24
    endloop
  endfacet
  facet normal -0.382673 0.923884 0
    outer loop
      vertex 34.7559 26.8041 3.24
      vertex 32.38 25.82 14.48
      vertex 34.7559 26.8041 14.48
    endloop
  endfacet
  facet normal -0.382673 0.923884 0
    outer loop
      vertex 32.38 25.82 14.48
      vertex 34.7559 26.8041 3.24
      vertex 32.38 25.82 3.24
    endloop
  endfacet
  facet normal 0.382673 -0.923884 0
    outer loop
      vertex 30.0041 31.5559 3.24
      vertex 32.38 32.54 14.48
      vertex 30.0041 31.5559 14.48
    endloop
  endfacet
  facet normal 0.382673 -0.923884 0
    outer loop
      vertex 32.38 32.54 14.48
      vertex 30.0041 31.5559 3.24
      vertex 32.38 32.54 3.24
    endloop
  endfacet
  facet normal 0 0 1
    outer loop
      vertex 34.7559 31.5559 3.24
      vertex 34.7559 26.8041 3.24
      vertex 35.74 29.18 3.24
    endloop
  endfacet
  facet normal 0 0 1
    outer loop
      vertex 32.38 32.54 3.24
      vertex 34.7559 26.8041 3.24
      vertex 34.7559 31.5559 3.24
    endloop
  endfacet
  facet normal 0 0 1
    outer loop
      vertex 32.38 32.54 3.24
      vertex 32.38 25.82 3.24
      vertex 34.7559 26.8041 3.24
    endloop
  endfacet
  facet normal -0 0 1
    outer loop
      vertex 30.0041 31.5559 3.24
      vertex 32.38 25.82 3.24
      vertex 32.38 32.54 3.24
    endloop
  endfacet
  facet normal 0 0 1
    outer loop
      vertex 30.0041 31.5559 3.24
      vertex 30.0041 26.8041 3.24
      vertex 32.38 25.82 3.24
    endloop
  endfacet
  facet normal 0 -0 1
    outer loop
      vertex 30.0041 26.8041 3.24
      vertex 30.0041 31.5559 3.24
      vertex 29.02 29.18 3.24
    endloop
  endfacet
  facet normal -0.923884 0.382673 0
    outer loop
      vertex 34.7559 26.8041 3.24
      vertex 35.74 29.18 14.48
      vertex 35.74 29.18 3.24
    endloop
  endfacet
  facet normal -0.923884 0.382673 0
    outer loop
      vertex 35.74 29.18 14.48
      vertex 34.7559 26.8041 3.24
      vertex 34.7559 26.8041 14.48
    endloop
  endfacet
  facet normal 0.382673 0.923884 -0
    outer loop
      vertex 32.38 25.82 3.24
      vertex 30.0041 26.8041 14.48
      vertex 32.38 25.82 14.48
    endloop
  endfacet
  facet normal 0.382673 0.923884 0
    outer loop
      vertex 30.0041 26.8041 14.48
      vertex 32.38 25.82 3.24
      vertex 30.0041 26.8041 3.24
    endloop
  endfacet
  facet normal 0.923884 0.382673 0
    outer loop
      vertex 30.0041 26.8041 14.48
      vertex 29.02 29.18 3.24
      vertex 29.02 29.18 14.48
    endloop
  endfacet
  facet normal 0.923884 0.382673 0
    outer loop
      vertex 29.02 29.18 3.24
      vertex 30.0041 26.8041 14.48
      vertex 30.0041 26.8041 3.24
    endloop
  endfacet
  facet normal -0.923884 -0.382673 0
    outer loop
      vertex 35.74 20.18 3.24
      vertex 34.7559 22.5559 14.48
      vertex 34.7559 22.5559 3.24
    endloop
  endfacet
  facet normal -0.923884 -0.382673 0
    outer loop
      vertex 34.7559 22.5559 14.48
      vertex 35.74 20.18 3.24
      vertex 35.74 20.18 14.48
    endloop
  endfacet
  facet normal 0.923884 -0.382673 0
    outer loop
      vertex 29.02 20.18 14.48
      vertex 30.0041 22.5559 3.24
      vertex 30.0041 22.5559 14.48
    endloop
  endfacet
  facet normal 0.923884 -0.382673 0
    outer loop
      vertex 30.0041 22.5559 3.24
      vertex 29.02 20.18 14.48
      vertex 29.02 20.18 3.24
    endloop
  endfacet
  facet normal -0.382673 -0.923884 0
    outer loop
      vertex 32.38 23.54 3.24
      vertex 34.7559 22.5559 14.48
      vertex 32.38 23.54 14.48
    endloop
  endfacet
  facet normal -0.382673 -0.923884 -0
    outer loop
      vertex 34.7559 22.5559 14.48
      vertex 32.38 23.54 3.24
      vertex 34.7559 22.5559 3.24
    endloop
  endfacet
  facet normal -0.382673 0.923884 0
    outer loop
      vertex 34.7559 17.8041 3.24
      vertex 32.38 16.82 14.48
      vertex 34.7559 17.8041 14.48
    endloop
  endfacet
  facet normal -0.382673 0.923884 0
    outer loop
      vertex 32.38 16.82 14.48
      vertex 34.7559 17.8041 3.24
      vertex 32.38 16.82 3.24
    endloop
  endfacet
  facet normal 0.382673 -0.923884 0
    outer loop
      vertex 30.0041 22.5559 3.24
      vertex 32.38 23.54 14.48
      vertex 30.0041 22.5559 14.48
    endloop
  endfacet
  facet normal 0.382673 -0.923884 0
    outer loop
      vertex 32.38 23.54 14.48
      vertex 30.0041 22.5559 3.24
      vertex 32.38 23.54 3.24
    endloop
  endfacet
  facet normal -0.923884 0.382673 0
    outer loop
      vertex 34.7559 17.8041 3.24
      vertex 35.74 20.18 14.48
      vertex 35.74 20.18 3.24
    endloop
  endfacet
  facet normal -0.923884 0.382673 0
    outer loop
      vertex 35.74 20.18 14.48
      vertex 34.7559 17.8041 3.24
      vertex 34.7559 17.8041 14.48
    endloop
  endfacet
  facet normal 0 0 1
    outer loop
      vertex 34.7559 22.5559 3.24
      vertex 34.7559 17.8041 3.24
      vertex 35.74 20.18 3.24
    endloop
  endfacet
  facet normal 0 0 1
    outer loop
      vertex 32.38 23.54 3.24
      vertex 34.7559 17.8041 3.24
      vertex 34.7559 22.5559 3.24
    endloop
  endfacet
  facet normal 0 0 1
    outer loop
      vertex 32.38 23.54 3.24
      vertex 32.38 16.82 3.24
      vertex 34.7559 17.8041 3.24
    endloop
  endfacet
  facet normal -0 0 1
    outer loop
      vertex 30.0041 22.5559 3.24
      vertex 32.38 16.82 3.24
      vertex 32.38 23.54 3.24
    endloop
  endfacet
  facet normal 0 0 1
    outer loop
      vertex 30.0041 22.5559 3.24
      vertex 30.0041 17.8041 3.24
      vertex 32.38 16.82 3.24
    endloop
  endfacet
  facet normal 0 -0 1
    outer loop
      vertex 30.0041 17.8041 3.24
      vertex 30.0041 22.5559 3.24
      vertex 29.02 20.18 3.24
    endloop
  endfacet
  facet normal 0.382673 0.923884 -0
    outer loop
      vertex 32.38 16.82 3.24
      vertex 30.0041 17.8041 14.48
      vertex 32.38 16.82 14.48
    endloop
  endfacet
  facet normal 0.382673 0.923884 0
    outer loop
      vertex 30.0041 17.8041 14.48
      vertex 32.38 16.82 3.24
      vertex 30.0041 17.8041 3.24
    endloop
  endfacet
  facet normal 0.923884 0.382673 0
    outer loop
      vertex 30.0041 17.8041 14.48
      vertex 29.02 20.18 3.24
      vertex 29.02 20.18 14.48
    endloop
  endfacet
  facet normal 0.923884 0.382673 0
    outer loop
      vertex 29.02 20.18 3.24
      vertex 30.0041 17.8041 14.48
      vertex 30.0041 17.8041 3.24
    endloop
  endfacet
  facet normal -0.923884 -0.382673 0
    outer loop
      vertex 35.74 11.18 3.24
      vertex 34.7559 13.5559 14.48
      vertex 34.7559 13.5559 3.24
    endloop
  endfacet
  facet normal -0.923884 -0.382673 0
    outer loop
      vertex 34.7559 13.5559 14.48
      vertex 35.74 11.18 3.24
      vertex 35.74 11.18 14.48
    endloop
  endfacet
  facet normal 0.923884 -0.382673 0
    outer loop
      vertex 29.02 11.18 14.48
      vertex 30.0041 13.5559 3.24
      vertex 30.0041 13.5559 14.48
    endloop
  endfacet
  facet normal 0.923884 -0.382673 0
    outer loop
      vertex 30.0041 13.5559 3.24
      vertex 29.02 11.18 14.48
      vertex 29.02 11.18 3.24
    endloop
  endfacet
  facet normal -0.382673 -0.923884 0
    outer loop
      vertex 32.38 14.54 3.24
      vertex 34.7559 13.5559 14.48
      vertex 32.38 14.54 14.48
    endloop
  endfacet
  facet normal -0.382673 -0.923884 -0
    outer loop
      vertex 34.7559 13.5559 14.48
      vertex 32.38 14.54 3.24
      vertex 34.7559 13.5559 3.24
    endloop
  endfacet
  facet normal -0.38268 0.923881 0
    outer loop
      vertex 34.7559 8.80412 3.24
      vertex 32.38 7.82 14.48
      vertex 34.7559 8.80412 14.48
    endloop
  endfacet
  facet normal -0.38268 0.923881 0
    outer loop
      vertex 32.38 7.82 14.48
      vertex 34.7559 8.80412 3.24
      vertex 32.38 7.82 3.24
    endloop
  endfacet
  facet normal 0.382673 -0.923884 0
    outer loop
      vertex 30.0041 13.5559 3.24
      vertex 32.38 14.54 14.48
      vertex 30.0041 13.5559 14.48
    endloop
  endfacet
  facet normal 0.382673 -0.923884 0
    outer loop
      vertex 32.38 14.54 14.48
      vertex 30.0041 13.5559 3.24
      vertex 32.38 14.54 3.24
    endloop
  endfacet
  facet normal 0 0 1
    outer loop
      vertex 34.7559 13.5559 3.24
      vertex 34.7559 8.80412 3.24
      vertex 35.74 11.18 3.24
    endloop
  endfacet
  facet normal 0 0 1
    outer loop
      vertex 32.38 14.54 3.24
      vertex 34.7559 8.80412 3.24
      vertex 34.7559 13.5559 3.24
    endloop
  endfacet
  facet normal 0 0 1
    outer loop
      vertex 32.38 14.54 3.24
      vertex 32.38 7.82 3.24
      vertex 34.7559 8.80412 3.24
    endloop
  endfacet
  facet normal -0 0 1
    outer loop
      vertex 30.0041 13.5559 3.24
      vertex 32.38 7.82 3.24
      vertex 32.38 14.54 3.24
    endloop
  endfacet
  facet normal 0 0 1
    outer loop
      vertex 30.0041 13.5559 3.24
      vertex 30.0041 8.80412 3.24
      vertex 32.38 7.82 3.24
    endloop
  endfacet
  facet normal 0 -0 1
    outer loop
      vertex 30.0041 8.80412 3.24
      vertex 30.0041 13.5559 3.24
      vertex 29.02 11.18 3.24
    endloop
  endfacet
  facet normal -0.923883 0.382676 0
    outer loop
      vertex 34.7559 8.80412 3.24
      vertex 35.74 11.18 14.48
      vertex 35.74 11.18 3.24
    endloop
  endfacet
  facet normal -0.923883 0.382676 0
    outer loop
      vertex 35.74 11.18 14.48
      vertex 34.7559 8.80412 3.24
      vertex 34.7559 8.80412 14.48
    endloop
  endfacet
  facet normal 0.38268 0.923881 -0
    outer loop
      vertex 32.38 7.82 3.24
      vertex 30.0041 8.80412 14.48
      vertex 32.38 7.82 14.48
    endloop
  endfacet
  facet normal 0.38268 0.923881 0
    outer loop
      vertex 30.0041 8.80412 14.48
      vertex 32.38 7.82 3.24
      vertex 30.0041 8.80412 3.24
    endloop
  endfacet
  facet normal 0.923883 0.382676 0
    outer loop
      vertex 30.0041 8.80412 14.48
      vertex 29.02 11.18 3.24
      vertex 29.02 11.18 14.48
    endloop
  endfacet
  facet normal 0.923883 0.382676 0
    outer loop
      vertex 29.02 11.18 3.24
      vertex 30.0041 8.80412 14.48
      vertex 30.0041 8.80412 3.24
    endloop
  endfacet
  facet normal -0.923884 -0.382673 0
    outer loop
      vertex 44.74 74.18 3.24
      vertex 43.7559 76.5559 14.48
      vertex 43.7559 76.5559 3.24
    endloop
  endfacet
  facet normal -0.923884 -0.382673 0
    outer loop
      vertex 43.7559 76.5559 14.48
      vertex 44.74 74.18 3.24
      vertex 44.74 74.18 14.48
    endloop
  endfacet
  facet normal 0.923884 -0.382673 0
    outer loop
      vertex 38.02 74.18 14.48
      vertex 39.0041 76.5559 3.24
      vertex 39.0041 76.5559 14.48
    endloop
  endfacet
  facet normal 0.923884 -0.382673 0
    outer loop
      vertex 39.0041 76.5559 3.24
      vertex 38.02 74.18 14.48
      vertex 38.02 74.18 3.24
    endloop
  endfacet
  facet normal -0.382673 -0.923884 0
    outer loop
      vertex 41.38 77.54 3.24
      vertex 43.7559 76.5559 14.48
      vertex 41.38 77.54 14.48
    endloop
  endfacet
  facet normal -0.382673 -0.923884 -0
    outer loop
      vertex 43.7559 76.5559 14.48
      vertex 41.38 77.54 3.24
      vertex 43.7559 76.5559 3.24
    endloop
  endfacet
  facet normal -0.382673 0.923884 0
    outer loop
      vertex 43.7559 71.8041 3.24
      vertex 41.38 70.82 14.48
      vertex 43.7559 71.8041 14.48
    endloop
  endfacet
  facet normal -0.382673 0.923884 0
    outer loop
      vertex 41.38 70.82 14.48
      vertex 43.7559 71.8041 3.24
      vertex 41.38 70.82 3.24
    endloop
  endfacet
  facet normal 0.382673 -0.923884 0
    outer loop
      vertex 39.0041 76.5559 3.24
      vertex 41.38 77.54 14.48
      vertex 39.0041 76.5559 14.48
    endloop
  endfacet
  facet normal 0.382673 -0.923884 0
    outer loop
      vertex 41.38 77.54 14.48
      vertex 39.0041 76.5559 3.24
      vertex 41.38 77.54 3.24
    endloop
  endfacet
  facet normal -0.923884 0.382673 0
    outer loop
      vertex 43.7559 71.8041 3.24
      vertex 44.74 74.18 14.48
      vertex 44.74 74.18 3.24
    endloop
  endfacet
  facet normal -0.923884 0.382673 0
    outer loop
      vertex 44.74 74.18 14.48
      vertex 43.7559 71.8041 3.24
      vertex 43.7559 71.8041 14.48
    endloop
  endfacet
  facet normal 0.923884 0.382673 0
    outer loop
      vertex 39.0041 71.8041 14.48
      vertex 38.02 74.18 3.24
      vertex 38.02 74.18 14.48
    endloop
  endfacet
  facet normal 0.923884 0.382673 0
    outer loop
      vertex 38.02 74.18 3.24
      vertex 39.0041 71.8041 14.48
      vertex 39.0041 71.8041 3.24
    endloop
  endfacet
  facet normal 0 0 1
    outer loop
      vertex 43.7559 76.5559 3.24
      vertex 43.7559 71.8041 3.24
      vertex 44.74 74.18 3.24
    endloop
  endfacet
  facet normal 0 0 1
    outer loop
      vertex 41.38 77.54 3.24
      vertex 43.7559 71.8041 3.24
      vertex 43.7559 76.5559 3.24
    endloop
  endfacet
  facet normal 0 0 1
    outer loop
      vertex 41.38 77.54 3.24
      vertex 41.38 70.82 3.24
      vertex 43.7559 71.8041 3.24
    endloop
  endfacet
  facet normal -0 0 1
    outer loop
      vertex 39.0041 76.5559 3.24
      vertex 41.38 70.82 3.24
      vertex 41.38 77.54 3.24
    endloop
  endfacet
  facet normal 0 0 1
    outer loop
      vertex 39.0041 76.5559 3.24
      vertex 39.0041 71.8041 3.24
      vertex 41.38 70.82 3.24
    endloop
  endfacet
  facet normal 0 -0 1
    outer loop
      vertex 39.0041 71.8041 3.24
      vertex 39.0041 76.5559 3.24
      vertex 38.02 74.18 3.24
    endloop
  endfacet
  facet normal 0.382673 0.923884 -0
    outer loop
      vertex 41.38 70.82 3.24
      vertex 39.0041 71.8041 14.48
      vertex 41.38 70.82 14.48
    endloop
  endfacet
  facet normal 0.382673 0.923884 0
    outer loop
      vertex 39.0041 71.8041 14.48
      vertex 41.38 70.82 3.24
      vertex 39.0041 71.8041 3.24
    endloop
  endfacet
  facet normal -0.923884 -0.382673 0
    outer loop
      vertex 44.74 65.18 3.24
      vertex 43.7559 67.5559 14.48
      vertex 43.7559 67.5559 3.24
    endloop
  endfacet
  facet normal -0.923884 -0.382673 0
    outer loop
      vertex 43.7559 67.5559 14.48
      vertex 44.74 65.18 3.24
      vertex 44.74 65.18 14.48
    endloop
  endfacet
  facet normal 0.923884 -0.382673 0
    outer loop
      vertex 38.02 65.18 14.48
      vertex 39.0041 67.5559 3.24
      vertex 39.0041 67.5559 14.48
    endloop
  endfacet
  facet normal 0.923884 -0.382673 0
    outer loop
      vertex 39.0041 67.5559 3.24
      vertex 38.02 65.18 14.48
      vertex 38.02 65.18 3.24
    endloop
  endfacet
  facet normal -0.382673 -0.923884 0
    outer loop
      vertex 41.38 68.54 3.24
      vertex 43.7559 67.5559 14.48
      vertex 41.38 68.54 14.48
    endloop
  endfacet
  facet normal -0.382673 -0.923884 -0
    outer loop
      vertex 43.7559 67.5559 14.48
      vertex 41.38 68.54 3.24
      vertex 43.7559 67.5559 3.24
    endloop
  endfacet
  facet normal -0.382673 0.923884 0
    outer loop
      vertex 43.7559 62.8041 3.24
      vertex 41.38 61.82 14.48
      vertex 43.7559 62.8041 14.48
    endloop
  endfacet
  facet normal -0.382673 0.923884 0
    outer loop
      vertex 41.38 61.82 14.48
      vertex 43.7559 62.8041 3.24
      vertex 41.38 61.82 3.24
    endloop
  endfacet
  facet normal 0.382673 -0.923884 0
    outer loop
      vertex 39.0041 67.5559 3.24
      vertex 41.38 68.54 14.48
      vertex 39.0041 67.5559 14.48
    endloop
  endfacet
  facet normal 0.382673 -0.923884 0
    outer loop
      vertex 41.38 68.54 14.48
      vertex 39.0041 67.5559 3.24
      vertex 41.38 68.54 3.24
    endloop
  endfacet
  facet normal -0.923884 0.382673 0
    outer loop
      vertex 43.7559 62.8041 3.24
      vertex 44.74 65.18 14.48
      vertex 44.74 65.18 3.24
    endloop
  endfacet
  facet normal -0.923884 0.382673 0
    outer loop
      vertex 44.74 65.18 14.48
      vertex 43.7559 62.8041 3.24
      vertex 43.7559 62.8041 14.48
    endloop
  endfacet
  facet normal 0.923884 0.382673 0
    outer loop
      vertex 39.0041 62.8041 14.48
      vertex 38.02 65.18 3.24
      vertex 38.02 65.18 14.48
    endloop
  endfacet
  facet normal 0.923884 0.382673 0
    outer loop
      vertex 38.02 65.18 3.24
      vertex 39.0041 62.8041 14.48
      vertex 39.0041 62.8041 3.24
    endloop
  endfacet
  facet normal 0 0 1
    outer loop
      vertex 43.7559 67.5559 3.24
      vertex 43.7559 62.8041 3.24
      vertex 44.74 65.18 3.24
    endloop
  endfacet
  facet normal 0 0 1
    outer loop
      vertex 41.38 68.54 3.24
      vertex 43.7559 62.8041 3.24
      vertex 43.7559 67.5559 3.24
    endloop
  endfacet
  facet normal 0 0 1
    outer loop
      vertex 41.38 68.54 3.24
      vertex 41.38 61.82 3.24
      vertex 43.7559 62.8041 3.24
    endloop
  endfacet
  facet normal -0 0 1
    outer loop
      vertex 39.0041 67.5559 3.24
      vertex 41.38 61.82 3.24
      vertex 41.38 68.54 3.24
    endloop
  endfacet
  facet normal 0 0 1
    outer loop
      vertex 39.0041 67.5559 3.24
      vertex 39.0041 62.8041 3.24
      vertex 41.38 61.82 3.24
    endloop
  endfacet
  facet normal 0 -0 1
    outer loop
      vertex 39.0041 62.8041 3.24
      vertex 39.0041 67.5559 3.24
      vertex 38.02 65.18 3.24
    endloop
  endfacet
  facet normal 0.382673 0.923884 -0
    outer loop
      vertex 41.38 61.82 3.24
      vertex 39.0041 62.8041 14.48
      vertex 41.38 61.82 14.48
    endloop
  endfacet
  facet normal 0.382673 0.923884 0
    outer loop
      vertex 39.0041 62.8041 14.48
      vertex 41.38 61.82 3.24
      vertex 39.0041 62.8041 3.24
    endloop
  endfacet
  facet normal -0.923884 -0.382673 0
    outer loop
      vertex 44.74 56.18 3.24
      vertex 43.7559 58.5559 14.48
      vertex 43.7559 58.5559 3.24
    endloop
  endfacet
  facet normal -0.923884 -0.382673 0
    outer loop
      vertex 43.7559 58.5559 14.48
      vertex 44.74 56.18 3.24
      vertex 44.74 56.18 14.48
    endloop
  endfacet
  facet normal 0.923884 -0.382673 0
    outer loop
      vertex 38.02 56.18 14.48
      vertex 39.0041 58.5559 3.24
      vertex 39.0041 58.5559 14.48
    endloop
  endfacet
  facet normal 0.923884 -0.382673 0
    outer loop
      vertex 39.0041 58.5559 3.24
      vertex 38.02 56.18 14.48
      vertex 38.02 56.18 3.24
    endloop
  endfacet
  facet normal -0.382673 -0.923884 0
    outer loop
      vertex 41.38 59.54 3.24
      vertex 43.7559 58.5559 14.48
      vertex 41.38 59.54 14.48
    endloop
  endfacet
  facet normal -0.382673 -0.923884 -0
    outer loop
      vertex 43.7559 58.5559 14.48
      vertex 41.38 59.54 3.24
      vertex 43.7559 58.5559 3.24
    endloop
  endfacet
  facet normal -0.382673 0.923884 0
    outer loop
      vertex 43.7559 53.8041 3.24
      vertex 41.38 52.82 14.48
      vertex 43.7559 53.8041 14.48
    endloop
  endfacet
  facet normal -0.382673 0.923884 0
    outer loop
      vertex 41.38 52.82 14.48
      vertex 43.7559 53.8041 3.24
      vertex 41.38 52.82 3.24
    endloop
  endfacet
  facet normal 0.382673 -0.923884 0
    outer loop
      vertex 39.0041 58.5559 3.24
      vertex 41.38 59.54 14.48
      vertex 39.0041 58.5559 14.48
    endloop
  endfacet
  facet normal 0.382673 -0.923884 0
    outer loop
      vertex 41.38 59.54 14.48
      vertex 39.0041 58.5559 3.24
      vertex 41.38 59.54 3.24
    endloop
  endfacet
  facet normal -0.923884 0.382673 0
    outer loop
      vertex 43.7559 53.8041 3.24
      vertex 44.74 56.18 14.48
      vertex 44.74 56.18 3.24
    endloop
  endfacet
  facet normal -0.923884 0.382673 0
    outer loop
      vertex 44.74 56.18 14.48
      vertex 43.7559 53.8041 3.24
      vertex 43.7559 53.8041 14.48
    endloop
  endfacet
  facet normal 0.923884 0.382673 0
    outer loop
      vertex 39.0041 53.8041 14.48
      vertex 38.02 56.18 3.24
      vertex 38.02 56.18 14.48
    endloop
  endfacet
  facet normal 0.923884 0.382673 0
    outer loop
      vertex 38.02 56.18 3.24
      vertex 39.0041 53.8041 14.48
      vertex 39.0041 53.8041 3.24
    endloop
  endfacet
  facet normal 0 0 1
    outer loop
      vertex 43.7559 58.5559 3.24
      vertex 43.7559 53.8041 3.24
      vertex 44.74 56.18 3.24
    endloop
  endfacet
  facet normal 0 0 1
    outer loop
      vertex 41.38 59.54 3.24
      vertex 43.7559 53.8041 3.24
      vertex 43.7559 58.5559 3.24
    endloop
  endfacet
  facet normal 0 0 1
    outer loop
      vertex 41.38 59.54 3.24
      vertex 41.38 52.82 3.24
      vertex 43.7559 53.8041 3.24
    endloop
  endfacet
  facet normal -0 0 1
    outer loop
      vertex 39.0041 58.5559 3.24
      vertex 41.38 52.82 3.24
      vertex 41.38 59.54 3.24
    endloop
  endfacet
  facet normal 0 0 1
    outer loop
      vertex 39.0041 58.5559 3.24
      vertex 39.0041 53.8041 3.24
      vertex 41.38 52.82 3.24
    endloop
  endfacet
  facet normal 0 -0 1
    outer loop
      vertex 39.0041 53.8041 3.24
      vertex 39.0041 58.5559 3.24
      vertex 38.02 56.18 3.24
    endloop
  endfacet
  facet normal 0.382673 0.923884 -0
    outer loop
      vertex 41.38 52.82 3.24
      vertex 39.0041 53.8041 14.48
      vertex 41.38 52.82 14.48
    endloop
  endfacet
  facet normal 0.382673 0.923884 0
    outer loop
      vertex 39.0041 53.8041 14.48
      vertex 41.38 52.82 3.24
      vertex 39.0041 53.8041 3.24
    endloop
  endfacet
  facet normal -0.923884 -0.382673 0
    outer loop
      vertex 44.74 47.18 3.24
      vertex 43.7559 49.5559 14.48
      vertex 43.7559 49.5559 3.24
    endloop
  endfacet
  facet normal -0.923884 -0.382673 0
    outer loop
      vertex 43.7559 49.5559 14.48
      vertex 44.74 47.18 3.24
      vertex 44.74 47.18 14.48
    endloop
  endfacet
  facet normal 0.923884 -0.382673 0
    outer loop
      vertex 38.02 47.18 14.48
      vertex 39.0041 49.5559 3.24
      vertex 39.0041 49.5559 14.48
    endloop
  endfacet
  facet normal 0.923884 -0.382673 0
    outer loop
      vertex 39.0041 49.5559 3.24
      vertex 38.02 47.18 14.48
      vertex 38.02 47.18 3.24
    endloop
  endfacet
  facet normal -0.382673 -0.923884 0
    outer loop
      vertex 41.38 50.54 3.24
      vertex 43.7559 49.5559 14.48
      vertex 41.38 50.54 14.48
    endloop
  endfacet
  facet normal -0.382673 -0.923884 -0
    outer loop
      vertex 43.7559 49.5559 14.48
      vertex 41.38 50.54 3.24
      vertex 43.7559 49.5559 3.24
    endloop
  endfacet
  facet normal -0.382673 0.923884 0
    outer loop
      vertex 43.7559 44.8041 3.24
      vertex 41.38 43.82 14.48
      vertex 43.7559 44.8041 14.48
    endloop
  endfacet
  facet normal -0.382673 0.923884 0
    outer loop
      vertex 41.38 43.82 14.48
      vertex 43.7559 44.8041 3.24
      vertex 41.38 43.82 3.24
    endloop
  endfacet
  facet normal 0.382673 -0.923884 0
    outer loop
      vertex 39.0041 49.5559 3.24
      vertex 41.38 50.54 14.48
      vertex 39.0041 49.5559 14.48
    endloop
  endfacet
  facet normal 0.382673 -0.923884 0
    outer loop
      vertex 41.38 50.54 14.48
      vertex 39.0041 49.5559 3.24
      vertex 41.38 50.54 3.24
    endloop
  endfacet
  facet normal -0.923884 0.382673 0
    outer loop
      vertex 43.7559 44.8041 3.24
      vertex 44.74 47.18 14.48
      vertex 44.74 47.18 3.24
    endloop
  endfacet
  facet normal -0.923884 0.382673 0
    outer loop
      vertex 44.74 47.18 14.48
      vertex 43.7559 44.8041 3.24
      vertex 43.7559 44.8041 14.48
    endloop
  endfacet
  facet normal 0.923884 0.382673 0
    outer loop
      vertex 39.0041 44.8041 14.48
      vertex 38.02 47.18 3.24
      vertex 38.02 47.18 14.48
    endloop
  endfacet
  facet normal 0.923884 0.382673 0
    outer loop
      vertex 38.02 47.18 3.24
      vertex 39.0041 44.8041 14.48
      vertex 39.0041 44.8041 3.24
    endloop
  endfacet
  facet normal 0 0 1
    outer loop
      vertex 43.7559 49.5559 3.24
      vertex 43.7559 44.8041 3.24
      vertex 44.74 47.18 3.24
    endloop
  endfacet
  facet normal 0 0 1
    outer loop
      vertex 41.38 50.54 3.24
      vertex 43.7559 44.8041 3.24
      vertex 43.7559 49.5559 3.24
    endloop
  endfacet
  facet normal 0 0 1
    outer loop
      vertex 41.38 50.54 3.24
      vertex 41.38 43.82 3.24
      vertex 43.7559 44.8041 3.24
    endloop
  endfacet
  facet normal -0 0 1
    outer loop
      vertex 39.0041 49.5559 3.24
      vertex 41.38 43.82 3.24
      vertex 41.38 50.54 3.24
    endloop
  endfacet
  facet normal 0 0 1
    outer loop
      vertex 39.0041 49.5559 3.24
      vertex 39.0041 44.8041 3.24
      vertex 41.38 43.82 3.24
    endloop
  endfacet
  facet normal 0 -0 1
    outer loop
      vertex 39.0041 44.8041 3.24
      vertex 39.0041 49.5559 3.24
      vertex 38.02 47.18 3.24
    endloop
  endfacet
  facet normal 0.382673 0.923884 -0
    outer loop
      vertex 41.38 43.82 3.24
      vertex 39.0041 44.8041 14.48
      vertex 41.38 43.82 14.48
    endloop
  endfacet
  facet normal 0.382673 0.923884 0
    outer loop
      vertex 39.0041 44.8041 14.48
      vertex 41.38 43.82 3.24
      vertex 39.0041 44.8041 3.24
    endloop
  endfacet
  facet normal -0.923884 -0.382673 0
    outer loop
      vertex 44.74 38.18 3.24
      vertex 43.7559 40.5559 14.48
      vertex 43.7559 40.5559 3.24
    endloop
  endfacet
  facet normal -0.923884 -0.382673 0
    outer loop
      vertex 43.7559 40.5559 14.48
      vertex 44.74 38.18 3.24
      vertex 44.74 38.18 14.48
    endloop
  endfacet
  facet normal 0.923884 -0.382673 0
    outer loop
      vertex 38.02 38.18 14.48
      vertex 39.0041 40.5559 3.24
      vertex 39.0041 40.5559 14.48
    endloop
  endfacet
  facet normal 0.923884 -0.382673 0
    outer loop
      vertex 39.0041 40.5559 3.24
      vertex 38.02 38.18 14.48
      vertex 38.02 38.18 3.24
    endloop
  endfacet
  facet normal -0.382673 -0.923884 0
    outer loop
      vertex 41.38 41.54 3.24
      vertex 43.7559 40.5559 14.48
      vertex 41.38 41.54 14.48
    endloop
  endfacet
  facet normal -0.382673 -0.923884 -0
    outer loop
      vertex 43.7559 40.5559 14.48
      vertex 41.38 41.54 3.24
      vertex 43.7559 40.5559 3.24
    endloop
  endfacet
  facet normal -0.382673 0.923884 0
    outer loop
      vertex 43.7559 35.8041 3.24
      vertex 41.38 34.82 14.48
      vertex 43.7559 35.8041 14.48
    endloop
  endfacet
  facet normal -0.382673 0.923884 0
    outer loop
      vertex 41.38 34.82 14.48
      vertex 43.7559 35.8041 3.24
      vertex 41.38 34.82 3.24
    endloop
  endfacet
  facet normal 0.382673 -0.923884 0
    outer loop
      vertex 39.0041 40.5559 3.24
      vertex 41.38 41.54 14.48
      vertex 39.0041 40.5559 14.48
    endloop
  endfacet
  facet normal 0.382673 -0.923884 0
    outer loop
      vertex 41.38 41.54 14.48
      vertex 39.0041 40.5559 3.24
      vertex 41.38 41.54 3.24
    endloop
  endfacet
  facet normal 0 0 1
    outer loop
      vertex 43.7559 40.5559 3.24
      vertex 43.7559 35.8041 3.24
      vertex 44.74 38.18 3.24
    endloop
  endfacet
  facet normal 0 0 1
    outer loop
      vertex 41.38 41.54 3.24
      vertex 43.7559 35.8041 3.24
      vertex 43.7559 40.5559 3.24
    endloop
  endfacet
  facet normal 0 0 1
    outer loop
      vertex 41.38 41.54 3.24
      vertex 41.38 34.82 3.24
      vertex 43.7559 35.8041 3.24
    endloop
  endfacet
  facet normal -0 0 1
    outer loop
      vertex 39.0041 40.5559 3.24
      vertex 41.38 34.82 3.24
      vertex 41.38 41.54 3.24
    endloop
  endfacet
  facet normal 0 0 1
    outer loop
      vertex 39.0041 40.5559 3.24
      vertex 39.0041 35.8041 3.24
      vertex 41.38 34.82 3.24
    endloop
  endfacet
  facet normal 0 -0 1
    outer loop
      vertex 39.0041 35.8041 3.24
      vertex 39.0041 40.5559 3.24
      vertex 38.02 38.18 3.24
    endloop
  endfacet
  facet normal -0.923884 0.382673 0
    outer loop
      vertex 43.7559 35.8041 3.24
      vertex 44.74 38.18 14.48
      vertex 44.74 38.18 3.24
    endloop
  endfacet
  facet normal -0.923884 0.382673 0
    outer loop
      vertex 44.74 38.18 14.48
      vertex 43.7559 35.8041 3.24
      vertex 43.7559 35.8041 14.48
    endloop
  endfacet
  facet normal 0.382673 0.923884 -0
    outer loop
      vertex 41.38 34.82 3.24
      vertex 39.0041 35.8041 14.48
      vertex 41.38 34.82 14.48
    endloop
  endfacet
  facet normal 0.382673 0.923884 0
    outer loop
      vertex 39.0041 35.8041 14.48
      vertex 41.38 34.82 3.24
      vertex 39.0041 35.8041 3.24
    endloop
  endfacet
  facet normal 0.923884 0.382673 0
    outer loop
      vertex 39.0041 35.8041 14.48
      vertex 38.02 38.18 3.24
      vertex 38.02 38.18 14.48
    endloop
  endfacet
  facet normal 0.923884 0.382673 0
    outer loop
      vertex 38.02 38.18 3.24
      vertex 39.0041 35.8041 14.48
      vertex 39.0041 35.8041 3.24
    endloop
  endfacet
  facet normal -0.923884 -0.382673 0
    outer loop
      vertex 44.74 29.18 3.24
      vertex 43.7559 31.5559 14.48
      vertex 43.7559 31.5559 3.24
    endloop
  endfacet
  facet normal -0.923884 -0.382673 0
    outer loop
      vertex 43.7559 31.5559 14.48
      vertex 44.74 29.18 3.24
      vertex 44.74 29.18 14.48
    endloop
  endfacet
  facet normal 0.923884 -0.382673 0
    outer loop
      vertex 38.02 29.18 14.48
      vertex 39.0041 31.5559 3.24
      vertex 39.0041 31.5559 14.48
    endloop
  endfacet
  facet normal 0.923884 -0.382673 0
    outer loop
      vertex 39.0041 31.5559 3.24
      vertex 38.02 29.18 14.48
      vertex 38.02 29.18 3.24
    endloop
  endfacet
  facet normal -0.382673 -0.923884 0
    outer loop
      vertex 41.38 32.54 3.24
      vertex 43.7559 31.5559 14.48
      vertex 41.38 32.54 14.48
    endloop
  endfacet
  facet normal -0.382673 -0.923884 -0
    outer loop
      vertex 43.7559 31.5559 14.48
      vertex 41.38 32.54 3.24
      vertex 43.7559 31.5559 3.24
    endloop
  endfacet
  facet normal -0.382673 0.923884 0
    outer loop
      vertex 43.7559 26.8041 3.24
      vertex 41.38 25.82 14.48
      vertex 43.7559 26.8041 14.48
    endloop
  endfacet
  facet normal -0.382673 0.923884 0
    outer loop
      vertex 41.38 25.82 14.48
      vertex 43.7559 26.8041 3.24
      vertex 41.38 25.82 3.24
    endloop
  endfacet
  facet normal 0.382673 -0.923884 0
    outer loop
      vertex 39.0041 31.5559 3.24
      vertex 41.38 32.54 14.48
      vertex 39.0041 31.5559 14.48
    endloop
  endfacet
  facet normal 0.382673 -0.923884 0
    outer loop
      vertex 41.38 32.54 14.48
      vertex 39.0041 31.5559 3.24
      vertex 41.38 32.54 3.24
    endloop
  endfacet
  facet normal 0 0 1
    outer loop
      vertex 43.7559 31.5559 3.24
      vertex 43.7559 26.8041 3.24
      vertex 44.74 29.18 3.24
    endloop
  endfacet
  facet normal 0 0 1
    outer loop
      vertex 41.38 32.54 3.24
      vertex 43.7559 26.8041 3.24
      vertex 43.7559 31.5559 3.24
    endloop
  endfacet
  facet normal 0 0 1
    outer loop
      vertex 41.38 32.54 3.24
      vertex 41.38 25.82 3.24
      vertex 43.7559 26.8041 3.24
    endloop
  endfacet
  facet normal -0 0 1
    outer loop
      vertex 39.0041 31.5559 3.24
      vertex 41.38 25.82 3.24
      vertex 41.38 32.54 3.24
    endloop
  endfacet
  facet normal 0 0 1
    outer loop
      vertex 39.0041 31.5559 3.24
      vertex 39.0041 26.8041 3.24
      vertex 41.38 25.82 3.24
    endloop
  endfacet
  facet normal 0 -0 1
    outer loop
      vertex 39.0041 26.8041 3.24
      vertex 39.0041 31.5559 3.24
      vertex 38.02 29.18 3.24
    endloop
  endfacet
  facet normal -0.923884 0.382673 0
    outer loop
      vertex 43.7559 26.8041 3.24
      vertex 44.74 29.18 14.48
      vertex 44.74 29.18 3.24
    endloop
  endfacet
  facet normal -0.923884 0.382673 0
    outer loop
      vertex 44.74 29.18 14.48
      vertex 43.7559 26.8041 3.24
      vertex 43.7559 26.8041 14.48
    endloop
  endfacet
  facet normal 0.382673 0.923884 -0
    outer loop
      vertex 41.38 25.82 3.24
      vertex 39.0041 26.8041 14.48
      vertex 41.38 25.82 14.48
    endloop
  endfacet
  facet normal 0.382673 0.923884 0
    outer loop
      vertex 39.0041 26.8041 14.48
      vertex 41.38 25.82 3.24
      vertex 39.0041 26.8041 3.24
    endloop
  endfacet
  facet normal 0.923884 0.382673 0
    outer loop
      vertex 39.0041 26.8041 14.48
      vertex 38.02 29.18 3.24
      vertex 38.02 29.18 14.48
    endloop
  endfacet
  facet normal 0.923884 0.382673 0
    outer loop
      vertex 38.02 29.18 3.24
      vertex 39.0041 26.8041 14.48
      vertex 39.0041 26.8041 3.24
    endloop
  endfacet
  facet normal -0.923884 -0.382673 0
    outer loop
      vertex 44.74 20.18 3.24
      vertex 43.7559 22.5559 14.48
      vertex 43.7559 22.5559 3.24
    endloop
  endfacet
  facet normal -0.923884 -0.382673 0
    outer loop
      vertex 43.7559 22.5559 14.48
      vertex 44.74 20.18 3.24
      vertex 44.74 20.18 14.48
    endloop
  endfacet
  facet normal 0.923884 -0.382673 0
    outer loop
      vertex 38.02 20.18 14.48
      vertex 39.0041 22.5559 3.24
      vertex 39.0041 22.5559 14.48
    endloop
  endfacet
  facet normal 0.923884 -0.382673 0
    outer loop
      vertex 39.0041 22.5559 3.24
      vertex 38.02 20.18 14.48
      vertex 38.02 20.18 3.24
    endloop
  endfacet
  facet normal -0.382673 -0.923884 0
    outer loop
      vertex 41.38 23.54 3.24
      vertex 43.7559 22.5559 14.48
      vertex 41.38 23.54 14.48
    endloop
  endfacet
  facet normal -0.382673 -0.923884 -0
    outer loop
      vertex 43.7559 22.5559 14.48
      vertex 41.38 23.54 3.24
      vertex 43.7559 22.5559 3.24
    endloop
  endfacet
  facet normal -0.382673 0.923884 0
    outer loop
      vertex 43.7559 17.8041 3.24
      vertex 41.38 16.82 14.48
      vertex 43.7559 17.8041 14.48
    endloop
  endfacet
  facet normal -0.382673 0.923884 0
    outer loop
      vertex 41.38 16.82 14.48
      vertex 43.7559 17.8041 3.24
      vertex 41.38 16.82 3.24
    endloop
  endfacet
  facet normal 0.382673 -0.923884 0
    outer loop
      vertex 39.0041 22.5559 3.24
      vertex 41.38 23.54 14.48
      vertex 39.0041 22.5559 14.48
    endloop
  endfacet
  facet normal 0.382673 -0.923884 0
    outer loop
      vertex 41.38 23.54 14.48
      vertex 39.0041 22.5559 3.24
      vertex 41.38 23.54 3.24
    endloop
  endfacet
  facet normal -0.923884 0.382673 0
    outer loop
      vertex 43.7559 17.8041 3.24
      vertex 44.74 20.18 14.48
      vertex 44.74 20.18 3.24
    endloop
  endfacet
  facet normal -0.923884 0.382673 0
    outer loop
      vertex 44.74 20.18 14.48
      vertex 43.7559 17.8041 3.24
      vertex 43.7559 17.8041 14.48
    endloop
  endfacet
  facet normal 0 0 1
    outer loop
      vertex 43.7559 22.5559 3.24
      vertex 43.7559 17.8041 3.24
      vertex 44.74 20.18 3.24
    endloop
  endfacet
  facet normal 0 0 1
    outer loop
      vertex 41.38 23.54 3.24
      vertex 43.7559 17.8041 3.24
      vertex 43.7559 22.5559 3.24
    endloop
  endfacet
  facet normal 0 0 1
    outer loop
      vertex 41.38 23.54 3.24
      vertex 41.38 16.82 3.24
      vertex 43.7559 17.8041 3.24
    endloop
  endfacet
  facet normal -0 0 1
    outer loop
      vertex 39.0041 22.5559 3.24
      vertex 41.38 16.82 3.24
      vertex 41.38 23.54 3.24
    endloop
  endfacet
  facet normal 0 0 1
    outer loop
      vertex 39.0041 22.5559 3.24
      vertex 39.0041 17.8041 3.24
      vertex 41.38 16.82 3.24
    endloop
  endfacet
  facet normal 0 -0 1
    outer loop
      vertex 39.0041 17.8041 3.24
      vertex 39.0041 22.5559 3.24
      vertex 38.02 20.18 3.24
    endloop
  endfacet
  facet normal 0.382673 0.923884 -0
    outer loop
      vertex 41.38 16.82 3.24
      vertex 39.0041 17.8041 14.48
      vertex 41.38 16.82 14.48
    endloop
  endfacet
  facet normal 0.382673 0.923884 0
    outer loop
      vertex 39.0041 17.8041 14.48
      vertex 41.38 16.82 3.24
      vertex 39.0041 17.8041 3.24
    endloop
  endfacet
  facet normal 0.923884 0.382673 0
    outer loop
      vertex 39.0041 17.8041 14.48
      vertex 38.02 20.18 3.24
      vertex 38.02 20.18 14.48
    endloop
  endfacet
  facet normal 0.923884 0.382673 0
    outer loop
      vertex 38.02 20.18 3.24
      vertex 39.0041 17.8041 14.48
      vertex 39.0041 17.8041 3.24
    endloop
  endfacet
  facet normal -0.923884 -0.382673 0
    outer loop
      vertex 44.74 11.18 3.24
      vertex 43.7559 13.5559 14.48
      vertex 43.7559 13.5559 3.24
    endloop
  endfacet
  facet normal -0.923884 -0.382673 0
    outer loop
      vertex 43.7559 13.5559 14.48
      vertex 44.74 11.18 3.24
      vertex 44.74 11.18 14.48
    endloop
  endfacet
  facet normal 0.923884 -0.382673 0
    outer loop
      vertex 38.02 11.18 14.48
      vertex 39.0041 13.5559 3.24
      vertex 39.0041 13.5559 14.48
    endloop
  endfacet
  facet normal 0.923884 -0.382673 0
    outer loop
      vertex 39.0041 13.5559 3.24
      vertex 38.02 11.18 14.48
      vertex 38.02 11.18 3.24
    endloop
  endfacet
  facet normal -0.382673 -0.923884 0
    outer loop
      vertex 41.38 14.54 3.24
      vertex 43.7559 13.5559 14.48
      vertex 41.38 14.54 14.48
    endloop
  endfacet
  facet normal -0.382673 -0.923884 -0
    outer loop
      vertex 43.7559 13.5559 14.48
      vertex 41.38 14.54 3.24
      vertex 43.7559 13.5559 3.24
    endloop
  endfacet
  facet normal -0.38268 0.923881 0
    outer loop
      vertex 43.7559 8.80412 3.24
      vertex 41.38 7.82 14.48
      vertex 43.7559 8.80412 14.48
    endloop
  endfacet
  facet normal -0.38268 0.923881 0
    outer loop
      vertex 41.38 7.82 14.48
      vertex 43.7559 8.80412 3.24
      vertex 41.38 7.82 3.24
    endloop
  endfacet
  facet normal 0.382673 -0.923884 0
    outer loop
      vertex 39.0041 13.5559 3.24
      vertex 41.38 14.54 14.48
      vertex 39.0041 13.5559 14.48
    endloop
  endfacet
  facet normal 0.382673 -0.923884 0
    outer loop
      vertex 41.38 14.54 14.48
      vertex 39.0041 13.5559 3.24
      vertex 41.38 14.54 3.24
    endloop
  endfacet
  facet normal 0 0 1
    outer loop
      vertex 43.7559 13.5559 3.24
      vertex 43.7559 8.80412 3.24
      vertex 44.74 11.18 3.24
    endloop
  endfacet
  facet normal 0 0 1
    outer loop
      vertex 41.38 14.54 3.24
      vertex 43.7559 8.80412 3.24
      vertex 43.7559 13.5559 3.24
    endloop
  endfacet
  facet normal 0 0 1
    outer loop
      vertex 41.38 14.54 3.24
      vertex 41.38 7.82 3.24
      vertex 43.7559 8.80412 3.24
    endloop
  endfacet
  facet normal -0 0 1
    outer loop
      vertex 39.0041 13.5559 3.24
      vertex 41.38 7.82 3.24
      vertex 41.38 14.54 3.24
    endloop
  endfacet
  facet normal 0 0 1
    outer loop
      vertex 39.0041 13.5559 3.24
      vertex 39.0041 8.80412 3.24
      vertex 41.38 7.82 3.24
    endloop
  endfacet
  facet normal 0 -0 1
    outer loop
      vertex 39.0041 8.80412 3.24
      vertex 39.0041 13.5559 3.24
      vertex 38.02 11.18 3.24
    endloop
  endfacet
  facet normal -0.923883 0.382676 0
    outer loop
      vertex 43.7559 8.80412 3.24
      vertex 44.74 11.18 14.48
      vertex 44.74 11.18 3.24
    endloop
  endfacet
  facet normal -0.923883 0.382676 0
    outer loop
      vertex 44.74 11.18 14.48
      vertex 43.7559 8.80412 3.24
      vertex 43.7559 8.80412 14.48
    endloop
  endfacet
  facet normal 0.38268 0.923881 -0
    outer loop
      vertex 41.38 7.82 3.24
      vertex 39.0041 8.80412 14.48
      vertex 41.38 7.82 14.48
    endloop
  endfacet
  facet normal 0.38268 0.923881 0
    outer loop
      vertex 39.0041 8.80412 14.48
      vertex 41.38 7.82 3.24
      vertex 39.0041 8.80412 3.24
    endloop
  endfacet
  facet normal 0.923883 0.382676 0
    outer loop
      vertex 39.0041 8.80412 14.48
      vertex 38.02 11.18 3.24
      vertex 38.02 11.18 14.48
    endloop
  endfacet
  facet normal 0.923883 0.382676 0
    outer loop
      vertex 38.02 11.18 3.24
      vertex 39.0041 8.80412 14.48
      vertex 39.0041 8.80412 3.24
    endloop
  endfacet
  facet normal -0.923884 -0.382673 0
    outer loop
      vertex 53.74 74.18 3.24
      vertex 52.7559 76.5559 14.48
      vertex 52.7559 76.5559 3.24
    endloop
  endfacet
  facet normal -0.923884 -0.382673 0
    outer loop
      vertex 52.7559 76.5559 14.48
      vertex 53.74 74.18 3.24
      vertex 53.74 74.18 14.48
    endloop
  endfacet
  facet normal 0.923884 -0.382673 0
    outer loop
      vertex 47.02 74.18 14.48
      vertex 48.0041 76.5559 3.24
      vertex 48.0041 76.5559 14.48
    endloop
  endfacet
  facet normal 0.923884 -0.382673 0
    outer loop
      vertex 48.0041 76.5559 3.24
      vertex 47.02 74.18 14.48
      vertex 47.02 74.18 3.24
    endloop
  endfacet
  facet normal -0.382673 -0.923884 0
    outer loop
      vertex 50.38 77.54 3.24
      vertex 52.7559 76.5559 14.48
      vertex 50.38 77.54 14.48
    endloop
  endfacet
  facet normal -0.382673 -0.923884 -0
    outer loop
      vertex 52.7559 76.5559 14.48
      vertex 50.38 77.54 3.24
      vertex 52.7559 76.5559 3.24
    endloop
  endfacet
  facet normal -0.382673 0.923884 0
    outer loop
      vertex 52.7559 71.8041 3.24
      vertex 50.38 70.82 14.48
      vertex 52.7559 71.8041 14.48
    endloop
  endfacet
  facet normal -0.382673 0.923884 0
    outer loop
      vertex 50.38 70.82 14.48
      vertex 52.7559 71.8041 3.24
      vertex 50.38 70.82 3.24
    endloop
  endfacet
  facet normal 0.382673 -0.923884 0
    outer loop
      vertex 48.0041 76.5559 3.24
      vertex 50.38 77.54 14.48
      vertex 48.0041 76.5559 14.48
    endloop
  endfacet
  facet normal 0.382673 -0.923884 0
    outer loop
      vertex 50.38 77.54 14.48
      vertex 48.0041 76.5559 3.24
      vertex 50.38 77.54 3.24
    endloop
  endfacet
  facet normal 0 0 1
    outer loop
      vertex 52.7559 76.5559 3.24
      vertex 52.7559 71.8041 3.24
      vertex 53.74 74.18 3.24
    endloop
  endfacet
  facet normal 0 0 1
    outer loop
      vertex 50.38 77.54 3.24
      vertex 52.7559 71.8041 3.24
      vertex 52.7559 76.5559 3.24
    endloop
  endfacet
  facet normal 0 0 1
    outer loop
      vertex 50.38 77.54 3.24
      vertex 50.38 70.82 3.24
      vertex 52.7559 71.8041 3.24
    endloop
  endfacet
  facet normal -0 0 1
    outer loop
      vertex 48.0041 76.5559 3.24
      vertex 50.38 70.82 3.24
      vertex 50.38 77.54 3.24
    endloop
  endfacet
  facet normal 0 0 1
    outer loop
      vertex 48.0041 76.5559 3.24
      vertex 48.0041 71.8041 3.24
      vertex 50.38 70.82 3.24
    endloop
  endfacet
  facet normal 0 -0 1
    outer loop
      vertex 48.0041 71.8041 3.24
      vertex 48.0041 76.5559 3.24
      vertex 47.02 74.18 3.24
    endloop
  endfacet
  facet normal -0.923884 0.382673 0
    outer loop
      vertex 52.7559 71.8041 3.24
      vertex 53.74 74.18 14.48
      vertex 53.74 74.18 3.24
    endloop
  endfacet
  facet normal -0.923884 0.382673 0
    outer loop
      vertex 53.74 74.18 14.48
      vertex 52.7559 71.8041 3.24
      vertex 52.7559 71.8041 14.48
    endloop
  endfacet
  facet normal 0.382673 0.923884 -0
    outer loop
      vertex 50.38 70.82 3.24
      vertex 48.0041 71.8041 14.48
      vertex 50.38 70.82 14.48
    endloop
  endfacet
  facet normal 0.382673 0.923884 0
    outer loop
      vertex 48.0041 71.8041 14.48
      vertex 50.38 70.82 3.24
      vertex 48.0041 71.8041 3.24
    endloop
  endfacet
  facet normal 0.923884 0.382673 0
    outer loop
      vertex 48.0041 71.8041 14.48
      vertex 47.02 74.18 3.24
      vertex 47.02 74.18 14.48
    endloop
  endfacet
  facet normal 0.923884 0.382673 0
    outer loop
      vertex 47.02 74.18 3.24
      vertex 48.0041 71.8041 14.48
      vertex 48.0041 71.8041 3.24
    endloop
  endfacet
  facet normal -0.923884 -0.382673 0
    outer loop
      vertex 53.74 65.18 3.24
      vertex 52.7559 67.5559 14.48
      vertex 52.7559 67.5559 3.24
    endloop
  endfacet
  facet normal -0.923884 -0.382673 0
    outer loop
      vertex 52.7559 67.5559 14.48
      vertex 53.74 65.18 3.24
      vertex 53.74 65.18 14.48
    endloop
  endfacet
  facet normal 0.923884 -0.382673 0
    outer loop
      vertex 47.02 65.18 14.48
      vertex 48.0041 67.5559 3.24
      vertex 48.0041 67.5559 14.48
    endloop
  endfacet
  facet normal 0.923884 -0.382673 0
    outer loop
      vertex 48.0041 67.5559 3.24
      vertex 47.02 65.18 14.48
      vertex 47.02 65.18 3.24
    endloop
  endfacet
  facet normal -0.382673 -0.923884 0
    outer loop
      vertex 50.38 68.54 3.24
      vertex 52.7559 67.5559 14.48
      vertex 50.38 68.54 14.48
    endloop
  endfacet
  facet normal -0.382673 -0.923884 -0
    outer loop
      vertex 52.7559 67.5559 14.48
      vertex 50.38 68.54 3.24
      vertex 52.7559 67.5559 3.24
    endloop
  endfacet
  facet normal -0.382673 0.923884 0
    outer loop
      vertex 52.7559 62.8041 3.24
      vertex 50.38 61.82 14.48
      vertex 52.7559 62.8041 14.48
    endloop
  endfacet
  facet normal -0.382673 0.923884 0
    outer loop
      vertex 50.38 61.82 14.48
      vertex 52.7559 62.8041 3.24
      vertex 50.38 61.82 3.24
    endloop
  endfacet
  facet normal 0.382673 -0.923884 0
    outer loop
      vertex 48.0041 67.5559 3.24
      vertex 50.38 68.54 14.48
      vertex 48.0041 67.5559 14.48
    endloop
  endfacet
  facet normal 0.382673 -0.923884 0
    outer loop
      vertex 50.38 68.54 14.48
      vertex 48.0041 67.5559 3.24
      vertex 50.38 68.54 3.24
    endloop
  endfacet
  facet normal 0 0 1
    outer loop
      vertex 52.7559 67.5559 3.24
      vertex 52.7559 62.8041 3.24
      vertex 53.74 65.18 3.24
    endloop
  endfacet
  facet normal 0 0 1
    outer loop
      vertex 50.38 68.54 3.24
      vertex 52.7559 62.8041 3.24
      vertex 52.7559 67.5559 3.24
    endloop
  endfacet
  facet normal 0 0 1
    outer loop
      vertex 50.38 68.54 3.24
      vertex 50.38 61.82 3.24
      vertex 52.7559 62.8041 3.24
    endloop
  endfacet
  facet normal -0 0 1
    outer loop
      vertex 48.0041 67.5559 3.24
      vertex 50.38 61.82 3.24
      vertex 50.38 68.54 3.24
    endloop
  endfacet
  facet normal 0 0 1
    outer loop
      vertex 48.0041 67.5559 3.24
      vertex 48.0041 62.8041 3.24
      vertex 50.38 61.82 3.24
    endloop
  endfacet
  facet normal 0 -0 1
    outer loop
      vertex 48.0041 62.8041 3.24
      vertex 48.0041 67.5559 3.24
      vertex 47.02 65.18 3.24
    endloop
  endfacet
  facet normal -0.923884 0.382673 0
    outer loop
      vertex 52.7559 62.8041 3.24
      vertex 53.74 65.18 14.48
      vertex 53.74 65.18 3.24
    endloop
  endfacet
  facet normal -0.923884 0.382673 0
    outer loop
      vertex 53.74 65.18 14.48
      vertex 52.7559 62.8041 3.24
      vertex 52.7559 62.8041 14.48
    endloop
  endfacet
  facet normal 0.382673 0.923884 -0
    outer loop
      vertex 50.38 61.82 3.24
      vertex 48.0041 62.8041 14.48
      vertex 50.38 61.82 14.48
    endloop
  endfacet
  facet normal 0.382673 0.923884 0
    outer loop
      vertex 48.0041 62.8041 14.48
      vertex 50.38 61.82 3.24
      vertex 48.0041 62.8041 3.24
    endloop
  endfacet
  facet normal 0.923884 0.382673 0
    outer loop
      vertex 48.0041 62.8041 14.48
      vertex 47.02 65.18 3.24
      vertex 47.02 65.18 14.48
    endloop
  endfacet
  facet normal 0.923884 0.382673 0
    outer loop
      vertex 47.02 65.18 3.24
      vertex 48.0041 62.8041 14.48
      vertex 48.0041 62.8041 3.24
    endloop
  endfacet
  facet normal -0.923884 -0.382673 0
    outer loop
      vertex 53.74 56.18 3.24
      vertex 52.7559 58.5559 14.48
      vertex 52.7559 58.5559 3.24
    endloop
  endfacet
  facet normal -0.923884 -0.382673 0
    outer loop
      vertex 52.7559 58.5559 14.48
      vertex 53.74 56.18 3.24
      vertex 53.74 56.18 14.48
    endloop
  endfacet
  facet normal 0.923884 -0.382673 0
    outer loop
      vertex 47.02 56.18 14.48
      vertex 48.0041 58.5559 3.24
      vertex 48.0041 58.5559 14.48
    endloop
  endfacet
  facet normal 0.923884 -0.382673 0
    outer loop
      vertex 48.0041 58.5559 3.24
      vertex 47.02 56.18 14.48
      vertex 47.02 56.18 3.24
    endloop
  endfacet
  facet normal -0.382673 -0.923884 0
    outer loop
      vertex 50.38 59.54 3.24
      vertex 52.7559 58.5559 14.48
      vertex 50.38 59.54 14.48
    endloop
  endfacet
  facet normal -0.382673 -0.923884 -0
    outer loop
      vertex 52.7559 58.5559 14.48
      vertex 50.38 59.54 3.24
      vertex 52.7559 58.5559 3.24
    endloop
  endfacet
  facet normal -0.382673 0.923884 0
    outer loop
      vertex 52.7559 53.8041 3.24
      vertex 50.38 52.82 14.48
      vertex 52.7559 53.8041 14.48
    endloop
  endfacet
  facet normal -0.382673 0.923884 0
    outer loop
      vertex 50.38 52.82 14.48
      vertex 52.7559 53.8041 3.24
      vertex 50.38 52.82 3.24
    endloop
  endfacet
  facet normal 0.382673 -0.923884 0
    outer loop
      vertex 48.0041 58.5559 3.24
      vertex 50.38 59.54 14.48
      vertex 48.0041 58.5559 14.48
    endloop
  endfacet
  facet normal 0.382673 -0.923884 0
    outer loop
      vertex 50.38 59.54 14.48
      vertex 48.0041 58.5559 3.24
      vertex 50.38 59.54 3.24
    endloop
  endfacet
  facet normal -0.923884 0.382673 0
    outer loop
      vertex 52.7559 53.8041 3.24
      vertex 53.74 56.18 14.48
      vertex 53.74 56.18 3.24
    endloop
  endfacet
  facet normal -0.923884 0.382673 0
    outer loop
      vertex 53.74 56.18 14.48
      vertex 52.7559 53.8041 3.24
      vertex 52.7559 53.8041 14.48
    endloop
  endfacet
  facet normal 0.923884 0.382673 0
    outer loop
      vertex 48.0041 53.8041 14.48
      vertex 47.02 56.18 3.24
      vertex 47.02 56.18 14.48
    endloop
  endfacet
  facet normal 0.923884 0.382673 0
    outer loop
      vertex 47.02 56.18 3.24
      vertex 48.0041 53.8041 14.48
      vertex 48.0041 53.8041 3.24
    endloop
  endfacet
  facet normal 0 0 1
    outer loop
      vertex 52.7559 58.5559 3.24
      vertex 52.7559 53.8041 3.24
      vertex 53.74 56.18 3.24
    endloop
  endfacet
  facet normal 0 0 1
    outer loop
      vertex 50.38 59.54 3.24
      vertex 52.7559 53.8041 3.24
      vertex 52.7559 58.5559 3.24
    endloop
  endfacet
  facet normal 0 0 1
    outer loop
      vertex 50.38 59.54 3.24
      vertex 50.38 52.82 3.24
      vertex 52.7559 53.8041 3.24
    endloop
  endfacet
  facet normal -0 0 1
    outer loop
      vertex 48.0041 58.5559 3.24
      vertex 50.38 52.82 3.24
      vertex 50.38 59.54 3.24
    endloop
  endfacet
  facet normal 0 0 1
    outer loop
      vertex 48.0041 58.5559 3.24
      vertex 48.0041 53.8041 3.24
      vertex 50.38 52.82 3.24
    endloop
  endfacet
  facet normal 0 -0 1
    outer loop
      vertex 48.0041 53.8041 3.24
      vertex 48.0041 58.5559 3.24
      vertex 47.02 56.18 3.24
    endloop
  endfacet
  facet normal 0.382673 0.923884 -0
    outer loop
      vertex 50.38 52.82 3.24
      vertex 48.0041 53.8041 14.48
      vertex 50.38 52.82 14.48
    endloop
  endfacet
  facet normal 0.382673 0.923884 0
    outer loop
      vertex 48.0041 53.8041 14.48
      vertex 50.38 52.82 3.24
      vertex 48.0041 53.8041 3.24
    endloop
  endfacet
  facet normal -0.923884 -0.382673 0
    outer loop
      vertex 53.74 47.18 3.24
      vertex 52.7559 49.5559 14.48
      vertex 52.7559 49.5559 3.24
    endloop
  endfacet
  facet normal -0.923884 -0.382673 0
    outer loop
      vertex 52.7559 49.5559 14.48
      vertex 53.74 47.18 3.24
      vertex 53.74 47.18 14.48
    endloop
  endfacet
  facet normal 0.923884 -0.382673 0
    outer loop
      vertex 47.02 47.18 14.48
      vertex 48.0041 49.5559 3.24
      vertex 48.0041 49.5559 14.48
    endloop
  endfacet
  facet normal 0.923884 -0.382673 0
    outer loop
      vertex 48.0041 49.5559 3.24
      vertex 47.02 47.18 14.48
      vertex 47.02 47.18 3.24
    endloop
  endfacet
  facet normal -0.382673 -0.923884 0
    outer loop
      vertex 50.38 50.54 3.24
      vertex 52.7559 49.5559 14.48
      vertex 50.38 50.54 14.48
    endloop
  endfacet
  facet normal -0.382673 -0.923884 -0
    outer loop
      vertex 52.7559 49.5559 14.48
      vertex 50.38 50.54 3.24
      vertex 52.7559 49.5559 3.24
    endloop
  endfacet
  facet normal -0.382673 0.923884 0
    outer loop
      vertex 52.7559 44.8041 3.24
      vertex 50.38 43.82 14.48
      vertex 52.7559 44.8041 14.48
    endloop
  endfacet
  facet normal -0.382673 0.923884 0
    outer loop
      vertex 50.38 43.82 14.48
      vertex 52.7559 44.8041 3.24
      vertex 50.38 43.82 3.24
    endloop
  endfacet
  facet normal 0.382673 -0.923884 0
    outer loop
      vertex 48.0041 49.5559 3.24
      vertex 50.38 50.54 14.48
      vertex 48.0041 49.5559 14.48
    endloop
  endfacet
  facet normal 0.382673 -0.923884 0
    outer loop
      vertex 50.38 50.54 14.48
      vertex 48.0041 49.5559 3.24
      vertex 50.38 50.54 3.24
    endloop
  endfacet
  facet normal -0.923884 0.382673 0
    outer loop
      vertex 52.7559 44.8041 3.24
      vertex 53.74 47.18 14.48
      vertex 53.74 47.18 3.24
    endloop
  endfacet
  facet normal -0.923884 0.382673 0
    outer loop
      vertex 53.74 47.18 14.48
      vertex 52.7559 44.8041 3.24
      vertex 52.7559 44.8041 14.48
    endloop
  endfacet
  facet normal 0.923884 0.382673 0
    outer loop
      vertex 48.0041 44.8041 14.48
      vertex 47.02 47.18 3.24
      vertex 47.02 47.18 14.48
    endloop
  endfacet
  facet normal 0.923884 0.382673 0
    outer loop
      vertex 47.02 47.18 3.24
      vertex 48.0041 44.8041 14.48
      vertex 48.0041 44.8041 3.24
    endloop
  endfacet
  facet normal 0 0 1
    outer loop
      vertex 52.7559 49.5559 3.24
      vertex 52.7559 44.8041 3.24
      vertex 53.74 47.18 3.24
    endloop
  endfacet
  facet normal 0 0 1
    outer loop
      vertex 50.38 50.54 3.24
      vertex 52.7559 44.8041 3.24
      vertex 52.7559 49.5559 3.24
    endloop
  endfacet
  facet normal 0 0 1
    outer loop
      vertex 50.38 50.54 3.24
      vertex 50.38 43.82 3.24
      vertex 52.7559 44.8041 3.24
    endloop
  endfacet
  facet normal -0 0 1
    outer loop
      vertex 48.0041 49.5559 3.24
      vertex 50.38 43.82 3.24
      vertex 50.38 50.54 3.24
    endloop
  endfacet
  facet normal 0 0 1
    outer loop
      vertex 48.0041 49.5559 3.24
      vertex 48.0041 44.8041 3.24
      vertex 50.38 43.82 3.24
    endloop
  endfacet
  facet normal 0 -0 1
    outer loop
      vertex 48.0041 44.8041 3.24
      vertex 48.0041 49.5559 3.24
      vertex 47.02 47.18 3.24
    endloop
  endfacet
  facet normal 0.382673 0.923884 -0
    outer loop
      vertex 50.38 43.82 3.24
      vertex 48.0041 44.8041 14.48
      vertex 50.38 43.82 14.48
    endloop
  endfacet
  facet normal 0.382673 0.923884 0
    outer loop
      vertex 48.0041 44.8041 14.48
      vertex 50.38 43.82 3.24
      vertex 48.0041 44.8041 3.24
    endloop
  endfacet
  facet normal -0.923884 -0.382673 0
    outer loop
      vertex 53.74 38.18 3.24
      vertex 52.7559 40.5559 14.48
      vertex 52.7559 40.5559 3.24
    endloop
  endfacet
  facet normal -0.923884 -0.382673 0
    outer loop
      vertex 52.7559 40.5559 14.48
      vertex 53.74 38.18 3.24
      vertex 53.74 38.18 14.48
    endloop
  endfacet
  facet normal 0.923884 -0.382673 0
    outer loop
      vertex 47.02 38.18 14.48
      vertex 48.0041 40.5559 3.24
      vertex 48.0041 40.5559 14.48
    endloop
  endfacet
  facet normal 0.923884 -0.382673 0
    outer loop
      vertex 48.0041 40.5559 3.24
      vertex 47.02 38.18 14.48
      vertex 47.02 38.18 3.24
    endloop
  endfacet
  facet normal -0.382673 -0.923884 0
    outer loop
      vertex 50.38 41.54 3.24
      vertex 52.7559 40.5559 14.48
      vertex 50.38 41.54 14.48
    endloop
  endfacet
  facet normal -0.382673 -0.923884 -0
    outer loop
      vertex 52.7559 40.5559 14.48
      vertex 50.38 41.54 3.24
      vertex 52.7559 40.5559 3.24
    endloop
  endfacet
  facet normal -0.382673 0.923884 0
    outer loop
      vertex 52.7559 35.8041 3.24
      vertex 50.38 34.82 14.48
      vertex 52.7559 35.8041 14.48
    endloop
  endfacet
  facet normal -0.382673 0.923884 0
    outer loop
      vertex 50.38 34.82 14.48
      vertex 52.7559 35.8041 3.24
      vertex 50.38 34.82 3.24
    endloop
  endfacet
  facet normal 0.382673 -0.923884 0
    outer loop
      vertex 48.0041 40.5559 3.24
      vertex 50.38 41.54 14.48
      vertex 48.0041 40.5559 14.48
    endloop
  endfacet
  facet normal 0.382673 -0.923884 0
    outer loop
      vertex 50.38 41.54 14.48
      vertex 48.0041 40.5559 3.24
      vertex 50.38 41.54 3.24
    endloop
  endfacet
  facet normal -0.923884 0.382673 0
    outer loop
      vertex 52.7559 35.8041 3.24
      vertex 53.74 38.18 14.48
      vertex 53.74 38.18 3.24
    endloop
  endfacet
  facet normal -0.923884 0.382673 0
    outer loop
      vertex 53.74 38.18 14.48
      vertex 52.7559 35.8041 3.24
      vertex 52.7559 35.8041 14.48
    endloop
  endfacet
  facet normal 0 0 1
    outer loop
      vertex 52.7559 40.5559 3.24
      vertex 52.7559 35.8041 3.24
      vertex 53.74 38.18 3.24
    endloop
  endfacet
  facet normal 0 0 1
    outer loop
      vertex 50.38 41.54 3.24
      vertex 52.7559 35.8041 3.24
      vertex 52.7559 40.5559 3.24
    endloop
  endfacet
  facet normal 0 0 1
    outer loop
      vertex 50.38 41.54 3.24
      vertex 50.38 34.82 3.24
      vertex 52.7559 35.8041 3.24
    endloop
  endfacet
  facet normal -0 0 1
    outer loop
      vertex 48.0041 40.5559 3.24
      vertex 50.38 34.82 3.24
      vertex 50.38 41.54 3.24
    endloop
  endfacet
  facet normal 0 0 1
    outer loop
      vertex 48.0041 40.5559 3.24
      vertex 48.0041 35.8041 3.24
      vertex 50.38 34.82 3.24
    endloop
  endfacet
  facet normal 0 -0 1
    outer loop
      vertex 48.0041 35.8041 3.24
      vertex 48.0041 40.5559 3.24
      vertex 47.02 38.18 3.24
    endloop
  endfacet
  facet normal 0.382673 0.923884 -0
    outer loop
      vertex 50.38 34.82 3.24
      vertex 48.0041 35.8041 14.48
      vertex 50.38 34.82 14.48
    endloop
  endfacet
  facet normal 0.382673 0.923884 0
    outer loop
      vertex 48.0041 35.8041 14.48
      vertex 50.38 34.82 3.24
      vertex 48.0041 35.8041 3.24
    endloop
  endfacet
  facet normal 0.923884 0.382673 0
    outer loop
      vertex 48.0041 35.8041 14.48
      vertex 47.02 38.18 3.24
      vertex 47.02 38.18 14.48
    endloop
  endfacet
  facet normal 0.923884 0.382673 0
    outer loop
      vertex 47.02 38.18 3.24
      vertex 48.0041 35.8041 14.48
      vertex 48.0041 35.8041 3.24
    endloop
  endfacet
  facet normal -0.923884 -0.382673 0
    outer loop
      vertex 53.74 29.18 3.24
      vertex 52.7559 31.5559 14.48
      vertex 52.7559 31.5559 3.24
    endloop
  endfacet
  facet normal -0.923884 -0.382673 0
    outer loop
      vertex 52.7559 31.5559 14.48
      vertex 53.74 29.18 3.24
      vertex 53.74 29.18 14.48
    endloop
  endfacet
  facet normal 0.923884 -0.382673 0
    outer loop
      vertex 47.02 29.18 14.48
      vertex 48.0041 31.5559 3.24
      vertex 48.0041 31.5559 14.48
    endloop
  endfacet
  facet normal 0.923884 -0.382673 0
    outer loop
      vertex 48.0041 31.5559 3.24
      vertex 47.02 29.18 14.48
      vertex 47.02 29.18 3.24
    endloop
  endfacet
  facet normal -0.382673 -0.923884 0
    outer loop
      vertex 50.38 32.54 3.24
      vertex 52.7559 31.5559 14.48
      vertex 50.38 32.54 14.48
    endloop
  endfacet
  facet normal -0.382673 -0.923884 -0
    outer loop
      vertex 52.7559 31.5559 14.48
      vertex 50.38 32.54 3.24
      vertex 52.7559 31.5559 3.24
    endloop
  endfacet
  facet normal -0.382673 0.923884 0
    outer loop
      vertex 52.7559 26.8041 3.24
      vertex 50.38 25.82 14.48
      vertex 52.7559 26.8041 14.48
    endloop
  endfacet
  facet normal -0.382673 0.923884 0
    outer loop
      vertex 50.38 25.82 14.48
      vertex 52.7559 26.8041 3.24
      vertex 50.38 25.82 3.24
    endloop
  endfacet
  facet normal 0.382673 -0.923884 0
    outer loop
      vertex 48.0041 31.5559 3.24
      vertex 50.38 32.54 14.48
      vertex 48.0041 31.5559 14.48
    endloop
  endfacet
  facet normal 0.382673 -0.923884 0
    outer loop
      vertex 50.38 32.54 14.48
      vertex 48.0041 31.5559 3.24
      vertex 50.38 32.54 3.24
    endloop
  endfacet
  facet normal -0.923884 0.382673 0
    outer loop
      vertex 52.7559 26.8041 3.24
      vertex 53.74 29.18 14.48
      vertex 53.74 29.18 3.24
    endloop
  endfacet
  facet normal -0.923884 0.382673 0
    outer loop
      vertex 53.74 29.18 14.48
      vertex 52.7559 26.8041 3.24
      vertex 52.7559 26.8041 14.48
    endloop
  endfacet
  facet normal 0 0 1
    outer loop
      vertex 52.7559 31.5559 3.24
      vertex 52.7559 26.8041 3.24
      vertex 53.74 29.18 3.24
    endloop
  endfacet
  facet normal 0 0 1
    outer loop
      vertex 50.38 32.54 3.24
      vertex 52.7559 26.8041 3.24
      vertex 52.7559 31.5559 3.24
    endloop
  endfacet
  facet normal 0 0 1
    outer loop
      vertex 50.38 32.54 3.24
      vertex 50.38 25.82 3.24
      vertex 52.7559 26.8041 3.24
    endloop
  endfacet
  facet normal -0 0 1
    outer loop
      vertex 48.0041 31.5559 3.24
      vertex 50.38 25.82 3.24
      vertex 50.38 32.54 3.24
    endloop
  endfacet
  facet normal 0 0 1
    outer loop
      vertex 48.0041 31.5559 3.24
      vertex 48.0041 26.8041 3.24
      vertex 50.38 25.82 3.24
    endloop
  endfacet
  facet normal 0 -0 1
    outer loop
      vertex 48.0041 26.8041 3.24
      vertex 48.0041 31.5559 3.24
      vertex 47.02 29.18 3.24
    endloop
  endfacet
  facet normal 0.382673 0.923884 -0
    outer loop
      vertex 50.38 25.82 3.24
      vertex 48.0041 26.8041 14.48
      vertex 50.38 25.82 14.48
    endloop
  endfacet
  facet normal 0.382673 0.923884 0
    outer loop
      vertex 48.0041 26.8041 14.48
      vertex 50.38 25.82 3.24
      vertex 48.0041 26.8041 3.24
    endloop
  endfacet
  facet normal 0.923884 0.382673 0
    outer loop
      vertex 48.0041 26.8041 14.48
      vertex 47.02 29.18 3.24
      vertex 47.02 29.18 14.48
    endloop
  endfacet
  facet normal 0.923884 0.382673 0
    outer loop
      vertex 47.02 29.18 3.24
      vertex 48.0041 26.8041 14.48
      vertex 48.0041 26.8041 3.24
    endloop
  endfacet
  facet normal -0.923884 -0.382673 0
    outer loop
      vertex 53.74 20.18 3.24
      vertex 52.7559 22.5559 14.48
      vertex 52.7559 22.5559 3.24
    endloop
  endfacet
  facet normal -0.923884 -0.382673 0
    outer loop
      vertex 52.7559 22.5559 14.48
      vertex 53.74 20.18 3.24
      vertex 53.74 20.18 14.48
    endloop
  endfacet
  facet normal 0.923884 -0.382673 0
    outer loop
      vertex 47.02 20.18 14.48
      vertex 48.0041 22.5559 3.24
      vertex 48.0041 22.5559 14.48
    endloop
  endfacet
  facet normal 0.923884 -0.382673 0
    outer loop
      vertex 48.0041 22.5559 3.24
      vertex 47.02 20.18 14.48
      vertex 47.02 20.18 3.24
    endloop
  endfacet
  facet normal -0.382673 -0.923884 0
    outer loop
      vertex 50.38 23.54 3.24
      vertex 52.7559 22.5559 14.48
      vertex 50.38 23.54 14.48
    endloop
  endfacet
  facet normal -0.382673 -0.923884 -0
    outer loop
      vertex 52.7559 22.5559 14.48
      vertex 50.38 23.54 3.24
      vertex 52.7559 22.5559 3.24
    endloop
  endfacet
  facet normal -0.382673 0.923884 0
    outer loop
      vertex 52.7559 17.8041 3.24
      vertex 50.38 16.82 14.48
      vertex 52.7559 17.8041 14.48
    endloop
  endfacet
  facet normal -0.382673 0.923884 0
    outer loop
      vertex 50.38 16.82 14.48
      vertex 52.7559 17.8041 3.24
      vertex 50.38 16.82 3.24
    endloop
  endfacet
  facet normal 0.382673 -0.923884 0
    outer loop
      vertex 48.0041 22.5559 3.24
      vertex 50.38 23.54 14.48
      vertex 48.0041 22.5559 14.48
    endloop
  endfacet
  facet normal 0.382673 -0.923884 0
    outer loop
      vertex 50.38 23.54 14.48
      vertex 48.0041 22.5559 3.24
      vertex 50.38 23.54 3.24
    endloop
  endfacet
  facet normal -0.923884 0.382673 0
    outer loop
      vertex 52.7559 17.8041 3.24
      vertex 53.74 20.18 14.48
      vertex 53.74 20.18 3.24
    endloop
  endfacet
  facet normal -0.923884 0.382673 0
    outer loop
      vertex 53.74 20.18 14.48
      vertex 52.7559 17.8041 3.24
      vertex 52.7559 17.8041 14.48
    endloop
  endfacet
  facet normal 0.923884 0.382673 0
    outer loop
      vertex 48.0041 17.8041 14.48
      vertex 47.02 20.18 3.24
      vertex 47.02 20.18 14.48
    endloop
  endfacet
  facet normal 0.923884 0.382673 0
    outer loop
      vertex 47.02 20.18 3.24
      vertex 48.0041 17.8041 14.48
      vertex 48.0041 17.8041 3.24
    endloop
  endfacet
  facet normal 0 0 1
    outer loop
      vertex 52.7559 22.5559 3.24
      vertex 52.7559 17.8041 3.24
      vertex 53.74 20.18 3.24
    endloop
  endfacet
  facet normal 0 0 1
    outer loop
      vertex 50.38 23.54 3.24
      vertex 52.7559 17.8041 3.24
      vertex 52.7559 22.5559 3.24
    endloop
  endfacet
  facet normal 0 0 1
    outer loop
      vertex 50.38 23.54 3.24
      vertex 50.38 16.82 3.24
      vertex 52.7559 17.8041 3.24
    endloop
  endfacet
  facet normal -0 0 1
    outer loop
      vertex 48.0041 22.5559 3.24
      vertex 50.38 16.82 3.24
      vertex 50.38 23.54 3.24
    endloop
  endfacet
  facet normal 0 0 1
    outer loop
      vertex 48.0041 22.5559 3.24
      vertex 48.0041 17.8041 3.24
      vertex 50.38 16.82 3.24
    endloop
  endfacet
  facet normal 0 -0 1
    outer loop
      vertex 48.0041 17.8041 3.24
      vertex 48.0041 22.5559 3.24
      vertex 47.02 20.18 3.24
    endloop
  endfacet
  facet normal 0.382673 0.923884 -0
    outer loop
      vertex 50.38 16.82 3.24
      vertex 48.0041 17.8041 14.48
      vertex 50.38 16.82 14.48
    endloop
  endfacet
  facet normal 0.382673 0.923884 0
    outer loop
      vertex 48.0041 17.8041 14.48
      vertex 50.38 16.82 3.24
      vertex 48.0041 17.8041 3.24
    endloop
  endfacet
  facet normal -0.923884 -0.382673 0
    outer loop
      vertex 53.74 11.18 3.24
      vertex 52.7559 13.5559 14.48
      vertex 52.7559 13.5559 3.24
    endloop
  endfacet
  facet normal -0.923884 -0.382673 0
    outer loop
      vertex 52.7559 13.5559 14.48
      vertex 53.74 11.18 3.24
      vertex 53.74 11.18 14.48
    endloop
  endfacet
  facet normal 0.923884 -0.382673 0
    outer loop
      vertex 47.02 11.18 14.48
      vertex 48.0041 13.5559 3.24
      vertex 48.0041 13.5559 14.48
    endloop
  endfacet
  facet normal 0.923884 -0.382673 0
    outer loop
      vertex 48.0041 13.5559 3.24
      vertex 47.02 11.18 14.48
      vertex 47.02 11.18 3.24
    endloop
  endfacet
  facet normal -0.382673 -0.923884 0
    outer loop
      vertex 50.38 14.54 3.24
      vertex 52.7559 13.5559 14.48
      vertex 50.38 14.54 14.48
    endloop
  endfacet
  facet normal -0.382673 -0.923884 -0
    outer loop
      vertex 52.7559 13.5559 14.48
      vertex 50.38 14.54 3.24
      vertex 52.7559 13.5559 3.24
    endloop
  endfacet
  facet normal -0.38268 0.923881 0
    outer loop
      vertex 52.7559 8.80412 3.24
      vertex 50.38 7.82 14.48
      vertex 52.7559 8.80412 14.48
    endloop
  endfacet
  facet normal -0.38268 0.923881 0
    outer loop
      vertex 50.38 7.82 14.48
      vertex 52.7559 8.80412 3.24
      vertex 50.38 7.82 3.24
    endloop
  endfacet
  facet normal 0.382673 -0.923884 0
    outer loop
      vertex 48.0041 13.5559 3.24
      vertex 50.38 14.54 14.48
      vertex 48.0041 13.5559 14.48
    endloop
  endfacet
  facet normal 0.382673 -0.923884 0
    outer loop
      vertex 50.38 14.54 14.48
      vertex 48.0041 13.5559 3.24
      vertex 50.38 14.54 3.24
    endloop
  endfacet
  facet normal 0 0 1
    outer loop
      vertex 52.7559 13.5559 3.24
      vertex 52.7559 8.80412 3.24
      vertex 53.74 11.18 3.24
    endloop
  endfacet
  facet normal 0 0 1
    outer loop
      vertex 50.38 14.54 3.24
      vertex 52.7559 8.80412 3.24
      vertex 52.7559 13.5559 3.24
    endloop
  endfacet
  facet normal 0 0 1
    outer loop
      vertex 50.38 14.54 3.24
      vertex 50.38 7.82 3.24
      vertex 52.7559 8.80412 3.24
    endloop
  endfacet
  facet normal -0 0 1
    outer loop
      vertex 48.0041 13.5559 3.24
      vertex 50.38 7.82 3.24
      vertex 50.38 14.54 3.24
    endloop
  endfacet
  facet normal 0 0 1
    outer loop
      vertex 48.0041 13.5559 3.24
      vertex 48.0041 8.80412 3.24
      vertex 50.38 7.82 3.24
    endloop
  endfacet
  facet normal 0 -0 1
    outer loop
      vertex 48.0041 8.80412 3.24
      vertex 48.0041 13.5559 3.24
      vertex 47.02 11.18 3.24
    endloop
  endfacet
  facet normal -0.923883 0.382676 0
    outer loop
      vertex 52.7559 8.80412 3.24
      vertex 53.74 11.18 14.48
      vertex 53.74 11.18 3.24
    endloop
  endfacet
  facet normal -0.923883 0.382676 0
    outer loop
      vertex 53.74 11.18 14.48
      vertex 52.7559 8.80412 3.24
      vertex 52.7559 8.80412 14.48
    endloop
  endfacet
  facet normal 0.38268 0.923881 -0
    outer loop
      vertex 50.38 7.82 3.24
      vertex 48.0041 8.80412 14.48
      vertex 50.38 7.82 14.48
    endloop
  endfacet
  facet normal 0.38268 0.923881 0
    outer loop
      vertex 48.0041 8.80412 14.48
      vertex 50.38 7.82 3.24
      vertex 48.0041 8.80412 3.24
    endloop
  endfacet
  facet normal 0.923883 0.382676 0
    outer loop
      vertex 48.0041 8.80412 14.48
      vertex 47.02 11.18 3.24
      vertex 47.02 11.18 14.48
    endloop
  endfacet
  facet normal 0.923883 0.382676 0
    outer loop
      vertex 47.02 11.18 3.24
      vertex 48.0041 8.80412 14.48
      vertex 48.0041 8.80412 3.24
    endloop
  endfacet
  facet normal -0.923884 -0.382673 0
    outer loop
      vertex 62.74 74.18 3.24
      vertex 61.7559 76.5559 14.48
      vertex 61.7559 76.5559 3.24
    endloop
  endfacet
  facet normal -0.923884 -0.382673 0
    outer loop
      vertex 61.7559 76.5559 14.48
      vertex 62.74 74.18 3.24
      vertex 62.74 74.18 14.48
    endloop
  endfacet
  facet normal 0.923884 -0.382673 0
    outer loop
      vertex 56.02 74.18 14.48
      vertex 57.0041 76.5559 3.24
      vertex 57.0041 76.5559 14.48
    endloop
  endfacet
  facet normal 0.923884 -0.382673 0
    outer loop
      vertex 57.0041 76.5559 3.24
      vertex 56.02 74.18 14.48
      vertex 56.02 74.18 3.24
    endloop
  endfacet
  facet normal -0.382673 -0.923884 0
    outer loop
      vertex 59.38 77.54 3.24
      vertex 61.7559 76.5559 14.48
      vertex 59.38 77.54 14.48
    endloop
  endfacet
  facet normal -0.382673 -0.923884 -0
    outer loop
      vertex 61.7559 76.5559 14.48
      vertex 59.38 77.54 3.24
      vertex 61.7559 76.5559 3.24
    endloop
  endfacet
  facet normal -0.382673 0.923884 0
    outer loop
      vertex 61.7559 71.8041 3.24
      vertex 59.38 70.82 14.48
      vertex 61.7559 71.8041 14.48
    endloop
  endfacet
  facet normal -0.382673 0.923884 0
    outer loop
      vertex 59.38 70.82 14.48
      vertex 61.7559 71.8041 3.24
      vertex 59.38 70.82 3.24
    endloop
  endfacet
  facet normal 0.382673 -0.923884 0
    outer loop
      vertex 57.0041 76.5559 3.24
      vertex 59.38 77.54 14.48
      vertex 57.0041 76.5559 14.48
    endloop
  endfacet
  facet normal 0.382673 -0.923884 0
    outer loop
      vertex 59.38 77.54 14.48
      vertex 57.0041 76.5559 3.24
      vertex 59.38 77.54 3.24
    endloop
  endfacet
  facet normal -0.923884 0.382673 0
    outer loop
      vertex 61.7559 71.8041 3.24
      vertex 62.74 74.18 14.48
      vertex 62.74 74.18 3.24
    endloop
  endfacet
  facet normal -0.923884 0.382673 0
    outer loop
      vertex 62.74 74.18 14.48
      vertex 61.7559 71.8041 3.24
      vertex 61.7559 71.8041 14.48
    endloop
  endfacet
  facet normal 0.923884 0.382673 0
    outer loop
      vertex 57.0041 71.8041 14.48
      vertex 56.02 74.18 3.24
      vertex 56.02 74.18 14.48
    endloop
  endfacet
  facet normal 0.923884 0.382673 0
    outer loop
      vertex 56.02 74.18 3.24
      vertex 57.0041 71.8041 14.48
      vertex 57.0041 71.8041 3.24
    endloop
  endfacet
  facet normal 0 0 1
    outer loop
      vertex 61.7559 76.5559 3.24
      vertex 61.7559 71.8041 3.24
      vertex 62.74 74.18 3.24
    endloop
  endfacet
  facet normal 0 0 1
    outer loop
      vertex 59.38 77.54 3.24
      vertex 61.7559 71.8041 3.24
      vertex 61.7559 76.5559 3.24
    endloop
  endfacet
  facet normal 0 0 1
    outer loop
      vertex 59.38 77.54 3.24
      vertex 59.38 70.82 3.24
      vertex 61.7559 71.8041 3.24
    endloop
  endfacet
  facet normal -0 0 1
    outer loop
      vertex 57.0041 76.5559 3.24
      vertex 59.38 70.82 3.24
      vertex 59.38 77.54 3.24
    endloop
  endfacet
  facet normal 0 0 1
    outer loop
      vertex 57.0041 76.5559 3.24
      vertex 57.0041 71.8041 3.24
      vertex 59.38 70.82 3.24
    endloop
  endfacet
  facet normal 0 -0 1
    outer loop
      vertex 57.0041 71.8041 3.24
      vertex 57.0041 76.5559 3.24
      vertex 56.02 74.18 3.24
    endloop
  endfacet
  facet normal 0.382673 0.923884 -0
    outer loop
      vertex 59.38 70.82 3.24
      vertex 57.0041 71.8041 14.48
      vertex 59.38 70.82 14.48
    endloop
  endfacet
  facet normal 0.382673 0.923884 0
    outer loop
      vertex 57.0041 71.8041 14.48
      vertex 59.38 70.82 3.24
      vertex 57.0041 71.8041 3.24
    endloop
  endfacet
  facet normal -0.923884 -0.382673 0
    outer loop
      vertex 62.74 65.18 3.24
      vertex 61.7559 67.5559 14.48
      vertex 61.7559 67.5559 3.24
    endloop
  endfacet
  facet normal -0.923884 -0.382673 0
    outer loop
      vertex 61.7559 67.5559 14.48
      vertex 62.74 65.18 3.24
      vertex 62.74 65.18 14.48
    endloop
  endfacet
  facet normal 0.923884 -0.382673 0
    outer loop
      vertex 56.02 65.18 14.48
      vertex 57.0041 67.5559 3.24
      vertex 57.0041 67.5559 14.48
    endloop
  endfacet
  facet normal 0.923884 -0.382673 0
    outer loop
      vertex 57.0041 67.5559 3.24
      vertex 56.02 65.18 14.48
      vertex 56.02 65.18 3.24
    endloop
  endfacet
  facet normal -0.382673 -0.923884 0
    outer loop
      vertex 59.38 68.54 3.24
      vertex 61.7559 67.5559 14.48
      vertex 59.38 68.54 14.48
    endloop
  endfacet
  facet normal -0.382673 -0.923884 -0
    outer loop
      vertex 61.7559 67.5559 14.48
      vertex 59.38 68.54 3.24
      vertex 61.7559 67.5559 3.24
    endloop
  endfacet
  facet normal -0.382673 0.923884 0
    outer loop
      vertex 61.7559 62.8041 3.24
      vertex 59.38 61.82 14.48
      vertex 61.7559 62.8041 14.48
    endloop
  endfacet
  facet normal -0.382673 0.923884 0
    outer loop
      vertex 59.38 61.82 14.48
      vertex 61.7559 62.8041 3.24
      vertex 59.38 61.82 3.24
    endloop
  endfacet
  facet normal 0.382673 -0.923884 0
    outer loop
      vertex 57.0041 67.5559 3.24
      vertex 59.38 68.54 14.48
      vertex 57.0041 67.5559 14.48
    endloop
  endfacet
  facet normal 0.382673 -0.923884 0
    outer loop
      vertex 59.38 68.54 14.48
      vertex 57.0041 67.5559 3.24
      vertex 59.38 68.54 3.24
    endloop
  endfacet
  facet normal 0.923884 0.382673 0
    outer loop
      vertex 57.0041 62.8041 14.48
      vertex 56.02 65.18 3.24
      vertex 56.02 65.18 14.48
    endloop
  endfacet
  facet normal 0.923884 0.382673 0
    outer loop
      vertex 56.02 65.18 3.24
      vertex 57.0041 62.8041 14.48
      vertex 57.0041 62.8041 3.24
    endloop
  endfacet
  facet normal 0 0 1
    outer loop
      vertex 61.7559 67.5559 3.24
      vertex 61.7559 62.8041 3.24
      vertex 62.74 65.18 3.24
    endloop
  endfacet
  facet normal 0 0 1
    outer loop
      vertex 59.38 68.54 3.24
      vertex 61.7559 62.8041 3.24
      vertex 61.7559 67.5559 3.24
    endloop
  endfacet
  facet normal 0 0 1
    outer loop
      vertex 59.38 68.54 3.24
      vertex 59.38 61.82 3.24
      vertex 61.7559 62.8041 3.24
    endloop
  endfacet
  facet normal -0 0 1
    outer loop
      vertex 57.0041 67.5559 3.24
      vertex 59.38 61.82 3.24
      vertex 59.38 68.54 3.24
    endloop
  endfacet
  facet normal 0 0 1
    outer loop
      vertex 57.0041 67.5559 3.24
      vertex 57.0041 62.8041 3.24
      vertex 59.38 61.82 3.24
    endloop
  endfacet
  facet normal 0 -0 1
    outer loop
      vertex 57.0041 62.8041 3.24
      vertex 57.0041 67.5559 3.24
      vertex 56.02 65.18 3.24
    endloop
  endfacet
  facet normal -0.923884 0.382673 0
    outer loop
      vertex 61.7559 62.8041 3.24
      vertex 62.74 65.18 14.48
      vertex 62.74 65.18 3.24
    endloop
  endfacet
  facet normal -0.923884 0.382673 0
    outer loop
      vertex 62.74 65.18 14.48
      vertex 61.7559 62.8041 3.24
      vertex 61.7559 62.8041 14.48
    endloop
  endfacet
  facet normal 0.382673 0.923884 -0
    outer loop
      vertex 59.38 61.82 3.24
      vertex 57.0041 62.8041 14.48
      vertex 59.38 61.82 14.48
    endloop
  endfacet
  facet normal 0.382673 0.923884 0
    outer loop
      vertex 57.0041 62.8041 14.48
      vertex 59.38 61.82 3.24
      vertex 57.0041 62.8041 3.24
    endloop
  endfacet
  facet normal -0.923884 -0.382673 0
    outer loop
      vertex 62.74 56.18 3.24
      vertex 61.7559 58.5559 14.48
      vertex 61.7559 58.5559 3.24
    endloop
  endfacet
  facet normal -0.923884 -0.382673 0
    outer loop
      vertex 61.7559 58.5559 14.48
      vertex 62.74 56.18 3.24
      vertex 62.74 56.18 14.48
    endloop
  endfacet
  facet normal 0.923884 -0.382673 0
    outer loop
      vertex 56.02 56.18 14.48
      vertex 57.0041 58.5559 3.24
      vertex 57.0041 58.5559 14.48
    endloop
  endfacet
  facet normal 0.923884 -0.382673 0
    outer loop
      vertex 57.0041 58.5559 3.24
      vertex 56.02 56.18 14.48
      vertex 56.02 56.18 3.24
    endloop
  endfacet
  facet normal -0.382673 -0.923884 0
    outer loop
      vertex 59.38 59.54 3.24
      vertex 61.7559 58.5559 14.48
      vertex 59.38 59.54 14.48
    endloop
  endfacet
  facet normal -0.382673 -0.923884 -0
    outer loop
      vertex 61.7559 58.5559 14.48
      vertex 59.38 59.54 3.24
      vertex 61.7559 58.5559 3.24
    endloop
  endfacet
  facet normal -0.382673 0.923884 0
    outer loop
      vertex 61.7559 53.8041 3.24
      vertex 59.38 52.82 14.48
      vertex 61.7559 53.8041 14.48
    endloop
  endfacet
  facet normal -0.382673 0.923884 0
    outer loop
      vertex 59.38 52.82 14.48
      vertex 61.7559 53.8041 3.24
      vertex 59.38 52.82 3.24
    endloop
  endfacet
  facet normal 0.382673 -0.923884 0
    outer loop
      vertex 57.0041 58.5559 3.24
      vertex 59.38 59.54 14.48
      vertex 57.0041 58.5559 14.48
    endloop
  endfacet
  facet normal 0.382673 -0.923884 0
    outer loop
      vertex 59.38 59.54 14.48
      vertex 57.0041 58.5559 3.24
      vertex 59.38 59.54 3.24
    endloop
  endfacet
  facet normal -0.923884 0.382673 0
    outer loop
      vertex 61.7559 53.8041 3.24
      vertex 62.74 56.18 14.48
      vertex 62.74 56.18 3.24
    endloop
  endfacet
  facet normal -0.923884 0.382673 0
    outer loop
      vertex 62.74 56.18 14.48
      vertex 61.7559 53.8041 3.24
      vertex 61.7559 53.8041 14.48
    endloop
  endfacet
  facet normal 0.923884 0.382673 0
    outer loop
      vertex 57.0041 53.8041 14.48
      vertex 56.02 56.18 3.24
      vertex 56.02 56.18 14.48
    endloop
  endfacet
  facet normal 0.923884 0.382673 0
    outer loop
      vertex 56.02 56.18 3.24
      vertex 57.0041 53.8041 14.48
      vertex 57.0041 53.8041 3.24
    endloop
  endfacet
  facet normal 0 0 1
    outer loop
      vertex 61.7559 58.5559 3.24
      vertex 61.7559 53.8041 3.24
      vertex 62.74 56.18 3.24
    endloop
  endfacet
  facet normal 0 0 1
    outer loop
      vertex 59.38 59.54 3.24
      vertex 61.7559 53.8041 3.24
      vertex 61.7559 58.5559 3.24
    endloop
  endfacet
  facet normal 0 0 1
    outer loop
      vertex 59.38 59.54 3.24
      vertex 59.38 52.82 3.24
      vertex 61.7559 53.8041 3.24
    endloop
  endfacet
  facet normal -0 0 1
    outer loop
      vertex 57.0041 58.5559 3.24
      vertex 59.38 52.82 3.24
      vertex 59.38 59.54 3.24
    endloop
  endfacet
  facet normal 0 0 1
    outer loop
      vertex 57.0041 58.5559 3.24
      vertex 57.0041 53.8041 3.24
      vertex 59.38 52.82 3.24
    endloop
  endfacet
  facet normal 0 -0 1
    outer loop
      vertex 57.0041 53.8041 3.24
      vertex 57.0041 58.5559 3.24
      vertex 56.02 56.18 3.24
    endloop
  endfacet
  facet normal 0.382673 0.923884 -0
    outer loop
      vertex 59.38 52.82 3.24
      vertex 57.0041 53.8041 14.48
      vertex 59.38 52.82 14.48
    endloop
  endfacet
  facet normal 0.382673 0.923884 0
    outer loop
      vertex 57.0041 53.8041 14.48
      vertex 59.38 52.82 3.24
      vertex 57.0041 53.8041 3.24
    endloop
  endfacet
  facet normal -0.923884 -0.382673 0
    outer loop
      vertex 62.74 47.18 3.24
      vertex 61.7559 49.5559 14.48
      vertex 61.7559 49.5559 3.24
    endloop
  endfacet
  facet normal -0.923884 -0.382673 0
    outer loop
      vertex 61.7559 49.5559 14.48
      vertex 62.74 47.18 3.24
      vertex 62.74 47.18 14.48
    endloop
  endfacet
  facet normal 0.923884 -0.382673 0
    outer loop
      vertex 56.02 47.18 14.48
      vertex 57.0041 49.5559 3.24
      vertex 57.0041 49.5559 14.48
    endloop
  endfacet
  facet normal 0.923884 -0.382673 0
    outer loop
      vertex 57.0041 49.5559 3.24
      vertex 56.02 47.18 14.48
      vertex 56.02 47.18 3.24
    endloop
  endfacet
  facet normal -0.382673 -0.923884 0
    outer loop
      vertex 59.38 50.54 3.24
      vertex 61.7559 49.5559 14.48
      vertex 59.38 50.54 14.48
    endloop
  endfacet
  facet normal -0.382673 -0.923884 -0
    outer loop
      vertex 61.7559 49.5559 14.48
      vertex 59.38 50.54 3.24
      vertex 61.7559 49.5559 3.24
    endloop
  endfacet
  facet normal -0.382673 0.923884 0
    outer loop
      vertex 61.7559 44.8041 3.24
      vertex 59.38 43.82 14.48
      vertex 61.7559 44.8041 14.48
    endloop
  endfacet
  facet normal -0.382673 0.923884 0
    outer loop
      vertex 59.38 43.82 14.48
      vertex 61.7559 44.8041 3.24
      vertex 59.38 43.82 3.24
    endloop
  endfacet
  facet normal 0.382673 -0.923884 0
    outer loop
      vertex 57.0041 49.5559 3.24
      vertex 59.38 50.54 14.48
      vertex 57.0041 49.5559 14.48
    endloop
  endfacet
  facet normal 0.382673 -0.923884 0
    outer loop
      vertex 59.38 50.54 14.48
      vertex 57.0041 49.5559 3.24
      vertex 59.38 50.54 3.24
    endloop
  endfacet
  facet normal -0.923884 0.382673 0
    outer loop
      vertex 61.7559 44.8041 3.24
      vertex 62.74 47.18 14.48
      vertex 62.74 47.18 3.24
    endloop
  endfacet
  facet normal -0.923884 0.382673 0
    outer loop
      vertex 62.74 47.18 14.48
      vertex 61.7559 44.8041 3.24
      vertex 61.7559 44.8041 14.48
    endloop
  endfacet
  facet normal 0 0 1
    outer loop
      vertex 61.7559 49.5559 3.24
      vertex 61.7559 44.8041 3.24
      vertex 62.74 47.18 3.24
    endloop
  endfacet
  facet normal 0 0 1
    outer loop
      vertex 59.38 50.54 3.24
      vertex 61.7559 44.8041 3.24
      vertex 61.7559 49.5559 3.24
    endloop
  endfacet
  facet normal 0 0 1
    outer loop
      vertex 59.38 50.54 3.24
      vertex 59.38 43.82 3.24
      vertex 61.7559 44.8041 3.24
    endloop
  endfacet
  facet normal -0 0 1
    outer loop
      vertex 57.0041 49.5559 3.24
      vertex 59.38 43.82 3.24
      vertex 59.38 50.54 3.24
    endloop
  endfacet
  facet normal 0 0 1
    outer loop
      vertex 57.0041 49.5559 3.24
      vertex 57.0041 44.8041 3.24
      vertex 59.38 43.82 3.24
    endloop
  endfacet
  facet normal 0 -0 1
    outer loop
      vertex 57.0041 44.8041 3.24
      vertex 57.0041 49.5559 3.24
      vertex 56.02 47.18 3.24
    endloop
  endfacet
  facet normal 0.382673 0.923884 -0
    outer loop
      vertex 59.38 43.82 3.24
      vertex 57.0041 44.8041 14.48
      vertex 59.38 43.82 14.48
    endloop
  endfacet
  facet normal 0.382673 0.923884 0
    outer loop
      vertex 57.0041 44.8041 14.48
      vertex 59.38 43.82 3.24
      vertex 57.0041 44.8041 3.24
    endloop
  endfacet
  facet normal 0.923884 0.382673 0
    outer loop
      vertex 57.0041 44.8041 14.48
      vertex 56.02 47.18 3.24
      vertex 56.02 47.18 14.48
    endloop
  endfacet
  facet normal 0.923884 0.382673 0
    outer loop
      vertex 56.02 47.18 3.24
      vertex 57.0041 44.8041 14.48
      vertex 57.0041 44.8041 3.24
    endloop
  endfacet
  facet normal -0.923884 -0.382673 0
    outer loop
      vertex 62.74 38.18 3.24
      vertex 61.7559 40.5559 14.48
      vertex 61.7559 40.5559 3.24
    endloop
  endfacet
  facet normal -0.923884 -0.382673 0
    outer loop
      vertex 61.7559 40.5559 14.48
      vertex 62.74 38.18 3.24
      vertex 62.74 38.18 14.48
    endloop
  endfacet
  facet normal 0.923884 -0.382673 0
    outer loop
      vertex 56.02 38.18 14.48
      vertex 57.0041 40.5559 3.24
      vertex 57.0041 40.5559 14.48
    endloop
  endfacet
  facet normal 0.923884 -0.382673 0
    outer loop
      vertex 57.0041 40.5559 3.24
      vertex 56.02 38.18 14.48
      vertex 56.02 38.18 3.24
    endloop
  endfacet
  facet normal -0.382673 -0.923884 0
    outer loop
      vertex 59.38 41.54 3.24
      vertex 61.7559 40.5559 14.48
      vertex 59.38 41.54 14.48
    endloop
  endfacet
  facet normal -0.382673 -0.923884 -0
    outer loop
      vertex 61.7559 40.5559 14.48
      vertex 59.38 41.54 3.24
      vertex 61.7559 40.5559 3.24
    endloop
  endfacet
  facet normal -0.382673 0.923884 0
    outer loop
      vertex 61.7559 35.8041 3.24
      vertex 59.38 34.82 14.48
      vertex 61.7559 35.8041 14.48
    endloop
  endfacet
  facet normal -0.382673 0.923884 0
    outer loop
      vertex 59.38 34.82 14.48
      vertex 61.7559 35.8041 3.24
      vertex 59.38 34.82 3.24
    endloop
  endfacet
  facet normal 0.382673 -0.923884 0
    outer loop
      vertex 57.0041 40.5559 3.24
      vertex 59.38 41.54 14.48
      vertex 57.0041 40.5559 14.48
    endloop
  endfacet
  facet normal 0.382673 -0.923884 0
    outer loop
      vertex 59.38 41.54 14.48
      vertex 57.0041 40.5559 3.24
      vertex 59.38 41.54 3.24
    endloop
  endfacet
  facet normal 0.923884 0.382673 0
    outer loop
      vertex 57.0041 35.8041 14.48
      vertex 56.02 38.18 3.24
      vertex 56.02 38.18 14.48
    endloop
  endfacet
  facet normal 0.923884 0.382673 0
    outer loop
      vertex 56.02 38.18 3.24
      vertex 57.0041 35.8041 14.48
      vertex 57.0041 35.8041 3.24
    endloop
  endfacet
  facet normal 0 0 1
    outer loop
      vertex 61.7559 40.5559 3.24
      vertex 61.7559 35.8041 3.24
      vertex 62.74 38.18 3.24
    endloop
  endfacet
  facet normal 0 0 1
    outer loop
      vertex 59.38 41.54 3.24
      vertex 61.7559 35.8041 3.24
      vertex 61.7559 40.5559 3.24
    endloop
  endfacet
  facet normal 0 0 1
    outer loop
      vertex 59.38 41.54 3.24
      vertex 59.38 34.82 3.24
      vertex 61.7559 35.8041 3.24
    endloop
  endfacet
  facet normal -0 0 1
    outer loop
      vertex 57.0041 40.5559 3.24
      vertex 59.38 34.82 3.24
      vertex 59.38 41.54 3.24
    endloop
  endfacet
  facet normal 0 0 1
    outer loop
      vertex 57.0041 40.5559 3.24
      vertex 57.0041 35.8041 3.24
      vertex 59.38 34.82 3.24
    endloop
  endfacet
  facet normal 0 -0 1
    outer loop
      vertex 57.0041 35.8041 3.24
      vertex 57.0041 40.5559 3.24
      vertex 56.02 38.18 3.24
    endloop
  endfacet
  facet normal -0.923884 0.382673 0
    outer loop
      vertex 61.7559 35.8041 3.24
      vertex 62.74 38.18 14.48
      vertex 62.74 38.18 3.24
    endloop
  endfacet
  facet normal -0.923884 0.382673 0
    outer loop
      vertex 62.74 38.18 14.48
      vertex 61.7559 35.8041 3.24
      vertex 61.7559 35.8041 14.48
    endloop
  endfacet
  facet normal 0.382673 0.923884 -0
    outer loop
      vertex 59.38 34.82 3.24
      vertex 57.0041 35.8041 14.48
      vertex 59.38 34.82 14.48
    endloop
  endfacet
  facet normal 0.382673 0.923884 0
    outer loop
      vertex 57.0041 35.8041 14.48
      vertex 59.38 34.82 3.24
      vertex 57.0041 35.8041 3.24
    endloop
  endfacet
  facet normal -0.923884 -0.382673 0
    outer loop
      vertex 62.74 29.18 3.24
      vertex 61.7559 31.5559 14.48
      vertex 61.7559 31.5559 3.24
    endloop
  endfacet
  facet normal -0.923884 -0.382673 0
    outer loop
      vertex 61.7559 31.5559 14.48
      vertex 62.74 29.18 3.24
      vertex 62.74 29.18 14.48
    endloop
  endfacet
  facet normal 0.923884 -0.382673 0
    outer loop
      vertex 56.02 29.18 14.48
      vertex 57.0041 31.5559 3.24
      vertex 57.0041 31.5559 14.48
    endloop
  endfacet
  facet normal 0.923884 -0.382673 0
    outer loop
      vertex 57.0041 31.5559 3.24
      vertex 56.02 29.18 14.48
      vertex 56.02 29.18 3.24
    endloop
  endfacet
  facet normal -0.382673 -0.923884 0
    outer loop
      vertex 59.38 32.54 3.24
      vertex 61.7559 31.5559 14.48
      vertex 59.38 32.54 14.48
    endloop
  endfacet
  facet normal -0.382673 -0.923884 -0
    outer loop
      vertex 61.7559 31.5559 14.48
      vertex 59.38 32.54 3.24
      vertex 61.7559 31.5559 3.24
    endloop
  endfacet
  facet normal -0.382673 0.923884 0
    outer loop
      vertex 61.7559 26.8041 3.24
      vertex 59.38 25.82 14.48
      vertex 61.7559 26.8041 14.48
    endloop
  endfacet
  facet normal -0.382673 0.923884 0
    outer loop
      vertex 59.38 25.82 14.48
      vertex 61.7559 26.8041 3.24
      vertex 59.38 25.82 3.24
    endloop
  endfacet
  facet normal 0.382673 -0.923884 0
    outer loop
      vertex 57.0041 31.5559 3.24
      vertex 59.38 32.54 14.48
      vertex 57.0041 31.5559 14.48
    endloop
  endfacet
  facet normal 0.382673 -0.923884 0
    outer loop
      vertex 59.38 32.54 14.48
      vertex 57.0041 31.5559 3.24
      vertex 59.38 32.54 3.24
    endloop
  endfacet
  facet normal 0.923884 0.382673 0
    outer loop
      vertex 57.0041 26.8041 14.48
      vertex 56.02 29.18 3.24
      vertex 56.02 29.18 14.48
    endloop
  endfacet
  facet normal 0.923884 0.382673 0
    outer loop
      vertex 56.02 29.18 3.24
      vertex 57.0041 26.8041 14.48
      vertex 57.0041 26.8041 3.24
    endloop
  endfacet
  facet normal 0 0 1
    outer loop
      vertex 61.7559 31.5559 3.24
      vertex 61.7559 26.8041 3.24
      vertex 62.74 29.18 3.24
    endloop
  endfacet
  facet normal 0 0 1
    outer loop
      vertex 59.38 32.54 3.24
      vertex 61.7559 26.8041 3.24
      vertex 61.7559 31.5559 3.24
    endloop
  endfacet
  facet normal 0 0 1
    outer loop
      vertex 59.38 32.54 3.24
      vertex 59.38 25.82 3.24
      vertex 61.7559 26.8041 3.24
    endloop
  endfacet
  facet normal -0 0 1
    outer loop
      vertex 57.0041 31.5559 3.24
      vertex 59.38 25.82 3.24
      vertex 59.38 32.54 3.24
    endloop
  endfacet
  facet normal 0 0 1
    outer loop
      vertex 57.0041 31.5559 3.24
      vertex 57.0041 26.8041 3.24
      vertex 59.38 25.82 3.24
    endloop
  endfacet
  facet normal 0 -0 1
    outer loop
      vertex 57.0041 26.8041 3.24
      vertex 57.0041 31.5559 3.24
      vertex 56.02 29.18 3.24
    endloop
  endfacet
  facet normal -0.923884 0.382673 0
    outer loop
      vertex 61.7559 26.8041 3.24
      vertex 62.74 29.18 14.48
      vertex 62.74 29.18 3.24
    endloop
  endfacet
  facet normal -0.923884 0.382673 0
    outer loop
      vertex 62.74 29.18 14.48
      vertex 61.7559 26.8041 3.24
      vertex 61.7559 26.8041 14.48
    endloop
  endfacet
  facet normal 0.382673 0.923884 -0
    outer loop
      vertex 59.38 25.82 3.24
      vertex 57.0041 26.8041 14.48
      vertex 59.38 25.82 14.48
    endloop
  endfacet
  facet normal 0.382673 0.923884 0
    outer loop
      vertex 57.0041 26.8041 14.48
      vertex 59.38 25.82 3.24
      vertex 57.0041 26.8041 3.24
    endloop
  endfacet
  facet normal -0.923884 -0.382673 0
    outer loop
      vertex 62.74 20.18 3.24
      vertex 61.7559 22.5559 14.48
      vertex 61.7559 22.5559 3.24
    endloop
  endfacet
  facet normal -0.923884 -0.382673 0
    outer loop
      vertex 61.7559 22.5559 14.48
      vertex 62.74 20.18 3.24
      vertex 62.74 20.18 14.48
    endloop
  endfacet
  facet normal 0.923884 -0.382673 0
    outer loop
      vertex 56.02 20.18 14.48
      vertex 57.0041 22.5559 3.24
      vertex 57.0041 22.5559 14.48
    endloop
  endfacet
  facet normal 0.923884 -0.382673 0
    outer loop
      vertex 57.0041 22.5559 3.24
      vertex 56.02 20.18 14.48
      vertex 56.02 20.18 3.24
    endloop
  endfacet
  facet normal -0.382673 -0.923884 0
    outer loop
      vertex 59.38 23.54 3.24
      vertex 61.7559 22.5559 14.48
      vertex 59.38 23.54 14.48
    endloop
  endfacet
  facet normal -0.382673 -0.923884 -0
    outer loop
      vertex 61.7559 22.5559 14.48
      vertex 59.38 23.54 3.24
      vertex 61.7559 22.5559 3.24
    endloop
  endfacet
  facet normal -0.382673 0.923884 0
    outer loop
      vertex 61.7559 17.8041 3.24
      vertex 59.38 16.82 14.48
      vertex 61.7559 17.8041 14.48
    endloop
  endfacet
  facet normal -0.382673 0.923884 0
    outer loop
      vertex 59.38 16.82 14.48
      vertex 61.7559 17.8041 3.24
      vertex 59.38 16.82 3.24
    endloop
  endfacet
  facet normal 0.382673 -0.923884 0
    outer loop
      vertex 57.0041 22.5559 3.24
      vertex 59.38 23.54 14.48
      vertex 57.0041 22.5559 14.48
    endloop
  endfacet
  facet normal 0.382673 -0.923884 0
    outer loop
      vertex 59.38 23.54 14.48
      vertex 57.0041 22.5559 3.24
      vertex 59.38 23.54 3.24
    endloop
  endfacet
  facet normal -0.923884 0.382673 0
    outer loop
      vertex 61.7559 17.8041 3.24
      vertex 62.74 20.18 14.48
      vertex 62.74 20.18 3.24
    endloop
  endfacet
  facet normal -0.923884 0.382673 0
    outer loop
      vertex 62.74 20.18 14.48
      vertex 61.7559 17.8041 3.24
      vertex 61.7559 17.8041 14.48
    endloop
  endfacet
  facet normal 0 0 1
    outer loop
      vertex 61.7559 22.5559 3.24
      vertex 61.7559 17.8041 3.24
      vertex 62.74 20.18 3.24
    endloop
  endfacet
  facet normal 0 0 1
    outer loop
      vertex 59.38 23.54 3.24
      vertex 61.7559 17.8041 3.24
      vertex 61.7559 22.5559 3.24
    endloop
  endfacet
  facet normal 0 0 1
    outer loop
      vertex 59.38 23.54 3.24
      vertex 59.38 16.82 3.24
      vertex 61.7559 17.8041 3.24
    endloop
  endfacet
  facet normal -0 0 1
    outer loop
      vertex 57.0041 22.5559 3.24
      vertex 59.38 16.82 3.24
      vertex 59.38 23.54 3.24
    endloop
  endfacet
  facet normal 0 0 1
    outer loop
      vertex 57.0041 22.5559 3.24
      vertex 57.0041 17.8041 3.24
      vertex 59.38 16.82 3.24
    endloop
  endfacet
  facet normal 0 -0 1
    outer loop
      vertex 57.0041 17.8041 3.24
      vertex 57.0041 22.5559 3.24
      vertex 56.02 20.18 3.24
    endloop
  endfacet
  facet normal 0.382673 0.923884 -0
    outer loop
      vertex 59.38 16.82 3.24
      vertex 57.0041 17.8041 14.48
      vertex 59.38 16.82 14.48
    endloop
  endfacet
  facet normal 0.382673 0.923884 0
    outer loop
      vertex 57.0041 17.8041 14.48
      vertex 59.38 16.82 3.24
      vertex 57.0041 17.8041 3.24
    endloop
  endfacet
  facet normal 0.923884 0.382673 0
    outer loop
      vertex 57.0041 17.8041 14.48
      vertex 56.02 20.18 3.24
      vertex 56.02 20.18 14.48
    endloop
  endfacet
  facet normal 0.923884 0.382673 0
    outer loop
      vertex 56.02 20.18 3.24
      vertex 57.0041 17.8041 14.48
      vertex 57.0041 17.8041 3.24
    endloop
  endfacet
  facet normal -0.923884 -0.382673 0
    outer loop
      vertex 62.74 11.18 3.24
      vertex 61.7559 13.5559 14.48
      vertex 61.7559 13.5559 3.24
    endloop
  endfacet
  facet normal -0.923884 -0.382673 0
    outer loop
      vertex 61.7559 13.5559 14.48
      vertex 62.74 11.18 3.24
      vertex 62.74 11.18 14.48
    endloop
  endfacet
  facet normal 0.923884 -0.382673 0
    outer loop
      vertex 56.02 11.18 14.48
      vertex 57.0041 13.5559 3.24
      vertex 57.0041 13.5559 14.48
    endloop
  endfacet
  facet normal 0.923884 -0.382673 0
    outer loop
      vertex 57.0041 13.5559 3.24
      vertex 56.02 11.18 14.48
      vertex 56.02 11.18 3.24
    endloop
  endfacet
  facet normal -0.382673 -0.923884 0
    outer loop
      vertex 59.38 14.54 3.24
      vertex 61.7559 13.5559 14.48
      vertex 59.38 14.54 14.48
    endloop
  endfacet
  facet normal -0.382673 -0.923884 -0
    outer loop
      vertex 61.7559 13.5559 14.48
      vertex 59.38 14.54 3.24
      vertex 61.7559 13.5559 3.24
    endloop
  endfacet
  facet normal -0.38268 0.923881 0
    outer loop
      vertex 61.7559 8.80412 3.24
      vertex 59.38 7.82 14.48
      vertex 61.7559 8.80412 14.48
    endloop
  endfacet
  facet normal -0.38268 0.923881 0
    outer loop
      vertex 59.38 7.82 14.48
      vertex 61.7559 8.80412 3.24
      vertex 59.38 7.82 3.24
    endloop
  endfacet
  facet normal 0.382673 -0.923884 0
    outer loop
      vertex 57.0041 13.5559 3.24
      vertex 59.38 14.54 14.48
      vertex 57.0041 13.5559 14.48
    endloop
  endfacet
  facet normal 0.382673 -0.923884 0
    outer loop
      vertex 59.38 14.54 14.48
      vertex 57.0041 13.5559 3.24
      vertex 59.38 14.54 3.24
    endloop
  endfacet
  facet normal 0 0 1
    outer loop
      vertex 61.7559 13.5559 3.24
      vertex 61.7559 8.80412 3.24
      vertex 62.74 11.18 3.24
    endloop
  endfacet
  facet normal 0 0 1
    outer loop
      vertex 59.38 14.54 3.24
      vertex 61.7559 8.80412 3.24
      vertex 61.7559 13.5559 3.24
    endloop
  endfacet
  facet normal 0 0 1
    outer loop
      vertex 59.38 14.54 3.24
      vertex 59.38 7.82 3.24
      vertex 61.7559 8.80412 3.24
    endloop
  endfacet
  facet normal -0 0 1
    outer loop
      vertex 57.0041 13.5559 3.24
      vertex 59.38 7.82 3.24
      vertex 59.38 14.54 3.24
    endloop
  endfacet
  facet normal 0 0 1
    outer loop
      vertex 57.0041 13.5559 3.24
      vertex 57.0041 8.80412 3.24
      vertex 59.38 7.82 3.24
    endloop
  endfacet
  facet normal 0 -0 1
    outer loop
      vertex 57.0041 8.80412 3.24
      vertex 57.0041 13.5559 3.24
      vertex 56.02 11.18 3.24
    endloop
  endfacet
  facet normal -0.923883 0.382676 0
    outer loop
      vertex 61.7559 8.80412 3.24
      vertex 62.74 11.18 14.48
      vertex 62.74 11.18 3.24
    endloop
  endfacet
  facet normal -0.923883 0.382676 0
    outer loop
      vertex 62.74 11.18 14.48
      vertex 61.7559 8.80412 3.24
      vertex 61.7559 8.80412 14.48
    endloop
  endfacet
  facet normal 0.38268 0.923881 -0
    outer loop
      vertex 59.38 7.82 3.24
      vertex 57.0041 8.80412 14.48
      vertex 59.38 7.82 14.48
    endloop
  endfacet
  facet normal 0.38268 0.923881 0
    outer loop
      vertex 57.0041 8.80412 14.48
      vertex 59.38 7.82 3.24
      vertex 57.0041 8.80412 3.24
    endloop
  endfacet
  facet normal 0.923883 0.382676 0
    outer loop
      vertex 57.0041 8.80412 14.48
      vertex 56.02 11.18 3.24
      vertex 56.02 11.18 14.48
    endloop
  endfacet
  facet normal 0.923883 0.382676 0
    outer loop
      vertex 56.02 11.18 3.24
      vertex 57.0041 8.80412 14.48
      vertex 57.0041 8.80412 3.24
    endloop
  endfacet
  facet normal -0.923884 -0.382673 0
    outer loop
      vertex 71.74 74.18 3.24
      vertex 70.7559 76.5559 14.48
      vertex 70.7559 76.5559 3.24
    endloop
  endfacet
  facet normal -0.923884 -0.382673 0
    outer loop
      vertex 70.7559 76.5559 14.48
      vertex 71.74 74.18 3.24
      vertex 71.74 74.18 14.48
    endloop
  endfacet
  facet normal 0.923884 -0.382673 0
    outer loop
      vertex 65.02 74.18 14.48
      vertex 66.0041 76.5559 3.24
      vertex 66.0041 76.5559 14.48
    endloop
  endfacet
  facet normal 0.923884 -0.382673 0
    outer loop
      vertex 66.0041 76.5559 3.24
      vertex 65.02 74.18 14.48
      vertex 65.02 74.18 3.24
    endloop
  endfacet
  facet normal -0.382673 -0.923884 0
    outer loop
      vertex 68.38 77.54 3.24
      vertex 70.7559 76.5559 14.48
      vertex 68.38 77.54 14.48
    endloop
  endfacet
  facet normal -0.382673 -0.923884 -0
    outer loop
      vertex 70.7559 76.5559 14.48
      vertex 68.38 77.54 3.24
      vertex 70.7559 76.5559 3.24
    endloop
  endfacet
  facet normal -0.382673 0.923884 0
    outer loop
      vertex 70.7559 71.8041 3.24
      vertex 68.38 70.82 14.48
      vertex 70.7559 71.8041 14.48
    endloop
  endfacet
  facet normal -0.382673 0.923884 0
    outer loop
      vertex 68.38 70.82 14.48
      vertex 70.7559 71.8041 3.24
      vertex 68.38 70.82 3.24
    endloop
  endfacet
  facet normal 0.382673 -0.923884 0
    outer loop
      vertex 66.0041 76.5559 3.24
      vertex 68.38 77.54 14.48
      vertex 66.0041 76.5559 14.48
    endloop
  endfacet
  facet normal 0.382673 -0.923884 0
    outer loop
      vertex 68.38 77.54 14.48
      vertex 66.0041 76.5559 3.24
      vertex 68.38 77.54 3.24
    endloop
  endfacet
  facet normal -0.923884 0.382673 0
    outer loop
      vertex 70.7559 71.8041 3.24
      vertex 71.74 74.18 14.48
      vertex 71.74 74.18 3.24
    endloop
  endfacet
  facet normal -0.923884 0.382673 0
    outer loop
      vertex 71.74 74.18 14.48
      vertex 70.7559 71.8041 3.24
      vertex 70.7559 71.8041 14.48
    endloop
  endfacet
  facet normal 0 0 1
    outer loop
      vertex 70.7559 76.5559 3.24
      vertex 70.7559 71.8041 3.24
      vertex 71.74 74.18 3.24
    endloop
  endfacet
  facet normal 0 0 1
    outer loop
      vertex 68.38 77.54 3.24
      vertex 70.7559 71.8041 3.24
      vertex 70.7559 76.5559 3.24
    endloop
  endfacet
  facet normal 0 0 1
    outer loop
      vertex 68.38 77.54 3.24
      vertex 68.38 70.82 3.24
      vertex 70.7559 71.8041 3.24
    endloop
  endfacet
  facet normal -0 0 1
    outer loop
      vertex 66.0041 76.5559 3.24
      vertex 68.38 70.82 3.24
      vertex 68.38 77.54 3.24
    endloop
  endfacet
  facet normal 0 0 1
    outer loop
      vertex 66.0041 76.5559 3.24
      vertex 66.0041 71.8041 3.24
      vertex 68.38 70.82 3.24
    endloop
  endfacet
  facet normal 0 -0 1
    outer loop
      vertex 66.0041 71.8041 3.24
      vertex 66.0041 76.5559 3.24
      vertex 65.02 74.18 3.24
    endloop
  endfacet
  facet normal 0.382673 0.923884 -0
    outer loop
      vertex 68.38 70.82 3.24
      vertex 66.0041 71.8041 14.48
      vertex 68.38 70.82 14.48
    endloop
  endfacet
  facet normal 0.382673 0.923884 0
    outer loop
      vertex 66.0041 71.8041 14.48
      vertex 68.38 70.82 3.24
      vertex 66.0041 71.8041 3.24
    endloop
  endfacet
  facet normal 0.923884 0.382673 0
    outer loop
      vertex 66.0041 71.8041 14.48
      vertex 65.02 74.18 3.24
      vertex 65.02 74.18 14.48
    endloop
  endfacet
  facet normal 0.923884 0.382673 0
    outer loop
      vertex 65.02 74.18 3.24
      vertex 66.0041 71.8041 14.48
      vertex 66.0041 71.8041 3.24
    endloop
  endfacet
  facet normal -0.923884 -0.382673 0
    outer loop
      vertex 71.74 65.18 3.24
      vertex 70.7559 67.5559 14.48
      vertex 70.7559 67.5559 3.24
    endloop
  endfacet
  facet normal -0.923884 -0.382673 0
    outer loop
      vertex 70.7559 67.5559 14.48
      vertex 71.74 65.18 3.24
      vertex 71.74 65.18 14.48
    endloop
  endfacet
  facet normal 0.923884 -0.382673 0
    outer loop
      vertex 65.02 65.18 14.48
      vertex 66.0041 67.5559 3.24
      vertex 66.0041 67.5559 14.48
    endloop
  endfacet
  facet normal 0.923884 -0.382673 0
    outer loop
      vertex 66.0041 67.5559 3.24
      vertex 65.02 65.18 14.48
      vertex 65.02 65.18 3.24
    endloop
  endfacet
  facet normal -0.382673 -0.923884 0
    outer loop
      vertex 68.38 68.54 3.24
      vertex 70.7559 67.5559 14.48
      vertex 68.38 68.54 14.48
    endloop
  endfacet
  facet normal -0.382673 -0.923884 -0
    outer loop
      vertex 70.7559 67.5559 14.48
      vertex 68.38 68.54 3.24
      vertex 70.7559 67.5559 3.24
    endloop
  endfacet
  facet normal -0.382673 0.923884 0
    outer loop
      vertex 70.7559 62.8041 3.24
      vertex 68.38 61.82 14.48
      vertex 70.7559 62.8041 14.48
    endloop
  endfacet
  facet normal -0.382673 0.923884 0
    outer loop
      vertex 68.38 61.82 14.48
      vertex 70.7559 62.8041 3.24
      vertex 68.38 61.82 3.24
    endloop
  endfacet
  facet normal 0.382673 -0.923884 0
    outer loop
      vertex 66.0041 67.5559 3.24
      vertex 68.38 68.54 14.48
      vertex 66.0041 67.5559 14.48
    endloop
  endfacet
  facet normal 0.382673 -0.923884 0
    outer loop
      vertex 68.38 68.54 14.48
      vertex 66.0041 67.5559 3.24
      vertex 68.38 68.54 3.24
    endloop
  endfacet
  facet normal 0 0 1
    outer loop
      vertex 70.7559 67.5559 3.24
      vertex 70.7559 62.8041 3.24
      vertex 71.74 65.18 3.24
    endloop
  endfacet
  facet normal 0 0 1
    outer loop
      vertex 68.38 68.54 3.24
      vertex 70.7559 62.8041 3.24
      vertex 70.7559 67.5559 3.24
    endloop
  endfacet
  facet normal 0 0 1
    outer loop
      vertex 68.38 68.54 3.24
      vertex 68.38 61.82 3.24
      vertex 70.7559 62.8041 3.24
    endloop
  endfacet
  facet normal -0 0 1
    outer loop
      vertex 66.0041 67.5559 3.24
      vertex 68.38 61.82 3.24
      vertex 68.38 68.54 3.24
    endloop
  endfacet
  facet normal 0 0 1
    outer loop
      vertex 66.0041 67.5559 3.24
      vertex 66.0041 62.8041 3.24
      vertex 68.38 61.82 3.24
    endloop
  endfacet
  facet normal 0 -0 1
    outer loop
      vertex 66.0041 62.8041 3.24
      vertex 66.0041 67.5559 3.24
      vertex 65.02 65.18 3.24
    endloop
  endfacet
  facet normal -0.923884 0.382673 0
    outer loop
      vertex 70.7559 62.8041 3.24
      vertex 71.74 65.18 14.48
      vertex 71.74 65.18 3.24
    endloop
  endfacet
  facet normal -0.923884 0.382673 0
    outer loop
      vertex 71.74 65.18 14.48
      vertex 70.7559 62.8041 3.24
      vertex 70.7559 62.8041 14.48
    endloop
  endfacet
  facet normal 0.382673 0.923884 -0
    outer loop
      vertex 68.38 61.82 3.24
      vertex 66.0041 62.8041 14.48
      vertex 68.38 61.82 14.48
    endloop
  endfacet
  facet normal 0.382673 0.923884 0
    outer loop
      vertex 66.0041 62.8041 14.48
      vertex 68.38 61.82 3.24
      vertex 66.0041 62.8041 3.24
    endloop
  endfacet
  facet normal 0.923884 0.382673 0
    outer loop
      vertex 66.0041 62.8041 14.48
      vertex 65.02 65.18 3.24
      vertex 65.02 65.18 14.48
    endloop
  endfacet
  facet normal 0.923884 0.382673 0
    outer loop
      vertex 65.02 65.18 3.24
      vertex 66.0041 62.8041 14.48
      vertex 66.0041 62.8041 3.24
    endloop
  endfacet
  facet normal -0.923884 -0.382673 0
    outer loop
      vertex 71.74 56.18 3.24
      vertex 70.7559 58.5559 14.48
      vertex 70.7559 58.5559 3.24
    endloop
  endfacet
  facet normal -0.923884 -0.382673 0
    outer loop
      vertex 70.7559 58.5559 14.48
      vertex 71.74 56.18 3.24
      vertex 71.74 56.18 14.48
    endloop
  endfacet
  facet normal 0.923884 -0.382673 0
    outer loop
      vertex 65.02 56.18 14.48
      vertex 66.0041 58.5559 3.24
      vertex 66.0041 58.5559 14.48
    endloop
  endfacet
  facet normal 0.923884 -0.382673 0
    outer loop
      vertex 66.0041 58.5559 3.24
      vertex 65.02 56.18 14.48
      vertex 65.02 56.18 3.24
    endloop
  endfacet
  facet normal -0.382673 -0.923884 0
    outer loop
      vertex 68.38 59.54 3.24
      vertex 70.7559 58.5559 14.48
      vertex 68.38 59.54 14.48
    endloop
  endfacet
  facet normal -0.382673 -0.923884 -0
    outer loop
      vertex 70.7559 58.5559 14.48
      vertex 68.38 59.54 3.24
      vertex 70.7559 58.5559 3.24
    endloop
  endfacet
  facet normal -0.382673 0.923884 0
    outer loop
      vertex 70.7559 53.8041 3.24
      vertex 68.38 52.82 14.48
      vertex 70.7559 53.8041 14.48
    endloop
  endfacet
  facet normal -0.382673 0.923884 0
    outer loop
      vertex 68.38 52.82 14.48
      vertex 70.7559 53.8041 3.24
      vertex 68.38 52.82 3.24
    endloop
  endfacet
  facet normal 0.382673 -0.923884 0
    outer loop
      vertex 66.0041 58.5559 3.24
      vertex 68.38 59.54 14.48
      vertex 66.0041 58.5559 14.48
    endloop
  endfacet
  facet normal 0.382673 -0.923884 0
    outer loop
      vertex 68.38 59.54 14.48
      vertex 66.0041 58.5559 3.24
      vertex 68.38 59.54 3.24
    endloop
  endfacet
  facet normal -0.923884 0.382673 0
    outer loop
      vertex 70.7559 53.8041 3.24
      vertex 71.74 56.18 14.48
      vertex 71.74 56.18 3.24
    endloop
  endfacet
  facet normal -0.923884 0.382673 0
    outer loop
      vertex 71.74 56.18 14.48
      vertex 70.7559 53.8041 3.24
      vertex 70.7559 53.8041 14.48
    endloop
  endfacet
  facet normal 0.923884 0.382673 0
    outer loop
      vertex 66.0041 53.8041 14.48
      vertex 65.02 56.18 3.24
      vertex 65.02 56.18 14.48
    endloop
  endfacet
  facet normal 0.923884 0.382673 0
    outer loop
      vertex 65.02 56.18 3.24
      vertex 66.0041 53.8041 14.48
      vertex 66.0041 53.8041 3.24
    endloop
  endfacet
  facet normal 0 0 1
    outer loop
      vertex 70.7559 58.5559 3.24
      vertex 70.7559 53.8041 3.24
      vertex 71.74 56.18 3.24
    endloop
  endfacet
  facet normal 0 0 1
    outer loop
      vertex 68.38 59.54 3.24
      vertex 70.7559 53.8041 3.24
      vertex 70.7559 58.5559 3.24
    endloop
  endfacet
  facet normal 0 0 1
    outer loop
      vertex 68.38 59.54 3.24
      vertex 68.38 52.82 3.24
      vertex 70.7559 53.8041 3.24
    endloop
  endfacet
  facet normal -0 0 1
    outer loop
      vertex 66.0041 58.5559 3.24
      vertex 68.38 52.82 3.24
      vertex 68.38 59.54 3.24
    endloop
  endfacet
  facet normal 0 0 1
    outer loop
      vertex 66.0041 58.5559 3.24
      vertex 66.0041 53.8041 3.24
      vertex 68.38 52.82 3.24
    endloop
  endfacet
  facet normal 0 -0 1
    outer loop
      vertex 66.0041 53.8041 3.24
      vertex 66.0041 58.5559 3.24
      vertex 65.02 56.18 3.24
    endloop
  endfacet
  facet normal 0.382673 0.923884 -0
    outer loop
      vertex 68.38 52.82 3.24
      vertex 66.0041 53.8041 14.48
      vertex 68.38 52.82 14.48
    endloop
  endfacet
  facet normal 0.382673 0.923884 0
    outer loop
      vertex 66.0041 53.8041 14.48
      vertex 68.38 52.82 3.24
      vertex 66.0041 53.8041 3.24
    endloop
  endfacet
  facet normal -0.923884 -0.382673 0
    outer loop
      vertex 71.74 47.18 3.24
      vertex 70.7559 49.5559 14.48
      vertex 70.7559 49.5559 3.24
    endloop
  endfacet
  facet normal -0.923884 -0.382673 0
    outer loop
      vertex 70.7559 49.5559 14.48
      vertex 71.74 47.18 3.24
      vertex 71.74 47.18 14.48
    endloop
  endfacet
  facet normal 0.923884 -0.382673 0
    outer loop
      vertex 65.02 47.18 14.48
      vertex 66.0041 49.5559 3.24
      vertex 66.0041 49.5559 14.48
    endloop
  endfacet
  facet normal 0.923884 -0.382673 0
    outer loop
      vertex 66.0041 49.5559 3.24
      vertex 65.02 47.18 14.48
      vertex 65.02 47.18 3.24
    endloop
  endfacet
  facet normal -0.382673 -0.923884 0
    outer loop
      vertex 68.38 50.54 3.24
      vertex 70.7559 49.5559 14.48
      vertex 68.38 50.54 14.48
    endloop
  endfacet
  facet normal -0.382673 -0.923884 -0
    outer loop
      vertex 70.7559 49.5559 14.48
      vertex 68.38 50.54 3.24
      vertex 70.7559 49.5559 3.24
    endloop
  endfacet
  facet normal -0.382673 0.923884 0
    outer loop
      vertex 70.7559 44.8041 3.24
      vertex 68.38 43.82 14.48
      vertex 70.7559 44.8041 14.48
    endloop
  endfacet
  facet normal -0.382673 0.923884 0
    outer loop
      vertex 68.38 43.82 14.48
      vertex 70.7559 44.8041 3.24
      vertex 68.38 43.82 3.24
    endloop
  endfacet
  facet normal 0.382673 -0.923884 0
    outer loop
      vertex 66.0041 49.5559 3.24
      vertex 68.38 50.54 14.48
      vertex 66.0041 49.5559 14.48
    endloop
  endfacet
  facet normal 0.382673 -0.923884 0
    outer loop
      vertex 68.38 50.54 14.48
      vertex 66.0041 49.5559 3.24
      vertex 68.38 50.54 3.24
    endloop
  endfacet
  facet normal -0.923884 0.382673 0
    outer loop
      vertex 70.7559 44.8041 3.24
      vertex 71.74 47.18 14.48
      vertex 71.74 47.18 3.24
    endloop
  endfacet
  facet normal -0.923884 0.382673 0
    outer loop
      vertex 71.74 47.18 14.48
      vertex 70.7559 44.8041 3.24
      vertex 70.7559 44.8041 14.48
    endloop
  endfacet
  facet normal 0.923884 0.382673 0
    outer loop
      vertex 66.0041 44.8041 14.48
      vertex 65.02 47.18 3.24
      vertex 65.02 47.18 14.48
    endloop
  endfacet
  facet normal 0.923884 0.382673 0
    outer loop
      vertex 65.02 47.18 3.24
      vertex 66.0041 44.8041 14.48
      vertex 66.0041 44.8041 3.24
    endloop
  endfacet
  facet normal 0 0 1
    outer loop
      vertex 70.7559 49.5559 3.24
      vertex 70.7559 44.8041 3.24
      vertex 71.74 47.18 3.24
    endloop
  endfacet
  facet normal 0 0 1
    outer loop
      vertex 68.38 50.54 3.24
      vertex 70.7559 44.8041 3.24
      vertex 70.7559 49.5559 3.24
    endloop
  endfacet
  facet normal 0 0 1
    outer loop
      vertex 68.38 50.54 3.24
      vertex 68.38 43.82 3.24
      vertex 70.7559 44.8041 3.24
    endloop
  endfacet
  facet normal -0 0 1
    outer loop
      vertex 66.0041 49.5559 3.24
      vertex 68.38 43.82 3.24
      vertex 68.38 50.54 3.24
    endloop
  endfacet
  facet normal 0 0 1
    outer loop
      vertex 66.0041 49.5559 3.24
      vertex 66.0041 44.8041 3.24
      vertex 68.38 43.82 3.24
    endloop
  endfacet
  facet normal 0 -0 1
    outer loop
      vertex 66.0041 44.8041 3.24
      vertex 66.0041 49.5559 3.24
      vertex 65.02 47.18 3.24
    endloop
  endfacet
  facet normal 0.382673 0.923884 -0
    outer loop
      vertex 68.38 43.82 3.24
      vertex 66.0041 44.8041 14.48
      vertex 68.38 43.82 14.48
    endloop
  endfacet
  facet normal 0.382673 0.923884 0
    outer loop
      vertex 66.0041 44.8041 14.48
      vertex 68.38 43.82 3.24
      vertex 66.0041 44.8041 3.24
    endloop
  endfacet
  facet normal -0.923884 -0.382673 0
    outer loop
      vertex 71.74 38.18 3.24
      vertex 70.7559 40.5559 14.48
      vertex 70.7559 40.5559 3.24
    endloop
  endfacet
  facet normal -0.923884 -0.382673 0
    outer loop
      vertex 70.7559 40.5559 14.48
      vertex 71.74 38.18 3.24
      vertex 71.74 38.18 14.48
    endloop
  endfacet
  facet normal 0.923884 -0.382673 0
    outer loop
      vertex 65.02 38.18 14.48
      vertex 66.0041 40.5559 3.24
      vertex 66.0041 40.5559 14.48
    endloop
  endfacet
  facet normal 0.923884 -0.382673 0
    outer loop
      vertex 66.0041 40.5559 3.24
      vertex 65.02 38.18 14.48
      vertex 65.02 38.18 3.24
    endloop
  endfacet
  facet normal -0.382673 -0.923884 0
    outer loop
      vertex 68.38 41.54 3.24
      vertex 70.7559 40.5559 14.48
      vertex 68.38 41.54 14.48
    endloop
  endfacet
  facet normal -0.382673 -0.923884 -0
    outer loop
      vertex 70.7559 40.5559 14.48
      vertex 68.38 41.54 3.24
      vertex 70.7559 40.5559 3.24
    endloop
  endfacet
  facet normal -0.382673 0.923884 0
    outer loop
      vertex 70.7559 35.8041 3.24
      vertex 68.38 34.82 14.48
      vertex 70.7559 35.8041 14.48
    endloop
  endfacet
  facet normal -0.382673 0.923884 0
    outer loop
      vertex 68.38 34.82 14.48
      vertex 70.7559 35.8041 3.24
      vertex 68.38 34.82 3.24
    endloop
  endfacet
  facet normal 0.382673 -0.923884 0
    outer loop
      vertex 66.0041 40.5559 3.24
      vertex 68.38 41.54 14.48
      vertex 66.0041 40.5559 14.48
    endloop
  endfacet
  facet normal 0.382673 -0.923884 0
    outer loop
      vertex 68.38 41.54 14.48
      vertex 66.0041 40.5559 3.24
      vertex 68.38 41.54 3.24
    endloop
  endfacet
  facet normal -0.923884 0.382673 0
    outer loop
      vertex 70.7559 35.8041 3.24
      vertex 71.74 38.18 14.48
      vertex 71.74 38.18 3.24
    endloop
  endfacet
  facet normal -0.923884 0.382673 0
    outer loop
      vertex 71.74 38.18 14.48
      vertex 70.7559 35.8041 3.24
      vertex 70.7559 35.8041 14.48
    endloop
  endfacet
  facet normal 0.923884 0.382673 0
    outer loop
      vertex 66.0041 35.8041 14.48
      vertex 65.02 38.18 3.24
      vertex 65.02 38.18 14.48
    endloop
  endfacet
  facet normal 0.923884 0.382673 0
    outer loop
      vertex 65.02 38.18 3.24
      vertex 66.0041 35.8041 14.48
      vertex 66.0041 35.8041 3.24
    endloop
  endfacet
  facet normal 0 0 1
    outer loop
      vertex 70.7559 40.5559 3.24
      vertex 70.7559 35.8041 3.24
      vertex 71.74 38.18 3.24
    endloop
  endfacet
  facet normal 0 0 1
    outer loop
      vertex 68.38 41.54 3.24
      vertex 70.7559 35.8041 3.24
      vertex 70.7559 40.5559 3.24
    endloop
  endfacet
  facet normal 0 0 1
    outer loop
      vertex 68.38 41.54 3.24
      vertex 68.38 34.82 3.24
      vertex 70.7559 35.8041 3.24
    endloop
  endfacet
  facet normal -0 0 1
    outer loop
      vertex 66.0041 40.5559 3.24
      vertex 68.38 34.82 3.24
      vertex 68.38 41.54 3.24
    endloop
  endfacet
  facet normal 0 0 1
    outer loop
      vertex 66.0041 40.5559 3.24
      vertex 66.0041 35.8041 3.24
      vertex 68.38 34.82 3.24
    endloop
  endfacet
  facet normal 0 -0 1
    outer loop
      vertex 66.0041 35.8041 3.24
      vertex 66.0041 40.5559 3.24
      vertex 65.02 38.18 3.24
    endloop
  endfacet
  facet normal 0.382673 0.923884 -0
    outer loop
      vertex 68.38 34.82 3.24
      vertex 66.0041 35.8041 14.48
      vertex 68.38 34.82 14.48
    endloop
  endfacet
  facet normal 0.382673 0.923884 0
    outer loop
      vertex 66.0041 35.8041 14.48
      vertex 68.38 34.82 3.24
      vertex 66.0041 35.8041 3.24
    endloop
  endfacet
  facet normal -0.923884 -0.382673 0
    outer loop
      vertex 71.74 29.18 3.24
      vertex 70.7559 31.5559 14.48
      vertex 70.7559 31.5559 3.24
    endloop
  endfacet
  facet normal -0.923884 -0.382673 0
    outer loop
      vertex 70.7559 31.5559 14.48
      vertex 71.74 29.18 3.24
      vertex 71.74 29.18 14.48
    endloop
  endfacet
  facet normal 0.923884 -0.382673 0
    outer loop
      vertex 65.02 29.18 14.48
      vertex 66.0041 31.5559 3.24
      vertex 66.0041 31.5559 14.48
    endloop
  endfacet
  facet normal 0.923884 -0.382673 0
    outer loop
      vertex 66.0041 31.5559 3.24
      vertex 65.02 29.18 14.48
      vertex 65.02 29.18 3.24
    endloop
  endfacet
  facet normal -0.382673 -0.923884 0
    outer loop
      vertex 68.38 32.54 3.24
      vertex 70.7559 31.5559 14.48
      vertex 68.38 32.54 14.48
    endloop
  endfacet
  facet normal -0.382673 -0.923884 -0
    outer loop
      vertex 70.7559 31.5559 14.48
      vertex 68.38 32.54 3.24
      vertex 70.7559 31.5559 3.24
    endloop
  endfacet
  facet normal -0.382673 0.923884 0
    outer loop
      vertex 70.7559 26.8041 3.24
      vertex 68.38 25.82 14.48
      vertex 70.7559 26.8041 14.48
    endloop
  endfacet
  facet normal -0.382673 0.923884 0
    outer loop
      vertex 68.38 25.82 14.48
      vertex 70.7559 26.8041 3.24
      vertex 68.38 25.82 3.24
    endloop
  endfacet
  facet normal 0.382673 -0.923884 0
    outer loop
      vertex 66.0041 31.5559 3.24
      vertex 68.38 32.54 14.48
      vertex 66.0041 31.5559 14.48
    endloop
  endfacet
  facet normal 0.382673 -0.923884 0
    outer loop
      vertex 68.38 32.54 14.48
      vertex 66.0041 31.5559 3.24
      vertex 68.38 32.54 3.24
    endloop
  endfacet
  facet normal 0 0 1
    outer loop
      vertex 70.7559 31.5559 3.24
      vertex 70.7559 26.8041 3.24
      vertex 71.74 29.18 3.24
    endloop
  endfacet
  facet normal 0 0 1
    outer loop
      vertex 68.38 32.54 3.24
      vertex 70.7559 26.8041 3.24
      vertex 70.7559 31.5559 3.24
    endloop
  endfacet
  facet normal 0 0 1
    outer loop
      vertex 68.38 32.54 3.24
      vertex 68.38 25.82 3.24
      vertex 70.7559 26.8041 3.24
    endloop
  endfacet
  facet normal -0 0 1
    outer loop
      vertex 66.0041 31.5559 3.24
      vertex 68.38 25.82 3.24
      vertex 68.38 32.54 3.24
    endloop
  endfacet
  facet normal 0 0 1
    outer loop
      vertex 66.0041 31.5559 3.24
      vertex 66.0041 26.8041 3.24
      vertex 68.38 25.82 3.24
    endloop
  endfacet
  facet normal 0 -0 1
    outer loop
      vertex 66.0041 26.8041 3.24
      vertex 66.0041 31.5559 3.24
      vertex 65.02 29.18 3.24
    endloop
  endfacet
  facet normal -0.923884 0.382673 0
    outer loop
      vertex 70.7559 26.8041 3.24
      vertex 71.74 29.18 14.48
      vertex 71.74 29.18 3.24
    endloop
  endfacet
  facet normal -0.923884 0.382673 0
    outer loop
      vertex 71.74 29.18 14.48
      vertex 70.7559 26.8041 3.24
      vertex 70.7559 26.8041 14.48
    endloop
  endfacet
  facet normal 0.382673 0.923884 -0
    outer loop
      vertex 68.38 25.82 3.24
      vertex 66.0041 26.8041 14.48
      vertex 68.38 25.82 14.48
    endloop
  endfacet
  facet normal 0.382673 0.923884 0
    outer loop
      vertex 66.0041 26.8041 14.48
      vertex 68.38 25.82 3.24
      vertex 66.0041 26.8041 3.24
    endloop
  endfacet
  facet normal 0.923884 0.382673 0
    outer loop
      vertex 66.0041 26.8041 14.48
      vertex 65.02 29.18 3.24
      vertex 65.02 29.18 14.48
    endloop
  endfacet
  facet normal 0.923884 0.382673 0
    outer loop
      vertex 65.02 29.18 3.24
      vertex 66.0041 26.8041 14.48
      vertex 66.0041 26.8041 3.24
    endloop
  endfacet
  facet normal -0.923884 -0.382673 0
    outer loop
      vertex 71.74 20.18 3.24
      vertex 70.7559 22.5559 14.48
      vertex 70.7559 22.5559 3.24
    endloop
  endfacet
  facet normal -0.923884 -0.382673 0
    outer loop
      vertex 70.7559 22.5559 14.48
      vertex 71.74 20.18 3.24
      vertex 71.74 20.18 14.48
    endloop
  endfacet
  facet normal 0.923884 -0.382673 0
    outer loop
      vertex 65.02 20.18 14.48
      vertex 66.0041 22.5559 3.24
      vertex 66.0041 22.5559 14.48
    endloop
  endfacet
  facet normal 0.923884 -0.382673 0
    outer loop
      vertex 66.0041 22.5559 3.24
      vertex 65.02 20.18 14.48
      vertex 65.02 20.18 3.24
    endloop
  endfacet
  facet normal -0.382673 -0.923884 0
    outer loop
      vertex 68.38 23.54 3.24
      vertex 70.7559 22.5559 14.48
      vertex 68.38 23.54 14.48
    endloop
  endfacet
  facet normal -0.382673 -0.923884 -0
    outer loop
      vertex 70.7559 22.5559 14.48
      vertex 68.38 23.54 3.24
      vertex 70.7559 22.5559 3.24
    endloop
  endfacet
  facet normal -0.382673 0.923884 0
    outer loop
      vertex 70.7559 17.8041 3.24
      vertex 68.38 16.82 14.48
      vertex 70.7559 17.8041 14.48
    endloop
  endfacet
  facet normal -0.382673 0.923884 0
    outer loop
      vertex 68.38 16.82 14.48
      vertex 70.7559 17.8041 3.24
      vertex 68.38 16.82 3.24
    endloop
  endfacet
  facet normal 0.382673 -0.923884 0
    outer loop
      vertex 66.0041 22.5559 3.24
      vertex 68.38 23.54 14.48
      vertex 66.0041 22.5559 14.48
    endloop
  endfacet
  facet normal 0.382673 -0.923884 0
    outer loop
      vertex 68.38 23.54 14.48
      vertex 66.0041 22.5559 3.24
      vertex 68.38 23.54 3.24
    endloop
  endfacet
  facet normal 0 0 1
    outer loop
      vertex 70.7559 22.5559 3.24
      vertex 70.7559 17.8041 3.24
      vertex 71.74 20.18 3.24
    endloop
  endfacet
  facet normal 0 0 1
    outer loop
      vertex 68.38 23.54 3.24
      vertex 70.7559 17.8041 3.24
      vertex 70.7559 22.5559 3.24
    endloop
  endfacet
  facet normal 0 0 1
    outer loop
      vertex 68.38 23.54 3.24
      vertex 68.38 16.82 3.24
      vertex 70.7559 17.8041 3.24
    endloop
  endfacet
  facet normal -0 0 1
    outer loop
      vertex 66.0041 22.5559 3.24
      vertex 68.38 16.82 3.24
      vertex 68.38 23.54 3.24
    endloop
  endfacet
  facet normal 0 0 1
    outer loop
      vertex 66.0041 22.5559 3.24
      vertex 66.0041 17.8041 3.24
      vertex 68.38 16.82 3.24
    endloop
  endfacet
  facet normal 0 -0 1
    outer loop
      vertex 66.0041 17.8041 3.24
      vertex 66.0041 22.5559 3.24
      vertex 65.02 20.18 3.24
    endloop
  endfacet
  facet normal -0.923884 0.382673 0
    outer loop
      vertex 70.7559 17.8041 3.24
      vertex 71.74 20.18 14.48
      vertex 71.74 20.18 3.24
    endloop
  endfacet
  facet normal -0.923884 0.382673 0
    outer loop
      vertex 71.74 20.18 14.48
      vertex 70.7559 17.8041 3.24
      vertex 70.7559 17.8041 14.48
    endloop
  endfacet
  facet normal 0.382673 0.923884 -0
    outer loop
      vertex 68.38 16.82 3.24
      vertex 66.0041 17.8041 14.48
      vertex 68.38 16.82 14.48
    endloop
  endfacet
  facet normal 0.382673 0.923884 0
    outer loop
      vertex 66.0041 17.8041 14.48
      vertex 68.38 16.82 3.24
      vertex 66.0041 17.8041 3.24
    endloop
  endfacet
  facet normal 0.923884 0.382673 0
    outer loop
      vertex 66.0041 17.8041 14.48
      vertex 65.02 20.18 3.24
      vertex 65.02 20.18 14.48
    endloop
  endfacet
  facet normal 0.923884 0.382673 0
    outer loop
      vertex 65.02 20.18 3.24
      vertex 66.0041 17.8041 14.48
      vertex 66.0041 17.8041 3.24
    endloop
  endfacet
  facet normal -0.923884 -0.382673 0
    outer loop
      vertex 71.74 11.18 3.24
      vertex 70.7559 13.5559 14.48
      vertex 70.7559 13.5559 3.24
    endloop
  endfacet
  facet normal -0.923884 -0.382673 0
    outer loop
      vertex 70.7559 13.5559 14.48
      vertex 71.74 11.18 3.24
      vertex 71.74 11.18 14.48
    endloop
  endfacet
  facet normal 0.923884 -0.382673 0
    outer loop
      vertex 65.02 11.18 14.48
      vertex 66.0041 13.5559 3.24
      vertex 66.0041 13.5559 14.48
    endloop
  endfacet
  facet normal 0.923884 -0.382673 0
    outer loop
      vertex 66.0041 13.5559 3.24
      vertex 65.02 11.18 14.48
      vertex 65.02 11.18 3.24
    endloop
  endfacet
  facet normal -0.382673 -0.923884 0
    outer loop
      vertex 68.38 14.54 3.24
      vertex 70.7559 13.5559 14.48
      vertex 68.38 14.54 14.48
    endloop
  endfacet
  facet normal -0.382673 -0.923884 -0
    outer loop
      vertex 70.7559 13.5559 14.48
      vertex 68.38 14.54 3.24
      vertex 70.7559 13.5559 3.24
    endloop
  endfacet
  facet normal -0.38268 0.923881 0
    outer loop
      vertex 70.7559 8.80412 3.24
      vertex 68.38 7.82 14.48
      vertex 70.7559 8.80412 14.48
    endloop
  endfacet
  facet normal -0.38268 0.923881 0
    outer loop
      vertex 68.38 7.82 14.48
      vertex 70.7559 8.80412 3.24
      vertex 68.38 7.82 3.24
    endloop
  endfacet
  facet normal 0.382673 -0.923884 0
    outer loop
      vertex 66.0041 13.5559 3.24
      vertex 68.38 14.54 14.48
      vertex 66.0041 13.5559 14.48
    endloop
  endfacet
  facet normal 0.382673 -0.923884 0
    outer loop
      vertex 68.38 14.54 14.48
      vertex 66.0041 13.5559 3.24
      vertex 68.38 14.54 3.24
    endloop
  endfacet
  facet normal 0 0 1
    outer loop
      vertex 70.7559 13.5559 3.24
      vertex 70.7559 8.80412 3.24
      vertex 71.74 11.18 3.24
    endloop
  endfacet
  facet normal 0 0 1
    outer loop
      vertex 68.38 14.54 3.24
      vertex 70.7559 8.80412 3.24
      vertex 70.7559 13.5559 3.24
    endloop
  endfacet
  facet normal 0 0 1
    outer loop
      vertex 68.38 14.54 3.24
      vertex 68.38 7.82 3.24
      vertex 70.7559 8.80412 3.24
    endloop
  endfacet
  facet normal -0 0 1
    outer loop
      vertex 66.0041 13.5559 3.24
      vertex 68.38 7.82 3.24
      vertex 68.38 14.54 3.24
    endloop
  endfacet
  facet normal 0 0 1
    outer loop
      vertex 66.0041 13.5559 3.24
      vertex 66.0041 8.80412 3.24
      vertex 68.38 7.82 3.24
    endloop
  endfacet
  facet normal 0 -0 1
    outer loop
      vertex 66.0041 8.80412 3.24
      vertex 66.0041 13.5559 3.24
      vertex 65.02 11.18 3.24
    endloop
  endfacet
  facet normal -0.923883 0.382676 0
    outer loop
      vertex 70.7559 8.80412 3.24
      vertex 71.74 11.18 14.48
      vertex 71.74 11.18 3.24
    endloop
  endfacet
  facet normal -0.923883 0.382676 0
    outer loop
      vertex 71.74 11.18 14.48
      vertex 70.7559 8.80412 3.24
      vertex 70.7559 8.80412 14.48
    endloop
  endfacet
  facet normal 0.38268 0.923881 -0
    outer loop
      vertex 68.38 7.82 3.24
      vertex 66.0041 8.80412 14.48
      vertex 68.38 7.82 14.48
    endloop
  endfacet
  facet normal 0.38268 0.923881 0
    outer loop
      vertex 66.0041 8.80412 14.48
      vertex 68.38 7.82 3.24
      vertex 66.0041 8.80412 3.24
    endloop
  endfacet
  facet normal 0.923883 0.382676 0
    outer loop
      vertex 66.0041 8.80412 14.48
      vertex 65.02 11.18 3.24
      vertex 65.02 11.18 14.48
    endloop
  endfacet
  facet normal 0.923883 0.382676 0
    outer loop
      vertex 65.02 11.18 3.24
      vertex 66.0041 8.80412 14.48
      vertex 66.0041 8.80412 3.24
    endloop
  endfacet
  facet normal -0.923884 -0.382673 0
    outer loop
      vertex 80.74 74.18 3.24
      vertex 79.7559 76.5559 14.48
      vertex 79.7559 76.5559 3.24
    endloop
  endfacet
  facet normal -0.923884 -0.382673 0
    outer loop
      vertex 79.7559 76.5559 14.48
      vertex 80.74 74.18 3.24
      vertex 80.74 74.18 14.48
    endloop
  endfacet
  facet normal 0.923884 -0.382673 0
    outer loop
      vertex 74.02 74.18 14.48
      vertex 75.0041 76.5559 3.24
      vertex 75.0041 76.5559 14.48
    endloop
  endfacet
  facet normal 0.923884 -0.382673 0
    outer loop
      vertex 75.0041 76.5559 3.24
      vertex 74.02 74.18 14.48
      vertex 74.02 74.18 3.24
    endloop
  endfacet
  facet normal -0.382673 -0.923884 0
    outer loop
      vertex 77.38 77.54 3.24
      vertex 79.7559 76.5559 14.48
      vertex 77.38 77.54 14.48
    endloop
  endfacet
  facet normal -0.382673 -0.923884 -0
    outer loop
      vertex 79.7559 76.5559 14.48
      vertex 77.38 77.54 3.24
      vertex 79.7559 76.5559 3.24
    endloop
  endfacet
  facet normal -0.382673 0.923884 0
    outer loop
      vertex 79.7559 71.8041 3.24
      vertex 77.38 70.82 14.48
      vertex 79.7559 71.8041 14.48
    endloop
  endfacet
  facet normal -0.382673 0.923884 0
    outer loop
      vertex 77.38 70.82 14.48
      vertex 79.7559 71.8041 3.24
      vertex 77.38 70.82 3.24
    endloop
  endfacet
  facet normal 0.382673 -0.923884 0
    outer loop
      vertex 75.0041 76.5559 3.24
      vertex 77.38 77.54 14.48
      vertex 75.0041 76.5559 14.48
    endloop
  endfacet
  facet normal 0.382673 -0.923884 0
    outer loop
      vertex 77.38 77.54 14.48
      vertex 75.0041 76.5559 3.24
      vertex 77.38 77.54 3.24
    endloop
  endfacet
  facet normal -0.923884 0.382673 0
    outer loop
      vertex 79.7559 71.8041 3.24
      vertex 80.74 74.18 14.48
      vertex 80.74 74.18 3.24
    endloop
  endfacet
  facet normal -0.923884 0.382673 0
    outer loop
      vertex 80.74 74.18 14.48
      vertex 79.7559 71.8041 3.24
      vertex 79.7559 71.8041 14.48
    endloop
  endfacet
  facet normal 0 0 1
    outer loop
      vertex 79.7559 76.5559 3.24
      vertex 79.7559 71.8041 3.24
      vertex 80.74 74.18 3.24
    endloop
  endfacet
  facet normal 0 0 1
    outer loop
      vertex 77.38 77.54 3.24
      vertex 79.7559 71.8041 3.24
      vertex 79.7559 76.5559 3.24
    endloop
  endfacet
  facet normal 0 0 1
    outer loop
      vertex 77.38 77.54 3.24
      vertex 77.38 70.82 3.24
      vertex 79.7559 71.8041 3.24
    endloop
  endfacet
  facet normal -0 0 1
    outer loop
      vertex 75.0041 76.5559 3.24
      vertex 77.38 70.82 3.24
      vertex 77.38 77.54 3.24
    endloop
  endfacet
  facet normal 0 0 1
    outer loop
      vertex 75.0041 76.5559 3.24
      vertex 75.0041 71.8041 3.24
      vertex 77.38 70.82 3.24
    endloop
  endfacet
  facet normal 0 -0 1
    outer loop
      vertex 75.0041 71.8041 3.24
      vertex 75.0041 76.5559 3.24
      vertex 74.02 74.18 3.24
    endloop
  endfacet
  facet normal 0.382673 0.923884 -0
    outer loop
      vertex 77.38 70.82 3.24
      vertex 75.0041 71.8041 14.48
      vertex 77.38 70.82 14.48
    endloop
  endfacet
  facet normal 0.382673 0.923884 0
    outer loop
      vertex 75.0041 71.8041 14.48
      vertex 77.38 70.82 3.24
      vertex 75.0041 71.8041 3.24
    endloop
  endfacet
  facet normal 0.923884 0.382673 0
    outer loop
      vertex 75.0041 71.8041 14.48
      vertex 74.02 74.18 3.24
      vertex 74.02 74.18 14.48
    endloop
  endfacet
  facet normal 0.923884 0.382673 0
    outer loop
      vertex 74.02 74.18 3.24
      vertex 75.0041 71.8041 14.48
      vertex 75.0041 71.8041 3.24
    endloop
  endfacet
  facet normal -0.923884 -0.382673 0
    outer loop
      vertex 80.74 65.18 3.24
      vertex 79.7559 67.5559 14.48
      vertex 79.7559 67.5559 3.24
    endloop
  endfacet
  facet normal -0.923884 -0.382673 0
    outer loop
      vertex 79.7559 67.5559 14.48
      vertex 80.74 65.18 3.24
      vertex 80.74 65.18 14.48
    endloop
  endfacet
  facet normal 0.923884 -0.382673 0
    outer loop
      vertex 74.02 65.18 14.48
      vertex 75.0041 67.5559 3.24
      vertex 75.0041 67.5559 14.48
    endloop
  endfacet
  facet normal 0.923884 -0.382673 0
    outer loop
      vertex 75.0041 67.5559 3.24
      vertex 74.02 65.18 14.48
      vertex 74.02 65.18 3.24
    endloop
  endfacet
  facet normal -0.382673 -0.923884 0
    outer loop
      vertex 77.38 68.54 3.24
      vertex 79.7559 67.5559 14.48
      vertex 77.38 68.54 14.48
    endloop
  endfacet
  facet normal -0.382673 -0.923884 -0
    outer loop
      vertex 79.7559 67.5559 14.48
      vertex 77.38 68.54 3.24
      vertex 79.7559 67.5559 3.24
    endloop
  endfacet
  facet normal -0.382673 0.923884 0
    outer loop
      vertex 79.7559 62.8041 3.24
      vertex 77.38 61.82 14.48
      vertex 79.7559 62.8041 14.48
    endloop
  endfacet
  facet normal -0.382673 0.923884 0
    outer loop
      vertex 77.38 61.82 14.48
      vertex 79.7559 62.8041 3.24
      vertex 77.38 61.82 3.24
    endloop
  endfacet
  facet normal 0.382673 -0.923884 0
    outer loop
      vertex 75.0041 67.5559 3.24
      vertex 77.38 68.54 14.48
      vertex 75.0041 67.5559 14.48
    endloop
  endfacet
  facet normal 0.382673 -0.923884 0
    outer loop
      vertex 77.38 68.54 14.48
      vertex 75.0041 67.5559 3.24
      vertex 77.38 68.54 3.24
    endloop
  endfacet
  facet normal 0 0 1
    outer loop
      vertex 79.7559 67.5559 3.24
      vertex 79.7559 62.8041 3.24
      vertex 80.74 65.18 3.24
    endloop
  endfacet
  facet normal 0 0 1
    outer loop
      vertex 77.38 68.54 3.24
      vertex 79.7559 62.8041 3.24
      vertex 79.7559 67.5559 3.24
    endloop
  endfacet
  facet normal 0 0 1
    outer loop
      vertex 77.38 68.54 3.24
      vertex 77.38 61.82 3.24
      vertex 79.7559 62.8041 3.24
    endloop
  endfacet
  facet normal -0 0 1
    outer loop
      vertex 75.0041 67.5559 3.24
      vertex 77.38 61.82 3.24
      vertex 77.38 68.54 3.24
    endloop
  endfacet
  facet normal 0 0 1
    outer loop
      vertex 75.0041 67.5559 3.24
      vertex 75.0041 62.8041 3.24
      vertex 77.38 61.82 3.24
    endloop
  endfacet
  facet normal 0 -0 1
    outer loop
      vertex 75.0041 62.8041 3.24
      vertex 75.0041 67.5559 3.24
      vertex 74.02 65.18 3.24
    endloop
  endfacet
  facet normal -0.923884 0.382673 0
    outer loop
      vertex 79.7559 62.8041 3.24
      vertex 80.74 65.18 14.48
      vertex 80.74 65.18 3.24
    endloop
  endfacet
  facet normal -0.923884 0.382673 0
    outer loop
      vertex 80.74 65.18 14.48
      vertex 79.7559 62.8041 3.24
      vertex 79.7559 62.8041 14.48
    endloop
  endfacet
  facet normal 0.382673 0.923884 -0
    outer loop
      vertex 77.38 61.82 3.24
      vertex 75.0041 62.8041 14.48
      vertex 77.38 61.82 14.48
    endloop
  endfacet
  facet normal 0.382673 0.923884 0
    outer loop
      vertex 75.0041 62.8041 14.48
      vertex 77.38 61.82 3.24
      vertex 75.0041 62.8041 3.24
    endloop
  endfacet
  facet normal 0.923884 0.382673 0
    outer loop
      vertex 75.0041 62.8041 14.48
      vertex 74.02 65.18 3.24
      vertex 74.02 65.18 14.48
    endloop
  endfacet
  facet normal 0.923884 0.382673 0
    outer loop
      vertex 74.02 65.18 3.24
      vertex 75.0041 62.8041 14.48
      vertex 75.0041 62.8041 3.24
    endloop
  endfacet
  facet normal -0.923884 -0.382673 0
    outer loop
      vertex 80.74 56.18 3.24
      vertex 79.7559 58.5559 14.48
      vertex 79.7559 58.5559 3.24
    endloop
  endfacet
  facet normal -0.923884 -0.382673 0
    outer loop
      vertex 79.7559 58.5559 14.48
      vertex 80.74 56.18 3.24
      vertex 80.74 56.18 14.48
    endloop
  endfacet
  facet normal 0.923884 -0.382673 0
    outer loop
      vertex 74.02 56.18 14.48
      vertex 75.0041 58.5559 3.24
      vertex 75.0041 58.5559 14.48
    endloop
  endfacet
  facet normal 0.923884 -0.382673 0
    outer loop
      vertex 75.0041 58.5559 3.24
      vertex 74.02 56.18 14.48
      vertex 74.02 56.18 3.24
    endloop
  endfacet
  facet normal -0.382673 -0.923884 0
    outer loop
      vertex 77.38 59.54 3.24
      vertex 79.7559 58.5559 14.48
      vertex 77.38 59.54 14.48
    endloop
  endfacet
  facet normal -0.382673 -0.923884 -0
    outer loop
      vertex 79.7559 58.5559 14.48
      vertex 77.38 59.54 3.24
      vertex 79.7559 58.5559 3.24
    endloop
  endfacet
  facet normal -0.382673 0.923884 0
    outer loop
      vertex 79.7559 53.8041 3.24
      vertex 77.38 52.82 14.48
      vertex 79.7559 53.8041 14.48
    endloop
  endfacet
  facet normal -0.382673 0.923884 0
    outer loop
      vertex 77.38 52.82 14.48
      vertex 79.7559 53.8041 3.24
      vertex 77.38 52.82 3.24
    endloop
  endfacet
  facet normal 0.382673 -0.923884 0
    outer loop
      vertex 75.0041 58.5559 3.24
      vertex 77.38 59.54 14.48
      vertex 75.0041 58.5559 14.48
    endloop
  endfacet
  facet normal 0.382673 -0.923884 0
    outer loop
      vertex 77.38 59.54 14.48
      vertex 75.0041 58.5559 3.24
      vertex 77.38 59.54 3.24
    endloop
  endfacet
  facet normal -0.923884 0.382673 0
    outer loop
      vertex 79.7559 53.8041 3.24
      vertex 80.74 56.18 14.48
      vertex 80.74 56.18 3.24
    endloop
  endfacet
  facet normal -0.923884 0.382673 0
    outer loop
      vertex 80.74 56.18 14.48
      vertex 79.7559 53.8041 3.24
      vertex 79.7559 53.8041 14.48
    endloop
  endfacet
  facet normal 0 0 1
    outer loop
      vertex 79.7559 58.5559 3.24
      vertex 79.7559 53.8041 3.24
      vertex 80.74 56.18 3.24
    endloop
  endfacet
  facet normal 0 0 1
    outer loop
      vertex 77.38 59.54 3.24
      vertex 79.7559 53.8041 3.24
      vertex 79.7559 58.5559 3.24
    endloop
  endfacet
  facet normal 0 0 1
    outer loop
      vertex 77.38 59.54 3.24
      vertex 77.38 52.82 3.24
      vertex 79.7559 53.8041 3.24
    endloop
  endfacet
  facet normal -0 0 1
    outer loop
      vertex 75.0041 58.5559 3.24
      vertex 77.38 52.82 3.24
      vertex 77.38 59.54 3.24
    endloop
  endfacet
  facet normal 0 0 1
    outer loop
      vertex 75.0041 58.5559 3.24
      vertex 75.0041 53.8041 3.24
      vertex 77.38 52.82 3.24
    endloop
  endfacet
  facet normal 0 -0 1
    outer loop
      vertex 75.0041 53.8041 3.24
      vertex 75.0041 58.5559 3.24
      vertex 74.02 56.18 3.24
    endloop
  endfacet
  facet normal 0.382673 0.923884 -0
    outer loop
      vertex 77.38 52.82 3.24
      vertex 75.0041 53.8041 14.48
      vertex 77.38 52.82 14.48
    endloop
  endfacet
  facet normal 0.382673 0.923884 0
    outer loop
      vertex 75.0041 53.8041 14.48
      vertex 77.38 52.82 3.24
      vertex 75.0041 53.8041 3.24
    endloop
  endfacet
  facet normal 0.923884 0.382673 0
    outer loop
      vertex 75.0041 53.8041 14.48
      vertex 74.02 56.18 3.24
      vertex 74.02 56.18 14.48
    endloop
  endfacet
  facet normal 0.923884 0.382673 0
    outer loop
      vertex 74.02 56.18 3.24
      vertex 75.0041 53.8041 14.48
      vertex 75.0041 53.8041 3.24
    endloop
  endfacet
  facet normal -0.923884 -0.382673 0
    outer loop
      vertex 80.74 47.18 3.24
      vertex 79.7559 49.5559 14.48
      vertex 79.7559 49.5559 3.24
    endloop
  endfacet
  facet normal -0.923884 -0.382673 0
    outer loop
      vertex 79.7559 49.5559 14.48
      vertex 80.74 47.18 3.24
      vertex 80.74 47.18 14.48
    endloop
  endfacet
  facet normal 0.923884 -0.382673 0
    outer loop
      vertex 74.02 47.18 14.48
      vertex 75.0041 49.5559 3.24
      vertex 75.0041 49.5559 14.48
    endloop
  endfacet
  facet normal 0.923884 -0.382673 0
    outer loop
      vertex 75.0041 49.5559 3.24
      vertex 74.02 47.18 14.48
      vertex 74.02 47.18 3.24
    endloop
  endfacet
  facet normal -0.382673 -0.923884 0
    outer loop
      vertex 77.38 50.54 3.24
      vertex 79.7559 49.5559 14.48
      vertex 77.38 50.54 14.48
    endloop
  endfacet
  facet normal -0.382673 -0.923884 -0
    outer loop
      vertex 79.7559 49.5559 14.48
      vertex 77.38 50.54 3.24
      vertex 79.7559 49.5559 3.24
    endloop
  endfacet
  facet normal -0.382673 0.923884 0
    outer loop
      vertex 79.7559 44.8041 3.24
      vertex 77.38 43.82 14.48
      vertex 79.7559 44.8041 14.48
    endloop
  endfacet
  facet normal -0.382673 0.923884 0
    outer loop
      vertex 77.38 43.82 14.48
      vertex 79.7559 44.8041 3.24
      vertex 77.38 43.82 3.24
    endloop
  endfacet
  facet normal 0.382673 -0.923884 0
    outer loop
      vertex 75.0041 49.5559 3.24
      vertex 77.38 50.54 14.48
      vertex 75.0041 49.5559 14.48
    endloop
  endfacet
  facet normal 0.382673 -0.923884 0
    outer loop
      vertex 77.38 50.54 14.48
      vertex 75.0041 49.5559 3.24
      vertex 77.38 50.54 3.24
    endloop
  endfacet
  facet normal 0 0 1
    outer loop
      vertex 79.7559 49.5559 3.24
      vertex 79.7559 44.8041 3.24
      vertex 80.74 47.18 3.24
    endloop
  endfacet
  facet normal 0 0 1
    outer loop
      vertex 77.38 50.54 3.24
      vertex 79.7559 44.8041 3.24
      vertex 79.7559 49.5559 3.24
    endloop
  endfacet
  facet normal 0 0 1
    outer loop
      vertex 77.38 50.54 3.24
      vertex 77.38 43.82 3.24
      vertex 79.7559 44.8041 3.24
    endloop
  endfacet
  facet normal -0 0 1
    outer loop
      vertex 75.0041 49.5559 3.24
      vertex 77.38 43.82 3.24
      vertex 77.38 50.54 3.24
    endloop
  endfacet
  facet normal 0 0 1
    outer loop
      vertex 75.0041 49.5559 3.24
      vertex 75.0041 44.8041 3.24
      vertex 77.38 43.82 3.24
    endloop
  endfacet
  facet normal 0 -0 1
    outer loop
      vertex 75.0041 44.8041 3.24
      vertex 75.0041 49.5559 3.24
      vertex 74.02 47.18 3.24
    endloop
  endfacet
  facet normal -0.923884 0.382673 0
    outer loop
      vertex 79.7559 44.8041 3.24
      vertex 80.74 47.18 14.48
      vertex 80.74 47.18 3.24
    endloop
  endfacet
  facet normal -0.923884 0.382673 0
    outer loop
      vertex 80.74 47.18 14.48
      vertex 79.7559 44.8041 3.24
      vertex 79.7559 44.8041 14.48
    endloop
  endfacet
  facet normal 0.382673 0.923884 -0
    outer loop
      vertex 77.38 43.82 3.24
      vertex 75.0041 44.8041 14.48
      vertex 77.38 43.82 14.48
    endloop
  endfacet
  facet normal 0.382673 0.923884 0
    outer loop
      vertex 75.0041 44.8041 14.48
      vertex 77.38 43.82 3.24
      vertex 75.0041 44.8041 3.24
    endloop
  endfacet
  facet normal 0.923884 0.382673 0
    outer loop
      vertex 75.0041 44.8041 14.48
      vertex 74.02 47.18 3.24
      vertex 74.02 47.18 14.48
    endloop
  endfacet
  facet normal 0.923884 0.382673 0
    outer loop
      vertex 74.02 47.18 3.24
      vertex 75.0041 44.8041 14.48
      vertex 75.0041 44.8041 3.24
    endloop
  endfacet
  facet normal -0.923884 -0.382673 0
    outer loop
      vertex 80.74 38.18 3.24
      vertex 79.7559 40.5559 14.48
      vertex 79.7559 40.5559 3.24
    endloop
  endfacet
  facet normal -0.923884 -0.382673 0
    outer loop
      vertex 79.7559 40.5559 14.48
      vertex 80.74 38.18 3.24
      vertex 80.74 38.18 14.48
    endloop
  endfacet
  facet normal 0.923884 -0.382673 0
    outer loop
      vertex 74.02 38.18 14.48
      vertex 75.0041 40.5559 3.24
      vertex 75.0041 40.5559 14.48
    endloop
  endfacet
  facet normal 0.923884 -0.382673 0
    outer loop
      vertex 75.0041 40.5559 3.24
      vertex 74.02 38.18 14.48
      vertex 74.02 38.18 3.24
    endloop
  endfacet
  facet normal -0.382673 -0.923884 0
    outer loop
      vertex 77.38 41.54 3.24
      vertex 79.7559 40.5559 14.48
      vertex 77.38 41.54 14.48
    endloop
  endfacet
  facet normal -0.382673 -0.923884 -0
    outer loop
      vertex 79.7559 40.5559 14.48
      vertex 77.38 41.54 3.24
      vertex 79.7559 40.5559 3.24
    endloop
  endfacet
  facet normal -0.382673 0.923884 0
    outer loop
      vertex 79.7559 35.8041 3.24
      vertex 77.38 34.82 14.48
      vertex 79.7559 35.8041 14.48
    endloop
  endfacet
  facet normal -0.382673 0.923884 0
    outer loop
      vertex 77.38 34.82 14.48
      vertex 79.7559 35.8041 3.24
      vertex 77.38 34.82 3.24
    endloop
  endfacet
  facet normal 0.382673 -0.923884 0
    outer loop
      vertex 75.0041 40.5559 3.24
      vertex 77.38 41.54 14.48
      vertex 75.0041 40.5559 14.48
    endloop
  endfacet
  facet normal 0.382673 -0.923884 0
    outer loop
      vertex 77.38 41.54 14.48
      vertex 75.0041 40.5559 3.24
      vertex 77.38 41.54 3.24
    endloop
  endfacet
  facet normal -0.923884 0.382673 0
    outer loop
      vertex 79.7559 35.8041 3.24
      vertex 80.74 38.18 14.48
      vertex 80.74 38.18 3.24
    endloop
  endfacet
  facet normal -0.923884 0.382673 0
    outer loop
      vertex 80.74 38.18 14.48
      vertex 79.7559 35.8041 3.24
      vertex 79.7559 35.8041 14.48
    endloop
  endfacet
  facet normal 0 0 1
    outer loop
      vertex 79.7559 40.5559 3.24
      vertex 79.7559 35.8041 3.24
      vertex 80.74 38.18 3.24
    endloop
  endfacet
  facet normal 0 0 1
    outer loop
      vertex 77.38 41.54 3.24
      vertex 79.7559 35.8041 3.24
      vertex 79.7559 40.5559 3.24
    endloop
  endfacet
  facet normal 0 0 1
    outer loop
      vertex 77.38 41.54 3.24
      vertex 77.38 34.82 3.24
      vertex 79.7559 35.8041 3.24
    endloop
  endfacet
  facet normal -0 0 1
    outer loop
      vertex 75.0041 40.5559 3.24
      vertex 77.38 34.82 3.24
      vertex 77.38 41.54 3.24
    endloop
  endfacet
  facet normal 0 0 1
    outer loop
      vertex 75.0041 40.5559 3.24
      vertex 75.0041 35.8041 3.24
      vertex 77.38 34.82 3.24
    endloop
  endfacet
  facet normal 0 -0 1
    outer loop
      vertex 75.0041 35.8041 3.24
      vertex 75.0041 40.5559 3.24
      vertex 74.02 38.18 3.24
    endloop
  endfacet
  facet normal 0.382673 0.923884 -0
    outer loop
      vertex 77.38 34.82 3.24
      vertex 75.0041 35.8041 14.48
      vertex 77.38 34.82 14.48
    endloop
  endfacet
  facet normal 0.382673 0.923884 0
    outer loop
      vertex 75.0041 35.8041 14.48
      vertex 77.38 34.82 3.24
      vertex 75.0041 35.8041 3.24
    endloop
  endfacet
  facet normal 0.923884 0.382673 0
    outer loop
      vertex 75.0041 35.8041 14.48
      vertex 74.02 38.18 3.24
      vertex 74.02 38.18 14.48
    endloop
  endfacet
  facet normal 0.923884 0.382673 0
    outer loop
      vertex 74.02 38.18 3.24
      vertex 75.0041 35.8041 14.48
      vertex 75.0041 35.8041 3.24
    endloop
  endfacet
  facet normal -0.923884 -0.382673 0
    outer loop
      vertex 80.74 29.18 3.24
      vertex 79.7559 31.5559 14.48
      vertex 79.7559 31.5559 3.24
    endloop
  endfacet
  facet normal -0.923884 -0.382673 0
    outer loop
      vertex 79.7559 31.5559 14.48
      vertex 80.74 29.18 3.24
      vertex 80.74 29.18 14.48
    endloop
  endfacet
  facet normal 0.923884 -0.382673 0
    outer loop
      vertex 74.02 29.18 14.48
      vertex 75.0041 31.5559 3.24
      vertex 75.0041 31.5559 14.48
    endloop
  endfacet
  facet normal 0.923884 -0.382673 0
    outer loop
      vertex 75.0041 31.5559 3.24
      vertex 74.02 29.18 14.48
      vertex 74.02 29.18 3.24
    endloop
  endfacet
  facet normal -0.382673 -0.923884 0
    outer loop
      vertex 77.38 32.54 3.24
      vertex 79.7559 31.5559 14.48
      vertex 77.38 32.54 14.48
    endloop
  endfacet
  facet normal -0.382673 -0.923884 -0
    outer loop
      vertex 79.7559 31.5559 14.48
      vertex 77.38 32.54 3.24
      vertex 79.7559 31.5559 3.24
    endloop
  endfacet
  facet normal -0.382673 0.923884 0
    outer loop
      vertex 79.7559 26.8041 3.24
      vertex 77.38 25.82 14.48
      vertex 79.7559 26.8041 14.48
    endloop
  endfacet
  facet normal -0.382673 0.923884 0
    outer loop
      vertex 77.38 25.82 14.48
      vertex 79.7559 26.8041 3.24
      vertex 77.38 25.82 3.24
    endloop
  endfacet
  facet normal 0.382673 -0.923884 0
    outer loop
      vertex 75.0041 31.5559 3.24
      vertex 77.38 32.54 14.48
      vertex 75.0041 31.5559 14.48
    endloop
  endfacet
  facet normal 0.382673 -0.923884 0
    outer loop
      vertex 77.38 32.54 14.48
      vertex 75.0041 31.5559 3.24
      vertex 77.38 32.54 3.24
    endloop
  endfacet
  facet normal -0.923884 0.382673 0
    outer loop
      vertex 79.7559 26.8041 3.24
      vertex 80.74 29.18 14.48
      vertex 80.74 29.18 3.24
    endloop
  endfacet
  facet normal -0.923884 0.382673 0
    outer loop
      vertex 80.74 29.18 14.48
      vertex 79.7559 26.8041 3.24
      vertex 79.7559 26.8041 14.48
    endloop
  endfacet
  facet normal 0 0 1
    outer loop
      vertex 79.7559 31.5559 3.24
      vertex 79.7559 26.8041 3.24
      vertex 80.74 29.18 3.24
    endloop
  endfacet
  facet normal 0 0 1
    outer loop
      vertex 77.38 32.54 3.24
      vertex 79.7559 26.8041 3.24
      vertex 79.7559 31.5559 3.24
    endloop
  endfacet
  facet normal 0 0 1
    outer loop
      vertex 77.38 32.54 3.24
      vertex 77.38 25.82 3.24
      vertex 79.7559 26.8041 3.24
    endloop
  endfacet
  facet normal -0 0 1
    outer loop
      vertex 75.0041 31.5559 3.24
      vertex 77.38 25.82 3.24
      vertex 77.38 32.54 3.24
    endloop
  endfacet
  facet normal 0 0 1
    outer loop
      vertex 75.0041 31.5559 3.24
      vertex 75.0041 26.8041 3.24
      vertex 77.38 25.82 3.24
    endloop
  endfacet
  facet normal 0 -0 1
    outer loop
      vertex 75.0041 26.8041 3.24
      vertex 75.0041 31.5559 3.24
      vertex 74.02 29.18 3.24
    endloop
  endfacet
  facet normal 0.382673 0.923884 -0
    outer loop
      vertex 77.38 25.82 3.24
      vertex 75.0041 26.8041 14.48
      vertex 77.38 25.82 14.48
    endloop
  endfacet
  facet normal 0.382673 0.923884 0
    outer loop
      vertex 75.0041 26.8041 14.48
      vertex 77.38 25.82 3.24
      vertex 75.0041 26.8041 3.24
    endloop
  endfacet
  facet normal 0.923884 0.382673 0
    outer loop
      vertex 75.0041 26.8041 14.48
      vertex 74.02 29.18 3.24
      vertex 74.02 29.18 14.48
    endloop
  endfacet
  facet normal 0.923884 0.382673 0
    outer loop
      vertex 74.02 29.18 3.24
      vertex 75.0041 26.8041 14.48
      vertex 75.0041 26.8041 3.24
    endloop
  endfacet
  facet normal -0.923884 -0.382673 0
    outer loop
      vertex 80.74 20.18 3.24
      vertex 79.7559 22.5559 14.48
      vertex 79.7559 22.5559 3.24
    endloop
  endfacet
  facet normal -0.923884 -0.382673 0
    outer loop
      vertex 79.7559 22.5559 14.48
      vertex 80.74 20.18 3.24
      vertex 80.74 20.18 14.48
    endloop
  endfacet
  facet normal 0.923884 -0.382673 0
    outer loop
      vertex 74.02 20.18 14.48
      vertex 75.0041 22.5559 3.24
      vertex 75.0041 22.5559 14.48
    endloop
  endfacet
  facet normal 0.923884 -0.382673 0
    outer loop
      vertex 75.0041 22.5559 3.24
      vertex 74.02 20.18 14.48
      vertex 74.02 20.18 3.24
    endloop
  endfacet
  facet normal -0.382673 -0.923884 0
    outer loop
      vertex 77.38 23.54 3.24
      vertex 79.7559 22.5559 14.48
      vertex 77.38 23.54 14.48
    endloop
  endfacet
  facet normal -0.382673 -0.923884 -0
    outer loop
      vertex 79.7559 22.5559 14.48
      vertex 77.38 23.54 3.24
      vertex 79.7559 22.5559 3.24
    endloop
  endfacet
  facet normal -0.382673 0.923884 0
    outer loop
      vertex 79.7559 17.8041 3.24
      vertex 77.38 16.82 14.48
      vertex 79.7559 17.8041 14.48
    endloop
  endfacet
  facet normal -0.382673 0.923884 0
    outer loop
      vertex 77.38 16.82 14.48
      vertex 79.7559 17.8041 3.24
      vertex 77.38 16.82 3.24
    endloop
  endfacet
  facet normal 0.382673 -0.923884 0
    outer loop
      vertex 75.0041 22.5559 3.24
      vertex 77.38 23.54 14.48
      vertex 75.0041 22.5559 14.48
    endloop
  endfacet
  facet normal 0.382673 -0.923884 0
    outer loop
      vertex 77.38 23.54 14.48
      vertex 75.0041 22.5559 3.24
      vertex 77.38 23.54 3.24
    endloop
  endfacet
  facet normal -0.923884 0.382673 0
    outer loop
      vertex 79.7559 17.8041 3.24
      vertex 80.74 20.18 14.48
      vertex 80.74 20.18 3.24
    endloop
  endfacet
  facet normal -0.923884 0.382673 0
    outer loop
      vertex 80.74 20.18 14.48
      vertex 79.7559 17.8041 3.24
      vertex 79.7559 17.8041 14.48
    endloop
  endfacet
  facet normal 0 0 1
    outer loop
      vertex 79.7559 22.5559 3.24
      vertex 79.7559 17.8041 3.24
      vertex 80.74 20.18 3.24
    endloop
  endfacet
  facet normal 0 0 1
    outer loop
      vertex 77.38 23.54 3.24
      vertex 79.7559 17.8041 3.24
      vertex 79.7559 22.5559 3.24
    endloop
  endfacet
  facet normal 0 0 1
    outer loop
      vertex 77.38 23.54 3.24
      vertex 77.38 16.82 3.24
      vertex 79.7559 17.8041 3.24
    endloop
  endfacet
  facet normal -0 0 1
    outer loop
      vertex 75.0041 22.5559 3.24
      vertex 77.38 16.82 3.24
      vertex 77.38 23.54 3.24
    endloop
  endfacet
  facet normal 0 0 1
    outer loop
      vertex 75.0041 22.5559 3.24
      vertex 75.0041 17.8041 3.24
      vertex 77.38 16.82 3.24
    endloop
  endfacet
  facet normal 0 -0 1
    outer loop
      vertex 75.0041 17.8041 3.24
      vertex 75.0041 22.5559 3.24
      vertex 74.02 20.18 3.24
    endloop
  endfacet
  facet normal 0.382673 0.923884 -0
    outer loop
      vertex 77.38 16.82 3.24
      vertex 75.0041 17.8041 14.48
      vertex 77.38 16.82 14.48
    endloop
  endfacet
  facet normal 0.382673 0.923884 0
    outer loop
      vertex 75.0041 17.8041 14.48
      vertex 77.38 16.82 3.24
      vertex 75.0041 17.8041 3.24
    endloop
  endfacet
  facet normal 0.923884 0.382673 0
    outer loop
      vertex 75.0041 17.8041 14.48
      vertex 74.02 20.18 3.24
      vertex 74.02 20.18 14.48
    endloop
  endfacet
  facet normal 0.923884 0.382673 0
    outer loop
      vertex 74.02 20.18 3.24
      vertex 75.0041 17.8041 14.48
      vertex 75.0041 17.8041 3.24
    endloop
  endfacet
  facet normal -0.923884 -0.382673 0
    outer loop
      vertex 80.74 11.18 3.24
      vertex 79.7559 13.5559 14.48
      vertex 79.7559 13.5559 3.24
    endloop
  endfacet
  facet normal -0.923884 -0.382673 0
    outer loop
      vertex 79.7559 13.5559 14.48
      vertex 80.74 11.18 3.24
      vertex 80.74 11.18 14.48
    endloop
  endfacet
  facet normal 0.923884 -0.382673 0
    outer loop
      vertex 74.02 11.18 14.48
      vertex 75.0041 13.5559 3.24
      vertex 75.0041 13.5559 14.48
    endloop
  endfacet
  facet normal 0.923884 -0.382673 0
    outer loop
      vertex 75.0041 13.5559 3.24
      vertex 74.02 11.18 14.48
      vertex 74.02 11.18 3.24
    endloop
  endfacet
  facet normal -0.382673 -0.923884 0
    outer loop
      vertex 77.38 14.54 3.24
      vertex 79.7559 13.5559 14.48
      vertex 77.38 14.54 14.48
    endloop
  endfacet
  facet normal -0.382673 -0.923884 -0
    outer loop
      vertex 79.7559 13.5559 14.48
      vertex 77.38 14.54 3.24
      vertex 79.7559 13.5559 3.24
    endloop
  endfacet
  facet normal -0.38268 0.923881 0
    outer loop
      vertex 79.7559 8.80412 3.24
      vertex 77.38 7.82 14.48
      vertex 79.7559 8.80412 14.48
    endloop
  endfacet
  facet normal -0.38268 0.923881 0
    outer loop
      vertex 77.38 7.82 14.48
      vertex 79.7559 8.80412 3.24
      vertex 77.38 7.82 3.24
    endloop
  endfacet
  facet normal 0.382673 -0.923884 0
    outer loop
      vertex 75.0041 13.5559 3.24
      vertex 77.38 14.54 14.48
      vertex 75.0041 13.5559 14.48
    endloop
  endfacet
  facet normal 0.382673 -0.923884 0
    outer loop
      vertex 77.38 14.54 14.48
      vertex 75.0041 13.5559 3.24
      vertex 77.38 14.54 3.24
    endloop
  endfacet
  facet normal 0 0 1
    outer loop
      vertex 79.7559 13.5559 3.24
      vertex 79.7559 8.80412 3.24
      vertex 80.74 11.18 3.24
    endloop
  endfacet
  facet normal 0 0 1
    outer loop
      vertex 77.38 14.54 3.24
      vertex 79.7559 8.80412 3.24
      vertex 79.7559 13.5559 3.24
    endloop
  endfacet
  facet normal 0 0 1
    outer loop
      vertex 77.38 14.54 3.24
      vertex 77.38 7.82 3.24
      vertex 79.7559 8.80412 3.24
    endloop
  endfacet
  facet normal -0 0 1
    outer loop
      vertex 75.0041 13.5559 3.24
      vertex 77.38 7.82 3.24
      vertex 77.38 14.54 3.24
    endloop
  endfacet
  facet normal 0 0 1
    outer loop
      vertex 75.0041 13.5559 3.24
      vertex 75.0041 8.80412 3.24
      vertex 77.38 7.82 3.24
    endloop
  endfacet
  facet normal 0 -0 1
    outer loop
      vertex 75.0041 8.80412 3.24
      vertex 75.0041 13.5559 3.24
      vertex 74.02 11.18 3.24
    endloop
  endfacet
  facet normal -0.923883 0.382676 0
    outer loop
      vertex 79.7559 8.80412 3.24
      vertex 80.74 11.18 14.48
      vertex 80.74 11.18 3.24
    endloop
  endfacet
  facet normal -0.923883 0.382676 0
    outer loop
      vertex 80.74 11.18 14.48
      vertex 79.7559 8.80412 3.24
      vertex 79.7559 8.80412 14.48
    endloop
  endfacet
  facet normal 0.38268 0.923881 -0
    outer loop
      vertex 77.38 7.82 3.24
      vertex 75.0041 8.80412 14.48
      vertex 77.38 7.82 14.48
    endloop
  endfacet
  facet normal 0.38268 0.923881 0
    outer loop
      vertex 75.0041 8.80412 14.48
      vertex 77.38 7.82 3.24
      vertex 75.0041 8.80412 3.24
    endloop
  endfacet
  facet normal 0.923883 0.382676 0
    outer loop
      vertex 75.0041 8.80412 14.48
      vertex 74.02 11.18 3.24
      vertex 74.02 11.18 14.48
    endloop
  endfacet
  facet normal 0.923883 0.382676 0
    outer loop
      vertex 74.02 11.18 3.24
      vertex 75.0041 8.80412 14.48
      vertex 75.0041 8.80412 3.24
    endloop
  endfacet
  facet normal -0.923884 -0.382673 0
    outer loop
      vertex 89.74 74.18 3.24
      vertex 88.7559 76.5559 14.48
      vertex 88.7559 76.5559 3.24
    endloop
  endfacet
  facet normal -0.923884 -0.382673 0
    outer loop
      vertex 88.7559 76.5559 14.48
      vertex 89.74 74.18 3.24
      vertex 89.74 74.18 14.48
    endloop
  endfacet
  facet normal 0.923884 -0.382673 0
    outer loop
      vertex 83.02 74.18 14.48
      vertex 84.0041 76.5559 3.24
      vertex 84.0041 76.5559 14.48
    endloop
  endfacet
  facet normal 0.923884 -0.382673 0
    outer loop
      vertex 84.0041 76.5559 3.24
      vertex 83.02 74.18 14.48
      vertex 83.02 74.18 3.24
    endloop
  endfacet
  facet normal -0.382673 -0.923884 0
    outer loop
      vertex 86.38 77.54 3.24
      vertex 88.7559 76.5559 14.48
      vertex 86.38 77.54 14.48
    endloop
  endfacet
  facet normal -0.382673 -0.923884 -0
    outer loop
      vertex 88.7559 76.5559 14.48
      vertex 86.38 77.54 3.24
      vertex 88.7559 76.5559 3.24
    endloop
  endfacet
  facet normal -0.382673 0.923884 0
    outer loop
      vertex 88.7559 71.8041 3.24
      vertex 86.38 70.82 14.48
      vertex 88.7559 71.8041 14.48
    endloop
  endfacet
  facet normal -0.382673 0.923884 0
    outer loop
      vertex 86.38 70.82 14.48
      vertex 88.7559 71.8041 3.24
      vertex 86.38 70.82 3.24
    endloop
  endfacet
  facet normal 0.382673 -0.923884 0
    outer loop
      vertex 84.0041 76.5559 3.24
      vertex 86.38 77.54 14.48
      vertex 84.0041 76.5559 14.48
    endloop
  endfacet
  facet normal 0.382673 -0.923884 0
    outer loop
      vertex 86.38 77.54 14.48
      vertex 84.0041 76.5559 3.24
      vertex 86.38 77.54 3.24
    endloop
  endfacet
  facet normal 0 0 1
    outer loop
      vertex 88.7559 76.5559 3.24
      vertex 88.7559 71.8041 3.24
      vertex 89.74 74.18 3.24
    endloop
  endfacet
  facet normal 0 0 1
    outer loop
      vertex 86.38 77.54 3.24
      vertex 88.7559 71.8041 3.24
      vertex 88.7559 76.5559 3.24
    endloop
  endfacet
  facet normal 0 0 1
    outer loop
      vertex 86.38 77.54 3.24
      vertex 86.38 70.82 3.24
      vertex 88.7559 71.8041 3.24
    endloop
  endfacet
  facet normal -0 0 1
    outer loop
      vertex 84.0041 76.5559 3.24
      vertex 86.38 70.82 3.24
      vertex 86.38 77.54 3.24
    endloop
  endfacet
  facet normal 0 0 1
    outer loop
      vertex 84.0041 76.5559 3.24
      vertex 84.0041 71.8041 3.24
      vertex 86.38 70.82 3.24
    endloop
  endfacet
  facet normal 0 -0 1
    outer loop
      vertex 84.0041 71.8041 3.24
      vertex 84.0041 76.5559 3.24
      vertex 83.02 74.18 3.24
    endloop
  endfacet
  facet normal -0.923884 0.382673 0
    outer loop
      vertex 88.7559 71.8041 3.24
      vertex 89.74 74.18 14.48
      vertex 89.74 74.18 3.24
    endloop
  endfacet
  facet normal -0.923884 0.382673 0
    outer loop
      vertex 89.74 74.18 14.48
      vertex 88.7559 71.8041 3.24
      vertex 88.7559 71.8041 14.48
    endloop
  endfacet
  facet normal 0.382673 0.923884 -0
    outer loop
      vertex 86.38 70.82 3.24
      vertex 84.0041 71.8041 14.48
      vertex 86.38 70.82 14.48
    endloop
  endfacet
  facet normal 0.382673 0.923884 0
    outer loop
      vertex 84.0041 71.8041 14.48
      vertex 86.38 70.82 3.24
      vertex 84.0041 71.8041 3.24
    endloop
  endfacet
  facet normal 0.923884 0.382673 0
    outer loop
      vertex 84.0041 71.8041 14.48
      vertex 83.02 74.18 3.24
      vertex 83.02 74.18 14.48
    endloop
  endfacet
  facet normal 0.923884 0.382673 0
    outer loop
      vertex 83.02 74.18 3.24
      vertex 84.0041 71.8041 14.48
      vertex 84.0041 71.8041 3.24
    endloop
  endfacet
  facet normal -0.923884 -0.382673 0
    outer loop
      vertex 89.74 65.18 3.24
      vertex 88.7559 67.5559 14.48
      vertex 88.7559 67.5559 3.24
    endloop
  endfacet
  facet normal -0.923884 -0.382673 0
    outer loop
      vertex 88.7559 67.5559 14.48
      vertex 89.74 65.18 3.24
      vertex 89.74 65.18 14.48
    endloop
  endfacet
  facet normal 0.923884 -0.382673 0
    outer loop
      vertex 83.02 65.18 14.48
      vertex 84.0041 67.5559 3.24
      vertex 84.0041 67.5559 14.48
    endloop
  endfacet
  facet normal 0.923884 -0.382673 0
    outer loop
      vertex 84.0041 67.5559 3.24
      vertex 83.02 65.18 14.48
      vertex 83.02 65.18 3.24
    endloop
  endfacet
  facet normal -0.382673 -0.923884 0
    outer loop
      vertex 86.38 68.54 3.24
      vertex 88.7559 67.5559 14.48
      vertex 86.38 68.54 14.48
    endloop
  endfacet
  facet normal -0.382673 -0.923884 -0
    outer loop
      vertex 88.7559 67.5559 14.48
      vertex 86.38 68.54 3.24
      vertex 88.7559 67.5559 3.24
    endloop
  endfacet
  facet normal -0.382673 0.923884 0
    outer loop
      vertex 88.7559 62.8041 3.24
      vertex 86.38 61.82 14.48
      vertex 88.7559 62.8041 14.48
    endloop
  endfacet
  facet normal -0.382673 0.923884 0
    outer loop
      vertex 86.38 61.82 14.48
      vertex 88.7559 62.8041 3.24
      vertex 86.38 61.82 3.24
    endloop
  endfacet
  facet normal 0.382673 -0.923884 0
    outer loop
      vertex 84.0041 67.5559 3.24
      vertex 86.38 68.54 14.48
      vertex 84.0041 67.5559 14.48
    endloop
  endfacet
  facet normal 0.382673 -0.923884 0
    outer loop
      vertex 86.38 68.54 14.48
      vertex 84.0041 67.5559 3.24
      vertex 86.38 68.54 3.24
    endloop
  endfacet
  facet normal -0.923884 0.382673 0
    outer loop
      vertex 88.7559 62.8041 3.24
      vertex 89.74 65.18 14.48
      vertex 89.74 65.18 3.24
    endloop
  endfacet
  facet normal -0.923884 0.382673 0
    outer loop
      vertex 89.74 65.18 14.48
      vertex 88.7559 62.8041 3.24
      vertex 88.7559 62.8041 14.48
    endloop
  endfacet
  facet normal 0 0 1
    outer loop
      vertex 88.7559 67.5559 3.24
      vertex 88.7559 62.8041 3.24
      vertex 89.74 65.18 3.24
    endloop
  endfacet
  facet normal 0 0 1
    outer loop
      vertex 86.38 68.54 3.24
      vertex 88.7559 62.8041 3.24
      vertex 88.7559 67.5559 3.24
    endloop
  endfacet
  facet normal 0 0 1
    outer loop
      vertex 86.38 68.54 3.24
      vertex 86.38 61.82 3.24
      vertex 88.7559 62.8041 3.24
    endloop
  endfacet
  facet normal -0 0 1
    outer loop
      vertex 84.0041 67.5559 3.24
      vertex 86.38 61.82 3.24
      vertex 86.38 68.54 3.24
    endloop
  endfacet
  facet normal 0 0 1
    outer loop
      vertex 84.0041 67.5559 3.24
      vertex 84.0041 62.8041 3.24
      vertex 86.38 61.82 3.24
    endloop
  endfacet
  facet normal 0 -0 1
    outer loop
      vertex 84.0041 62.8041 3.24
      vertex 84.0041 67.5559 3.24
      vertex 83.02 65.18 3.24
    endloop
  endfacet
  facet normal 0.382673 0.923884 -0
    outer loop
      vertex 86.38 61.82 3.24
      vertex 84.0041 62.8041 14.48
      vertex 86.38 61.82 14.48
    endloop
  endfacet
  facet normal 0.382673 0.923884 0
    outer loop
      vertex 84.0041 62.8041 14.48
      vertex 86.38 61.82 3.24
      vertex 84.0041 62.8041 3.24
    endloop
  endfacet
  facet normal 0.923884 0.382673 0
    outer loop
      vertex 84.0041 62.8041 14.48
      vertex 83.02 65.18 3.24
      vertex 83.02 65.18 14.48
    endloop
  endfacet
  facet normal 0.923884 0.382673 0
    outer loop
      vertex 83.02 65.18 3.24
      vertex 84.0041 62.8041 14.48
      vertex 84.0041 62.8041 3.24
    endloop
  endfacet
  facet normal -0.923884 -0.382673 0
    outer loop
      vertex 89.74 56.18 3.24
      vertex 88.7559 58.5559 14.48
      vertex 88.7559 58.5559 3.24
    endloop
  endfacet
  facet normal -0.923884 -0.382673 0
    outer loop
      vertex 88.7559 58.5559 14.48
      vertex 89.74 56.18 3.24
      vertex 89.74 56.18 14.48
    endloop
  endfacet
  facet normal 0.923884 -0.382673 0
    outer loop
      vertex 83.02 56.18 14.48
      vertex 84.0041 58.5559 3.24
      vertex 84.0041 58.5559 14.48
    endloop
  endfacet
  facet normal 0.923884 -0.382673 0
    outer loop
      vertex 84.0041 58.5559 3.24
      vertex 83.02 56.18 14.48
      vertex 83.02 56.18 3.24
    endloop
  endfacet
  facet normal -0.382673 -0.923884 0
    outer loop
      vertex 86.38 59.54 3.24
      vertex 88.7559 58.5559 14.48
      vertex 86.38 59.54 14.48
    endloop
  endfacet
  facet normal -0.382673 -0.923884 -0
    outer loop
      vertex 88.7559 58.5559 14.48
      vertex 86.38 59.54 3.24
      vertex 88.7559 58.5559 3.24
    endloop
  endfacet
  facet normal -0.382673 0.923884 0
    outer loop
      vertex 88.7559 53.8041 3.24
      vertex 86.38 52.82 14.48
      vertex 88.7559 53.8041 14.48
    endloop
  endfacet
  facet normal -0.382673 0.923884 0
    outer loop
      vertex 86.38 52.82 14.48
      vertex 88.7559 53.8041 3.24
      vertex 86.38 52.82 3.24
    endloop
  endfacet
  facet normal 0.382673 -0.923884 0
    outer loop
      vertex 84.0041 58.5559 3.24
      vertex 86.38 59.54 14.48
      vertex 84.0041 58.5559 14.48
    endloop
  endfacet
  facet normal 0.382673 -0.923884 0
    outer loop
      vertex 86.38 59.54 14.48
      vertex 84.0041 58.5559 3.24
      vertex 86.38 59.54 3.24
    endloop
  endfacet
  facet normal -0.923884 0.382673 0
    outer loop
      vertex 88.7559 53.8041 3.24
      vertex 89.74 56.18 14.48
      vertex 89.74 56.18 3.24
    endloop
  endfacet
  facet normal -0.923884 0.382673 0
    outer loop
      vertex 89.74 56.18 14.48
      vertex 88.7559 53.8041 3.24
      vertex 88.7559 53.8041 14.48
    endloop
  endfacet
  facet normal 0 0 1
    outer loop
      vertex 88.7559 58.5559 3.24
      vertex 88.7559 53.8041 3.24
      vertex 89.74 56.18 3.24
    endloop
  endfacet
  facet normal 0 0 1
    outer loop
      vertex 86.38 59.54 3.24
      vertex 88.7559 53.8041 3.24
      vertex 88.7559 58.5559 3.24
    endloop
  endfacet
  facet normal 0 0 1
    outer loop
      vertex 86.38 59.54 3.24
      vertex 86.38 52.82 3.24
      vertex 88.7559 53.8041 3.24
    endloop
  endfacet
  facet normal -0 0 1
    outer loop
      vertex 84.0041 58.5559 3.24
      vertex 86.38 52.82 3.24
      vertex 86.38 59.54 3.24
    endloop
  endfacet
  facet normal 0 0 1
    outer loop
      vertex 84.0041 58.5559 3.24
      vertex 84.0041 53.8041 3.24
      vertex 86.38 52.82 3.24
    endloop
  endfacet
  facet normal 0 -0 1
    outer loop
      vertex 84.0041 53.8041 3.24
      vertex 84.0041 58.5559 3.24
      vertex 83.02 56.18 3.24
    endloop
  endfacet
  facet normal 0.382673 0.923884 -0
    outer loop
      vertex 86.38 52.82 3.24
      vertex 84.0041 53.8041 14.48
      vertex 86.38 52.82 14.48
    endloop
  endfacet
  facet normal 0.382673 0.923884 0
    outer loop
      vertex 84.0041 53.8041 14.48
      vertex 86.38 52.82 3.24
      vertex 84.0041 53.8041 3.24
    endloop
  endfacet
  facet normal 0.923884 0.382673 0
    outer loop
      vertex 84.0041 53.8041 14.48
      vertex 83.02 56.18 3.24
      vertex 83.02 56.18 14.48
    endloop
  endfacet
  facet normal 0.923884 0.382673 0
    outer loop
      vertex 83.02 56.18 3.24
      vertex 84.0041 53.8041 14.48
      vertex 84.0041 53.8041 3.24
    endloop
  endfacet
  facet normal -0.923884 -0.382673 0
    outer loop
      vertex 89.74 47.18 3.24
      vertex 88.7559 49.5559 14.48
      vertex 88.7559 49.5559 3.24
    endloop
  endfacet
  facet normal -0.923884 -0.382673 0
    outer loop
      vertex 88.7559 49.5559 14.48
      vertex 89.74 47.18 3.24
      vertex 89.74 47.18 14.48
    endloop
  endfacet
  facet normal 0.923884 -0.382673 0
    outer loop
      vertex 83.02 47.18 14.48
      vertex 84.0041 49.5559 3.24
      vertex 84.0041 49.5559 14.48
    endloop
  endfacet
  facet normal 0.923884 -0.382673 0
    outer loop
      vertex 84.0041 49.5559 3.24
      vertex 83.02 47.18 14.48
      vertex 83.02 47.18 3.24
    endloop
  endfacet
  facet normal -0.382673 -0.923884 0
    outer loop
      vertex 86.38 50.54 3.24
      vertex 88.7559 49.5559 14.48
      vertex 86.38 50.54 14.48
    endloop
  endfacet
  facet normal -0.382673 -0.923884 -0
    outer loop
      vertex 88.7559 49.5559 14.48
      vertex 86.38 50.54 3.24
      vertex 88.7559 49.5559 3.24
    endloop
  endfacet
  facet normal -0.382673 0.923884 0
    outer loop
      vertex 88.7559 44.8041 3.24
      vertex 86.38 43.82 14.48
      vertex 88.7559 44.8041 14.48
    endloop
  endfacet
  facet normal -0.382673 0.923884 0
    outer loop
      vertex 86.38 43.82 14.48
      vertex 88.7559 44.8041 3.24
      vertex 86.38 43.82 3.24
    endloop
  endfacet
  facet normal 0.382673 -0.923884 0
    outer loop
      vertex 84.0041 49.5559 3.24
      vertex 86.38 50.54 14.48
      vertex 84.0041 49.5559 14.48
    endloop
  endfacet
  facet normal 0.382673 -0.923884 0
    outer loop
      vertex 86.38 50.54 14.48
      vertex 84.0041 49.5559 3.24
      vertex 86.38 50.54 3.24
    endloop
  endfacet
  facet normal 0 0 1
    outer loop
      vertex 88.7559 49.5559 3.24
      vertex 88.7559 44.8041 3.24
      vertex 89.74 47.18 3.24
    endloop
  endfacet
  facet normal 0 0 1
    outer loop
      vertex 86.38 50.54 3.24
      vertex 88.7559 44.8041 3.24
      vertex 88.7559 49.5559 3.24
    endloop
  endfacet
  facet normal 0 0 1
    outer loop
      vertex 86.38 50.54 3.24
      vertex 86.38 43.82 3.24
      vertex 88.7559 44.8041 3.24
    endloop
  endfacet
  facet normal -0 0 1
    outer loop
      vertex 84.0041 49.5559 3.24
      vertex 86.38 43.82 3.24
      vertex 86.38 50.54 3.24
    endloop
  endfacet
  facet normal 0 0 1
    outer loop
      vertex 84.0041 49.5559 3.24
      vertex 84.0041 44.8041 3.24
      vertex 86.38 43.82 3.24
    endloop
  endfacet
  facet normal 0 -0 1
    outer loop
      vertex 84.0041 44.8041 3.24
      vertex 84.0041 49.5559 3.24
      vertex 83.02 47.18 3.24
    endloop
  endfacet
  facet normal -0.923884 0.382673 0
    outer loop
      vertex 88.7559 44.8041 3.24
      vertex 89.74 47.18 14.48
      vertex 89.74 47.18 3.24
    endloop
  endfacet
  facet normal -0.923884 0.382673 0
    outer loop
      vertex 89.74 47.18 14.48
      vertex 88.7559 44.8041 3.24
      vertex 88.7559 44.8041 14.48
    endloop
  endfacet
  facet normal 0.382673 0.923884 -0
    outer loop
      vertex 86.38 43.82 3.24
      vertex 84.0041 44.8041 14.48
      vertex 86.38 43.82 14.48
    endloop
  endfacet
  facet normal 0.382673 0.923884 0
    outer loop
      vertex 84.0041 44.8041 14.48
      vertex 86.38 43.82 3.24
      vertex 84.0041 44.8041 3.24
    endloop
  endfacet
  facet normal 0.923884 0.382673 0
    outer loop
      vertex 84.0041 44.8041 14.48
      vertex 83.02 47.18 3.24
      vertex 83.02 47.18 14.48
    endloop
  endfacet
  facet normal 0.923884 0.382673 0
    outer loop
      vertex 83.02 47.18 3.24
      vertex 84.0041 44.8041 14.48
      vertex 84.0041 44.8041 3.24
    endloop
  endfacet
  facet normal -0.923884 -0.382673 0
    outer loop
      vertex 89.74 38.18 3.24
      vertex 88.7559 40.5559 14.48
      vertex 88.7559 40.5559 3.24
    endloop
  endfacet
  facet normal -0.923884 -0.382673 0
    outer loop
      vertex 88.7559 40.5559 14.48
      vertex 89.74 38.18 3.24
      vertex 89.74 38.18 14.48
    endloop
  endfacet
  facet normal 0.923884 -0.382673 0
    outer loop
      vertex 83.02 38.18 14.48
      vertex 84.0041 40.5559 3.24
      vertex 84.0041 40.5559 14.48
    endloop
  endfacet
  facet normal 0.923884 -0.382673 0
    outer loop
      vertex 84.0041 40.5559 3.24
      vertex 83.02 38.18 14.48
      vertex 83.02 38.18 3.24
    endloop
  endfacet
  facet normal -0.382673 -0.923884 0
    outer loop
      vertex 86.38 41.54 3.24
      vertex 88.7559 40.5559 14.48
      vertex 86.38 41.54 14.48
    endloop
  endfacet
  facet normal -0.382673 -0.923884 -0
    outer loop
      vertex 88.7559 40.5559 14.48
      vertex 86.38 41.54 3.24
      vertex 88.7559 40.5559 3.24
    endloop
  endfacet
  facet normal -0.382673 0.923884 0
    outer loop
      vertex 88.7559 35.8041 3.24
      vertex 86.38 34.82 14.48
      vertex 88.7559 35.8041 14.48
    endloop
  endfacet
  facet normal -0.382673 0.923884 0
    outer loop
      vertex 86.38 34.82 14.48
      vertex 88.7559 35.8041 3.24
      vertex 86.38 34.82 3.24
    endloop
  endfacet
  facet normal 0.382673 -0.923884 0
    outer loop
      vertex 84.0041 40.5559 3.24
      vertex 86.38 41.54 14.48
      vertex 84.0041 40.5559 14.48
    endloop
  endfacet
  facet normal 0.382673 -0.923884 0
    outer loop
      vertex 86.38 41.54 14.48
      vertex 84.0041 40.5559 3.24
      vertex 86.38 41.54 3.24
    endloop
  endfacet
  facet normal 0 0 1
    outer loop
      vertex 88.7559 40.5559 3.24
      vertex 88.7559 35.8041 3.24
      vertex 89.74 38.18 3.24
    endloop
  endfacet
  facet normal 0 0 1
    outer loop
      vertex 86.38 41.54 3.24
      vertex 88.7559 35.8041 3.24
      vertex 88.7559 40.5559 3.24
    endloop
  endfacet
  facet normal 0 0 1
    outer loop
      vertex 86.38 41.54 3.24
      vertex 86.38 34.82 3.24
      vertex 88.7559 35.8041 3.24
    endloop
  endfacet
  facet normal -0 0 1
    outer loop
      vertex 84.0041 40.5559 3.24
      vertex 86.38 34.82 3.24
      vertex 86.38 41.54 3.24
    endloop
  endfacet
  facet normal 0 0 1
    outer loop
      vertex 84.0041 40.5559 3.24
      vertex 84.0041 35.8041 3.24
      vertex 86.38 34.82 3.24
    endloop
  endfacet
  facet normal 0 -0 1
    outer loop
      vertex 84.0041 35.8041 3.24
      vertex 84.0041 40.5559 3.24
      vertex 83.02 38.18 3.24
    endloop
  endfacet
  facet normal -0.923884 0.382673 0
    outer loop
      vertex 88.7559 35.8041 3.24
      vertex 89.74 38.18 14.48
      vertex 89.74 38.18 3.24
    endloop
  endfacet
  facet normal -0.923884 0.382673 0
    outer loop
      vertex 89.74 38.18 14.48
      vertex 88.7559 35.8041 3.24
      vertex 88.7559 35.8041 14.48
    endloop
  endfacet
  facet normal 0.382673 0.923884 -0
    outer loop
      vertex 86.38 34.82 3.24
      vertex 84.0041 35.8041 14.48
      vertex 86.38 34.82 14.48
    endloop
  endfacet
  facet normal 0.382673 0.923884 0
    outer loop
      vertex 84.0041 35.8041 14.48
      vertex 86.38 34.82 3.24
      vertex 84.0041 35.8041 3.24
    endloop
  endfacet
  facet normal 0.923884 0.382673 0
    outer loop
      vertex 84.0041 35.8041 14.48
      vertex 83.02 38.18 3.24
      vertex 83.02 38.18 14.48
    endloop
  endfacet
  facet normal 0.923884 0.382673 0
    outer loop
      vertex 83.02 38.18 3.24
      vertex 84.0041 35.8041 14.48
      vertex 84.0041 35.8041 3.24
    endloop
  endfacet
  facet normal -0.923884 -0.382673 0
    outer loop
      vertex 89.74 29.18 3.24
      vertex 88.7559 31.5559 14.48
      vertex 88.7559 31.5559 3.24
    endloop
  endfacet
  facet normal -0.923884 -0.382673 0
    outer loop
      vertex 88.7559 31.5559 14.48
      vertex 89.74 29.18 3.24
      vertex 89.74 29.18 14.48
    endloop
  endfacet
  facet normal 0.923884 -0.382673 0
    outer loop
      vertex 83.02 29.18 14.48
      vertex 84.0041 31.5559 3.24
      vertex 84.0041 31.5559 14.48
    endloop
  endfacet
  facet normal 0.923884 -0.382673 0
    outer loop
      vertex 84.0041 31.5559 3.24
      vertex 83.02 29.18 14.48
      vertex 83.02 29.18 3.24
    endloop
  endfacet
  facet normal -0.382673 -0.923884 0
    outer loop
      vertex 86.38 32.54 3.24
      vertex 88.7559 31.5559 14.48
      vertex 86.38 32.54 14.48
    endloop
  endfacet
  facet normal -0.382673 -0.923884 -0
    outer loop
      vertex 88.7559 31.5559 14.48
      vertex 86.38 32.54 3.24
      vertex 88.7559 31.5559 3.24
    endloop
  endfacet
  facet normal -0.382673 0.923884 0
    outer loop
      vertex 88.7559 26.8041 3.24
      vertex 86.38 25.82 14.48
      vertex 88.7559 26.8041 14.48
    endloop
  endfacet
  facet normal -0.382673 0.923884 0
    outer loop
      vertex 86.38 25.82 14.48
      vertex 88.7559 26.8041 3.24
      vertex 86.38 25.82 3.24
    endloop
  endfacet
  facet normal 0.382673 -0.923884 0
    outer loop
      vertex 84.0041 31.5559 3.24
      vertex 86.38 32.54 14.48
      vertex 84.0041 31.5559 14.48
    endloop
  endfacet
  facet normal 0.382673 -0.923884 0
    outer loop
      vertex 86.38 32.54 14.48
      vertex 84.0041 31.5559 3.24
      vertex 86.38 32.54 3.24
    endloop
  endfacet
  facet normal -0.923884 0.382673 0
    outer loop
      vertex 88.7559 26.8041 3.24
      vertex 89.74 29.18 14.48
      vertex 89.74 29.18 3.24
    endloop
  endfacet
  facet normal -0.923884 0.382673 0
    outer loop
      vertex 89.74 29.18 14.48
      vertex 88.7559 26.8041 3.24
      vertex 88.7559 26.8041 14.48
    endloop
  endfacet
  facet normal 0 0 1
    outer loop
      vertex 88.7559 31.5559 3.24
      vertex 88.7559 26.8041 3.24
      vertex 89.74 29.18 3.24
    endloop
  endfacet
  facet normal 0 0 1
    outer loop
      vertex 86.38 32.54 3.24
      vertex 88.7559 26.8041 3.24
      vertex 88.7559 31.5559 3.24
    endloop
  endfacet
  facet normal 0 0 1
    outer loop
      vertex 86.38 32.54 3.24
      vertex 86.38 25.82 3.24
      vertex 88.7559 26.8041 3.24
    endloop
  endfacet
  facet normal -0 0 1
    outer loop
      vertex 84.0041 31.5559 3.24
      vertex 86.38 25.82 3.24
      vertex 86.38 32.54 3.24
    endloop
  endfacet
  facet normal 0 0 1
    outer loop
      vertex 84.0041 31.5559 3.24
      vertex 84.0041 26.8041 3.24
      vertex 86.38 25.82 3.24
    endloop
  endfacet
  facet normal 0 -0 1
    outer loop
      vertex 84.0041 26.8041 3.24
      vertex 84.0041 31.5559 3.24
      vertex 83.02 29.18 3.24
    endloop
  endfacet
  facet normal 0.382673 0.923884 -0
    outer loop
      vertex 86.38 25.82 3.24
      vertex 84.0041 26.8041 14.48
      vertex 86.38 25.82 14.48
    endloop
  endfacet
  facet normal 0.382673 0.923884 0
    outer loop
      vertex 84.0041 26.8041 14.48
      vertex 86.38 25.82 3.24
      vertex 84.0041 26.8041 3.24
    endloop
  endfacet
  facet normal 0.923884 0.382673 0
    outer loop
      vertex 84.0041 26.8041 14.48
      vertex 83.02 29.18 3.24
      vertex 83.02 29.18 14.48
    endloop
  endfacet
  facet normal 0.923884 0.382673 0
    outer loop
      vertex 83.02 29.18 3.24
      vertex 84.0041 26.8041 14.48
      vertex 84.0041 26.8041 3.24
    endloop
  endfacet
  facet normal -0.923884 -0.382673 0
    outer loop
      vertex 89.74 20.18 3.24
      vertex 88.7559 22.5559 14.48
      vertex 88.7559 22.5559 3.24
    endloop
  endfacet
  facet normal -0.923884 -0.382673 0
    outer loop
      vertex 88.7559 22.5559 14.48
      vertex 89.74 20.18 3.24
      vertex 89.74 20.18 14.48
    endloop
  endfacet
  facet normal 0.923884 -0.382673 0
    outer loop
      vertex 83.02 20.18 14.48
      vertex 84.0041 22.5559 3.24
      vertex 84.0041 22.5559 14.48
    endloop
  endfacet
  facet normal 0.923884 -0.382673 0
    outer loop
      vertex 84.0041 22.5559 3.24
      vertex 83.02 20.18 14.48
      vertex 83.02 20.18 3.24
    endloop
  endfacet
  facet normal -0.382673 -0.923884 0
    outer loop
      vertex 86.38 23.54 3.24
      vertex 88.7559 22.5559 14.48
      vertex 86.38 23.54 14.48
    endloop
  endfacet
  facet normal -0.382673 -0.923884 -0
    outer loop
      vertex 88.7559 22.5559 14.48
      vertex 86.38 23.54 3.24
      vertex 88.7559 22.5559 3.24
    endloop
  endfacet
  facet normal -0.382673 0.923884 0
    outer loop
      vertex 88.7559 17.8041 3.24
      vertex 86.38 16.82 14.48
      vertex 88.7559 17.8041 14.48
    endloop
  endfacet
  facet normal -0.382673 0.923884 0
    outer loop
      vertex 86.38 16.82 14.48
      vertex 88.7559 17.8041 3.24
      vertex 86.38 16.82 3.24
    endloop
  endfacet
  facet normal 0.382673 -0.923884 0
    outer loop
      vertex 84.0041 22.5559 3.24
      vertex 86.38 23.54 14.48
      vertex 84.0041 22.5559 14.48
    endloop
  endfacet
  facet normal 0.382673 -0.923884 0
    outer loop
      vertex 86.38 23.54 14.48
      vertex 84.0041 22.5559 3.24
      vertex 86.38 23.54 3.24
    endloop
  endfacet
  facet normal -0.923884 0.382673 0
    outer loop
      vertex 88.7559 17.8041 3.24
      vertex 89.74 20.18 14.48
      vertex 89.74 20.18 3.24
    endloop
  endfacet
  facet normal -0.923884 0.382673 0
    outer loop
      vertex 89.74 20.18 14.48
      vertex 88.7559 17.8041 3.24
      vertex 88.7559 17.8041 14.48
    endloop
  endfacet
  facet normal 0 0 1
    outer loop
      vertex 88.7559 22.5559 3.24
      vertex 88.7559 17.8041 3.24
      vertex 89.74 20.18 3.24
    endloop
  endfacet
  facet normal 0 0 1
    outer loop
      vertex 86.38 23.54 3.24
      vertex 88.7559 17.8041 3.24
      vertex 88.7559 22.5559 3.24
    endloop
  endfacet
  facet normal 0 0 1
    outer loop
      vertex 86.38 23.54 3.24
      vertex 86.38 16.82 3.24
      vertex 88.7559 17.8041 3.24
    endloop
  endfacet
  facet normal -0 0 1
    outer loop
      vertex 84.0041 22.5559 3.24
      vertex 86.38 16.82 3.24
      vertex 86.38 23.54 3.24
    endloop
  endfacet
  facet normal 0 0 1
    outer loop
      vertex 84.0041 22.5559 3.24
      vertex 84.0041 17.8041 3.24
      vertex 86.38 16.82 3.24
    endloop
  endfacet
  facet normal 0 -0 1
    outer loop
      vertex 84.0041 17.8041 3.24
      vertex 84.0041 22.5559 3.24
      vertex 83.02 20.18 3.24
    endloop
  endfacet
  facet normal 0.382673 0.923884 -0
    outer loop
      vertex 86.38 16.82 3.24
      vertex 84.0041 17.8041 14.48
      vertex 86.38 16.82 14.48
    endloop
  endfacet
  facet normal 0.382673 0.923884 0
    outer loop
      vertex 84.0041 17.8041 14.48
      vertex 86.38 16.82 3.24
      vertex 84.0041 17.8041 3.24
    endloop
  endfacet
  facet normal 0.923884 0.382673 0
    outer loop
      vertex 84.0041 17.8041 14.48
      vertex 83.02 20.18 3.24
      vertex 83.02 20.18 14.48
    endloop
  endfacet
  facet normal 0.923884 0.382673 0
    outer loop
      vertex 83.02 20.18 3.24
      vertex 84.0041 17.8041 14.48
      vertex 84.0041 17.8041 3.24
    endloop
  endfacet
  facet normal -0.923884 -0.382673 0
    outer loop
      vertex 89.74 11.18 3.24
      vertex 88.7559 13.5559 14.48
      vertex 88.7559 13.5559 3.24
    endloop
  endfacet
  facet normal -0.923884 -0.382673 0
    outer loop
      vertex 88.7559 13.5559 14.48
      vertex 89.74 11.18 3.24
      vertex 89.74 11.18 14.48
    endloop
  endfacet
  facet normal 0.923884 -0.382673 0
    outer loop
      vertex 83.02 11.18 14.48
      vertex 84.0041 13.5559 3.24
      vertex 84.0041 13.5559 14.48
    endloop
  endfacet
  facet normal 0.923884 -0.382673 0
    outer loop
      vertex 84.0041 13.5559 3.24
      vertex 83.02 11.18 14.48
      vertex 83.02 11.18 3.24
    endloop
  endfacet
  facet normal -0.382673 -0.923884 0
    outer loop
      vertex 86.38 14.54 3.24
      vertex 88.7559 13.5559 14.48
      vertex 86.38 14.54 14.48
    endloop
  endfacet
  facet normal -0.382673 -0.923884 -0
    outer loop
      vertex 88.7559 13.5559 14.48
      vertex 86.38 14.54 3.24
      vertex 88.7559 13.5559 3.24
    endloop
  endfacet
  facet normal -0.38268 0.923881 0
    outer loop
      vertex 88.7559 8.80412 3.24
      vertex 86.38 7.82 14.48
      vertex 88.7559 8.80412 14.48
    endloop
  endfacet
  facet normal -0.38268 0.923881 0
    outer loop
      vertex 86.38 7.82 14.48
      vertex 88.7559 8.80412 3.24
      vertex 86.38 7.82 3.24
    endloop
  endfacet
  facet normal 0.382673 -0.923884 0
    outer loop
      vertex 84.0041 13.5559 3.24
      vertex 86.38 14.54 14.48
      vertex 84.0041 13.5559 14.48
    endloop
  endfacet
  facet normal 0.382673 -0.923884 0
    outer loop
      vertex 86.38 14.54 14.48
      vertex 84.0041 13.5559 3.24
      vertex 86.38 14.54 3.24
    endloop
  endfacet
  facet normal -0.923883 0.382676 0
    outer loop
      vertex 88.7559 8.80412 3.24
      vertex 89.74 11.18 14.48
      vertex 89.74 11.18 3.24
    endloop
  endfacet
  facet normal -0.923883 0.382676 0
    outer loop
      vertex 89.74 11.18 14.48
      vertex 88.7559 8.80412 3.24
      vertex 88.7559 8.80412 14.48
    endloop
  endfacet
  facet normal 0 0 1
    outer loop
      vertex 88.7559 13.5559 3.24
      vertex 88.7559 8.80412 3.24
      vertex 89.74 11.18 3.24
    endloop
  endfacet
  facet normal 0 0 1
    outer loop
      vertex 86.38 14.54 3.24
      vertex 88.7559 8.80412 3.24
      vertex 88.7559 13.5559 3.24
    endloop
  endfacet
  facet normal 0 0 1
    outer loop
      vertex 86.38 14.54 3.24
      vertex 86.38 7.82 3.24
      vertex 88.7559 8.80412 3.24
    endloop
  endfacet
  facet normal -0 0 1
    outer loop
      vertex 84.0041 13.5559 3.24
      vertex 86.38 7.82 3.24
      vertex 86.38 14.54 3.24
    endloop
  endfacet
  facet normal 0 0 1
    outer loop
      vertex 84.0041 13.5559 3.24
      vertex 84.0041 8.80412 3.24
      vertex 86.38 7.82 3.24
    endloop
  endfacet
  facet normal 0 -0 1
    outer loop
      vertex 84.0041 8.80412 3.24
      vertex 84.0041 13.5559 3.24
      vertex 83.02 11.18 3.24
    endloop
  endfacet
  facet normal 0.38268 0.923881 -0
    outer loop
      vertex 86.38 7.82 3.24
      vertex 84.0041 8.80412 14.48
      vertex 86.38 7.82 14.48
    endloop
  endfacet
  facet normal 0.38268 0.923881 0
    outer loop
      vertex 84.0041 8.80412 14.48
      vertex 86.38 7.82 3.24
      vertex 84.0041 8.80412 3.24
    endloop
  endfacet
  facet normal 0.923883 0.382676 0
    outer loop
      vertex 84.0041 8.80412 14.48
      vertex 83.02 11.18 3.24
      vertex 83.02 11.18 14.48
    endloop
  endfacet
  facet normal 0.923883 0.382676 0
    outer loop
      vertex 83.02 11.18 3.24
      vertex 84.0041 8.80412 14.48
      vertex 84.0041 8.80412 3.24
    endloop
  endfacet
  facet normal -0.923884 -0.382673 0
    outer loop
      vertex 98.74 74.18 3.24
      vertex 97.7559 76.5559 14.48
      vertex 97.7559 76.5559 3.24
    endloop
  endfacet
  facet normal -0.923884 -0.382673 0
    outer loop
      vertex 97.7559 76.5559 14.48
      vertex 98.74 74.18 3.24
      vertex 98.74 74.18 14.48
    endloop
  endfacet
  facet normal 0.923884 -0.382673 0
    outer loop
      vertex 92.02 74.18 14.48
      vertex 93.0041 76.5559 3.24
      vertex 93.0041 76.5559 14.48
    endloop
  endfacet
  facet normal 0.923884 -0.382673 0
    outer loop
      vertex 93.0041 76.5559 3.24
      vertex 92.02 74.18 14.48
      vertex 92.02 74.18 3.24
    endloop
  endfacet
  facet normal -0.382673 -0.923884 0
    outer loop
      vertex 95.38 77.54 3.24
      vertex 97.7559 76.5559 14.48
      vertex 95.38 77.54 14.48
    endloop
  endfacet
  facet normal -0.382673 -0.923884 -0
    outer loop
      vertex 97.7559 76.5559 14.48
      vertex 95.38 77.54 3.24
      vertex 97.7559 76.5559 3.24
    endloop
  endfacet
  facet normal -0.382673 0.923884 0
    outer loop
      vertex 97.7559 71.8041 3.24
      vertex 95.38 70.82 14.48
      vertex 97.7559 71.8041 14.48
    endloop
  endfacet
  facet normal -0.382673 0.923884 0
    outer loop
      vertex 95.38 70.82 14.48
      vertex 97.7559 71.8041 3.24
      vertex 95.38 70.82 3.24
    endloop
  endfacet
  facet normal 0.382673 -0.923884 0
    outer loop
      vertex 93.0041 76.5559 3.24
      vertex 95.38 77.54 14.48
      vertex 93.0041 76.5559 14.48
    endloop
  endfacet
  facet normal 0.382673 -0.923884 0
    outer loop
      vertex 95.38 77.54 14.48
      vertex 93.0041 76.5559 3.24
      vertex 95.38 77.54 3.24
    endloop
  endfacet
  facet normal 0 0 1
    outer loop
      vertex 97.7559 76.5559 3.24
      vertex 97.7559 71.8041 3.24
      vertex 98.74 74.18 3.24
    endloop
  endfacet
  facet normal 0 0 1
    outer loop
      vertex 95.38 77.54 3.24
      vertex 97.7559 71.8041 3.24
      vertex 97.7559 76.5559 3.24
    endloop
  endfacet
  facet normal 0 0 1
    outer loop
      vertex 95.38 77.54 3.24
      vertex 95.38 70.82 3.24
      vertex 97.7559 71.8041 3.24
    endloop
  endfacet
  facet normal -0 0 1
    outer loop
      vertex 93.0041 76.5559 3.24
      vertex 95.38 70.82 3.24
      vertex 95.38 77.54 3.24
    endloop
  endfacet
  facet normal 0 0 1
    outer loop
      vertex 93.0041 76.5559 3.24
      vertex 93.0041 71.8041 3.24
      vertex 95.38 70.82 3.24
    endloop
  endfacet
  facet normal 0 -0 1
    outer loop
      vertex 93.0041 71.8041 3.24
      vertex 93.0041 76.5559 3.24
      vertex 92.02 74.18 3.24
    endloop
  endfacet
  facet normal -0.923884 0.382673 0
    outer loop
      vertex 97.7559 71.8041 3.24
      vertex 98.74 74.18 14.48
      vertex 98.74 74.18 3.24
    endloop
  endfacet
  facet normal -0.923884 0.382673 0
    outer loop
      vertex 98.74 74.18 14.48
      vertex 97.7559 71.8041 3.24
      vertex 97.7559 71.8041 14.48
    endloop
  endfacet
  facet normal 0.382673 0.923884 -0
    outer loop
      vertex 95.38 70.82 3.24
      vertex 93.0041 71.8041 14.48
      vertex 95.38 70.82 14.48
    endloop
  endfacet
  facet normal 0.382673 0.923884 0
    outer loop
      vertex 93.0041 71.8041 14.48
      vertex 95.38 70.82 3.24
      vertex 93.0041 71.8041 3.24
    endloop
  endfacet
  facet normal 0.923884 0.382673 0
    outer loop
      vertex 93.0041 71.8041 14.48
      vertex 92.02 74.18 3.24
      vertex 92.02 74.18 14.48
    endloop
  endfacet
  facet normal 0.923884 0.382673 0
    outer loop
      vertex 92.02 74.18 3.24
      vertex 93.0041 71.8041 14.48
      vertex 93.0041 71.8041 3.24
    endloop
  endfacet
  facet normal -0.923884 -0.382673 0
    outer loop
      vertex 98.74 65.18 3.24
      vertex 97.7559 67.5559 14.48
      vertex 97.7559 67.5559 3.24
    endloop
  endfacet
  facet normal -0.923884 -0.382673 0
    outer loop
      vertex 97.7559 67.5559 14.48
      vertex 98.74 65.18 3.24
      vertex 98.74 65.18 14.48
    endloop
  endfacet
  facet normal 0.923884 -0.382673 0
    outer loop
      vertex 92.02 65.18 14.48
      vertex 93.0041 67.5559 3.24
      vertex 93.0041 67.5559 14.48
    endloop
  endfacet
  facet normal 0.923884 -0.382673 0
    outer loop
      vertex 93.0041 67.5559 3.24
      vertex 92.02 65.18 14.48
      vertex 92.02 65.18 3.24
    endloop
  endfacet
  facet normal -0.382673 -0.923884 0
    outer loop
      vertex 95.38 68.54 3.24
      vertex 97.7559 67.5559 14.48
      vertex 95.38 68.54 14.48
    endloop
  endfacet
  facet normal -0.382673 -0.923884 -0
    outer loop
      vertex 97.7559 67.5559 14.48
      vertex 95.38 68.54 3.24
      vertex 97.7559 67.5559 3.24
    endloop
  endfacet
  facet normal -0.382673 0.923884 0
    outer loop
      vertex 97.7559 62.8041 3.24
      vertex 95.38 61.82 14.48
      vertex 97.7559 62.8041 14.48
    endloop
  endfacet
  facet normal -0.382673 0.923884 0
    outer loop
      vertex 95.38 61.82 14.48
      vertex 97.7559 62.8041 3.24
      vertex 95.38 61.82 3.24
    endloop
  endfacet
  facet normal 0.382673 -0.923884 0
    outer loop
      vertex 93.0041 67.5559 3.24
      vertex 95.38 68.54 14.48
      vertex 93.0041 67.5559 14.48
    endloop
  endfacet
  facet normal 0.382673 -0.923884 0
    outer loop
      vertex 95.38 68.54 14.48
      vertex 93.0041 67.5559 3.24
      vertex 95.38 68.54 3.24
    endloop
  endfacet
  facet normal -0.923884 0.382673 0
    outer loop
      vertex 97.7559 62.8041 3.24
      vertex 98.74 65.18 14.48
      vertex 98.74 65.18 3.24
    endloop
  endfacet
  facet normal -0.923884 0.382673 0
    outer loop
      vertex 98.74 65.18 14.48
      vertex 97.7559 62.8041 3.24
      vertex 97.7559 62.8041 14.48
    endloop
  endfacet
  facet normal 0.923884 0.382673 0
    outer loop
      vertex 93.0041 62.8041 14.48
      vertex 92.02 65.18 3.24
      vertex 92.02 65.18 14.48
    endloop
  endfacet
  facet normal 0.923884 0.382673 0
    outer loop
      vertex 92.02 65.18 3.24
      vertex 93.0041 62.8041 14.48
      vertex 93.0041 62.8041 3.24
    endloop
  endfacet
  facet normal 0 0 1
    outer loop
      vertex 97.7559 67.5559 3.24
      vertex 97.7559 62.8041 3.24
      vertex 98.74 65.18 3.24
    endloop
  endfacet
  facet normal 0 0 1
    outer loop
      vertex 95.38 68.54 3.24
      vertex 97.7559 62.8041 3.24
      vertex 97.7559 67.5559 3.24
    endloop
  endfacet
  facet normal 0 0 1
    outer loop
      vertex 95.38 68.54 3.24
      vertex 95.38 61.82 3.24
      vertex 97.7559 62.8041 3.24
    endloop
  endfacet
  facet normal -0 0 1
    outer loop
      vertex 93.0041 67.5559 3.24
      vertex 95.38 61.82 3.24
      vertex 95.38 68.54 3.24
    endloop
  endfacet
  facet normal 0 0 1
    outer loop
      vertex 93.0041 67.5559 3.24
      vertex 93.0041 62.8041 3.24
      vertex 95.38 61.82 3.24
    endloop
  endfacet
  facet normal 0 -0 1
    outer loop
      vertex 93.0041 62.8041 3.24
      vertex 93.0041 67.5559 3.24
      vertex 92.02 65.18 3.24
    endloop
  endfacet
  facet normal 0.382673 0.923884 -0
    outer loop
      vertex 95.38 61.82 3.24
      vertex 93.0041 62.8041 14.48
      vertex 95.38 61.82 14.48
    endloop
  endfacet
  facet normal 0.382673 0.923884 0
    outer loop
      vertex 93.0041 62.8041 14.48
      vertex 95.38 61.82 3.24
      vertex 93.0041 62.8041 3.24
    endloop
  endfacet
  facet normal -0.923884 -0.382673 0
    outer loop
      vertex 98.74 56.18 3.24
      vertex 97.7559 58.5559 14.48
      vertex 97.7559 58.5559 3.24
    endloop
  endfacet
  facet normal -0.923884 -0.382673 0
    outer loop
      vertex 97.7559 58.5559 14.48
      vertex 98.74 56.18 3.24
      vertex 98.74 56.18 14.48
    endloop
  endfacet
  facet normal 0.923884 -0.382673 0
    outer loop
      vertex 92.02 56.18 14.48
      vertex 93.0041 58.5559 3.24
      vertex 93.0041 58.5559 14.48
    endloop
  endfacet
  facet normal 0.923884 -0.382673 0
    outer loop
      vertex 93.0041 58.5559 3.24
      vertex 92.02 56.18 14.48
      vertex 92.02 56.18 3.24
    endloop
  endfacet
  facet normal -0.382673 -0.923884 0
    outer loop
      vertex 95.38 59.54 3.24
      vertex 97.7559 58.5559 14.48
      vertex 95.38 59.54 14.48
    endloop
  endfacet
  facet normal -0.382673 -0.923884 -0
    outer loop
      vertex 97.7559 58.5559 14.48
      vertex 95.38 59.54 3.24
      vertex 97.7559 58.5559 3.24
    endloop
  endfacet
  facet normal -0.382673 0.923884 0
    outer loop
      vertex 97.7559 53.8041 3.24
      vertex 95.38 52.82 14.48
      vertex 97.7559 53.8041 14.48
    endloop
  endfacet
  facet normal -0.382673 0.923884 0
    outer loop
      vertex 95.38 52.82 14.48
      vertex 97.7559 53.8041 3.24
      vertex 95.38 52.82 3.24
    endloop
  endfacet
  facet normal 0.382673 -0.923884 0
    outer loop
      vertex 93.0041 58.5559 3.24
      vertex 95.38 59.54 14.48
      vertex 93.0041 58.5559 14.48
    endloop
  endfacet
  facet normal 0.382673 -0.923884 0
    outer loop
      vertex 95.38 59.54 14.48
      vertex 93.0041 58.5559 3.24
      vertex 95.38 59.54 3.24
    endloop
  endfacet
  facet normal 0.923884 0.382673 0
    outer loop
      vertex 93.0041 53.8041 14.48
      vertex 92.02 56.18 3.24
      vertex 92.02 56.18 14.48
    endloop
  endfacet
  facet normal 0.923884 0.382673 0
    outer loop
      vertex 92.02 56.18 3.24
      vertex 93.0041 53.8041 14.48
      vertex 93.0041 53.8041 3.24
    endloop
  endfacet
  facet normal 0 0 1
    outer loop
      vertex 97.7559 58.5559 3.24
      vertex 97.7559 53.8041 3.24
      vertex 98.74 56.18 3.24
    endloop
  endfacet
  facet normal 0 0 1
    outer loop
      vertex 95.38 59.54 3.24
      vertex 97.7559 53.8041 3.24
      vertex 97.7559 58.5559 3.24
    endloop
  endfacet
  facet normal 0 0 1
    outer loop
      vertex 95.38 59.54 3.24
      vertex 95.38 52.82 3.24
      vertex 97.7559 53.8041 3.24
    endloop
  endfacet
  facet normal -0 0 1
    outer loop
      vertex 93.0041 58.5559 3.24
      vertex 95.38 52.82 3.24
      vertex 95.38 59.54 3.24
    endloop
  endfacet
  facet normal 0 0 1
    outer loop
      vertex 93.0041 58.5559 3.24
      vertex 93.0041 53.8041 3.24
      vertex 95.38 52.82 3.24
    endloop
  endfacet
  facet normal 0 -0 1
    outer loop
      vertex 93.0041 53.8041 3.24
      vertex 93.0041 58.5559 3.24
      vertex 92.02 56.18 3.24
    endloop
  endfacet
  facet normal -0.923884 0.382673 0
    outer loop
      vertex 97.7559 53.8041 3.24
      vertex 98.74 56.18 14.48
      vertex 98.74 56.18 3.24
    endloop
  endfacet
  facet normal -0.923884 0.382673 0
    outer loop
      vertex 98.74 56.18 14.48
      vertex 97.7559 53.8041 3.24
      vertex 97.7559 53.8041 14.48
    endloop
  endfacet
  facet normal 0.382673 0.923884 -0
    outer loop
      vertex 95.38 52.82 3.24
      vertex 93.0041 53.8041 14.48
      vertex 95.38 52.82 14.48
    endloop
  endfacet
  facet normal 0.382673 0.923884 0
    outer loop
      vertex 93.0041 53.8041 14.48
      vertex 95.38 52.82 3.24
      vertex 93.0041 53.8041 3.24
    endloop
  endfacet
  facet normal -0.923884 -0.382673 0
    outer loop
      vertex 98.74 47.18 3.24
      vertex 97.7559 49.5559 14.48
      vertex 97.7559 49.5559 3.24
    endloop
  endfacet
  facet normal -0.923884 -0.382673 0
    outer loop
      vertex 97.7559 49.5559 14.48
      vertex 98.74 47.18 3.24
      vertex 98.74 47.18 14.48
    endloop
  endfacet
  facet normal 0.923884 -0.382673 0
    outer loop
      vertex 92.02 47.18 14.48
      vertex 93.0041 49.5559 3.24
      vertex 93.0041 49.5559 14.48
    endloop
  endfacet
  facet normal 0.923884 -0.382673 0
    outer loop
      vertex 93.0041 49.5559 3.24
      vertex 92.02 47.18 14.48
      vertex 92.02 47.18 3.24
    endloop
  endfacet
  facet normal -0.382673 -0.923884 0
    outer loop
      vertex 95.38 50.54 3.24
      vertex 97.7559 49.5559 14.48
      vertex 95.38 50.54 14.48
    endloop
  endfacet
  facet normal -0.382673 -0.923884 -0
    outer loop
      vertex 97.7559 49.5559 14.48
      vertex 95.38 50.54 3.24
      vertex 97.7559 49.5559 3.24
    endloop
  endfacet
  facet normal -0.382673 0.923884 0
    outer loop
      vertex 97.7559 44.8041 3.24
      vertex 95.38 43.82 14.48
      vertex 97.7559 44.8041 14.48
    endloop
  endfacet
  facet normal -0.382673 0.923884 0
    outer loop
      vertex 95.38 43.82 14.48
      vertex 97.7559 44.8041 3.24
      vertex 95.38 43.82 3.24
    endloop
  endfacet
  facet normal 0.382673 -0.923884 0
    outer loop
      vertex 93.0041 49.5559 3.24
      vertex 95.38 50.54 14.48
      vertex 93.0041 49.5559 14.48
    endloop
  endfacet
  facet normal 0.382673 -0.923884 0
    outer loop
      vertex 95.38 50.54 14.48
      vertex 93.0041 49.5559 3.24
      vertex 95.38 50.54 3.24
    endloop
  endfacet
  facet normal -0.923884 0.382673 0
    outer loop
      vertex 97.7559 44.8041 3.24
      vertex 98.74 47.18 14.48
      vertex 98.74 47.18 3.24
    endloop
  endfacet
  facet normal -0.923884 0.382673 0
    outer loop
      vertex 98.74 47.18 14.48
      vertex 97.7559 44.8041 3.24
      vertex 97.7559 44.8041 14.48
    endloop
  endfacet
  facet normal 0 0 1
    outer loop
      vertex 97.7559 49.5559 3.24
      vertex 97.7559 44.8041 3.24
      vertex 98.74 47.18 3.24
    endloop
  endfacet
  facet normal 0 0 1
    outer loop
      vertex 95.38 50.54 3.24
      vertex 97.7559 44.8041 3.24
      vertex 97.7559 49.5559 3.24
    endloop
  endfacet
  facet normal 0 0 1
    outer loop
      vertex 95.38 50.54 3.24
      vertex 95.38 43.82 3.24
      vertex 97.7559 44.8041 3.24
    endloop
  endfacet
  facet normal -0 0 1
    outer loop
      vertex 93.0041 49.5559 3.24
      vertex 95.38 43.82 3.24
      vertex 95.38 50.54 3.24
    endloop
  endfacet
  facet normal 0 0 1
    outer loop
      vertex 93.0041 49.5559 3.24
      vertex 93.0041 44.8041 3.24
      vertex 95.38 43.82 3.24
    endloop
  endfacet
  facet normal 0 -0 1
    outer loop
      vertex 93.0041 44.8041 3.24
      vertex 93.0041 49.5559 3.24
      vertex 92.02 47.18 3.24
    endloop
  endfacet
  facet normal 0.382673 0.923884 -0
    outer loop
      vertex 95.38 43.82 3.24
      vertex 93.0041 44.8041 14.48
      vertex 95.38 43.82 14.48
    endloop
  endfacet
  facet normal 0.382673 0.923884 0
    outer loop
      vertex 93.0041 44.8041 14.48
      vertex 95.38 43.82 3.24
      vertex 93.0041 44.8041 3.24
    endloop
  endfacet
  facet normal 0.923884 0.382673 0
    outer loop
      vertex 93.0041 44.8041 14.48
      vertex 92.02 47.18 3.24
      vertex 92.02 47.18 14.48
    endloop
  endfacet
  facet normal 0.923884 0.382673 0
    outer loop
      vertex 92.02 47.18 3.24
      vertex 93.0041 44.8041 14.48
      vertex 93.0041 44.8041 3.24
    endloop
  endfacet
  facet normal -0.923884 -0.382673 0
    outer loop
      vertex 98.74 38.18 3.24
      vertex 97.7559 40.5559 14.48
      vertex 97.7559 40.5559 3.24
    endloop
  endfacet
  facet normal -0.923884 -0.382673 0
    outer loop
      vertex 97.7559 40.5559 14.48
      vertex 98.74 38.18 3.24
      vertex 98.74 38.18 14.48
    endloop
  endfacet
  facet normal 0.923884 -0.382673 0
    outer loop
      vertex 92.02 38.18 14.48
      vertex 93.0041 40.5559 3.24
      vertex 93.0041 40.5559 14.48
    endloop
  endfacet
  facet normal 0.923884 -0.382673 0
    outer loop
      vertex 93.0041 40.5559 3.24
      vertex 92.02 38.18 14.48
      vertex 92.02 38.18 3.24
    endloop
  endfacet
  facet normal -0.382673 -0.923884 0
    outer loop
      vertex 95.38 41.54 3.24
      vertex 97.7559 40.5559 14.48
      vertex 95.38 41.54 14.48
    endloop
  endfacet
  facet normal -0.382673 -0.923884 -0
    outer loop
      vertex 97.7559 40.5559 14.48
      vertex 95.38 41.54 3.24
      vertex 97.7559 40.5559 3.24
    endloop
  endfacet
  facet normal -0.382673 0.923884 0
    outer loop
      vertex 97.7559 35.8041 3.24
      vertex 95.38 34.82 14.48
      vertex 97.7559 35.8041 14.48
    endloop
  endfacet
  facet normal -0.382673 0.923884 0
    outer loop
      vertex 95.38 34.82 14.48
      vertex 97.7559 35.8041 3.24
      vertex 95.38 34.82 3.24
    endloop
  endfacet
  facet normal 0.382673 -0.923884 0
    outer loop
      vertex 93.0041 40.5559 3.24
      vertex 95.38 41.54 14.48
      vertex 93.0041 40.5559 14.48
    endloop
  endfacet
  facet normal 0.382673 -0.923884 0
    outer loop
      vertex 95.38 41.54 14.48
      vertex 93.0041 40.5559 3.24
      vertex 95.38 41.54 3.24
    endloop
  endfacet
  facet normal -0.923884 0.382673 0
    outer loop
      vertex 97.7559 35.8041 3.24
      vertex 98.74 38.18 14.48
      vertex 98.74 38.18 3.24
    endloop
  endfacet
  facet normal -0.923884 0.382673 0
    outer loop
      vertex 98.74 38.18 14.48
      vertex 97.7559 35.8041 3.24
      vertex 97.7559 35.8041 14.48
    endloop
  endfacet
  facet normal 0 0 1
    outer loop
      vertex 97.7559 40.5559 3.24
      vertex 97.7559 35.8041 3.24
      vertex 98.74 38.18 3.24
    endloop
  endfacet
  facet normal 0 0 1
    outer loop
      vertex 95.38 41.54 3.24
      vertex 97.7559 35.8041 3.24
      vertex 97.7559 40.5559 3.24
    endloop
  endfacet
  facet normal 0 0 1
    outer loop
      vertex 95.38 41.54 3.24
      vertex 95.38 34.82 3.24
      vertex 97.7559 35.8041 3.24
    endloop
  endfacet
  facet normal -0 0 1
    outer loop
      vertex 93.0041 40.5559 3.24
      vertex 95.38 34.82 3.24
      vertex 95.38 41.54 3.24
    endloop
  endfacet
  facet normal 0 0 1
    outer loop
      vertex 93.0041 40.5559 3.24
      vertex 93.0041 35.8041 3.24
      vertex 95.38 34.82 3.24
    endloop
  endfacet
  facet normal 0 -0 1
    outer loop
      vertex 93.0041 35.8041 3.24
      vertex 93.0041 40.5559 3.24
      vertex 92.02 38.18 3.24
    endloop
  endfacet
  facet normal 0.382673 0.923884 -0
    outer loop
      vertex 95.38 34.82 3.24
      vertex 93.0041 35.8041 14.48
      vertex 95.38 34.82 14.48
    endloop
  endfacet
  facet normal 0.382673 0.923884 0
    outer loop
      vertex 93.0041 35.8041 14.48
      vertex 95.38 34.82 3.24
      vertex 93.0041 35.8041 3.24
    endloop
  endfacet
  facet normal 0.923884 0.382673 0
    outer loop
      vertex 93.0041 35.8041 14.48
      vertex 92.02 38.18 3.24
      vertex 92.02 38.18 14.48
    endloop
  endfacet
  facet normal 0.923884 0.382673 0
    outer loop
      vertex 92.02 38.18 3.24
      vertex 93.0041 35.8041 14.48
      vertex 93.0041 35.8041 3.24
    endloop
  endfacet
  facet normal -0.923884 -0.382673 0
    outer loop
      vertex 98.74 29.18 3.24
      vertex 97.7559 31.5559 14.48
      vertex 97.7559 31.5559 3.24
    endloop
  endfacet
  facet normal -0.923884 -0.382673 0
    outer loop
      vertex 97.7559 31.5559 14.48
      vertex 98.74 29.18 3.24
      vertex 98.74 29.18 14.48
    endloop
  endfacet
  facet normal 0.923884 -0.382673 0
    outer loop
      vertex 92.02 29.18 14.48
      vertex 93.0041 31.5559 3.24
      vertex 93.0041 31.5559 14.48
    endloop
  endfacet
  facet normal 0.923884 -0.382673 0
    outer loop
      vertex 93.0041 31.5559 3.24
      vertex 92.02 29.18 14.48
      vertex 92.02 29.18 3.24
    endloop
  endfacet
  facet normal -0.382673 -0.923884 0
    outer loop
      vertex 95.38 32.54 3.24
      vertex 97.7559 31.5559 14.48
      vertex 95.38 32.54 14.48
    endloop
  endfacet
  facet normal -0.382673 -0.923884 -0
    outer loop
      vertex 97.7559 31.5559 14.48
      vertex 95.38 32.54 3.24
      vertex 97.7559 31.5559 3.24
    endloop
  endfacet
  facet normal -0.382673 0.923884 0
    outer loop
      vertex 97.7559 26.8041 3.24
      vertex 95.38 25.82 14.48
      vertex 97.7559 26.8041 14.48
    endloop
  endfacet
  facet normal -0.382673 0.923884 0
    outer loop
      vertex 95.38 25.82 14.48
      vertex 97.7559 26.8041 3.24
      vertex 95.38 25.82 3.24
    endloop
  endfacet
  facet normal 0.382673 -0.923884 0
    outer loop
      vertex 93.0041 31.5559 3.24
      vertex 95.38 32.54 14.48
      vertex 93.0041 31.5559 14.48
    endloop
  endfacet
  facet normal 0.382673 -0.923884 0
    outer loop
      vertex 95.38 32.54 14.48
      vertex 93.0041 31.5559 3.24
      vertex 95.38 32.54 3.24
    endloop
  endfacet
  facet normal -0.923884 0.382673 0
    outer loop
      vertex 97.7559 26.8041 3.24
      vertex 98.74 29.18 14.48
      vertex 98.74 29.18 3.24
    endloop
  endfacet
  facet normal -0.923884 0.382673 0
    outer loop
      vertex 98.74 29.18 14.48
      vertex 97.7559 26.8041 3.24
      vertex 97.7559 26.8041 14.48
    endloop
  endfacet
  facet normal 0 0 1
    outer loop
      vertex 97.7559 31.5559 3.24
      vertex 97.7559 26.8041 3.24
      vertex 98.74 29.18 3.24
    endloop
  endfacet
  facet normal 0 0 1
    outer loop
      vertex 95.38 32.54 3.24
      vertex 97.7559 26.8041 3.24
      vertex 97.7559 31.5559 3.24
    endloop
  endfacet
  facet normal 0 0 1
    outer loop
      vertex 95.38 32.54 3.24
      vertex 95.38 25.82 3.24
      vertex 97.7559 26.8041 3.24
    endloop
  endfacet
  facet normal -0 0 1
    outer loop
      vertex 93.0041 31.5559 3.24
      vertex 95.38 25.82 3.24
      vertex 95.38 32.54 3.24
    endloop
  endfacet
  facet normal 0 0 1
    outer loop
      vertex 93.0041 31.5559 3.24
      vertex 93.0041 26.8041 3.24
      vertex 95.38 25.82 3.24
    endloop
  endfacet
  facet normal 0 -0 1
    outer loop
      vertex 93.0041 26.8041 3.24
      vertex 93.0041 31.5559 3.24
      vertex 92.02 29.18 3.24
    endloop
  endfacet
  facet normal 0.382673 0.923884 -0
    outer loop
      vertex 95.38 25.82 3.24
      vertex 93.0041 26.8041 14.48
      vertex 95.38 25.82 14.48
    endloop
  endfacet
  facet normal 0.382673 0.923884 0
    outer loop
      vertex 93.0041 26.8041 14.48
      vertex 95.38 25.82 3.24
      vertex 93.0041 26.8041 3.24
    endloop
  endfacet
  facet normal 0.923884 0.382673 0
    outer loop
      vertex 93.0041 26.8041 14.48
      vertex 92.02 29.18 3.24
      vertex 92.02 29.18 14.48
    endloop
  endfacet
  facet normal 0.923884 0.382673 0
    outer loop
      vertex 92.02 29.18 3.24
      vertex 93.0041 26.8041 14.48
      vertex 93.0041 26.8041 3.24
    endloop
  endfacet
  facet normal -0.923884 -0.382673 0
    outer loop
      vertex 98.74 20.18 3.24
      vertex 97.7559 22.5559 14.48
      vertex 97.7559 22.5559 3.24
    endloop
  endfacet
  facet normal -0.923884 -0.382673 0
    outer loop
      vertex 97.7559 22.5559 14.48
      vertex 98.74 20.18 3.24
      vertex 98.74 20.18 14.48
    endloop
  endfacet
  facet normal 0.923884 -0.382673 0
    outer loop
      vertex 92.02 20.18 14.48
      vertex 93.0041 22.5559 3.24
      vertex 93.0041 22.5559 14.48
    endloop
  endfacet
  facet normal 0.923884 -0.382673 0
    outer loop
      vertex 93.0041 22.5559 3.24
      vertex 92.02 20.18 14.48
      vertex 92.02 20.18 3.24
    endloop
  endfacet
  facet normal -0.382673 -0.923884 0
    outer loop
      vertex 95.38 23.54 3.24
      vertex 97.7559 22.5559 14.48
      vertex 95.38 23.54 14.48
    endloop
  endfacet
  facet normal -0.382673 -0.923884 -0
    outer loop
      vertex 97.7559 22.5559 14.48
      vertex 95.38 23.54 3.24
      vertex 97.7559 22.5559 3.24
    endloop
  endfacet
  facet normal -0.382673 0.923884 0
    outer loop
      vertex 97.7559 17.8041 3.24
      vertex 95.38 16.82 14.48
      vertex 97.7559 17.8041 14.48
    endloop
  endfacet
  facet normal -0.382673 0.923884 0
    outer loop
      vertex 95.38 16.82 14.48
      vertex 97.7559 17.8041 3.24
      vertex 95.38 16.82 3.24
    endloop
  endfacet
  facet normal 0.382673 -0.923884 0
    outer loop
      vertex 93.0041 22.5559 3.24
      vertex 95.38 23.54 14.48
      vertex 93.0041 22.5559 14.48
    endloop
  endfacet
  facet normal 0.382673 -0.923884 0
    outer loop
      vertex 95.38 23.54 14.48
      vertex 93.0041 22.5559 3.24
      vertex 95.38 23.54 3.24
    endloop
  endfacet
  facet normal -0.923884 0.382673 0
    outer loop
      vertex 97.7559 17.8041 3.24
      vertex 98.74 20.18 14.48
      vertex 98.74 20.18 3.24
    endloop
  endfacet
  facet normal -0.923884 0.382673 0
    outer loop
      vertex 98.74 20.18 14.48
      vertex 97.7559 17.8041 3.24
      vertex 97.7559 17.8041 14.48
    endloop
  endfacet
  facet normal 0.923884 0.382673 0
    outer loop
      vertex 93.0041 17.8041 14.48
      vertex 92.02 20.18 3.24
      vertex 92.02 20.18 14.48
    endloop
  endfacet
  facet normal 0.923884 0.382673 0
    outer loop
      vertex 92.02 20.18 3.24
      vertex 93.0041 17.8041 14.48
      vertex 93.0041 17.8041 3.24
    endloop
  endfacet
  facet normal 0 0 1
    outer loop
      vertex 97.7559 22.5559 3.24
      vertex 97.7559 17.8041 3.24
      vertex 98.74 20.18 3.24
    endloop
  endfacet
  facet normal 0 0 1
    outer loop
      vertex 95.38 23.54 3.24
      vertex 97.7559 17.8041 3.24
      vertex 97.7559 22.5559 3.24
    endloop
  endfacet
  facet normal 0 0 1
    outer loop
      vertex 95.38 23.54 3.24
      vertex 95.38 16.82 3.24
      vertex 97.7559 17.8041 3.24
    endloop
  endfacet
  facet normal -0 0 1
    outer loop
      vertex 93.0041 22.5559 3.24
      vertex 95.38 16.82 3.24
      vertex 95.38 23.54 3.24
    endloop
  endfacet
  facet normal 0 0 1
    outer loop
      vertex 93.0041 22.5559 3.24
      vertex 93.0041 17.8041 3.24
      vertex 95.38 16.82 3.24
    endloop
  endfacet
  facet normal 0 -0 1
    outer loop
      vertex 93.0041 17.8041 3.24
      vertex 93.0041 22.5559 3.24
      vertex 92.02 20.18 3.24
    endloop
  endfacet
  facet normal 0.382673 0.923884 -0
    outer loop
      vertex 95.38 16.82 3.24
      vertex 93.0041 17.8041 14.48
      vertex 95.38 16.82 14.48
    endloop
  endfacet
  facet normal 0.382673 0.923884 0
    outer loop
      vertex 93.0041 17.8041 14.48
      vertex 95.38 16.82 3.24
      vertex 93.0041 17.8041 3.24
    endloop
  endfacet
  facet normal -0.923884 -0.382673 0
    outer loop
      vertex 98.74 11.18 3.24
      vertex 97.7559 13.5559 14.48
      vertex 97.7559 13.5559 3.24
    endloop
  endfacet
  facet normal -0.923884 -0.382673 0
    outer loop
      vertex 97.7559 13.5559 14.48
      vertex 98.74 11.18 3.24
      vertex 98.74 11.18 14.48
    endloop
  endfacet
  facet normal 0.923884 -0.382673 0
    outer loop
      vertex 92.02 11.18 14.48
      vertex 93.0041 13.5559 3.24
      vertex 93.0041 13.5559 14.48
    endloop
  endfacet
  facet normal 0.923884 -0.382673 0
    outer loop
      vertex 93.0041 13.5559 3.24
      vertex 92.02 11.18 14.48
      vertex 92.02 11.18 3.24
    endloop
  endfacet
  facet normal -0.382673 -0.923884 0
    outer loop
      vertex 95.38 14.54 3.24
      vertex 97.7559 13.5559 14.48
      vertex 95.38 14.54 14.48
    endloop
  endfacet
  facet normal -0.382673 -0.923884 -0
    outer loop
      vertex 97.7559 13.5559 14.48
      vertex 95.38 14.54 3.24
      vertex 97.7559 13.5559 3.24
    endloop
  endfacet
  facet normal -0.38268 0.923881 0
    outer loop
      vertex 97.7559 8.80412 3.24
      vertex 95.38 7.82 14.48
      vertex 97.7559 8.80412 14.48
    endloop
  endfacet
  facet normal -0.38268 0.923881 0
    outer loop
      vertex 95.38 7.82 14.48
      vertex 97.7559 8.80412 3.24
      vertex 95.38 7.82 3.24
    endloop
  endfacet
  facet normal 0.382673 -0.923884 0
    outer loop
      vertex 93.0041 13.5559 3.24
      vertex 95.38 14.54 14.48
      vertex 93.0041 13.5559 14.48
    endloop
  endfacet
  facet normal 0.382673 -0.923884 0
    outer loop
      vertex 95.38 14.54 14.48
      vertex 93.0041 13.5559 3.24
      vertex 95.38 14.54 3.24
    endloop
  endfacet
  facet normal -0.923883 0.382676 0
    outer loop
      vertex 97.7559 8.80412 3.24
      vertex 98.74 11.18 14.48
      vertex 98.74 11.18 3.24
    endloop
  endfacet
  facet normal -0.923883 0.382676 0
    outer loop
      vertex 98.74 11.18 14.48
      vertex 97.7559 8.80412 3.24
      vertex 97.7559 8.80412 14.48
    endloop
  endfacet
  facet normal 0 0 1
    outer loop
      vertex 97.7559 13.5559 3.24
      vertex 97.7559 8.80412 3.24
      vertex 98.74 11.18 3.24
    endloop
  endfacet
  facet normal 0 0 1
    outer loop
      vertex 95.38 14.54 3.24
      vertex 97.7559 8.80412 3.24
      vertex 97.7559 13.5559 3.24
    endloop
  endfacet
  facet normal 0 0 1
    outer loop
      vertex 95.38 14.54 3.24
      vertex 95.38 7.82 3.24
      vertex 97.7559 8.80412 3.24
    endloop
  endfacet
  facet normal -0 0 1
    outer loop
      vertex 93.0041 13.5559 3.24
      vertex 95.38 7.82 3.24
      vertex 95.38 14.54 3.24
    endloop
  endfacet
  facet normal 0 0 1
    outer loop
      vertex 93.0041 13.5559 3.24
      vertex 93.0041 8.80412 3.24
      vertex 95.38 7.82 3.24
    endloop
  endfacet
  facet normal 0 -0 1
    outer loop
      vertex 93.0041 8.80412 3.24
      vertex 93.0041 13.5559 3.24
      vertex 92.02 11.18 3.24
    endloop
  endfacet
  facet normal 0.38268 0.923881 -0
    outer loop
      vertex 95.38 7.82 3.24
      vertex 93.0041 8.80412 14.48
      vertex 95.38 7.82 14.48
    endloop
  endfacet
  facet normal 0.38268 0.923881 0
    outer loop
      vertex 93.0041 8.80412 14.48
      vertex 95.38 7.82 3.24
      vertex 93.0041 8.80412 3.24
    endloop
  endfacet
  facet normal 0.923883 0.382676 0
    outer loop
      vertex 93.0041 8.80412 14.48
      vertex 92.02 11.18 3.24
      vertex 92.02 11.18 14.48
    endloop
  endfacet
  facet normal 0.923883 0.382676 0
    outer loop
      vertex 92.02 11.18 3.24
      vertex 93.0041 8.80412 14.48
      vertex 93.0041 8.80412 3.24
    endloop
  endfacet
  facet normal -0.923897 -0.38264 0
    outer loop
      vertex 107.74 74.18 3.24
      vertex 106.756 76.5559 14.48
      vertex 106.756 76.5559 3.24
    endloop
  endfacet
  facet normal -0.923897 -0.38264 0
    outer loop
      vertex 106.756 76.5559 14.48
      vertex 107.74 74.18 3.24
      vertex 107.74 74.18 14.48
    endloop
  endfacet
  facet normal 0.923897 -0.38264 0
    outer loop
      vertex 101.02 74.18 14.48
      vertex 102.004 76.5559 3.24
      vertex 102.004 76.5559 14.48
    endloop
  endfacet
  facet normal 0.923897 -0.38264 0
    outer loop
      vertex 102.004 76.5559 3.24
      vertex 101.02 74.18 14.48
      vertex 101.02 74.18 3.24
    endloop
  endfacet
  facet normal -0.38266 -0.923889 0
    outer loop
      vertex 104.38 77.54 3.24
      vertex 106.756 76.5559 14.48
      vertex 104.38 77.54 14.48
    endloop
  endfacet
  facet normal -0.38266 -0.923889 -0
    outer loop
      vertex 106.756 76.5559 14.48
      vertex 104.38 77.54 3.24
      vertex 106.756 76.5559 3.24
    endloop
  endfacet
  facet normal -0.38266 0.923889 0
    outer loop
      vertex 106.756 71.8041 3.24
      vertex 104.38 70.82 14.48
      vertex 106.756 71.8041 14.48
    endloop
  endfacet
  facet normal -0.38266 0.923889 0
    outer loop
      vertex 104.38 70.82 14.48
      vertex 106.756 71.8041 3.24
      vertex 104.38 70.82 3.24
    endloop
  endfacet
  facet normal 0.38266 -0.923889 0
    outer loop
      vertex 102.004 76.5559 3.24
      vertex 104.38 77.54 14.48
      vertex 102.004 76.5559 14.48
    endloop
  endfacet
  facet normal 0.38266 -0.923889 0
    outer loop
      vertex 104.38 77.54 14.48
      vertex 102.004 76.5559 3.24
      vertex 104.38 77.54 3.24
    endloop
  endfacet
  facet normal -0.923897 0.38264 0
    outer loop
      vertex 106.756 71.8041 3.24
      vertex 107.74 74.18 14.48
      vertex 107.74 74.18 3.24
    endloop
  endfacet
  facet normal -0.923897 0.38264 0
    outer loop
      vertex 107.74 74.18 14.48
      vertex 106.756 71.8041 3.24
      vertex 106.756 71.8041 14.48
    endloop
  endfacet
  facet normal 0.923897 0.38264 0
    outer loop
      vertex 102.004 71.8041 14.48
      vertex 101.02 74.18 3.24
      vertex 101.02 74.18 14.48
    endloop
  endfacet
  facet normal 0.923897 0.38264 0
    outer loop
      vertex 101.02 74.18 3.24
      vertex 102.004 71.8041 14.48
      vertex 102.004 71.8041 3.24
    endloop
  endfacet
  facet normal 0 0 1
    outer loop
      vertex 106.756 76.5559 3.24
      vertex 106.756 71.8041 3.24
      vertex 107.74 74.18 3.24
    endloop
  endfacet
  facet normal 0 0 1
    outer loop
      vertex 104.38 77.54 3.24
      vertex 106.756 71.8041 3.24
      vertex 106.756 76.5559 3.24
    endloop
  endfacet
  facet normal 0 0 1
    outer loop
      vertex 104.38 77.54 3.24
      vertex 104.38 70.82 3.24
      vertex 106.756 71.8041 3.24
    endloop
  endfacet
  facet normal -0 0 1
    outer loop
      vertex 102.004 76.5559 3.24
      vertex 104.38 70.82 3.24
      vertex 104.38 77.54 3.24
    endloop
  endfacet
  facet normal 0 0 1
    outer loop
      vertex 102.004 76.5559 3.24
      vertex 102.004 71.8041 3.24
      vertex 104.38 70.82 3.24
    endloop
  endfacet
  facet normal 0 -0 1
    outer loop
      vertex 102.004 71.8041 3.24
      vertex 102.004 76.5559 3.24
      vertex 101.02 74.18 3.24
    endloop
  endfacet
  facet normal 0.38266 0.923889 -0
    outer loop
      vertex 104.38 70.82 3.24
      vertex 102.004 71.8041 14.48
      vertex 104.38 70.82 14.48
    endloop
  endfacet
  facet normal 0.38266 0.923889 0
    outer loop
      vertex 102.004 71.8041 14.48
      vertex 104.38 70.82 3.24
      vertex 102.004 71.8041 3.24
    endloop
  endfacet
  facet normal -0.923897 -0.38264 0
    outer loop
      vertex 107.74 65.18 3.24
      vertex 106.756 67.5559 14.48
      vertex 106.756 67.5559 3.24
    endloop
  endfacet
  facet normal -0.923897 -0.38264 0
    outer loop
      vertex 106.756 67.5559 14.48
      vertex 107.74 65.18 3.24
      vertex 107.74 65.18 14.48
    endloop
  endfacet
  facet normal 0.923897 -0.38264 0
    outer loop
      vertex 101.02 65.18 14.48
      vertex 102.004 67.5559 3.24
      vertex 102.004 67.5559 14.48
    endloop
  endfacet
  facet normal 0.923897 -0.38264 0
    outer loop
      vertex 102.004 67.5559 3.24
      vertex 101.02 65.18 14.48
      vertex 101.02 65.18 3.24
    endloop
  endfacet
  facet normal -0.38266 -0.923889 0
    outer loop
      vertex 104.38 68.54 3.24
      vertex 106.756 67.5559 14.48
      vertex 104.38 68.54 14.48
    endloop
  endfacet
  facet normal -0.38266 -0.923889 -0
    outer loop
      vertex 106.756 67.5559 14.48
      vertex 104.38 68.54 3.24
      vertex 106.756 67.5559 3.24
    endloop
  endfacet
  facet normal -0.38266 0.923889 0
    outer loop
      vertex 106.756 62.8041 3.24
      vertex 104.38 61.82 14.48
      vertex 106.756 62.8041 14.48
    endloop
  endfacet
  facet normal -0.38266 0.923889 0
    outer loop
      vertex 104.38 61.82 14.48
      vertex 106.756 62.8041 3.24
      vertex 104.38 61.82 3.24
    endloop
  endfacet
  facet normal 0.38266 -0.923889 0
    outer loop
      vertex 102.004 67.5559 3.24
      vertex 104.38 68.54 14.48
      vertex 102.004 67.5559 14.48
    endloop
  endfacet
  facet normal 0.38266 -0.923889 0
    outer loop
      vertex 104.38 68.54 14.48
      vertex 102.004 67.5559 3.24
      vertex 104.38 68.54 3.24
    endloop
  endfacet
  facet normal 0 0 1
    outer loop
      vertex 106.756 67.5559 3.24
      vertex 106.756 62.8041 3.24
      vertex 107.74 65.18 3.24
    endloop
  endfacet
  facet normal 0 0 1
    outer loop
      vertex 104.38 68.54 3.24
      vertex 106.756 62.8041 3.24
      vertex 106.756 67.5559 3.24
    endloop
  endfacet
  facet normal 0 0 1
    outer loop
      vertex 104.38 68.54 3.24
      vertex 104.38 61.82 3.24
      vertex 106.756 62.8041 3.24
    endloop
  endfacet
  facet normal -0 0 1
    outer loop
      vertex 102.004 67.5559 3.24
      vertex 104.38 61.82 3.24
      vertex 104.38 68.54 3.24
    endloop
  endfacet
  facet normal 0 0 1
    outer loop
      vertex 102.004 67.5559 3.24
      vertex 102.004 62.8041 3.24
      vertex 104.38 61.82 3.24
    endloop
  endfacet
  facet normal 0 -0 1
    outer loop
      vertex 102.004 62.8041 3.24
      vertex 102.004 67.5559 3.24
      vertex 101.02 65.18 3.24
    endloop
  endfacet
  facet normal -0.923897 0.38264 0
    outer loop
      vertex 106.756 62.8041 3.24
      vertex 107.74 65.18 14.48
      vertex 107.74 65.18 3.24
    endloop
  endfacet
  facet normal -0.923897 0.38264 0
    outer loop
      vertex 107.74 65.18 14.48
      vertex 106.756 62.8041 3.24
      vertex 106.756 62.8041 14.48
    endloop
  endfacet
  facet normal 0.38266 0.923889 -0
    outer loop
      vertex 104.38 61.82 3.24
      vertex 102.004 62.8041 14.48
      vertex 104.38 61.82 14.48
    endloop
  endfacet
  facet normal 0.38266 0.923889 0
    outer loop
      vertex 102.004 62.8041 14.48
      vertex 104.38 61.82 3.24
      vertex 102.004 62.8041 3.24
    endloop
  endfacet
  facet normal 0.923897 0.38264 0
    outer loop
      vertex 102.004 62.8041 14.48
      vertex 101.02 65.18 3.24
      vertex 101.02 65.18 14.48
    endloop
  endfacet
  facet normal 0.923897 0.38264 0
    outer loop
      vertex 101.02 65.18 3.24
      vertex 102.004 62.8041 14.48
      vertex 102.004 62.8041 3.24
    endloop
  endfacet
  facet normal -0.923897 -0.38264 0
    outer loop
      vertex 107.74 56.18 3.24
      vertex 106.756 58.5559 14.48
      vertex 106.756 58.5559 3.24
    endloop
  endfacet
  facet normal -0.923897 -0.38264 0
    outer loop
      vertex 106.756 58.5559 14.48
      vertex 107.74 56.18 3.24
      vertex 107.74 56.18 14.48
    endloop
  endfacet
  facet normal 0.923897 -0.38264 0
    outer loop
      vertex 101.02 56.18 14.48
      vertex 102.004 58.5559 3.24
      vertex 102.004 58.5559 14.48
    endloop
  endfacet
  facet normal 0.923897 -0.38264 0
    outer loop
      vertex 102.004 58.5559 3.24
      vertex 101.02 56.18 14.48
      vertex 101.02 56.18 3.24
    endloop
  endfacet
  facet normal -0.38266 -0.923889 0
    outer loop
      vertex 104.38 59.54 3.24
      vertex 106.756 58.5559 14.48
      vertex 104.38 59.54 14.48
    endloop
  endfacet
  facet normal -0.38266 -0.923889 -0
    outer loop
      vertex 106.756 58.5559 14.48
      vertex 104.38 59.54 3.24
      vertex 106.756 58.5559 3.24
    endloop
  endfacet
  facet normal -0.38266 0.923889 0
    outer loop
      vertex 106.756 53.8041 3.24
      vertex 104.38 52.82 14.48
      vertex 106.756 53.8041 14.48
    endloop
  endfacet
  facet normal -0.38266 0.923889 0
    outer loop
      vertex 104.38 52.82 14.48
      vertex 106.756 53.8041 3.24
      vertex 104.38 52.82 3.24
    endloop
  endfacet
  facet normal 0.38266 -0.923889 0
    outer loop
      vertex 102.004 58.5559 3.24
      vertex 104.38 59.54 14.48
      vertex 102.004 58.5559 14.48
    endloop
  endfacet
  facet normal 0.38266 -0.923889 0
    outer loop
      vertex 104.38 59.54 14.48
      vertex 102.004 58.5559 3.24
      vertex 104.38 59.54 3.24
    endloop
  endfacet
  facet normal -0.923897 0.38264 0
    outer loop
      vertex 106.756 53.8041 3.24
      vertex 107.74 56.18 14.48
      vertex 107.74 56.18 3.24
    endloop
  endfacet
  facet normal -0.923897 0.38264 0
    outer loop
      vertex 107.74 56.18 14.48
      vertex 106.756 53.8041 3.24
      vertex 106.756 53.8041 14.48
    endloop
  endfacet
  facet normal 0 0 1
    outer loop
      vertex 106.756 58.5559 3.24
      vertex 106.756 53.8041 3.24
      vertex 107.74 56.18 3.24
    endloop
  endfacet
  facet normal 0 0 1
    outer loop
      vertex 104.38 59.54 3.24
      vertex 106.756 53.8041 3.24
      vertex 106.756 58.5559 3.24
    endloop
  endfacet
  facet normal 0 0 1
    outer loop
      vertex 104.38 59.54 3.24
      vertex 104.38 52.82 3.24
      vertex 106.756 53.8041 3.24
    endloop
  endfacet
  facet normal -0 0 1
    outer loop
      vertex 102.004 58.5559 3.24
      vertex 104.38 52.82 3.24
      vertex 104.38 59.54 3.24
    endloop
  endfacet
  facet normal 0 0 1
    outer loop
      vertex 102.004 58.5559 3.24
      vertex 102.004 53.8041 3.24
      vertex 104.38 52.82 3.24
    endloop
  endfacet
  facet normal 0 -0 1
    outer loop
      vertex 102.004 53.8041 3.24
      vertex 102.004 58.5559 3.24
      vertex 101.02 56.18 3.24
    endloop
  endfacet
  facet normal 0.38266 0.923889 -0
    outer loop
      vertex 104.38 52.82 3.24
      vertex 102.004 53.8041 14.48
      vertex 104.38 52.82 14.48
    endloop
  endfacet
  facet normal 0.38266 0.923889 0
    outer loop
      vertex 102.004 53.8041 14.48
      vertex 104.38 52.82 3.24
      vertex 102.004 53.8041 3.24
    endloop
  endfacet
  facet normal 0.923897 0.38264 0
    outer loop
      vertex 102.004 53.8041 14.48
      vertex 101.02 56.18 3.24
      vertex 101.02 56.18 14.48
    endloop
  endfacet
  facet normal 0.923897 0.38264 0
    outer loop
      vertex 101.02 56.18 3.24
      vertex 102.004 53.8041 14.48
      vertex 102.004 53.8041 3.24
    endloop
  endfacet
  facet normal -0.923897 -0.38264 0
    outer loop
      vertex 107.74 47.18 3.24
      vertex 106.756 49.5559 14.48
      vertex 106.756 49.5559 3.24
    endloop
  endfacet
  facet normal -0.923897 -0.38264 0
    outer loop
      vertex 106.756 49.5559 14.48
      vertex 107.74 47.18 3.24
      vertex 107.74 47.18 14.48
    endloop
  endfacet
  facet normal 0.923897 -0.38264 0
    outer loop
      vertex 101.02 47.18 14.48
      vertex 102.004 49.5559 3.24
      vertex 102.004 49.5559 14.48
    endloop
  endfacet
  facet normal 0.923897 -0.38264 0
    outer loop
      vertex 102.004 49.5559 3.24
      vertex 101.02 47.18 14.48
      vertex 101.02 47.18 3.24
    endloop
  endfacet
  facet normal -0.38266 -0.923889 0
    outer loop
      vertex 104.38 50.54 3.24
      vertex 106.756 49.5559 14.48
      vertex 104.38 50.54 14.48
    endloop
  endfacet
  facet normal -0.38266 -0.923889 -0
    outer loop
      vertex 106.756 49.5559 14.48
      vertex 104.38 50.54 3.24
      vertex 106.756 49.5559 3.24
    endloop
  endfacet
  facet normal -0.38266 0.923889 0
    outer loop
      vertex 106.756 44.8041 3.24
      vertex 104.38 43.82 14.48
      vertex 106.756 44.8041 14.48
    endloop
  endfacet
  facet normal -0.38266 0.923889 0
    outer loop
      vertex 104.38 43.82 14.48
      vertex 106.756 44.8041 3.24
      vertex 104.38 43.82 3.24
    endloop
  endfacet
  facet normal 0.38266 -0.923889 0
    outer loop
      vertex 102.004 49.5559 3.24
      vertex 104.38 50.54 14.48
      vertex 102.004 49.5559 14.48
    endloop
  endfacet
  facet normal 0.38266 -0.923889 0
    outer loop
      vertex 104.38 50.54 14.48
      vertex 102.004 49.5559 3.24
      vertex 104.38 50.54 3.24
    endloop
  endfacet
  facet normal -0.923897 0.38264 0
    outer loop
      vertex 106.756 44.8041 3.24
      vertex 107.74 47.18 14.48
      vertex 107.74 47.18 3.24
    endloop
  endfacet
  facet normal -0.923897 0.38264 0
    outer loop
      vertex 107.74 47.18 14.48
      vertex 106.756 44.8041 3.24
      vertex 106.756 44.8041 14.48
    endloop
  endfacet
  facet normal 0 0 1
    outer loop
      vertex 106.756 49.5559 3.24
      vertex 106.756 44.8041 3.24
      vertex 107.74 47.18 3.24
    endloop
  endfacet
  facet normal 0 0 1
    outer loop
      vertex 104.38 50.54 3.24
      vertex 106.756 44.8041 3.24
      vertex 106.756 49.5559 3.24
    endloop
  endfacet
  facet normal 0 0 1
    outer loop
      vertex 104.38 50.54 3.24
      vertex 104.38 43.82 3.24
      vertex 106.756 44.8041 3.24
    endloop
  endfacet
  facet normal -0 0 1
    outer loop
      vertex 102.004 49.5559 3.24
      vertex 104.38 43.82 3.24
      vertex 104.38 50.54 3.24
    endloop
  endfacet
  facet normal 0 0 1
    outer loop
      vertex 102.004 49.5559 3.24
      vertex 102.004 44.8041 3.24
      vertex 104.38 43.82 3.24
    endloop
  endfacet
  facet normal 0 -0 1
    outer loop
      vertex 102.004 44.8041 3.24
      vertex 102.004 49.5559 3.24
      vertex 101.02 47.18 3.24
    endloop
  endfacet
  facet normal 0.38266 0.923889 -0
    outer loop
      vertex 104.38 43.82 3.24
      vertex 102.004 44.8041 14.48
      vertex 104.38 43.82 14.48
    endloop
  endfacet
  facet normal 0.38266 0.923889 0
    outer loop
      vertex 102.004 44.8041 14.48
      vertex 104.38 43.82 3.24
      vertex 102.004 44.8041 3.24
    endloop
  endfacet
  facet normal 0.923897 0.38264 0
    outer loop
      vertex 102.004 44.8041 14.48
      vertex 101.02 47.18 3.24
      vertex 101.02 47.18 14.48
    endloop
  endfacet
  facet normal 0.923897 0.38264 0
    outer loop
      vertex 101.02 47.18 3.24
      vertex 102.004 44.8041 14.48
      vertex 102.004 44.8041 3.24
    endloop
  endfacet
  facet normal -0.923897 -0.38264 0
    outer loop
      vertex 107.74 38.18 3.24
      vertex 106.756 40.5559 14.48
      vertex 106.756 40.5559 3.24
    endloop
  endfacet
  facet normal -0.923897 -0.38264 0
    outer loop
      vertex 106.756 40.5559 14.48
      vertex 107.74 38.18 3.24
      vertex 107.74 38.18 14.48
    endloop
  endfacet
  facet normal 0.923897 -0.38264 0
    outer loop
      vertex 101.02 38.18 14.48
      vertex 102.004 40.5559 3.24
      vertex 102.004 40.5559 14.48
    endloop
  endfacet
  facet normal 0.923897 -0.38264 0
    outer loop
      vertex 102.004 40.5559 3.24
      vertex 101.02 38.18 14.48
      vertex 101.02 38.18 3.24
    endloop
  endfacet
  facet normal -0.38266 -0.923889 0
    outer loop
      vertex 104.38 41.54 3.24
      vertex 106.756 40.5559 14.48
      vertex 104.38 41.54 14.48
    endloop
  endfacet
  facet normal -0.38266 -0.923889 -0
    outer loop
      vertex 106.756 40.5559 14.48
      vertex 104.38 41.54 3.24
      vertex 106.756 40.5559 3.24
    endloop
  endfacet
  facet normal -0.38266 0.923889 0
    outer loop
      vertex 106.756 35.8041 3.24
      vertex 104.38 34.82 14.48
      vertex 106.756 35.8041 14.48
    endloop
  endfacet
  facet normal -0.38266 0.923889 0
    outer loop
      vertex 104.38 34.82 14.48
      vertex 106.756 35.8041 3.24
      vertex 104.38 34.82 3.24
    endloop
  endfacet
  facet normal 0.38266 -0.923889 0
    outer loop
      vertex 102.004 40.5559 3.24
      vertex 104.38 41.54 14.48
      vertex 102.004 40.5559 14.48
    endloop
  endfacet
  facet normal 0.38266 -0.923889 0
    outer loop
      vertex 104.38 41.54 14.48
      vertex 102.004 40.5559 3.24
      vertex 104.38 41.54 3.24
    endloop
  endfacet
  facet normal 0.923897 0.38264 0
    outer loop
      vertex 102.004 35.8041 14.48
      vertex 101.02 38.18 3.24
      vertex 101.02 38.18 14.48
    endloop
  endfacet
  facet normal 0.923897 0.38264 0
    outer loop
      vertex 101.02 38.18 3.24
      vertex 102.004 35.8041 14.48
      vertex 102.004 35.8041 3.24
    endloop
  endfacet
  facet normal 0 0 1
    outer loop
      vertex 106.756 40.5559 3.24
      vertex 106.756 35.8041 3.24
      vertex 107.74 38.18 3.24
    endloop
  endfacet
  facet normal 0 0 1
    outer loop
      vertex 104.38 41.54 3.24
      vertex 106.756 35.8041 3.24
      vertex 106.756 40.5559 3.24
    endloop
  endfacet
  facet normal 0 0 1
    outer loop
      vertex 104.38 41.54 3.24
      vertex 104.38 34.82 3.24
      vertex 106.756 35.8041 3.24
    endloop
  endfacet
  facet normal -0 0 1
    outer loop
      vertex 102.004 40.5559 3.24
      vertex 104.38 34.82 3.24
      vertex 104.38 41.54 3.24
    endloop
  endfacet
  facet normal 0 0 1
    outer loop
      vertex 102.004 40.5559 3.24
      vertex 102.004 35.8041 3.24
      vertex 104.38 34.82 3.24
    endloop
  endfacet
  facet normal 0 -0 1
    outer loop
      vertex 102.004 35.8041 3.24
      vertex 102.004 40.5559 3.24
      vertex 101.02 38.18 3.24
    endloop
  endfacet
  facet normal -0.923897 0.38264 0
    outer loop
      vertex 106.756 35.8041 3.24
      vertex 107.74 38.18 14.48
      vertex 107.74 38.18 3.24
    endloop
  endfacet
  facet normal -0.923897 0.38264 0
    outer loop
      vertex 107.74 38.18 14.48
      vertex 106.756 35.8041 3.24
      vertex 106.756 35.8041 14.48
    endloop
  endfacet
  facet normal 0.38266 0.923889 -0
    outer loop
      vertex 104.38 34.82 3.24
      vertex 102.004 35.8041 14.48
      vertex 104.38 34.82 14.48
    endloop
  endfacet
  facet normal 0.38266 0.923889 0
    outer loop
      vertex 102.004 35.8041 14.48
      vertex 104.38 34.82 3.24
      vertex 102.004 35.8041 3.24
    endloop
  endfacet
  facet normal -0.923897 -0.38264 0
    outer loop
      vertex 107.74 29.18 3.24
      vertex 106.756 31.5559 14.48
      vertex 106.756 31.5559 3.24
    endloop
  endfacet
  facet normal -0.923897 -0.38264 0
    outer loop
      vertex 106.756 31.5559 14.48
      vertex 107.74 29.18 3.24
      vertex 107.74 29.18 14.48
    endloop
  endfacet
  facet normal 0.923897 -0.38264 0
    outer loop
      vertex 101.02 29.18 14.48
      vertex 102.004 31.5559 3.24
      vertex 102.004 31.5559 14.48
    endloop
  endfacet
  facet normal 0.923897 -0.38264 0
    outer loop
      vertex 102.004 31.5559 3.24
      vertex 101.02 29.18 14.48
      vertex 101.02 29.18 3.24
    endloop
  endfacet
  facet normal -0.38266 -0.923889 0
    outer loop
      vertex 104.38 32.54 3.24
      vertex 106.756 31.5559 14.48
      vertex 104.38 32.54 14.48
    endloop
  endfacet
  facet normal -0.38266 -0.923889 -0
    outer loop
      vertex 106.756 31.5559 14.48
      vertex 104.38 32.54 3.24
      vertex 106.756 31.5559 3.24
    endloop
  endfacet
  facet normal -0.38266 0.923889 0
    outer loop
      vertex 106.756 26.8041 3.24
      vertex 104.38 25.82 14.48
      vertex 106.756 26.8041 14.48
    endloop
  endfacet
  facet normal -0.38266 0.923889 0
    outer loop
      vertex 104.38 25.82 14.48
      vertex 106.756 26.8041 3.24
      vertex 104.38 25.82 3.24
    endloop
  endfacet
  facet normal 0.38266 -0.923889 0
    outer loop
      vertex 102.004 31.5559 3.24
      vertex 104.38 32.54 14.48
      vertex 102.004 31.5559 14.48
    endloop
  endfacet
  facet normal 0.38266 -0.923889 0
    outer loop
      vertex 104.38 32.54 14.48
      vertex 102.004 31.5559 3.24
      vertex 104.38 32.54 3.24
    endloop
  endfacet
  facet normal -0.923897 0.38264 0
    outer loop
      vertex 106.756 26.8041 3.24
      vertex 107.74 29.18 14.48
      vertex 107.74 29.18 3.24
    endloop
  endfacet
  facet normal -0.923897 0.38264 0
    outer loop
      vertex 107.74 29.18 14.48
      vertex 106.756 26.8041 3.24
      vertex 106.756 26.8041 14.48
    endloop
  endfacet
  facet normal 0 0 1
    outer loop
      vertex 106.756 31.5559 3.24
      vertex 106.756 26.8041 3.24
      vertex 107.74 29.18 3.24
    endloop
  endfacet
  facet normal 0 0 1
    outer loop
      vertex 104.38 32.54 3.24
      vertex 106.756 26.8041 3.24
      vertex 106.756 31.5559 3.24
    endloop
  endfacet
  facet normal 0 0 1
    outer loop
      vertex 104.38 32.54 3.24
      vertex 104.38 25.82 3.24
      vertex 106.756 26.8041 3.24
    endloop
  endfacet
  facet normal -0 0 1
    outer loop
      vertex 102.004 31.5559 3.24
      vertex 104.38 25.82 3.24
      vertex 104.38 32.54 3.24
    endloop
  endfacet
  facet normal 0 0 1
    outer loop
      vertex 102.004 31.5559 3.24
      vertex 102.004 26.8041 3.24
      vertex 104.38 25.82 3.24
    endloop
  endfacet
  facet normal 0 -0 1
    outer loop
      vertex 102.004 26.8041 3.24
      vertex 102.004 31.5559 3.24
      vertex 101.02 29.18 3.24
    endloop
  endfacet
  facet normal 0.38266 0.923889 -0
    outer loop
      vertex 104.38 25.82 3.24
      vertex 102.004 26.8041 14.48
      vertex 104.38 25.82 14.48
    endloop
  endfacet
  facet normal 0.38266 0.923889 0
    outer loop
      vertex 102.004 26.8041 14.48
      vertex 104.38 25.82 3.24
      vertex 102.004 26.8041 3.24
    endloop
  endfacet
  facet normal 0.923897 0.38264 0
    outer loop
      vertex 102.004 26.8041 14.48
      vertex 101.02 29.18 3.24
      vertex 101.02 29.18 14.48
    endloop
  endfacet
  facet normal 0.923897 0.38264 0
    outer loop
      vertex 101.02 29.18 3.24
      vertex 102.004 26.8041 14.48
      vertex 102.004 26.8041 3.24
    endloop
  endfacet
  facet normal -0.923897 -0.38264 0
    outer loop
      vertex 107.74 20.18 3.24
      vertex 106.756 22.5559 14.48
      vertex 106.756 22.5559 3.24
    endloop
  endfacet
  facet normal -0.923897 -0.38264 0
    outer loop
      vertex 106.756 22.5559 14.48
      vertex 107.74 20.18 3.24
      vertex 107.74 20.18 14.48
    endloop
  endfacet
  facet normal 0.923897 -0.38264 0
    outer loop
      vertex 101.02 20.18 14.48
      vertex 102.004 22.5559 3.24
      vertex 102.004 22.5559 14.48
    endloop
  endfacet
  facet normal 0.923897 -0.38264 0
    outer loop
      vertex 102.004 22.5559 3.24
      vertex 101.02 20.18 14.48
      vertex 101.02 20.18 3.24
    endloop
  endfacet
  facet normal -0.38266 -0.923889 0
    outer loop
      vertex 104.38 23.54 3.24
      vertex 106.756 22.5559 14.48
      vertex 104.38 23.54 14.48
    endloop
  endfacet
  facet normal -0.38266 -0.923889 -0
    outer loop
      vertex 106.756 22.5559 14.48
      vertex 104.38 23.54 3.24
      vertex 106.756 22.5559 3.24
    endloop
  endfacet
  facet normal -0.38266 0.923889 0
    outer loop
      vertex 106.756 17.8041 3.24
      vertex 104.38 16.82 14.48
      vertex 106.756 17.8041 14.48
    endloop
  endfacet
  facet normal -0.38266 0.923889 0
    outer loop
      vertex 104.38 16.82 14.48
      vertex 106.756 17.8041 3.24
      vertex 104.38 16.82 3.24
    endloop
  endfacet
  facet normal 0.38266 -0.923889 0
    outer loop
      vertex 102.004 22.5559 3.24
      vertex 104.38 23.54 14.48
      vertex 102.004 22.5559 14.48
    endloop
  endfacet
  facet normal 0.38266 -0.923889 0
    outer loop
      vertex 104.38 23.54 14.48
      vertex 102.004 22.5559 3.24
      vertex 104.38 23.54 3.24
    endloop
  endfacet
  facet normal 0.923897 0.38264 0
    outer loop
      vertex 102.004 17.8041 14.48
      vertex 101.02 20.18 3.24
      vertex 101.02 20.18 14.48
    endloop
  endfacet
  facet normal 0.923897 0.38264 0
    outer loop
      vertex 101.02 20.18 3.24
      vertex 102.004 17.8041 14.48
      vertex 102.004 17.8041 3.24
    endloop
  endfacet
  facet normal 0 0 1
    outer loop
      vertex 106.756 22.5559 3.24
      vertex 106.756 17.8041 3.24
      vertex 107.74 20.18 3.24
    endloop
  endfacet
  facet normal 0 0 1
    outer loop
      vertex 104.38 23.54 3.24
      vertex 106.756 17.8041 3.24
      vertex 106.756 22.5559 3.24
    endloop
  endfacet
  facet normal 0 0 1
    outer loop
      vertex 104.38 23.54 3.24
      vertex 104.38 16.82 3.24
      vertex 106.756 17.8041 3.24
    endloop
  endfacet
  facet normal -0 0 1
    outer loop
      vertex 102.004 22.5559 3.24
      vertex 104.38 16.82 3.24
      vertex 104.38 23.54 3.24
    endloop
  endfacet
  facet normal 0 0 1
    outer loop
      vertex 102.004 22.5559 3.24
      vertex 102.004 17.8041 3.24
      vertex 104.38 16.82 3.24
    endloop
  endfacet
  facet normal 0 -0 1
    outer loop
      vertex 102.004 17.8041 3.24
      vertex 102.004 22.5559 3.24
      vertex 101.02 20.18 3.24
    endloop
  endfacet
  facet normal -0.923897 0.38264 0
    outer loop
      vertex 106.756 17.8041 3.24
      vertex 107.74 20.18 14.48
      vertex 107.74 20.18 3.24
    endloop
  endfacet
  facet normal -0.923897 0.38264 0
    outer loop
      vertex 107.74 20.18 14.48
      vertex 106.756 17.8041 3.24
      vertex 106.756 17.8041 14.48
    endloop
  endfacet
  facet normal 0.38266 0.923889 -0
    outer loop
      vertex 104.38 16.82 3.24
      vertex 102.004 17.8041 14.48
      vertex 104.38 16.82 14.48
    endloop
  endfacet
  facet normal 0.38266 0.923889 0
    outer loop
      vertex 102.004 17.8041 14.48
      vertex 104.38 16.82 3.24
      vertex 102.004 17.8041 3.24
    endloop
  endfacet
  facet normal -0.923897 -0.38264 0
    outer loop
      vertex 107.74 11.18 3.24
      vertex 106.756 13.5559 14.48
      vertex 106.756 13.5559 3.24
    endloop
  endfacet
  facet normal -0.923897 -0.38264 0
    outer loop
      vertex 106.756 13.5559 14.48
      vertex 107.74 11.18 3.24
      vertex 107.74 11.18 14.48
    endloop
  endfacet
  facet normal 0.923897 -0.38264 0
    outer loop
      vertex 101.02 11.18 14.48
      vertex 102.004 13.5559 3.24
      vertex 102.004 13.5559 14.48
    endloop
  endfacet
  facet normal 0.923897 -0.38264 0
    outer loop
      vertex 102.004 13.5559 3.24
      vertex 101.02 11.18 14.48
      vertex 101.02 11.18 3.24
    endloop
  endfacet
  facet normal -0.38266 -0.923889 0
    outer loop
      vertex 104.38 14.54 3.24
      vertex 106.756 13.5559 14.48
      vertex 104.38 14.54 14.48
    endloop
  endfacet
  facet normal -0.38266 -0.923889 -0
    outer loop
      vertex 106.756 13.5559 14.48
      vertex 104.38 14.54 3.24
      vertex 106.756 13.5559 3.24
    endloop
  endfacet
  facet normal -0.382666 0.923887 0
    outer loop
      vertex 106.756 8.80412 3.24
      vertex 104.38 7.82 14.48
      vertex 106.756 8.80412 14.48
    endloop
  endfacet
  facet normal -0.382666 0.923887 0
    outer loop
      vertex 104.38 7.82 14.48
      vertex 106.756 8.80412 3.24
      vertex 104.38 7.82 3.24
    endloop
  endfacet
  facet normal 0.38266 -0.923889 0
    outer loop
      vertex 102.004 13.5559 3.24
      vertex 104.38 14.54 14.48
      vertex 102.004 13.5559 14.48
    endloop
  endfacet
  facet normal 0.38266 -0.923889 0
    outer loop
      vertex 104.38 14.54 14.48
      vertex 102.004 13.5559 3.24
      vertex 104.38 14.54 3.24
    endloop
  endfacet
  facet normal 0.923896 0.382643 0
    outer loop
      vertex 102.004 8.80412 14.48
      vertex 101.02 11.18 3.24
      vertex 101.02 11.18 14.48
    endloop
  endfacet
  facet normal 0.923896 0.382643 0
    outer loop
      vertex 101.02 11.18 3.24
      vertex 102.004 8.80412 14.48
      vertex 102.004 8.80412 3.24
    endloop
  endfacet
  facet normal 0 0 1
    outer loop
      vertex 106.756 13.5559 3.24
      vertex 106.756 8.80412 3.24
      vertex 107.74 11.18 3.24
    endloop
  endfacet
  facet normal 0 0 1
    outer loop
      vertex 104.38 14.54 3.24
      vertex 106.756 8.80412 3.24
      vertex 106.756 13.5559 3.24
    endloop
  endfacet
  facet normal 0 0 1
    outer loop
      vertex 104.38 14.54 3.24
      vertex 104.38 7.82 3.24
      vertex 106.756 8.80412 3.24
    endloop
  endfacet
  facet normal -0 0 1
    outer loop
      vertex 102.004 13.5559 3.24
      vertex 104.38 7.82 3.24
      vertex 104.38 14.54 3.24
    endloop
  endfacet
  facet normal 0 0 1
    outer loop
      vertex 102.004 13.5559 3.24
      vertex 102.004 8.80412 3.24
      vertex 104.38 7.82 3.24
    endloop
  endfacet
  facet normal 0 -0 1
    outer loop
      vertex 102.004 8.80412 3.24
      vertex 102.004 13.5559 3.24
      vertex 101.02 11.18 3.24
    endloop
  endfacet
  facet normal -0.923896 0.382643 0
    outer loop
      vertex 106.756 8.80412 3.24
      vertex 107.74 11.18 14.48
      vertex 107.74 11.18 3.24
    endloop
  endfacet
  facet normal -0.923896 0.382643 0
    outer loop
      vertex 107.74 11.18 14.48
      vertex 106.756 8.80412 3.24
      vertex 106.756 8.80412 14.48
    endloop
  endfacet
  facet normal 0.382666 0.923887 -0
    outer loop
      vertex 104.38 7.82 3.24
      vertex 102.004 8.80412 14.48
      vertex 104.38 7.82 14.48
    endloop
  endfacet
  facet normal 0.382666 0.923887 0
    outer loop
      vertex 102.004 8.80412 14.48
      vertex 104.38 7.82 3.24
      vertex 102.004 8.80412 3.24
    endloop
  endfacet
  facet normal -0.923897 -0.38264 0
    outer loop
      vertex 116.74 74.18 3.24
      vertex 115.756 76.5559 14.48
      vertex 115.756 76.5559 3.24
    endloop
  endfacet
  facet normal -0.923897 -0.38264 0
    outer loop
      vertex 115.756 76.5559 14.48
      vertex 116.74 74.18 3.24
      vertex 116.74 74.18 14.48
    endloop
  endfacet
  facet normal 0.923897 -0.38264 0
    outer loop
      vertex 110.02 74.18 14.48
      vertex 111.004 76.5559 3.24
      vertex 111.004 76.5559 14.48
    endloop
  endfacet
  facet normal 0.923897 -0.38264 0
    outer loop
      vertex 111.004 76.5559 3.24
      vertex 110.02 74.18 14.48
      vertex 110.02 74.18 3.24
    endloop
  endfacet
  facet normal -0.38266 -0.923889 0
    outer loop
      vertex 113.38 77.54 3.24
      vertex 115.756 76.5559 14.48
      vertex 113.38 77.54 14.48
    endloop
  endfacet
  facet normal -0.38266 -0.923889 -0
    outer loop
      vertex 115.756 76.5559 14.48
      vertex 113.38 77.54 3.24
      vertex 115.756 76.5559 3.24
    endloop
  endfacet
  facet normal -0.38266 0.923889 0
    outer loop
      vertex 115.756 71.8041 3.24
      vertex 113.38 70.82 14.48
      vertex 115.756 71.8041 14.48
    endloop
  endfacet
  facet normal -0.38266 0.923889 0
    outer loop
      vertex 113.38 70.82 14.48
      vertex 115.756 71.8041 3.24
      vertex 113.38 70.82 3.24
    endloop
  endfacet
  facet normal 0.38266 -0.923889 0
    outer loop
      vertex 111.004 76.5559 3.24
      vertex 113.38 77.54 14.48
      vertex 111.004 76.5559 14.48
    endloop
  endfacet
  facet normal 0.38266 -0.923889 0
    outer loop
      vertex 113.38 77.54 14.48
      vertex 111.004 76.5559 3.24
      vertex 113.38 77.54 3.24
    endloop
  endfacet
  facet normal -0.923897 0.38264 0
    outer loop
      vertex 115.756 71.8041 3.24
      vertex 116.74 74.18 14.48
      vertex 116.74 74.18 3.24
    endloop
  endfacet
  facet normal -0.923897 0.38264 0
    outer loop
      vertex 116.74 74.18 14.48
      vertex 115.756 71.8041 3.24
      vertex 115.756 71.8041 14.48
    endloop
  endfacet
  facet normal 0 0 1
    outer loop
      vertex 115.756 76.5559 3.24
      vertex 115.756 71.8041 3.24
      vertex 116.74 74.18 3.24
    endloop
  endfacet
  facet normal 0 0 1
    outer loop
      vertex 113.38 77.54 3.24
      vertex 115.756 71.8041 3.24
      vertex 115.756 76.5559 3.24
    endloop
  endfacet
  facet normal 0 0 1
    outer loop
      vertex 113.38 77.54 3.24
      vertex 113.38 70.82 3.24
      vertex 115.756 71.8041 3.24
    endloop
  endfacet
  facet normal -0 0 1
    outer loop
      vertex 111.004 76.5559 3.24
      vertex 113.38 70.82 3.24
      vertex 113.38 77.54 3.24
    endloop
  endfacet
  facet normal 0 0 1
    outer loop
      vertex 111.004 76.5559 3.24
      vertex 111.004 71.8041 3.24
      vertex 113.38 70.82 3.24
    endloop
  endfacet
  facet normal 0 -0 1
    outer loop
      vertex 111.004 71.8041 3.24
      vertex 111.004 76.5559 3.24
      vertex 110.02 74.18 3.24
    endloop
  endfacet
  facet normal 0.38266 0.923889 -0
    outer loop
      vertex 113.38 70.82 3.24
      vertex 111.004 71.8041 14.48
      vertex 113.38 70.82 14.48
    endloop
  endfacet
  facet normal 0.38266 0.923889 0
    outer loop
      vertex 111.004 71.8041 14.48
      vertex 113.38 70.82 3.24
      vertex 111.004 71.8041 3.24
    endloop
  endfacet
  facet normal 0.923897 0.38264 0
    outer loop
      vertex 111.004 71.8041 14.48
      vertex 110.02 74.18 3.24
      vertex 110.02 74.18 14.48
    endloop
  endfacet
  facet normal 0.923897 0.38264 0
    outer loop
      vertex 110.02 74.18 3.24
      vertex 111.004 71.8041 14.48
      vertex 111.004 71.8041 3.24
    endloop
  endfacet
  facet normal -0.923897 -0.38264 0
    outer loop
      vertex 116.74 65.18 3.24
      vertex 115.756 67.5559 14.48
      vertex 115.756 67.5559 3.24
    endloop
  endfacet
  facet normal -0.923897 -0.38264 0
    outer loop
      vertex 115.756 67.5559 14.48
      vertex 116.74 65.18 3.24
      vertex 116.74 65.18 14.48
    endloop
  endfacet
  facet normal 0.923897 -0.38264 0
    outer loop
      vertex 110.02 65.18 14.48
      vertex 111.004 67.5559 3.24
      vertex 111.004 67.5559 14.48
    endloop
  endfacet
  facet normal 0.923897 -0.38264 0
    outer loop
      vertex 111.004 67.5559 3.24
      vertex 110.02 65.18 14.48
      vertex 110.02 65.18 3.24
    endloop
  endfacet
  facet normal -0.38266 -0.923889 0
    outer loop
      vertex 113.38 68.54 3.24
      vertex 115.756 67.5559 14.48
      vertex 113.38 68.54 14.48
    endloop
  endfacet
  facet normal -0.38266 -0.923889 -0
    outer loop
      vertex 115.756 67.5559 14.48
      vertex 113.38 68.54 3.24
      vertex 115.756 67.5559 3.24
    endloop
  endfacet
  facet normal -0.38266 0.923889 0
    outer loop
      vertex 115.756 62.8041 3.24
      vertex 113.38 61.82 14.48
      vertex 115.756 62.8041 14.48
    endloop
  endfacet
  facet normal -0.38266 0.923889 0
    outer loop
      vertex 113.38 61.82 14.48
      vertex 115.756 62.8041 3.24
      vertex 113.38 61.82 3.24
    endloop
  endfacet
  facet normal 0.38266 -0.923889 0
    outer loop
      vertex 111.004 67.5559 3.24
      vertex 113.38 68.54 14.48
      vertex 111.004 67.5559 14.48
    endloop
  endfacet
  facet normal 0.38266 -0.923889 0
    outer loop
      vertex 113.38 68.54 14.48
      vertex 111.004 67.5559 3.24
      vertex 113.38 68.54 3.24
    endloop
  endfacet
  facet normal 0 0 1
    outer loop
      vertex 115.756 67.5559 3.24
      vertex 115.756 62.8041 3.24
      vertex 116.74 65.18 3.24
    endloop
  endfacet
  facet normal 0 0 1
    outer loop
      vertex 113.38 68.54 3.24
      vertex 115.756 62.8041 3.24
      vertex 115.756 67.5559 3.24
    endloop
  endfacet
  facet normal 0 0 1
    outer loop
      vertex 113.38 68.54 3.24
      vertex 113.38 61.82 3.24
      vertex 115.756 62.8041 3.24
    endloop
  endfacet
  facet normal -0 0 1
    outer loop
      vertex 111.004 67.5559 3.24
      vertex 113.38 61.82 3.24
      vertex 113.38 68.54 3.24
    endloop
  endfacet
  facet normal 0 0 1
    outer loop
      vertex 111.004 67.5559 3.24
      vertex 111.004 62.8041 3.24
      vertex 113.38 61.82 3.24
    endloop
  endfacet
  facet normal 0 -0 1
    outer loop
      vertex 111.004 62.8041 3.24
      vertex 111.004 67.5559 3.24
      vertex 110.02 65.18 3.24
    endloop
  endfacet
  facet normal -0.923897 0.38264 0
    outer loop
      vertex 115.756 62.8041 3.24
      vertex 116.74 65.18 14.48
      vertex 116.74 65.18 3.24
    endloop
  endfacet
  facet normal -0.923897 0.38264 0
    outer loop
      vertex 116.74 65.18 14.48
      vertex 115.756 62.8041 3.24
      vertex 115.756 62.8041 14.48
    endloop
  endfacet
  facet normal 0.38266 0.923889 -0
    outer loop
      vertex 113.38 61.82 3.24
      vertex 111.004 62.8041 14.48
      vertex 113.38 61.82 14.48
    endloop
  endfacet
  facet normal 0.38266 0.923889 0
    outer loop
      vertex 111.004 62.8041 14.48
      vertex 113.38 61.82 3.24
      vertex 111.004 62.8041 3.24
    endloop
  endfacet
  facet normal 0.923897 0.38264 0
    outer loop
      vertex 111.004 62.8041 14.48
      vertex 110.02 65.18 3.24
      vertex 110.02 65.18 14.48
    endloop
  endfacet
  facet normal 0.923897 0.38264 0
    outer loop
      vertex 110.02 65.18 3.24
      vertex 111.004 62.8041 14.48
      vertex 111.004 62.8041 3.24
    endloop
  endfacet
  facet normal -0.923897 -0.38264 0
    outer loop
      vertex 116.74 56.18 3.24
      vertex 115.756 58.5559 14.48
      vertex 115.756 58.5559 3.24
    endloop
  endfacet
  facet normal -0.923897 -0.38264 0
    outer loop
      vertex 115.756 58.5559 14.48
      vertex 116.74 56.18 3.24
      vertex 116.74 56.18 14.48
    endloop
  endfacet
  facet normal 0.923897 -0.38264 0
    outer loop
      vertex 110.02 56.18 14.48
      vertex 111.004 58.5559 3.24
      vertex 111.004 58.5559 14.48
    endloop
  endfacet
  facet normal 0.923897 -0.38264 0
    outer loop
      vertex 111.004 58.5559 3.24
      vertex 110.02 56.18 14.48
      vertex 110.02 56.18 3.24
    endloop
  endfacet
  facet normal -0.38266 -0.923889 0
    outer loop
      vertex 113.38 59.54 3.24
      vertex 115.756 58.5559 14.48
      vertex 113.38 59.54 14.48
    endloop
  endfacet
  facet normal -0.38266 -0.923889 -0
    outer loop
      vertex 115.756 58.5559 14.48
      vertex 113.38 59.54 3.24
      vertex 115.756 58.5559 3.24
    endloop
  endfacet
  facet normal -0.38266 0.923889 0
    outer loop
      vertex 115.756 53.8041 3.24
      vertex 113.38 52.82 14.48
      vertex 115.756 53.8041 14.48
    endloop
  endfacet
  facet normal -0.38266 0.923889 0
    outer loop
      vertex 113.38 52.82 14.48
      vertex 115.756 53.8041 3.24
      vertex 113.38 52.82 3.24
    endloop
  endfacet
  facet normal 0.38266 -0.923889 0
    outer loop
      vertex 111.004 58.5559 3.24
      vertex 113.38 59.54 14.48
      vertex 111.004 58.5559 14.48
    endloop
  endfacet
  facet normal 0.38266 -0.923889 0
    outer loop
      vertex 113.38 59.54 14.48
      vertex 111.004 58.5559 3.24
      vertex 113.38 59.54 3.24
    endloop
  endfacet
  facet normal 0.923897 0.38264 0
    outer loop
      vertex 111.004 53.8041 14.48
      vertex 110.02 56.18 3.24
      vertex 110.02 56.18 14.48
    endloop
  endfacet
  facet normal 0.923897 0.38264 0
    outer loop
      vertex 110.02 56.18 3.24
      vertex 111.004 53.8041 14.48
      vertex 111.004 53.8041 3.24
    endloop
  endfacet
  facet normal 0 0 1
    outer loop
      vertex 115.756 58.5559 3.24
      vertex 115.756 53.8041 3.24
      vertex 116.74 56.18 3.24
    endloop
  endfacet
  facet normal 0 0 1
    outer loop
      vertex 113.38 59.54 3.24
      vertex 115.756 53.8041 3.24
      vertex 115.756 58.5559 3.24
    endloop
  endfacet
  facet normal 0 0 1
    outer loop
      vertex 113.38 59.54 3.24
      vertex 113.38 52.82 3.24
      vertex 115.756 53.8041 3.24
    endloop
  endfacet
  facet normal -0 0 1
    outer loop
      vertex 111.004 58.5559 3.24
      vertex 113.38 52.82 3.24
      vertex 113.38 59.54 3.24
    endloop
  endfacet
  facet normal 0 0 1
    outer loop
      vertex 111.004 58.5559 3.24
      vertex 111.004 53.8041 3.24
      vertex 113.38 52.82 3.24
    endloop
  endfacet
  facet normal 0 -0 1
    outer loop
      vertex 111.004 53.8041 3.24
      vertex 111.004 58.5559 3.24
      vertex 110.02 56.18 3.24
    endloop
  endfacet
  facet normal -0.923897 0.38264 0
    outer loop
      vertex 115.756 53.8041 3.24
      vertex 116.74 56.18 14.48
      vertex 116.74 56.18 3.24
    endloop
  endfacet
  facet normal -0.923897 0.38264 0
    outer loop
      vertex 116.74 56.18 14.48
      vertex 115.756 53.8041 3.24
      vertex 115.756 53.8041 14.48
    endloop
  endfacet
  facet normal 0.38266 0.923889 -0
    outer loop
      vertex 113.38 52.82 3.24
      vertex 111.004 53.8041 14.48
      vertex 113.38 52.82 14.48
    endloop
  endfacet
  facet normal 0.38266 0.923889 0
    outer loop
      vertex 111.004 53.8041 14.48
      vertex 113.38 52.82 3.24
      vertex 111.004 53.8041 3.24
    endloop
  endfacet
  facet normal -0.923897 -0.38264 0
    outer loop
      vertex 116.74 47.18 3.24
      vertex 115.756 49.5559 14.48
      vertex 115.756 49.5559 3.24
    endloop
  endfacet
  facet normal -0.923897 -0.38264 0
    outer loop
      vertex 115.756 49.5559 14.48
      vertex 116.74 47.18 3.24
      vertex 116.74 47.18 14.48
    endloop
  endfacet
  facet normal 0.923897 -0.38264 0
    outer loop
      vertex 110.02 47.18 14.48
      vertex 111.004 49.5559 3.24
      vertex 111.004 49.5559 14.48
    endloop
  endfacet
  facet normal 0.923897 -0.38264 0
    outer loop
      vertex 111.004 49.5559 3.24
      vertex 110.02 47.18 14.48
      vertex 110.02 47.18 3.24
    endloop
  endfacet
  facet normal -0.38266 -0.923889 0
    outer loop
      vertex 113.38 50.54 3.24
      vertex 115.756 49.5559 14.48
      vertex 113.38 50.54 14.48
    endloop
  endfacet
  facet normal -0.38266 -0.923889 -0
    outer loop
      vertex 115.756 49.5559 14.48
      vertex 113.38 50.54 3.24
      vertex 115.756 49.5559 3.24
    endloop
  endfacet
  facet normal -0.38266 0.923889 0
    outer loop
      vertex 115.756 44.8041 3.24
      vertex 113.38 43.82 14.48
      vertex 115.756 44.8041 14.48
    endloop
  endfacet
  facet normal -0.38266 0.923889 0
    outer loop
      vertex 113.38 43.82 14.48
      vertex 115.756 44.8041 3.24
      vertex 113.38 43.82 3.24
    endloop
  endfacet
  facet normal 0.38266 -0.923889 0
    outer loop
      vertex 111.004 49.5559 3.24
      vertex 113.38 50.54 14.48
      vertex 111.004 49.5559 14.48
    endloop
  endfacet
  facet normal 0.38266 -0.923889 0
    outer loop
      vertex 113.38 50.54 14.48
      vertex 111.004 49.5559 3.24
      vertex 113.38 50.54 3.24
    endloop
  endfacet
  facet normal -0.923897 0.38264 0
    outer loop
      vertex 115.756 44.8041 3.24
      vertex 116.74 47.18 14.48
      vertex 116.74 47.18 3.24
    endloop
  endfacet
  facet normal -0.923897 0.38264 0
    outer loop
      vertex 116.74 47.18 14.48
      vertex 115.756 44.8041 3.24
      vertex 115.756 44.8041 14.48
    endloop
  endfacet
  facet normal 0 0 1
    outer loop
      vertex 115.756 49.5559 3.24
      vertex 115.756 44.8041 3.24
      vertex 116.74 47.18 3.24
    endloop
  endfacet
  facet normal 0 0 1
    outer loop
      vertex 113.38 50.54 3.24
      vertex 115.756 44.8041 3.24
      vertex 115.756 49.5559 3.24
    endloop
  endfacet
  facet normal 0 0 1
    outer loop
      vertex 113.38 50.54 3.24
      vertex 113.38 43.82 3.24
      vertex 115.756 44.8041 3.24
    endloop
  endfacet
  facet normal -0 0 1
    outer loop
      vertex 111.004 49.5559 3.24
      vertex 113.38 43.82 3.24
      vertex 113.38 50.54 3.24
    endloop
  endfacet
  facet normal 0 0 1
    outer loop
      vertex 111.004 49.5559 3.24
      vertex 111.004 44.8041 3.24
      vertex 113.38 43.82 3.24
    endloop
  endfacet
  facet normal 0 -0 1
    outer loop
      vertex 111.004 44.8041 3.24
      vertex 111.004 49.5559 3.24
      vertex 110.02 47.18 3.24
    endloop
  endfacet
  facet normal 0.38266 0.923889 -0
    outer loop
      vertex 113.38 43.82 3.24
      vertex 111.004 44.8041 14.48
      vertex 113.38 43.82 14.48
    endloop
  endfacet
  facet normal 0.38266 0.923889 0
    outer loop
      vertex 111.004 44.8041 14.48
      vertex 113.38 43.82 3.24
      vertex 111.004 44.8041 3.24
    endloop
  endfacet
  facet normal 0.923897 0.38264 0
    outer loop
      vertex 111.004 44.8041 14.48
      vertex 110.02 47.18 3.24
      vertex 110.02 47.18 14.48
    endloop
  endfacet
  facet normal 0.923897 0.38264 0
    outer loop
      vertex 110.02 47.18 3.24
      vertex 111.004 44.8041 14.48
      vertex 111.004 44.8041 3.24
    endloop
  endfacet
  facet normal -0.923897 -0.38264 0
    outer loop
      vertex 116.74 38.18 3.24
      vertex 115.756 40.5559 14.48
      vertex 115.756 40.5559 3.24
    endloop
  endfacet
  facet normal -0.923897 -0.38264 0
    outer loop
      vertex 115.756 40.5559 14.48
      vertex 116.74 38.18 3.24
      vertex 116.74 38.18 14.48
    endloop
  endfacet
  facet normal 0.923897 -0.38264 0
    outer loop
      vertex 110.02 38.18 14.48
      vertex 111.004 40.5559 3.24
      vertex 111.004 40.5559 14.48
    endloop
  endfacet
  facet normal 0.923897 -0.38264 0
    outer loop
      vertex 111.004 40.5559 3.24
      vertex 110.02 38.18 14.48
      vertex 110.02 38.18 3.24
    endloop
  endfacet
  facet normal -0.38266 -0.923889 0
    outer loop
      vertex 113.38 41.54 3.24
      vertex 115.756 40.5559 14.48
      vertex 113.38 41.54 14.48
    endloop
  endfacet
  facet normal -0.38266 -0.923889 -0
    outer loop
      vertex 115.756 40.5559 14.48
      vertex 113.38 41.54 3.24
      vertex 115.756 40.5559 3.24
    endloop
  endfacet
  facet normal -0.38266 0.923889 0
    outer loop
      vertex 115.756 35.8041 3.24
      vertex 113.38 34.82 14.48
      vertex 115.756 35.8041 14.48
    endloop
  endfacet
  facet normal -0.38266 0.923889 0
    outer loop
      vertex 113.38 34.82 14.48
      vertex 115.756 35.8041 3.24
      vertex 113.38 34.82 3.24
    endloop
  endfacet
  facet normal 0.38266 -0.923889 0
    outer loop
      vertex 111.004 40.5559 3.24
      vertex 113.38 41.54 14.48
      vertex 111.004 40.5559 14.48
    endloop
  endfacet
  facet normal 0.38266 -0.923889 0
    outer loop
      vertex 113.38 41.54 14.48
      vertex 111.004 40.5559 3.24
      vertex 113.38 41.54 3.24
    endloop
  endfacet
  facet normal -0.923897 0.38264 0
    outer loop
      vertex 115.756 35.8041 3.24
      vertex 116.74 38.18 14.48
      vertex 116.74 38.18 3.24
    endloop
  endfacet
  facet normal -0.923897 0.38264 0
    outer loop
      vertex 116.74 38.18 14.48
      vertex 115.756 35.8041 3.24
      vertex 115.756 35.8041 14.48
    endloop
  endfacet
  facet normal 0 0 1
    outer loop
      vertex 115.756 40.5559 3.24
      vertex 115.756 35.8041 3.24
      vertex 116.74 38.18 3.24
    endloop
  endfacet
  facet normal 0 0 1
    outer loop
      vertex 113.38 41.54 3.24
      vertex 115.756 35.8041 3.24
      vertex 115.756 40.5559 3.24
    endloop
  endfacet
  facet normal 0 0 1
    outer loop
      vertex 113.38 41.54 3.24
      vertex 113.38 34.82 3.24
      vertex 115.756 35.8041 3.24
    endloop
  endfacet
  facet normal -0 0 1
    outer loop
      vertex 111.004 40.5559 3.24
      vertex 113.38 34.82 3.24
      vertex 113.38 41.54 3.24
    endloop
  endfacet
  facet normal 0 0 1
    outer loop
      vertex 111.004 40.5559 3.24
      vertex 111.004 35.8041 3.24
      vertex 113.38 34.82 3.24
    endloop
  endfacet
  facet normal 0 -0 1
    outer loop
      vertex 111.004 35.8041 3.24
      vertex 111.004 40.5559 3.24
      vertex 110.02 38.18 3.24
    endloop
  endfacet
  facet normal 0.38266 0.923889 -0
    outer loop
      vertex 113.38 34.82 3.24
      vertex 111.004 35.8041 14.48
      vertex 113.38 34.82 14.48
    endloop
  endfacet
  facet normal 0.38266 0.923889 0
    outer loop
      vertex 111.004 35.8041 14.48
      vertex 113.38 34.82 3.24
      vertex 111.004 35.8041 3.24
    endloop
  endfacet
  facet normal 0.923897 0.38264 0
    outer loop
      vertex 111.004 35.8041 14.48
      vertex 110.02 38.18 3.24
      vertex 110.02 38.18 14.48
    endloop
  endfacet
  facet normal 0.923897 0.38264 0
    outer loop
      vertex 110.02 38.18 3.24
      vertex 111.004 35.8041 14.48
      vertex 111.004 35.8041 3.24
    endloop
  endfacet
  facet normal -0.923897 -0.38264 0
    outer loop
      vertex 116.74 29.18 3.24
      vertex 115.756 31.5559 14.48
      vertex 115.756 31.5559 3.24
    endloop
  endfacet
  facet normal -0.923897 -0.38264 0
    outer loop
      vertex 115.756 31.5559 14.48
      vertex 116.74 29.18 3.24
      vertex 116.74 29.18 14.48
    endloop
  endfacet
  facet normal 0.923897 -0.38264 0
    outer loop
      vertex 110.02 29.18 14.48
      vertex 111.004 31.5559 3.24
      vertex 111.004 31.5559 14.48
    endloop
  endfacet
  facet normal 0.923897 -0.38264 0
    outer loop
      vertex 111.004 31.5559 3.24
      vertex 110.02 29.18 14.48
      vertex 110.02 29.18 3.24
    endloop
  endfacet
  facet normal -0.38266 -0.923889 0
    outer loop
      vertex 113.38 32.54 3.24
      vertex 115.756 31.5559 14.48
      vertex 113.38 32.54 14.48
    endloop
  endfacet
  facet normal -0.38266 -0.923889 -0
    outer loop
      vertex 115.756 31.5559 14.48
      vertex 113.38 32.54 3.24
      vertex 115.756 31.5559 3.24
    endloop
  endfacet
  facet normal -0.38266 0.923889 0
    outer loop
      vertex 115.756 26.8041 3.24
      vertex 113.38 25.82 14.48
      vertex 115.756 26.8041 14.48
    endloop
  endfacet
  facet normal -0.38266 0.923889 0
    outer loop
      vertex 113.38 25.82 14.48
      vertex 115.756 26.8041 3.24
      vertex 113.38 25.82 3.24
    endloop
  endfacet
  facet normal 0.38266 -0.923889 0
    outer loop
      vertex 111.004 31.5559 3.24
      vertex 113.38 32.54 14.48
      vertex 111.004 31.5559 14.48
    endloop
  endfacet
  facet normal 0.38266 -0.923889 0
    outer loop
      vertex 113.38 32.54 14.48
      vertex 111.004 31.5559 3.24
      vertex 113.38 32.54 3.24
    endloop
  endfacet
  facet normal -0.923897 0.38264 0
    outer loop
      vertex 115.756 26.8041 3.24
      vertex 116.74 29.18 14.48
      vertex 116.74 29.18 3.24
    endloop
  endfacet
  facet normal -0.923897 0.38264 0
    outer loop
      vertex 116.74 29.18 14.48
      vertex 115.756 26.8041 3.24
      vertex 115.756 26.8041 14.48
    endloop
  endfacet
  facet normal 0 0 1
    outer loop
      vertex 115.756 31.5559 3.24
      vertex 115.756 26.8041 3.24
      vertex 116.74 29.18 3.24
    endloop
  endfacet
  facet normal 0 0 1
    outer loop
      vertex 113.38 32.54 3.24
      vertex 115.756 26.8041 3.24
      vertex 115.756 31.5559 3.24
    endloop
  endfacet
  facet normal 0 0 1
    outer loop
      vertex 113.38 32.54 3.24
      vertex 113.38 25.82 3.24
      vertex 115.756 26.8041 3.24
    endloop
  endfacet
  facet normal -0 0 1
    outer loop
      vertex 111.004 31.5559 3.24
      vertex 113.38 25.82 3.24
      vertex 113.38 32.54 3.24
    endloop
  endfacet
  facet normal 0 0 1
    outer loop
      vertex 111.004 31.5559 3.24
      vertex 111.004 26.8041 3.24
      vertex 113.38 25.82 3.24
    endloop
  endfacet
  facet normal 0 -0 1
    outer loop
      vertex 111.004 26.8041 3.24
      vertex 111.004 31.5559 3.24
      vertex 110.02 29.18 3.24
    endloop
  endfacet
  facet normal 0.38266 0.923889 -0
    outer loop
      vertex 113.38 25.82 3.24
      vertex 111.004 26.8041 14.48
      vertex 113.38 25.82 14.48
    endloop
  endfacet
  facet normal 0.38266 0.923889 0
    outer loop
      vertex 111.004 26.8041 14.48
      vertex 113.38 25.82 3.24
      vertex 111.004 26.8041 3.24
    endloop
  endfacet
  facet normal 0.923897 0.38264 0
    outer loop
      vertex 111.004 26.8041 14.48
      vertex 110.02 29.18 3.24
      vertex 110.02 29.18 14.48
    endloop
  endfacet
  facet normal 0.923897 0.38264 0
    outer loop
      vertex 110.02 29.18 3.24
      vertex 111.004 26.8041 14.48
      vertex 111.004 26.8041 3.24
    endloop
  endfacet
  facet normal -0.923897 -0.38264 0
    outer loop
      vertex 116.74 20.18 3.24
      vertex 115.756 22.5559 14.48
      vertex 115.756 22.5559 3.24
    endloop
  endfacet
  facet normal -0.923897 -0.38264 0
    outer loop
      vertex 115.756 22.5559 14.48
      vertex 116.74 20.18 3.24
      vertex 116.74 20.18 14.48
    endloop
  endfacet
  facet normal 0.923897 -0.38264 0
    outer loop
      vertex 110.02 20.18 14.48
      vertex 111.004 22.5559 3.24
      vertex 111.004 22.5559 14.48
    endloop
  endfacet
  facet normal 0.923897 -0.38264 0
    outer loop
      vertex 111.004 22.5559 3.24
      vertex 110.02 20.18 14.48
      vertex 110.02 20.18 3.24
    endloop
  endfacet
  facet normal -0.38266 -0.923889 0
    outer loop
      vertex 113.38 23.54 3.24
      vertex 115.756 22.5559 14.48
      vertex 113.38 23.54 14.48
    endloop
  endfacet
  facet normal -0.38266 -0.923889 -0
    outer loop
      vertex 115.756 22.5559 14.48
      vertex 113.38 23.54 3.24
      vertex 115.756 22.5559 3.24
    endloop
  endfacet
  facet normal -0.38266 0.923889 0
    outer loop
      vertex 115.756 17.8041 3.24
      vertex 113.38 16.82 14.48
      vertex 115.756 17.8041 14.48
    endloop
  endfacet
  facet normal -0.38266 0.923889 0
    outer loop
      vertex 113.38 16.82 14.48
      vertex 115.756 17.8041 3.24
      vertex 113.38 16.82 3.24
    endloop
  endfacet
  facet normal 0.38266 -0.923889 0
    outer loop
      vertex 111.004 22.5559 3.24
      vertex 113.38 23.54 14.48
      vertex 111.004 22.5559 14.48
    endloop
  endfacet
  facet normal 0.38266 -0.923889 0
    outer loop
      vertex 113.38 23.54 14.48
      vertex 111.004 22.5559 3.24
      vertex 113.38 23.54 3.24
    endloop
  endfacet
  facet normal 0.923897 0.38264 0
    outer loop
      vertex 111.004 17.8041 14.48
      vertex 110.02 20.18 3.24
      vertex 110.02 20.18 14.48
    endloop
  endfacet
  facet normal 0.923897 0.38264 0
    outer loop
      vertex 110.02 20.18 3.24
      vertex 111.004 17.8041 14.48
      vertex 111.004 17.8041 3.24
    endloop
  endfacet
  facet normal 0 0 1
    outer loop
      vertex 115.756 22.5559 3.24
      vertex 115.756 17.8041 3.24
      vertex 116.74 20.18 3.24
    endloop
  endfacet
  facet normal 0 0 1
    outer loop
      vertex 113.38 23.54 3.24
      vertex 115.756 17.8041 3.24
      vertex 115.756 22.5559 3.24
    endloop
  endfacet
  facet normal 0 0 1
    outer loop
      vertex 113.38 23.54 3.24
      vertex 113.38 16.82 3.24
      vertex 115.756 17.8041 3.24
    endloop
  endfacet
  facet normal -0 0 1
    outer loop
      vertex 111.004 22.5559 3.24
      vertex 113.38 16.82 3.24
      vertex 113.38 23.54 3.24
    endloop
  endfacet
  facet normal 0 0 1
    outer loop
      vertex 111.004 22.5559 3.24
      vertex 111.004 17.8041 3.24
      vertex 113.38 16.82 3.24
    endloop
  endfacet
  facet normal 0 -0 1
    outer loop
      vertex 111.004 17.8041 3.24
      vertex 111.004 22.5559 3.24
      vertex 110.02 20.18 3.24
    endloop
  endfacet
  facet normal -0.923897 0.38264 0
    outer loop
      vertex 115.756 17.8041 3.24
      vertex 116.74 20.18 14.48
      vertex 116.74 20.18 3.24
    endloop
  endfacet
  facet normal -0.923897 0.38264 0
    outer loop
      vertex 116.74 20.18 14.48
      vertex 115.756 17.8041 3.24
      vertex 115.756 17.8041 14.48
    endloop
  endfacet
  facet normal 0.38266 0.923889 -0
    outer loop
      vertex 113.38 16.82 3.24
      vertex 111.004 17.8041 14.48
      vertex 113.38 16.82 14.48
    endloop
  endfacet
  facet normal 0.38266 0.923889 0
    outer loop
      vertex 111.004 17.8041 14.48
      vertex 113.38 16.82 3.24
      vertex 111.004 17.8041 3.24
    endloop
  endfacet
  facet normal -0.923897 -0.38264 0
    outer loop
      vertex 116.74 11.18 3.24
      vertex 115.756 13.5559 14.48
      vertex 115.756 13.5559 3.24
    endloop
  endfacet
  facet normal -0.923897 -0.38264 0
    outer loop
      vertex 115.756 13.5559 14.48
      vertex 116.74 11.18 3.24
      vertex 116.74 11.18 14.48
    endloop
  endfacet
  facet normal 0.923897 -0.38264 0
    outer loop
      vertex 110.02 11.18 14.48
      vertex 111.004 13.5559 3.24
      vertex 111.004 13.5559 14.48
    endloop
  endfacet
  facet normal 0.923897 -0.38264 0
    outer loop
      vertex 111.004 13.5559 3.24
      vertex 110.02 11.18 14.48
      vertex 110.02 11.18 3.24
    endloop
  endfacet
  facet normal -0.38266 -0.923889 0
    outer loop
      vertex 113.38 14.54 3.24
      vertex 115.756 13.5559 14.48
      vertex 113.38 14.54 14.48
    endloop
  endfacet
  facet normal -0.38266 -0.923889 -0
    outer loop
      vertex 115.756 13.5559 14.48
      vertex 113.38 14.54 3.24
      vertex 115.756 13.5559 3.24
    endloop
  endfacet
  facet normal -0.382666 0.923887 0
    outer loop
      vertex 115.756 8.80412 3.24
      vertex 113.38 7.82 14.48
      vertex 115.756 8.80412 14.48
    endloop
  endfacet
  facet normal -0.382666 0.923887 0
    outer loop
      vertex 113.38 7.82 14.48
      vertex 115.756 8.80412 3.24
      vertex 113.38 7.82 3.24
    endloop
  endfacet
  facet normal 0.38266 -0.923889 0
    outer loop
      vertex 111.004 13.5559 3.24
      vertex 113.38 14.54 14.48
      vertex 111.004 13.5559 14.48
    endloop
  endfacet
  facet normal 0.38266 -0.923889 0
    outer loop
      vertex 113.38 14.54 14.48
      vertex 111.004 13.5559 3.24
      vertex 113.38 14.54 3.24
    endloop
  endfacet
  facet normal 0 0 1
    outer loop
      vertex 115.756 13.5559 3.24
      vertex 115.756 8.80412 3.24
      vertex 116.74 11.18 3.24
    endloop
  endfacet
  facet normal 0 0 1
    outer loop
      vertex 113.38 14.54 3.24
      vertex 115.756 8.80412 3.24
      vertex 115.756 13.5559 3.24
    endloop
  endfacet
  facet normal 0 0 1
    outer loop
      vertex 113.38 14.54 3.24
      vertex 113.38 7.82 3.24
      vertex 115.756 8.80412 3.24
    endloop
  endfacet
  facet normal -0 0 1
    outer loop
      vertex 111.004 13.5559 3.24
      vertex 113.38 7.82 3.24
      vertex 113.38 14.54 3.24
    endloop
  endfacet
  facet normal 0 0 1
    outer loop
      vertex 111.004 13.5559 3.24
      vertex 111.004 8.80412 3.24
      vertex 113.38 7.82 3.24
    endloop
  endfacet
  facet normal 0 -0 1
    outer loop
      vertex 111.004 8.80412 3.24
      vertex 111.004 13.5559 3.24
      vertex 110.02 11.18 3.24
    endloop
  endfacet
  facet normal -0.923896 0.382643 0
    outer loop
      vertex 115.756 8.80412 3.24
      vertex 116.74 11.18 14.48
      vertex 116.74 11.18 3.24
    endloop
  endfacet
  facet normal -0.923896 0.382643 0
    outer loop
      vertex 116.74 11.18 14.48
      vertex 115.756 8.80412 3.24
      vertex 115.756 8.80412 14.48
    endloop
  endfacet
  facet normal 0.382666 0.923887 -0
    outer loop
      vertex 113.38 7.82 3.24
      vertex 111.004 8.80412 14.48
      vertex 113.38 7.82 14.48
    endloop
  endfacet
  facet normal 0.382666 0.923887 0
    outer loop
      vertex 111.004 8.80412 14.48
      vertex 113.38 7.82 3.24
      vertex 111.004 8.80412 3.24
    endloop
  endfacet
  facet normal 0.923896 0.382643 0
    outer loop
      vertex 111.004 8.80412 14.48
      vertex 110.02 11.18 3.24
      vertex 110.02 11.18 14.48
    endloop
  endfacet
  facet normal 0.923896 0.382643 0
    outer loop
      vertex 110.02 11.18 3.24
      vertex 111.004 8.80412 14.48
      vertex 111.004 8.80412 3.24
    endloop
  endfacet
endsolid OpenSCAD_Model
