solid OpenSCAD_Model
  facet normal -1 0 0
    outer loop
      vertex 0 0 0
      vertex 0 85.48 55
      vertex 0 85.48 0
    endloop
  endfacet
  facet normal -1 -0 0
    outer loop
      vertex 0 85.48 55
      vertex 0 0 0
      vertex 0 0 55
    endloop
  endfacet
  facet normal 0 0 1
    outer loop
      vertex 33.6742 30.0858 55
      vertex 19.4058 30.0858 55
      vertex 33.8256 29.8333 55
    endloop
  endfacet
  facet normal 0 0 1
    outer loop
      vertex 34.1987 14.0613 55
      vertex 19.7456 12.2341 55
      vertex 19.76 11.94 55
    endloop
  endfacet
  facet normal 0 0 1
    outer loop
      vertex 19.2544 29.8333 55
      vertex 33.8256 29.8333 55
      vertex 19.4058 30.0858 55
    endloop
  endfacet
  facet normal 0 0 1
    outer loop
      vertex 34.1987 14.0613 55
      vertex 19.7024 12.5253 55
      vertex 19.7456 12.2341 55
    endloop
  endfacet
  facet normal 0 0 1
    outer loop
      vertex 33.8256 29.8333 55
      vertex 19.2544 29.8333 55
      vertex 34.001 29.5968 55
    endloop
  endfacet
  facet normal 0 0 1
    outer loop
      vertex 34.1987 14.0613 55
      vertex 19.6308 12.8109 55
      vertex 19.7024 12.5253 55
    endloop
  endfacet
  facet normal 0 0 1
    outer loop
      vertex 19.079 29.5968 55
      vertex 34.001 29.5968 55
      vertex 19.2544 29.8333 55
    endloop
  endfacet
  facet normal 0 0 1
    outer loop
      vertex 34.1987 14.0613 55
      vertex 19.5316 13.088 55
      vertex 19.6308 12.8109 55
    endloop
  endfacet
  facet normal 0 0 1
    outer loop
      vertex 34.001 29.5968 55
      vertex 19.079 29.5968 55
      vertex 34.1987 29.3787 55
    endloop
  endfacet
  facet normal 0 0 1
    outer loop
      vertex 34.1987 14.0613 55
      vertex 19.4058 13.3542 55
      vertex 19.5316 13.088 55
    endloop
  endfacet
  facet normal 0 0 1
    outer loop
      vertex 18.8813 29.3787 55
      vertex 34.1987 29.3787 55
      vertex 19.079 29.5968 55
    endloop
  endfacet
  facet normal 0 0 1
    outer loop
      vertex 34.1987 14.0613 55
      vertex 19.2544 13.6067 55
      vertex 19.4058 13.3542 55
    endloop
  endfacet
  facet normal 0 0 1
    outer loop
      vertex 34.1987 29.3787 55
      vertex 18.8813 29.3787 55
      vertex 34.1987 14.0613 55
    endloop
  endfacet
  facet normal 0 0 1
    outer loop
      vertex 34.1987 14.0613 55
      vertex 19.079 13.8432 55
      vertex 19.2544 13.6067 55
    endloop
  endfacet
  facet normal 0 0 1
    outer loop
      vertex 18.8813 14.0613 55
      vertex 34.1987 14.0613 55
      vertex 18.8813 29.3787 55
    endloop
  endfacet
  facet normal 0 0 1
    outer loop
      vertex 34.1987 14.0613 55
      vertex 18.8813 14.0613 55
      vertex 19.079 13.8432 55
    endloop
  endfacet
  facet normal -0 0 1
    outer loop
      vertex 18.6632 29.181 55
      vertex 18.8813 14.0613 55
      vertex 18.8813 29.3787 55
    endloop
  endfacet
  facet normal 0 0 1
    outer loop
      vertex 18.6632 29.181 55
      vertex 18.6632 14.259 55
      vertex 18.8813 14.0613 55
    endloop
  endfacet
  facet normal -0 0 1
    outer loop
      vertex 18.4267 29.0056 55
      vertex 18.6632 14.259 55
      vertex 18.6632 29.181 55
    endloop
  endfacet
  facet normal 0 0 1
    outer loop
      vertex 18.4267 29.0056 55
      vertex 18.4267 14.4344 55
      vertex 18.6632 14.259 55
    endloop
  endfacet
  facet normal -0 0 1
    outer loop
      vertex 18.1742 28.8542 55
      vertex 18.4267 14.4344 55
      vertex 18.4267 29.0056 55
    endloop
  endfacet
  facet normal 0 0 1
    outer loop
      vertex 18.1742 28.8542 55
      vertex 18.1742 14.5858 55
      vertex 18.4267 14.4344 55
    endloop
  endfacet
  facet normal -0 0 1
    outer loop
      vertex 17.9081 28.7284 55
      vertex 18.1742 14.5858 55
      vertex 18.1742 28.8542 55
    endloop
  endfacet
  facet normal 0 0 1
    outer loop
      vertex 17.9081 28.7284 55
      vertex 17.9081 14.7116 55
      vertex 18.1742 14.5858 55
    endloop
  endfacet
  facet normal -0 0 1
    outer loop
      vertex 17.6309 28.6292 55
      vertex 17.9081 14.7116 55
      vertex 17.9081 28.7284 55
    endloop
  endfacet
  facet normal 0 0 1
    outer loop
      vertex 17.6309 28.6292 55
      vertex 17.6309 14.8108 55
      vertex 17.9081 14.7116 55
    endloop
  endfacet
  facet normal -0 0 1
    outer loop
      vertex 17.3453 28.5576 55
      vertex 17.6309 14.8108 55
      vertex 17.6309 28.6292 55
    endloop
  endfacet
  facet normal 0 0 1
    outer loop
      vertex 17.3453 28.5576 55
      vertex 17.3453 14.8824 55
      vertex 17.6309 14.8108 55
    endloop
  endfacet
  facet normal -0 0 1
    outer loop
      vertex 17.0541 28.5144 55
      vertex 17.3453 14.8824 55
      vertex 17.3453 28.5576 55
    endloop
  endfacet
  facet normal 0 0 1
    outer loop
      vertex 17.0541 28.5144 55
      vertex 17.0541 14.9256 55
      vertex 17.3453 14.8824 55
    endloop
  endfacet
  facet normal -0 0 1
    outer loop
      vertex 16.76 28.5 55
      vertex 17.0541 14.9256 55
      vertex 17.0541 28.5144 55
    endloop
  endfacet
  facet normal 0 0 1
    outer loop
      vertex 16.76 28.5 55
      vertex 16.76 14.94 55
      vertex 17.0541 14.9256 55
    endloop
  endfacet
  facet normal 0 0 1
    outer loop
      vertex 16.4659 28.5144 55
      vertex 16.76 14.94 55
      vertex 16.76 28.5 55
    endloop
  endfacet
  facet normal 0 0 1
    outer loop
      vertex 16.4659 28.5144 55
      vertex 16.4659 14.9256 55
      vertex 16.76 14.94 55
    endloop
  endfacet
  facet normal 0 0 1
    outer loop
      vertex 16.1747 28.5576 55
      vertex 16.4659 14.9256 55
      vertex 16.4659 28.5144 55
    endloop
  endfacet
  facet normal 0 0 1
    outer loop
      vertex 16.1747 28.5576 55
      vertex 16.1747 14.8824 55
      vertex 16.4659 14.9256 55
    endloop
  endfacet
  facet normal 0 0 1
    outer loop
      vertex 15.8891 28.6292 55
      vertex 16.1747 14.8824 55
      vertex 16.1747 28.5576 55
    endloop
  endfacet
  facet normal 0 0 1
    outer loop
      vertex 15.8891 28.6292 55
      vertex 15.8891 14.8108 55
      vertex 16.1747 14.8824 55
    endloop
  endfacet
  facet normal 0 0 1
    outer loop
      vertex 15.6119 28.7284 55
      vertex 15.8891 14.8108 55
      vertex 15.8891 28.6292 55
    endloop
  endfacet
  facet normal 0 0 1
    outer loop
      vertex 15.6119 28.7284 55
      vertex 15.6119 14.7116 55
      vertex 15.8891 14.8108 55
    endloop
  endfacet
  facet normal 0 0 1
    outer loop
      vertex 15.3458 28.8542 55
      vertex 15.6119 14.7116 55
      vertex 15.6119 28.7284 55
    endloop
  endfacet
  facet normal 0 0 1
    outer loop
      vertex 15.3458 28.8542 55
      vertex 15.3458 14.5858 55
      vertex 15.6119 14.7116 55
    endloop
  endfacet
  facet normal 0 0 1
    outer loop
      vertex 15.0933 29.0056 55
      vertex 15.3458 14.5858 55
      vertex 15.3458 28.8542 55
    endloop
  endfacet
  facet normal 0 0 1
    outer loop
      vertex 15.0933 29.0056 55
      vertex 15.0933 14.4344 55
      vertex 15.3458 14.5858 55
    endloop
  endfacet
  facet normal 0 0 1
    outer loop
      vertex 14.8568 29.181 55
      vertex 15.0933 14.4344 55
      vertex 15.0933 29.0056 55
    endloop
  endfacet
  facet normal 0 0 1
    outer loop
      vertex 14.8568 29.181 55
      vertex 14.8568 14.259 55
      vertex 15.0933 14.4344 55
    endloop
  endfacet
  facet normal 0 0 1
    outer loop
      vertex 14.6387 29.3787 55
      vertex 14.8568 14.259 55
      vertex 14.8568 29.181 55
    endloop
  endfacet
  facet normal 0 0 1
    outer loop
      vertex 14.6387 29.3787 55
      vertex 14.6387 14.0613 55
      vertex 14.8568 14.259 55
    endloop
  endfacet
  facet normal 0 0 1
    outer loop
      vertex 14.441 29.5968 55
      vertex 14.6387 14.0613 55
      vertex 14.6387 29.3787 55
    endloop
  endfacet
  facet normal 0 0 1
    outer loop
      vertex 14.441 29.5968 55
      vertex 14.441 13.8432 55
      vertex 14.6387 14.0613 55
    endloop
  endfacet
  facet normal 0 0 1
    outer loop
      vertex 14.2656 29.8333 55
      vertex 14.441 13.8432 55
      vertex 14.441 29.5968 55
    endloop
  endfacet
  facet normal 0 0 1
    outer loop
      vertex 14.2656 29.8333 55
      vertex 14.2656 13.6067 55
      vertex 14.441 13.8432 55
    endloop
  endfacet
  facet normal 0 0 1
    outer loop
      vertex 14.1142 30.0858 55
      vertex 14.2656 13.6067 55
      vertex 14.2656 29.8333 55
    endloop
  endfacet
  facet normal 0 0 1
    outer loop
      vertex 14.1142 30.0858 55
      vertex 14.1142 13.3542 55
      vertex 14.2656 13.6067 55
    endloop
  endfacet
  facet normal 0 0 1
    outer loop
      vertex 13.9884 30.3519 55
      vertex 14.1142 13.3542 55
      vertex 14.1142 30.0858 55
    endloop
  endfacet
  facet normal 0 0 1
    outer loop
      vertex 13.9884 30.3519 55
      vertex 13.9884 13.088 55
      vertex 14.1142 13.3542 55
    endloop
  endfacet
  facet normal 0 0 1
    outer loop
      vertex 0 0 55
      vertex 13.9884 30.3519 55
      vertex 13.8892 30.6291 55
    endloop
  endfacet
  facet normal 0 0 1
    outer loop
      vertex 13.9884 30.3519 55
      vertex 0 0 55
      vertex 13.9884 13.088 55
    endloop
  endfacet
  facet normal 0 0 1
    outer loop
      vertex 0 0 55
      vertex 13.8892 30.6291 55
      vertex 13.8176 30.9147 55
    endloop
  endfacet
  facet normal 0 0 1
    outer loop
      vertex 13.9884 13.088 55
      vertex 0 0 55
      vertex 13.8892 12.8109 55
    endloop
  endfacet
  facet normal 0 0 1
    outer loop
      vertex 0 0 55
      vertex 13.8176 30.9147 55
      vertex 13.7744 31.2059 55
    endloop
  endfacet
  facet normal 0 0 1
    outer loop
      vertex 13.8892 12.8109 55
      vertex 0 0 55
      vertex 13.8176 12.5253 55
    endloop
  endfacet
  facet normal 0 0 1
    outer loop
      vertex 0 0 55
      vertex 13.7744 31.2059 55
      vertex 13.76 31.5 55
    endloop
  endfacet
  facet normal 0 0 1
    outer loop
      vertex 13.8176 12.5253 55
      vertex 0 0 55
      vertex 13.7744 12.2341 55
    endloop
  endfacet
  facet normal 0 0 1
    outer loop
      vertex 33.6742 49.6458 55
      vertex 19.4058 49.6458 55
      vertex 33.8256 49.3933 55
    endloop
  endfacet
  facet normal 0 0 1
    outer loop
      vertex 34.1987 33.6213 55
      vertex 19.7456 31.7941 55
      vertex 19.76 31.5 55
    endloop
  endfacet
  facet normal 0 0 1
    outer loop
      vertex 19.2544 49.3933 55
      vertex 33.8256 49.3933 55
      vertex 19.4058 49.6458 55
    endloop
  endfacet
  facet normal 0 0 1
    outer loop
      vertex 34.1987 33.6213 55
      vertex 19.7024 32.0853 55
      vertex 19.7456 31.7941 55
    endloop
  endfacet
  facet normal 0 0 1
    outer loop
      vertex 33.8256 49.3933 55
      vertex 19.2544 49.3933 55
      vertex 34.001 49.1568 55
    endloop
  endfacet
  facet normal 0 0 1
    outer loop
      vertex 34.1987 33.6213 55
      vertex 19.6308 32.3709 55
      vertex 19.7024 32.0853 55
    endloop
  endfacet
  facet normal 0 0 1
    outer loop
      vertex 19.079 49.1568 55
      vertex 34.001 49.1568 55
      vertex 19.2544 49.3933 55
    endloop
  endfacet
  facet normal 0 0 1
    outer loop
      vertex 34.1987 33.6213 55
      vertex 19.5316 32.648 55
      vertex 19.6308 32.3709 55
    endloop
  endfacet
  facet normal 0 0 1
    outer loop
      vertex 34.001 49.1568 55
      vertex 19.079 49.1568 55
      vertex 34.1987 48.9387 55
    endloop
  endfacet
  facet normal 0 0 1
    outer loop
      vertex 34.1987 33.6213 55
      vertex 19.4058 32.9142 55
      vertex 19.5316 32.648 55
    endloop
  endfacet
  facet normal 0 0 1
    outer loop
      vertex 18.8813 48.9387 55
      vertex 34.1987 48.9387 55
      vertex 19.079 49.1568 55
    endloop
  endfacet
  facet normal 0 0 1
    outer loop
      vertex 34.1987 33.6213 55
      vertex 19.2544 33.1667 55
      vertex 19.4058 32.9142 55
    endloop
  endfacet
  facet normal 0 0 1
    outer loop
      vertex 34.1987 48.9387 55
      vertex 18.8813 48.9387 55
      vertex 34.1987 33.6213 55
    endloop
  endfacet
  facet normal 0 0 1
    outer loop
      vertex 34.1987 33.6213 55
      vertex 19.079 33.4032 55
      vertex 19.2544 33.1667 55
    endloop
  endfacet
  facet normal 0 0 1
    outer loop
      vertex 18.8813 33.6213 55
      vertex 34.1987 33.6213 55
      vertex 18.8813 48.9387 55
    endloop
  endfacet
  facet normal 0 0 1
    outer loop
      vertex 34.1987 33.6213 55
      vertex 18.8813 33.6213 55
      vertex 19.079 33.4032 55
    endloop
  endfacet
  facet normal -0 0 1
    outer loop
      vertex 18.6632 48.741 55
      vertex 18.8813 33.6213 55
      vertex 18.8813 48.9387 55
    endloop
  endfacet
  facet normal 0 0 1
    outer loop
      vertex 18.6632 48.741 55
      vertex 18.6632 33.819 55
      vertex 18.8813 33.6213 55
    endloop
  endfacet
  facet normal -0 0 1
    outer loop
      vertex 18.4267 48.5656 55
      vertex 18.6632 33.819 55
      vertex 18.6632 48.741 55
    endloop
  endfacet
  facet normal 0 0 1
    outer loop
      vertex 18.4267 48.5656 55
      vertex 18.4267 33.9944 55
      vertex 18.6632 33.819 55
    endloop
  endfacet
  facet normal -0 0 1
    outer loop
      vertex 18.1742 48.4142 55
      vertex 18.4267 33.9944 55
      vertex 18.4267 48.5656 55
    endloop
  endfacet
  facet normal 0 0 1
    outer loop
      vertex 18.1742 48.4142 55
      vertex 18.1742 34.1458 55
      vertex 18.4267 33.9944 55
    endloop
  endfacet
  facet normal -0 0 1
    outer loop
      vertex 17.9081 48.2884 55
      vertex 18.1742 34.1458 55
      vertex 18.1742 48.4142 55
    endloop
  endfacet
  facet normal 0 0 1
    outer loop
      vertex 17.9081 48.2884 55
      vertex 17.9081 34.2716 55
      vertex 18.1742 34.1458 55
    endloop
  endfacet
  facet normal -0 0 1
    outer loop
      vertex 17.6309 48.1892 55
      vertex 17.9081 34.2716 55
      vertex 17.9081 48.2884 55
    endloop
  endfacet
  facet normal 0 0 1
    outer loop
      vertex 17.6309 48.1892 55
      vertex 17.6309 34.3708 55
      vertex 17.9081 34.2716 55
    endloop
  endfacet
  facet normal -0 0 1
    outer loop
      vertex 17.3453 48.1176 55
      vertex 17.6309 34.3708 55
      vertex 17.6309 48.1892 55
    endloop
  endfacet
  facet normal 0 0 1
    outer loop
      vertex 17.3453 48.1176 55
      vertex 17.3453 34.4424 55
      vertex 17.6309 34.3708 55
    endloop
  endfacet
  facet normal -0 0 1
    outer loop
      vertex 17.0541 48.0744 55
      vertex 17.3453 34.4424 55
      vertex 17.3453 48.1176 55
    endloop
  endfacet
  facet normal 0 0 1
    outer loop
      vertex 17.0541 48.0744 55
      vertex 17.0541 34.4856 55
      vertex 17.3453 34.4424 55
    endloop
  endfacet
  facet normal -0 0 1
    outer loop
      vertex 16.76 48.06 55
      vertex 17.0541 34.4856 55
      vertex 17.0541 48.0744 55
    endloop
  endfacet
  facet normal 0 0 1
    outer loop
      vertex 16.76 48.06 55
      vertex 16.76 34.5 55
      vertex 17.0541 34.4856 55
    endloop
  endfacet
  facet normal 0 0 1
    outer loop
      vertex 16.4659 48.0744 55
      vertex 16.76 34.5 55
      vertex 16.76 48.06 55
    endloop
  endfacet
  facet normal 0 0 1
    outer loop
      vertex 16.4659 48.0744 55
      vertex 16.4659 34.4856 55
      vertex 16.76 34.5 55
    endloop
  endfacet
  facet normal 0 0 1
    outer loop
      vertex 16.1747 48.1176 55
      vertex 16.4659 34.4856 55
      vertex 16.4659 48.0744 55
    endloop
  endfacet
  facet normal 0 0 1
    outer loop
      vertex 16.1747 48.1176 55
      vertex 16.1747 34.4424 55
      vertex 16.4659 34.4856 55
    endloop
  endfacet
  facet normal 0 0 1
    outer loop
      vertex 15.8891 48.1892 55
      vertex 16.1747 34.4424 55
      vertex 16.1747 48.1176 55
    endloop
  endfacet
  facet normal 0 0 1
    outer loop
      vertex 15.8891 48.1892 55
      vertex 15.8891 34.3708 55
      vertex 16.1747 34.4424 55
    endloop
  endfacet
  facet normal 0 0 1
    outer loop
      vertex 15.6119 48.2884 55
      vertex 15.8891 34.3708 55
      vertex 15.8891 48.1892 55
    endloop
  endfacet
  facet normal 0 0 1
    outer loop
      vertex 15.6119 48.2884 55
      vertex 15.6119 34.2716 55
      vertex 15.8891 34.3708 55
    endloop
  endfacet
  facet normal 0 0 1
    outer loop
      vertex 15.3458 48.4142 55
      vertex 15.6119 34.2716 55
      vertex 15.6119 48.2884 55
    endloop
  endfacet
  facet normal 0 0 1
    outer loop
      vertex 15.3458 48.4142 55
      vertex 15.3458 34.1458 55
      vertex 15.6119 34.2716 55
    endloop
  endfacet
  facet normal 0 0 1
    outer loop
      vertex 15.0933 48.5656 55
      vertex 15.3458 34.1458 55
      vertex 15.3458 48.4142 55
    endloop
  endfacet
  facet normal 0 0 1
    outer loop
      vertex 15.0933 48.5656 55
      vertex 15.0933 33.9944 55
      vertex 15.3458 34.1458 55
    endloop
  endfacet
  facet normal 0 0 1
    outer loop
      vertex 14.8568 48.741 55
      vertex 15.0933 33.9944 55
      vertex 15.0933 48.5656 55
    endloop
  endfacet
  facet normal 0 0 1
    outer loop
      vertex 14.8568 48.741 55
      vertex 14.8568 33.819 55
      vertex 15.0933 33.9944 55
    endloop
  endfacet
  facet normal 0 0 1
    outer loop
      vertex 14.6387 48.9387 55
      vertex 14.8568 33.819 55
      vertex 14.8568 48.741 55
    endloop
  endfacet
  facet normal 0 0 1
    outer loop
      vertex 14.6387 48.9387 55
      vertex 14.6387 33.6213 55
      vertex 14.8568 33.819 55
    endloop
  endfacet
  facet normal 0 0 1
    outer loop
      vertex 14.441 49.1568 55
      vertex 14.6387 33.6213 55
      vertex 14.6387 48.9387 55
    endloop
  endfacet
  facet normal 0 0 1
    outer loop
      vertex 14.441 49.1568 55
      vertex 14.441 33.4032 55
      vertex 14.6387 33.6213 55
    endloop
  endfacet
  facet normal 0 0 1
    outer loop
      vertex 14.2656 49.3933 55
      vertex 14.441 33.4032 55
      vertex 14.441 49.1568 55
    endloop
  endfacet
  facet normal 0 0 1
    outer loop
      vertex 14.2656 49.3933 55
      vertex 14.2656 33.1667 55
      vertex 14.441 33.4032 55
    endloop
  endfacet
  facet normal 0 0 1
    outer loop
      vertex 14.1142 49.6458 55
      vertex 14.2656 33.1667 55
      vertex 14.2656 49.3933 55
    endloop
  endfacet
  facet normal 0 0 1
    outer loop
      vertex 14.1142 49.6458 55
      vertex 14.1142 32.9142 55
      vertex 14.2656 33.1667 55
    endloop
  endfacet
  facet normal 0 0 1
    outer loop
      vertex 13.9884 49.9119 55
      vertex 14.1142 32.9142 55
      vertex 14.1142 49.6458 55
    endloop
  endfacet
  facet normal 0 0 1
    outer loop
      vertex 13.9884 49.9119 55
      vertex 13.9884 32.648 55
      vertex 14.1142 32.9142 55
    endloop
  endfacet
  facet normal 0 0 1
    outer loop
      vertex 13.8892 50.1891 55
      vertex 13.9884 32.648 55
      vertex 13.9884 49.9119 55
    endloop
  endfacet
  facet normal 0 0 1
    outer loop
      vertex 13.8892 50.1891 55
      vertex 13.8892 32.3709 55
      vertex 13.9884 32.648 55
    endloop
  endfacet
  facet normal 0 0 1
    outer loop
      vertex 13.8176 50.4747 55
      vertex 13.8892 32.3709 55
      vertex 13.8892 50.1891 55
    endloop
  endfacet
  facet normal 0 0 1
    outer loop
      vertex 13.8176 50.4747 55
      vertex 13.8176 32.0853 55
      vertex 13.8892 32.3709 55
    endloop
  endfacet
  facet normal 0 0 1
    outer loop
      vertex 13.7744 50.7659 55
      vertex 13.8176 32.0853 55
      vertex 13.8176 50.4747 55
    endloop
  endfacet
  facet normal 0 0 1
    outer loop
      vertex 13.7744 50.7659 55
      vertex 13.7744 31.7941 55
      vertex 13.8176 32.0853 55
    endloop
  endfacet
  facet normal 0 0 1
    outer loop
      vertex 0 85.48 55
      vertex 13.7744 50.7659 55
      vertex 13.76 51.06 55
    endloop
  endfacet
  facet normal 0 0 1
    outer loop
      vertex 13.7744 50.7659 55
      vertex 0 0 55
      vertex 13.7744 31.7941 55
    endloop
  endfacet
  facet normal 0 0 1
    outer loop
      vertex 33.6742 69.2058 55
      vertex 19.4058 69.2058 55
      vertex 33.8256 68.9533 55
    endloop
  endfacet
  facet normal 0 0 1
    outer loop
      vertex 34.1987 53.1813 55
      vertex 19.7456 51.354 55
      vertex 19.76 51.06 55
    endloop
  endfacet
  facet normal 0 0 1
    outer loop
      vertex 19.2544 68.9533 55
      vertex 33.8256 68.9533 55
      vertex 19.4058 69.2058 55
    endloop
  endfacet
  facet normal 0 0 1
    outer loop
      vertex 34.1987 53.1813 55
      vertex 19.7024 51.6453 55
      vertex 19.7456 51.354 55
    endloop
  endfacet
  facet normal 0 0 1
    outer loop
      vertex 33.8256 68.9533 55
      vertex 19.2544 68.9533 55
      vertex 34.001 68.7168 55
    endloop
  endfacet
  facet normal 0 0 1
    outer loop
      vertex 34.1987 53.1813 55
      vertex 19.6308 51.9309 55
      vertex 19.7024 51.6453 55
    endloop
  endfacet
  facet normal 0 0 1
    outer loop
      vertex 19.079 68.7168 55
      vertex 34.001 68.7168 55
      vertex 19.2544 68.9533 55
    endloop
  endfacet
  facet normal 0 0 1
    outer loop
      vertex 34.1987 53.1813 55
      vertex 19.5316 52.208 55
      vertex 19.6308 51.9309 55
    endloop
  endfacet
  facet normal 0 0 1
    outer loop
      vertex 34.001 68.7168 55
      vertex 19.079 68.7168 55
      vertex 34.1987 68.4987 55
    endloop
  endfacet
  facet normal 0 0 1
    outer loop
      vertex 34.1987 53.1813 55
      vertex 19.4058 52.4742 55
      vertex 19.5316 52.208 55
    endloop
  endfacet
  facet normal 0 0 1
    outer loop
      vertex 18.8813 68.4987 55
      vertex 34.1987 68.4987 55
      vertex 19.079 68.7168 55
    endloop
  endfacet
  facet normal 0 0 1
    outer loop
      vertex 34.1987 53.1813 55
      vertex 19.2544 52.7267 55
      vertex 19.4058 52.4742 55
    endloop
  endfacet
  facet normal 0 0 1
    outer loop
      vertex 34.1987 68.4987 55
      vertex 18.8813 68.4987 55
      vertex 34.1987 53.1813 55
    endloop
  endfacet
  facet normal 0 0 1
    outer loop
      vertex 34.1987 53.1813 55
      vertex 19.079 52.9632 55
      vertex 19.2544 52.7267 55
    endloop
  endfacet
  facet normal 0 0 1
    outer loop
      vertex 18.8813 53.1813 55
      vertex 34.1987 53.1813 55
      vertex 18.8813 68.4987 55
    endloop
  endfacet
  facet normal 0 0 1
    outer loop
      vertex 34.1987 53.1813 55
      vertex 18.8813 53.1813 55
      vertex 19.079 52.9632 55
    endloop
  endfacet
  facet normal -0 0 1
    outer loop
      vertex 18.6632 68.301 55
      vertex 18.8813 53.1813 55
      vertex 18.8813 68.4987 55
    endloop
  endfacet
  facet normal 0 0 1
    outer loop
      vertex 18.6632 68.301 55
      vertex 18.6632 53.379 55
      vertex 18.8813 53.1813 55
    endloop
  endfacet
  facet normal -0 0 1
    outer loop
      vertex 18.4267 68.1256 55
      vertex 18.6632 53.379 55
      vertex 18.6632 68.301 55
    endloop
  endfacet
  facet normal 0 0 1
    outer loop
      vertex 18.4267 68.1256 55
      vertex 18.4267 53.5544 55
      vertex 18.6632 53.379 55
    endloop
  endfacet
  facet normal -0 0 1
    outer loop
      vertex 18.1742 67.9742 55
      vertex 18.4267 53.5544 55
      vertex 18.4267 68.1256 55
    endloop
  endfacet
  facet normal 0 0 1
    outer loop
      vertex 18.1742 67.9742 55
      vertex 18.1742 53.7058 55
      vertex 18.4267 53.5544 55
    endloop
  endfacet
  facet normal -0 0 1
    outer loop
      vertex 17.9081 67.8484 55
      vertex 18.1742 53.7058 55
      vertex 18.1742 67.9742 55
    endloop
  endfacet
  facet normal 0 0 1
    outer loop
      vertex 17.9081 67.8484 55
      vertex 17.9081 53.8316 55
      vertex 18.1742 53.7058 55
    endloop
  endfacet
  facet normal -0 0 1
    outer loop
      vertex 17.6309 67.7492 55
      vertex 17.9081 53.8316 55
      vertex 17.9081 67.8484 55
    endloop
  endfacet
  facet normal 0 0 1
    outer loop
      vertex 17.6309 67.7492 55
      vertex 17.6309 53.9308 55
      vertex 17.9081 53.8316 55
    endloop
  endfacet
  facet normal -0 0 1
    outer loop
      vertex 17.3453 67.6776 55
      vertex 17.6309 53.9308 55
      vertex 17.6309 67.7492 55
    endloop
  endfacet
  facet normal 0 0 1
    outer loop
      vertex 17.3453 67.6776 55
      vertex 17.3453 54.0024 55
      vertex 17.6309 53.9308 55
    endloop
  endfacet
  facet normal -0 0 1
    outer loop
      vertex 17.0541 67.6344 55
      vertex 17.3453 54.0024 55
      vertex 17.3453 67.6776 55
    endloop
  endfacet
  facet normal 0 0 1
    outer loop
      vertex 17.0541 67.6344 55
      vertex 17.0541 54.0456 55
      vertex 17.3453 54.0024 55
    endloop
  endfacet
  facet normal -0 0 1
    outer loop
      vertex 16.76 67.62 55
      vertex 17.0541 54.0456 55
      vertex 17.0541 67.6344 55
    endloop
  endfacet
  facet normal 0 0 1
    outer loop
      vertex 16.76 67.62 55
      vertex 16.76 54.06 55
      vertex 17.0541 54.0456 55
    endloop
  endfacet
  facet normal 0 0 1
    outer loop
      vertex 16.4659 67.6344 55
      vertex 16.76 54.06 55
      vertex 16.76 67.62 55
    endloop
  endfacet
  facet normal 0 0 1
    outer loop
      vertex 16.4659 67.6344 55
      vertex 16.4659 54.0456 55
      vertex 16.76 54.06 55
    endloop
  endfacet
  facet normal 0 0 1
    outer loop
      vertex 16.1747 67.6776 55
      vertex 16.4659 54.0456 55
      vertex 16.4659 67.6344 55
    endloop
  endfacet
  facet normal 0 0 1
    outer loop
      vertex 16.1747 67.6776 55
      vertex 16.1747 54.0024 55
      vertex 16.4659 54.0456 55
    endloop
  endfacet
  facet normal 0 0 1
    outer loop
      vertex 15.8891 67.7492 55
      vertex 16.1747 54.0024 55
      vertex 16.1747 67.6776 55
    endloop
  endfacet
  facet normal 0 0 1
    outer loop
      vertex 15.8891 67.7492 55
      vertex 15.8891 53.9308 55
      vertex 16.1747 54.0024 55
    endloop
  endfacet
  facet normal 0 0 1
    outer loop
      vertex 15.6119 67.8484 55
      vertex 15.8891 53.9308 55
      vertex 15.8891 67.7492 55
    endloop
  endfacet
  facet normal 0 0 1
    outer loop
      vertex 15.6119 67.8484 55
      vertex 15.6119 53.8316 55
      vertex 15.8891 53.9308 55
    endloop
  endfacet
  facet normal 0 0 1
    outer loop
      vertex 15.3458 67.9742 55
      vertex 15.6119 53.8316 55
      vertex 15.6119 67.8484 55
    endloop
  endfacet
  facet normal 0 0 1
    outer loop
      vertex 15.3458 67.9742 55
      vertex 15.3458 53.7058 55
      vertex 15.6119 53.8316 55
    endloop
  endfacet
  facet normal 0 0 1
    outer loop
      vertex 15.0933 68.1256 55
      vertex 15.3458 53.7058 55
      vertex 15.3458 67.9742 55
    endloop
  endfacet
  facet normal 0 0 1
    outer loop
      vertex 15.0933 68.1256 55
      vertex 15.0933 53.5544 55
      vertex 15.3458 53.7058 55
    endloop
  endfacet
  facet normal 0 0 1
    outer loop
      vertex 14.8568 68.301 55
      vertex 15.0933 53.5544 55
      vertex 15.0933 68.1256 55
    endloop
  endfacet
  facet normal 0 0 1
    outer loop
      vertex 14.8568 68.301 55
      vertex 14.8568 53.379 55
      vertex 15.0933 53.5544 55
    endloop
  endfacet
  facet normal 0 0 1
    outer loop
      vertex 14.6387 68.4987 55
      vertex 14.8568 53.379 55
      vertex 14.8568 68.301 55
    endloop
  endfacet
  facet normal 0 0 1
    outer loop
      vertex 14.6387 68.4987 55
      vertex 14.6387 53.1813 55
      vertex 14.8568 53.379 55
    endloop
  endfacet
  facet normal 0 0 1
    outer loop
      vertex 14.441 68.7168 55
      vertex 14.6387 53.1813 55
      vertex 14.6387 68.4987 55
    endloop
  endfacet
  facet normal 0 0 1
    outer loop
      vertex 14.441 68.7168 55
      vertex 14.441 52.9632 55
      vertex 14.6387 53.1813 55
    endloop
  endfacet
  facet normal 0 0 1
    outer loop
      vertex 14.2656 68.9533 55
      vertex 14.441 52.9632 55
      vertex 14.441 68.7168 55
    endloop
  endfacet
  facet normal 0 0 1
    outer loop
      vertex 14.2656 68.9533 55
      vertex 14.2656 52.7267 55
      vertex 14.441 52.9632 55
    endloop
  endfacet
  facet normal 0 0 1
    outer loop
      vertex 14.1142 69.2058 55
      vertex 14.2656 52.7267 55
      vertex 14.2656 68.9533 55
    endloop
  endfacet
  facet normal 0 0 1
    outer loop
      vertex 14.1142 69.2058 55
      vertex 14.1142 52.4742 55
      vertex 14.2656 52.7267 55
    endloop
  endfacet
  facet normal 0 0 1
    outer loop
      vertex 13.9884 69.4719 55
      vertex 14.1142 52.4742 55
      vertex 14.1142 69.2058 55
    endloop
  endfacet
  facet normal 0 0 1
    outer loop
      vertex 13.9884 69.4719 55
      vertex 13.9884 52.208 55
      vertex 14.1142 52.4742 55
    endloop
  endfacet
  facet normal 0 0 1
    outer loop
      vertex 13.8892 69.7491 55
      vertex 13.9884 52.208 55
      vertex 13.9884 69.4719 55
    endloop
  endfacet
  facet normal 0 0 1
    outer loop
      vertex 13.8892 69.7491 55
      vertex 13.8892 51.9309 55
      vertex 13.9884 52.208 55
    endloop
  endfacet
  facet normal 0 0 1
    outer loop
      vertex 0 85.48 55
      vertex 13.8892 69.7491 55
      vertex 13.8176 70.0347 55
    endloop
  endfacet
  facet normal 0 0 1
    outer loop
      vertex 13.8892 69.7491 55
      vertex 0 85.48 55
      vertex 13.8892 51.9309 55
    endloop
  endfacet
  facet normal 0 0 1
    outer loop
      vertex 0 85.48 55
      vertex 13.8176 70.0347 55
      vertex 13.7744 70.326 55
    endloop
  endfacet
  facet normal 0 0 1
    outer loop
      vertex 13.8892 51.9309 55
      vertex 0 85.48 55
      vertex 13.8176 51.6453 55
    endloop
  endfacet
  facet normal 0 0 1
    outer loop
      vertex 0 85.48 55
      vertex 13.7744 70.326 55
      vertex 13.76 70.62 55
    endloop
  endfacet
  facet normal 0 0 1
    outer loop
      vertex 13.8176 51.6453 55
      vertex 0 85.48 55
      vertex 13.7744 51.354 55
    endloop
  endfacet
  facet normal 0 0 1
    outer loop
      vertex 53.2342 30.0858 55
      vertex 38.9658 30.0858 55
      vertex 53.3856 29.8333 55
    endloop
  endfacet
  facet normal 0 0 1
    outer loop
      vertex 53.7587 14.0613 55
      vertex 39.3056 12.2341 55
      vertex 39.32 11.94 55
    endloop
  endfacet
  facet normal 0 0 1
    outer loop
      vertex 38.8144 29.8333 55
      vertex 53.3856 29.8333 55
      vertex 38.9658 30.0858 55
    endloop
  endfacet
  facet normal 0 0 1
    outer loop
      vertex 53.7587 14.0613 55
      vertex 39.2624 12.5253 55
      vertex 39.3056 12.2341 55
    endloop
  endfacet
  facet normal 0 0 1
    outer loop
      vertex 53.3856 29.8333 55
      vertex 38.8144 29.8333 55
      vertex 53.561 29.5968 55
    endloop
  endfacet
  facet normal 0 0 1
    outer loop
      vertex 53.7587 14.0613 55
      vertex 39.1908 12.8109 55
      vertex 39.2624 12.5253 55
    endloop
  endfacet
  facet normal 0 0 1
    outer loop
      vertex 38.639 29.5968 55
      vertex 53.561 29.5968 55
      vertex 38.8144 29.8333 55
    endloop
  endfacet
  facet normal 0 0 1
    outer loop
      vertex 53.7587 14.0613 55
      vertex 39.0916 13.088 55
      vertex 39.1908 12.8109 55
    endloop
  endfacet
  facet normal 0 0 1
    outer loop
      vertex 53.561 29.5968 55
      vertex 38.639 29.5968 55
      vertex 53.7587 29.3787 55
    endloop
  endfacet
  facet normal 0 0 1
    outer loop
      vertex 53.7587 14.0613 55
      vertex 38.9658 13.3542 55
      vertex 39.0916 13.088 55
    endloop
  endfacet
  facet normal 0 0 1
    outer loop
      vertex 38.4413 29.3787 55
      vertex 53.7587 29.3787 55
      vertex 38.639 29.5968 55
    endloop
  endfacet
  facet normal 0 0 1
    outer loop
      vertex 53.7587 14.0613 55
      vertex 38.8144 13.6067 55
      vertex 38.9658 13.3542 55
    endloop
  endfacet
  facet normal 0 0 1
    outer loop
      vertex 53.7587 29.3787 55
      vertex 38.4413 29.3787 55
      vertex 53.7587 14.0613 55
    endloop
  endfacet
  facet normal 0 0 1
    outer loop
      vertex 53.7587 14.0613 55
      vertex 38.639 13.8432 55
      vertex 38.8144 13.6067 55
    endloop
  endfacet
  facet normal 0 0 1
    outer loop
      vertex 38.4413 14.0613 55
      vertex 53.7587 14.0613 55
      vertex 38.4413 29.3787 55
    endloop
  endfacet
  facet normal 0 0 1
    outer loop
      vertex 53.7587 14.0613 55
      vertex 38.4413 14.0613 55
      vertex 38.639 13.8432 55
    endloop
  endfacet
  facet normal -0 0 1
    outer loop
      vertex 38.2232 29.181 55
      vertex 38.4413 14.0613 55
      vertex 38.4413 29.3787 55
    endloop
  endfacet
  facet normal 0 0 1
    outer loop
      vertex 38.2232 29.181 55
      vertex 38.2232 14.259 55
      vertex 38.4413 14.0613 55
    endloop
  endfacet
  facet normal -0 0 1
    outer loop
      vertex 37.9867 29.0056 55
      vertex 38.2232 14.259 55
      vertex 38.2232 29.181 55
    endloop
  endfacet
  facet normal 0 0 1
    outer loop
      vertex 37.9867 29.0056 55
      vertex 37.9867 14.4344 55
      vertex 38.2232 14.259 55
    endloop
  endfacet
  facet normal -0 0 1
    outer loop
      vertex 37.7342 28.8542 55
      vertex 37.9867 14.4344 55
      vertex 37.9867 29.0056 55
    endloop
  endfacet
  facet normal 0 0 1
    outer loop
      vertex 37.7342 28.8542 55
      vertex 37.7342 14.5858 55
      vertex 37.9867 14.4344 55
    endloop
  endfacet
  facet normal -0 0 1
    outer loop
      vertex 37.468 28.7284 55
      vertex 37.7342 14.5858 55
      vertex 37.7342 28.8542 55
    endloop
  endfacet
  facet normal 0 0 1
    outer loop
      vertex 37.468 28.7284 55
      vertex 37.468 14.7116 55
      vertex 37.7342 14.5858 55
    endloop
  endfacet
  facet normal -0 0 1
    outer loop
      vertex 37.1909 28.6292 55
      vertex 37.468 14.7116 55
      vertex 37.468 28.7284 55
    endloop
  endfacet
  facet normal 0 0 1
    outer loop
      vertex 37.1909 28.6292 55
      vertex 37.1909 14.8108 55
      vertex 37.468 14.7116 55
    endloop
  endfacet
  facet normal -0 0 1
    outer loop
      vertex 36.9053 28.5576 55
      vertex 37.1909 14.8108 55
      vertex 37.1909 28.6292 55
    endloop
  endfacet
  facet normal 0 0 1
    outer loop
      vertex 36.9053 28.5576 55
      vertex 36.9053 14.8824 55
      vertex 37.1909 14.8108 55
    endloop
  endfacet
  facet normal -0 0 1
    outer loop
      vertex 36.6141 28.5144 55
      vertex 36.9053 14.8824 55
      vertex 36.9053 28.5576 55
    endloop
  endfacet
  facet normal 0 0 1
    outer loop
      vertex 36.6141 28.5144 55
      vertex 36.6141 14.9256 55
      vertex 36.9053 14.8824 55
    endloop
  endfacet
  facet normal -0 0 1
    outer loop
      vertex 36.32 28.5 55
      vertex 36.6141 14.9256 55
      vertex 36.6141 28.5144 55
    endloop
  endfacet
  facet normal 0 0 1
    outer loop
      vertex 36.32 28.5 55
      vertex 36.32 14.94 55
      vertex 36.6141 14.9256 55
    endloop
  endfacet
  facet normal 0 0 1
    outer loop
      vertex 36.0259 28.5144 55
      vertex 36.32 14.94 55
      vertex 36.32 28.5 55
    endloop
  endfacet
  facet normal 0 0 1
    outer loop
      vertex 36.0259 28.5144 55
      vertex 36.0259 14.9256 55
      vertex 36.32 14.94 55
    endloop
  endfacet
  facet normal 0 0 1
    outer loop
      vertex 35.7347 28.5576 55
      vertex 36.0259 14.9256 55
      vertex 36.0259 28.5144 55
    endloop
  endfacet
  facet normal 0 0 1
    outer loop
      vertex 35.7347 28.5576 55
      vertex 35.7347 14.8824 55
      vertex 36.0259 14.9256 55
    endloop
  endfacet
  facet normal 0 0 1
    outer loop
      vertex 35.4491 28.6292 55
      vertex 35.7347 14.8824 55
      vertex 35.7347 28.5576 55
    endloop
  endfacet
  facet normal 0 0 1
    outer loop
      vertex 35.4491 28.6292 55
      vertex 35.4491 14.8108 55
      vertex 35.7347 14.8824 55
    endloop
  endfacet
  facet normal 0 0 1
    outer loop
      vertex 35.172 28.7284 55
      vertex 35.4491 14.8108 55
      vertex 35.4491 28.6292 55
    endloop
  endfacet
  facet normal 0 0 1
    outer loop
      vertex 35.172 28.7284 55
      vertex 35.172 14.7116 55
      vertex 35.4491 14.8108 55
    endloop
  endfacet
  facet normal 0 0 1
    outer loop
      vertex 34.9058 28.8542 55
      vertex 35.172 14.7116 55
      vertex 35.172 28.7284 55
    endloop
  endfacet
  facet normal 0 0 1
    outer loop
      vertex 34.9058 28.8542 55
      vertex 34.9058 14.5858 55
      vertex 35.172 14.7116 55
    endloop
  endfacet
  facet normal 0 0 1
    outer loop
      vertex 34.6533 29.0056 55
      vertex 34.9058 14.5858 55
      vertex 34.9058 28.8542 55
    endloop
  endfacet
  facet normal 0 0 1
    outer loop
      vertex 34.6533 29.0056 55
      vertex 34.6533 14.4344 55
      vertex 34.9058 14.5858 55
    endloop
  endfacet
  facet normal 0 0 1
    outer loop
      vertex 34.4168 29.181 55
      vertex 34.6533 14.4344 55
      vertex 34.6533 29.0056 55
    endloop
  endfacet
  facet normal 0 0 1
    outer loop
      vertex 34.4168 29.181 55
      vertex 34.4168 14.259 55
      vertex 34.6533 14.4344 55
    endloop
  endfacet
  facet normal 0 0 1
    outer loop
      vertex 34.1987 29.3787 55
      vertex 34.4168 14.259 55
      vertex 34.4168 29.181 55
    endloop
  endfacet
  facet normal 0 0 1
    outer loop
      vertex 34.1987 29.3787 55
      vertex 34.1987 14.0613 55
      vertex 34.4168 14.259 55
    endloop
  endfacet
  facet normal 0 0 1
    outer loop
      vertex 19.5316 30.3519 55
      vertex 33.5484 30.3519 55
      vertex 19.6308 30.6291 55
    endloop
  endfacet
  facet normal 0 0 1
    outer loop
      vertex 33.5484 30.3519 55
      vertex 19.5316 30.3519 55
      vertex 33.6742 30.0858 55
    endloop
  endfacet
  facet normal 0 0 1
    outer loop
      vertex 33.4492 30.6291 55
      vertex 19.6308 30.6291 55
      vertex 33.5484 30.3519 55
    endloop
  endfacet
  facet normal 0 0 1
    outer loop
      vertex 19.4058 30.0858 55
      vertex 33.6742 30.0858 55
      vertex 19.5316 30.3519 55
    endloop
  endfacet
  facet normal 0 0 1
    outer loop
      vertex 19.6308 30.6291 55
      vertex 33.4492 30.6291 55
      vertex 19.7024 30.9147 55
    endloop
  endfacet
  facet normal 0 0 1
    outer loop
      vertex 34.1987 14.0613 55
      vertex 19.76 11.94 55
      vertex 34.001 13.8432 55
    endloop
  endfacet
  facet normal 0 0 1
    outer loop
      vertex 33.3776 30.9147 55
      vertex 19.7024 30.9147 55
      vertex 33.4492 30.6291 55
    endloop
  endfacet
  facet normal 0 0 1
    outer loop
      vertex 34.001 13.8432 55
      vertex 19.76 11.94 55
      vertex 33.8256 13.6067 55
    endloop
  endfacet
  facet normal 0 0 1
    outer loop
      vertex 19.7024 30.9147 55
      vertex 33.3776 30.9147 55
      vertex 19.7456 31.2059 55
    endloop
  endfacet
  facet normal 0 0 1
    outer loop
      vertex 33.8256 13.6067 55
      vertex 19.76 11.94 55
      vertex 33.6742 13.3542 55
    endloop
  endfacet
  facet normal 0 0 1
    outer loop
      vertex 33.3344 31.2059 55
      vertex 19.7456 31.2059 55
      vertex 33.3776 30.9147 55
    endloop
  endfacet
  facet normal 0 0 1
    outer loop
      vertex 33.6742 13.3542 55
      vertex 19.76 11.94 55
      vertex 33.5484 13.088 55
    endloop
  endfacet
  facet normal 0 0 1
    outer loop
      vertex 19.7456 31.2059 55
      vertex 33.3344 31.2059 55
      vertex 19.76 31.5 55
    endloop
  endfacet
  facet normal 0 0 1
    outer loop
      vertex 33.5484 13.088 55
      vertex 19.76 11.94 55
      vertex 33.4492 12.8109 55
    endloop
  endfacet
  facet normal -0 0 1
    outer loop
      vertex 19.76 31.5 55
      vertex 33.3344 31.2059 55
      vertex 33.32 31.5 55
    endloop
  endfacet
  facet normal 0 0 1
    outer loop
      vertex 33.4492 12.8109 55
      vertex 19.76 11.94 55
      vertex 33.3776 12.5253 55
    endloop
  endfacet
  facet normal 0 0 1
    outer loop
      vertex 53.2342 49.6458 55
      vertex 38.9658 49.6458 55
      vertex 53.3856 49.3933 55
    endloop
  endfacet
  facet normal 0 0 1
    outer loop
      vertex 53.7587 33.6213 55
      vertex 39.3056 31.7941 55
      vertex 39.32 31.5 55
    endloop
  endfacet
  facet normal 0 0 1
    outer loop
      vertex 38.8144 49.3933 55
      vertex 53.3856 49.3933 55
      vertex 38.9658 49.6458 55
    endloop
  endfacet
  facet normal 0 0 1
    outer loop
      vertex 53.7587 33.6213 55
      vertex 39.2624 32.0853 55
      vertex 39.3056 31.7941 55
    endloop
  endfacet
  facet normal 0 0 1
    outer loop
      vertex 53.3856 49.3933 55
      vertex 38.8144 49.3933 55
      vertex 53.561 49.1568 55
    endloop
  endfacet
  facet normal 0 0 1
    outer loop
      vertex 53.7587 33.6213 55
      vertex 39.1908 32.3709 55
      vertex 39.2624 32.0853 55
    endloop
  endfacet
  facet normal 0 0 1
    outer loop
      vertex 38.639 49.1568 55
      vertex 53.561 49.1568 55
      vertex 38.8144 49.3933 55
    endloop
  endfacet
  facet normal 0 0 1
    outer loop
      vertex 53.7587 33.6213 55
      vertex 39.0916 32.648 55
      vertex 39.1908 32.3709 55
    endloop
  endfacet
  facet normal 0 0 1
    outer loop
      vertex 53.561 49.1568 55
      vertex 38.639 49.1568 55
      vertex 53.7587 48.9387 55
    endloop
  endfacet
  facet normal 0 0 1
    outer loop
      vertex 53.7587 33.6213 55
      vertex 38.9658 32.9142 55
      vertex 39.0916 32.648 55
    endloop
  endfacet
  facet normal 0 0 1
    outer loop
      vertex 38.4413 48.9387 55
      vertex 53.7587 48.9387 55
      vertex 38.639 49.1568 55
    endloop
  endfacet
  facet normal 0 0 1
    outer loop
      vertex 53.7587 33.6213 55
      vertex 38.8144 33.1667 55
      vertex 38.9658 32.9142 55
    endloop
  endfacet
  facet normal 0 0 1
    outer loop
      vertex 53.7587 48.9387 55
      vertex 38.4413 48.9387 55
      vertex 53.7587 33.6213 55
    endloop
  endfacet
  facet normal 0 0 1
    outer loop
      vertex 53.7587 33.6213 55
      vertex 38.639 33.4032 55
      vertex 38.8144 33.1667 55
    endloop
  endfacet
  facet normal 0 0 1
    outer loop
      vertex 38.4413 33.6213 55
      vertex 53.7587 33.6213 55
      vertex 38.4413 48.9387 55
    endloop
  endfacet
  facet normal 0 0 1
    outer loop
      vertex 53.7587 33.6213 55
      vertex 38.4413 33.6213 55
      vertex 38.639 33.4032 55
    endloop
  endfacet
  facet normal -0 0 1
    outer loop
      vertex 38.2232 48.741 55
      vertex 38.4413 33.6213 55
      vertex 38.4413 48.9387 55
    endloop
  endfacet
  facet normal 0 0 1
    outer loop
      vertex 38.2232 48.741 55
      vertex 38.2232 33.819 55
      vertex 38.4413 33.6213 55
    endloop
  endfacet
  facet normal -0 0 1
    outer loop
      vertex 37.9867 48.5656 55
      vertex 38.2232 33.819 55
      vertex 38.2232 48.741 55
    endloop
  endfacet
  facet normal 0 0 1
    outer loop
      vertex 37.9867 48.5656 55
      vertex 37.9867 33.9944 55
      vertex 38.2232 33.819 55
    endloop
  endfacet
  facet normal -0 0 1
    outer loop
      vertex 37.7342 48.4142 55
      vertex 37.9867 33.9944 55
      vertex 37.9867 48.5656 55
    endloop
  endfacet
  facet normal 0 0 1
    outer loop
      vertex 37.7342 48.4142 55
      vertex 37.7342 34.1458 55
      vertex 37.9867 33.9944 55
    endloop
  endfacet
  facet normal -0 0 1
    outer loop
      vertex 37.468 48.2884 55
      vertex 37.7342 34.1458 55
      vertex 37.7342 48.4142 55
    endloop
  endfacet
  facet normal 0 0 1
    outer loop
      vertex 37.468 48.2884 55
      vertex 37.468 34.2716 55
      vertex 37.7342 34.1458 55
    endloop
  endfacet
  facet normal -0 0 1
    outer loop
      vertex 37.1909 48.1892 55
      vertex 37.468 34.2716 55
      vertex 37.468 48.2884 55
    endloop
  endfacet
  facet normal 0 0 1
    outer loop
      vertex 37.1909 48.1892 55
      vertex 37.1909 34.3708 55
      vertex 37.468 34.2716 55
    endloop
  endfacet
  facet normal -0 0 1
    outer loop
      vertex 36.9053 48.1176 55
      vertex 37.1909 34.3708 55
      vertex 37.1909 48.1892 55
    endloop
  endfacet
  facet normal 0 0 1
    outer loop
      vertex 36.9053 48.1176 55
      vertex 36.9053 34.4424 55
      vertex 37.1909 34.3708 55
    endloop
  endfacet
  facet normal -0 0 1
    outer loop
      vertex 36.6141 48.0744 55
      vertex 36.9053 34.4424 55
      vertex 36.9053 48.1176 55
    endloop
  endfacet
  facet normal 0 0 1
    outer loop
      vertex 36.6141 48.0744 55
      vertex 36.6141 34.4856 55
      vertex 36.9053 34.4424 55
    endloop
  endfacet
  facet normal -0 0 1
    outer loop
      vertex 36.32 48.06 55
      vertex 36.6141 34.4856 55
      vertex 36.6141 48.0744 55
    endloop
  endfacet
  facet normal 0 0 1
    outer loop
      vertex 36.32 48.06 55
      vertex 36.32 34.5 55
      vertex 36.6141 34.4856 55
    endloop
  endfacet
  facet normal 0 0 1
    outer loop
      vertex 36.0259 48.0744 55
      vertex 36.32 34.5 55
      vertex 36.32 48.06 55
    endloop
  endfacet
  facet normal 0 0 1
    outer loop
      vertex 36.0259 48.0744 55
      vertex 36.0259 34.4856 55
      vertex 36.32 34.5 55
    endloop
  endfacet
  facet normal 0 0 1
    outer loop
      vertex 35.7347 48.1176 55
      vertex 36.0259 34.4856 55
      vertex 36.0259 48.0744 55
    endloop
  endfacet
  facet normal 0 0 1
    outer loop
      vertex 35.7347 48.1176 55
      vertex 35.7347 34.4424 55
      vertex 36.0259 34.4856 55
    endloop
  endfacet
  facet normal 0 0 1
    outer loop
      vertex 35.4491 48.1892 55
      vertex 35.7347 34.4424 55
      vertex 35.7347 48.1176 55
    endloop
  endfacet
  facet normal 0 0 1
    outer loop
      vertex 35.4491 48.1892 55
      vertex 35.4491 34.3708 55
      vertex 35.7347 34.4424 55
    endloop
  endfacet
  facet normal 0 0 1
    outer loop
      vertex 35.172 48.2884 55
      vertex 35.4491 34.3708 55
      vertex 35.4491 48.1892 55
    endloop
  endfacet
  facet normal 0 0 1
    outer loop
      vertex 35.172 48.2884 55
      vertex 35.172 34.2716 55
      vertex 35.4491 34.3708 55
    endloop
  endfacet
  facet normal 0 0 1
    outer loop
      vertex 34.9058 48.4142 55
      vertex 35.172 34.2716 55
      vertex 35.172 48.2884 55
    endloop
  endfacet
  facet normal 0 0 1
    outer loop
      vertex 34.9058 48.4142 55
      vertex 34.9058 34.1458 55
      vertex 35.172 34.2716 55
    endloop
  endfacet
  facet normal 0 0 1
    outer loop
      vertex 34.6533 48.5656 55
      vertex 34.9058 34.1458 55
      vertex 34.9058 48.4142 55
    endloop
  endfacet
  facet normal 0 0 1
    outer loop
      vertex 34.6533 48.5656 55
      vertex 34.6533 33.9944 55
      vertex 34.9058 34.1458 55
    endloop
  endfacet
  facet normal 0 0 1
    outer loop
      vertex 34.4168 48.741 55
      vertex 34.6533 33.9944 55
      vertex 34.6533 48.5656 55
    endloop
  endfacet
  facet normal 0 0 1
    outer loop
      vertex 34.4168 48.741 55
      vertex 34.4168 33.819 55
      vertex 34.6533 33.9944 55
    endloop
  endfacet
  facet normal 0 0 1
    outer loop
      vertex 34.1987 48.9387 55
      vertex 34.4168 33.819 55
      vertex 34.4168 48.741 55
    endloop
  endfacet
  facet normal 0 0 1
    outer loop
      vertex 34.1987 48.9387 55
      vertex 34.1987 33.6213 55
      vertex 34.4168 33.819 55
    endloop
  endfacet
  facet normal 0 0 1
    outer loop
      vertex 19.5316 49.9119 55
      vertex 33.5484 49.9119 55
      vertex 19.6308 50.1891 55
    endloop
  endfacet
  facet normal 0 0 1
    outer loop
      vertex 33.5484 49.9119 55
      vertex 19.5316 49.9119 55
      vertex 33.6742 49.6458 55
    endloop
  endfacet
  facet normal 0 0 1
    outer loop
      vertex 33.4492 50.1891 55
      vertex 19.6308 50.1891 55
      vertex 33.5484 49.9119 55
    endloop
  endfacet
  facet normal 0 0 1
    outer loop
      vertex 19.4058 49.6458 55
      vertex 33.6742 49.6458 55
      vertex 19.5316 49.9119 55
    endloop
  endfacet
  facet normal 0 0 1
    outer loop
      vertex 19.6308 50.1891 55
      vertex 33.4492 50.1891 55
      vertex 19.7024 50.4747 55
    endloop
  endfacet
  facet normal 0 0 1
    outer loop
      vertex 34.1987 33.6213 55
      vertex 19.76 31.5 55
      vertex 34.001 33.4032 55
    endloop
  endfacet
  facet normal 0 0 1
    outer loop
      vertex 33.3776 50.4747 55
      vertex 19.7024 50.4747 55
      vertex 33.4492 50.1891 55
    endloop
  endfacet
  facet normal 0 0 1
    outer loop
      vertex 34.001 33.4032 55
      vertex 19.76 31.5 55
      vertex 33.8256 33.1667 55
    endloop
  endfacet
  facet normal 0 0 1
    outer loop
      vertex 19.7024 50.4747 55
      vertex 33.3776 50.4747 55
      vertex 19.7456 50.7659 55
    endloop
  endfacet
  facet normal 0 0 1
    outer loop
      vertex 33.8256 33.1667 55
      vertex 19.76 31.5 55
      vertex 33.6742 32.9142 55
    endloop
  endfacet
  facet normal 0 0 1
    outer loop
      vertex 33.3344 50.7659 55
      vertex 19.7456 50.7659 55
      vertex 33.3776 50.4747 55
    endloop
  endfacet
  facet normal 0 0 1
    outer loop
      vertex 33.6742 32.9142 55
      vertex 19.76 31.5 55
      vertex 33.5484 32.648 55
    endloop
  endfacet
  facet normal 0 0 1
    outer loop
      vertex 19.7456 50.7659 55
      vertex 33.3344 50.7659 55
      vertex 19.76 51.06 55
    endloop
  endfacet
  facet normal 0 0 1
    outer loop
      vertex 33.5484 32.648 55
      vertex 19.76 31.5 55
      vertex 33.4492 32.3709 55
    endloop
  endfacet
  facet normal -0 0 1
    outer loop
      vertex 19.76 51.06 55
      vertex 33.3344 50.7659 55
      vertex 33.32 51.06 55
    endloop
  endfacet
  facet normal 0 0 1
    outer loop
      vertex 33.4492 32.3709 55
      vertex 19.76 31.5 55
      vertex 33.3776 32.0853 55
    endloop
  endfacet
  facet normal 0 0 1
    outer loop
      vertex 53.2342 69.2058 55
      vertex 38.9658 69.2058 55
      vertex 53.3856 68.9533 55
    endloop
  endfacet
  facet normal 0 0 1
    outer loop
      vertex 53.7587 53.1813 55
      vertex 39.3056 51.354 55
      vertex 39.32 51.06 55
    endloop
  endfacet
  facet normal 0 0 1
    outer loop
      vertex 38.8144 68.9533 55
      vertex 53.3856 68.9533 55
      vertex 38.9658 69.2058 55
    endloop
  endfacet
  facet normal 0 0 1
    outer loop
      vertex 53.7587 53.1813 55
      vertex 39.2624 51.6453 55
      vertex 39.3056 51.354 55
    endloop
  endfacet
  facet normal 0 0 1
    outer loop
      vertex 53.3856 68.9533 55
      vertex 38.8144 68.9533 55
      vertex 53.561 68.7168 55
    endloop
  endfacet
  facet normal 0 0 1
    outer loop
      vertex 53.7587 53.1813 55
      vertex 39.1908 51.9309 55
      vertex 39.2624 51.6453 55
    endloop
  endfacet
  facet normal 0 0 1
    outer loop
      vertex 38.639 68.7168 55
      vertex 53.561 68.7168 55
      vertex 38.8144 68.9533 55
    endloop
  endfacet
  facet normal 0 0 1
    outer loop
      vertex 53.7587 53.1813 55
      vertex 39.0916 52.208 55
      vertex 39.1908 51.9309 55
    endloop
  endfacet
  facet normal 0 0 1
    outer loop
      vertex 53.561 68.7168 55
      vertex 38.639 68.7168 55
      vertex 53.7587 68.4987 55
    endloop
  endfacet
  facet normal 0 0 1
    outer loop
      vertex 53.7587 53.1813 55
      vertex 38.9658 52.4742 55
      vertex 39.0916 52.208 55
    endloop
  endfacet
  facet normal 0 0 1
    outer loop
      vertex 38.4413 68.4987 55
      vertex 53.7587 68.4987 55
      vertex 38.639 68.7168 55
    endloop
  endfacet
  facet normal 0 0 1
    outer loop
      vertex 53.7587 53.1813 55
      vertex 38.8144 52.7267 55
      vertex 38.9658 52.4742 55
    endloop
  endfacet
  facet normal 0 0 1
    outer loop
      vertex 53.7587 68.4987 55
      vertex 38.4413 68.4987 55
      vertex 53.7587 53.1813 55
    endloop
  endfacet
  facet normal 0 0 1
    outer loop
      vertex 53.7587 53.1813 55
      vertex 38.639 52.9632 55
      vertex 38.8144 52.7267 55
    endloop
  endfacet
  facet normal 0 0 1
    outer loop
      vertex 38.4413 53.1813 55
      vertex 53.7587 53.1813 55
      vertex 38.4413 68.4987 55
    endloop
  endfacet
  facet normal 0 0 1
    outer loop
      vertex 53.7587 53.1813 55
      vertex 38.4413 53.1813 55
      vertex 38.639 52.9632 55
    endloop
  endfacet
  facet normal -0 0 1
    outer loop
      vertex 38.2232 68.301 55
      vertex 38.4413 53.1813 55
      vertex 38.4413 68.4987 55
    endloop
  endfacet
  facet normal 0 0 1
    outer loop
      vertex 38.2232 68.301 55
      vertex 38.2232 53.379 55
      vertex 38.4413 53.1813 55
    endloop
  endfacet
  facet normal -0 0 1
    outer loop
      vertex 37.9867 68.1256 55
      vertex 38.2232 53.379 55
      vertex 38.2232 68.301 55
    endloop
  endfacet
  facet normal 0 0 1
    outer loop
      vertex 37.9867 68.1256 55
      vertex 37.9867 53.5544 55
      vertex 38.2232 53.379 55
    endloop
  endfacet
  facet normal -0 0 1
    outer loop
      vertex 37.7342 67.9742 55
      vertex 37.9867 53.5544 55
      vertex 37.9867 68.1256 55
    endloop
  endfacet
  facet normal 0 0 1
    outer loop
      vertex 37.7342 67.9742 55
      vertex 37.7342 53.7058 55
      vertex 37.9867 53.5544 55
    endloop
  endfacet
  facet normal -0 0 1
    outer loop
      vertex 37.468 67.8484 55
      vertex 37.7342 53.7058 55
      vertex 37.7342 67.9742 55
    endloop
  endfacet
  facet normal 0 0 1
    outer loop
      vertex 37.468 67.8484 55
      vertex 37.468 53.8316 55
      vertex 37.7342 53.7058 55
    endloop
  endfacet
  facet normal -0 0 1
    outer loop
      vertex 37.1909 67.7492 55
      vertex 37.468 53.8316 55
      vertex 37.468 67.8484 55
    endloop
  endfacet
  facet normal 0 0 1
    outer loop
      vertex 37.1909 67.7492 55
      vertex 37.1909 53.9308 55
      vertex 37.468 53.8316 55
    endloop
  endfacet
  facet normal -0 0 1
    outer loop
      vertex 36.9053 67.6776 55
      vertex 37.1909 53.9308 55
      vertex 37.1909 67.7492 55
    endloop
  endfacet
  facet normal 0 0 1
    outer loop
      vertex 36.9053 67.6776 55
      vertex 36.9053 54.0024 55
      vertex 37.1909 53.9308 55
    endloop
  endfacet
  facet normal -0 0 1
    outer loop
      vertex 36.6141 67.6344 55
      vertex 36.9053 54.0024 55
      vertex 36.9053 67.6776 55
    endloop
  endfacet
  facet normal 0 0 1
    outer loop
      vertex 36.6141 67.6344 55
      vertex 36.6141 54.0456 55
      vertex 36.9053 54.0024 55
    endloop
  endfacet
  facet normal -0 0 1
    outer loop
      vertex 36.32 67.62 55
      vertex 36.6141 54.0456 55
      vertex 36.6141 67.6344 55
    endloop
  endfacet
  facet normal 0 0 1
    outer loop
      vertex 36.32 67.62 55
      vertex 36.32 54.06 55
      vertex 36.6141 54.0456 55
    endloop
  endfacet
  facet normal 0 0 1
    outer loop
      vertex 36.0259 67.6344 55
      vertex 36.32 54.06 55
      vertex 36.32 67.62 55
    endloop
  endfacet
  facet normal 0 0 1
    outer loop
      vertex 36.0259 67.6344 55
      vertex 36.0259 54.0456 55
      vertex 36.32 54.06 55
    endloop
  endfacet
  facet normal 0 0 1
    outer loop
      vertex 35.7347 67.6776 55
      vertex 36.0259 54.0456 55
      vertex 36.0259 67.6344 55
    endloop
  endfacet
  facet normal 0 0 1
    outer loop
      vertex 35.7347 67.6776 55
      vertex 35.7347 54.0024 55
      vertex 36.0259 54.0456 55
    endloop
  endfacet
  facet normal 0 0 1
    outer loop
      vertex 35.4491 67.7492 55
      vertex 35.7347 54.0024 55
      vertex 35.7347 67.6776 55
    endloop
  endfacet
  facet normal 0 0 1
    outer loop
      vertex 35.4491 67.7492 55
      vertex 35.4491 53.9308 55
      vertex 35.7347 54.0024 55
    endloop
  endfacet
  facet normal 0 0 1
    outer loop
      vertex 35.172 67.8484 55
      vertex 35.4491 53.9308 55
      vertex 35.4491 67.7492 55
    endloop
  endfacet
  facet normal 0 0 1
    outer loop
      vertex 35.172 67.8484 55
      vertex 35.172 53.8316 55
      vertex 35.4491 53.9308 55
    endloop
  endfacet
  facet normal 0 0 1
    outer loop
      vertex 34.9058 67.9742 55
      vertex 35.172 53.8316 55
      vertex 35.172 67.8484 55
    endloop
  endfacet
  facet normal 0 0 1
    outer loop
      vertex 34.9058 67.9742 55
      vertex 34.9058 53.7058 55
      vertex 35.172 53.8316 55
    endloop
  endfacet
  facet normal 0 0 1
    outer loop
      vertex 34.6533 68.1256 55
      vertex 34.9058 53.7058 55
      vertex 34.9058 67.9742 55
    endloop
  endfacet
  facet normal 0 0 1
    outer loop
      vertex 34.6533 68.1256 55
      vertex 34.6533 53.5544 55
      vertex 34.9058 53.7058 55
    endloop
  endfacet
  facet normal 0 0 1
    outer loop
      vertex 34.4168 68.301 55
      vertex 34.6533 53.5544 55
      vertex 34.6533 68.1256 55
    endloop
  endfacet
  facet normal 0 0 1
    outer loop
      vertex 34.4168 68.301 55
      vertex 34.4168 53.379 55
      vertex 34.6533 53.5544 55
    endloop
  endfacet
  facet normal 0 0 1
    outer loop
      vertex 34.1987 68.4987 55
      vertex 34.4168 53.379 55
      vertex 34.4168 68.301 55
    endloop
  endfacet
  facet normal 0 0 1
    outer loop
      vertex 34.1987 68.4987 55
      vertex 34.1987 53.1813 55
      vertex 34.4168 53.379 55
    endloop
  endfacet
  facet normal 0 0 1
    outer loop
      vertex 19.5316 69.4719 55
      vertex 33.5484 69.4719 55
      vertex 19.6308 69.7491 55
    endloop
  endfacet
  facet normal 0 0 1
    outer loop
      vertex 33.5484 69.4719 55
      vertex 19.5316 69.4719 55
      vertex 33.6742 69.2058 55
    endloop
  endfacet
  facet normal 0 0 1
    outer loop
      vertex 33.4492 69.7491 55
      vertex 19.6308 69.7491 55
      vertex 33.5484 69.4719 55
    endloop
  endfacet
  facet normal 0 0 1
    outer loop
      vertex 19.4058 69.2058 55
      vertex 33.6742 69.2058 55
      vertex 19.5316 69.4719 55
    endloop
  endfacet
  facet normal 0 0 1
    outer loop
      vertex 19.6308 69.7491 55
      vertex 33.4492 69.7491 55
      vertex 19.7024 70.0347 55
    endloop
  endfacet
  facet normal 0 0 1
    outer loop
      vertex 34.1987 53.1813 55
      vertex 19.76 51.06 55
      vertex 34.001 52.9632 55
    endloop
  endfacet
  facet normal 0 0 1
    outer loop
      vertex 33.3776 70.0347 55
      vertex 19.7024 70.0347 55
      vertex 33.4492 69.7491 55
    endloop
  endfacet
  facet normal 0 0 1
    outer loop
      vertex 34.001 52.9632 55
      vertex 19.76 51.06 55
      vertex 33.8256 52.7267 55
    endloop
  endfacet
  facet normal 0 0 1
    outer loop
      vertex 19.7024 70.0347 55
      vertex 33.3776 70.0347 55
      vertex 19.7456 70.326 55
    endloop
  endfacet
  facet normal 0 0 1
    outer loop
      vertex 33.8256 52.7267 55
      vertex 19.76 51.06 55
      vertex 33.6742 52.4742 55
    endloop
  endfacet
  facet normal 0 0 1
    outer loop
      vertex 33.3344 70.326 55
      vertex 19.7456 70.326 55
      vertex 33.3776 70.0347 55
    endloop
  endfacet
  facet normal 0 0 1
    outer loop
      vertex 33.6742 52.4742 55
      vertex 19.76 51.06 55
      vertex 33.5484 52.208 55
    endloop
  endfacet
  facet normal 0 0 1
    outer loop
      vertex 19.7456 70.326 55
      vertex 33.3344 70.326 55
      vertex 19.76 70.62 55
    endloop
  endfacet
  facet normal 0 0 1
    outer loop
      vertex 33.5484 52.208 55
      vertex 19.76 51.06 55
      vertex 33.4492 51.9309 55
    endloop
  endfacet
  facet normal -0 0 1
    outer loop
      vertex 19.76 70.62 55
      vertex 33.3344 70.326 55
      vertex 33.32 70.62 55
    endloop
  endfacet
  facet normal 0 0 1
    outer loop
      vertex 33.4492 51.9309 55
      vertex 19.76 51.06 55
      vertex 33.3776 51.6453 55
    endloop
  endfacet
  facet normal 0 0 1
    outer loop
      vertex 72.7942 30.0858 55
      vertex 58.5258 30.0858 55
      vertex 72.9456 29.8333 55
    endloop
  endfacet
  facet normal 0 0 1
    outer loop
      vertex 73.3187 14.0613 55
      vertex 58.8656 12.2341 55
      vertex 58.88 11.94 55
    endloop
  endfacet
  facet normal 0 0 1
    outer loop
      vertex 58.3744 29.8333 55
      vertex 72.9456 29.8333 55
      vertex 58.5258 30.0858 55
    endloop
  endfacet
  facet normal 0 0 1
    outer loop
      vertex 73.3187 14.0613 55
      vertex 58.8224 12.5253 55
      vertex 58.8656 12.2341 55
    endloop
  endfacet
  facet normal 0 0 1
    outer loop
      vertex 72.9456 29.8333 55
      vertex 58.3744 29.8333 55
      vertex 73.121 29.5968 55
    endloop
  endfacet
  facet normal 0 0 1
    outer loop
      vertex 73.3187 14.0613 55
      vertex 58.7508 12.8109 55
      vertex 58.8224 12.5253 55
    endloop
  endfacet
  facet normal 0 0 1
    outer loop
      vertex 58.199 29.5968 55
      vertex 73.121 29.5968 55
      vertex 58.3744 29.8333 55
    endloop
  endfacet
  facet normal 0 0 1
    outer loop
      vertex 73.3187 14.0613 55
      vertex 58.6516 13.088 55
      vertex 58.7508 12.8109 55
    endloop
  endfacet
  facet normal 0 0 1
    outer loop
      vertex 73.121 29.5968 55
      vertex 58.199 29.5968 55
      vertex 73.3187 29.3787 55
    endloop
  endfacet
  facet normal 0 0 1
    outer loop
      vertex 73.3187 14.0613 55
      vertex 58.5258 13.3542 55
      vertex 58.6516 13.088 55
    endloop
  endfacet
  facet normal 0 0 1
    outer loop
      vertex 58.0013 29.3787 55
      vertex 73.3187 29.3787 55
      vertex 58.199 29.5968 55
    endloop
  endfacet
  facet normal 0 0 1
    outer loop
      vertex 73.3187 14.0613 55
      vertex 58.3744 13.6067 55
      vertex 58.5258 13.3542 55
    endloop
  endfacet
  facet normal 0 0 1
    outer loop
      vertex 73.3187 29.3787 55
      vertex 58.0013 29.3787 55
      vertex 73.3187 14.0613 55
    endloop
  endfacet
  facet normal 0 0 1
    outer loop
      vertex 73.3187 14.0613 55
      vertex 58.199 13.8432 55
      vertex 58.3744 13.6067 55
    endloop
  endfacet
  facet normal 0 0 1
    outer loop
      vertex 58.0013 14.0613 55
      vertex 73.3187 14.0613 55
      vertex 58.0013 29.3787 55
    endloop
  endfacet
  facet normal 0 0 1
    outer loop
      vertex 73.3187 14.0613 55
      vertex 58.0013 14.0613 55
      vertex 58.199 13.8432 55
    endloop
  endfacet
  facet normal -0 0 1
    outer loop
      vertex 57.7832 29.181 55
      vertex 58.0013 14.0613 55
      vertex 58.0013 29.3787 55
    endloop
  endfacet
  facet normal 0 0 1
    outer loop
      vertex 57.7832 29.181 55
      vertex 57.7832 14.259 55
      vertex 58.0013 14.0613 55
    endloop
  endfacet
  facet normal -0 0 1
    outer loop
      vertex 57.5467 29.0056 55
      vertex 57.7832 14.259 55
      vertex 57.7832 29.181 55
    endloop
  endfacet
  facet normal 0 0 1
    outer loop
      vertex 57.5467 29.0056 55
      vertex 57.5467 14.4344 55
      vertex 57.7832 14.259 55
    endloop
  endfacet
  facet normal -0 0 1
    outer loop
      vertex 57.2942 28.8542 55
      vertex 57.5467 14.4344 55
      vertex 57.5467 29.0056 55
    endloop
  endfacet
  facet normal 0 0 1
    outer loop
      vertex 57.2942 28.8542 55
      vertex 57.2942 14.5858 55
      vertex 57.5467 14.4344 55
    endloop
  endfacet
  facet normal -0 0 1
    outer loop
      vertex 57.028 28.7284 55
      vertex 57.2942 14.5858 55
      vertex 57.2942 28.8542 55
    endloop
  endfacet
  facet normal 0 0 1
    outer loop
      vertex 57.028 28.7284 55
      vertex 57.028 14.7116 55
      vertex 57.2942 14.5858 55
    endloop
  endfacet
  facet normal -0 0 1
    outer loop
      vertex 56.7509 28.6292 55
      vertex 57.028 14.7116 55
      vertex 57.028 28.7284 55
    endloop
  endfacet
  facet normal 0 0 1
    outer loop
      vertex 56.7509 28.6292 55
      vertex 56.7509 14.8108 55
      vertex 57.028 14.7116 55
    endloop
  endfacet
  facet normal -0 0 1
    outer loop
      vertex 56.4653 28.5576 55
      vertex 56.7509 14.8108 55
      vertex 56.7509 28.6292 55
    endloop
  endfacet
  facet normal 0 0 1
    outer loop
      vertex 56.4653 28.5576 55
      vertex 56.4653 14.8824 55
      vertex 56.7509 14.8108 55
    endloop
  endfacet
  facet normal -0 0 1
    outer loop
      vertex 56.174 28.5144 55
      vertex 56.4653 14.8824 55
      vertex 56.4653 28.5576 55
    endloop
  endfacet
  facet normal 0 0 1
    outer loop
      vertex 56.174 28.5144 55
      vertex 56.174 14.9256 55
      vertex 56.4653 14.8824 55
    endloop
  endfacet
  facet normal -0 0 1
    outer loop
      vertex 55.88 28.5 55
      vertex 56.174 14.9256 55
      vertex 56.174 28.5144 55
    endloop
  endfacet
  facet normal 0 0 1
    outer loop
      vertex 55.88 28.5 55
      vertex 55.88 14.94 55
      vertex 56.174 14.9256 55
    endloop
  endfacet
  facet normal 0 0 1
    outer loop
      vertex 55.5859 28.5144 55
      vertex 55.88 14.94 55
      vertex 55.88 28.5 55
    endloop
  endfacet
  facet normal 0 0 1
    outer loop
      vertex 55.5859 28.5144 55
      vertex 55.5859 14.9256 55
      vertex 55.88 14.94 55
    endloop
  endfacet
  facet normal 0 0 1
    outer loop
      vertex 55.2947 28.5576 55
      vertex 55.5859 14.9256 55
      vertex 55.5859 28.5144 55
    endloop
  endfacet
  facet normal 0 0 1
    outer loop
      vertex 55.2947 28.5576 55
      vertex 55.2947 14.8824 55
      vertex 55.5859 14.9256 55
    endloop
  endfacet
  facet normal 0 0 1
    outer loop
      vertex 55.0091 28.6292 55
      vertex 55.2947 14.8824 55
      vertex 55.2947 28.5576 55
    endloop
  endfacet
  facet normal 0 0 1
    outer loop
      vertex 55.0091 28.6292 55
      vertex 55.0091 14.8108 55
      vertex 55.2947 14.8824 55
    endloop
  endfacet
  facet normal 0 0 1
    outer loop
      vertex 54.7319 28.7284 55
      vertex 55.0091 14.8108 55
      vertex 55.0091 28.6292 55
    endloop
  endfacet
  facet normal 0 0 1
    outer loop
      vertex 54.7319 28.7284 55
      vertex 54.7319 14.7116 55
      vertex 55.0091 14.8108 55
    endloop
  endfacet
  facet normal 0 0 1
    outer loop
      vertex 54.4658 28.8542 55
      vertex 54.7319 14.7116 55
      vertex 54.7319 28.7284 55
    endloop
  endfacet
  facet normal 0 0 1
    outer loop
      vertex 54.4658 28.8542 55
      vertex 54.4658 14.5858 55
      vertex 54.7319 14.7116 55
    endloop
  endfacet
  facet normal 0 0 1
    outer loop
      vertex 54.2133 29.0056 55
      vertex 54.4658 14.5858 55
      vertex 54.4658 28.8542 55
    endloop
  endfacet
  facet normal 0 0 1
    outer loop
      vertex 54.2133 29.0056 55
      vertex 54.2133 14.4344 55
      vertex 54.4658 14.5858 55
    endloop
  endfacet
  facet normal 0 0 1
    outer loop
      vertex 53.9768 29.181 55
      vertex 54.2133 14.4344 55
      vertex 54.2133 29.0056 55
    endloop
  endfacet
  facet normal 0 0 1
    outer loop
      vertex 53.9768 29.181 55
      vertex 53.9768 14.259 55
      vertex 54.2133 14.4344 55
    endloop
  endfacet
  facet normal 0 0 1
    outer loop
      vertex 53.7587 29.3787 55
      vertex 53.9768 14.259 55
      vertex 53.9768 29.181 55
    endloop
  endfacet
  facet normal 0 0 1
    outer loop
      vertex 53.7587 29.3787 55
      vertex 53.7587 14.0613 55
      vertex 53.9768 14.259 55
    endloop
  endfacet
  facet normal 0 0 1
    outer loop
      vertex 39.0916 30.3519 55
      vertex 53.1084 30.3519 55
      vertex 39.1908 30.6291 55
    endloop
  endfacet
  facet normal 0 0 1
    outer loop
      vertex 53.1084 30.3519 55
      vertex 39.0916 30.3519 55
      vertex 53.2342 30.0858 55
    endloop
  endfacet
  facet normal 0 0 1
    outer loop
      vertex 53.0092 30.6291 55
      vertex 39.1908 30.6291 55
      vertex 53.1084 30.3519 55
    endloop
  endfacet
  facet normal 0 0 1
    outer loop
      vertex 38.9658 30.0858 55
      vertex 53.2342 30.0858 55
      vertex 39.0916 30.3519 55
    endloop
  endfacet
  facet normal 0 0 1
    outer loop
      vertex 39.1908 30.6291 55
      vertex 53.0092 30.6291 55
      vertex 39.2624 30.9147 55
    endloop
  endfacet
  facet normal 0 0 1
    outer loop
      vertex 53.7587 14.0613 55
      vertex 39.32 11.94 55
      vertex 53.561 13.8432 55
    endloop
  endfacet
  facet normal 0 0 1
    outer loop
      vertex 52.9376 30.9147 55
      vertex 39.2624 30.9147 55
      vertex 53.0092 30.6291 55
    endloop
  endfacet
  facet normal 0 0 1
    outer loop
      vertex 53.561 13.8432 55
      vertex 39.32 11.94 55
      vertex 53.3856 13.6067 55
    endloop
  endfacet
  facet normal 0 0 1
    outer loop
      vertex 39.2624 30.9147 55
      vertex 52.9376 30.9147 55
      vertex 39.3056 31.2059 55
    endloop
  endfacet
  facet normal 0 0 1
    outer loop
      vertex 53.3856 13.6067 55
      vertex 39.32 11.94 55
      vertex 53.2342 13.3542 55
    endloop
  endfacet
  facet normal 0 0 1
    outer loop
      vertex 52.8944 31.2059 55
      vertex 39.3056 31.2059 55
      vertex 52.9376 30.9147 55
    endloop
  endfacet
  facet normal 0 0 1
    outer loop
      vertex 53.2342 13.3542 55
      vertex 39.32 11.94 55
      vertex 53.1084 13.088 55
    endloop
  endfacet
  facet normal 0 0 1
    outer loop
      vertex 39.3056 31.2059 55
      vertex 52.8944 31.2059 55
      vertex 39.32 31.5 55
    endloop
  endfacet
  facet normal 0 0 1
    outer loop
      vertex 53.1084 13.088 55
      vertex 39.32 11.94 55
      vertex 53.0092 12.8109 55
    endloop
  endfacet
  facet normal -0 0 1
    outer loop
      vertex 39.32 31.5 55
      vertex 52.8944 31.2059 55
      vertex 52.88 31.5 55
    endloop
  endfacet
  facet normal 0 0 1
    outer loop
      vertex 53.0092 12.8109 55
      vertex 39.32 11.94 55
      vertex 52.9376 12.5253 55
    endloop
  endfacet
  facet normal 0 0 1
    outer loop
      vertex 72.7942 49.6458 55
      vertex 58.5258 49.6458 55
      vertex 72.9456 49.3933 55
    endloop
  endfacet
  facet normal 0 0 1
    outer loop
      vertex 73.3187 33.6213 55
      vertex 58.8656 31.7941 55
      vertex 58.88 31.5 55
    endloop
  endfacet
  facet normal 0 0 1
    outer loop
      vertex 58.3744 49.3933 55
      vertex 72.9456 49.3933 55
      vertex 58.5258 49.6458 55
    endloop
  endfacet
  facet normal 0 0 1
    outer loop
      vertex 73.3187 33.6213 55
      vertex 58.8224 32.0853 55
      vertex 58.8656 31.7941 55
    endloop
  endfacet
  facet normal 0 0 1
    outer loop
      vertex 72.9456 49.3933 55
      vertex 58.3744 49.3933 55
      vertex 73.121 49.1568 55
    endloop
  endfacet
  facet normal 0 0 1
    outer loop
      vertex 73.3187 33.6213 55
      vertex 58.7508 32.3709 55
      vertex 58.8224 32.0853 55
    endloop
  endfacet
  facet normal 0 0 1
    outer loop
      vertex 58.199 49.1568 55
      vertex 73.121 49.1568 55
      vertex 58.3744 49.3933 55
    endloop
  endfacet
  facet normal 0 0 1
    outer loop
      vertex 73.3187 33.6213 55
      vertex 58.6516 32.648 55
      vertex 58.7508 32.3709 55
    endloop
  endfacet
  facet normal 0 0 1
    outer loop
      vertex 73.121 49.1568 55
      vertex 58.199 49.1568 55
      vertex 73.3187 48.9387 55
    endloop
  endfacet
  facet normal 0 0 1
    outer loop
      vertex 73.3187 33.6213 55
      vertex 58.5258 32.9142 55
      vertex 58.6516 32.648 55
    endloop
  endfacet
  facet normal 0 0 1
    outer loop
      vertex 58.0013 48.9387 55
      vertex 73.3187 48.9387 55
      vertex 58.199 49.1568 55
    endloop
  endfacet
  facet normal 0 0 1
    outer loop
      vertex 73.3187 33.6213 55
      vertex 58.3744 33.1667 55
      vertex 58.5258 32.9142 55
    endloop
  endfacet
  facet normal 0 0 1
    outer loop
      vertex 73.3187 48.9387 55
      vertex 58.0013 48.9387 55
      vertex 73.3187 33.6213 55
    endloop
  endfacet
  facet normal 0 0 1
    outer loop
      vertex 73.3187 33.6213 55
      vertex 58.199 33.4032 55
      vertex 58.3744 33.1667 55
    endloop
  endfacet
  facet normal 0 0 1
    outer loop
      vertex 58.0013 33.6213 55
      vertex 73.3187 33.6213 55
      vertex 58.0013 48.9387 55
    endloop
  endfacet
  facet normal 0 0 1
    outer loop
      vertex 73.3187 33.6213 55
      vertex 58.0013 33.6213 55
      vertex 58.199 33.4032 55
    endloop
  endfacet
  facet normal -0 0 1
    outer loop
      vertex 57.7832 48.741 55
      vertex 58.0013 33.6213 55
      vertex 58.0013 48.9387 55
    endloop
  endfacet
  facet normal 0 0 1
    outer loop
      vertex 57.7832 48.741 55
      vertex 57.7832 33.819 55
      vertex 58.0013 33.6213 55
    endloop
  endfacet
  facet normal -0 0 1
    outer loop
      vertex 57.5467 48.5656 55
      vertex 57.7832 33.819 55
      vertex 57.7832 48.741 55
    endloop
  endfacet
  facet normal 0 0 1
    outer loop
      vertex 57.5467 48.5656 55
      vertex 57.5467 33.9944 55
      vertex 57.7832 33.819 55
    endloop
  endfacet
  facet normal -0 0 1
    outer loop
      vertex 57.2942 48.4142 55
      vertex 57.5467 33.9944 55
      vertex 57.5467 48.5656 55
    endloop
  endfacet
  facet normal 0 0 1
    outer loop
      vertex 57.2942 48.4142 55
      vertex 57.2942 34.1458 55
      vertex 57.5467 33.9944 55
    endloop
  endfacet
  facet normal -0 0 1
    outer loop
      vertex 57.028 48.2884 55
      vertex 57.2942 34.1458 55
      vertex 57.2942 48.4142 55
    endloop
  endfacet
  facet normal 0 0 1
    outer loop
      vertex 57.028 48.2884 55
      vertex 57.028 34.2716 55
      vertex 57.2942 34.1458 55
    endloop
  endfacet
  facet normal -0 0 1
    outer loop
      vertex 56.7509 48.1892 55
      vertex 57.028 34.2716 55
      vertex 57.028 48.2884 55
    endloop
  endfacet
  facet normal 0 0 1
    outer loop
      vertex 56.7509 48.1892 55
      vertex 56.7509 34.3708 55
      vertex 57.028 34.2716 55
    endloop
  endfacet
  facet normal -0 0 1
    outer loop
      vertex 56.4653 48.1176 55
      vertex 56.7509 34.3708 55
      vertex 56.7509 48.1892 55
    endloop
  endfacet
  facet normal 0 0 1
    outer loop
      vertex 56.4653 48.1176 55
      vertex 56.4653 34.4424 55
      vertex 56.7509 34.3708 55
    endloop
  endfacet
  facet normal -0 0 1
    outer loop
      vertex 56.174 48.0744 55
      vertex 56.4653 34.4424 55
      vertex 56.4653 48.1176 55
    endloop
  endfacet
  facet normal 0 0 1
    outer loop
      vertex 56.174 48.0744 55
      vertex 56.174 34.4856 55
      vertex 56.4653 34.4424 55
    endloop
  endfacet
  facet normal -0 0 1
    outer loop
      vertex 55.88 48.06 55
      vertex 56.174 34.4856 55
      vertex 56.174 48.0744 55
    endloop
  endfacet
  facet normal 0 0 1
    outer loop
      vertex 55.88 48.06 55
      vertex 55.88 34.5 55
      vertex 56.174 34.4856 55
    endloop
  endfacet
  facet normal 0 0 1
    outer loop
      vertex 55.5859 48.0744 55
      vertex 55.88 34.5 55
      vertex 55.88 48.06 55
    endloop
  endfacet
  facet normal 0 0 1
    outer loop
      vertex 55.5859 48.0744 55
      vertex 55.5859 34.4856 55
      vertex 55.88 34.5 55
    endloop
  endfacet
  facet normal 0 0 1
    outer loop
      vertex 55.2947 48.1176 55
      vertex 55.5859 34.4856 55
      vertex 55.5859 48.0744 55
    endloop
  endfacet
  facet normal 0 0 1
    outer loop
      vertex 55.2947 48.1176 55
      vertex 55.2947 34.4424 55
      vertex 55.5859 34.4856 55
    endloop
  endfacet
  facet normal 0 0 1
    outer loop
      vertex 55.0091 48.1892 55
      vertex 55.2947 34.4424 55
      vertex 55.2947 48.1176 55
    endloop
  endfacet
  facet normal 0 0 1
    outer loop
      vertex 55.0091 48.1892 55
      vertex 55.0091 34.3708 55
      vertex 55.2947 34.4424 55
    endloop
  endfacet
  facet normal 0 0 1
    outer loop
      vertex 54.7319 48.2884 55
      vertex 55.0091 34.3708 55
      vertex 55.0091 48.1892 55
    endloop
  endfacet
  facet normal 0 0 1
    outer loop
      vertex 54.7319 48.2884 55
      vertex 54.7319 34.2716 55
      vertex 55.0091 34.3708 55
    endloop
  endfacet
  facet normal 0 0 1
    outer loop
      vertex 54.4658 48.4142 55
      vertex 54.7319 34.2716 55
      vertex 54.7319 48.2884 55
    endloop
  endfacet
  facet normal 0 0 1
    outer loop
      vertex 54.4658 48.4142 55
      vertex 54.4658 34.1458 55
      vertex 54.7319 34.2716 55
    endloop
  endfacet
  facet normal 0 0 1
    outer loop
      vertex 54.2133 48.5656 55
      vertex 54.4658 34.1458 55
      vertex 54.4658 48.4142 55
    endloop
  endfacet
  facet normal 0 0 1
    outer loop
      vertex 54.2133 48.5656 55
      vertex 54.2133 33.9944 55
      vertex 54.4658 34.1458 55
    endloop
  endfacet
  facet normal 0 0 1
    outer loop
      vertex 53.9768 48.741 55
      vertex 54.2133 33.9944 55
      vertex 54.2133 48.5656 55
    endloop
  endfacet
  facet normal 0 0 1
    outer loop
      vertex 53.9768 48.741 55
      vertex 53.9768 33.819 55
      vertex 54.2133 33.9944 55
    endloop
  endfacet
  facet normal 0 0 1
    outer loop
      vertex 53.7587 48.9387 55
      vertex 53.9768 33.819 55
      vertex 53.9768 48.741 55
    endloop
  endfacet
  facet normal 0 0 1
    outer loop
      vertex 53.7587 48.9387 55
      vertex 53.7587 33.6213 55
      vertex 53.9768 33.819 55
    endloop
  endfacet
  facet normal 0 0 1
    outer loop
      vertex 39.0916 49.9119 55
      vertex 53.1084 49.9119 55
      vertex 39.1908 50.1891 55
    endloop
  endfacet
  facet normal 0 0 1
    outer loop
      vertex 53.1084 49.9119 55
      vertex 39.0916 49.9119 55
      vertex 53.2342 49.6458 55
    endloop
  endfacet
  facet normal 0 0 1
    outer loop
      vertex 53.0092 50.1891 55
      vertex 39.1908 50.1891 55
      vertex 53.1084 49.9119 55
    endloop
  endfacet
  facet normal 0 0 1
    outer loop
      vertex 38.9658 49.6458 55
      vertex 53.2342 49.6458 55
      vertex 39.0916 49.9119 55
    endloop
  endfacet
  facet normal 0 0 1
    outer loop
      vertex 39.1908 50.1891 55
      vertex 53.0092 50.1891 55
      vertex 39.2624 50.4747 55
    endloop
  endfacet
  facet normal 0 0 1
    outer loop
      vertex 53.7587 33.6213 55
      vertex 39.32 31.5 55
      vertex 53.561 33.4032 55
    endloop
  endfacet
  facet normal 0 0 1
    outer loop
      vertex 52.9376 50.4747 55
      vertex 39.2624 50.4747 55
      vertex 53.0092 50.1891 55
    endloop
  endfacet
  facet normal 0 0 1
    outer loop
      vertex 53.561 33.4032 55
      vertex 39.32 31.5 55
      vertex 53.3856 33.1667 55
    endloop
  endfacet
  facet normal 0 0 1
    outer loop
      vertex 39.2624 50.4747 55
      vertex 52.9376 50.4747 55
      vertex 39.3056 50.7659 55
    endloop
  endfacet
  facet normal 0 0 1
    outer loop
      vertex 53.3856 33.1667 55
      vertex 39.32 31.5 55
      vertex 53.2342 32.9142 55
    endloop
  endfacet
  facet normal 0 0 1
    outer loop
      vertex 52.8944 50.7659 55
      vertex 39.3056 50.7659 55
      vertex 52.9376 50.4747 55
    endloop
  endfacet
  facet normal 0 0 1
    outer loop
      vertex 53.2342 32.9142 55
      vertex 39.32 31.5 55
      vertex 53.1084 32.648 55
    endloop
  endfacet
  facet normal 0 0 1
    outer loop
      vertex 39.3056 50.7659 55
      vertex 52.8944 50.7659 55
      vertex 39.32 51.06 55
    endloop
  endfacet
  facet normal 0 0 1
    outer loop
      vertex 53.1084 32.648 55
      vertex 39.32 31.5 55
      vertex 53.0092 32.3709 55
    endloop
  endfacet
  facet normal -0 0 1
    outer loop
      vertex 39.32 51.06 55
      vertex 52.8944 50.7659 55
      vertex 52.88 51.06 55
    endloop
  endfacet
  facet normal 0 0 1
    outer loop
      vertex 53.0092 32.3709 55
      vertex 39.32 31.5 55
      vertex 52.9376 32.0853 55
    endloop
  endfacet
  facet normal 0 0 1
    outer loop
      vertex 72.7942 69.2058 55
      vertex 58.5258 69.2058 55
      vertex 72.9456 68.9533 55
    endloop
  endfacet
  facet normal 0 0 1
    outer loop
      vertex 73.3187 53.1813 55
      vertex 58.8656 51.354 55
      vertex 58.88 51.06 55
    endloop
  endfacet
  facet normal 0 0 1
    outer loop
      vertex 58.3744 68.9533 55
      vertex 72.9456 68.9533 55
      vertex 58.5258 69.2058 55
    endloop
  endfacet
  facet normal 0 0 1
    outer loop
      vertex 73.3187 53.1813 55
      vertex 58.8224 51.6453 55
      vertex 58.8656 51.354 55
    endloop
  endfacet
  facet normal 0 0 1
    outer loop
      vertex 72.9456 68.9533 55
      vertex 58.3744 68.9533 55
      vertex 73.121 68.7168 55
    endloop
  endfacet
  facet normal 0 0 1
    outer loop
      vertex 73.3187 53.1813 55
      vertex 58.7508 51.9309 55
      vertex 58.8224 51.6453 55
    endloop
  endfacet
  facet normal 0 0 1
    outer loop
      vertex 58.199 68.7168 55
      vertex 73.121 68.7168 55
      vertex 58.3744 68.9533 55
    endloop
  endfacet
  facet normal 0 0 1
    outer loop
      vertex 73.3187 53.1813 55
      vertex 58.6516 52.208 55
      vertex 58.7508 51.9309 55
    endloop
  endfacet
  facet normal 0 0 1
    outer loop
      vertex 73.121 68.7168 55
      vertex 58.199 68.7168 55
      vertex 73.3187 68.4987 55
    endloop
  endfacet
  facet normal 0 0 1
    outer loop
      vertex 73.3187 53.1813 55
      vertex 58.5258 52.4742 55
      vertex 58.6516 52.208 55
    endloop
  endfacet
  facet normal 0 0 1
    outer loop
      vertex 58.0013 68.4987 55
      vertex 73.3187 68.4987 55
      vertex 58.199 68.7168 55
    endloop
  endfacet
  facet normal 0 0 1
    outer loop
      vertex 73.3187 53.1813 55
      vertex 58.3744 52.7267 55
      vertex 58.5258 52.4742 55
    endloop
  endfacet
  facet normal 0 0 1
    outer loop
      vertex 73.3187 68.4987 55
      vertex 58.0013 68.4987 55
      vertex 73.3187 53.1813 55
    endloop
  endfacet
  facet normal 0 0 1
    outer loop
      vertex 73.3187 53.1813 55
      vertex 58.199 52.9632 55
      vertex 58.3744 52.7267 55
    endloop
  endfacet
  facet normal 0 0 1
    outer loop
      vertex 58.0013 53.1813 55
      vertex 73.3187 53.1813 55
      vertex 58.0013 68.4987 55
    endloop
  endfacet
  facet normal 0 0 1
    outer loop
      vertex 73.3187 53.1813 55
      vertex 58.0013 53.1813 55
      vertex 58.199 52.9632 55
    endloop
  endfacet
  facet normal -0 0 1
    outer loop
      vertex 57.7832 68.301 55
      vertex 58.0013 53.1813 55
      vertex 58.0013 68.4987 55
    endloop
  endfacet
  facet normal 0 0 1
    outer loop
      vertex 57.7832 68.301 55
      vertex 57.7832 53.379 55
      vertex 58.0013 53.1813 55
    endloop
  endfacet
  facet normal -0 0 1
    outer loop
      vertex 57.5467 68.1256 55
      vertex 57.7832 53.379 55
      vertex 57.7832 68.301 55
    endloop
  endfacet
  facet normal 0 0 1
    outer loop
      vertex 57.5467 68.1256 55
      vertex 57.5467 53.5544 55
      vertex 57.7832 53.379 55
    endloop
  endfacet
  facet normal -0 0 1
    outer loop
      vertex 57.2942 67.9742 55
      vertex 57.5467 53.5544 55
      vertex 57.5467 68.1256 55
    endloop
  endfacet
  facet normal 0 0 1
    outer loop
      vertex 57.2942 67.9742 55
      vertex 57.2942 53.7058 55
      vertex 57.5467 53.5544 55
    endloop
  endfacet
  facet normal -0 0 1
    outer loop
      vertex 57.028 67.8484 55
      vertex 57.2942 53.7058 55
      vertex 57.2942 67.9742 55
    endloop
  endfacet
  facet normal 0 0 1
    outer loop
      vertex 57.028 67.8484 55
      vertex 57.028 53.8316 55
      vertex 57.2942 53.7058 55
    endloop
  endfacet
  facet normal -0 0 1
    outer loop
      vertex 56.7509 67.7492 55
      vertex 57.028 53.8316 55
      vertex 57.028 67.8484 55
    endloop
  endfacet
  facet normal 0 0 1
    outer loop
      vertex 56.7509 67.7492 55
      vertex 56.7509 53.9308 55
      vertex 57.028 53.8316 55
    endloop
  endfacet
  facet normal -0 0 1
    outer loop
      vertex 56.4653 67.6776 55
      vertex 56.7509 53.9308 55
      vertex 56.7509 67.7492 55
    endloop
  endfacet
  facet normal 0 0 1
    outer loop
      vertex 56.4653 67.6776 55
      vertex 56.4653 54.0024 55
      vertex 56.7509 53.9308 55
    endloop
  endfacet
  facet normal -0 0 1
    outer loop
      vertex 56.174 67.6344 55
      vertex 56.4653 54.0024 55
      vertex 56.4653 67.6776 55
    endloop
  endfacet
  facet normal 0 0 1
    outer loop
      vertex 56.174 67.6344 55
      vertex 56.174 54.0456 55
      vertex 56.4653 54.0024 55
    endloop
  endfacet
  facet normal -0 0 1
    outer loop
      vertex 55.88 67.62 55
      vertex 56.174 54.0456 55
      vertex 56.174 67.6344 55
    endloop
  endfacet
  facet normal 0 0 1
    outer loop
      vertex 55.88 67.62 55
      vertex 55.88 54.06 55
      vertex 56.174 54.0456 55
    endloop
  endfacet
  facet normal 0 0 1
    outer loop
      vertex 55.5859 67.6344 55
      vertex 55.88 54.06 55
      vertex 55.88 67.62 55
    endloop
  endfacet
  facet normal 0 0 1
    outer loop
      vertex 55.5859 67.6344 55
      vertex 55.5859 54.0456 55
      vertex 55.88 54.06 55
    endloop
  endfacet
  facet normal 0 0 1
    outer loop
      vertex 55.2947 67.6776 55
      vertex 55.5859 54.0456 55
      vertex 55.5859 67.6344 55
    endloop
  endfacet
  facet normal 0 0 1
    outer loop
      vertex 55.2947 67.6776 55
      vertex 55.2947 54.0024 55
      vertex 55.5859 54.0456 55
    endloop
  endfacet
  facet normal 0 0 1
    outer loop
      vertex 55.0091 67.7492 55
      vertex 55.2947 54.0024 55
      vertex 55.2947 67.6776 55
    endloop
  endfacet
  facet normal 0 0 1
    outer loop
      vertex 55.0091 67.7492 55
      vertex 55.0091 53.9308 55
      vertex 55.2947 54.0024 55
    endloop
  endfacet
  facet normal 0 0 1
    outer loop
      vertex 54.7319 67.8484 55
      vertex 55.0091 53.9308 55
      vertex 55.0091 67.7492 55
    endloop
  endfacet
  facet normal 0 0 1
    outer loop
      vertex 54.7319 67.8484 55
      vertex 54.7319 53.8316 55
      vertex 55.0091 53.9308 55
    endloop
  endfacet
  facet normal 0 0 1
    outer loop
      vertex 54.4658 67.9742 55
      vertex 54.7319 53.8316 55
      vertex 54.7319 67.8484 55
    endloop
  endfacet
  facet normal 0 0 1
    outer loop
      vertex 54.4658 67.9742 55
      vertex 54.4658 53.7058 55
      vertex 54.7319 53.8316 55
    endloop
  endfacet
  facet normal 0 0 1
    outer loop
      vertex 54.2133 68.1256 55
      vertex 54.4658 53.7058 55
      vertex 54.4658 67.9742 55
    endloop
  endfacet
  facet normal 0 0 1
    outer loop
      vertex 54.2133 68.1256 55
      vertex 54.2133 53.5544 55
      vertex 54.4658 53.7058 55
    endloop
  endfacet
  facet normal 0 0 1
    outer loop
      vertex 53.9768 68.301 55
      vertex 54.2133 53.5544 55
      vertex 54.2133 68.1256 55
    endloop
  endfacet
  facet normal 0 0 1
    outer loop
      vertex 53.9768 68.301 55
      vertex 53.9768 53.379 55
      vertex 54.2133 53.5544 55
    endloop
  endfacet
  facet normal 0 0 1
    outer loop
      vertex 53.7587 68.4987 55
      vertex 53.9768 53.379 55
      vertex 53.9768 68.301 55
    endloop
  endfacet
  facet normal 0 0 1
    outer loop
      vertex 53.7587 68.4987 55
      vertex 53.7587 53.1813 55
      vertex 53.9768 53.379 55
    endloop
  endfacet
  facet normal 0 0 1
    outer loop
      vertex 39.0916 69.4719 55
      vertex 53.1084 69.4719 55
      vertex 39.1908 69.7491 55
    endloop
  endfacet
  facet normal 0 0 1
    outer loop
      vertex 53.1084 69.4719 55
      vertex 39.0916 69.4719 55
      vertex 53.2342 69.2058 55
    endloop
  endfacet
  facet normal 0 0 1
    outer loop
      vertex 53.0092 69.7491 55
      vertex 39.1908 69.7491 55
      vertex 53.1084 69.4719 55
    endloop
  endfacet
  facet normal 0 0 1
    outer loop
      vertex 38.9658 69.2058 55
      vertex 53.2342 69.2058 55
      vertex 39.0916 69.4719 55
    endloop
  endfacet
  facet normal 0 0 1
    outer loop
      vertex 39.1908 69.7491 55
      vertex 53.0092 69.7491 55
      vertex 39.2624 70.0347 55
    endloop
  endfacet
  facet normal 0 0 1
    outer loop
      vertex 53.7587 53.1813 55
      vertex 39.32 51.06 55
      vertex 53.561 52.9632 55
    endloop
  endfacet
  facet normal 0 0 1
    outer loop
      vertex 52.9376 70.0347 55
      vertex 39.2624 70.0347 55
      vertex 53.0092 69.7491 55
    endloop
  endfacet
  facet normal 0 0 1
    outer loop
      vertex 53.561 52.9632 55
      vertex 39.32 51.06 55
      vertex 53.3856 52.7267 55
    endloop
  endfacet
  facet normal 0 0 1
    outer loop
      vertex 39.2624 70.0347 55
      vertex 52.9376 70.0347 55
      vertex 39.3056 70.326 55
    endloop
  endfacet
  facet normal 0 0 1
    outer loop
      vertex 53.3856 52.7267 55
      vertex 39.32 51.06 55
      vertex 53.2342 52.4742 55
    endloop
  endfacet
  facet normal 0 0 1
    outer loop
      vertex 52.8944 70.326 55
      vertex 39.3056 70.326 55
      vertex 52.9376 70.0347 55
    endloop
  endfacet
  facet normal 0 0 1
    outer loop
      vertex 53.2342 52.4742 55
      vertex 39.32 51.06 55
      vertex 53.1084 52.208 55
    endloop
  endfacet
  facet normal 0 0 1
    outer loop
      vertex 39.3056 70.326 55
      vertex 52.8944 70.326 55
      vertex 39.32 70.62 55
    endloop
  endfacet
  facet normal 0 0 1
    outer loop
      vertex 53.1084 52.208 55
      vertex 39.32 51.06 55
      vertex 53.0092 51.9309 55
    endloop
  endfacet
  facet normal -0 0 1
    outer loop
      vertex 39.32 70.62 55
      vertex 52.8944 70.326 55
      vertex 52.88 70.62 55
    endloop
  endfacet
  facet normal 0 0 1
    outer loop
      vertex 53.0092 51.9309 55
      vertex 39.32 51.06 55
      vertex 52.9376 51.6453 55
    endloop
  endfacet
  facet normal 0 0 1
    outer loop
      vertex 92.3542 30.0858 55
      vertex 78.0858 30.0858 55
      vertex 92.5056 29.8333 55
    endloop
  endfacet
  facet normal 0 0 1
    outer loop
      vertex 92.8787 14.0613 55
      vertex 78.4256 12.2341 55
      vertex 78.44 11.94 55
    endloop
  endfacet
  facet normal 0 0 1
    outer loop
      vertex 77.9344 29.8333 55
      vertex 92.5056 29.8333 55
      vertex 78.0858 30.0858 55
    endloop
  endfacet
  facet normal 0 0 1
    outer loop
      vertex 92.8787 14.0613 55
      vertex 78.3824 12.5253 55
      vertex 78.4256 12.2341 55
    endloop
  endfacet
  facet normal 0 0 1
    outer loop
      vertex 92.5056 29.8333 55
      vertex 77.9344 29.8333 55
      vertex 92.681 29.5968 55
    endloop
  endfacet
  facet normal 0 0 1
    outer loop
      vertex 92.8787 14.0613 55
      vertex 78.3108 12.8109 55
      vertex 78.3824 12.5253 55
    endloop
  endfacet
  facet normal 0 0 1
    outer loop
      vertex 77.759 29.5968 55
      vertex 92.681 29.5968 55
      vertex 77.9344 29.8333 55
    endloop
  endfacet
  facet normal 0 0 1
    outer loop
      vertex 92.8787 14.0613 55
      vertex 78.2116 13.088 55
      vertex 78.3108 12.8109 55
    endloop
  endfacet
  facet normal 0 0 1
    outer loop
      vertex 92.681 29.5968 55
      vertex 77.759 29.5968 55
      vertex 92.8787 29.3787 55
    endloop
  endfacet
  facet normal 0 0 1
    outer loop
      vertex 92.8787 14.0613 55
      vertex 78.0858 13.3542 55
      vertex 78.2116 13.088 55
    endloop
  endfacet
  facet normal 0 0 1
    outer loop
      vertex 77.5613 29.3787 55
      vertex 92.8787 29.3787 55
      vertex 77.759 29.5968 55
    endloop
  endfacet
  facet normal 0 0 1
    outer loop
      vertex 92.8787 14.0613 55
      vertex 77.9344 13.6067 55
      vertex 78.0858 13.3542 55
    endloop
  endfacet
  facet normal 0 0 1
    outer loop
      vertex 92.8787 29.3787 55
      vertex 77.5613 29.3787 55
      vertex 92.8787 14.0613 55
    endloop
  endfacet
  facet normal 0 0 1
    outer loop
      vertex 92.8787 14.0613 55
      vertex 77.759 13.8432 55
      vertex 77.9344 13.6067 55
    endloop
  endfacet
  facet normal 0 0 1
    outer loop
      vertex 77.5613 14.0613 55
      vertex 92.8787 14.0613 55
      vertex 77.5613 29.3787 55
    endloop
  endfacet
  facet normal 0 0 1
    outer loop
      vertex 92.8787 14.0613 55
      vertex 77.5613 14.0613 55
      vertex 77.759 13.8432 55
    endloop
  endfacet
  facet normal -0 0 1
    outer loop
      vertex 77.3432 29.181 55
      vertex 77.5613 14.0613 55
      vertex 77.5613 29.3787 55
    endloop
  endfacet
  facet normal 0 0 1
    outer loop
      vertex 77.3432 29.181 55
      vertex 77.3432 14.259 55
      vertex 77.5613 14.0613 55
    endloop
  endfacet
  facet normal -0 0 1
    outer loop
      vertex 77.1067 29.0056 55
      vertex 77.3432 14.259 55
      vertex 77.3432 29.181 55
    endloop
  endfacet
  facet normal 0 0 1
    outer loop
      vertex 77.1067 29.0056 55
      vertex 77.1067 14.4344 55
      vertex 77.3432 14.259 55
    endloop
  endfacet
  facet normal -0 0 1
    outer loop
      vertex 76.8542 28.8542 55
      vertex 77.1067 14.4344 55
      vertex 77.1067 29.0056 55
    endloop
  endfacet
  facet normal 0 0 1
    outer loop
      vertex 76.8542 28.8542 55
      vertex 76.8542 14.5858 55
      vertex 77.1067 14.4344 55
    endloop
  endfacet
  facet normal -0 0 1
    outer loop
      vertex 76.5881 28.7284 55
      vertex 76.8542 14.5858 55
      vertex 76.8542 28.8542 55
    endloop
  endfacet
  facet normal 0 0 1
    outer loop
      vertex 76.5881 28.7284 55
      vertex 76.5881 14.7116 55
      vertex 76.8542 14.5858 55
    endloop
  endfacet
  facet normal -0 0 1
    outer loop
      vertex 76.3109 28.6292 55
      vertex 76.5881 14.7116 55
      vertex 76.5881 28.7284 55
    endloop
  endfacet
  facet normal 0 0 1
    outer loop
      vertex 76.3109 28.6292 55
      vertex 76.3109 14.8108 55
      vertex 76.5881 14.7116 55
    endloop
  endfacet
  facet normal -0 0 1
    outer loop
      vertex 76.0253 28.5576 55
      vertex 76.3109 14.8108 55
      vertex 76.3109 28.6292 55
    endloop
  endfacet
  facet normal 0 0 1
    outer loop
      vertex 76.0253 28.5576 55
      vertex 76.0253 14.8824 55
      vertex 76.3109 14.8108 55
    endloop
  endfacet
  facet normal -0 0 1
    outer loop
      vertex 75.7341 28.5144 55
      vertex 76.0253 14.8824 55
      vertex 76.0253 28.5576 55
    endloop
  endfacet
  facet normal 0 0 1
    outer loop
      vertex 75.7341 28.5144 55
      vertex 75.7341 14.9256 55
      vertex 76.0253 14.8824 55
    endloop
  endfacet
  facet normal -0 0 1
    outer loop
      vertex 75.44 28.5 55
      vertex 75.7341 14.9256 55
      vertex 75.7341 28.5144 55
    endloop
  endfacet
  facet normal 0 0 1
    outer loop
      vertex 75.44 28.5 55
      vertex 75.44 14.94 55
      vertex 75.7341 14.9256 55
    endloop
  endfacet
  facet normal 0 0 1
    outer loop
      vertex 75.146 28.5144 55
      vertex 75.44 14.94 55
      vertex 75.44 28.5 55
    endloop
  endfacet
  facet normal 0 0 1
    outer loop
      vertex 75.146 28.5144 55
      vertex 75.146 14.9256 55
      vertex 75.44 14.94 55
    endloop
  endfacet
  facet normal 0 0 1
    outer loop
      vertex 74.8547 28.5576 55
      vertex 75.146 14.9256 55
      vertex 75.146 28.5144 55
    endloop
  endfacet
  facet normal 0 0 1
    outer loop
      vertex 74.8547 28.5576 55
      vertex 74.8547 14.8824 55
      vertex 75.146 14.9256 55
    endloop
  endfacet
  facet normal 0 0 1
    outer loop
      vertex 74.5691 28.6292 55
      vertex 74.8547 14.8824 55
      vertex 74.8547 28.5576 55
    endloop
  endfacet
  facet normal 0 0 1
    outer loop
      vertex 74.5691 28.6292 55
      vertex 74.5691 14.8108 55
      vertex 74.8547 14.8824 55
    endloop
  endfacet
  facet normal 0 0 1
    outer loop
      vertex 74.2919 28.7284 55
      vertex 74.5691 14.8108 55
      vertex 74.5691 28.6292 55
    endloop
  endfacet
  facet normal 0 0 1
    outer loop
      vertex 74.2919 28.7284 55
      vertex 74.2919 14.7116 55
      vertex 74.5691 14.8108 55
    endloop
  endfacet
  facet normal 0 0 1
    outer loop
      vertex 74.0258 28.8542 55
      vertex 74.2919 14.7116 55
      vertex 74.2919 28.7284 55
    endloop
  endfacet
  facet normal 0 0 1
    outer loop
      vertex 74.0258 28.8542 55
      vertex 74.0258 14.5858 55
      vertex 74.2919 14.7116 55
    endloop
  endfacet
  facet normal 0 0 1
    outer loop
      vertex 73.7733 29.0056 55
      vertex 74.0258 14.5858 55
      vertex 74.0258 28.8542 55
    endloop
  endfacet
  facet normal 0 0 1
    outer loop
      vertex 73.7733 29.0056 55
      vertex 73.7733 14.4344 55
      vertex 74.0258 14.5858 55
    endloop
  endfacet
  facet normal 0 0 1
    outer loop
      vertex 73.5368 29.181 55
      vertex 73.7733 14.4344 55
      vertex 73.7733 29.0056 55
    endloop
  endfacet
  facet normal 0 0 1
    outer loop
      vertex 73.5368 29.181 55
      vertex 73.5368 14.259 55
      vertex 73.7733 14.4344 55
    endloop
  endfacet
  facet normal 0 0 1
    outer loop
      vertex 73.3187 29.3787 55
      vertex 73.5368 14.259 55
      vertex 73.5368 29.181 55
    endloop
  endfacet
  facet normal 0 0 1
    outer loop
      vertex 73.3187 29.3787 55
      vertex 73.3187 14.0613 55
      vertex 73.5368 14.259 55
    endloop
  endfacet
  facet normal 0 0 1
    outer loop
      vertex 58.6516 30.3519 55
      vertex 72.6684 30.3519 55
      vertex 58.7508 30.6291 55
    endloop
  endfacet
  facet normal 0 0 1
    outer loop
      vertex 72.6684 30.3519 55
      vertex 58.6516 30.3519 55
      vertex 72.7942 30.0858 55
    endloop
  endfacet
  facet normal 0 0 1
    outer loop
      vertex 72.5692 30.6291 55
      vertex 58.7508 30.6291 55
      vertex 72.6684 30.3519 55
    endloop
  endfacet
  facet normal 0 0 1
    outer loop
      vertex 58.5258 30.0858 55
      vertex 72.7942 30.0858 55
      vertex 58.6516 30.3519 55
    endloop
  endfacet
  facet normal 0 0 1
    outer loop
      vertex 58.7508 30.6291 55
      vertex 72.5692 30.6291 55
      vertex 58.8224 30.9147 55
    endloop
  endfacet
  facet normal 0 0 1
    outer loop
      vertex 73.3187 14.0613 55
      vertex 58.88 11.94 55
      vertex 73.121 13.8432 55
    endloop
  endfacet
  facet normal 0 0 1
    outer loop
      vertex 72.4976 30.9147 55
      vertex 58.8224 30.9147 55
      vertex 72.5692 30.6291 55
    endloop
  endfacet
  facet normal 0 0 1
    outer loop
      vertex 73.121 13.8432 55
      vertex 58.88 11.94 55
      vertex 72.9456 13.6067 55
    endloop
  endfacet
  facet normal 0 0 1
    outer loop
      vertex 58.8224 30.9147 55
      vertex 72.4976 30.9147 55
      vertex 58.8656 31.2059 55
    endloop
  endfacet
  facet normal 0 0 1
    outer loop
      vertex 72.9456 13.6067 55
      vertex 58.88 11.94 55
      vertex 72.7942 13.3542 55
    endloop
  endfacet
  facet normal 0 0 1
    outer loop
      vertex 72.4544 31.2059 55
      vertex 58.8656 31.2059 55
      vertex 72.4976 30.9147 55
    endloop
  endfacet
  facet normal 0 0 1
    outer loop
      vertex 72.7942 13.3542 55
      vertex 58.88 11.94 55
      vertex 72.6684 13.088 55
    endloop
  endfacet
  facet normal 0 0 1
    outer loop
      vertex 58.8656 31.2059 55
      vertex 72.4544 31.2059 55
      vertex 58.88 31.5 55
    endloop
  endfacet
  facet normal 0 0 1
    outer loop
      vertex 72.6684 13.088 55
      vertex 58.88 11.94 55
      vertex 72.5692 12.8109 55
    endloop
  endfacet
  facet normal -0 0 1
    outer loop
      vertex 58.88 31.5 55
      vertex 72.4544 31.2059 55
      vertex 72.44 31.5 55
    endloop
  endfacet
  facet normal 0 0 1
    outer loop
      vertex 72.5692 12.8109 55
      vertex 58.88 11.94 55
      vertex 72.4976 12.5253 55
    endloop
  endfacet
  facet normal 0 0 1
    outer loop
      vertex 92.3542 49.6458 55
      vertex 78.0858 49.6458 55
      vertex 92.5056 49.3933 55
    endloop
  endfacet
  facet normal 0 0 1
    outer loop
      vertex 92.8787 33.6213 55
      vertex 78.4256 31.7941 55
      vertex 78.44 31.5 55
    endloop
  endfacet
  facet normal 0 0 1
    outer loop
      vertex 77.9344 49.3933 55
      vertex 92.5056 49.3933 55
      vertex 78.0858 49.6458 55
    endloop
  endfacet
  facet normal 0 0 1
    outer loop
      vertex 92.8787 33.6213 55
      vertex 78.3824 32.0853 55
      vertex 78.4256 31.7941 55
    endloop
  endfacet
  facet normal 0 0 1
    outer loop
      vertex 92.5056 49.3933 55
      vertex 77.9344 49.3933 55
      vertex 92.681 49.1568 55
    endloop
  endfacet
  facet normal 0 0 1
    outer loop
      vertex 92.8787 33.6213 55
      vertex 78.3108 32.3709 55
      vertex 78.3824 32.0853 55
    endloop
  endfacet
  facet normal 0 0 1
    outer loop
      vertex 77.759 49.1568 55
      vertex 92.681 49.1568 55
      vertex 77.9344 49.3933 55
    endloop
  endfacet
  facet normal 0 0 1
    outer loop
      vertex 92.8787 33.6213 55
      vertex 78.2116 32.648 55
      vertex 78.3108 32.3709 55
    endloop
  endfacet
  facet normal 0 0 1
    outer loop
      vertex 92.681 49.1568 55
      vertex 77.759 49.1568 55
      vertex 92.8787 48.9387 55
    endloop
  endfacet
  facet normal 0 0 1
    outer loop
      vertex 92.8787 33.6213 55
      vertex 78.0858 32.9142 55
      vertex 78.2116 32.648 55
    endloop
  endfacet
  facet normal 0 0 1
    outer loop
      vertex 77.5613 48.9387 55
      vertex 92.8787 48.9387 55
      vertex 77.759 49.1568 55
    endloop
  endfacet
  facet normal 0 0 1
    outer loop
      vertex 92.8787 33.6213 55
      vertex 77.9344 33.1667 55
      vertex 78.0858 32.9142 55
    endloop
  endfacet
  facet normal 0 0 1
    outer loop
      vertex 92.8787 48.9387 55
      vertex 77.5613 48.9387 55
      vertex 92.8787 33.6213 55
    endloop
  endfacet
  facet normal 0 0 1
    outer loop
      vertex 92.8787 33.6213 55
      vertex 77.759 33.4032 55
      vertex 77.9344 33.1667 55
    endloop
  endfacet
  facet normal 0 0 1
    outer loop
      vertex 77.5613 33.6213 55
      vertex 92.8787 33.6213 55
      vertex 77.5613 48.9387 55
    endloop
  endfacet
  facet normal 0 0 1
    outer loop
      vertex 92.8787 33.6213 55
      vertex 77.5613 33.6213 55
      vertex 77.759 33.4032 55
    endloop
  endfacet
  facet normal -0 0 1
    outer loop
      vertex 77.3432 48.741 55
      vertex 77.5613 33.6213 55
      vertex 77.5613 48.9387 55
    endloop
  endfacet
  facet normal 0 0 1
    outer loop
      vertex 77.3432 48.741 55
      vertex 77.3432 33.819 55
      vertex 77.5613 33.6213 55
    endloop
  endfacet
  facet normal -0 0 1
    outer loop
      vertex 77.1067 48.5656 55
      vertex 77.3432 33.819 55
      vertex 77.3432 48.741 55
    endloop
  endfacet
  facet normal 0 0 1
    outer loop
      vertex 77.1067 48.5656 55
      vertex 77.1067 33.9944 55
      vertex 77.3432 33.819 55
    endloop
  endfacet
  facet normal -0 0 1
    outer loop
      vertex 76.8542 48.4142 55
      vertex 77.1067 33.9944 55
      vertex 77.1067 48.5656 55
    endloop
  endfacet
  facet normal 0 0 1
    outer loop
      vertex 76.8542 48.4142 55
      vertex 76.8542 34.1458 55
      vertex 77.1067 33.9944 55
    endloop
  endfacet
  facet normal -0 0 1
    outer loop
      vertex 76.5881 48.2884 55
      vertex 76.8542 34.1458 55
      vertex 76.8542 48.4142 55
    endloop
  endfacet
  facet normal 0 0 1
    outer loop
      vertex 76.5881 48.2884 55
      vertex 76.5881 34.2716 55
      vertex 76.8542 34.1458 55
    endloop
  endfacet
  facet normal -0 0 1
    outer loop
      vertex 76.3109 48.1892 55
      vertex 76.5881 34.2716 55
      vertex 76.5881 48.2884 55
    endloop
  endfacet
  facet normal 0 0 1
    outer loop
      vertex 76.3109 48.1892 55
      vertex 76.3109 34.3708 55
      vertex 76.5881 34.2716 55
    endloop
  endfacet
  facet normal -0 0 1
    outer loop
      vertex 76.0253 48.1176 55
      vertex 76.3109 34.3708 55
      vertex 76.3109 48.1892 55
    endloop
  endfacet
  facet normal 0 0 1
    outer loop
      vertex 76.0253 48.1176 55
      vertex 76.0253 34.4424 55
      vertex 76.3109 34.3708 55
    endloop
  endfacet
  facet normal -0 0 1
    outer loop
      vertex 75.7341 48.0744 55
      vertex 76.0253 34.4424 55
      vertex 76.0253 48.1176 55
    endloop
  endfacet
  facet normal 0 0 1
    outer loop
      vertex 75.7341 48.0744 55
      vertex 75.7341 34.4856 55
      vertex 76.0253 34.4424 55
    endloop
  endfacet
  facet normal -0 0 1
    outer loop
      vertex 75.44 48.06 55
      vertex 75.7341 34.4856 55
      vertex 75.7341 48.0744 55
    endloop
  endfacet
  facet normal 0 0 1
    outer loop
      vertex 75.44 48.06 55
      vertex 75.44 34.5 55
      vertex 75.7341 34.4856 55
    endloop
  endfacet
  facet normal 0 0 1
    outer loop
      vertex 75.146 48.0744 55
      vertex 75.44 34.5 55
      vertex 75.44 48.06 55
    endloop
  endfacet
  facet normal 0 0 1
    outer loop
      vertex 75.146 48.0744 55
      vertex 75.146 34.4856 55
      vertex 75.44 34.5 55
    endloop
  endfacet
  facet normal 0 0 1
    outer loop
      vertex 74.8547 48.1176 55
      vertex 75.146 34.4856 55
      vertex 75.146 48.0744 55
    endloop
  endfacet
  facet normal 0 0 1
    outer loop
      vertex 74.8547 48.1176 55
      vertex 74.8547 34.4424 55
      vertex 75.146 34.4856 55
    endloop
  endfacet
  facet normal 0 0 1
    outer loop
      vertex 74.5691 48.1892 55
      vertex 74.8547 34.4424 55
      vertex 74.8547 48.1176 55
    endloop
  endfacet
  facet normal 0 0 1
    outer loop
      vertex 74.5691 48.1892 55
      vertex 74.5691 34.3708 55
      vertex 74.8547 34.4424 55
    endloop
  endfacet
  facet normal 0 0 1
    outer loop
      vertex 74.2919 48.2884 55
      vertex 74.5691 34.3708 55
      vertex 74.5691 48.1892 55
    endloop
  endfacet
  facet normal 0 0 1
    outer loop
      vertex 74.2919 48.2884 55
      vertex 74.2919 34.2716 55
      vertex 74.5691 34.3708 55
    endloop
  endfacet
  facet normal 0 0 1
    outer loop
      vertex 74.0258 48.4142 55
      vertex 74.2919 34.2716 55
      vertex 74.2919 48.2884 55
    endloop
  endfacet
  facet normal 0 0 1
    outer loop
      vertex 74.0258 48.4142 55
      vertex 74.0258 34.1458 55
      vertex 74.2919 34.2716 55
    endloop
  endfacet
  facet normal 0 0 1
    outer loop
      vertex 73.7733 48.5656 55
      vertex 74.0258 34.1458 55
      vertex 74.0258 48.4142 55
    endloop
  endfacet
  facet normal 0 0 1
    outer loop
      vertex 73.7733 48.5656 55
      vertex 73.7733 33.9944 55
      vertex 74.0258 34.1458 55
    endloop
  endfacet
  facet normal 0 0 1
    outer loop
      vertex 73.5368 48.741 55
      vertex 73.7733 33.9944 55
      vertex 73.7733 48.5656 55
    endloop
  endfacet
  facet normal 0 0 1
    outer loop
      vertex 73.5368 48.741 55
      vertex 73.5368 33.819 55
      vertex 73.7733 33.9944 55
    endloop
  endfacet
  facet normal 0 0 1
    outer loop
      vertex 73.3187 48.9387 55
      vertex 73.5368 33.819 55
      vertex 73.5368 48.741 55
    endloop
  endfacet
  facet normal 0 0 1
    outer loop
      vertex 73.3187 48.9387 55
      vertex 73.3187 33.6213 55
      vertex 73.5368 33.819 55
    endloop
  endfacet
  facet normal 0 0 1
    outer loop
      vertex 58.6516 49.9119 55
      vertex 72.6684 49.9119 55
      vertex 58.7508 50.1891 55
    endloop
  endfacet
  facet normal 0 0 1
    outer loop
      vertex 72.6684 49.9119 55
      vertex 58.6516 49.9119 55
      vertex 72.7942 49.6458 55
    endloop
  endfacet
  facet normal 0 0 1
    outer loop
      vertex 72.5692 50.1891 55
      vertex 58.7508 50.1891 55
      vertex 72.6684 49.9119 55
    endloop
  endfacet
  facet normal 0 0 1
    outer loop
      vertex 58.5258 49.6458 55
      vertex 72.7942 49.6458 55
      vertex 58.6516 49.9119 55
    endloop
  endfacet
  facet normal 0 0 1
    outer loop
      vertex 58.7508 50.1891 55
      vertex 72.5692 50.1891 55
      vertex 58.8224 50.4747 55
    endloop
  endfacet
  facet normal 0 0 1
    outer loop
      vertex 73.3187 33.6213 55
      vertex 58.88 31.5 55
      vertex 73.121 33.4032 55
    endloop
  endfacet
  facet normal 0 0 1
    outer loop
      vertex 72.4976 50.4747 55
      vertex 58.8224 50.4747 55
      vertex 72.5692 50.1891 55
    endloop
  endfacet
  facet normal 0 0 1
    outer loop
      vertex 73.121 33.4032 55
      vertex 58.88 31.5 55
      vertex 72.9456 33.1667 55
    endloop
  endfacet
  facet normal 0 0 1
    outer loop
      vertex 58.8224 50.4747 55
      vertex 72.4976 50.4747 55
      vertex 58.8656 50.7659 55
    endloop
  endfacet
  facet normal 0 0 1
    outer loop
      vertex 72.9456 33.1667 55
      vertex 58.88 31.5 55
      vertex 72.7942 32.9142 55
    endloop
  endfacet
  facet normal 0 0 1
    outer loop
      vertex 72.4544 50.7659 55
      vertex 58.8656 50.7659 55
      vertex 72.4976 50.4747 55
    endloop
  endfacet
  facet normal 0 0 1
    outer loop
      vertex 72.7942 32.9142 55
      vertex 58.88 31.5 55
      vertex 72.6684 32.648 55
    endloop
  endfacet
  facet normal 0 0 1
    outer loop
      vertex 58.8656 50.7659 55
      vertex 72.4544 50.7659 55
      vertex 58.88 51.06 55
    endloop
  endfacet
  facet normal 0 0 1
    outer loop
      vertex 72.6684 32.648 55
      vertex 58.88 31.5 55
      vertex 72.5692 32.3709 55
    endloop
  endfacet
  facet normal -0 0 1
    outer loop
      vertex 58.88 51.06 55
      vertex 72.4544 50.7659 55
      vertex 72.44 51.06 55
    endloop
  endfacet
  facet normal 0 0 1
    outer loop
      vertex 72.5692 32.3709 55
      vertex 58.88 31.5 55
      vertex 72.4976 32.0853 55
    endloop
  endfacet
  facet normal 0 0 1
    outer loop
      vertex 92.3542 69.2058 55
      vertex 78.0858 69.2058 55
      vertex 92.5056 68.9533 55
    endloop
  endfacet
  facet normal 0 0 1
    outer loop
      vertex 92.8787 53.1813 55
      vertex 78.4256 51.354 55
      vertex 78.44 51.06 55
    endloop
  endfacet
  facet normal 0 0 1
    outer loop
      vertex 77.9344 68.9533 55
      vertex 92.5056 68.9533 55
      vertex 78.0858 69.2058 55
    endloop
  endfacet
  facet normal 0 0 1
    outer loop
      vertex 92.8787 53.1813 55
      vertex 78.3824 51.6453 55
      vertex 78.4256 51.354 55
    endloop
  endfacet
  facet normal 0 0 1
    outer loop
      vertex 92.5056 68.9533 55
      vertex 77.9344 68.9533 55
      vertex 92.681 68.7168 55
    endloop
  endfacet
  facet normal 0 0 1
    outer loop
      vertex 92.8787 53.1813 55
      vertex 78.3108 51.9309 55
      vertex 78.3824 51.6453 55
    endloop
  endfacet
  facet normal 0 0 1
    outer loop
      vertex 77.759 68.7168 55
      vertex 92.681 68.7168 55
      vertex 77.9344 68.9533 55
    endloop
  endfacet
  facet normal 0 0 1
    outer loop
      vertex 92.8787 53.1813 55
      vertex 78.2116 52.208 55
      vertex 78.3108 51.9309 55
    endloop
  endfacet
  facet normal 0 0 1
    outer loop
      vertex 92.681 68.7168 55
      vertex 77.759 68.7168 55
      vertex 92.8787 68.4987 55
    endloop
  endfacet
  facet normal 0 0 1
    outer loop
      vertex 92.8787 53.1813 55
      vertex 78.0858 52.4742 55
      vertex 78.2116 52.208 55
    endloop
  endfacet
  facet normal 0 0 1
    outer loop
      vertex 77.5613 68.4987 55
      vertex 92.8787 68.4987 55
      vertex 77.759 68.7168 55
    endloop
  endfacet
  facet normal 0 0 1
    outer loop
      vertex 92.8787 53.1813 55
      vertex 77.9344 52.7267 55
      vertex 78.0858 52.4742 55
    endloop
  endfacet
  facet normal 0 0 1
    outer loop
      vertex 92.8787 68.4987 55
      vertex 77.5613 68.4987 55
      vertex 92.8787 53.1813 55
    endloop
  endfacet
  facet normal 0 0 1
    outer loop
      vertex 92.8787 53.1813 55
      vertex 77.759 52.9632 55
      vertex 77.9344 52.7267 55
    endloop
  endfacet
  facet normal 0 0 1
    outer loop
      vertex 77.5613 53.1813 55
      vertex 92.8787 53.1813 55
      vertex 77.5613 68.4987 55
    endloop
  endfacet
  facet normal 0 0 1
    outer loop
      vertex 92.8787 53.1813 55
      vertex 77.5613 53.1813 55
      vertex 77.759 52.9632 55
    endloop
  endfacet
  facet normal -0 0 1
    outer loop
      vertex 77.3432 68.301 55
      vertex 77.5613 53.1813 55
      vertex 77.5613 68.4987 55
    endloop
  endfacet
  facet normal 0 0 1
    outer loop
      vertex 77.3432 68.301 55
      vertex 77.3432 53.379 55
      vertex 77.5613 53.1813 55
    endloop
  endfacet
  facet normal -0 0 1
    outer loop
      vertex 77.1067 68.1256 55
      vertex 77.3432 53.379 55
      vertex 77.3432 68.301 55
    endloop
  endfacet
  facet normal 0 0 1
    outer loop
      vertex 77.1067 68.1256 55
      vertex 77.1067 53.5544 55
      vertex 77.3432 53.379 55
    endloop
  endfacet
  facet normal -0 0 1
    outer loop
      vertex 76.8542 67.9742 55
      vertex 77.1067 53.5544 55
      vertex 77.1067 68.1256 55
    endloop
  endfacet
  facet normal 0 0 1
    outer loop
      vertex 76.8542 67.9742 55
      vertex 76.8542 53.7058 55
      vertex 77.1067 53.5544 55
    endloop
  endfacet
  facet normal -0 0 1
    outer loop
      vertex 76.5881 67.8484 55
      vertex 76.8542 53.7058 55
      vertex 76.8542 67.9742 55
    endloop
  endfacet
  facet normal 0 0 1
    outer loop
      vertex 76.5881 67.8484 55
      vertex 76.5881 53.8316 55
      vertex 76.8542 53.7058 55
    endloop
  endfacet
  facet normal -0 0 1
    outer loop
      vertex 76.3109 67.7492 55
      vertex 76.5881 53.8316 55
      vertex 76.5881 67.8484 55
    endloop
  endfacet
  facet normal 0 0 1
    outer loop
      vertex 76.3109 67.7492 55
      vertex 76.3109 53.9308 55
      vertex 76.5881 53.8316 55
    endloop
  endfacet
  facet normal -0 0 1
    outer loop
      vertex 76.0253 67.6776 55
      vertex 76.3109 53.9308 55
      vertex 76.3109 67.7492 55
    endloop
  endfacet
  facet normal 0 0 1
    outer loop
      vertex 76.0253 67.6776 55
      vertex 76.0253 54.0024 55
      vertex 76.3109 53.9308 55
    endloop
  endfacet
  facet normal -0 0 1
    outer loop
      vertex 75.7341 67.6344 55
      vertex 76.0253 54.0024 55
      vertex 76.0253 67.6776 55
    endloop
  endfacet
  facet normal 0 0 1
    outer loop
      vertex 75.7341 67.6344 55
      vertex 75.7341 54.0456 55
      vertex 76.0253 54.0024 55
    endloop
  endfacet
  facet normal -0 0 1
    outer loop
      vertex 75.44 67.62 55
      vertex 75.7341 54.0456 55
      vertex 75.7341 67.6344 55
    endloop
  endfacet
  facet normal 0 0 1
    outer loop
      vertex 75.44 67.62 55
      vertex 75.44 54.06 55
      vertex 75.7341 54.0456 55
    endloop
  endfacet
  facet normal 0 0 1
    outer loop
      vertex 75.146 67.6344 55
      vertex 75.44 54.06 55
      vertex 75.44 67.62 55
    endloop
  endfacet
  facet normal 0 0 1
    outer loop
      vertex 75.146 67.6344 55
      vertex 75.146 54.0456 55
      vertex 75.44 54.06 55
    endloop
  endfacet
  facet normal 0 0 1
    outer loop
      vertex 74.8547 67.6776 55
      vertex 75.146 54.0456 55
      vertex 75.146 67.6344 55
    endloop
  endfacet
  facet normal 0 0 1
    outer loop
      vertex 74.8547 67.6776 55
      vertex 74.8547 54.0024 55
      vertex 75.146 54.0456 55
    endloop
  endfacet
  facet normal 0 0 1
    outer loop
      vertex 74.5691 67.7492 55
      vertex 74.8547 54.0024 55
      vertex 74.8547 67.6776 55
    endloop
  endfacet
  facet normal 0 0 1
    outer loop
      vertex 74.5691 67.7492 55
      vertex 74.5691 53.9308 55
      vertex 74.8547 54.0024 55
    endloop
  endfacet
  facet normal 0 0 1
    outer loop
      vertex 74.2919 67.8484 55
      vertex 74.5691 53.9308 55
      vertex 74.5691 67.7492 55
    endloop
  endfacet
  facet normal 0 0 1
    outer loop
      vertex 74.2919 67.8484 55
      vertex 74.2919 53.8316 55
      vertex 74.5691 53.9308 55
    endloop
  endfacet
  facet normal 0 0 1
    outer loop
      vertex 74.0258 67.9742 55
      vertex 74.2919 53.8316 55
      vertex 74.2919 67.8484 55
    endloop
  endfacet
  facet normal 0 0 1
    outer loop
      vertex 74.0258 67.9742 55
      vertex 74.0258 53.7058 55
      vertex 74.2919 53.8316 55
    endloop
  endfacet
  facet normal 0 0 1
    outer loop
      vertex 73.7733 68.1256 55
      vertex 74.0258 53.7058 55
      vertex 74.0258 67.9742 55
    endloop
  endfacet
  facet normal 0 0 1
    outer loop
      vertex 73.7733 68.1256 55
      vertex 73.7733 53.5544 55
      vertex 74.0258 53.7058 55
    endloop
  endfacet
  facet normal 0 0 1
    outer loop
      vertex 73.5368 68.301 55
      vertex 73.7733 53.5544 55
      vertex 73.7733 68.1256 55
    endloop
  endfacet
  facet normal 0 0 1
    outer loop
      vertex 73.5368 68.301 55
      vertex 73.5368 53.379 55
      vertex 73.7733 53.5544 55
    endloop
  endfacet
  facet normal 0 0 1
    outer loop
      vertex 73.3187 68.4987 55
      vertex 73.5368 53.379 55
      vertex 73.5368 68.301 55
    endloop
  endfacet
  facet normal 0 0 1
    outer loop
      vertex 73.3187 68.4987 55
      vertex 73.3187 53.1813 55
      vertex 73.5368 53.379 55
    endloop
  endfacet
  facet normal 0 0 1
    outer loop
      vertex 58.6516 69.4719 55
      vertex 72.6684 69.4719 55
      vertex 58.7508 69.7491 55
    endloop
  endfacet
  facet normal 0 0 1
    outer loop
      vertex 72.6684 69.4719 55
      vertex 58.6516 69.4719 55
      vertex 72.7942 69.2058 55
    endloop
  endfacet
  facet normal 0 0 1
    outer loop
      vertex 72.5692 69.7491 55
      vertex 58.7508 69.7491 55
      vertex 72.6684 69.4719 55
    endloop
  endfacet
  facet normal 0 0 1
    outer loop
      vertex 58.5258 69.2058 55
      vertex 72.7942 69.2058 55
      vertex 58.6516 69.4719 55
    endloop
  endfacet
  facet normal 0 0 1
    outer loop
      vertex 58.7508 69.7491 55
      vertex 72.5692 69.7491 55
      vertex 58.8224 70.0347 55
    endloop
  endfacet
  facet normal 0 0 1
    outer loop
      vertex 73.3187 53.1813 55
      vertex 58.88 51.06 55
      vertex 73.121 52.9632 55
    endloop
  endfacet
  facet normal 0 0 1
    outer loop
      vertex 72.4976 70.0347 55
      vertex 58.8224 70.0347 55
      vertex 72.5692 69.7491 55
    endloop
  endfacet
  facet normal 0 0 1
    outer loop
      vertex 73.121 52.9632 55
      vertex 58.88 51.06 55
      vertex 72.9456 52.7267 55
    endloop
  endfacet
  facet normal 0 0 1
    outer loop
      vertex 58.8224 70.0347 55
      vertex 72.4976 70.0347 55
      vertex 58.8656 70.326 55
    endloop
  endfacet
  facet normal 0 0 1
    outer loop
      vertex 72.9456 52.7267 55
      vertex 58.88 51.06 55
      vertex 72.7942 52.4742 55
    endloop
  endfacet
  facet normal 0 0 1
    outer loop
      vertex 72.4544 70.326 55
      vertex 58.8656 70.326 55
      vertex 72.4976 70.0347 55
    endloop
  endfacet
  facet normal 0 0 1
    outer loop
      vertex 72.7942 52.4742 55
      vertex 58.88 51.06 55
      vertex 72.6684 52.208 55
    endloop
  endfacet
  facet normal 0 0 1
    outer loop
      vertex 58.8656 70.326 55
      vertex 72.4544 70.326 55
      vertex 58.88 70.62 55
    endloop
  endfacet
  facet normal 0 0 1
    outer loop
      vertex 72.6684 52.208 55
      vertex 58.88 51.06 55
      vertex 72.5692 51.9309 55
    endloop
  endfacet
  facet normal -0 0 1
    outer loop
      vertex 58.88 70.62 55
      vertex 72.4544 70.326 55
      vertex 72.44 70.62 55
    endloop
  endfacet
  facet normal 0 0 1
    outer loop
      vertex 72.5692 51.9309 55
      vertex 58.88 51.06 55
      vertex 72.4976 51.6453 55
    endloop
  endfacet
  facet normal 0 0 1
    outer loop
      vertex 111.914 30.0858 55
      vertex 97.6458 30.0858 55
      vertex 112.066 29.8333 55
    endloop
  endfacet
  facet normal 0 0 1
    outer loop
      vertex 112.439 14.0613 55
      vertex 97.9855 12.2341 55
      vertex 98 11.94 55
    endloop
  endfacet
  facet normal 0 0 1
    outer loop
      vertex 97.4944 29.8333 55
      vertex 112.066 29.8333 55
      vertex 97.6458 30.0858 55
    endloop
  endfacet
  facet normal 0 0 1
    outer loop
      vertex 112.439 14.0613 55
      vertex 97.9424 12.5253 55
      vertex 97.9855 12.2341 55
    endloop
  endfacet
  facet normal 0 0 1
    outer loop
      vertex 112.066 29.8333 55
      vertex 97.4944 29.8333 55
      vertex 112.241 29.5968 55
    endloop
  endfacet
  facet normal 0 0 1
    outer loop
      vertex 112.439 14.0613 55
      vertex 97.8708 12.8109 55
      vertex 97.9424 12.5253 55
    endloop
  endfacet
  facet normal 0 0 1
    outer loop
      vertex 97.319 29.5968 55
      vertex 112.241 29.5968 55
      vertex 97.4944 29.8333 55
    endloop
  endfacet
  facet normal 0 0 1
    outer loop
      vertex 112.439 14.0613 55
      vertex 97.7716 13.088 55
      vertex 97.8708 12.8109 55
    endloop
  endfacet
  facet normal 0 0 1
    outer loop
      vertex 112.241 29.5968 55
      vertex 97.319 29.5968 55
      vertex 112.439 29.3787 55
    endloop
  endfacet
  facet normal 0 0 1
    outer loop
      vertex 112.439 14.0613 55
      vertex 97.6458 13.3542 55
      vertex 97.7716 13.088 55
    endloop
  endfacet
  facet normal 0 0 1
    outer loop
      vertex 97.1213 29.3787 55
      vertex 112.439 29.3787 55
      vertex 97.319 29.5968 55
    endloop
  endfacet
  facet normal 0 0 1
    outer loop
      vertex 112.439 14.0613 55
      vertex 97.4944 13.6067 55
      vertex 97.6458 13.3542 55
    endloop
  endfacet
  facet normal 0 0 1
    outer loop
      vertex 112.439 29.3787 55
      vertex 97.1213 29.3787 55
      vertex 112.439 14.0613 55
    endloop
  endfacet
  facet normal 0 0 1
    outer loop
      vertex 112.439 14.0613 55
      vertex 97.319 13.8432 55
      vertex 97.4944 13.6067 55
    endloop
  endfacet
  facet normal 0 0 1
    outer loop
      vertex 97.1213 14.0613 55
      vertex 112.439 14.0613 55
      vertex 97.1213 29.3787 55
    endloop
  endfacet
  facet normal 0 0 1
    outer loop
      vertex 112.439 14.0613 55
      vertex 97.1213 14.0613 55
      vertex 97.319 13.8432 55
    endloop
  endfacet
  facet normal -0 0 1
    outer loop
      vertex 96.9032 29.181 55
      vertex 97.1213 14.0613 55
      vertex 97.1213 29.3787 55
    endloop
  endfacet
  facet normal 0 0 1
    outer loop
      vertex 96.9032 29.181 55
      vertex 96.9032 14.259 55
      vertex 97.1213 14.0613 55
    endloop
  endfacet
  facet normal -0 0 1
    outer loop
      vertex 96.6667 29.0056 55
      vertex 96.9032 14.259 55
      vertex 96.9032 29.181 55
    endloop
  endfacet
  facet normal 0 0 1
    outer loop
      vertex 96.6667 29.0056 55
      vertex 96.6667 14.4344 55
      vertex 96.9032 14.259 55
    endloop
  endfacet
  facet normal -0 0 1
    outer loop
      vertex 96.4142 28.8542 55
      vertex 96.6667 14.4344 55
      vertex 96.6667 29.0056 55
    endloop
  endfacet
  facet normal 0 0 1
    outer loop
      vertex 96.4142 28.8542 55
      vertex 96.4142 14.5858 55
      vertex 96.6667 14.4344 55
    endloop
  endfacet
  facet normal -0 0 1
    outer loop
      vertex 96.148 28.7284 55
      vertex 96.4142 14.5858 55
      vertex 96.4142 28.8542 55
    endloop
  endfacet
  facet normal 0 0 1
    outer loop
      vertex 96.148 28.7284 55
      vertex 96.148 14.7116 55
      vertex 96.4142 14.5858 55
    endloop
  endfacet
  facet normal -0 0 1
    outer loop
      vertex 95.8708 28.6292 55
      vertex 96.148 14.7116 55
      vertex 96.148 28.7284 55
    endloop
  endfacet
  facet normal 0 0 1
    outer loop
      vertex 95.8708 28.6292 55
      vertex 95.8708 14.8108 55
      vertex 96.148 14.7116 55
    endloop
  endfacet
  facet normal -0 0 1
    outer loop
      vertex 95.5853 28.5576 55
      vertex 95.8708 14.8108 55
      vertex 95.8708 28.6292 55
    endloop
  endfacet
  facet normal 0 0 1
    outer loop
      vertex 95.5853 28.5576 55
      vertex 95.5853 14.8824 55
      vertex 95.8708 14.8108 55
    endloop
  endfacet
  facet normal -0 0 1
    outer loop
      vertex 95.2941 28.5144 55
      vertex 95.5853 14.8824 55
      vertex 95.5853 28.5576 55
    endloop
  endfacet
  facet normal 0 0 1
    outer loop
      vertex 95.2941 28.5144 55
      vertex 95.2941 14.9256 55
      vertex 95.5853 14.8824 55
    endloop
  endfacet
  facet normal -0 0 1
    outer loop
      vertex 95 28.5 55
      vertex 95.2941 14.9256 55
      vertex 95.2941 28.5144 55
    endloop
  endfacet
  facet normal 0 0 1
    outer loop
      vertex 95 28.5 55
      vertex 95 14.94 55
      vertex 95.2941 14.9256 55
    endloop
  endfacet
  facet normal 0 0 1
    outer loop
      vertex 94.7059 28.5144 55
      vertex 95 14.94 55
      vertex 95 28.5 55
    endloop
  endfacet
  facet normal 0 0 1
    outer loop
      vertex 94.7059 28.5144 55
      vertex 94.7059 14.9256 55
      vertex 95 14.94 55
    endloop
  endfacet
  facet normal 0 0 1
    outer loop
      vertex 94.4147 28.5576 55
      vertex 94.7059 14.9256 55
      vertex 94.7059 28.5144 55
    endloop
  endfacet
  facet normal 0 0 1
    outer loop
      vertex 94.4147 28.5576 55
      vertex 94.4147 14.8824 55
      vertex 94.7059 14.9256 55
    endloop
  endfacet
  facet normal 0 0 1
    outer loop
      vertex 94.1291 28.6292 55
      vertex 94.4147 14.8824 55
      vertex 94.4147 28.5576 55
    endloop
  endfacet
  facet normal 0 0 1
    outer loop
      vertex 94.1291 28.6292 55
      vertex 94.1291 14.8108 55
      vertex 94.4147 14.8824 55
    endloop
  endfacet
  facet normal 0 0 1
    outer loop
      vertex 93.852 28.7284 55
      vertex 94.1291 14.8108 55
      vertex 94.1291 28.6292 55
    endloop
  endfacet
  facet normal 0 0 1
    outer loop
      vertex 93.852 28.7284 55
      vertex 93.852 14.7116 55
      vertex 94.1291 14.8108 55
    endloop
  endfacet
  facet normal 0 0 1
    outer loop
      vertex 93.5858 28.8542 55
      vertex 93.852 14.7116 55
      vertex 93.852 28.7284 55
    endloop
  endfacet
  facet normal 0 0 1
    outer loop
      vertex 93.5858 28.8542 55
      vertex 93.5858 14.5858 55
      vertex 93.852 14.7116 55
    endloop
  endfacet
  facet normal 0 0 1
    outer loop
      vertex 93.3333 29.0056 55
      vertex 93.5858 14.5858 55
      vertex 93.5858 28.8542 55
    endloop
  endfacet
  facet normal 0 0 1
    outer loop
      vertex 93.3333 29.0056 55
      vertex 93.3333 14.4344 55
      vertex 93.5858 14.5858 55
    endloop
  endfacet
  facet normal 0 0 1
    outer loop
      vertex 93.0968 29.181 55
      vertex 93.3333 14.4344 55
      vertex 93.3333 29.0056 55
    endloop
  endfacet
  facet normal 0 0 1
    outer loop
      vertex 93.0968 29.181 55
      vertex 93.0968 14.259 55
      vertex 93.3333 14.4344 55
    endloop
  endfacet
  facet normal 0 0 1
    outer loop
      vertex 92.8787 29.3787 55
      vertex 93.0968 14.259 55
      vertex 93.0968 29.181 55
    endloop
  endfacet
  facet normal 0 0 1
    outer loop
      vertex 92.8787 29.3787 55
      vertex 92.8787 14.0613 55
      vertex 93.0968 14.259 55
    endloop
  endfacet
  facet normal 0 0 1
    outer loop
      vertex 78.2116 30.3519 55
      vertex 92.2284 30.3519 55
      vertex 78.3108 30.6291 55
    endloop
  endfacet
  facet normal 0 0 1
    outer loop
      vertex 92.2284 30.3519 55
      vertex 78.2116 30.3519 55
      vertex 92.3542 30.0858 55
    endloop
  endfacet
  facet normal 0 0 1
    outer loop
      vertex 92.1292 30.6291 55
      vertex 78.3108 30.6291 55
      vertex 92.2284 30.3519 55
    endloop
  endfacet
  facet normal 0 0 1
    outer loop
      vertex 78.0858 30.0858 55
      vertex 92.3542 30.0858 55
      vertex 78.2116 30.3519 55
    endloop
  endfacet
  facet normal 0 0 1
    outer loop
      vertex 78.3108 30.6291 55
      vertex 92.1292 30.6291 55
      vertex 78.3824 30.9147 55
    endloop
  endfacet
  facet normal 0 0 1
    outer loop
      vertex 92.8787 14.0613 55
      vertex 78.44 11.94 55
      vertex 92.681 13.8432 55
    endloop
  endfacet
  facet normal 0 0 1
    outer loop
      vertex 92.0576 30.9147 55
      vertex 78.3824 30.9147 55
      vertex 92.1292 30.6291 55
    endloop
  endfacet
  facet normal 0 0 1
    outer loop
      vertex 92.681 13.8432 55
      vertex 78.44 11.94 55
      vertex 92.5056 13.6067 55
    endloop
  endfacet
  facet normal 0 0 1
    outer loop
      vertex 78.3824 30.9147 55
      vertex 92.0576 30.9147 55
      vertex 78.4256 31.2059 55
    endloop
  endfacet
  facet normal 0 0 1
    outer loop
      vertex 92.5056 13.6067 55
      vertex 78.44 11.94 55
      vertex 92.3542 13.3542 55
    endloop
  endfacet
  facet normal 0 0 1
    outer loop
      vertex 92.0144 31.2059 55
      vertex 78.4256 31.2059 55
      vertex 92.0576 30.9147 55
    endloop
  endfacet
  facet normal 0 0 1
    outer loop
      vertex 92.3542 13.3542 55
      vertex 78.44 11.94 55
      vertex 92.2284 13.088 55
    endloop
  endfacet
  facet normal 0 0 1
    outer loop
      vertex 78.4256 31.2059 55
      vertex 92.0144 31.2059 55
      vertex 78.44 31.5 55
    endloop
  endfacet
  facet normal 0 0 1
    outer loop
      vertex 92.2284 13.088 55
      vertex 78.44 11.94 55
      vertex 92.1292 12.8109 55
    endloop
  endfacet
  facet normal -0 0 1
    outer loop
      vertex 78.44 31.5 55
      vertex 92.0144 31.2059 55
      vertex 92 31.5 55
    endloop
  endfacet
  facet normal 0 0 1
    outer loop
      vertex 92.1292 12.8109 55
      vertex 78.44 11.94 55
      vertex 92.0576 12.5253 55
    endloop
  endfacet
  facet normal 0 0 1
    outer loop
      vertex 111.914 49.6458 55
      vertex 97.6458 49.6458 55
      vertex 112.066 49.3933 55
    endloop
  endfacet
  facet normal 0 0 1
    outer loop
      vertex 112.439 33.6213 55
      vertex 97.9855 31.7941 55
      vertex 98 31.5 55
    endloop
  endfacet
  facet normal 0 0 1
    outer loop
      vertex 97.4944 49.3933 55
      vertex 112.066 49.3933 55
      vertex 97.6458 49.6458 55
    endloop
  endfacet
  facet normal 0 0 1
    outer loop
      vertex 112.439 33.6213 55
      vertex 97.9424 32.0853 55
      vertex 97.9855 31.7941 55
    endloop
  endfacet
  facet normal 0 0 1
    outer loop
      vertex 112.066 49.3933 55
      vertex 97.4944 49.3933 55
      vertex 112.241 49.1568 55
    endloop
  endfacet
  facet normal 0 0 1
    outer loop
      vertex 112.439 33.6213 55
      vertex 97.8708 32.3709 55
      vertex 97.9424 32.0853 55
    endloop
  endfacet
  facet normal 0 0 1
    outer loop
      vertex 97.319 49.1568 55
      vertex 112.241 49.1568 55
      vertex 97.4944 49.3933 55
    endloop
  endfacet
  facet normal 0 0 1
    outer loop
      vertex 112.439 33.6213 55
      vertex 97.7716 32.648 55
      vertex 97.8708 32.3709 55
    endloop
  endfacet
  facet normal 0 0 1
    outer loop
      vertex 112.241 49.1568 55
      vertex 97.319 49.1568 55
      vertex 112.439 48.9387 55
    endloop
  endfacet
  facet normal 0 0 1
    outer loop
      vertex 112.439 33.6213 55
      vertex 97.6458 32.9142 55
      vertex 97.7716 32.648 55
    endloop
  endfacet
  facet normal 0 0 1
    outer loop
      vertex 97.1213 48.9387 55
      vertex 112.439 48.9387 55
      vertex 97.319 49.1568 55
    endloop
  endfacet
  facet normal 0 0 1
    outer loop
      vertex 112.439 33.6213 55
      vertex 97.4944 33.1667 55
      vertex 97.6458 32.9142 55
    endloop
  endfacet
  facet normal 0 0 1
    outer loop
      vertex 112.439 48.9387 55
      vertex 97.1213 48.9387 55
      vertex 112.439 33.6213 55
    endloop
  endfacet
  facet normal 0 0 1
    outer loop
      vertex 112.439 33.6213 55
      vertex 97.319 33.4032 55
      vertex 97.4944 33.1667 55
    endloop
  endfacet
  facet normal 0 0 1
    outer loop
      vertex 97.1213 33.6213 55
      vertex 112.439 33.6213 55
      vertex 97.1213 48.9387 55
    endloop
  endfacet
  facet normal 0 0 1
    outer loop
      vertex 112.439 33.6213 55
      vertex 97.1213 33.6213 55
      vertex 97.319 33.4032 55
    endloop
  endfacet
  facet normal -0 0 1
    outer loop
      vertex 96.9032 48.741 55
      vertex 97.1213 33.6213 55
      vertex 97.1213 48.9387 55
    endloop
  endfacet
  facet normal 0 0 1
    outer loop
      vertex 96.9032 48.741 55
      vertex 96.9032 33.819 55
      vertex 97.1213 33.6213 55
    endloop
  endfacet
  facet normal -0 0 1
    outer loop
      vertex 96.6667 48.5656 55
      vertex 96.9032 33.819 55
      vertex 96.9032 48.741 55
    endloop
  endfacet
  facet normal 0 0 1
    outer loop
      vertex 96.6667 48.5656 55
      vertex 96.6667 33.9944 55
      vertex 96.9032 33.819 55
    endloop
  endfacet
  facet normal -0 0 1
    outer loop
      vertex 96.4142 48.4142 55
      vertex 96.6667 33.9944 55
      vertex 96.6667 48.5656 55
    endloop
  endfacet
  facet normal 0 0 1
    outer loop
      vertex 96.4142 48.4142 55
      vertex 96.4142 34.1458 55
      vertex 96.6667 33.9944 55
    endloop
  endfacet
  facet normal -0 0 1
    outer loop
      vertex 96.148 48.2884 55
      vertex 96.4142 34.1458 55
      vertex 96.4142 48.4142 55
    endloop
  endfacet
  facet normal 0 0 1
    outer loop
      vertex 96.148 48.2884 55
      vertex 96.148 34.2716 55
      vertex 96.4142 34.1458 55
    endloop
  endfacet
  facet normal -0 0 1
    outer loop
      vertex 95.8708 48.1892 55
      vertex 96.148 34.2716 55
      vertex 96.148 48.2884 55
    endloop
  endfacet
  facet normal 0 0 1
    outer loop
      vertex 95.8708 48.1892 55
      vertex 95.8708 34.3708 55
      vertex 96.148 34.2716 55
    endloop
  endfacet
  facet normal -0 0 1
    outer loop
      vertex 95.5853 48.1176 55
      vertex 95.8708 34.3708 55
      vertex 95.8708 48.1892 55
    endloop
  endfacet
  facet normal 0 0 1
    outer loop
      vertex 95.5853 48.1176 55
      vertex 95.5853 34.4424 55
      vertex 95.8708 34.3708 55
    endloop
  endfacet
  facet normal -0 0 1
    outer loop
      vertex 95.2941 48.0744 55
      vertex 95.5853 34.4424 55
      vertex 95.5853 48.1176 55
    endloop
  endfacet
  facet normal 0 0 1
    outer loop
      vertex 95.2941 48.0744 55
      vertex 95.2941 34.4856 55
      vertex 95.5853 34.4424 55
    endloop
  endfacet
  facet normal -0 0 1
    outer loop
      vertex 95 48.06 55
      vertex 95.2941 34.4856 55
      vertex 95.2941 48.0744 55
    endloop
  endfacet
  facet normal 0 0 1
    outer loop
      vertex 95 48.06 55
      vertex 95 34.5 55
      vertex 95.2941 34.4856 55
    endloop
  endfacet
  facet normal 0 0 1
    outer loop
      vertex 94.7059 48.0744 55
      vertex 95 34.5 55
      vertex 95 48.06 55
    endloop
  endfacet
  facet normal 0 0 1
    outer loop
      vertex 94.7059 48.0744 55
      vertex 94.7059 34.4856 55
      vertex 95 34.5 55
    endloop
  endfacet
  facet normal 0 0 1
    outer loop
      vertex 94.4147 48.1176 55
      vertex 94.7059 34.4856 55
      vertex 94.7059 48.0744 55
    endloop
  endfacet
  facet normal 0 0 1
    outer loop
      vertex 94.4147 48.1176 55
      vertex 94.4147 34.4424 55
      vertex 94.7059 34.4856 55
    endloop
  endfacet
  facet normal 0 0 1
    outer loop
      vertex 94.1291 48.1892 55
      vertex 94.4147 34.4424 55
      vertex 94.4147 48.1176 55
    endloop
  endfacet
  facet normal 0 0 1
    outer loop
      vertex 94.1291 48.1892 55
      vertex 94.1291 34.3708 55
      vertex 94.4147 34.4424 55
    endloop
  endfacet
  facet normal 0 0 1
    outer loop
      vertex 93.852 48.2884 55
      vertex 94.1291 34.3708 55
      vertex 94.1291 48.1892 55
    endloop
  endfacet
  facet normal 0 0 1
    outer loop
      vertex 93.852 48.2884 55
      vertex 93.852 34.2716 55
      vertex 94.1291 34.3708 55
    endloop
  endfacet
  facet normal 0 0 1
    outer loop
      vertex 93.5858 48.4142 55
      vertex 93.852 34.2716 55
      vertex 93.852 48.2884 55
    endloop
  endfacet
  facet normal 0 0 1
    outer loop
      vertex 93.5858 48.4142 55
      vertex 93.5858 34.1458 55
      vertex 93.852 34.2716 55
    endloop
  endfacet
  facet normal 0 0 1
    outer loop
      vertex 93.3333 48.5656 55
      vertex 93.5858 34.1458 55
      vertex 93.5858 48.4142 55
    endloop
  endfacet
  facet normal 0 0 1
    outer loop
      vertex 93.3333 48.5656 55
      vertex 93.3333 33.9944 55
      vertex 93.5858 34.1458 55
    endloop
  endfacet
  facet normal 0 0 1
    outer loop
      vertex 93.0968 48.741 55
      vertex 93.3333 33.9944 55
      vertex 93.3333 48.5656 55
    endloop
  endfacet
  facet normal 0 0 1
    outer loop
      vertex 93.0968 48.741 55
      vertex 93.0968 33.819 55
      vertex 93.3333 33.9944 55
    endloop
  endfacet
  facet normal 0 0 1
    outer loop
      vertex 92.8787 48.9387 55
      vertex 93.0968 33.819 55
      vertex 93.0968 48.741 55
    endloop
  endfacet
  facet normal 0 0 1
    outer loop
      vertex 92.8787 48.9387 55
      vertex 92.8787 33.6213 55
      vertex 93.0968 33.819 55
    endloop
  endfacet
  facet normal 0 0 1
    outer loop
      vertex 78.2116 49.9119 55
      vertex 92.2284 49.9119 55
      vertex 78.3108 50.1891 55
    endloop
  endfacet
  facet normal 0 0 1
    outer loop
      vertex 92.2284 49.9119 55
      vertex 78.2116 49.9119 55
      vertex 92.3542 49.6458 55
    endloop
  endfacet
  facet normal 0 0 1
    outer loop
      vertex 92.1292 50.1891 55
      vertex 78.3108 50.1891 55
      vertex 92.2284 49.9119 55
    endloop
  endfacet
  facet normal 0 0 1
    outer loop
      vertex 78.0858 49.6458 55
      vertex 92.3542 49.6458 55
      vertex 78.2116 49.9119 55
    endloop
  endfacet
  facet normal 0 0 1
    outer loop
      vertex 78.3108 50.1891 55
      vertex 92.1292 50.1891 55
      vertex 78.3824 50.4747 55
    endloop
  endfacet
  facet normal 0 0 1
    outer loop
      vertex 92.8787 33.6213 55
      vertex 78.44 31.5 55
      vertex 92.681 33.4032 55
    endloop
  endfacet
  facet normal 0 0 1
    outer loop
      vertex 92.0576 50.4747 55
      vertex 78.3824 50.4747 55
      vertex 92.1292 50.1891 55
    endloop
  endfacet
  facet normal 0 0 1
    outer loop
      vertex 92.681 33.4032 55
      vertex 78.44 31.5 55
      vertex 92.5056 33.1667 55
    endloop
  endfacet
  facet normal 0 0 1
    outer loop
      vertex 78.3824 50.4747 55
      vertex 92.0576 50.4747 55
      vertex 78.4256 50.7659 55
    endloop
  endfacet
  facet normal 0 0 1
    outer loop
      vertex 92.5056 33.1667 55
      vertex 78.44 31.5 55
      vertex 92.3542 32.9142 55
    endloop
  endfacet
  facet normal 0 0 1
    outer loop
      vertex 92.0144 50.7659 55
      vertex 78.4256 50.7659 55
      vertex 92.0576 50.4747 55
    endloop
  endfacet
  facet normal 0 0 1
    outer loop
      vertex 92.3542 32.9142 55
      vertex 78.44 31.5 55
      vertex 92.2284 32.648 55
    endloop
  endfacet
  facet normal 0 0 1
    outer loop
      vertex 78.4256 50.7659 55
      vertex 92.0144 50.7659 55
      vertex 78.44 51.06 55
    endloop
  endfacet
  facet normal 0 0 1
    outer loop
      vertex 92.2284 32.648 55
      vertex 78.44 31.5 55
      vertex 92.1292 32.3709 55
    endloop
  endfacet
  facet normal -0 0 1
    outer loop
      vertex 78.44 51.06 55
      vertex 92.0144 50.7659 55
      vertex 92 51.06 55
    endloop
  endfacet
  facet normal 0 0 1
    outer loop
      vertex 92.1292 32.3709 55
      vertex 78.44 31.5 55
      vertex 92.0576 32.0853 55
    endloop
  endfacet
  facet normal 0 0 1
    outer loop
      vertex 111.914 69.2058 55
      vertex 97.6458 69.2058 55
      vertex 112.066 68.9533 55
    endloop
  endfacet
  facet normal 0 0 1
    outer loop
      vertex 112.439 53.1813 55
      vertex 97.9855 51.354 55
      vertex 98 51.06 55
    endloop
  endfacet
  facet normal 0 0 1
    outer loop
      vertex 97.4944 68.9533 55
      vertex 112.066 68.9533 55
      vertex 97.6458 69.2058 55
    endloop
  endfacet
  facet normal 0 0 1
    outer loop
      vertex 112.439 53.1813 55
      vertex 97.9424 51.6453 55
      vertex 97.9855 51.354 55
    endloop
  endfacet
  facet normal 0 0 1
    outer loop
      vertex 112.066 68.9533 55
      vertex 97.4944 68.9533 55
      vertex 112.241 68.7168 55
    endloop
  endfacet
  facet normal 0 0 1
    outer loop
      vertex 112.439 53.1813 55
      vertex 97.8708 51.9309 55
      vertex 97.9424 51.6453 55
    endloop
  endfacet
  facet normal 0 0 1
    outer loop
      vertex 97.319 68.7168 55
      vertex 112.241 68.7168 55
      vertex 97.4944 68.9533 55
    endloop
  endfacet
  facet normal 0 0 1
    outer loop
      vertex 112.439 53.1813 55
      vertex 97.7716 52.208 55
      vertex 97.8708 51.9309 55
    endloop
  endfacet
  facet normal 0 0 1
    outer loop
      vertex 112.241 68.7168 55
      vertex 97.319 68.7168 55
      vertex 112.439 68.4987 55
    endloop
  endfacet
  facet normal 0 0 1
    outer loop
      vertex 112.439 53.1813 55
      vertex 97.6458 52.4742 55
      vertex 97.7716 52.208 55
    endloop
  endfacet
  facet normal 0 0 1
    outer loop
      vertex 97.1213 68.4987 55
      vertex 112.439 68.4987 55
      vertex 97.319 68.7168 55
    endloop
  endfacet
  facet normal 0 0 1
    outer loop
      vertex 112.439 53.1813 55
      vertex 97.4944 52.7267 55
      vertex 97.6458 52.4742 55
    endloop
  endfacet
  facet normal 0 0 1
    outer loop
      vertex 112.439 68.4987 55
      vertex 97.1213 68.4987 55
      vertex 112.439 53.1813 55
    endloop
  endfacet
  facet normal 0 0 1
    outer loop
      vertex 112.439 53.1813 55
      vertex 97.319 52.9632 55
      vertex 97.4944 52.7267 55
    endloop
  endfacet
  facet normal 0 0 1
    outer loop
      vertex 97.1213 53.1813 55
      vertex 112.439 53.1813 55
      vertex 97.1213 68.4987 55
    endloop
  endfacet
  facet normal 0 0 1
    outer loop
      vertex 112.439 53.1813 55
      vertex 97.1213 53.1813 55
      vertex 97.319 52.9632 55
    endloop
  endfacet
  facet normal -0 0 1
    outer loop
      vertex 96.9032 68.301 55
      vertex 97.1213 53.1813 55
      vertex 97.1213 68.4987 55
    endloop
  endfacet
  facet normal 0 0 1
    outer loop
      vertex 96.9032 68.301 55
      vertex 96.9032 53.379 55
      vertex 97.1213 53.1813 55
    endloop
  endfacet
  facet normal -0 0 1
    outer loop
      vertex 96.6667 68.1256 55
      vertex 96.9032 53.379 55
      vertex 96.9032 68.301 55
    endloop
  endfacet
  facet normal 0 0 1
    outer loop
      vertex 96.6667 68.1256 55
      vertex 96.6667 53.5544 55
      vertex 96.9032 53.379 55
    endloop
  endfacet
  facet normal -0 0 1
    outer loop
      vertex 96.4142 67.9742 55
      vertex 96.6667 53.5544 55
      vertex 96.6667 68.1256 55
    endloop
  endfacet
  facet normal 0 0 1
    outer loop
      vertex 96.4142 67.9742 55
      vertex 96.4142 53.7058 55
      vertex 96.6667 53.5544 55
    endloop
  endfacet
  facet normal -0 0 1
    outer loop
      vertex 96.148 67.8484 55
      vertex 96.4142 53.7058 55
      vertex 96.4142 67.9742 55
    endloop
  endfacet
  facet normal 0 0 1
    outer loop
      vertex 96.148 67.8484 55
      vertex 96.148 53.8316 55
      vertex 96.4142 53.7058 55
    endloop
  endfacet
  facet normal -0 0 1
    outer loop
      vertex 95.8708 67.7492 55
      vertex 96.148 53.8316 55
      vertex 96.148 67.8484 55
    endloop
  endfacet
  facet normal 0 0 1
    outer loop
      vertex 95.8708 67.7492 55
      vertex 95.8708 53.9308 55
      vertex 96.148 53.8316 55
    endloop
  endfacet
  facet normal -0 0 1
    outer loop
      vertex 95.5853 67.6776 55
      vertex 95.8708 53.9308 55
      vertex 95.8708 67.7492 55
    endloop
  endfacet
  facet normal 0 0 1
    outer loop
      vertex 95.5853 67.6776 55
      vertex 95.5853 54.0024 55
      vertex 95.8708 53.9308 55
    endloop
  endfacet
  facet normal -0 0 1
    outer loop
      vertex 95.2941 67.6344 55
      vertex 95.5853 54.0024 55
      vertex 95.5853 67.6776 55
    endloop
  endfacet
  facet normal 0 0 1
    outer loop
      vertex 95.2941 67.6344 55
      vertex 95.2941 54.0456 55
      vertex 95.5853 54.0024 55
    endloop
  endfacet
  facet normal -0 0 1
    outer loop
      vertex 95 67.62 55
      vertex 95.2941 54.0456 55
      vertex 95.2941 67.6344 55
    endloop
  endfacet
  facet normal 0 0 1
    outer loop
      vertex 95 67.62 55
      vertex 95 54.06 55
      vertex 95.2941 54.0456 55
    endloop
  endfacet
  facet normal 0 0 1
    outer loop
      vertex 94.7059 67.6344 55
      vertex 95 54.06 55
      vertex 95 67.62 55
    endloop
  endfacet
  facet normal 0 0 1
    outer loop
      vertex 94.7059 67.6344 55
      vertex 94.7059 54.0456 55
      vertex 95 54.06 55
    endloop
  endfacet
  facet normal 0 0 1
    outer loop
      vertex 94.4147 67.6776 55
      vertex 94.7059 54.0456 55
      vertex 94.7059 67.6344 55
    endloop
  endfacet
  facet normal 0 0 1
    outer loop
      vertex 94.4147 67.6776 55
      vertex 94.4147 54.0024 55
      vertex 94.7059 54.0456 55
    endloop
  endfacet
  facet normal 0 0 1
    outer loop
      vertex 94.1291 67.7492 55
      vertex 94.4147 54.0024 55
      vertex 94.4147 67.6776 55
    endloop
  endfacet
  facet normal 0 0 1
    outer loop
      vertex 94.1291 67.7492 55
      vertex 94.1291 53.9308 55
      vertex 94.4147 54.0024 55
    endloop
  endfacet
  facet normal 0 0 1
    outer loop
      vertex 93.852 67.8484 55
      vertex 94.1291 53.9308 55
      vertex 94.1291 67.7492 55
    endloop
  endfacet
  facet normal 0 0 1
    outer loop
      vertex 93.852 67.8484 55
      vertex 93.852 53.8316 55
      vertex 94.1291 53.9308 55
    endloop
  endfacet
  facet normal 0 0 1
    outer loop
      vertex 93.5858 67.9742 55
      vertex 93.852 53.8316 55
      vertex 93.852 67.8484 55
    endloop
  endfacet
  facet normal 0 0 1
    outer loop
      vertex 93.5858 67.9742 55
      vertex 93.5858 53.7058 55
      vertex 93.852 53.8316 55
    endloop
  endfacet
  facet normal 0 0 1
    outer loop
      vertex 93.3333 68.1256 55
      vertex 93.5858 53.7058 55
      vertex 93.5858 67.9742 55
    endloop
  endfacet
  facet normal 0 0 1
    outer loop
      vertex 93.3333 68.1256 55
      vertex 93.3333 53.5544 55
      vertex 93.5858 53.7058 55
    endloop
  endfacet
  facet normal 0 0 1
    outer loop
      vertex 93.0968 68.301 55
      vertex 93.3333 53.5544 55
      vertex 93.3333 68.1256 55
    endloop
  endfacet
  facet normal 0 0 1
    outer loop
      vertex 93.0968 68.301 55
      vertex 93.0968 53.379 55
      vertex 93.3333 53.5544 55
    endloop
  endfacet
  facet normal 0 0 1
    outer loop
      vertex 92.8787 68.4987 55
      vertex 93.0968 53.379 55
      vertex 93.0968 68.301 55
    endloop
  endfacet
  facet normal 0 0 1
    outer loop
      vertex 92.8787 68.4987 55
      vertex 92.8787 53.1813 55
      vertex 93.0968 53.379 55
    endloop
  endfacet
  facet normal 0 0 1
    outer loop
      vertex 78.2116 69.4719 55
      vertex 92.2284 69.4719 55
      vertex 78.3108 69.7491 55
    endloop
  endfacet
  facet normal 0 0 1
    outer loop
      vertex 92.2284 69.4719 55
      vertex 78.2116 69.4719 55
      vertex 92.3542 69.2058 55
    endloop
  endfacet
  facet normal 0 0 1
    outer loop
      vertex 92.1292 69.7491 55
      vertex 78.3108 69.7491 55
      vertex 92.2284 69.4719 55
    endloop
  endfacet
  facet normal 0 0 1
    outer loop
      vertex 78.0858 69.2058 55
      vertex 92.3542 69.2058 55
      vertex 78.2116 69.4719 55
    endloop
  endfacet
  facet normal 0 0 1
    outer loop
      vertex 78.3108 69.7491 55
      vertex 92.1292 69.7491 55
      vertex 78.3824 70.0347 55
    endloop
  endfacet
  facet normal 0 0 1
    outer loop
      vertex 92.8787 53.1813 55
      vertex 78.44 51.06 55
      vertex 92.681 52.9632 55
    endloop
  endfacet
  facet normal 0 0 1
    outer loop
      vertex 92.0576 70.0347 55
      vertex 78.3824 70.0347 55
      vertex 92.1292 69.7491 55
    endloop
  endfacet
  facet normal 0 0 1
    outer loop
      vertex 92.681 52.9632 55
      vertex 78.44 51.06 55
      vertex 92.5056 52.7267 55
    endloop
  endfacet
  facet normal 0 0 1
    outer loop
      vertex 78.3824 70.0347 55
      vertex 92.0576 70.0347 55
      vertex 78.4256 70.326 55
    endloop
  endfacet
  facet normal 0 0 1
    outer loop
      vertex 92.5056 52.7267 55
      vertex 78.44 51.06 55
      vertex 92.3542 52.4742 55
    endloop
  endfacet
  facet normal 0 0 1
    outer loop
      vertex 92.0144 70.326 55
      vertex 78.4256 70.326 55
      vertex 92.0576 70.0347 55
    endloop
  endfacet
  facet normal 0 0 1
    outer loop
      vertex 92.3542 52.4742 55
      vertex 78.44 51.06 55
      vertex 92.2284 52.208 55
    endloop
  endfacet
  facet normal 0 0 1
    outer loop
      vertex 78.4256 70.326 55
      vertex 92.0144 70.326 55
      vertex 78.44 70.62 55
    endloop
  endfacet
  facet normal 0 0 1
    outer loop
      vertex 92.2284 52.208 55
      vertex 78.44 51.06 55
      vertex 92.1292 51.9309 55
    endloop
  endfacet
  facet normal -0 0 1
    outer loop
      vertex 78.44 70.62 55
      vertex 92.0144 70.326 55
      vertex 92 70.62 55
    endloop
  endfacet
  facet normal 0 0 1
    outer loop
      vertex 92.1292 51.9309 55
      vertex 78.44 51.06 55
      vertex 92.0576 51.6453 55
    endloop
  endfacet
  facet normal -0 0 1
    outer loop
      vertex 117.502 30.9147 55
      vertex 127.76 0 55
      vertex 117.546 31.2059 55
    endloop
  endfacet
  facet normal 0 0 1
    outer loop
      vertex 127.76 0 55
      vertex 117.546 12.2341 55
      vertex 117.56 11.94 55
    endloop
  endfacet
  facet normal -0 0 1
    outer loop
      vertex 117.431 30.6291 55
      vertex 127.76 0 55
      vertex 117.502 30.9147 55
    endloop
  endfacet
  facet normal 0 0 1
    outer loop
      vertex 127.76 0 55
      vertex 117.502 12.5253 55
      vertex 117.546 12.2341 55
    endloop
  endfacet
  facet normal -0 0 1
    outer loop
      vertex 117.431 12.8109 55
      vertex 127.76 0 55
      vertex 117.431 30.6291 55
    endloop
  endfacet
  facet normal 0 0 1
    outer loop
      vertex 127.76 0 55
      vertex 117.431 12.8109 55
      vertex 117.502 12.5253 55
    endloop
  endfacet
  facet normal -0 0 1
    outer loop
      vertex 117.332 30.3519 55
      vertex 117.431 12.8109 55
      vertex 117.431 30.6291 55
    endloop
  endfacet
  facet normal 0 0 1
    outer loop
      vertex 117.332 30.3519 55
      vertex 117.332 13.088 55
      vertex 117.431 12.8109 55
    endloop
  endfacet
  facet normal -0 0 1
    outer loop
      vertex 117.206 30.0858 55
      vertex 117.332 13.088 55
      vertex 117.332 30.3519 55
    endloop
  endfacet
  facet normal 0 0 1
    outer loop
      vertex 117.206 30.0858 55
      vertex 117.206 13.3542 55
      vertex 117.332 13.088 55
    endloop
  endfacet
  facet normal -0 0 1
    outer loop
      vertex 117.054 29.8333 55
      vertex 117.206 13.3542 55
      vertex 117.206 30.0858 55
    endloop
  endfacet
  facet normal 0 0 1
    outer loop
      vertex 117.054 29.8333 55
      vertex 117.054 13.6067 55
      vertex 117.206 13.3542 55
    endloop
  endfacet
  facet normal -0 0 1
    outer loop
      vertex 116.879 29.5968 55
      vertex 117.054 13.6067 55
      vertex 117.054 29.8333 55
    endloop
  endfacet
  facet normal 0 0 1
    outer loop
      vertex 116.879 29.5968 55
      vertex 116.879 13.8432 55
      vertex 117.054 13.6067 55
    endloop
  endfacet
  facet normal -0 0 1
    outer loop
      vertex 116.681 29.3787 55
      vertex 116.879 13.8432 55
      vertex 116.879 29.5968 55
    endloop
  endfacet
  facet normal 0 0 1
    outer loop
      vertex 116.681 29.3787 55
      vertex 116.681 14.0613 55
      vertex 116.879 13.8432 55
    endloop
  endfacet
  facet normal -0 0 1
    outer loop
      vertex 116.463 29.181 55
      vertex 116.681 14.0613 55
      vertex 116.681 29.3787 55
    endloop
  endfacet
  facet normal 0 0 1
    outer loop
      vertex 116.463 29.181 55
      vertex 116.463 14.259 55
      vertex 116.681 14.0613 55
    endloop
  endfacet
  facet normal -0 0 1
    outer loop
      vertex 116.227 29.0056 55
      vertex 116.463 14.259 55
      vertex 116.463 29.181 55
    endloop
  endfacet
  facet normal 0 0 1
    outer loop
      vertex 116.227 29.0056 55
      vertex 116.227 14.4344 55
      vertex 116.463 14.259 55
    endloop
  endfacet
  facet normal -0 0 1
    outer loop
      vertex 115.974 28.8542 55
      vertex 116.227 14.4344 55
      vertex 116.227 29.0056 55
    endloop
  endfacet
  facet normal 0 0 1
    outer loop
      vertex 115.974 28.8542 55
      vertex 115.974 14.5858 55
      vertex 116.227 14.4344 55
    endloop
  endfacet
  facet normal -0 0 1
    outer loop
      vertex 115.708 28.7284 55
      vertex 115.974 14.5858 55
      vertex 115.974 28.8542 55
    endloop
  endfacet
  facet normal 0 0 1
    outer loop
      vertex 115.708 28.7284 55
      vertex 115.708 14.7116 55
      vertex 115.974 14.5858 55
    endloop
  endfacet
  facet normal -0 0 1
    outer loop
      vertex 115.431 28.6292 55
      vertex 115.708 14.7116 55
      vertex 115.708 28.7284 55
    endloop
  endfacet
  facet normal 0 0 1
    outer loop
      vertex 115.431 28.6292 55
      vertex 115.431 14.8108 55
      vertex 115.708 14.7116 55
    endloop
  endfacet
  facet normal -0 0 1
    outer loop
      vertex 115.145 28.5576 55
      vertex 115.431 14.8108 55
      vertex 115.431 28.6292 55
    endloop
  endfacet
  facet normal 0 0 1
    outer loop
      vertex 115.145 28.5576 55
      vertex 115.145 14.8824 55
      vertex 115.431 14.8108 55
    endloop
  endfacet
  facet normal -0 0 1
    outer loop
      vertex 114.854 28.5144 55
      vertex 115.145 14.8824 55
      vertex 115.145 28.5576 55
    endloop
  endfacet
  facet normal 0 0 1
    outer loop
      vertex 114.854 28.5144 55
      vertex 114.854 14.9256 55
      vertex 115.145 14.8824 55
    endloop
  endfacet
  facet normal -0 0 1
    outer loop
      vertex 114.56 28.5 55
      vertex 114.854 14.9256 55
      vertex 114.854 28.5144 55
    endloop
  endfacet
  facet normal 0 0 1
    outer loop
      vertex 114.56 28.5 55
      vertex 114.56 14.94 55
      vertex 114.854 14.9256 55
    endloop
  endfacet
  facet normal 0 0 1
    outer loop
      vertex 114.266 28.5144 55
      vertex 114.56 14.94 55
      vertex 114.56 28.5 55
    endloop
  endfacet
  facet normal 0 0 1
    outer loop
      vertex 114.266 28.5144 55
      vertex 114.266 14.9256 55
      vertex 114.56 14.94 55
    endloop
  endfacet
  facet normal 0 0 1
    outer loop
      vertex 113.975 28.5576 55
      vertex 114.266 14.9256 55
      vertex 114.266 28.5144 55
    endloop
  endfacet
  facet normal 0 0 1
    outer loop
      vertex 113.975 28.5576 55
      vertex 113.975 14.8824 55
      vertex 114.266 14.9256 55
    endloop
  endfacet
  facet normal 0 0 1
    outer loop
      vertex 113.689 28.6292 55
      vertex 113.975 14.8824 55
      vertex 113.975 28.5576 55
    endloop
  endfacet
  facet normal 0 0 1
    outer loop
      vertex 113.689 28.6292 55
      vertex 113.689 14.8108 55
      vertex 113.975 14.8824 55
    endloop
  endfacet
  facet normal 0 0 1
    outer loop
      vertex 113.412 28.7284 55
      vertex 113.689 14.8108 55
      vertex 113.689 28.6292 55
    endloop
  endfacet
  facet normal 0 0 1
    outer loop
      vertex 113.412 28.7284 55
      vertex 113.412 14.7116 55
      vertex 113.689 14.8108 55
    endloop
  endfacet
  facet normal 0 0 1
    outer loop
      vertex 113.146 28.8542 55
      vertex 113.412 14.7116 55
      vertex 113.412 28.7284 55
    endloop
  endfacet
  facet normal 0 0 1
    outer loop
      vertex 113.146 28.8542 55
      vertex 113.146 14.5858 55
      vertex 113.412 14.7116 55
    endloop
  endfacet
  facet normal 0 0 1
    outer loop
      vertex 112.893 29.0056 55
      vertex 113.146 14.5858 55
      vertex 113.146 28.8542 55
    endloop
  endfacet
  facet normal 0 0 1
    outer loop
      vertex 112.893 29.0056 55
      vertex 112.893 14.4344 55
      vertex 113.146 14.5858 55
    endloop
  endfacet
  facet normal 0 0 1
    outer loop
      vertex 112.657 29.181 55
      vertex 112.893 14.4344 55
      vertex 112.893 29.0056 55
    endloop
  endfacet
  facet normal 0 0 1
    outer loop
      vertex 112.657 29.181 55
      vertex 112.657 14.259 55
      vertex 112.893 14.4344 55
    endloop
  endfacet
  facet normal 0 0 1
    outer loop
      vertex 112.439 29.3787 55
      vertex 112.657 14.259 55
      vertex 112.657 29.181 55
    endloop
  endfacet
  facet normal 0 0 1
    outer loop
      vertex 112.439 29.3787 55
      vertex 112.439 14.0613 55
      vertex 112.657 14.259 55
    endloop
  endfacet
  facet normal 0 0 1
    outer loop
      vertex 97.7716 30.3519 55
      vertex 111.788 30.3519 55
      vertex 97.8708 30.6291 55
    endloop
  endfacet
  facet normal 0 0 1
    outer loop
      vertex 111.788 30.3519 55
      vertex 97.7716 30.3519 55
      vertex 111.914 30.0858 55
    endloop
  endfacet
  facet normal 0 0 1
    outer loop
      vertex 111.689 30.6291 55
      vertex 97.8708 30.6291 55
      vertex 111.788 30.3519 55
    endloop
  endfacet
  facet normal 0 0 1
    outer loop
      vertex 97.6458 30.0858 55
      vertex 111.914 30.0858 55
      vertex 97.7716 30.3519 55
    endloop
  endfacet
  facet normal 0 0 1
    outer loop
      vertex 97.8708 30.6291 55
      vertex 111.689 30.6291 55
      vertex 97.9424 30.9147 55
    endloop
  endfacet
  facet normal 0 0 1
    outer loop
      vertex 112.439 14.0613 55
      vertex 98 11.94 55
      vertex 112.241 13.8432 55
    endloop
  endfacet
  facet normal 0 0 1
    outer loop
      vertex 111.618 30.9147 55
      vertex 97.9424 30.9147 55
      vertex 111.689 30.6291 55
    endloop
  endfacet
  facet normal 0 0 1
    outer loop
      vertex 112.241 13.8432 55
      vertex 98 11.94 55
      vertex 112.066 13.6067 55
    endloop
  endfacet
  facet normal 0 0 1
    outer loop
      vertex 97.9424 30.9147 55
      vertex 111.618 30.9147 55
      vertex 97.9855 31.2059 55
    endloop
  endfacet
  facet normal 0 0 1
    outer loop
      vertex 112.066 13.6067 55
      vertex 98 11.94 55
      vertex 111.914 13.3542 55
    endloop
  endfacet
  facet normal 0 0 1
    outer loop
      vertex 111.574 31.2059 55
      vertex 97.9855 31.2059 55
      vertex 111.618 30.9147 55
    endloop
  endfacet
  facet normal 0 0 1
    outer loop
      vertex 111.914 13.3542 55
      vertex 98 11.94 55
      vertex 111.788 13.088 55
    endloop
  endfacet
  facet normal 0 0 1
    outer loop
      vertex 97.9855 31.2059 55
      vertex 111.574 31.2059 55
      vertex 98 31.5 55
    endloop
  endfacet
  facet normal 0 0 1
    outer loop
      vertex 111.788 13.088 55
      vertex 98 11.94 55
      vertex 111.689 12.8109 55
    endloop
  endfacet
  facet normal -0 0 1
    outer loop
      vertex 98 31.5 55
      vertex 111.574 31.2059 55
      vertex 111.56 31.5 55
    endloop
  endfacet
  facet normal 0 0 1
    outer loop
      vertex 111.689 12.8109 55
      vertex 98 11.94 55
      vertex 111.618 12.5253 55
    endloop
  endfacet
  facet normal -0 0 1
    outer loop
      vertex 117.546 31.7941 55
      vertex 127.76 0 55
      vertex 117.546 50.7659 55
    endloop
  endfacet
  facet normal 0 0 1
    outer loop
      vertex 127.76 0 55
      vertex 117.546 31.7941 55
      vertex 117.56 31.5 55
    endloop
  endfacet
  facet normal -0 0 1
    outer loop
      vertex 117.502 50.4747 55
      vertex 117.546 31.7941 55
      vertex 117.546 50.7659 55
    endloop
  endfacet
  facet normal 0 0 1
    outer loop
      vertex 117.502 50.4747 55
      vertex 117.502 32.0853 55
      vertex 117.546 31.7941 55
    endloop
  endfacet
  facet normal -0 0 1
    outer loop
      vertex 117.431 50.1891 55
      vertex 117.502 32.0853 55
      vertex 117.502 50.4747 55
    endloop
  endfacet
  facet normal 0 0 1
    outer loop
      vertex 117.431 50.1891 55
      vertex 117.431 32.3709 55
      vertex 117.502 32.0853 55
    endloop
  endfacet
  facet normal -0 0 1
    outer loop
      vertex 117.332 49.9119 55
      vertex 117.431 32.3709 55
      vertex 117.431 50.1891 55
    endloop
  endfacet
  facet normal 0 0 1
    outer loop
      vertex 117.332 49.9119 55
      vertex 117.332 32.648 55
      vertex 117.431 32.3709 55
    endloop
  endfacet
  facet normal -0 0 1
    outer loop
      vertex 117.206 49.6458 55
      vertex 117.332 32.648 55
      vertex 117.332 49.9119 55
    endloop
  endfacet
  facet normal 0 0 1
    outer loop
      vertex 117.206 49.6458 55
      vertex 117.206 32.9142 55
      vertex 117.332 32.648 55
    endloop
  endfacet
  facet normal -0 0 1
    outer loop
      vertex 117.054 49.3933 55
      vertex 117.206 32.9142 55
      vertex 117.206 49.6458 55
    endloop
  endfacet
  facet normal 0 0 1
    outer loop
      vertex 117.054 49.3933 55
      vertex 117.054 33.1667 55
      vertex 117.206 32.9142 55
    endloop
  endfacet
  facet normal -0 0 1
    outer loop
      vertex 116.879 49.1568 55
      vertex 117.054 33.1667 55
      vertex 117.054 49.3933 55
    endloop
  endfacet
  facet normal 0 0 1
    outer loop
      vertex 116.879 49.1568 55
      vertex 116.879 33.4032 55
      vertex 117.054 33.1667 55
    endloop
  endfacet
  facet normal -0 0 1
    outer loop
      vertex 116.681 48.9387 55
      vertex 116.879 33.4032 55
      vertex 116.879 49.1568 55
    endloop
  endfacet
  facet normal 0 0 1
    outer loop
      vertex 116.681 48.9387 55
      vertex 116.681 33.6213 55
      vertex 116.879 33.4032 55
    endloop
  endfacet
  facet normal -0 0 1
    outer loop
      vertex 116.463 48.741 55
      vertex 116.681 33.6213 55
      vertex 116.681 48.9387 55
    endloop
  endfacet
  facet normal 0 0 1
    outer loop
      vertex 116.463 48.741 55
      vertex 116.463 33.819 55
      vertex 116.681 33.6213 55
    endloop
  endfacet
  facet normal -0 0 1
    outer loop
      vertex 116.227 48.5656 55
      vertex 116.463 33.819 55
      vertex 116.463 48.741 55
    endloop
  endfacet
  facet normal 0 0 1
    outer loop
      vertex 116.227 48.5656 55
      vertex 116.227 33.9944 55
      vertex 116.463 33.819 55
    endloop
  endfacet
  facet normal -0 0 1
    outer loop
      vertex 115.974 48.4142 55
      vertex 116.227 33.9944 55
      vertex 116.227 48.5656 55
    endloop
  endfacet
  facet normal 0 0 1
    outer loop
      vertex 115.974 48.4142 55
      vertex 115.974 34.1458 55
      vertex 116.227 33.9944 55
    endloop
  endfacet
  facet normal -0 0 1
    outer loop
      vertex 115.708 48.2884 55
      vertex 115.974 34.1458 55
      vertex 115.974 48.4142 55
    endloop
  endfacet
  facet normal 0 0 1
    outer loop
      vertex 115.708 48.2884 55
      vertex 115.708 34.2716 55
      vertex 115.974 34.1458 55
    endloop
  endfacet
  facet normal -0 0 1
    outer loop
      vertex 115.431 48.1892 55
      vertex 115.708 34.2716 55
      vertex 115.708 48.2884 55
    endloop
  endfacet
  facet normal 0 0 1
    outer loop
      vertex 115.431 48.1892 55
      vertex 115.431 34.3708 55
      vertex 115.708 34.2716 55
    endloop
  endfacet
  facet normal -0 0 1
    outer loop
      vertex 115.145 48.1176 55
      vertex 115.431 34.3708 55
      vertex 115.431 48.1892 55
    endloop
  endfacet
  facet normal 0 0 1
    outer loop
      vertex 115.145 48.1176 55
      vertex 115.145 34.4424 55
      vertex 115.431 34.3708 55
    endloop
  endfacet
  facet normal -0 0 1
    outer loop
      vertex 114.854 48.0744 55
      vertex 115.145 34.4424 55
      vertex 115.145 48.1176 55
    endloop
  endfacet
  facet normal 0 0 1
    outer loop
      vertex 114.854 48.0744 55
      vertex 114.854 34.4856 55
      vertex 115.145 34.4424 55
    endloop
  endfacet
  facet normal -0 0 1
    outer loop
      vertex 114.56 48.06 55
      vertex 114.854 34.4856 55
      vertex 114.854 48.0744 55
    endloop
  endfacet
  facet normal 0 0 1
    outer loop
      vertex 114.56 48.06 55
      vertex 114.56 34.5 55
      vertex 114.854 34.4856 55
    endloop
  endfacet
  facet normal 0 0 1
    outer loop
      vertex 114.266 48.0744 55
      vertex 114.56 34.5 55
      vertex 114.56 48.06 55
    endloop
  endfacet
  facet normal 0 0 1
    outer loop
      vertex 114.266 48.0744 55
      vertex 114.266 34.4856 55
      vertex 114.56 34.5 55
    endloop
  endfacet
  facet normal 0 0 1
    outer loop
      vertex 113.975 48.1176 55
      vertex 114.266 34.4856 55
      vertex 114.266 48.0744 55
    endloop
  endfacet
  facet normal 0 0 1
    outer loop
      vertex 113.975 48.1176 55
      vertex 113.975 34.4424 55
      vertex 114.266 34.4856 55
    endloop
  endfacet
  facet normal 0 0 1
    outer loop
      vertex 113.689 48.1892 55
      vertex 113.975 34.4424 55
      vertex 113.975 48.1176 55
    endloop
  endfacet
  facet normal 0 0 1
    outer loop
      vertex 113.689 48.1892 55
      vertex 113.689 34.3708 55
      vertex 113.975 34.4424 55
    endloop
  endfacet
  facet normal 0 0 1
    outer loop
      vertex 113.412 48.2884 55
      vertex 113.689 34.3708 55
      vertex 113.689 48.1892 55
    endloop
  endfacet
  facet normal 0 0 1
    outer loop
      vertex 113.412 48.2884 55
      vertex 113.412 34.2716 55
      vertex 113.689 34.3708 55
    endloop
  endfacet
  facet normal 0 0 1
    outer loop
      vertex 113.146 48.4142 55
      vertex 113.412 34.2716 55
      vertex 113.412 48.2884 55
    endloop
  endfacet
  facet normal 0 0 1
    outer loop
      vertex 113.146 48.4142 55
      vertex 113.146 34.1458 55
      vertex 113.412 34.2716 55
    endloop
  endfacet
  facet normal 0 0 1
    outer loop
      vertex 112.893 48.5656 55
      vertex 113.146 34.1458 55
      vertex 113.146 48.4142 55
    endloop
  endfacet
  facet normal 0 0 1
    outer loop
      vertex 112.893 48.5656 55
      vertex 112.893 33.9944 55
      vertex 113.146 34.1458 55
    endloop
  endfacet
  facet normal 0 0 1
    outer loop
      vertex 112.657 48.741 55
      vertex 112.893 33.9944 55
      vertex 112.893 48.5656 55
    endloop
  endfacet
  facet normal 0 0 1
    outer loop
      vertex 112.657 48.741 55
      vertex 112.657 33.819 55
      vertex 112.893 33.9944 55
    endloop
  endfacet
  facet normal 0 0 1
    outer loop
      vertex 112.439 48.9387 55
      vertex 112.657 33.819 55
      vertex 112.657 48.741 55
    endloop
  endfacet
  facet normal 0 0 1
    outer loop
      vertex 112.439 48.9387 55
      vertex 112.439 33.6213 55
      vertex 112.657 33.819 55
    endloop
  endfacet
  facet normal 0 0 1
    outer loop
      vertex 97.7716 49.9119 55
      vertex 111.788 49.9119 55
      vertex 97.8708 50.1891 55
    endloop
  endfacet
  facet normal 0 0 1
    outer loop
      vertex 111.788 49.9119 55
      vertex 97.7716 49.9119 55
      vertex 111.914 49.6458 55
    endloop
  endfacet
  facet normal 0 0 1
    outer loop
      vertex 111.689 50.1891 55
      vertex 97.8708 50.1891 55
      vertex 111.788 49.9119 55
    endloop
  endfacet
  facet normal 0 0 1
    outer loop
      vertex 97.6458 49.6458 55
      vertex 111.914 49.6458 55
      vertex 97.7716 49.9119 55
    endloop
  endfacet
  facet normal 0 0 1
    outer loop
      vertex 97.8708 50.1891 55
      vertex 111.689 50.1891 55
      vertex 97.9424 50.4747 55
    endloop
  endfacet
  facet normal 0 0 1
    outer loop
      vertex 112.439 33.6213 55
      vertex 98 31.5 55
      vertex 112.241 33.4032 55
    endloop
  endfacet
  facet normal 0 0 1
    outer loop
      vertex 111.618 50.4747 55
      vertex 97.9424 50.4747 55
      vertex 111.689 50.1891 55
    endloop
  endfacet
  facet normal 0 0 1
    outer loop
      vertex 112.241 33.4032 55
      vertex 98 31.5 55
      vertex 112.066 33.1667 55
    endloop
  endfacet
  facet normal 0 0 1
    outer loop
      vertex 97.9424 50.4747 55
      vertex 111.618 50.4747 55
      vertex 97.9855 50.7659 55
    endloop
  endfacet
  facet normal 0 0 1
    outer loop
      vertex 112.066 33.1667 55
      vertex 98 31.5 55
      vertex 111.914 32.9142 55
    endloop
  endfacet
  facet normal 0 0 1
    outer loop
      vertex 111.574 50.7659 55
      vertex 97.9855 50.7659 55
      vertex 111.618 50.4747 55
    endloop
  endfacet
  facet normal 0 0 1
    outer loop
      vertex 111.914 32.9142 55
      vertex 98 31.5 55
      vertex 111.788 32.648 55
    endloop
  endfacet
  facet normal 0 0 1
    outer loop
      vertex 97.9855 50.7659 55
      vertex 111.574 50.7659 55
      vertex 98 51.06 55
    endloop
  endfacet
  facet normal 0 0 1
    outer loop
      vertex 111.788 32.648 55
      vertex 98 31.5 55
      vertex 111.689 32.3709 55
    endloop
  endfacet
  facet normal -0 0 1
    outer loop
      vertex 98 51.06 55
      vertex 111.574 50.7659 55
      vertex 111.56 51.06 55
    endloop
  endfacet
  facet normal 0 0 1
    outer loop
      vertex 111.689 32.3709 55
      vertex 98 31.5 55
      vertex 111.618 32.0853 55
    endloop
  endfacet
  facet normal 0 0 1
    outer loop
      vertex 117.502 70.0347 55
      vertex 127.76 85.48 55
      vertex 117.546 70.326 55
    endloop
  endfacet
  facet normal 0 0 1
    outer loop
      vertex 127.76 85.48 55
      vertex 117.546 51.354 55
      vertex 117.56 51.06 55
    endloop
  endfacet
  facet normal 0 0 1
    outer loop
      vertex 117.431 69.7491 55
      vertex 127.76 85.48 55
      vertex 117.502 70.0347 55
    endloop
  endfacet
  facet normal 0 0 1
    outer loop
      vertex 127.76 85.48 55
      vertex 117.502 51.6453 55
      vertex 117.546 51.354 55
    endloop
  endfacet
  facet normal 0 0 1
    outer loop
      vertex 117.431 51.9309 55
      vertex 127.76 85.48 55
      vertex 117.431 69.7491 55
    endloop
  endfacet
  facet normal 0 0 1
    outer loop
      vertex 127.76 85.48 55
      vertex 117.431 51.9309 55
      vertex 117.502 51.6453 55
    endloop
  endfacet
  facet normal -0 0 1
    outer loop
      vertex 117.332 69.4719 55
      vertex 117.431 51.9309 55
      vertex 117.431 69.7491 55
    endloop
  endfacet
  facet normal 0 0 1
    outer loop
      vertex 117.332 69.4719 55
      vertex 117.332 52.208 55
      vertex 117.431 51.9309 55
    endloop
  endfacet
  facet normal -0 0 1
    outer loop
      vertex 117.206 69.2058 55
      vertex 117.332 52.208 55
      vertex 117.332 69.4719 55
    endloop
  endfacet
  facet normal 0 0 1
    outer loop
      vertex 117.206 69.2058 55
      vertex 117.206 52.4742 55
      vertex 117.332 52.208 55
    endloop
  endfacet
  facet normal -0 0 1
    outer loop
      vertex 117.054 68.9533 55
      vertex 117.206 52.4742 55
      vertex 117.206 69.2058 55
    endloop
  endfacet
  facet normal 0 0 1
    outer loop
      vertex 117.054 68.9533 55
      vertex 117.054 52.7267 55
      vertex 117.206 52.4742 55
    endloop
  endfacet
  facet normal -0 0 1
    outer loop
      vertex 116.879 68.7168 55
      vertex 117.054 52.7267 55
      vertex 117.054 68.9533 55
    endloop
  endfacet
  facet normal 0 0 1
    outer loop
      vertex 116.879 68.7168 55
      vertex 116.879 52.9632 55
      vertex 117.054 52.7267 55
    endloop
  endfacet
  facet normal -0 0 1
    outer loop
      vertex 116.681 68.4987 55
      vertex 116.879 52.9632 55
      vertex 116.879 68.7168 55
    endloop
  endfacet
  facet normal 0 0 1
    outer loop
      vertex 116.681 68.4987 55
      vertex 116.681 53.1813 55
      vertex 116.879 52.9632 55
    endloop
  endfacet
  facet normal -0 0 1
    outer loop
      vertex 116.463 68.301 55
      vertex 116.681 53.1813 55
      vertex 116.681 68.4987 55
    endloop
  endfacet
  facet normal 0 0 1
    outer loop
      vertex 116.463 68.301 55
      vertex 116.463 53.379 55
      vertex 116.681 53.1813 55
    endloop
  endfacet
  facet normal -0 0 1
    outer loop
      vertex 116.227 68.1256 55
      vertex 116.463 53.379 55
      vertex 116.463 68.301 55
    endloop
  endfacet
  facet normal 0 0 1
    outer loop
      vertex 116.227 68.1256 55
      vertex 116.227 53.5544 55
      vertex 116.463 53.379 55
    endloop
  endfacet
  facet normal -0 0 1
    outer loop
      vertex 115.974 67.9742 55
      vertex 116.227 53.5544 55
      vertex 116.227 68.1256 55
    endloop
  endfacet
  facet normal 0 0 1
    outer loop
      vertex 115.974 67.9742 55
      vertex 115.974 53.7058 55
      vertex 116.227 53.5544 55
    endloop
  endfacet
  facet normal -0 0 1
    outer loop
      vertex 115.708 67.8484 55
      vertex 115.974 53.7058 55
      vertex 115.974 67.9742 55
    endloop
  endfacet
  facet normal 0 0 1
    outer loop
      vertex 115.708 67.8484 55
      vertex 115.708 53.8316 55
      vertex 115.974 53.7058 55
    endloop
  endfacet
  facet normal -0 0 1
    outer loop
      vertex 115.431 67.7492 55
      vertex 115.708 53.8316 55
      vertex 115.708 67.8484 55
    endloop
  endfacet
  facet normal 0 0 1
    outer loop
      vertex 115.431 67.7492 55
      vertex 115.431 53.9308 55
      vertex 115.708 53.8316 55
    endloop
  endfacet
  facet normal -0 0 1
    outer loop
      vertex 115.145 67.6776 55
      vertex 115.431 53.9308 55
      vertex 115.431 67.7492 55
    endloop
  endfacet
  facet normal 0 0 1
    outer loop
      vertex 115.145 67.6776 55
      vertex 115.145 54.0024 55
      vertex 115.431 53.9308 55
    endloop
  endfacet
  facet normal -0 0 1
    outer loop
      vertex 114.854 67.6344 55
      vertex 115.145 54.0024 55
      vertex 115.145 67.6776 55
    endloop
  endfacet
  facet normal 0 0 1
    outer loop
      vertex 114.854 67.6344 55
      vertex 114.854 54.0456 55
      vertex 115.145 54.0024 55
    endloop
  endfacet
  facet normal -0 0 1
    outer loop
      vertex 114.56 67.62 55
      vertex 114.854 54.0456 55
      vertex 114.854 67.6344 55
    endloop
  endfacet
  facet normal 0 0 1
    outer loop
      vertex 114.56 67.62 55
      vertex 114.56 54.06 55
      vertex 114.854 54.0456 55
    endloop
  endfacet
  facet normal 0 0 1
    outer loop
      vertex 114.266 67.6344 55
      vertex 114.56 54.06 55
      vertex 114.56 67.62 55
    endloop
  endfacet
  facet normal 0 0 1
    outer loop
      vertex 114.266 67.6344 55
      vertex 114.266 54.0456 55
      vertex 114.56 54.06 55
    endloop
  endfacet
  facet normal 0 0 1
    outer loop
      vertex 113.975 67.6776 55
      vertex 114.266 54.0456 55
      vertex 114.266 67.6344 55
    endloop
  endfacet
  facet normal 0 0 1
    outer loop
      vertex 113.975 67.6776 55
      vertex 113.975 54.0024 55
      vertex 114.266 54.0456 55
    endloop
  endfacet
  facet normal 0 0 1
    outer loop
      vertex 113.689 67.7492 55
      vertex 113.975 54.0024 55
      vertex 113.975 67.6776 55
    endloop
  endfacet
  facet normal 0 0 1
    outer loop
      vertex 113.689 67.7492 55
      vertex 113.689 53.9308 55
      vertex 113.975 54.0024 55
    endloop
  endfacet
  facet normal 0 0 1
    outer loop
      vertex 113.412 67.8484 55
      vertex 113.689 53.9308 55
      vertex 113.689 67.7492 55
    endloop
  endfacet
  facet normal 0 0 1
    outer loop
      vertex 113.412 67.8484 55
      vertex 113.412 53.8316 55
      vertex 113.689 53.9308 55
    endloop
  endfacet
  facet normal 0 0 1
    outer loop
      vertex 113.146 67.9742 55
      vertex 113.412 53.8316 55
      vertex 113.412 67.8484 55
    endloop
  endfacet
  facet normal 0 0 1
    outer loop
      vertex 113.146 67.9742 55
      vertex 113.146 53.7058 55
      vertex 113.412 53.8316 55
    endloop
  endfacet
  facet normal 0 0 1
    outer loop
      vertex 112.893 68.1256 55
      vertex 113.146 53.7058 55
      vertex 113.146 67.9742 55
    endloop
  endfacet
  facet normal 0 0 1
    outer loop
      vertex 112.893 68.1256 55
      vertex 112.893 53.5544 55
      vertex 113.146 53.7058 55
    endloop
  endfacet
  facet normal 0 0 1
    outer loop
      vertex 112.657 68.301 55
      vertex 112.893 53.5544 55
      vertex 112.893 68.1256 55
    endloop
  endfacet
  facet normal 0 0 1
    outer loop
      vertex 112.657 68.301 55
      vertex 112.657 53.379 55
      vertex 112.893 53.5544 55
    endloop
  endfacet
  facet normal 0 0 1
    outer loop
      vertex 112.439 68.4987 55
      vertex 112.657 53.379 55
      vertex 112.657 68.301 55
    endloop
  endfacet
  facet normal 0 0 1
    outer loop
      vertex 112.439 68.4987 55
      vertex 112.439 53.1813 55
      vertex 112.657 53.379 55
    endloop
  endfacet
  facet normal 0 0 1
    outer loop
      vertex 97.7716 69.4719 55
      vertex 111.788 69.4719 55
      vertex 97.8708 69.7491 55
    endloop
  endfacet
  facet normal 0 0 1
    outer loop
      vertex 111.788 69.4719 55
      vertex 97.7716 69.4719 55
      vertex 111.914 69.2058 55
    endloop
  endfacet
  facet normal 0 0 1
    outer loop
      vertex 111.689 69.7491 55
      vertex 97.8708 69.7491 55
      vertex 111.788 69.4719 55
    endloop
  endfacet
  facet normal 0 0 1
    outer loop
      vertex 97.6458 69.2058 55
      vertex 111.914 69.2058 55
      vertex 97.7716 69.4719 55
    endloop
  endfacet
  facet normal 0 0 1
    outer loop
      vertex 97.8708 69.7491 55
      vertex 111.689 69.7491 55
      vertex 97.9424 70.0347 55
    endloop
  endfacet
  facet normal 0 0 1
    outer loop
      vertex 112.439 53.1813 55
      vertex 98 51.06 55
      vertex 112.241 52.9632 55
    endloop
  endfacet
  facet normal 0 0 1
    outer loop
      vertex 111.618 70.0347 55
      vertex 97.9424 70.0347 55
      vertex 111.689 69.7491 55
    endloop
  endfacet
  facet normal 0 0 1
    outer loop
      vertex 112.241 52.9632 55
      vertex 98 51.06 55
      vertex 112.066 52.7267 55
    endloop
  endfacet
  facet normal 0 0 1
    outer loop
      vertex 97.9424 70.0347 55
      vertex 111.618 70.0347 55
      vertex 97.9855 70.326 55
    endloop
  endfacet
  facet normal 0 0 1
    outer loop
      vertex 112.066 52.7267 55
      vertex 98 51.06 55
      vertex 111.914 52.4742 55
    endloop
  endfacet
  facet normal 0 0 1
    outer loop
      vertex 111.574 70.326 55
      vertex 97.9855 70.326 55
      vertex 111.618 70.0347 55
    endloop
  endfacet
  facet normal 0 0 1
    outer loop
      vertex 111.914 52.4742 55
      vertex 98 51.06 55
      vertex 111.788 52.208 55
    endloop
  endfacet
  facet normal 0 0 1
    outer loop
      vertex 97.9855 70.326 55
      vertex 111.574 70.326 55
      vertex 98 70.62 55
    endloop
  endfacet
  facet normal 0 0 1
    outer loop
      vertex 111.788 52.208 55
      vertex 98 51.06 55
      vertex 111.689 51.9309 55
    endloop
  endfacet
  facet normal -0 0 1
    outer loop
      vertex 98 70.62 55
      vertex 111.574 70.326 55
      vertex 111.56 70.62 55
    endloop
  endfacet
  facet normal 0 0 1
    outer loop
      vertex 111.689 51.9309 55
      vertex 98 51.06 55
      vertex 111.618 51.6453 55
    endloop
  endfacet
  facet normal 0 0 1
    outer loop
      vertex 117.546 70.326 55
      vertex 127.76 85.48 55
      vertex 117.56 70.62 55
    endloop
  endfacet
  facet normal 0 0 1
    outer loop
      vertex 127.76 85.48 55
      vertex 117.546 70.914 55
      vertex 117.56 70.62 55
    endloop
  endfacet
  facet normal 0 0 1
    outer loop
      vertex 127.76 85.48 55
      vertex 117.502 71.2053 55
      vertex 117.546 70.914 55
    endloop
  endfacet
  facet normal 0 0 1
    outer loop
      vertex 127.76 85.48 55
      vertex 117.431 71.4909 55
      vertex 117.502 71.2053 55
    endloop
  endfacet
  facet normal 0 0 1
    outer loop
      vertex 127.76 85.48 55
      vertex 117.332 71.7681 55
      vertex 117.431 71.4909 55
    endloop
  endfacet
  facet normal 0 0 1
    outer loop
      vertex 127.76 85.48 55
      vertex 117.206 72.0342 55
      vertex 117.332 71.7681 55
    endloop
  endfacet
  facet normal 0 0 1
    outer loop
      vertex 127.76 85.48 55
      vertex 117.054 72.2867 55
      vertex 117.206 72.0342 55
    endloop
  endfacet
  facet normal 0 0 1
    outer loop
      vertex 127.76 85.48 55
      vertex 116.879 72.5232 55
      vertex 117.054 72.2867 55
    endloop
  endfacet
  facet normal 0 0 1
    outer loop
      vertex 127.76 85.48 55
      vertex 116.681 72.7413 55
      vertex 116.879 72.5232 55
    endloop
  endfacet
  facet normal 0 0 1
    outer loop
      vertex 127.76 85.48 55
      vertex 116.463 72.939 55
      vertex 116.681 72.7413 55
    endloop
  endfacet
  facet normal 0 0 1
    outer loop
      vertex 127.76 85.48 55
      vertex 116.227 73.1144 55
      vertex 116.463 72.939 55
    endloop
  endfacet
  facet normal 0 0 1
    outer loop
      vertex 127.76 85.48 55
      vertex 115.974 73.2658 55
      vertex 116.227 73.1144 55
    endloop
  endfacet
  facet normal 0 0 1
    outer loop
      vertex 127.76 85.48 55
      vertex 115.708 73.3916 55
      vertex 115.974 73.2658 55
    endloop
  endfacet
  facet normal 0 0 1
    outer loop
      vertex 127.76 85.48 55
      vertex 115.431 73.4908 55
      vertex 115.708 73.3916 55
    endloop
  endfacet
  facet normal 0 0 1
    outer loop
      vertex 127.76 85.48 55
      vertex 115.145 73.5624 55
      vertex 115.431 73.4908 55
    endloop
  endfacet
  facet normal 0 0 1
    outer loop
      vertex 127.76 85.48 55
      vertex 114.854 73.6056 55
      vertex 115.145 73.5624 55
    endloop
  endfacet
  facet normal 0 0 1
    outer loop
      vertex 127.76 85.48 55
      vertex 114.56 73.62 55
      vertex 114.854 73.6056 55
    endloop
  endfacet
  facet normal 0 0 1
    outer loop
      vertex 127.76 85.48 55
      vertex 114.266 73.6056 55
      vertex 114.56 73.62 55
    endloop
  endfacet
  facet normal 0 0 1
    outer loop
      vertex 127.76 85.48 55
      vertex 113.975 73.5624 55
      vertex 114.266 73.6056 55
    endloop
  endfacet
  facet normal 0 0 1
    outer loop
      vertex 127.76 85.48 55
      vertex 113.689 73.4908 55
      vertex 113.975 73.5624 55
    endloop
  endfacet
  facet normal 0 0 1
    outer loop
      vertex 127.76 85.48 55
      vertex 113.412 73.3916 55
      vertex 113.689 73.4908 55
    endloop
  endfacet
  facet normal 0 0 1
    outer loop
      vertex 96.148 73.3916 55
      vertex 113.412 73.3916 55
      vertex 127.76 85.48 55
    endloop
  endfacet
  facet normal 0 0 1
    outer loop
      vertex 113.412 73.3916 55
      vertex 96.148 73.3916 55
      vertex 113.146 73.2658 55
    endloop
  endfacet
  facet normal 0 -0 1
    outer loop
      vertex 96.4142 73.2658 55
      vertex 113.146 73.2658 55
      vertex 96.148 73.3916 55
    endloop
  endfacet
  facet normal 0 0 1
    outer loop
      vertex 111.574 51.354 55
      vertex 98 51.06 55
      vertex 111.56 51.06 55
    endloop
  endfacet
  facet normal 0 0 1
    outer loop
      vertex 111.618 32.0853 55
      vertex 98 31.5 55
      vertex 111.574 31.7941 55
    endloop
  endfacet
  facet normal 0 0 1
    outer loop
      vertex 111.618 51.6453 55
      vertex 98 51.06 55
      vertex 111.574 51.354 55
    endloop
  endfacet
  facet normal 0 0 1
    outer loop
      vertex 111.574 70.914 55
      vertex 98 70.62 55
      vertex 111.56 70.62 55
    endloop
  endfacet
  facet normal 0 0 1
    outer loop
      vertex 97.9855 70.914 55
      vertex 111.574 70.914 55
      vertex 111.618 71.2053 55
    endloop
  endfacet
  facet normal 0 0 1
    outer loop
      vertex 97.9424 71.2053 55
      vertex 111.618 71.2053 55
      vertex 111.689 71.4909 55
    endloop
  endfacet
  facet normal 0 0 1
    outer loop
      vertex 97.8708 71.4909 55
      vertex 111.689 71.4909 55
      vertex 111.788 71.7681 55
    endloop
  endfacet
  facet normal 0 0 1
    outer loop
      vertex 97.7716 71.7681 55
      vertex 111.788 71.7681 55
      vertex 111.914 72.0342 55
    endloop
  endfacet
  facet normal 0 0 1
    outer loop
      vertex 97.6458 72.0342 55
      vertex 111.914 72.0342 55
      vertex 112.066 72.2867 55
    endloop
  endfacet
  facet normal 0 0 1
    outer loop
      vertex 97.4944 72.2867 55
      vertex 112.066 72.2867 55
      vertex 112.241 72.5232 55
    endloop
  endfacet
  facet normal 0 0 1
    outer loop
      vertex 97.319 72.5232 55
      vertex 112.241 72.5232 55
      vertex 112.439 72.7413 55
    endloop
  endfacet
  facet normal 0 0 1
    outer loop
      vertex 97.1213 72.7413 55
      vertex 112.439 72.7413 55
      vertex 112.657 72.939 55
    endloop
  endfacet
  facet normal 0 0 1
    outer loop
      vertex 113.146 73.2658 55
      vertex 96.4142 73.2658 55
      vertex 112.893 73.1144 55
    endloop
  endfacet
  facet normal 0 0 1
    outer loop
      vertex 111.574 70.914 55
      vertex 97.9855 70.914 55
      vertex 98 70.62 55
    endloop
  endfacet
  facet normal 0 0 1
    outer loop
      vertex 111.618 71.2053 55
      vertex 97.9424 71.2053 55
      vertex 97.9855 70.914 55
    endloop
  endfacet
  facet normal 0 0 1
    outer loop
      vertex 111.689 71.4909 55
      vertex 97.8708 71.4909 55
      vertex 97.9424 71.2053 55
    endloop
  endfacet
  facet normal 0 0 1
    outer loop
      vertex 111.788 71.7681 55
      vertex 97.7716 71.7681 55
      vertex 97.8708 71.4909 55
    endloop
  endfacet
  facet normal 0 0 1
    outer loop
      vertex 111.914 72.0342 55
      vertex 97.6458 72.0342 55
      vertex 97.7716 71.7681 55
    endloop
  endfacet
  facet normal 0 0 1
    outer loop
      vertex 112.066 72.2867 55
      vertex 97.4944 72.2867 55
      vertex 97.6458 72.0342 55
    endloop
  endfacet
  facet normal 0 0 1
    outer loop
      vertex 112.241 72.5232 55
      vertex 97.319 72.5232 55
      vertex 97.4944 72.2867 55
    endloop
  endfacet
  facet normal 0 0 1
    outer loop
      vertex 112.439 72.7413 55
      vertex 97.1213 72.7413 55
      vertex 97.319 72.5232 55
    endloop
  endfacet
  facet normal 0 0 1
    outer loop
      vertex 112.657 72.939 55
      vertex 96.9032 72.939 55
      vertex 97.1213 72.7413 55
    endloop
  endfacet
  facet normal 0 0 1
    outer loop
      vertex 112.657 72.939 55
      vertex 96.6667 73.1144 55
      vertex 96.9032 72.939 55
    endloop
  endfacet
  facet normal 0 0 1
    outer loop
      vertex 112.893 73.1144 55
      vertex 96.6667 73.1144 55
      vertex 112.657 72.939 55
    endloop
  endfacet
  facet normal 0 -0 1
    outer loop
      vertex 96.6667 73.1144 55
      vertex 112.893 73.1144 55
      vertex 96.4142 73.2658 55
    endloop
  endfacet
  facet normal 0 0 1
    outer loop
      vertex 127.76 85.48 55
      vertex 95.8708 73.4908 55
      vertex 96.148 73.3916 55
    endloop
  endfacet
  facet normal 0 0 1
    outer loop
      vertex 127.76 85.48 55
      vertex 95.5853 73.5624 55
      vertex 95.8708 73.4908 55
    endloop
  endfacet
  facet normal 0 0 1
    outer loop
      vertex 127.76 85.48 55
      vertex 95.2941 73.6056 55
      vertex 95.5853 73.5624 55
    endloop
  endfacet
  facet normal 0 0 1
    outer loop
      vertex 127.76 85.48 55
      vertex 95 73.62 55
      vertex 95.2941 73.6056 55
    endloop
  endfacet
  facet normal 0 0 1
    outer loop
      vertex 127.76 85.48 55
      vertex 94.7059 73.6056 55
      vertex 95 73.62 55
    endloop
  endfacet
  facet normal 0 0 1
    outer loop
      vertex 75.7341 73.6056 55
      vertex 94.7059 73.6056 55
      vertex 127.76 85.48 55
    endloop
  endfacet
  facet normal 0 0 1
    outer loop
      vertex 94.7059 73.6056 55
      vertex 75.7341 73.6056 55
      vertex 94.4147 73.5624 55
    endloop
  endfacet
  facet normal 0 0 1
    outer loop
      vertex 92.0144 51.354 55
      vertex 78.44 51.06 55
      vertex 92 51.06 55
    endloop
  endfacet
  facet normal 0 0 1
    outer loop
      vertex 92.0576 32.0853 55
      vertex 78.44 31.5 55
      vertex 92.0144 31.7941 55
    endloop
  endfacet
  facet normal 0 0 1
    outer loop
      vertex 92.0576 51.6453 55
      vertex 78.44 51.06 55
      vertex 92.0144 51.354 55
    endloop
  endfacet
  facet normal 0 0 1
    outer loop
      vertex 92.0144 70.914 55
      vertex 78.44 70.62 55
      vertex 92 70.62 55
    endloop
  endfacet
  facet normal 0 0 1
    outer loop
      vertex 78.4256 70.914 55
      vertex 92.0144 70.914 55
      vertex 92.0576 71.2053 55
    endloop
  endfacet
  facet normal 0 0 1
    outer loop
      vertex 78.3824 71.2053 55
      vertex 92.0576 71.2053 55
      vertex 92.1292 71.4909 55
    endloop
  endfacet
  facet normal 0 0 1
    outer loop
      vertex 78.3108 71.4909 55
      vertex 92.1292 71.4909 55
      vertex 92.2284 71.7681 55
    endloop
  endfacet
  facet normal 0 0 1
    outer loop
      vertex 78.2116 71.7681 55
      vertex 92.2284 71.7681 55
      vertex 92.3542 72.0342 55
    endloop
  endfacet
  facet normal 0 0 1
    outer loop
      vertex 78.0858 72.0342 55
      vertex 92.3542 72.0342 55
      vertex 92.5056 72.2867 55
    endloop
  endfacet
  facet normal 0 0 1
    outer loop
      vertex 77.9344 72.2867 55
      vertex 92.5056 72.2867 55
      vertex 92.681 72.5232 55
    endloop
  endfacet
  facet normal 0 0 1
    outer loop
      vertex 77.759 72.5232 55
      vertex 92.681 72.5232 55
      vertex 92.8787 72.7413 55
    endloop
  endfacet
  facet normal 0 0 1
    outer loop
      vertex 77.5613 72.7413 55
      vertex 92.8787 72.7413 55
      vertex 93.0968 72.939 55
    endloop
  endfacet
  facet normal 0 0 1
    outer loop
      vertex 77.3432 72.939 55
      vertex 93.0968 72.939 55
      vertex 93.3333 73.1144 55
    endloop
  endfacet
  facet normal 0 0 1
    outer loop
      vertex 77.1067 73.1144 55
      vertex 93.3333 73.1144 55
      vertex 93.5858 73.2658 55
    endloop
  endfacet
  facet normal 0 0 1
    outer loop
      vertex 76.8542 73.2658 55
      vertex 93.5858 73.2658 55
      vertex 93.852 73.3916 55
    endloop
  endfacet
  facet normal 0 0 1
    outer loop
      vertex 76.5881 73.3916 55
      vertex 93.852 73.3916 55
      vertex 94.1291 73.4908 55
    endloop
  endfacet
  facet normal 0 -0 1
    outer loop
      vertex 76.0253 73.5624 55
      vertex 94.4147 73.5624 55
      vertex 75.7341 73.6056 55
    endloop
  endfacet
  facet normal 0 0 1
    outer loop
      vertex 92.0144 70.914 55
      vertex 78.4256 70.914 55
      vertex 78.44 70.62 55
    endloop
  endfacet
  facet normal 0 0 1
    outer loop
      vertex 92.0576 71.2053 55
      vertex 78.3824 71.2053 55
      vertex 78.4256 70.914 55
    endloop
  endfacet
  facet normal 0 0 1
    outer loop
      vertex 92.1292 71.4909 55
      vertex 78.3108 71.4909 55
      vertex 78.3824 71.2053 55
    endloop
  endfacet
  facet normal 0 0 1
    outer loop
      vertex 92.2284 71.7681 55
      vertex 78.2116 71.7681 55
      vertex 78.3108 71.4909 55
    endloop
  endfacet
  facet normal 0 0 1
    outer loop
      vertex 92.3542 72.0342 55
      vertex 78.0858 72.0342 55
      vertex 78.2116 71.7681 55
    endloop
  endfacet
  facet normal 0 0 1
    outer loop
      vertex 92.5056 72.2867 55
      vertex 77.9344 72.2867 55
      vertex 78.0858 72.0342 55
    endloop
  endfacet
  facet normal 0 0 1
    outer loop
      vertex 92.681 72.5232 55
      vertex 77.759 72.5232 55
      vertex 77.9344 72.2867 55
    endloop
  endfacet
  facet normal 0 0 1
    outer loop
      vertex 92.8787 72.7413 55
      vertex 77.5613 72.7413 55
      vertex 77.759 72.5232 55
    endloop
  endfacet
  facet normal 0 0 1
    outer loop
      vertex 93.0968 72.939 55
      vertex 77.3432 72.939 55
      vertex 77.5613 72.7413 55
    endloop
  endfacet
  facet normal 0 0 1
    outer loop
      vertex 93.3333 73.1144 55
      vertex 77.1067 73.1144 55
      vertex 77.3432 72.939 55
    endloop
  endfacet
  facet normal 0 0 1
    outer loop
      vertex 93.5858 73.2658 55
      vertex 76.8542 73.2658 55
      vertex 77.1067 73.1144 55
    endloop
  endfacet
  facet normal 0 0 1
    outer loop
      vertex 93.852 73.3916 55
      vertex 76.5881 73.3916 55
      vertex 76.8542 73.2658 55
    endloop
  endfacet
  facet normal 0 0 1
    outer loop
      vertex 94.1291 73.4908 55
      vertex 76.3109 73.4908 55
      vertex 76.5881 73.3916 55
    endloop
  endfacet
  facet normal 0 0 1
    outer loop
      vertex 94.1291 73.4908 55
      vertex 76.0253 73.5624 55
      vertex 76.3109 73.4908 55
    endloop
  endfacet
  facet normal 0 0 1
    outer loop
      vertex 94.4147 73.5624 55
      vertex 76.0253 73.5624 55
      vertex 94.1291 73.4908 55
    endloop
  endfacet
  facet normal 0 0 1
    outer loop
      vertex 127.76 85.48 55
      vertex 75.44 73.62 55
      vertex 75.7341 73.6056 55
    endloop
  endfacet
  facet normal 0 0 1
    outer loop
      vertex 127.76 85.48 55
      vertex 75.146 73.6056 55
      vertex 75.44 73.62 55
    endloop
  endfacet
  facet normal 0 0 1
    outer loop
      vertex 56.174 73.6056 55
      vertex 75.146 73.6056 55
      vertex 127.76 85.48 55
    endloop
  endfacet
  facet normal 0 0 1
    outer loop
      vertex 72.4544 51.354 55
      vertex 58.88 51.06 55
      vertex 72.44 51.06 55
    endloop
  endfacet
  facet normal 0 0 1
    outer loop
      vertex 72.4976 32.0853 55
      vertex 58.88 31.5 55
      vertex 72.4544 31.7941 55
    endloop
  endfacet
  facet normal 0 0 1
    outer loop
      vertex 72.4976 51.6453 55
      vertex 58.88 51.06 55
      vertex 72.4544 51.354 55
    endloop
  endfacet
  facet normal 0 0 1
    outer loop
      vertex 72.4544 70.914 55
      vertex 58.88 70.62 55
      vertex 72.44 70.62 55
    endloop
  endfacet
  facet normal 0 0 1
    outer loop
      vertex 58.8656 70.914 55
      vertex 72.4544 70.914 55
      vertex 72.4976 71.2053 55
    endloop
  endfacet
  facet normal 0 0 1
    outer loop
      vertex 58.8224 71.2053 55
      vertex 72.4976 71.2053 55
      vertex 72.5692 71.4909 55
    endloop
  endfacet
  facet normal 0 0 1
    outer loop
      vertex 58.7508 71.4909 55
      vertex 72.5692 71.4909 55
      vertex 72.6684 71.7681 55
    endloop
  endfacet
  facet normal 0 0 1
    outer loop
      vertex 58.6516 71.7681 55
      vertex 72.6684 71.7681 55
      vertex 72.7942 72.0342 55
    endloop
  endfacet
  facet normal 0 0 1
    outer loop
      vertex 58.5258 72.0342 55
      vertex 72.7942 72.0342 55
      vertex 72.9456 72.2867 55
    endloop
  endfacet
  facet normal 0 0 1
    outer loop
      vertex 58.3744 72.2867 55
      vertex 72.9456 72.2867 55
      vertex 73.121 72.5232 55
    endloop
  endfacet
  facet normal 0 0 1
    outer loop
      vertex 58.199 72.5232 55
      vertex 73.121 72.5232 55
      vertex 73.3187 72.7413 55
    endloop
  endfacet
  facet normal 0 0 1
    outer loop
      vertex 58.0013 72.7413 55
      vertex 73.3187 72.7413 55
      vertex 73.5368 72.939 55
    endloop
  endfacet
  facet normal 0 0 1
    outer loop
      vertex 57.7832 72.939 55
      vertex 73.5368 72.939 55
      vertex 73.7733 73.1144 55
    endloop
  endfacet
  facet normal 0 0 1
    outer loop
      vertex 57.5467 73.1144 55
      vertex 73.7733 73.1144 55
      vertex 74.0258 73.2658 55
    endloop
  endfacet
  facet normal 0 0 1
    outer loop
      vertex 57.2942 73.2658 55
      vertex 74.0258 73.2658 55
      vertex 74.2919 73.3916 55
    endloop
  endfacet
  facet normal 0 0 1
    outer loop
      vertex 57.028 73.3916 55
      vertex 74.2919 73.3916 55
      vertex 74.5691 73.4908 55
    endloop
  endfacet
  facet normal 0 0 1
    outer loop
      vertex 56.7509 73.4908 55
      vertex 74.5691 73.4908 55
      vertex 74.8547 73.5624 55
    endloop
  endfacet
  facet normal 0 0 1
    outer loop
      vertex 75.146 73.6056 55
      vertex 56.174 73.6056 55
      vertex 74.8547 73.5624 55
    endloop
  endfacet
  facet normal 0 0 1
    outer loop
      vertex 72.4544 70.914 55
      vertex 58.8656 70.914 55
      vertex 58.88 70.62 55
    endloop
  endfacet
  facet normal 0 0 1
    outer loop
      vertex 72.4976 71.2053 55
      vertex 58.8224 71.2053 55
      vertex 58.8656 70.914 55
    endloop
  endfacet
  facet normal 0 0 1
    outer loop
      vertex 72.5692 71.4909 55
      vertex 58.7508 71.4909 55
      vertex 58.8224 71.2053 55
    endloop
  endfacet
  facet normal 0 0 1
    outer loop
      vertex 72.6684 71.7681 55
      vertex 58.6516 71.7681 55
      vertex 58.7508 71.4909 55
    endloop
  endfacet
  facet normal 0 0 1
    outer loop
      vertex 72.7942 72.0342 55
      vertex 58.5258 72.0342 55
      vertex 58.6516 71.7681 55
    endloop
  endfacet
  facet normal 0 0 1
    outer loop
      vertex 72.9456 72.2867 55
      vertex 58.3744 72.2867 55
      vertex 58.5258 72.0342 55
    endloop
  endfacet
  facet normal 0 0 1
    outer loop
      vertex 73.121 72.5232 55
      vertex 58.199 72.5232 55
      vertex 58.3744 72.2867 55
    endloop
  endfacet
  facet normal 0 0 1
    outer loop
      vertex 73.3187 72.7413 55
      vertex 58.0013 72.7413 55
      vertex 58.199 72.5232 55
    endloop
  endfacet
  facet normal 0 0 1
    outer loop
      vertex 73.5368 72.939 55
      vertex 57.7832 72.939 55
      vertex 58.0013 72.7413 55
    endloop
  endfacet
  facet normal 0 0 1
    outer loop
      vertex 73.7733 73.1144 55
      vertex 57.5467 73.1144 55
      vertex 57.7832 72.939 55
    endloop
  endfacet
  facet normal 0 0 1
    outer loop
      vertex 74.0258 73.2658 55
      vertex 57.2942 73.2658 55
      vertex 57.5467 73.1144 55
    endloop
  endfacet
  facet normal 0 0 1
    outer loop
      vertex 74.2919 73.3916 55
      vertex 57.028 73.3916 55
      vertex 57.2942 73.2658 55
    endloop
  endfacet
  facet normal 0 0 1
    outer loop
      vertex 74.5691 73.4908 55
      vertex 56.7509 73.4908 55
      vertex 57.028 73.3916 55
    endloop
  endfacet
  facet normal 0 0 1
    outer loop
      vertex 74.8547 73.5624 55
      vertex 56.4653 73.5624 55
      vertex 56.7509 73.4908 55
    endloop
  endfacet
  facet normal 0 0 1
    outer loop
      vertex 74.8547 73.5624 55
      vertex 56.174 73.6056 55
      vertex 56.4653 73.5624 55
    endloop
  endfacet
  facet normal 0 0 1
    outer loop
      vertex 127.76 85.48 55
      vertex 55.88 73.62 55
      vertex 56.174 73.6056 55
    endloop
  endfacet
  facet normal -0 0 1
    outer loop
      vertex 0 85.48 55
      vertex 55.88 73.62 55
      vertex 127.76 85.48 55
    endloop
  endfacet
  facet normal 0 0 1
    outer loop
      vertex 55.88 73.62 55
      vertex 0 85.48 55
      vertex 55.5859 73.6056 55
    endloop
  endfacet
  facet normal 0 0 1
    outer loop
      vertex 52.8944 51.354 55
      vertex 39.32 51.06 55
      vertex 52.88 51.06 55
    endloop
  endfacet
  facet normal 0 0 1
    outer loop
      vertex 52.9376 32.0853 55
      vertex 39.32 31.5 55
      vertex 52.8944 31.7941 55
    endloop
  endfacet
  facet normal 0 0 1
    outer loop
      vertex 52.9376 51.6453 55
      vertex 39.32 51.06 55
      vertex 52.8944 51.354 55
    endloop
  endfacet
  facet normal 0 0 1
    outer loop
      vertex 52.8944 70.914 55
      vertex 39.32 70.62 55
      vertex 52.88 70.62 55
    endloop
  endfacet
  facet normal 0 0 1
    outer loop
      vertex 39.3056 70.914 55
      vertex 52.8944 70.914 55
      vertex 52.9376 71.2053 55
    endloop
  endfacet
  facet normal 0 0 1
    outer loop
      vertex 39.2624 71.2053 55
      vertex 52.9376 71.2053 55
      vertex 53.0092 71.4909 55
    endloop
  endfacet
  facet normal 0 0 1
    outer loop
      vertex 39.1908 71.4909 55
      vertex 53.0092 71.4909 55
      vertex 53.1084 71.7681 55
    endloop
  endfacet
  facet normal 0 0 1
    outer loop
      vertex 39.0916 71.7681 55
      vertex 53.1084 71.7681 55
      vertex 53.2342 72.0342 55
    endloop
  endfacet
  facet normal 0 0 1
    outer loop
      vertex 38.9658 72.0342 55
      vertex 53.2342 72.0342 55
      vertex 53.3856 72.2867 55
    endloop
  endfacet
  facet normal 0 0 1
    outer loop
      vertex 38.8144 72.2867 55
      vertex 53.3856 72.2867 55
      vertex 53.561 72.5232 55
    endloop
  endfacet
  facet normal 0 0 1
    outer loop
      vertex 38.639 72.5232 55
      vertex 53.561 72.5232 55
      vertex 53.7587 72.7413 55
    endloop
  endfacet
  facet normal 0 0 1
    outer loop
      vertex 38.4413 72.7413 55
      vertex 53.7587 72.7413 55
      vertex 53.9768 72.939 55
    endloop
  endfacet
  facet normal 0 0 1
    outer loop
      vertex 38.2232 72.939 55
      vertex 53.9768 72.939 55
      vertex 54.2133 73.1144 55
    endloop
  endfacet
  facet normal 0 0 1
    outer loop
      vertex 37.9867 73.1144 55
      vertex 54.2133 73.1144 55
      vertex 54.4658 73.2658 55
    endloop
  endfacet
  facet normal 0 0 1
    outer loop
      vertex 37.7342 73.2658 55
      vertex 54.4658 73.2658 55
      vertex 54.7319 73.3916 55
    endloop
  endfacet
  facet normal 0 0 1
    outer loop
      vertex 37.468 73.3916 55
      vertex 54.7319 73.3916 55
      vertex 55.0091 73.4908 55
    endloop
  endfacet
  facet normal 0 0 1
    outer loop
      vertex 37.1909 73.4908 55
      vertex 55.0091 73.4908 55
      vertex 55.2947 73.5624 55
    endloop
  endfacet
  facet normal 0 0 1
    outer loop
      vertex 52.8944 70.914 55
      vertex 39.3056 70.914 55
      vertex 39.32 70.62 55
    endloop
  endfacet
  facet normal 0 0 1
    outer loop
      vertex 52.9376 71.2053 55
      vertex 39.2624 71.2053 55
      vertex 39.3056 70.914 55
    endloop
  endfacet
  facet normal 0 -0 1
    outer loop
      vertex 36.6141 73.6056 55
      vertex 55.5859 73.6056 55
      vertex 0 85.48 55
    endloop
  endfacet
  facet normal 0 0 1
    outer loop
      vertex 53.0092 71.4909 55
      vertex 39.1908 71.4909 55
      vertex 39.2624 71.2053 55
    endloop
  endfacet
  facet normal 0 0 1
    outer loop
      vertex 53.1084 71.7681 55
      vertex 39.0916 71.7681 55
      vertex 39.1908 71.4909 55
    endloop
  endfacet
  facet normal 0 0 1
    outer loop
      vertex 53.2342 72.0342 55
      vertex 38.9658 72.0342 55
      vertex 39.0916 71.7681 55
    endloop
  endfacet
  facet normal 0 0 1
    outer loop
      vertex 53.3856 72.2867 55
      vertex 38.8144 72.2867 55
      vertex 38.9658 72.0342 55
    endloop
  endfacet
  facet normal 0 0 1
    outer loop
      vertex 53.561 72.5232 55
      vertex 38.639 72.5232 55
      vertex 38.8144 72.2867 55
    endloop
  endfacet
  facet normal 0 0 1
    outer loop
      vertex 53.7587 72.7413 55
      vertex 38.4413 72.7413 55
      vertex 38.639 72.5232 55
    endloop
  endfacet
  facet normal 0 0 1
    outer loop
      vertex 53.9768 72.939 55
      vertex 38.2232 72.939 55
      vertex 38.4413 72.7413 55
    endloop
  endfacet
  facet normal 0 0 1
    outer loop
      vertex 54.2133 73.1144 55
      vertex 37.9867 73.1144 55
      vertex 38.2232 72.939 55
    endloop
  endfacet
  facet normal 0 0 1
    outer loop
      vertex 54.4658 73.2658 55
      vertex 37.7342 73.2658 55
      vertex 37.9867 73.1144 55
    endloop
  endfacet
  facet normal 0 0 1
    outer loop
      vertex 54.7319 73.3916 55
      vertex 37.468 73.3916 55
      vertex 37.7342 73.2658 55
    endloop
  endfacet
  facet normal 0 0 1
    outer loop
      vertex 55.0091 73.4908 55
      vertex 37.1909 73.4908 55
      vertex 37.468 73.3916 55
    endloop
  endfacet
  facet normal 0 0 1
    outer loop
      vertex 55.2947 73.5624 55
      vertex 36.9053 73.5624 55
      vertex 37.1909 73.4908 55
    endloop
  endfacet
  facet normal 0 0 1
    outer loop
      vertex 55.5859 73.6056 55
      vertex 36.6141 73.6056 55
      vertex 55.2947 73.5624 55
    endloop
  endfacet
  facet normal 0 0 1
    outer loop
      vertex 55.2947 73.5624 55
      vertex 36.6141 73.6056 55
      vertex 36.9053 73.5624 55
    endloop
  endfacet
  facet normal 0 0 1
    outer loop
      vertex 36.6141 73.6056 55
      vertex 0 85.48 55
      vertex 36.32 73.62 55
    endloop
  endfacet
  facet normal 0 0 1
    outer loop
      vertex 33.3344 51.354 55
      vertex 19.76 51.06 55
      vertex 33.32 51.06 55
    endloop
  endfacet
  facet normal 0 0 1
    outer loop
      vertex 33.3776 32.0853 55
      vertex 19.76 31.5 55
      vertex 33.3344 31.7941 55
    endloop
  endfacet
  facet normal 0 0 1
    outer loop
      vertex 33.3776 51.6453 55
      vertex 19.76 51.06 55
      vertex 33.3344 51.354 55
    endloop
  endfacet
  facet normal 0 0 1
    outer loop
      vertex 33.3344 70.914 55
      vertex 19.76 70.62 55
      vertex 33.32 70.62 55
    endloop
  endfacet
  facet normal 0 0 1
    outer loop
      vertex 19.7456 70.914 55
      vertex 33.3344 70.914 55
      vertex 33.3776 71.2053 55
    endloop
  endfacet
  facet normal 0 0 1
    outer loop
      vertex 19.7024 71.2053 55
      vertex 33.3776 71.2053 55
      vertex 33.4492 71.4909 55
    endloop
  endfacet
  facet normal 0 0 1
    outer loop
      vertex 19.6308 71.4909 55
      vertex 33.4492 71.4909 55
      vertex 33.5484 71.7681 55
    endloop
  endfacet
  facet normal 0 0 1
    outer loop
      vertex 19.5316 71.7681 55
      vertex 33.5484 71.7681 55
      vertex 33.6742 72.0342 55
    endloop
  endfacet
  facet normal 0 0 1
    outer loop
      vertex 19.4058 72.0342 55
      vertex 33.6742 72.0342 55
      vertex 33.8256 72.2867 55
    endloop
  endfacet
  facet normal 0 0 1
    outer loop
      vertex 19.2544 72.2867 55
      vertex 33.8256 72.2867 55
      vertex 34.001 72.5232 55
    endloop
  endfacet
  facet normal 0 0 1
    outer loop
      vertex 19.079 72.5232 55
      vertex 34.001 72.5232 55
      vertex 34.1987 72.7413 55
    endloop
  endfacet
  facet normal 0 0 1
    outer loop
      vertex 18.8813 72.7413 55
      vertex 34.1987 72.7413 55
      vertex 34.4168 72.939 55
    endloop
  endfacet
  facet normal 0 0 1
    outer loop
      vertex 18.6632 72.939 55
      vertex 34.4168 72.939 55
      vertex 34.6533 73.1144 55
    endloop
  endfacet
  facet normal 0 0 1
    outer loop
      vertex 18.4267 73.1144 55
      vertex 34.6533 73.1144 55
      vertex 34.9058 73.2658 55
    endloop
  endfacet
  facet normal 0 0 1
    outer loop
      vertex 18.1742 73.2658 55
      vertex 34.9058 73.2658 55
      vertex 35.172 73.3916 55
    endloop
  endfacet
  facet normal 0 0 1
    outer loop
      vertex 17.9081 73.3916 55
      vertex 35.172 73.3916 55
      vertex 35.4491 73.4908 55
    endloop
  endfacet
  facet normal 0 0 1
    outer loop
      vertex 0 85.48 55
      vertex 35.4491 73.4908 55
      vertex 35.7347 73.5624 55
    endloop
  endfacet
  facet normal 0 0 1
    outer loop
      vertex 33.3344 70.914 55
      vertex 19.7456 70.914 55
      vertex 19.76 70.62 55
    endloop
  endfacet
  facet normal 0 0 1
    outer loop
      vertex 33.3776 71.2053 55
      vertex 19.7024 71.2053 55
      vertex 19.7456 70.914 55
    endloop
  endfacet
  facet normal 0 0 1
    outer loop
      vertex 0 85.48 55
      vertex 35.7347 73.5624 55
      vertex 36.0259 73.6056 55
    endloop
  endfacet
  facet normal 0 0 1
    outer loop
      vertex 33.4492 71.4909 55
      vertex 19.6308 71.4909 55
      vertex 19.7024 71.2053 55
    endloop
  endfacet
  facet normal 0 0 1
    outer loop
      vertex 36.32 73.62 55
      vertex 0 85.48 55
      vertex 36.0259 73.6056 55
    endloop
  endfacet
  facet normal 0 0 1
    outer loop
      vertex 33.5484 71.7681 55
      vertex 19.5316 71.7681 55
      vertex 19.6308 71.4909 55
    endloop
  endfacet
  facet normal 0 0 1
    outer loop
      vertex 33.6742 72.0342 55
      vertex 19.4058 72.0342 55
      vertex 19.5316 71.7681 55
    endloop
  endfacet
  facet normal 0 0 1
    outer loop
      vertex 33.8256 72.2867 55
      vertex 19.2544 72.2867 55
      vertex 19.4058 72.0342 55
    endloop
  endfacet
  facet normal 0 0 1
    outer loop
      vertex 34.001 72.5232 55
      vertex 19.079 72.5232 55
      vertex 19.2544 72.2867 55
    endloop
  endfacet
  facet normal 0 0 1
    outer loop
      vertex 34.1987 72.7413 55
      vertex 18.8813 72.7413 55
      vertex 19.079 72.5232 55
    endloop
  endfacet
  facet normal 0 0 1
    outer loop
      vertex 34.4168 72.939 55
      vertex 18.6632 72.939 55
      vertex 18.8813 72.7413 55
    endloop
  endfacet
  facet normal 0 0 1
    outer loop
      vertex 34.6533 73.1144 55
      vertex 18.4267 73.1144 55
      vertex 18.6632 72.939 55
    endloop
  endfacet
  facet normal 0 0 1
    outer loop
      vertex 34.9058 73.2658 55
      vertex 18.1742 73.2658 55
      vertex 18.4267 73.1144 55
    endloop
  endfacet
  facet normal 0 0 1
    outer loop
      vertex 35.4491 73.4908 55
      vertex 0 85.48 55
      vertex 17.6309 73.4908 55
    endloop
  endfacet
  facet normal 0 0 1
    outer loop
      vertex 35.172 73.3916 55
      vertex 17.9081 73.3916 55
      vertex 18.1742 73.2658 55
    endloop
  endfacet
  facet normal 0 0 1
    outer loop
      vertex 35.4491 73.4908 55
      vertex 17.6309 73.4908 55
      vertex 17.9081 73.3916 55
    endloop
  endfacet
  facet normal 0 0 1
    outer loop
      vertex 17.6309 73.4908 55
      vertex 0 85.48 55
      vertex 17.3453 73.5624 55
    endloop
  endfacet
  facet normal 0 0 1
    outer loop
      vertex 17.3453 73.5624 55
      vertex 0 85.48 55
      vertex 17.0541 73.6056 55
    endloop
  endfacet
  facet normal 0 0 1
    outer loop
      vertex 17.0541 73.6056 55
      vertex 0 85.48 55
      vertex 16.76 73.62 55
    endloop
  endfacet
  facet normal 0 0 1
    outer loop
      vertex 13.7744 51.354 55
      vertex 0 85.48 55
      vertex 13.76 51.06 55
    endloop
  endfacet
  facet normal 0 0 1
    outer loop
      vertex 13.7744 50.7659 55
      vertex 0 85.48 55
      vertex 0 0 55
    endloop
  endfacet
  facet normal 0 0 1
    outer loop
      vertex 13.7744 31.7941 55
      vertex 0 0 55
      vertex 13.76 31.5 55
    endloop
  endfacet
  facet normal 0 0 1
    outer loop
      vertex 13.7744 70.914 55
      vertex 0 85.48 55
      vertex 13.76 70.62 55
    endloop
  endfacet
  facet normal 0 0 1
    outer loop
      vertex 13.8176 71.2053 55
      vertex 0 85.48 55
      vertex 13.7744 70.914 55
    endloop
  endfacet
  facet normal 0 0 1
    outer loop
      vertex 13.8892 71.4909 55
      vertex 0 85.48 55
      vertex 13.8176 71.2053 55
    endloop
  endfacet
  facet normal 0 0 1
    outer loop
      vertex 13.9884 71.7681 55
      vertex 0 85.48 55
      vertex 13.8892 71.4909 55
    endloop
  endfacet
  facet normal 0 0 1
    outer loop
      vertex 14.1142 72.0342 55
      vertex 0 85.48 55
      vertex 13.9884 71.7681 55
    endloop
  endfacet
  facet normal 0 0 1
    outer loop
      vertex 14.2656 72.2867 55
      vertex 0 85.48 55
      vertex 14.1142 72.0342 55
    endloop
  endfacet
  facet normal 0 0 1
    outer loop
      vertex 14.441 72.5232 55
      vertex 0 85.48 55
      vertex 14.2656 72.2867 55
    endloop
  endfacet
  facet normal 0 0 1
    outer loop
      vertex 14.6387 72.7413 55
      vertex 0 85.48 55
      vertex 14.441 72.5232 55
    endloop
  endfacet
  facet normal 0 0 1
    outer loop
      vertex 14.8568 72.939 55
      vertex 0 85.48 55
      vertex 14.6387 72.7413 55
    endloop
  endfacet
  facet normal 0 0 1
    outer loop
      vertex 15.0933 73.1144 55
      vertex 0 85.48 55
      vertex 14.8568 72.939 55
    endloop
  endfacet
  facet normal 0 0 1
    outer loop
      vertex 15.3458 73.2658 55
      vertex 0 85.48 55
      vertex 15.0933 73.1144 55
    endloop
  endfacet
  facet normal 0 0 1
    outer loop
      vertex 15.6119 73.3916 55
      vertex 0 85.48 55
      vertex 15.3458 73.2658 55
    endloop
  endfacet
  facet normal 0 0 1
    outer loop
      vertex 15.8891 73.4908 55
      vertex 0 85.48 55
      vertex 15.6119 73.3916 55
    endloop
  endfacet
  facet normal 0 0 1
    outer loop
      vertex 16.1747 73.5624 55
      vertex 0 85.48 55
      vertex 15.8891 73.4908 55
    endloop
  endfacet
  facet normal 0 0 1
    outer loop
      vertex 16.4659 73.6056 55
      vertex 0 85.48 55
      vertex 16.1747 73.5624 55
    endloop
  endfacet
  facet normal 0 0 1
    outer loop
      vertex 16.76 73.62 55
      vertex 0 85.48 55
      vertex 16.4659 73.6056 55
    endloop
  endfacet
  facet normal 0 0 1
    outer loop
      vertex 117.546 50.7659 55
      vertex 127.76 85.48 55
      vertex 117.56 51.06 55
    endloop
  endfacet
  facet normal 0 0 1
    outer loop
      vertex 127.76 85.48 55
      vertex 117.546 50.7659 55
      vertex 127.76 0 55
    endloop
  endfacet
  facet normal -0 0 1
    outer loop
      vertex 117.546 31.2059 55
      vertex 127.76 0 55
      vertex 117.56 31.5 55
    endloop
  endfacet
  facet normal -0 0 1
    outer loop
      vertex 117.546 11.6459 55
      vertex 127.76 0 55
      vertex 117.56 11.94 55
    endloop
  endfacet
  facet normal -0 0 1
    outer loop
      vertex 117.502 11.3547 55
      vertex 127.76 0 55
      vertex 117.546 11.6459 55
    endloop
  endfacet
  facet normal -0 0 1
    outer loop
      vertex 117.431 11.0691 55
      vertex 127.76 0 55
      vertex 117.502 11.3547 55
    endloop
  endfacet
  facet normal -0 0 1
    outer loop
      vertex 117.332 10.7919 55
      vertex 127.76 0 55
      vertex 117.431 11.0691 55
    endloop
  endfacet
  facet normal -0 0 1
    outer loop
      vertex 117.206 10.5258 55
      vertex 127.76 0 55
      vertex 117.332 10.7919 55
    endloop
  endfacet
  facet normal -0 0 1
    outer loop
      vertex 117.054 10.2733 55
      vertex 127.76 0 55
      vertex 117.206 10.5258 55
    endloop
  endfacet
  facet normal -0 0 1
    outer loop
      vertex 116.879 10.0368 55
      vertex 127.76 0 55
      vertex 117.054 10.2733 55
    endloop
  endfacet
  facet normal -0 0 1
    outer loop
      vertex 116.681 9.81868 55
      vertex 127.76 0 55
      vertex 116.879 10.0368 55
    endloop
  endfacet
  facet normal -0 0 1
    outer loop
      vertex 116.463 9.62097 55
      vertex 127.76 0 55
      vertex 116.681 9.81868 55
    endloop
  endfacet
  facet normal -0 0 1
    outer loop
      vertex 116.227 9.44559 55
      vertex 127.76 0 55
      vertex 116.463 9.62097 55
    endloop
  endfacet
  facet normal -0 0 1
    outer loop
      vertex 115.974 9.29424 55
      vertex 127.76 0 55
      vertex 116.227 9.44559 55
    endloop
  endfacet
  facet normal -0 0 1
    outer loop
      vertex 115.708 9.16836 55
      vertex 127.76 0 55
      vertex 115.974 9.29424 55
    endloop
  endfacet
  facet normal -0 0 1
    outer loop
      vertex 115.431 9.06918 55
      vertex 127.76 0 55
      vertex 115.708 9.16836 55
    endloop
  endfacet
  facet normal -0 0 1
    outer loop
      vertex 115.145 8.99764 55
      vertex 127.76 0 55
      vertex 115.431 9.06918 55
    endloop
  endfacet
  facet normal -0 0 1
    outer loop
      vertex 114.854 8.95444 55
      vertex 127.76 0 55
      vertex 115.145 8.99764 55
    endloop
  endfacet
  facet normal -0 0 1
    outer loop
      vertex 114.56 8.94 55
      vertex 127.76 0 55
      vertex 114.854 8.95444 55
    endloop
  endfacet
  facet normal 0 0 1
    outer loop
      vertex 114.266 8.95444 55
      vertex 127.76 0 55
      vertex 114.56 8.94 55
    endloop
  endfacet
  facet normal 0 0 1
    outer loop
      vertex 113.975 8.99764 55
      vertex 127.76 0 55
      vertex 114.266 8.95444 55
    endloop
  endfacet
  facet normal 0 0 1
    outer loop
      vertex 113.689 9.06918 55
      vertex 127.76 0 55
      vertex 113.975 8.99764 55
    endloop
  endfacet
  facet normal 0 0 1
    outer loop
      vertex 95.8708 9.06918 55
      vertex 113.689 9.06918 55
      vertex 113.412 9.16836 55
    endloop
  endfacet
  facet normal 0 0 1
    outer loop
      vertex 96.148 9.16836 55
      vertex 113.412 9.16836 55
      vertex 113.146 9.29424 55
    endloop
  endfacet
  facet normal 0 0 1
    outer loop
      vertex 96.4142 9.29424 55
      vertex 113.146 9.29424 55
      vertex 112.893 9.44559 55
    endloop
  endfacet
  facet normal 0 0 1
    outer loop
      vertex 111.574 31.7941 55
      vertex 98 31.5 55
      vertex 111.56 31.5 55
    endloop
  endfacet
  facet normal 0 0 1
    outer loop
      vertex 111.618 12.5253 55
      vertex 98 11.94 55
      vertex 111.574 12.2341 55
    endloop
  endfacet
  facet normal 0 0 1
    outer loop
      vertex 111.574 12.2341 55
      vertex 98 11.94 55
      vertex 111.56 11.94 55
    endloop
  endfacet
  facet normal 0 0 1
    outer loop
      vertex 111.56 11.94 55
      vertex 98 11.94 55
      vertex 111.574 11.6459 55
    endloop
  endfacet
  facet normal 0 0 1
    outer loop
      vertex 97.9855 11.6459 55
      vertex 111.574 11.6459 55
      vertex 98 11.94 55
    endloop
  endfacet
  facet normal 0 0 1
    outer loop
      vertex 111.574 11.6459 55
      vertex 97.9855 11.6459 55
      vertex 111.618 11.3547 55
    endloop
  endfacet
  facet normal 0 0 1
    outer loop
      vertex 97.9424 11.3547 55
      vertex 111.618 11.3547 55
      vertex 97.9855 11.6459 55
    endloop
  endfacet
  facet normal 0 0 1
    outer loop
      vertex 111.618 11.3547 55
      vertex 97.9424 11.3547 55
      vertex 111.689 11.0691 55
    endloop
  endfacet
  facet normal 0 0 1
    outer loop
      vertex 97.8708 11.0691 55
      vertex 111.689 11.0691 55
      vertex 97.9424 11.3547 55
    endloop
  endfacet
  facet normal 0 0 1
    outer loop
      vertex 111.689 11.0691 55
      vertex 97.8708 11.0691 55
      vertex 111.788 10.7919 55
    endloop
  endfacet
  facet normal 0 0 1
    outer loop
      vertex 97.7716 10.7919 55
      vertex 111.788 10.7919 55
      vertex 97.8708 11.0691 55
    endloop
  endfacet
  facet normal 0 0 1
    outer loop
      vertex 111.788 10.7919 55
      vertex 97.7716 10.7919 55
      vertex 111.914 10.5258 55
    endloop
  endfacet
  facet normal 0 0 1
    outer loop
      vertex 97.6458 10.5258 55
      vertex 111.914 10.5258 55
      vertex 97.7716 10.7919 55
    endloop
  endfacet
  facet normal 0 0 1
    outer loop
      vertex 111.914 10.5258 55
      vertex 97.6458 10.5258 55
      vertex 112.066 10.2733 55
    endloop
  endfacet
  facet normal 0 0 1
    outer loop
      vertex 97.4944 10.2733 55
      vertex 112.066 10.2733 55
      vertex 97.6458 10.5258 55
    endloop
  endfacet
  facet normal 0 0 1
    outer loop
      vertex 112.066 10.2733 55
      vertex 97.4944 10.2733 55
      vertex 112.241 10.0368 55
    endloop
  endfacet
  facet normal 0 0 1
    outer loop
      vertex 97.319 10.0368 55
      vertex 112.241 10.0368 55
      vertex 97.4944 10.2733 55
    endloop
  endfacet
  facet normal 0 0 1
    outer loop
      vertex 112.241 10.0368 55
      vertex 97.319 10.0368 55
      vertex 112.439 9.81868 55
    endloop
  endfacet
  facet normal 0 0 1
    outer loop
      vertex 97.1213 9.81868 55
      vertex 112.439 9.81868 55
      vertex 97.319 10.0368 55
    endloop
  endfacet
  facet normal 0 0 1
    outer loop
      vertex 112.439 9.81868 55
      vertex 97.1213 9.81868 55
      vertex 112.657 9.62097 55
    endloop
  endfacet
  facet normal 0 0 1
    outer loop
      vertex 96.9032 9.62097 55
      vertex 112.657 9.62097 55
      vertex 97.1213 9.81868 55
    endloop
  endfacet
  facet normal 0 0 1
    outer loop
      vertex 112.657 9.62097 55
      vertex 96.9032 9.62097 55
      vertex 112.893 9.44559 55
    endloop
  endfacet
  facet normal 0 0 1
    outer loop
      vertex 96.6667 9.44559 55
      vertex 112.893 9.44559 55
      vertex 96.9032 9.62097 55
    endloop
  endfacet
  facet normal 0 0 1
    outer loop
      vertex 96.4142 9.29424 55
      vertex 112.893 9.44559 55
      vertex 96.6667 9.44559 55
    endloop
  endfacet
  facet normal 0 0 1
    outer loop
      vertex 113.146 9.29424 55
      vertex 96.4142 9.29424 55
      vertex 96.148 9.16836 55
    endloop
  endfacet
  facet normal 0 0 1
    outer loop
      vertex 113.412 9.16836 55
      vertex 96.148 9.16836 55
      vertex 95.8708 9.06918 55
    endloop
  endfacet
  facet normal 0 0 1
    outer loop
      vertex 113.689 9.06918 55
      vertex 95.8708 9.06918 55
      vertex 127.76 0 55
    endloop
  endfacet
  facet normal -0 0 1
    outer loop
      vertex 95.5853 8.99764 55
      vertex 127.76 0 55
      vertex 95.8708 9.06918 55
    endloop
  endfacet
  facet normal -0 0 1
    outer loop
      vertex 95.2941 8.95444 55
      vertex 127.76 0 55
      vertex 95.5853 8.99764 55
    endloop
  endfacet
  facet normal -0 0 1
    outer loop
      vertex 95 8.94 55
      vertex 127.76 0 55
      vertex 95.2941 8.95444 55
    endloop
  endfacet
  facet normal 0 0 1
    outer loop
      vertex 94.7059 8.95444 55
      vertex 127.76 0 55
      vertex 95 8.94 55
    endloop
  endfacet
  facet normal 0 0 1
    outer loop
      vertex 75.7341 8.95444 55
      vertex 94.7059 8.95444 55
      vertex 94.4147 8.99764 55
    endloop
  endfacet
  facet normal 0 0 1
    outer loop
      vertex 76.0253 8.99764 55
      vertex 94.4147 8.99764 55
      vertex 94.1291 9.06918 55
    endloop
  endfacet
  facet normal 0 0 1
    outer loop
      vertex 92.0144 31.7941 55
      vertex 78.44 31.5 55
      vertex 92 31.5 55
    endloop
  endfacet
  facet normal 0 0 1
    outer loop
      vertex 92.0576 12.5253 55
      vertex 78.44 11.94 55
      vertex 92.0144 12.2341 55
    endloop
  endfacet
  facet normal 0 0 1
    outer loop
      vertex 92.0144 12.2341 55
      vertex 78.44 11.94 55
      vertex 92 11.94 55
    endloop
  endfacet
  facet normal 0 0 1
    outer loop
      vertex 92 11.94 55
      vertex 78.44 11.94 55
      vertex 92.0144 11.6459 55
    endloop
  endfacet
  facet normal 0 0 1
    outer loop
      vertex 78.4256 11.6459 55
      vertex 92.0144 11.6459 55
      vertex 78.44 11.94 55
    endloop
  endfacet
  facet normal 0 0 1
    outer loop
      vertex 92.0144 11.6459 55
      vertex 78.4256 11.6459 55
      vertex 92.0576 11.3547 55
    endloop
  endfacet
  facet normal 0 0 1
    outer loop
      vertex 78.3824 11.3547 55
      vertex 92.0576 11.3547 55
      vertex 78.4256 11.6459 55
    endloop
  endfacet
  facet normal 0 0 1
    outer loop
      vertex 92.0576 11.3547 55
      vertex 78.3824 11.3547 55
      vertex 92.1292 11.0691 55
    endloop
  endfacet
  facet normal 0 0 1
    outer loop
      vertex 78.3108 11.0691 55
      vertex 92.1292 11.0691 55
      vertex 78.3824 11.3547 55
    endloop
  endfacet
  facet normal 0 0 1
    outer loop
      vertex 92.1292 11.0691 55
      vertex 78.3108 11.0691 55
      vertex 92.2284 10.7919 55
    endloop
  endfacet
  facet normal 0 0 1
    outer loop
      vertex 78.2116 10.7919 55
      vertex 92.2284 10.7919 55
      vertex 78.3108 11.0691 55
    endloop
  endfacet
  facet normal 0 0 1
    outer loop
      vertex 92.2284 10.7919 55
      vertex 78.2116 10.7919 55
      vertex 92.3542 10.5258 55
    endloop
  endfacet
  facet normal 0 0 1
    outer loop
      vertex 78.0858 10.5258 55
      vertex 92.3542 10.5258 55
      vertex 78.2116 10.7919 55
    endloop
  endfacet
  facet normal 0 0 1
    outer loop
      vertex 92.3542 10.5258 55
      vertex 78.0858 10.5258 55
      vertex 92.5056 10.2733 55
    endloop
  endfacet
  facet normal 0 0 1
    outer loop
      vertex 77.9344 10.2733 55
      vertex 92.5056 10.2733 55
      vertex 78.0858 10.5258 55
    endloop
  endfacet
  facet normal 0 0 1
    outer loop
      vertex 92.5056 10.2733 55
      vertex 77.9344 10.2733 55
      vertex 92.681 10.0368 55
    endloop
  endfacet
  facet normal 0 0 1
    outer loop
      vertex 77.759 10.0368 55
      vertex 92.681 10.0368 55
      vertex 77.9344 10.2733 55
    endloop
  endfacet
  facet normal 0 0 1
    outer loop
      vertex 92.681 10.0368 55
      vertex 77.759 10.0368 55
      vertex 92.8787 9.81868 55
    endloop
  endfacet
  facet normal 0 0 1
    outer loop
      vertex 77.5613 9.81868 55
      vertex 92.8787 9.81868 55
      vertex 77.759 10.0368 55
    endloop
  endfacet
  facet normal 0 0 1
    outer loop
      vertex 92.8787 9.81868 55
      vertex 77.5613 9.81868 55
      vertex 93.0968 9.62097 55
    endloop
  endfacet
  facet normal 0 0 1
    outer loop
      vertex 77.3432 9.62097 55
      vertex 93.0968 9.62097 55
      vertex 77.5613 9.81868 55
    endloop
  endfacet
  facet normal 0 0 1
    outer loop
      vertex 93.0968 9.62097 55
      vertex 77.3432 9.62097 55
      vertex 93.3333 9.44559 55
    endloop
  endfacet
  facet normal 0 0 1
    outer loop
      vertex 77.1067 9.44559 55
      vertex 93.3333 9.44559 55
      vertex 77.3432 9.62097 55
    endloop
  endfacet
  facet normal 0 0 1
    outer loop
      vertex 93.3333 9.44559 55
      vertex 77.1067 9.44559 55
      vertex 93.5858 9.29424 55
    endloop
  endfacet
  facet normal 0 0 1
    outer loop
      vertex 76.8542 9.29424 55
      vertex 93.5858 9.29424 55
      vertex 77.1067 9.44559 55
    endloop
  endfacet
  facet normal 0 0 1
    outer loop
      vertex 93.5858 9.29424 55
      vertex 76.8542 9.29424 55
      vertex 93.852 9.16836 55
    endloop
  endfacet
  facet normal 0 0 1
    outer loop
      vertex 76.5881 9.16836 55
      vertex 93.852 9.16836 55
      vertex 76.8542 9.29424 55
    endloop
  endfacet
  facet normal 0 0 1
    outer loop
      vertex 93.852 9.16836 55
      vertex 76.5881 9.16836 55
      vertex 94.1291 9.06918 55
    endloop
  endfacet
  facet normal 0 0 1
    outer loop
      vertex 76.3109 9.06918 55
      vertex 94.1291 9.06918 55
      vertex 76.5881 9.16836 55
    endloop
  endfacet
  facet normal 0 0 1
    outer loop
      vertex 76.0253 8.99764 55
      vertex 94.1291 9.06918 55
      vertex 76.3109 9.06918 55
    endloop
  endfacet
  facet normal 0 0 1
    outer loop
      vertex 94.4147 8.99764 55
      vertex 76.0253 8.99764 55
      vertex 75.7341 8.95444 55
    endloop
  endfacet
  facet normal 0 0 1
    outer loop
      vertex 94.7059 8.95444 55
      vertex 75.7341 8.95444 55
      vertex 127.76 0 55
    endloop
  endfacet
  facet normal -0 0 1
    outer loop
      vertex 75.44 8.94 55
      vertex 127.76 0 55
      vertex 75.7341 8.95444 55
    endloop
  endfacet
  facet normal 0 0 1
    outer loop
      vertex 75.146 8.95444 55
      vertex 127.76 0 55
      vertex 75.44 8.94 55
    endloop
  endfacet
  facet normal 0 0 1
    outer loop
      vertex 56.174 8.95444 55
      vertex 75.146 8.95444 55
      vertex 74.8547 8.99764 55
    endloop
  endfacet
  facet normal 0 0 1
    outer loop
      vertex 72.4544 31.7941 55
      vertex 58.88 31.5 55
      vertex 72.44 31.5 55
    endloop
  endfacet
  facet normal 0 0 1
    outer loop
      vertex 72.4976 12.5253 55
      vertex 58.88 11.94 55
      vertex 72.4544 12.2341 55
    endloop
  endfacet
  facet normal 0 0 1
    outer loop
      vertex 72.4544 12.2341 55
      vertex 58.88 11.94 55
      vertex 72.44 11.94 55
    endloop
  endfacet
  facet normal 0 0 1
    outer loop
      vertex 72.44 11.94 55
      vertex 58.88 11.94 55
      vertex 72.4544 11.6459 55
    endloop
  endfacet
  facet normal 0 0 1
    outer loop
      vertex 58.8656 11.6459 55
      vertex 72.4544 11.6459 55
      vertex 58.88 11.94 55
    endloop
  endfacet
  facet normal 0 0 1
    outer loop
      vertex 72.4544 11.6459 55
      vertex 58.8656 11.6459 55
      vertex 72.4976 11.3547 55
    endloop
  endfacet
  facet normal 0 0 1
    outer loop
      vertex 58.8224 11.3547 55
      vertex 72.4976 11.3547 55
      vertex 58.8656 11.6459 55
    endloop
  endfacet
  facet normal 0 0 1
    outer loop
      vertex 72.4976 11.3547 55
      vertex 58.8224 11.3547 55
      vertex 72.5692 11.0691 55
    endloop
  endfacet
  facet normal 0 0 1
    outer loop
      vertex 58.7508 11.0691 55
      vertex 72.5692 11.0691 55
      vertex 58.8224 11.3547 55
    endloop
  endfacet
  facet normal 0 0 1
    outer loop
      vertex 72.5692 11.0691 55
      vertex 58.7508 11.0691 55
      vertex 72.6684 10.7919 55
    endloop
  endfacet
  facet normal 0 0 1
    outer loop
      vertex 58.6516 10.7919 55
      vertex 72.6684 10.7919 55
      vertex 58.7508 11.0691 55
    endloop
  endfacet
  facet normal 0 0 1
    outer loop
      vertex 72.6684 10.7919 55
      vertex 58.6516 10.7919 55
      vertex 72.7942 10.5258 55
    endloop
  endfacet
  facet normal 0 0 1
    outer loop
      vertex 58.5258 10.5258 55
      vertex 72.7942 10.5258 55
      vertex 58.6516 10.7919 55
    endloop
  endfacet
  facet normal 0 0 1
    outer loop
      vertex 72.7942 10.5258 55
      vertex 58.5258 10.5258 55
      vertex 72.9456 10.2733 55
    endloop
  endfacet
  facet normal 0 0 1
    outer loop
      vertex 58.3744 10.2733 55
      vertex 72.9456 10.2733 55
      vertex 58.5258 10.5258 55
    endloop
  endfacet
  facet normal 0 0 1
    outer loop
      vertex 72.9456 10.2733 55
      vertex 58.3744 10.2733 55
      vertex 73.121 10.0368 55
    endloop
  endfacet
  facet normal 0 0 1
    outer loop
      vertex 58.199 10.0368 55
      vertex 73.121 10.0368 55
      vertex 58.3744 10.2733 55
    endloop
  endfacet
  facet normal 0 0 1
    outer loop
      vertex 73.121 10.0368 55
      vertex 58.199 10.0368 55
      vertex 73.3187 9.81868 55
    endloop
  endfacet
  facet normal 0 0 1
    outer loop
      vertex 58.0013 9.81868 55
      vertex 73.3187 9.81868 55
      vertex 58.199 10.0368 55
    endloop
  endfacet
  facet normal 0 0 1
    outer loop
      vertex 73.3187 9.81868 55
      vertex 58.0013 9.81868 55
      vertex 73.5368 9.62097 55
    endloop
  endfacet
  facet normal 0 0 1
    outer loop
      vertex 57.7832 9.62097 55
      vertex 73.5368 9.62097 55
      vertex 58.0013 9.81868 55
    endloop
  endfacet
  facet normal 0 0 1
    outer loop
      vertex 73.5368 9.62097 55
      vertex 57.7832 9.62097 55
      vertex 73.7733 9.44559 55
    endloop
  endfacet
  facet normal 0 0 1
    outer loop
      vertex 57.5467 9.44559 55
      vertex 73.7733 9.44559 55
      vertex 57.7832 9.62097 55
    endloop
  endfacet
  facet normal 0 0 1
    outer loop
      vertex 73.7733 9.44559 55
      vertex 57.5467 9.44559 55
      vertex 74.0258 9.29424 55
    endloop
  endfacet
  facet normal 0 0 1
    outer loop
      vertex 57.2942 9.29424 55
      vertex 74.0258 9.29424 55
      vertex 57.5467 9.44559 55
    endloop
  endfacet
  facet normal 0 0 1
    outer loop
      vertex 74.0258 9.29424 55
      vertex 57.2942 9.29424 55
      vertex 74.2919 9.16836 55
    endloop
  endfacet
  facet normal 0 0 1
    outer loop
      vertex 57.028 9.16836 55
      vertex 74.2919 9.16836 55
      vertex 57.2942 9.29424 55
    endloop
  endfacet
  facet normal 0 0 1
    outer loop
      vertex 74.2919 9.16836 55
      vertex 57.028 9.16836 55
      vertex 74.5691 9.06918 55
    endloop
  endfacet
  facet normal 0 0 1
    outer loop
      vertex 56.7509 9.06918 55
      vertex 74.5691 9.06918 55
      vertex 57.028 9.16836 55
    endloop
  endfacet
  facet normal 0 0 1
    outer loop
      vertex 74.5691 9.06918 55
      vertex 56.7509 9.06918 55
      vertex 74.8547 8.99764 55
    endloop
  endfacet
  facet normal 0 0 1
    outer loop
      vertex 56.4653 8.99764 55
      vertex 74.8547 8.99764 55
      vertex 56.7509 9.06918 55
    endloop
  endfacet
  facet normal 0 0 1
    outer loop
      vertex 56.174 8.95444 55
      vertex 74.8547 8.99764 55
      vertex 56.4653 8.99764 55
    endloop
  endfacet
  facet normal 0 0 1
    outer loop
      vertex 75.146 8.95444 55
      vertex 56.174 8.95444 55
      vertex 127.76 0 55
    endloop
  endfacet
  facet normal -0 0 1
    outer loop
      vertex 55.88 8.94 55
      vertex 127.76 0 55
      vertex 56.174 8.95444 55
    endloop
  endfacet
  facet normal 0 0 1
    outer loop
      vertex 0 0 55
      vertex 55.88 8.94 55
      vertex 55.5859 8.95444 55
    endloop
  endfacet
  facet normal 0 0 1
    outer loop
      vertex 52.8944 31.7941 55
      vertex 39.32 31.5 55
      vertex 52.88 31.5 55
    endloop
  endfacet
  facet normal 0 0 1
    outer loop
      vertex 52.9376 12.5253 55
      vertex 39.32 11.94 55
      vertex 52.8944 12.2341 55
    endloop
  endfacet
  facet normal 0 0 1
    outer loop
      vertex 52.8944 12.2341 55
      vertex 39.32 11.94 55
      vertex 52.88 11.94 55
    endloop
  endfacet
  facet normal 0 0 1
    outer loop
      vertex 52.88 11.94 55
      vertex 39.32 11.94 55
      vertex 52.8944 11.6459 55
    endloop
  endfacet
  facet normal 0 0 1
    outer loop
      vertex 39.3056 11.6459 55
      vertex 52.8944 11.6459 55
      vertex 39.32 11.94 55
    endloop
  endfacet
  facet normal 0 0 1
    outer loop
      vertex 52.8944 11.6459 55
      vertex 39.3056 11.6459 55
      vertex 52.9376 11.3547 55
    endloop
  endfacet
  facet normal 0 0 1
    outer loop
      vertex 39.2624 11.3547 55
      vertex 52.9376 11.3547 55
      vertex 39.3056 11.6459 55
    endloop
  endfacet
  facet normal 0 0 1
    outer loop
      vertex 52.9376 11.3547 55
      vertex 39.2624 11.3547 55
      vertex 53.0092 11.0691 55
    endloop
  endfacet
  facet normal 0 0 1
    outer loop
      vertex 39.1908 11.0691 55
      vertex 53.0092 11.0691 55
      vertex 39.2624 11.3547 55
    endloop
  endfacet
  facet normal 0 0 1
    outer loop
      vertex 53.0092 11.0691 55
      vertex 39.1908 11.0691 55
      vertex 53.1084 10.7919 55
    endloop
  endfacet
  facet normal 0 0 1
    outer loop
      vertex 39.0916 10.7919 55
      vertex 53.1084 10.7919 55
      vertex 39.1908 11.0691 55
    endloop
  endfacet
  facet normal 0 0 1
    outer loop
      vertex 53.1084 10.7919 55
      vertex 39.0916 10.7919 55
      vertex 53.2342 10.5258 55
    endloop
  endfacet
  facet normal 0 0 1
    outer loop
      vertex 38.9658 10.5258 55
      vertex 53.2342 10.5258 55
      vertex 39.0916 10.7919 55
    endloop
  endfacet
  facet normal 0 0 1
    outer loop
      vertex 53.2342 10.5258 55
      vertex 38.9658 10.5258 55
      vertex 53.3856 10.2733 55
    endloop
  endfacet
  facet normal 0 0 1
    outer loop
      vertex 38.8144 10.2733 55
      vertex 53.3856 10.2733 55
      vertex 38.9658 10.5258 55
    endloop
  endfacet
  facet normal 0 0 1
    outer loop
      vertex 53.3856 10.2733 55
      vertex 38.8144 10.2733 55
      vertex 53.561 10.0368 55
    endloop
  endfacet
  facet normal 0 0 1
    outer loop
      vertex 38.639 10.0368 55
      vertex 53.561 10.0368 55
      vertex 38.8144 10.2733 55
    endloop
  endfacet
  facet normal 0 0 1
    outer loop
      vertex 53.561 10.0368 55
      vertex 38.639 10.0368 55
      vertex 53.7587 9.81868 55
    endloop
  endfacet
  facet normal 0 0 1
    outer loop
      vertex 38.4413 9.81868 55
      vertex 53.7587 9.81868 55
      vertex 38.639 10.0368 55
    endloop
  endfacet
  facet normal 0 0 1
    outer loop
      vertex 53.7587 9.81868 55
      vertex 38.4413 9.81868 55
      vertex 53.9768 9.62097 55
    endloop
  endfacet
  facet normal 0 0 1
    outer loop
      vertex 38.2232 9.62097 55
      vertex 53.9768 9.62097 55
      vertex 38.4413 9.81868 55
    endloop
  endfacet
  facet normal 0 0 1
    outer loop
      vertex 53.9768 9.62097 55
      vertex 38.2232 9.62097 55
      vertex 54.2133 9.44559 55
    endloop
  endfacet
  facet normal 0 0 1
    outer loop
      vertex 37.9867 9.44559 55
      vertex 54.2133 9.44559 55
      vertex 38.2232 9.62097 55
    endloop
  endfacet
  facet normal 0 0 1
    outer loop
      vertex 54.2133 9.44559 55
      vertex 37.9867 9.44559 55
      vertex 54.4658 9.29424 55
    endloop
  endfacet
  facet normal 0 0 1
    outer loop
      vertex 37.7342 9.29424 55
      vertex 54.4658 9.29424 55
      vertex 37.9867 9.44559 55
    endloop
  endfacet
  facet normal 0 0 1
    outer loop
      vertex 54.4658 9.29424 55
      vertex 37.7342 9.29424 55
      vertex 54.7319 9.16836 55
    endloop
  endfacet
  facet normal 0 0 1
    outer loop
      vertex 37.468 9.16836 55
      vertex 54.7319 9.16836 55
      vertex 37.7342 9.29424 55
    endloop
  endfacet
  facet normal 0 0 1
    outer loop
      vertex 54.7319 9.16836 55
      vertex 37.468 9.16836 55
      vertex 55.0091 9.06918 55
    endloop
  endfacet
  facet normal 0 0 1
    outer loop
      vertex 37.1909 9.06918 55
      vertex 55.0091 9.06918 55
      vertex 37.468 9.16836 55
    endloop
  endfacet
  facet normal 0 0 1
    outer loop
      vertex 55.0091 9.06918 55
      vertex 37.1909 9.06918 55
      vertex 55.2947 8.99764 55
    endloop
  endfacet
  facet normal 0 0 1
    outer loop
      vertex 36.9053 8.99764 55
      vertex 55.2947 8.99764 55
      vertex 37.1909 9.06918 55
    endloop
  endfacet
  facet normal 0 0 1
    outer loop
      vertex 55.2947 8.99764 55
      vertex 36.9053 8.99764 55
      vertex 55.5859 8.95444 55
    endloop
  endfacet
  facet normal 0 0 1
    outer loop
      vertex 36.6141 8.95444 55
      vertex 55.5859 8.95444 55
      vertex 36.9053 8.99764 55
    endloop
  endfacet
  facet normal 0 0 1
    outer loop
      vertex 0 0 55
      vertex 55.5859 8.95444 55
      vertex 36.6141 8.95444 55
    endloop
  endfacet
  facet normal 0 0 1
    outer loop
      vertex 0 0 55
      vertex 36.6141 8.95444 55
      vertex 36.32 8.94 55
    endloop
  endfacet
  facet normal 0 0 1
    outer loop
      vertex 0 0 55
      vertex 36.32 8.94 55
      vertex 36.0259 8.95444 55
    endloop
  endfacet
  facet normal 0 0 1
    outer loop
      vertex 33.3344 31.7941 55
      vertex 19.76 31.5 55
      vertex 33.32 31.5 55
    endloop
  endfacet
  facet normal 0 0 1
    outer loop
      vertex 33.3776 12.5253 55
      vertex 19.76 11.94 55
      vertex 33.3344 12.2341 55
    endloop
  endfacet
  facet normal 0 0 1
    outer loop
      vertex 33.3344 12.2341 55
      vertex 19.76 11.94 55
      vertex 33.32 11.94 55
    endloop
  endfacet
  facet normal 0 0 1
    outer loop
      vertex 33.32 11.94 55
      vertex 19.76 11.94 55
      vertex 33.3344 11.6459 55
    endloop
  endfacet
  facet normal 0 0 1
    outer loop
      vertex 19.7456 11.6459 55
      vertex 33.3344 11.6459 55
      vertex 19.76 11.94 55
    endloop
  endfacet
  facet normal 0 0 1
    outer loop
      vertex 33.3344 11.6459 55
      vertex 19.7456 11.6459 55
      vertex 33.3776 11.3547 55
    endloop
  endfacet
  facet normal 0 0 1
    outer loop
      vertex 19.7024 11.3547 55
      vertex 33.3776 11.3547 55
      vertex 19.7456 11.6459 55
    endloop
  endfacet
  facet normal 0 0 1
    outer loop
      vertex 33.3776 11.3547 55
      vertex 19.7024 11.3547 55
      vertex 33.4492 11.0691 55
    endloop
  endfacet
  facet normal 0 0 1
    outer loop
      vertex 19.6308 11.0691 55
      vertex 33.4492 11.0691 55
      vertex 19.7024 11.3547 55
    endloop
  endfacet
  facet normal 0 0 1
    outer loop
      vertex 33.4492 11.0691 55
      vertex 19.6308 11.0691 55
      vertex 33.5484 10.7919 55
    endloop
  endfacet
  facet normal 0 0 1
    outer loop
      vertex 19.5316 10.7919 55
      vertex 33.5484 10.7919 55
      vertex 19.6308 11.0691 55
    endloop
  endfacet
  facet normal 0 0 1
    outer loop
      vertex 33.5484 10.7919 55
      vertex 19.5316 10.7919 55
      vertex 33.6742 10.5258 55
    endloop
  endfacet
  facet normal 0 0 1
    outer loop
      vertex 19.4058 10.5258 55
      vertex 33.6742 10.5258 55
      vertex 19.5316 10.7919 55
    endloop
  endfacet
  facet normal 0 0 1
    outer loop
      vertex 33.6742 10.5258 55
      vertex 19.4058 10.5258 55
      vertex 33.8256 10.2733 55
    endloop
  endfacet
  facet normal 0 0 1
    outer loop
      vertex 19.2544 10.2733 55
      vertex 33.8256 10.2733 55
      vertex 19.4058 10.5258 55
    endloop
  endfacet
  facet normal 0 0 1
    outer loop
      vertex 33.8256 10.2733 55
      vertex 19.2544 10.2733 55
      vertex 34.001 10.0368 55
    endloop
  endfacet
  facet normal 0 0 1
    outer loop
      vertex 19.079 10.0368 55
      vertex 34.001 10.0368 55
      vertex 19.2544 10.2733 55
    endloop
  endfacet
  facet normal 0 0 1
    outer loop
      vertex 34.001 10.0368 55
      vertex 19.079 10.0368 55
      vertex 34.1987 9.81868 55
    endloop
  endfacet
  facet normal 0 0 1
    outer loop
      vertex 18.8813 9.81868 55
      vertex 34.1987 9.81868 55
      vertex 19.079 10.0368 55
    endloop
  endfacet
  facet normal 0 0 1
    outer loop
      vertex 34.1987 9.81868 55
      vertex 18.8813 9.81868 55
      vertex 34.4168 9.62097 55
    endloop
  endfacet
  facet normal 0 0 1
    outer loop
      vertex 18.6632 9.62097 55
      vertex 34.4168 9.62097 55
      vertex 18.8813 9.81868 55
    endloop
  endfacet
  facet normal 0 0 1
    outer loop
      vertex 34.4168 9.62097 55
      vertex 18.6632 9.62097 55
      vertex 34.6533 9.44559 55
    endloop
  endfacet
  facet normal 0 0 1
    outer loop
      vertex 18.4267 9.44559 55
      vertex 34.6533 9.44559 55
      vertex 18.6632 9.62097 55
    endloop
  endfacet
  facet normal 0 0 1
    outer loop
      vertex 34.6533 9.44559 55
      vertex 18.4267 9.44559 55
      vertex 34.9058 9.29424 55
    endloop
  endfacet
  facet normal 0 0 1
    outer loop
      vertex 18.1742 9.29424 55
      vertex 34.9058 9.29424 55
      vertex 18.4267 9.44559 55
    endloop
  endfacet
  facet normal 0 0 1
    outer loop
      vertex 34.9058 9.29424 55
      vertex 18.1742 9.29424 55
      vertex 35.172 9.16836 55
    endloop
  endfacet
  facet normal 0 0 1
    outer loop
      vertex 17.9081 9.16836 55
      vertex 35.172 9.16836 55
      vertex 18.1742 9.29424 55
    endloop
  endfacet
  facet normal 0 0 1
    outer loop
      vertex 35.172 9.16836 55
      vertex 17.9081 9.16836 55
      vertex 35.4491 9.06918 55
    endloop
  endfacet
  facet normal 0 0 1
    outer loop
      vertex 17.6309 9.06918 55
      vertex 35.4491 9.06918 55
      vertex 17.9081 9.16836 55
    endloop
  endfacet
  facet normal 0 0 1
    outer loop
      vertex 35.4491 9.06918 55
      vertex 17.6309 9.06918 55
      vertex 35.7347 8.99764 55
    endloop
  endfacet
  facet normal 0 0 1
    outer loop
      vertex 17.3453 8.99764 55
      vertex 35.7347 8.99764 55
      vertex 17.6309 9.06918 55
    endloop
  endfacet
  facet normal 0 0 1
    outer loop
      vertex 0 0 55
      vertex 35.7347 8.99764 55
      vertex 17.3453 8.99764 55
    endloop
  endfacet
  facet normal 0 0 1
    outer loop
      vertex 35.7347 8.99764 55
      vertex 0 0 55
      vertex 36.0259 8.95444 55
    endloop
  endfacet
  facet normal 0 0 1
    outer loop
      vertex 0 0 55
      vertex 17.3453 8.99764 55
      vertex 17.0541 8.95444 55
    endloop
  endfacet
  facet normal 0 0 1
    outer loop
      vertex 0 0 55
      vertex 17.0541 8.95444 55
      vertex 16.76 8.94 55
    endloop
  endfacet
  facet normal 0 0 1
    outer loop
      vertex 0 0 55
      vertex 16.76 8.94 55
      vertex 16.4659 8.95444 55
    endloop
  endfacet
  facet normal 0 0 1
    outer loop
      vertex 13.7744 12.2341 55
      vertex 0 0 55
      vertex 13.76 11.94 55
    endloop
  endfacet
  facet normal 0 0 1
    outer loop
      vertex 13.76 11.94 55
      vertex 0 0 55
      vertex 13.7744 11.6459 55
    endloop
  endfacet
  facet normal 0 0 1
    outer loop
      vertex 55.88 8.94 55
      vertex 0 0 55
      vertex 127.76 0 55
    endloop
  endfacet
  facet normal 0 0 1
    outer loop
      vertex 16.1747 8.99764 55
      vertex 0 0 55
      vertex 16.4659 8.95444 55
    endloop
  endfacet
  facet normal 0 0 1
    outer loop
      vertex 15.8891 9.06918 55
      vertex 0 0 55
      vertex 16.1747 8.99764 55
    endloop
  endfacet
  facet normal 0 0 1
    outer loop
      vertex 15.6119 9.16836 55
      vertex 0 0 55
      vertex 15.8891 9.06918 55
    endloop
  endfacet
  facet normal 0 0 1
    outer loop
      vertex 15.3458 9.29424 55
      vertex 0 0 55
      vertex 15.6119 9.16836 55
    endloop
  endfacet
  facet normal 0 0 1
    outer loop
      vertex 15.0933 9.44559 55
      vertex 0 0 55
      vertex 15.3458 9.29424 55
    endloop
  endfacet
  facet normal 0 0 1
    outer loop
      vertex 14.8568 9.62097 55
      vertex 0 0 55
      vertex 15.0933 9.44559 55
    endloop
  endfacet
  facet normal 0 0 1
    outer loop
      vertex 14.6387 9.81868 55
      vertex 0 0 55
      vertex 14.8568 9.62097 55
    endloop
  endfacet
  facet normal 0 0 1
    outer loop
      vertex 14.441 10.0368 55
      vertex 0 0 55
      vertex 14.6387 9.81868 55
    endloop
  endfacet
  facet normal 0 0 1
    outer loop
      vertex 14.2656 10.2733 55
      vertex 0 0 55
      vertex 14.441 10.0368 55
    endloop
  endfacet
  facet normal 0 0 1
    outer loop
      vertex 14.1142 10.5258 55
      vertex 0 0 55
      vertex 14.2656 10.2733 55
    endloop
  endfacet
  facet normal 0 0 1
    outer loop
      vertex 13.9884 10.7919 55
      vertex 0 0 55
      vertex 14.1142 10.5258 55
    endloop
  endfacet
  facet normal 0 0 1
    outer loop
      vertex 13.8892 11.0691 55
      vertex 0 0 55
      vertex 13.9884 10.7919 55
    endloop
  endfacet
  facet normal 0 0 1
    outer loop
      vertex 13.8176 11.3547 55
      vertex 0 0 55
      vertex 13.8892 11.0691 55
    endloop
  endfacet
  facet normal 0 0 1
    outer loop
      vertex 13.7744 11.6459 55
      vertex 0 0 55
      vertex 13.8176 11.3547 55
    endloop
  endfacet
  facet normal 1 -0 0
    outer loop
      vertex 127.76 0 55
      vertex 127.76 85.48 0
      vertex 127.76 85.48 55
    endloop
  endfacet
  facet normal 1 0 0
    outer loop
      vertex 127.76 85.48 0
      vertex 127.76 0 55
      vertex 127.76 0 0
    endloop
  endfacet
  facet normal 0 1 -0
    outer loop
      vertex 127.76 85.48 0
      vertex 0 85.48 55
      vertex 127.76 85.48 55
    endloop
  endfacet
  facet normal 0 1 0
    outer loop
      vertex 0 85.48 55
      vertex 127.76 85.48 0
      vertex 0 85.48 0
    endloop
  endfacet
  facet normal 0 0 -1
    outer loop
      vertex 0 0 0
      vertex 127.76 85.48 0
      vertex 127.76 0 0
    endloop
  endfacet
  facet normal -0 0 -1
    outer loop
      vertex 127.76 85.48 0
      vertex 0 0 0
      vertex 0 85.48 0
    endloop
  endfacet
  facet normal 0 -1 0
    outer loop
      vertex 0 0 0
      vertex 127.76 0 55
      vertex 0 0 55
    endloop
  endfacet
  facet normal 0 -1 -0
    outer loop
      vertex 127.76 0 55
      vertex 0 0 0
      vertex 127.76 0 0
    endloop
  endfacet
  facet normal -0.998803 -0.0489044 0
    outer loop
      vertex 19.76 11.94 35
      vertex 19.7456 12.2341 55
      vertex 19.7456 12.2341 35
    endloop
  endfacet
  facet normal -0.998803 -0.0489044 0
    outer loop
      vertex 19.7456 12.2341 55
      vertex 19.76 11.94 35
      vertex 19.76 11.94 55
    endloop
  endfacet
  facet normal 0.998803 -0.0489044 0
    outer loop
      vertex 13.76 11.94 55
      vertex 13.7744 12.2341 35
      vertex 13.7744 12.2341 55
    endloop
  endfacet
  facet normal 0.998803 -0.0489044 0
    outer loop
      vertex 13.7744 12.2341 35
      vertex 13.76 11.94 55
      vertex 13.76 11.94 35
    endloop
  endfacet
  facet normal -0.0489044 -0.998803 0
    outer loop
      vertex 16.76 14.94 35
      vertex 17.0541 14.9256 55
      vertex 16.76 14.94 55
    endloop
  endfacet
  facet normal -0.0489044 -0.998803 -0
    outer loop
      vertex 17.0541 14.9256 55
      vertex 16.76 14.94 35
      vertex 17.0541 14.9256 35
    endloop
  endfacet
  facet normal -0.0490399 0.998797 0
    outer loop
      vertex 17.0541 8.95444 35
      vertex 16.76 8.94 55
      vertex 17.0541 8.95444 55
    endloop
  endfacet
  facet normal -0.0490399 0.998797 0
    outer loop
      vertex 16.76 8.94 55
      vertex 17.0541 8.95444 35
      vertex 16.76 8.94 35
    endloop
  endfacet
  facet normal -0.740908 -0.671607 0
    outer loop
      vertex 19.079 13.8432 35
      vertex 18.8813 14.0613 55
      vertex 18.8813 14.0613 35
    endloop
  endfacet
  facet normal -0.740908 -0.671607 0
    outer loop
      vertex 18.8813 14.0613 55
      vertex 19.079 13.8432 35
      vertex 19.079 13.8432 55
    endloop
  endfacet
  facet normal 0.671607 -0.740908 0
    outer loop
      vertex 14.6387 14.0613 35
      vertex 14.8568 14.259 55
      vertex 14.6387 14.0613 55
    endloop
  endfacet
  facet normal 0.671607 -0.740908 0
    outer loop
      vertex 14.8568 14.259 55
      vertex 14.6387 14.0613 35
      vertex 14.8568 14.259 35
    endloop
  endfacet
  facet normal 0.336939 -0.941527 0
    outer loop
      vertex 15.6119 14.7116 35
      vertex 15.8891 14.8108 55
      vertex 15.6119 14.7116 55
    endloop
  endfacet
  facet normal 0.336939 -0.941527 0
    outer loop
      vertex 15.8891 14.8108 55
      vertex 15.6119 14.7116 35
      vertex 15.8891 14.8108 35
    endloop
  endfacet
  facet normal -0.904125 -0.427269 0
    outer loop
      vertex 19.5316 13.088 35
      vertex 19.4058 13.3542 55
      vertex 19.4058 13.3542 35
    endloop
  endfacet
  facet normal -0.904125 -0.427269 0
    outer loop
      vertex 19.4058 13.3542 55
      vertex 19.5316 13.088 35
      vertex 19.5316 13.088 55
    endloop
  endfacet
  facet normal -0.857643 -0.514246 0
    outer loop
      vertex 19.4058 13.3542 35
      vertex 19.2544 13.6067 55
      vertex 19.2544 13.6067 35
    endloop
  endfacet
  facet normal -0.857643 -0.514246 0
    outer loop
      vertex 19.2544 13.6067 55
      vertex 19.4058 13.3542 35
      vertex 19.4058 13.3542 55
    endloop
  endfacet
  facet normal -0.4274 -0.904063 0
    outer loop
      vertex 17.9081 14.7116 35
      vertex 18.1742 14.5858 55
      vertex 17.9081 14.7116 55
    endloop
  endfacet
  facet normal -0.4274 -0.904063 -0
    outer loop
      vertex 18.1742 14.5858 55
      vertex 17.9081 14.7116 35
      vertex 18.1742 14.5858 35
    endloop
  endfacet
  facet normal -0.595699 -0.803208 0
    outer loop
      vertex 18.4267 14.4344 35
      vertex 18.6632 14.259 55
      vertex 18.4267 14.4344 55
    endloop
  endfacet
  facet normal -0.595699 -0.803208 -0
    outer loop
      vertex 18.6632 14.259 55
      vertex 18.4267 14.4344 35
      vertex 18.6632 14.259 35
    endloop
  endfacet
  facet normal 0.904125 -0.427269 0
    outer loop
      vertex 13.9884 13.088 55
      vertex 14.1142 13.3542 35
      vertex 14.1142 13.3542 55
    endloop
  endfacet
  facet normal 0.904125 -0.427269 0
    outer loop
      vertex 14.1142 13.3542 35
      vertex 13.9884 13.088 55
      vertex 13.9884 13.088 35
    endloop
  endfacet
  facet normal 0.146746 -0.989174 0
    outer loop
      vertex 16.1747 14.8824 35
      vertex 16.4659 14.9256 55
      vertex 16.1747 14.8824 55
    endloop
  endfacet
  facet normal 0.146746 -0.989174 0
    outer loop
      vertex 16.4659 14.9256 55
      vertex 16.1747 14.8824 35
      vertex 16.4659 14.9256 35
    endloop
  endfacet
  facet normal -0.969982 0.243175 0
    outer loop
      vertex 19.6308 11.0691 35
      vertex 19.7024 11.3547 55
      vertex 19.7024 11.3547 35
    endloop
  endfacet
  facet normal -0.969982 0.243175 0
    outer loop
      vertex 19.7024 11.3547 55
      vertex 19.6308 11.0691 35
      vertex 19.6308 11.0691 55
    endloop
  endfacet
  facet normal -0.146746 0.989174 0
    outer loop
      vertex 17.3453 8.99764 35
      vertex 17.0541 8.95444 55
      vertex 17.3453 8.99764 55
    endloop
  endfacet
  facet normal -0.146746 0.989174 0
    outer loop
      vertex 17.0541 8.95444 55
      vertex 17.3453 8.99764 35
      vertex 17.0541 8.95444 35
    endloop
  endfacet
  facet normal -0.969982 -0.243175 0
    outer loop
      vertex 19.7024 12.5253 35
      vertex 19.6308 12.8109 55
      vertex 19.6308 12.8109 35
    endloop
  endfacet
  facet normal -0.969982 -0.243175 0
    outer loop
      vertex 19.6308 12.8109 55
      vertex 19.7024 12.5253 35
      vertex 19.7024 12.5253 55
    endloop
  endfacet
  facet normal -0.989174 -0.146746 0
    outer loop
      vertex 19.7456 12.2341 35
      vertex 19.7024 12.5253 55
      vertex 19.7024 12.5253 35
    endloop
  endfacet
  facet normal -0.989174 -0.146746 0
    outer loop
      vertex 19.7024 12.5253 55
      vertex 19.7456 12.2341 35
      vertex 19.7456 12.2341 55
    endloop
  endfacet
  facet normal -0.941488 -0.337047 0
    outer loop
      vertex 19.6308 12.8109 35
      vertex 19.5316 13.088 55
      vertex 19.5316 13.088 35
    endloop
  endfacet
  facet normal -0.941488 -0.337047 0
    outer loop
      vertex 19.5316 13.088 55
      vertex 19.6308 12.8109 35
      vertex 19.6308 12.8109 55
    endloop
  endfacet
  facet normal -0.803208 -0.595699 0
    outer loop
      vertex 19.2544 13.6067 35
      vertex 19.079 13.8432 55
      vertex 19.079 13.8432 35
    endloop
  endfacet
  facet normal -0.803208 -0.595699 0
    outer loop
      vertex 19.079 13.8432 55
      vertex 19.2544 13.6067 35
      vertex 19.2544 13.6067 55
    endloop
  endfacet
  facet normal -0.243175 -0.969982 0
    outer loop
      vertex 17.3453 14.8824 35
      vertex 17.6309 14.8108 55
      vertex 17.3453 14.8824 55
    endloop
  endfacet
  facet normal -0.243175 -0.969982 -0
    outer loop
      vertex 17.6309 14.8108 55
      vertex 17.3453 14.8824 35
      vertex 17.6309 14.8108 35
    endloop
  endfacet
  facet normal -0.336939 -0.941527 0
    outer loop
      vertex 17.6309 14.8108 35
      vertex 17.9081 14.7116 55
      vertex 17.6309 14.8108 55
    endloop
  endfacet
  facet normal -0.336939 -0.941527 -0
    outer loop
      vertex 17.9081 14.7116 55
      vertex 17.6309 14.8108 35
      vertex 17.9081 14.7116 35
    endloop
  endfacet
  facet normal -0.146746 -0.989174 0
    outer loop
      vertex 17.0541 14.9256 35
      vertex 17.3453 14.8824 55
      vertex 17.0541 14.9256 55
    endloop
  endfacet
  facet normal -0.146746 -0.989174 -0
    outer loop
      vertex 17.3453 14.8824 55
      vertex 17.0541 14.9256 35
      vertex 17.3453 14.8824 35
    endloop
  endfacet
  facet normal -0.514246 -0.857643 0
    outer loop
      vertex 18.1742 14.5858 35
      vertex 18.4267 14.4344 55
      vertex 18.1742 14.5858 55
    endloop
  endfacet
  facet normal -0.514246 -0.857643 -0
    outer loop
      vertex 18.4267 14.4344 55
      vertex 18.1742 14.5858 35
      vertex 18.4267 14.4344 35
    endloop
  endfacet
  facet normal -0.671607 -0.740908 0
    outer loop
      vertex 18.6632 14.259 35
      vertex 18.8813 14.0613 55
      vertex 18.6632 14.259 55
    endloop
  endfacet
  facet normal -0.671607 -0.740908 -0
    outer loop
      vertex 18.8813 14.0613 55
      vertex 18.6632 14.259 35
      vertex 18.8813 14.0613 35
    endloop
  endfacet
  facet normal 0.969982 -0.243175 0
    outer loop
      vertex 13.8176 12.5253 55
      vertex 13.8892 12.8109 35
      vertex 13.8892 12.8109 55
    endloop
  endfacet
  facet normal 0.969982 -0.243175 0
    outer loop
      vertex 13.8892 12.8109 35
      vertex 13.8176 12.5253 55
      vertex 13.8176 12.5253 35
    endloop
  endfacet
  facet normal 0.803208 -0.595699 0
    outer loop
      vertex 14.2656 13.6067 55
      vertex 14.441 13.8432 35
      vertex 14.441 13.8432 55
    endloop
  endfacet
  facet normal 0.803208 -0.595699 0
    outer loop
      vertex 14.441 13.8432 35
      vertex 14.2656 13.6067 55
      vertex 14.2656 13.6067 35
    endloop
  endfacet
  facet normal 0.740908 -0.671607 0
    outer loop
      vertex 14.441 13.8432 55
      vertex 14.6387 14.0613 35
      vertex 14.6387 14.0613 55
    endloop
  endfacet
  facet normal 0.740908 -0.671607 0
    outer loop
      vertex 14.6387 14.0613 35
      vertex 14.441 13.8432 55
      vertex 14.441 13.8432 35
    endloop
  endfacet
  facet normal 0.857643 -0.514246 0
    outer loop
      vertex 14.1142 13.3542 55
      vertex 14.2656 13.6067 35
      vertex 14.2656 13.6067 55
    endloop
  endfacet
  facet normal 0.857643 -0.514246 0
    outer loop
      vertex 14.2656 13.6067 35
      vertex 14.1142 13.3542 55
      vertex 14.1142 13.3542 35
    endloop
  endfacet
  facet normal 0.941488 -0.337047 0
    outer loop
      vertex 13.8892 12.8109 55
      vertex 13.9884 13.088 35
      vertex 13.9884 13.088 55
    endloop
  endfacet
  facet normal 0.941488 -0.337047 0
    outer loop
      vertex 13.9884 13.088 35
      vertex 13.8892 12.8109 55
      vertex 13.8892 12.8109 35
    endloop
  endfacet
  facet normal 0.989174 -0.146746 0
    outer loop
      vertex 13.7744 12.2341 55
      vertex 13.8176 12.5253 35
      vertex 13.8176 12.5253 55
    endloop
  endfacet
  facet normal 0.989174 -0.146746 0
    outer loop
      vertex 13.8176 12.5253 35
      vertex 13.7744 12.2341 55
      vertex 13.7744 12.2341 35
    endloop
  endfacet
  facet normal 0.514246 -0.857643 0
    outer loop
      vertex 15.0933 14.4344 35
      vertex 15.3458 14.5858 55
      vertex 15.0933 14.4344 55
    endloop
  endfacet
  facet normal 0.514246 -0.857643 0
    outer loop
      vertex 15.3458 14.5858 55
      vertex 15.0933 14.4344 35
      vertex 15.3458 14.5858 35
    endloop
  endfacet
  facet normal 0.4274 -0.904063 0
    outer loop
      vertex 15.3458 14.5858 35
      vertex 15.6119 14.7116 55
      vertex 15.3458 14.5858 55
    endloop
  endfacet
  facet normal 0.4274 -0.904063 0
    outer loop
      vertex 15.6119 14.7116 55
      vertex 15.3458 14.5858 35
      vertex 15.6119 14.7116 35
    endloop
  endfacet
  facet normal 0.595699 -0.803208 0
    outer loop
      vertex 14.8568 14.259 35
      vertex 15.0933 14.4344 55
      vertex 14.8568 14.259 55
    endloop
  endfacet
  facet normal 0.595699 -0.803208 0
    outer loop
      vertex 15.0933 14.4344 55
      vertex 14.8568 14.259 35
      vertex 15.0933 14.4344 35
    endloop
  endfacet
  facet normal 0.243175 -0.969982 0
    outer loop
      vertex 15.8891 14.8108 35
      vertex 16.1747 14.8824 55
      vertex 15.8891 14.8108 55
    endloop
  endfacet
  facet normal 0.243175 -0.969982 0
    outer loop
      vertex 16.1747 14.8824 55
      vertex 15.8891 14.8108 35
      vertex 16.1747 14.8824 35
    endloop
  endfacet
  facet normal 0.0489044 -0.998803 0
    outer loop
      vertex 16.4659 14.9256 35
      vertex 16.76 14.94 55
      vertex 16.4659 14.9256 55
    endloop
  endfacet
  facet normal 0.0489044 -0.998803 0
    outer loop
      vertex 16.76 14.94 55
      vertex 16.4659 14.9256 35
      vertex 16.76 14.94 35
    endloop
  endfacet
  facet normal -0.998803 0.0489044 0
    outer loop
      vertex 19.7456 11.6459 35
      vertex 19.76 11.94 55
      vertex 19.76 11.94 35
    endloop
  endfacet
  facet normal -0.998803 0.0489044 0
    outer loop
      vertex 19.76 11.94 55
      vertex 19.7456 11.6459 35
      vertex 19.7456 11.6459 55
    endloop
  endfacet
  facet normal -0.740938 0.671573 0
    outer loop
      vertex 18.8813 9.81868 35
      vertex 19.079 10.0368 55
      vertex 19.079 10.0368 35
    endloop
  endfacet
  facet normal -0.740938 0.671573 0
    outer loop
      vertex 19.079 10.0368 55
      vertex 18.8813 9.81868 35
      vertex 18.8813 9.81868 55
    endloop
  endfacet
  facet normal 0.671625 0.740891 -0
    outer loop
      vertex 14.8568 9.62097 35
      vertex 14.6387 9.81868 55
      vertex 14.8568 9.62097 55
    endloop
  endfacet
  facet normal 0.671625 0.740891 0
    outer loop
      vertex 14.6387 9.81868 55
      vertex 14.8568 9.62097 35
      vertex 14.6387 9.81868 35
    endloop
  endfacet
  facet normal 0.904063 0.4274 0
    outer loop
      vertex 14.1142 10.5258 55
      vertex 13.9884 10.7919 35
      vertex 13.9884 10.7919 55
    endloop
  endfacet
  facet normal 0.904063 0.4274 0
    outer loop
      vertex 13.9884 10.7919 35
      vertex 14.1142 10.5258 55
      vertex 14.1142 10.5258 35
    endloop
  endfacet
  facet normal 0.803208 0.595699 0
    outer loop
      vertex 14.441 10.0368 55
      vertex 14.2656 10.2733 35
      vertex 14.2656 10.2733 55
    endloop
  endfacet
  facet normal 0.803208 0.595699 0
    outer loop
      vertex 14.2656 10.2733 35
      vertex 14.441 10.0368 55
      vertex 14.441 10.0368 35
    endloop
  endfacet
  facet normal 0 0 1
    outer loop
      vertex 19.7456 12.2341 35
      vertex 19.7456 11.6459 35
      vertex 19.76 11.94 35
    endloop
  endfacet
  facet normal 0 0 1
    outer loop
      vertex 19.7024 12.5253 35
      vertex 19.7456 11.6459 35
      vertex 19.7456 12.2341 35
    endloop
  endfacet
  facet normal 0 0 1
    outer loop
      vertex 19.7024 12.5253 35
      vertex 19.7024 11.3547 35
      vertex 19.7456 11.6459 35
    endloop
  endfacet
  facet normal 0 0 1
    outer loop
      vertex 19.6308 12.8109 35
      vertex 19.7024 11.3547 35
      vertex 19.7024 12.5253 35
    endloop
  endfacet
  facet normal 0 0 1
    outer loop
      vertex 19.6308 12.8109 35
      vertex 19.6308 11.0691 35
      vertex 19.7024 11.3547 35
    endloop
  endfacet
  facet normal 0 0 1
    outer loop
      vertex 19.5316 13.088 35
      vertex 19.6308 11.0691 35
      vertex 19.6308 12.8109 35
    endloop
  endfacet
  facet normal 0 0 1
    outer loop
      vertex 19.5316 13.088 35
      vertex 19.5316 10.7919 35
      vertex 19.6308 11.0691 35
    endloop
  endfacet
  facet normal 0 0 1
    outer loop
      vertex 19.4058 13.3542 35
      vertex 19.5316 10.7919 35
      vertex 19.5316 13.088 35
    endloop
  endfacet
  facet normal 0 0 1
    outer loop
      vertex 19.4058 13.3542 35
      vertex 19.4058 10.5258 35
      vertex 19.5316 10.7919 35
    endloop
  endfacet
  facet normal 0 0 1
    outer loop
      vertex 19.2544 13.6067 35
      vertex 19.4058 10.5258 35
      vertex 19.4058 13.3542 35
    endloop
  endfacet
  facet normal 0 0 1
    outer loop
      vertex 19.2544 13.6067 35
      vertex 19.2544 10.2733 35
      vertex 19.4058 10.5258 35
    endloop
  endfacet
  facet normal 0 0 1
    outer loop
      vertex 19.079 13.8432 35
      vertex 19.2544 10.2733 35
      vertex 19.2544 13.6067 35
    endloop
  endfacet
  facet normal 0 0 1
    outer loop
      vertex 19.079 13.8432 35
      vertex 19.079 10.0368 35
      vertex 19.2544 10.2733 35
    endloop
  endfacet
  facet normal 0 0 1
    outer loop
      vertex 18.8813 14.0613 35
      vertex 19.079 10.0368 35
      vertex 19.079 13.8432 35
    endloop
  endfacet
  facet normal 0 0 1
    outer loop
      vertex 18.8813 14.0613 35
      vertex 18.8813 9.81868 35
      vertex 19.079 10.0368 35
    endloop
  endfacet
  facet normal 0 0 1
    outer loop
      vertex 18.6632 14.259 35
      vertex 18.8813 9.81868 35
      vertex 18.8813 14.0613 35
    endloop
  endfacet
  facet normal 0 0 1
    outer loop
      vertex 18.6632 14.259 35
      vertex 18.6632 9.62097 35
      vertex 18.8813 9.81868 35
    endloop
  endfacet
  facet normal 0 0 1
    outer loop
      vertex 18.4267 14.4344 35
      vertex 18.6632 9.62097 35
      vertex 18.6632 14.259 35
    endloop
  endfacet
  facet normal 0 0 1
    outer loop
      vertex 18.4267 14.4344 35
      vertex 18.4267 9.44559 35
      vertex 18.6632 9.62097 35
    endloop
  endfacet
  facet normal 0 0 1
    outer loop
      vertex 18.1742 14.5858 35
      vertex 18.4267 9.44559 35
      vertex 18.4267 14.4344 35
    endloop
  endfacet
  facet normal 0 0 1
    outer loop
      vertex 18.1742 14.5858 35
      vertex 18.1742 9.29424 35
      vertex 18.4267 9.44559 35
    endloop
  endfacet
  facet normal 0 0 1
    outer loop
      vertex 17.9081 14.7116 35
      vertex 18.1742 9.29424 35
      vertex 18.1742 14.5858 35
    endloop
  endfacet
  facet normal 0 0 1
    outer loop
      vertex 17.9081 14.7116 35
      vertex 17.9081 9.16836 35
      vertex 18.1742 9.29424 35
    endloop
  endfacet
  facet normal 0 0 1
    outer loop
      vertex 17.6309 14.8108 35
      vertex 17.9081 9.16836 35
      vertex 17.9081 14.7116 35
    endloop
  endfacet
  facet normal 0 0 1
    outer loop
      vertex 17.6309 14.8108 35
      vertex 17.6309 9.06918 35
      vertex 17.9081 9.16836 35
    endloop
  endfacet
  facet normal 0 0 1
    outer loop
      vertex 17.3453 14.8824 35
      vertex 17.6309 9.06918 35
      vertex 17.6309 14.8108 35
    endloop
  endfacet
  facet normal 0 0 1
    outer loop
      vertex 17.3453 14.8824 35
      vertex 17.3453 8.99764 35
      vertex 17.6309 9.06918 35
    endloop
  endfacet
  facet normal 0 0 1
    outer loop
      vertex 17.0541 14.9256 35
      vertex 17.3453 8.99764 35
      vertex 17.3453 14.8824 35
    endloop
  endfacet
  facet normal 0 0 1
    outer loop
      vertex 17.0541 14.9256 35
      vertex 17.0541 8.95444 35
      vertex 17.3453 8.99764 35
    endloop
  endfacet
  facet normal 0 0 1
    outer loop
      vertex 16.76 14.94 35
      vertex 17.0541 8.95444 35
      vertex 17.0541 14.9256 35
    endloop
  endfacet
  facet normal 0 0 1
    outer loop
      vertex 16.76 14.94 35
      vertex 16.76 8.94 35
      vertex 17.0541 8.95444 35
    endloop
  endfacet
  facet normal -0 0 1
    outer loop
      vertex 16.4659 14.9256 35
      vertex 16.76 8.94 35
      vertex 16.76 14.94 35
    endloop
  endfacet
  facet normal 0 0 1
    outer loop
      vertex 16.4659 14.9256 35
      vertex 16.4659 8.95444 35
      vertex 16.76 8.94 35
    endloop
  endfacet
  facet normal -0 0 1
    outer loop
      vertex 16.1747 14.8824 35
      vertex 16.4659 8.95444 35
      vertex 16.4659 14.9256 35
    endloop
  endfacet
  facet normal 0 0 1
    outer loop
      vertex 16.1747 14.8824 35
      vertex 16.1747 8.99764 35
      vertex 16.4659 8.95444 35
    endloop
  endfacet
  facet normal -0 0 1
    outer loop
      vertex 15.8891 14.8108 35
      vertex 16.1747 8.99764 35
      vertex 16.1747 14.8824 35
    endloop
  endfacet
  facet normal 0 0 1
    outer loop
      vertex 15.8891 14.8108 35
      vertex 15.8891 9.06918 35
      vertex 16.1747 8.99764 35
    endloop
  endfacet
  facet normal -0 0 1
    outer loop
      vertex 15.6119 14.7116 35
      vertex 15.8891 9.06918 35
      vertex 15.8891 14.8108 35
    endloop
  endfacet
  facet normal 0 0 1
    outer loop
      vertex 15.6119 14.7116 35
      vertex 15.6119 9.16836 35
      vertex 15.8891 9.06918 35
    endloop
  endfacet
  facet normal -0 0 1
    outer loop
      vertex 15.3458 14.5858 35
      vertex 15.6119 9.16836 35
      vertex 15.6119 14.7116 35
    endloop
  endfacet
  facet normal 0 0 1
    outer loop
      vertex 15.3458 14.5858 35
      vertex 15.3458 9.29424 35
      vertex 15.6119 9.16836 35
    endloop
  endfacet
  facet normal -0 0 1
    outer loop
      vertex 15.0933 14.4344 35
      vertex 15.3458 9.29424 35
      vertex 15.3458 14.5858 35
    endloop
  endfacet
  facet normal 0 0 1
    outer loop
      vertex 15.0933 14.4344 35
      vertex 15.0933 9.44559 35
      vertex 15.3458 9.29424 35
    endloop
  endfacet
  facet normal -0 0 1
    outer loop
      vertex 14.8568 14.259 35
      vertex 15.0933 9.44559 35
      vertex 15.0933 14.4344 35
    endloop
  endfacet
  facet normal 0 0 1
    outer loop
      vertex 14.8568 14.259 35
      vertex 14.8568 9.62097 35
      vertex 15.0933 9.44559 35
    endloop
  endfacet
  facet normal -0 0 1
    outer loop
      vertex 14.6387 14.0613 35
      vertex 14.8568 9.62097 35
      vertex 14.8568 14.259 35
    endloop
  endfacet
  facet normal 0 0 1
    outer loop
      vertex 14.6387 14.0613 35
      vertex 14.6387 9.81868 35
      vertex 14.8568 9.62097 35
    endloop
  endfacet
  facet normal -0 0 1
    outer loop
      vertex 14.441 13.8432 35
      vertex 14.6387 9.81868 35
      vertex 14.6387 14.0613 35
    endloop
  endfacet
  facet normal 0 0 1
    outer loop
      vertex 14.441 13.8432 35
      vertex 14.441 10.0368 35
      vertex 14.6387 9.81868 35
    endloop
  endfacet
  facet normal -0 0 1
    outer loop
      vertex 14.2656 13.6067 35
      vertex 14.441 10.0368 35
      vertex 14.441 13.8432 35
    endloop
  endfacet
  facet normal 0 0 1
    outer loop
      vertex 14.2656 13.6067 35
      vertex 14.2656 10.2733 35
      vertex 14.441 10.0368 35
    endloop
  endfacet
  facet normal -0 0 1
    outer loop
      vertex 14.1142 13.3542 35
      vertex 14.2656 10.2733 35
      vertex 14.2656 13.6067 35
    endloop
  endfacet
  facet normal 0 0 1
    outer loop
      vertex 14.1142 13.3542 35
      vertex 14.1142 10.5258 35
      vertex 14.2656 10.2733 35
    endloop
  endfacet
  facet normal -0 0 1
    outer loop
      vertex 13.9884 13.088 35
      vertex 14.1142 10.5258 35
      vertex 14.1142 13.3542 35
    endloop
  endfacet
  facet normal 0 0 1
    outer loop
      vertex 13.9884 13.088 35
      vertex 13.9884 10.7919 35
      vertex 14.1142 10.5258 35
    endloop
  endfacet
  facet normal -0 0 1
    outer loop
      vertex 13.8892 12.8109 35
      vertex 13.9884 10.7919 35
      vertex 13.9884 13.088 35
    endloop
  endfacet
  facet normal 0 0 1
    outer loop
      vertex 13.8892 12.8109 35
      vertex 13.8892 11.0691 35
      vertex 13.9884 10.7919 35
    endloop
  endfacet
  facet normal -0 0 1
    outer loop
      vertex 13.8176 12.5253 35
      vertex 13.8892 11.0691 35
      vertex 13.8892 12.8109 35
    endloop
  endfacet
  facet normal 0 0 1
    outer loop
      vertex 13.8176 12.5253 35
      vertex 13.8176 11.3547 35
      vertex 13.8892 11.0691 35
    endloop
  endfacet
  facet normal -0 0 1
    outer loop
      vertex 13.7744 12.2341 35
      vertex 13.8176 11.3547 35
      vertex 13.8176 12.5253 35
    endloop
  endfacet
  facet normal 0 0 1
    outer loop
      vertex 13.7744 12.2341 35
      vertex 13.7744 11.6459 35
      vertex 13.8176 11.3547 35
    endloop
  endfacet
  facet normal 0 -0 1
    outer loop
      vertex 13.7744 11.6459 35
      vertex 13.7744 12.2341 35
      vertex 13.76 11.94 35
    endloop
  endfacet
  facet normal -0.904063 0.4274 0
    outer loop
      vertex 19.4058 10.5258 35
      vertex 19.5316 10.7919 55
      vertex 19.5316 10.7919 35
    endloop
  endfacet
  facet normal -0.904063 0.4274 0
    outer loop
      vertex 19.5316 10.7919 55
      vertex 19.4058 10.5258 35
      vertex 19.4058 10.5258 55
    endloop
  endfacet
  facet normal -0.941527 0.336939 0
    outer loop
      vertex 19.5316 10.7919 35
      vertex 19.6308 11.0691 55
      vertex 19.6308 11.0691 35
    endloop
  endfacet
  facet normal -0.941527 0.336939 0
    outer loop
      vertex 19.6308 11.0691 55
      vertex 19.5316 10.7919 35
      vertex 19.5316 10.7919 55
    endloop
  endfacet
  facet normal -0.989174 0.146746 0
    outer loop
      vertex 19.7024 11.3547 35
      vertex 19.7456 11.6459 55
      vertex 19.7456 11.6459 35
    endloop
  endfacet
  facet normal -0.989174 0.146746 0
    outer loop
      vertex 19.7456 11.6459 55
      vertex 19.7024 11.3547 35
      vertex 19.7024 11.3547 55
    endloop
  endfacet
  facet normal -0.803208 0.595699 0
    outer loop
      vertex 19.079 10.0368 35
      vertex 19.2544 10.2733 55
      vertex 19.2544 10.2733 35
    endloop
  endfacet
  facet normal -0.803208 0.595699 0
    outer loop
      vertex 19.2544 10.2733 55
      vertex 19.079 10.0368 35
      vertex 19.079 10.0368 55
    endloop
  endfacet
  facet normal -0.514121 0.857718 0
    outer loop
      vertex 18.4267 9.44559 35
      vertex 18.1742 9.29424 55
      vertex 18.4267 9.44559 55
    endloop
  endfacet
  facet normal -0.514121 0.857718 0
    outer loop
      vertex 18.1742 9.29424 55
      vertex 18.4267 9.44559 35
      vertex 18.1742 9.29424 35
    endloop
  endfacet
  facet normal -0.671625 0.740891 0
    outer loop
      vertex 18.8813 9.81868 35
      vertex 18.6632 9.62097 55
      vertex 18.8813 9.81868 55
    endloop
  endfacet
  facet normal -0.671625 0.740891 0
    outer loop
      vertex 18.6632 9.62097 55
      vertex 18.8813 9.81868 35
      vertex 18.6632 9.62097 35
    endloop
  endfacet
  facet normal 0.740938 0.671573 0
    outer loop
      vertex 14.6387 9.81868 55
      vertex 14.441 10.0368 35
      vertex 14.441 10.0368 55
    endloop
  endfacet
  facet normal 0.740938 0.671573 0
    outer loop
      vertex 14.441 10.0368 35
      vertex 14.6387 9.81868 55
      vertex 14.6387 9.81868 35
    endloop
  endfacet
  facet normal 0.969982 0.243175 0
    outer loop
      vertex 13.8892 11.0691 55
      vertex 13.8176 11.3547 35
      vertex 13.8176 11.3547 55
    endloop
  endfacet
  facet normal 0.969982 0.243175 0
    outer loop
      vertex 13.8176 11.3547 35
      vertex 13.8892 11.0691 55
      vertex 13.8892 11.0691 35
    endloop
  endfacet
  facet normal 0.941527 0.336939 0
    outer loop
      vertex 13.9884 10.7919 55
      vertex 13.8892 11.0691 35
      vertex 13.8892 11.0691 55
    endloop
  endfacet
  facet normal 0.941527 0.336939 0
    outer loop
      vertex 13.8892 11.0691 35
      vertex 13.9884 10.7919 55
      vertex 13.9884 10.7919 35
    endloop
  endfacet
  facet normal -0.242983 0.970031 0
    outer loop
      vertex 17.6309 9.06918 35
      vertex 17.3453 8.99764 55
      vertex 17.6309 9.06918 55
    endloop
  endfacet
  facet normal -0.242983 0.970031 0
    outer loop
      vertex 17.3453 8.99764 55
      vertex 17.6309 9.06918 35
      vertex 17.3453 8.99764 35
    endloop
  endfacet
  facet normal -0.427622 0.903958 0
    outer loop
      vertex 18.1742 9.29424 35
      vertex 17.9081 9.16836 55
      vertex 18.1742 9.29424 55
    endloop
  endfacet
  facet normal -0.427622 0.903958 0
    outer loop
      vertex 17.9081 9.16836 55
      vertex 18.1742 9.29424 35
      vertex 17.9081 9.16836 35
    endloop
  endfacet
  facet normal -0.336879 0.941548 0
    outer loop
      vertex 17.9081 9.16836 35
      vertex 17.6309 9.06918 55
      vertex 17.9081 9.16836 55
    endloop
  endfacet
  facet normal -0.336879 0.941548 0
    outer loop
      vertex 17.6309 9.06918 55
      vertex 17.9081 9.16836 35
      vertex 17.6309 9.06918 35
    endloop
  endfacet
  facet normal -0.857643 0.514246 0
    outer loop
      vertex 19.2544 10.2733 35
      vertex 19.4058 10.5258 55
      vertex 19.4058 10.5258 35
    endloop
  endfacet
  facet normal -0.857643 0.514246 0
    outer loop
      vertex 19.4058 10.5258 55
      vertex 19.2544 10.2733 35
      vertex 19.2544 10.2733 55
    endloop
  endfacet
  facet normal 0.0490399 0.998797 -0
    outer loop
      vertex 16.76 8.94 35
      vertex 16.4659 8.95444 55
      vertex 16.76 8.94 55
    endloop
  endfacet
  facet normal 0.0490399 0.998797 0
    outer loop
      vertex 16.4659 8.95444 55
      vertex 16.76 8.94 35
      vertex 16.4659 8.95444 35
    endloop
  endfacet
  facet normal 0.514121 0.857718 -0
    outer loop
      vertex 15.3458 9.29424 35
      vertex 15.0933 9.44559 55
      vertex 15.3458 9.29424 55
    endloop
  endfacet
  facet normal 0.514121 0.857718 0
    outer loop
      vertex 15.0933 9.44559 55
      vertex 15.3458 9.29424 35
      vertex 15.0933 9.44559 35
    endloop
  endfacet
  facet normal 0.857643 0.514246 0
    outer loop
      vertex 14.2656 10.2733 55
      vertex 14.1142 10.5258 35
      vertex 14.1142 10.5258 55
    endloop
  endfacet
  facet normal 0.857643 0.514246 0
    outer loop
      vertex 14.1142 10.5258 35
      vertex 14.2656 10.2733 55
      vertex 14.2656 10.2733 35
    endloop
  endfacet
  facet normal 0.989174 0.146746 0
    outer loop
      vertex 13.8176 11.3547 55
      vertex 13.7744 11.6459 35
      vertex 13.7744 11.6459 55
    endloop
  endfacet
  facet normal 0.989174 0.146746 0
    outer loop
      vertex 13.7744 11.6459 35
      vertex 13.8176 11.3547 55
      vertex 13.8176 11.3547 35
    endloop
  endfacet
  facet normal 0.998803 0.0489044 0
    outer loop
      vertex 13.7744 11.6459 55
      vertex 13.76 11.94 35
      vertex 13.76 11.94 55
    endloop
  endfacet
  facet normal 0.998803 0.0489044 0
    outer loop
      vertex 13.76 11.94 35
      vertex 13.7744 11.6459 55
      vertex 13.7744 11.6459 35
    endloop
  endfacet
  facet normal -0.595655 0.803241 0
    outer loop
      vertex 18.6632 9.62097 35
      vertex 18.4267 9.44559 55
      vertex 18.6632 9.62097 55
    endloop
  endfacet
  facet normal -0.595655 0.803241 0
    outer loop
      vertex 18.4267 9.44559 55
      vertex 18.6632 9.62097 35
      vertex 18.4267 9.44559 35
    endloop
  endfacet
  facet normal 0.146746 0.989174 -0
    outer loop
      vertex 16.4659 8.95444 35
      vertex 16.1747 8.99764 55
      vertex 16.4659 8.95444 55
    endloop
  endfacet
  facet normal 0.146746 0.989174 0
    outer loop
      vertex 16.1747 8.99764 55
      vertex 16.4659 8.95444 35
      vertex 16.1747 8.99764 35
    endloop
  endfacet
  facet normal 0.336879 0.941548 -0
    outer loop
      vertex 15.8891 9.06918 35
      vertex 15.6119 9.16836 55
      vertex 15.8891 9.06918 55
    endloop
  endfacet
  facet normal 0.336879 0.941548 0
    outer loop
      vertex 15.6119 9.16836 55
      vertex 15.8891 9.06918 35
      vertex 15.6119 9.16836 35
    endloop
  endfacet
  facet normal 0.595655 0.803241 -0
    outer loop
      vertex 15.0933 9.44559 35
      vertex 14.8568 9.62097 55
      vertex 15.0933 9.44559 55
    endloop
  endfacet
  facet normal 0.595655 0.803241 0
    outer loop
      vertex 14.8568 9.62097 55
      vertex 15.0933 9.44559 35
      vertex 14.8568 9.62097 35
    endloop
  endfacet
  facet normal 0.427622 0.903958 -0
    outer loop
      vertex 15.6119 9.16836 35
      vertex 15.3458 9.29424 55
      vertex 15.6119 9.16836 55
    endloop
  endfacet
  facet normal 0.427622 0.903958 0
    outer loop
      vertex 15.3458 9.29424 55
      vertex 15.6119 9.16836 35
      vertex 15.3458 9.29424 35
    endloop
  endfacet
  facet normal 0.242983 0.970031 -0
    outer loop
      vertex 16.1747 8.99764 35
      vertex 15.8891 9.06918 55
      vertex 16.1747 8.99764 55
    endloop
  endfacet
  facet normal 0.242983 0.970031 0
    outer loop
      vertex 15.8891 9.06918 55
      vertex 16.1747 8.99764 35
      vertex 15.8891 9.06918 35
    endloop
  endfacet
  facet normal -0.998803 -0.0489044 0
    outer loop
      vertex 19.76 31.5 35
      vertex 19.7456 31.7941 55
      vertex 19.7456 31.7941 35
    endloop
  endfacet
  facet normal -0.998803 -0.0489044 0
    outer loop
      vertex 19.7456 31.7941 55
      vertex 19.76 31.5 35
      vertex 19.76 31.5 55
    endloop
  endfacet
  facet normal 0.998803 -0.0489044 0
    outer loop
      vertex 13.76 31.5 55
      vertex 13.7744 31.7941 35
      vertex 13.7744 31.7941 55
    endloop
  endfacet
  facet normal 0.998803 -0.0489044 0
    outer loop
      vertex 13.7744 31.7941 35
      vertex 13.76 31.5 55
      vertex 13.76 31.5 35
    endloop
  endfacet
  facet normal -0.0489044 -0.998803 0
    outer loop
      vertex 16.76 34.5 35
      vertex 17.0541 34.4856 55
      vertex 16.76 34.5 55
    endloop
  endfacet
  facet normal -0.0489044 -0.998803 -0
    outer loop
      vertex 17.0541 34.4856 55
      vertex 16.76 34.5 35
      vertex 17.0541 34.4856 35
    endloop
  endfacet
  facet normal -0.0489044 0.998803 0
    outer loop
      vertex 17.0541 28.5144 35
      vertex 16.76 28.5 55
      vertex 17.0541 28.5144 55
    endloop
  endfacet
  facet normal -0.0489044 0.998803 0
    outer loop
      vertex 16.76 28.5 55
      vertex 17.0541 28.5144 35
      vertex 16.76 28.5 35
    endloop
  endfacet
  facet normal -0.740908 -0.671607 0
    outer loop
      vertex 19.079 33.4032 35
      vertex 18.8813 33.6213 55
      vertex 18.8813 33.6213 35
    endloop
  endfacet
  facet normal -0.740908 -0.671607 0
    outer loop
      vertex 18.8813 33.6213 55
      vertex 19.079 33.4032 35
      vertex 19.079 33.4032 55
    endloop
  endfacet
  facet normal 0.671607 -0.740908 0
    outer loop
      vertex 14.6387 33.6213 35
      vertex 14.8568 33.819 55
      vertex 14.6387 33.6213 55
    endloop
  endfacet
  facet normal 0.671607 -0.740908 0
    outer loop
      vertex 14.8568 33.819 55
      vertex 14.6387 33.6213 35
      vertex 14.8568 33.819 35
    endloop
  endfacet
  facet normal 0.336939 -0.941527 0
    outer loop
      vertex 15.6119 34.2716 35
      vertex 15.8891 34.3708 55
      vertex 15.6119 34.2716 55
    endloop
  endfacet
  facet normal 0.336939 -0.941527 0
    outer loop
      vertex 15.8891 34.3708 55
      vertex 15.6119 34.2716 35
      vertex 15.8891 34.3708 35
    endloop
  endfacet
  facet normal -0.904125 -0.427269 0
    outer loop
      vertex 19.5316 32.648 35
      vertex 19.4058 32.9142 55
      vertex 19.4058 32.9142 35
    endloop
  endfacet
  facet normal -0.904125 -0.427269 0
    outer loop
      vertex 19.4058 32.9142 55
      vertex 19.5316 32.648 35
      vertex 19.5316 32.648 55
    endloop
  endfacet
  facet normal -0.857643 -0.514246 0
    outer loop
      vertex 19.4058 32.9142 35
      vertex 19.2544 33.1667 55
      vertex 19.2544 33.1667 35
    endloop
  endfacet
  facet normal -0.857643 -0.514246 0
    outer loop
      vertex 19.2544 33.1667 55
      vertex 19.4058 32.9142 35
      vertex 19.4058 32.9142 55
    endloop
  endfacet
  facet normal -0.4274 -0.904063 0
    outer loop
      vertex 17.9081 34.2716 35
      vertex 18.1742 34.1458 55
      vertex 17.9081 34.2716 55
    endloop
  endfacet
  facet normal -0.4274 -0.904063 -0
    outer loop
      vertex 18.1742 34.1458 55
      vertex 17.9081 34.2716 35
      vertex 18.1742 34.1458 35
    endloop
  endfacet
  facet normal -0.595699 -0.803208 0
    outer loop
      vertex 18.4267 33.9944 35
      vertex 18.6632 33.819 55
      vertex 18.4267 33.9944 55
    endloop
  endfacet
  facet normal -0.595699 -0.803208 -0
    outer loop
      vertex 18.6632 33.819 55
      vertex 18.4267 33.9944 35
      vertex 18.6632 33.819 35
    endloop
  endfacet
  facet normal 0.857643 -0.514246 0
    outer loop
      vertex 14.1142 32.9142 55
      vertex 14.2656 33.1667 35
      vertex 14.2656 33.1667 55
    endloop
  endfacet
  facet normal 0.857643 -0.514246 0
    outer loop
      vertex 14.2656 33.1667 35
      vertex 14.1142 32.9142 55
      vertex 14.1142 32.9142 35
    endloop
  endfacet
  facet normal 0.803208 -0.595699 0
    outer loop
      vertex 14.2656 33.1667 55
      vertex 14.441 33.4032 35
      vertex 14.441 33.4032 55
    endloop
  endfacet
  facet normal 0.803208 -0.595699 0
    outer loop
      vertex 14.441 33.4032 35
      vertex 14.2656 33.1667 55
      vertex 14.2656 33.1667 35
    endloop
  endfacet
  facet normal 0.146746 -0.989174 0
    outer loop
      vertex 16.1747 34.4424 35
      vertex 16.4659 34.4856 55
      vertex 16.1747 34.4424 55
    endloop
  endfacet
  facet normal 0.146746 -0.989174 0
    outer loop
      vertex 16.4659 34.4856 55
      vertex 16.1747 34.4424 35
      vertex 16.4659 34.4856 35
    endloop
  endfacet
  facet normal -0.336939 0.941527 0
    outer loop
      vertex 17.9081 28.7284 35
      vertex 17.6309 28.6292 55
      vertex 17.9081 28.7284 55
    endloop
  endfacet
  facet normal -0.336939 0.941527 0
    outer loop
      vertex 17.6309 28.6292 55
      vertex 17.9081 28.7284 35
      vertex 17.6309 28.6292 35
    endloop
  endfacet
  facet normal -0.969982 -0.243175 0
    outer loop
      vertex 19.7024 32.0853 35
      vertex 19.6308 32.3709 55
      vertex 19.6308 32.3709 35
    endloop
  endfacet
  facet normal -0.969982 -0.243175 0
    outer loop
      vertex 19.6308 32.3709 55
      vertex 19.7024 32.0853 35
      vertex 19.7024 32.0853 55
    endloop
  endfacet
  facet normal -0.989174 -0.146746 0
    outer loop
      vertex 19.7456 31.7941 35
      vertex 19.7024 32.0853 55
      vertex 19.7024 32.0853 35
    endloop
  endfacet
  facet normal -0.989174 -0.146746 0
    outer loop
      vertex 19.7024 32.0853 55
      vertex 19.7456 31.7941 35
      vertex 19.7456 31.7941 55
    endloop
  endfacet
  facet normal -0.941488 -0.337047 0
    outer loop
      vertex 19.6308 32.3709 35
      vertex 19.5316 32.648 55
      vertex 19.5316 32.648 35
    endloop
  endfacet
  facet normal -0.941488 -0.337047 0
    outer loop
      vertex 19.5316 32.648 55
      vertex 19.6308 32.3709 35
      vertex 19.6308 32.3709 55
    endloop
  endfacet
  facet normal -0.803208 -0.595699 0
    outer loop
      vertex 19.2544 33.1667 35
      vertex 19.079 33.4032 55
      vertex 19.079 33.4032 35
    endloop
  endfacet
  facet normal -0.803208 -0.595699 0
    outer loop
      vertex 19.079 33.4032 55
      vertex 19.2544 33.1667 35
      vertex 19.2544 33.1667 55
    endloop
  endfacet
  facet normal -0.243175 -0.969982 0
    outer loop
      vertex 17.3453 34.4424 35
      vertex 17.6309 34.3708 55
      vertex 17.3453 34.4424 55
    endloop
  endfacet
  facet normal -0.243175 -0.969982 -0
    outer loop
      vertex 17.6309 34.3708 55
      vertex 17.3453 34.4424 35
      vertex 17.6309 34.3708 35
    endloop
  endfacet
  facet normal -0.146746 -0.989174 0
    outer loop
      vertex 17.0541 34.4856 35
      vertex 17.3453 34.4424 55
      vertex 17.0541 34.4856 55
    endloop
  endfacet
  facet normal -0.146746 -0.989174 -0
    outer loop
      vertex 17.3453 34.4424 55
      vertex 17.0541 34.4856 35
      vertex 17.3453 34.4424 35
    endloop
  endfacet
  facet normal -0.671607 -0.740908 0
    outer loop
      vertex 18.6632 33.819 35
      vertex 18.8813 33.6213 55
      vertex 18.6632 33.819 55
    endloop
  endfacet
  facet normal -0.671607 -0.740908 -0
    outer loop
      vertex 18.8813 33.6213 55
      vertex 18.6632 33.819 35
      vertex 18.8813 33.6213 35
    endloop
  endfacet
  facet normal 0.969982 -0.243175 0
    outer loop
      vertex 13.8176 32.0853 55
      vertex 13.8892 32.3709 35
      vertex 13.8892 32.3709 55
    endloop
  endfacet
  facet normal 0.969982 -0.243175 0
    outer loop
      vertex 13.8892 32.3709 35
      vertex 13.8176 32.0853 55
      vertex 13.8176 32.0853 35
    endloop
  endfacet
  facet normal 0.904125 -0.427269 0
    outer loop
      vertex 13.9884 32.648 55
      vertex 14.1142 32.9142 35
      vertex 14.1142 32.9142 55
    endloop
  endfacet
  facet normal 0.904125 -0.427269 0
    outer loop
      vertex 14.1142 32.9142 35
      vertex 13.9884 32.648 55
      vertex 13.9884 32.648 35
    endloop
  endfacet
  facet normal 0.941488 -0.337047 0
    outer loop
      vertex 13.8892 32.3709 55
      vertex 13.9884 32.648 35
      vertex 13.9884 32.648 55
    endloop
  endfacet
  facet normal 0.941488 -0.337047 0
    outer loop
      vertex 13.9884 32.648 35
      vertex 13.8892 32.3709 55
      vertex 13.8892 32.3709 35
    endloop
  endfacet
  facet normal 0.989174 -0.146746 0
    outer loop
      vertex 13.7744 31.7941 55
      vertex 13.8176 32.0853 35
      vertex 13.8176 32.0853 55
    endloop
  endfacet
  facet normal 0.989174 -0.146746 0
    outer loop
      vertex 13.8176 32.0853 35
      vertex 13.7744 31.7941 55
      vertex 13.7744 31.7941 35
    endloop
  endfacet
  facet normal 0.4274 -0.904063 0
    outer loop
      vertex 15.3458 34.1458 35
      vertex 15.6119 34.2716 55
      vertex 15.3458 34.1458 55
    endloop
  endfacet
  facet normal 0.4274 -0.904063 0
    outer loop
      vertex 15.6119 34.2716 55
      vertex 15.3458 34.1458 35
      vertex 15.6119 34.2716 35
    endloop
  endfacet
  facet normal 0.514246 -0.857643 0
    outer loop
      vertex 15.0933 33.9944 35
      vertex 15.3458 34.1458 55
      vertex 15.0933 33.9944 55
    endloop
  endfacet
  facet normal 0.514246 -0.857643 0
    outer loop
      vertex 15.3458 34.1458 55
      vertex 15.0933 33.9944 35
      vertex 15.3458 34.1458 35
    endloop
  endfacet
  facet normal 0.243175 -0.969982 0
    outer loop
      vertex 15.8891 34.3708 35
      vertex 16.1747 34.4424 55
      vertex 15.8891 34.3708 55
    endloop
  endfacet
  facet normal 0.243175 -0.969982 0
    outer loop
      vertex 16.1747 34.4424 55
      vertex 15.8891 34.3708 35
      vertex 16.1747 34.4424 35
    endloop
  endfacet
  facet normal 0.0489044 -0.998803 0
    outer loop
      vertex 16.4659 34.4856 35
      vertex 16.76 34.5 55
      vertex 16.4659 34.4856 55
    endloop
  endfacet
  facet normal 0.0489044 -0.998803 0
    outer loop
      vertex 16.76 34.5 55
      vertex 16.4659 34.4856 35
      vertex 16.76 34.5 35
    endloop
  endfacet
  facet normal -0.998803 0.0489044 0
    outer loop
      vertex 19.7456 31.2059 35
      vertex 19.76 31.5 55
      vertex 19.76 31.5 35
    endloop
  endfacet
  facet normal -0.998803 0.0489044 0
    outer loop
      vertex 19.76 31.5 55
      vertex 19.7456 31.2059 35
      vertex 19.7456 31.2059 55
    endloop
  endfacet
  facet normal -0.740908 0.671607 0
    outer loop
      vertex 18.8813 29.3787 35
      vertex 19.079 29.5968 55
      vertex 19.079 29.5968 35
    endloop
  endfacet
  facet normal -0.740908 0.671607 0
    outer loop
      vertex 19.079 29.5968 55
      vertex 18.8813 29.3787 35
      vertex 18.8813 29.3787 55
    endloop
  endfacet
  facet normal -0.904063 0.4274 0
    outer loop
      vertex 19.4058 30.0858 35
      vertex 19.5316 30.3519 55
      vertex 19.5316 30.3519 35
    endloop
  endfacet
  facet normal -0.904063 0.4274 0
    outer loop
      vertex 19.5316 30.3519 55
      vertex 19.4058 30.0858 35
      vertex 19.4058 30.0858 55
    endloop
  endfacet
  facet normal 0.336939 0.941527 -0
    outer loop
      vertex 15.8891 28.6292 35
      vertex 15.6119 28.7284 55
      vertex 15.8891 28.6292 55
    endloop
  endfacet
  facet normal 0.336939 0.941527 0
    outer loop
      vertex 15.6119 28.7284 55
      vertex 15.8891 28.6292 35
      vertex 15.6119 28.7284 35
    endloop
  endfacet
  facet normal 0.803208 0.595699 0
    outer loop
      vertex 14.441 29.5968 55
      vertex 14.2656 29.8333 35
      vertex 14.2656 29.8333 55
    endloop
  endfacet
  facet normal 0.803208 0.595699 0
    outer loop
      vertex 14.2656 29.8333 35
      vertex 14.441 29.5968 55
      vertex 14.441 29.5968 35
    endloop
  endfacet
  facet normal 0 0 1
    outer loop
      vertex 19.7456 31.7941 35
      vertex 19.7456 31.2059 35
      vertex 19.76 31.5 35
    endloop
  endfacet
  facet normal 0 0 1
    outer loop
      vertex 19.7024 32.0853 35
      vertex 19.7456 31.2059 35
      vertex 19.7456 31.7941 35
    endloop
  endfacet
  facet normal 0 0 1
    outer loop
      vertex 19.7024 32.0853 35
      vertex 19.7024 30.9147 35
      vertex 19.7456 31.2059 35
    endloop
  endfacet
  facet normal 0 0 1
    outer loop
      vertex 19.6308 32.3709 35
      vertex 19.7024 30.9147 35
      vertex 19.7024 32.0853 35
    endloop
  endfacet
  facet normal 0 0 1
    outer loop
      vertex 19.6308 32.3709 35
      vertex 19.6308 30.6291 35
      vertex 19.7024 30.9147 35
    endloop
  endfacet
  facet normal 0 0 1
    outer loop
      vertex 19.5316 32.648 35
      vertex 19.6308 30.6291 35
      vertex 19.6308 32.3709 35
    endloop
  endfacet
  facet normal 0 0 1
    outer loop
      vertex 19.5316 32.648 35
      vertex 19.5316 30.3519 35
      vertex 19.6308 30.6291 35
    endloop
  endfacet
  facet normal 0 0 1
    outer loop
      vertex 19.4058 32.9142 35
      vertex 19.5316 30.3519 35
      vertex 19.5316 32.648 35
    endloop
  endfacet
  facet normal 0 0 1
    outer loop
      vertex 19.4058 32.9142 35
      vertex 19.4058 30.0858 35
      vertex 19.5316 30.3519 35
    endloop
  endfacet
  facet normal 0 0 1
    outer loop
      vertex 19.2544 33.1667 35
      vertex 19.4058 30.0858 35
      vertex 19.4058 32.9142 35
    endloop
  endfacet
  facet normal 0 0 1
    outer loop
      vertex 19.2544 33.1667 35
      vertex 19.2544 29.8333 35
      vertex 19.4058 30.0858 35
    endloop
  endfacet
  facet normal 0 0 1
    outer loop
      vertex 19.079 33.4032 35
      vertex 19.2544 29.8333 35
      vertex 19.2544 33.1667 35
    endloop
  endfacet
  facet normal 0 0 1
    outer loop
      vertex 19.079 33.4032 35
      vertex 19.079 29.5968 35
      vertex 19.2544 29.8333 35
    endloop
  endfacet
  facet normal 0 0 1
    outer loop
      vertex 18.8813 33.6213 35
      vertex 19.079 29.5968 35
      vertex 19.079 33.4032 35
    endloop
  endfacet
  facet normal 0 0 1
    outer loop
      vertex 18.8813 33.6213 35
      vertex 18.8813 29.3787 35
      vertex 19.079 29.5968 35
    endloop
  endfacet
  facet normal 0 0 1
    outer loop
      vertex 18.6632 33.819 35
      vertex 18.8813 29.3787 35
      vertex 18.8813 33.6213 35
    endloop
  endfacet
  facet normal 0 0 1
    outer loop
      vertex 18.6632 33.819 35
      vertex 18.6632 29.181 35
      vertex 18.8813 29.3787 35
    endloop
  endfacet
  facet normal 0 0 1
    outer loop
      vertex 18.4267 33.9944 35
      vertex 18.6632 29.181 35
      vertex 18.6632 33.819 35
    endloop
  endfacet
  facet normal 0 0 1
    outer loop
      vertex 18.4267 33.9944 35
      vertex 18.4267 29.0056 35
      vertex 18.6632 29.181 35
    endloop
  endfacet
  facet normal 0 0 1
    outer loop
      vertex 18.1742 34.1458 35
      vertex 18.4267 29.0056 35
      vertex 18.4267 33.9944 35
    endloop
  endfacet
  facet normal 0 0 1
    outer loop
      vertex 18.1742 34.1458 35
      vertex 18.1742 28.8542 35
      vertex 18.4267 29.0056 35
    endloop
  endfacet
  facet normal 0 0 1
    outer loop
      vertex 17.9081 34.2716 35
      vertex 18.1742 28.8542 35
      vertex 18.1742 34.1458 35
    endloop
  endfacet
  facet normal 0 0 1
    outer loop
      vertex 17.9081 34.2716 35
      vertex 17.9081 28.7284 35
      vertex 18.1742 28.8542 35
    endloop
  endfacet
  facet normal 0 0 1
    outer loop
      vertex 17.6309 34.3708 35
      vertex 17.9081 28.7284 35
      vertex 17.9081 34.2716 35
    endloop
  endfacet
  facet normal 0 0 1
    outer loop
      vertex 17.6309 34.3708 35
      vertex 17.6309 28.6292 35
      vertex 17.9081 28.7284 35
    endloop
  endfacet
  facet normal 0 0 1
    outer loop
      vertex 17.3453 34.4424 35
      vertex 17.6309 28.6292 35
      vertex 17.6309 34.3708 35
    endloop
  endfacet
  facet normal 0 0 1
    outer loop
      vertex 17.3453 34.4424 35
      vertex 17.3453 28.5576 35
      vertex 17.6309 28.6292 35
    endloop
  endfacet
  facet normal 0 0 1
    outer loop
      vertex 17.0541 34.4856 35
      vertex 17.3453 28.5576 35
      vertex 17.3453 34.4424 35
    endloop
  endfacet
  facet normal 0 0 1
    outer loop
      vertex 17.0541 34.4856 35
      vertex 17.0541 28.5144 35
      vertex 17.3453 28.5576 35
    endloop
  endfacet
  facet normal 0 0 1
    outer loop
      vertex 16.76 34.5 35
      vertex 17.0541 28.5144 35
      vertex 17.0541 34.4856 35
    endloop
  endfacet
  facet normal 0 0 1
    outer loop
      vertex 16.76 34.5 35
      vertex 16.76 28.5 35
      vertex 17.0541 28.5144 35
    endloop
  endfacet
  facet normal -0 0 1
    outer loop
      vertex 16.4659 34.4856 35
      vertex 16.76 28.5 35
      vertex 16.76 34.5 35
    endloop
  endfacet
  facet normal 0 0 1
    outer loop
      vertex 16.4659 34.4856 35
      vertex 16.4659 28.5144 35
      vertex 16.76 28.5 35
    endloop
  endfacet
  facet normal -0 0 1
    outer loop
      vertex 16.1747 34.4424 35
      vertex 16.4659 28.5144 35
      vertex 16.4659 34.4856 35
    endloop
  endfacet
  facet normal 0 0 1
    outer loop
      vertex 16.1747 34.4424 35
      vertex 16.1747 28.5576 35
      vertex 16.4659 28.5144 35
    endloop
  endfacet
  facet normal -0 0 1
    outer loop
      vertex 15.8891 34.3708 35
      vertex 16.1747 28.5576 35
      vertex 16.1747 34.4424 35
    endloop
  endfacet
  facet normal 0 0 1
    outer loop
      vertex 15.8891 34.3708 35
      vertex 15.8891 28.6292 35
      vertex 16.1747 28.5576 35
    endloop
  endfacet
  facet normal -0 0 1
    outer loop
      vertex 15.6119 34.2716 35
      vertex 15.8891 28.6292 35
      vertex 15.8891 34.3708 35
    endloop
  endfacet
  facet normal 0 0 1
    outer loop
      vertex 15.6119 34.2716 35
      vertex 15.6119 28.7284 35
      vertex 15.8891 28.6292 35
    endloop
  endfacet
  facet normal -0 0 1
    outer loop
      vertex 15.3458 34.1458 35
      vertex 15.6119 28.7284 35
      vertex 15.6119 34.2716 35
    endloop
  endfacet
  facet normal 0 0 1
    outer loop
      vertex 15.3458 34.1458 35
      vertex 15.3458 28.8542 35
      vertex 15.6119 28.7284 35
    endloop
  endfacet
  facet normal -0 0 1
    outer loop
      vertex 15.0933 33.9944 35
      vertex 15.3458 28.8542 35
      vertex 15.3458 34.1458 35
    endloop
  endfacet
  facet normal 0 0 1
    outer loop
      vertex 15.0933 33.9944 35
      vertex 15.0933 29.0056 35
      vertex 15.3458 28.8542 35
    endloop
  endfacet
  facet normal -0 0 1
    outer loop
      vertex 14.8568 33.819 35
      vertex 15.0933 29.0056 35
      vertex 15.0933 33.9944 35
    endloop
  endfacet
  facet normal 0 0 1
    outer loop
      vertex 14.8568 33.819 35
      vertex 14.8568 29.181 35
      vertex 15.0933 29.0056 35
    endloop
  endfacet
  facet normal -0 0 1
    outer loop
      vertex 14.6387 33.6213 35
      vertex 14.8568 29.181 35
      vertex 14.8568 33.819 35
    endloop
  endfacet
  facet normal 0 0 1
    outer loop
      vertex 14.6387 33.6213 35
      vertex 14.6387 29.3787 35
      vertex 14.8568 29.181 35
    endloop
  endfacet
  facet normal -0 0 1
    outer loop
      vertex 14.441 33.4032 35
      vertex 14.6387 29.3787 35
      vertex 14.6387 33.6213 35
    endloop
  endfacet
  facet normal 0 0 1
    outer loop
      vertex 14.441 33.4032 35
      vertex 14.441 29.5968 35
      vertex 14.6387 29.3787 35
    endloop
  endfacet
  facet normal -0 0 1
    outer loop
      vertex 14.2656 33.1667 35
      vertex 14.441 29.5968 35
      vertex 14.441 33.4032 35
    endloop
  endfacet
  facet normal 0 0 1
    outer loop
      vertex 14.2656 33.1667 35
      vertex 14.2656 29.8333 35
      vertex 14.441 29.5968 35
    endloop
  endfacet
  facet normal -0 0 1
    outer loop
      vertex 14.1142 32.9142 35
      vertex 14.2656 29.8333 35
      vertex 14.2656 33.1667 35
    endloop
  endfacet
  facet normal 0 0 1
    outer loop
      vertex 14.1142 32.9142 35
      vertex 14.1142 30.0858 35
      vertex 14.2656 29.8333 35
    endloop
  endfacet
  facet normal -0 0 1
    outer loop
      vertex 13.9884 32.648 35
      vertex 14.1142 30.0858 35
      vertex 14.1142 32.9142 35
    endloop
  endfacet
  facet normal 0 0 1
    outer loop
      vertex 13.9884 32.648 35
      vertex 13.9884 30.3519 35
      vertex 14.1142 30.0858 35
    endloop
  endfacet
  facet normal -0 0 1
    outer loop
      vertex 13.8892 32.3709 35
      vertex 13.9884 30.3519 35
      vertex 13.9884 32.648 35
    endloop
  endfacet
  facet normal 0 0 1
    outer loop
      vertex 13.8892 32.3709 35
      vertex 13.8892 30.6291 35
      vertex 13.9884 30.3519 35
    endloop
  endfacet
  facet normal -0 0 1
    outer loop
      vertex 13.8176 32.0853 35
      vertex 13.8892 30.6291 35
      vertex 13.8892 32.3709 35
    endloop
  endfacet
  facet normal 0 0 1
    outer loop
      vertex 13.8176 32.0853 35
      vertex 13.8176 30.9147 35
      vertex 13.8892 30.6291 35
    endloop
  endfacet
  facet normal -0 0 1
    outer loop
      vertex 13.7744 31.7941 35
      vertex 13.8176 30.9147 35
      vertex 13.8176 32.0853 35
    endloop
  endfacet
  facet normal 0 0 1
    outer loop
      vertex 13.7744 31.7941 35
      vertex 13.7744 31.2059 35
      vertex 13.8176 30.9147 35
    endloop
  endfacet
  facet normal 0 -0 1
    outer loop
      vertex 13.7744 31.2059 35
      vertex 13.7744 31.7941 35
      vertex 13.76 31.5 35
    endloop
  endfacet
  facet normal -0.4274 0.904063 0
    outer loop
      vertex 18.1742 28.8542 35
      vertex 17.9081 28.7284 55
      vertex 18.1742 28.8542 55
    endloop
  endfacet
  facet normal -0.4274 0.904063 0
    outer loop
      vertex 17.9081 28.7284 55
      vertex 18.1742 28.8542 35
      vertex 17.9081 28.7284 35
    endloop
  endfacet
  facet normal -0.336939 -0.941527 0
    outer loop
      vertex 17.6309 34.3708 35
      vertex 17.9081 34.2716 55
      vertex 17.6309 34.3708 55
    endloop
  endfacet
  facet normal -0.336939 -0.941527 -0
    outer loop
      vertex 17.9081 34.2716 55
      vertex 17.6309 34.3708 35
      vertex 17.9081 34.2716 35
    endloop
  endfacet
  facet normal -0.514246 -0.857643 0
    outer loop
      vertex 18.1742 34.1458 35
      vertex 18.4267 33.9944 55
      vertex 18.1742 34.1458 55
    endloop
  endfacet
  facet normal -0.514246 -0.857643 -0
    outer loop
      vertex 18.4267 33.9944 55
      vertex 18.1742 34.1458 35
      vertex 18.4267 33.9944 35
    endloop
  endfacet
  facet normal 0.740908 -0.671607 0
    outer loop
      vertex 14.441 33.4032 55
      vertex 14.6387 33.6213 35
      vertex 14.6387 33.6213 55
    endloop
  endfacet
  facet normal 0.740908 -0.671607 0
    outer loop
      vertex 14.6387 33.6213 35
      vertex 14.441 33.4032 55
      vertex 14.441 33.4032 35
    endloop
  endfacet
  facet normal 0.595699 -0.803208 0
    outer loop
      vertex 14.8568 33.819 35
      vertex 15.0933 33.9944 55
      vertex 14.8568 33.819 55
    endloop
  endfacet
  facet normal 0.595699 -0.803208 0
    outer loop
      vertex 15.0933 33.9944 55
      vertex 14.8568 33.819 35
      vertex 15.0933 33.9944 35
    endloop
  endfacet
  facet normal -0.989174 0.146746 0
    outer loop
      vertex 19.7024 30.9147 35
      vertex 19.7456 31.2059 55
      vertex 19.7456 31.2059 35
    endloop
  endfacet
  facet normal -0.989174 0.146746 0
    outer loop
      vertex 19.7456 31.2059 55
      vertex 19.7024 30.9147 35
      vertex 19.7024 30.9147 55
    endloop
  endfacet
  facet normal -0.803208 0.595699 0
    outer loop
      vertex 19.079 29.5968 35
      vertex 19.2544 29.8333 55
      vertex 19.2544 29.8333 35
    endloop
  endfacet
  facet normal -0.803208 0.595699 0
    outer loop
      vertex 19.2544 29.8333 55
      vertex 19.079 29.5968 35
      vertex 19.079 29.5968 55
    endloop
  endfacet
  facet normal -0.514246 0.857643 0
    outer loop
      vertex 18.4267 29.0056 35
      vertex 18.1742 28.8542 55
      vertex 18.4267 29.0056 55
    endloop
  endfacet
  facet normal -0.514246 0.857643 0
    outer loop
      vertex 18.1742 28.8542 55
      vertex 18.4267 29.0056 35
      vertex 18.1742 28.8542 35
    endloop
  endfacet
  facet normal 0.243175 0.969982 -0
    outer loop
      vertex 16.1747 28.5576 35
      vertex 15.8891 28.6292 55
      vertex 16.1747 28.5576 55
    endloop
  endfacet
  facet normal 0.243175 0.969982 0
    outer loop
      vertex 15.8891 28.6292 55
      vertex 16.1747 28.5576 35
      vertex 15.8891 28.6292 35
    endloop
  endfacet
  facet normal 0.904063 0.4274 0
    outer loop
      vertex 14.1142 30.0858 55
      vertex 13.9884 30.3519 35
      vertex 13.9884 30.3519 55
    endloop
  endfacet
  facet normal 0.904063 0.4274 0
    outer loop
      vertex 13.9884 30.3519 35
      vertex 14.1142 30.0858 55
      vertex 14.1142 30.0858 35
    endloop
  endfacet
  facet normal 0.969982 0.243175 0
    outer loop
      vertex 13.8892 30.6291 55
      vertex 13.8176 30.9147 35
      vertex 13.8176 30.9147 55
    endloop
  endfacet
  facet normal 0.969982 0.243175 0
    outer loop
      vertex 13.8176 30.9147 35
      vertex 13.8892 30.6291 55
      vertex 13.8892 30.6291 35
    endloop
  endfacet
  facet normal 0.941527 0.336939 0
    outer loop
      vertex 13.9884 30.3519 55
      vertex 13.8892 30.6291 35
      vertex 13.8892 30.6291 55
    endloop
  endfacet
  facet normal 0.941527 0.336939 0
    outer loop
      vertex 13.8892 30.6291 35
      vertex 13.9884 30.3519 55
      vertex 13.9884 30.3519 35
    endloop
  endfacet
  facet normal 0.998803 0.0489044 0
    outer loop
      vertex 13.7744 31.2059 55
      vertex 13.76 31.5 35
      vertex 13.76 31.5 55
    endloop
  endfacet
  facet normal 0.998803 0.0489044 0
    outer loop
      vertex 13.76 31.5 35
      vertex 13.7744 31.2059 55
      vertex 13.7744 31.2059 35
    endloop
  endfacet
  facet normal -0.146746 0.989174 0
    outer loop
      vertex 17.3453 28.5576 35
      vertex 17.0541 28.5144 55
      vertex 17.3453 28.5576 55
    endloop
  endfacet
  facet normal -0.146746 0.989174 0
    outer loop
      vertex 17.0541 28.5144 55
      vertex 17.3453 28.5576 35
      vertex 17.0541 28.5144 35
    endloop
  endfacet
  facet normal -0.941527 0.336939 0
    outer loop
      vertex 19.5316 30.3519 35
      vertex 19.6308 30.6291 55
      vertex 19.6308 30.6291 35
    endloop
  endfacet
  facet normal -0.941527 0.336939 0
    outer loop
      vertex 19.6308 30.6291 55
      vertex 19.5316 30.3519 35
      vertex 19.5316 30.3519 55
    endloop
  endfacet
  facet normal -0.969982 0.243175 0
    outer loop
      vertex 19.6308 30.6291 35
      vertex 19.7024 30.9147 55
      vertex 19.7024 30.9147 35
    endloop
  endfacet
  facet normal -0.969982 0.243175 0
    outer loop
      vertex 19.7024 30.9147 55
      vertex 19.6308 30.6291 35
      vertex 19.6308 30.6291 55
    endloop
  endfacet
  facet normal -0.857643 0.514246 0
    outer loop
      vertex 19.2544 29.8333 35
      vertex 19.4058 30.0858 55
      vertex 19.4058 30.0858 35
    endloop
  endfacet
  facet normal -0.857643 0.514246 0
    outer loop
      vertex 19.4058 30.0858 55
      vertex 19.2544 29.8333 35
      vertex 19.2544 29.8333 55
    endloop
  endfacet
  facet normal 0.0489044 0.998803 -0
    outer loop
      vertex 16.76 28.5 35
      vertex 16.4659 28.5144 55
      vertex 16.76 28.5 55
    endloop
  endfacet
  facet normal 0.0489044 0.998803 0
    outer loop
      vertex 16.4659 28.5144 55
      vertex 16.76 28.5 35
      vertex 16.4659 28.5144 35
    endloop
  endfacet
  facet normal 0.740908 0.671607 0
    outer loop
      vertex 14.6387 29.3787 55
      vertex 14.441 29.5968 35
      vertex 14.441 29.5968 55
    endloop
  endfacet
  facet normal 0.740908 0.671607 0
    outer loop
      vertex 14.441 29.5968 35
      vertex 14.6387 29.3787 55
      vertex 14.6387 29.3787 35
    endloop
  endfacet
  facet normal 0.857643 0.514246 0
    outer loop
      vertex 14.2656 29.8333 55
      vertex 14.1142 30.0858 35
      vertex 14.1142 30.0858 55
    endloop
  endfacet
  facet normal 0.857643 0.514246 0
    outer loop
      vertex 14.1142 30.0858 35
      vertex 14.2656 29.8333 55
      vertex 14.2656 29.8333 35
    endloop
  endfacet
  facet normal 0.989174 0.146746 0
    outer loop
      vertex 13.8176 30.9147 55
      vertex 13.7744 31.2059 35
      vertex 13.7744 31.2059 55
    endloop
  endfacet
  facet normal 0.989174 0.146746 0
    outer loop
      vertex 13.7744 31.2059 35
      vertex 13.8176 30.9147 55
      vertex 13.8176 30.9147 35
    endloop
  endfacet
  facet normal -0.243175 0.969982 0
    outer loop
      vertex 17.6309 28.6292 35
      vertex 17.3453 28.5576 55
      vertex 17.6309 28.6292 55
    endloop
  endfacet
  facet normal -0.243175 0.969982 0
    outer loop
      vertex 17.3453 28.5576 55
      vertex 17.6309 28.6292 35
      vertex 17.3453 28.5576 35
    endloop
  endfacet
  facet normal -0.671607 0.740908 0
    outer loop
      vertex 18.8813 29.3787 35
      vertex 18.6632 29.181 55
      vertex 18.8813 29.3787 55
    endloop
  endfacet
  facet normal -0.671607 0.740908 0
    outer loop
      vertex 18.6632 29.181 55
      vertex 18.8813 29.3787 35
      vertex 18.6632 29.181 35
    endloop
  endfacet
  facet normal -0.595699 0.803208 0
    outer loop
      vertex 18.6632 29.181 35
      vertex 18.4267 29.0056 55
      vertex 18.6632 29.181 55
    endloop
  endfacet
  facet normal -0.595699 0.803208 0
    outer loop
      vertex 18.4267 29.0056 55
      vertex 18.6632 29.181 35
      vertex 18.4267 29.0056 35
    endloop
  endfacet
  facet normal 0.146746 0.989174 -0
    outer loop
      vertex 16.4659 28.5144 35
      vertex 16.1747 28.5576 55
      vertex 16.4659 28.5144 55
    endloop
  endfacet
  facet normal 0.146746 0.989174 0
    outer loop
      vertex 16.1747 28.5576 55
      vertex 16.4659 28.5144 35
      vertex 16.1747 28.5576 35
    endloop
  endfacet
  facet normal 0.671607 0.740908 -0
    outer loop
      vertex 14.8568 29.181 35
      vertex 14.6387 29.3787 55
      vertex 14.8568 29.181 55
    endloop
  endfacet
  facet normal 0.671607 0.740908 0
    outer loop
      vertex 14.6387 29.3787 55
      vertex 14.8568 29.181 35
      vertex 14.6387 29.3787 35
    endloop
  endfacet
  facet normal 0.4274 0.904063 -0
    outer loop
      vertex 15.6119 28.7284 35
      vertex 15.3458 28.8542 55
      vertex 15.6119 28.7284 55
    endloop
  endfacet
  facet normal 0.4274 0.904063 0
    outer loop
      vertex 15.3458 28.8542 55
      vertex 15.6119 28.7284 35
      vertex 15.3458 28.8542 35
    endloop
  endfacet
  facet normal 0.514246 0.857643 -0
    outer loop
      vertex 15.3458 28.8542 35
      vertex 15.0933 29.0056 55
      vertex 15.3458 28.8542 55
    endloop
  endfacet
  facet normal 0.514246 0.857643 0
    outer loop
      vertex 15.0933 29.0056 55
      vertex 15.3458 28.8542 35
      vertex 15.0933 29.0056 35
    endloop
  endfacet
  facet normal 0.595699 0.803208 -0
    outer loop
      vertex 15.0933 29.0056 35
      vertex 14.8568 29.181 55
      vertex 15.0933 29.0056 55
    endloop
  endfacet
  facet normal 0.595699 0.803208 0
    outer loop
      vertex 14.8568 29.181 55
      vertex 15.0933 29.0056 35
      vertex 14.8568 29.181 35
    endloop
  endfacet
  facet normal -0.998803 -0.0489209 0
    outer loop
      vertex 19.76 51.06 35
      vertex 19.7456 51.354 55
      vertex 19.7456 51.354 35
    endloop
  endfacet
  facet normal -0.998803 -0.0489209 0
    outer loop
      vertex 19.7456 51.354 55
      vertex 19.76 51.06 35
      vertex 19.76 51.06 55
    endloop
  endfacet
  facet normal 0.998803 -0.0489209 0
    outer loop
      vertex 13.76 51.06 55
      vertex 13.7744 51.354 35
      vertex 13.7744 51.354 55
    endloop
  endfacet
  facet normal 0.998803 -0.0489209 0
    outer loop
      vertex 13.7744 51.354 35
      vertex 13.76 51.06 55
      vertex 13.76 51.06 35
    endloop
  endfacet
  facet normal 0.0489044 -0.998803 0
    outer loop
      vertex 16.4659 54.0456 35
      vertex 16.76 54.06 55
      vertex 16.4659 54.0456 55
    endloop
  endfacet
  facet normal 0.0489044 -0.998803 0
    outer loop
      vertex 16.76 54.06 55
      vertex 16.4659 54.0456 35
      vertex 16.76 54.06 35
    endloop
  endfacet
  facet normal -0.671607 -0.740908 0
    outer loop
      vertex 18.6632 53.379 35
      vertex 18.8813 53.1813 55
      vertex 18.6632 53.379 55
    endloop
  endfacet
  facet normal -0.671607 -0.740908 -0
    outer loop
      vertex 18.8813 53.1813 55
      vertex 18.6632 53.379 35
      vertex 18.8813 53.1813 35
    endloop
  endfacet
  facet normal 0.671607 -0.740908 0
    outer loop
      vertex 14.6387 53.1813 35
      vertex 14.8568 53.379 55
      vertex 14.6387 53.1813 55
    endloop
  endfacet
  facet normal 0.671607 -0.740908 0
    outer loop
      vertex 14.8568 53.379 55
      vertex 14.6387 53.1813 35
      vertex 14.8568 53.379 35
    endloop
  endfacet
  facet normal 0.336939 -0.941527 0
    outer loop
      vertex 15.6119 53.8316 35
      vertex 15.8891 53.9308 55
      vertex 15.6119 53.8316 55
    endloop
  endfacet
  facet normal 0.336939 -0.941527 0
    outer loop
      vertex 15.8891 53.9308 55
      vertex 15.6119 53.8316 35
      vertex 15.8891 53.9308 35
    endloop
  endfacet
  facet normal -0.904125 -0.427269 0
    outer loop
      vertex 19.5316 52.208 35
      vertex 19.4058 52.4742 55
      vertex 19.4058 52.4742 35
    endloop
  endfacet
  facet normal -0.904125 -0.427269 0
    outer loop
      vertex 19.4058 52.4742 55
      vertex 19.5316 52.208 35
      vertex 19.5316 52.208 55
    endloop
  endfacet
  facet normal -0.336939 -0.941527 0
    outer loop
      vertex 17.6309 53.9308 35
      vertex 17.9081 53.8316 55
      vertex 17.6309 53.9308 55
    endloop
  endfacet
  facet normal -0.336939 -0.941527 -0
    outer loop
      vertex 17.9081 53.8316 55
      vertex 17.6309 53.9308 35
      vertex 17.9081 53.8316 35
    endloop
  endfacet
  facet normal 0.857643 -0.514246 0
    outer loop
      vertex 14.1142 52.4742 55
      vertex 14.2656 52.7267 35
      vertex 14.2656 52.7267 55
    endloop
  endfacet
  facet normal 0.857643 -0.514246 0
    outer loop
      vertex 14.2656 52.7267 35
      vertex 14.1142 52.4742 55
      vertex 14.1142 52.4742 35
    endloop
  endfacet
  facet normal 0.803208 -0.595699 0
    outer loop
      vertex 14.2656 52.7267 55
      vertex 14.441 52.9632 35
      vertex 14.441 52.9632 55
    endloop
  endfacet
  facet normal 0.803208 -0.595699 0
    outer loop
      vertex 14.441 52.9632 35
      vertex 14.2656 52.7267 55
      vertex 14.2656 52.7267 35
    endloop
  endfacet
  facet normal 0.146746 -0.989174 0
    outer loop
      vertex 16.1747 54.0024 35
      vertex 16.4659 54.0456 55
      vertex 16.1747 54.0024 55
    endloop
  endfacet
  facet normal 0.146746 -0.989174 0
    outer loop
      vertex 16.4659 54.0456 55
      vertex 16.1747 54.0024 35
      vertex 16.4659 54.0456 35
    endloop
  endfacet
  facet normal -0.857643 0.514246 0
    outer loop
      vertex 19.2544 49.3933 35
      vertex 19.4058 49.6458 55
      vertex 19.4058 49.6458 35
    endloop
  endfacet
  facet normal -0.857643 0.514246 0
    outer loop
      vertex 19.4058 49.6458 55
      vertex 19.2544 49.3933 35
      vertex 19.2544 49.3933 55
    endloop
  endfacet
  facet normal -0.243175 0.969982 0
    outer loop
      vertex 17.6309 48.1892 35
      vertex 17.3453 48.1176 55
      vertex 17.6309 48.1892 55
    endloop
  endfacet
  facet normal -0.243175 0.969982 0
    outer loop
      vertex 17.3453 48.1176 55
      vertex 17.6309 48.1892 35
      vertex 17.3453 48.1176 35
    endloop
  endfacet
  facet normal -0.671607 0.740908 0
    outer loop
      vertex 18.8813 48.9387 35
      vertex 18.6632 48.741 55
      vertex 18.8813 48.9387 55
    endloop
  endfacet
  facet normal -0.671607 0.740908 0
    outer loop
      vertex 18.6632 48.741 55
      vertex 18.8813 48.9387 35
      vertex 18.6632 48.741 35
    endloop
  endfacet
  facet normal 0.336939 0.941527 -0
    outer loop
      vertex 15.8891 48.1892 35
      vertex 15.6119 48.2884 55
      vertex 15.8891 48.1892 55
    endloop
  endfacet
  facet normal 0.336939 0.941527 0
    outer loop
      vertex 15.6119 48.2884 55
      vertex 15.8891 48.1892 35
      vertex 15.6119 48.2884 35
    endloop
  endfacet
  facet normal 0.803208 0.595699 0
    outer loop
      vertex 14.441 49.1568 55
      vertex 14.2656 49.3933 35
      vertex 14.2656 49.3933 55
    endloop
  endfacet
  facet normal 0.803208 0.595699 0
    outer loop
      vertex 14.2656 49.3933 35
      vertex 14.441 49.1568 55
      vertex 14.441 49.1568 35
    endloop
  endfacet
  facet normal 0.941527 0.336939 0
    outer loop
      vertex 13.9884 49.9119 55
      vertex 13.8892 50.1891 35
      vertex 13.8892 50.1891 55
    endloop
  endfacet
  facet normal 0.941527 0.336939 0
    outer loop
      vertex 13.8892 50.1891 35
      vertex 13.9884 49.9119 55
      vertex 13.9884 49.9119 35
    endloop
  endfacet
  facet normal -0.969982 -0.243175 0
    outer loop
      vertex 19.7024 51.6453 35
      vertex 19.6308 51.9309 55
      vertex 19.6308 51.9309 35
    endloop
  endfacet
  facet normal -0.969982 -0.243175 0
    outer loop
      vertex 19.6308 51.9309 55
      vertex 19.7024 51.6453 35
      vertex 19.7024 51.6453 55
    endloop
  endfacet
  facet normal -0.989182 -0.146696 0
    outer loop
      vertex 19.7456 51.354 35
      vertex 19.7024 51.6453 55
      vertex 19.7024 51.6453 35
    endloop
  endfacet
  facet normal -0.989182 -0.146696 0
    outer loop
      vertex 19.7024 51.6453 55
      vertex 19.7456 51.354 35
      vertex 19.7456 51.354 55
    endloop
  endfacet
  facet normal -0.941488 -0.337047 0
    outer loop
      vertex 19.6308 51.9309 35
      vertex 19.5316 52.208 55
      vertex 19.5316 52.208 35
    endloop
  endfacet
  facet normal -0.941488 -0.337047 0
    outer loop
      vertex 19.5316 52.208 55
      vertex 19.6308 51.9309 35
      vertex 19.6308 51.9309 55
    endloop
  endfacet
  facet normal -0.803208 -0.595699 0
    outer loop
      vertex 19.2544 52.7267 35
      vertex 19.079 52.9632 55
      vertex 19.079 52.9632 35
    endloop
  endfacet
  facet normal -0.803208 -0.595699 0
    outer loop
      vertex 19.079 52.9632 55
      vertex 19.2544 52.7267 35
      vertex 19.2544 52.7267 55
    endloop
  endfacet
  facet normal -0.740908 -0.671607 0
    outer loop
      vertex 19.079 52.9632 35
      vertex 18.8813 53.1813 55
      vertex 18.8813 53.1813 35
    endloop
  endfacet
  facet normal -0.740908 -0.671607 0
    outer loop
      vertex 18.8813 53.1813 55
      vertex 19.079 52.9632 35
      vertex 19.079 52.9632 55
    endloop
  endfacet
  facet normal -0.857643 -0.514246 0
    outer loop
      vertex 19.4058 52.4742 35
      vertex 19.2544 52.7267 55
      vertex 19.2544 52.7267 35
    endloop
  endfacet
  facet normal -0.857643 -0.514246 0
    outer loop
      vertex 19.2544 52.7267 55
      vertex 19.4058 52.4742 35
      vertex 19.4058 52.4742 55
    endloop
  endfacet
  facet normal -0.146746 -0.989174 0
    outer loop
      vertex 17.0541 54.0456 35
      vertex 17.3453 54.0024 55
      vertex 17.0541 54.0456 55
    endloop
  endfacet
  facet normal -0.146746 -0.989174 -0
    outer loop
      vertex 17.3453 54.0024 55
      vertex 17.0541 54.0456 35
      vertex 17.3453 54.0024 35
    endloop
  endfacet
  facet normal -0.243175 -0.969982 0
    outer loop
      vertex 17.3453 54.0024 35
      vertex 17.6309 53.9308 55
      vertex 17.3453 54.0024 55
    endloop
  endfacet
  facet normal -0.243175 -0.969982 -0
    outer loop
      vertex 17.6309 53.9308 55
      vertex 17.3453 54.0024 35
      vertex 17.6309 53.9308 35
    endloop
  endfacet
  facet normal -0.0489044 -0.998803 0
    outer loop
      vertex 16.76 54.06 35
      vertex 17.0541 54.0456 55
      vertex 16.76 54.06 55
    endloop
  endfacet
  facet normal -0.0489044 -0.998803 -0
    outer loop
      vertex 17.0541 54.0456 55
      vertex 16.76 54.06 35
      vertex 17.0541 54.0456 35
    endloop
  endfacet
  facet normal -0.514246 -0.857643 0
    outer loop
      vertex 18.1742 53.7058 35
      vertex 18.4267 53.5544 55
      vertex 18.1742 53.7058 55
    endloop
  endfacet
  facet normal -0.514246 -0.857643 -0
    outer loop
      vertex 18.4267 53.5544 55
      vertex 18.1742 53.7058 35
      vertex 18.4267 53.5544 35
    endloop
  endfacet
  facet normal -0.4274 -0.904063 0
    outer loop
      vertex 17.9081 53.8316 35
      vertex 18.1742 53.7058 55
      vertex 17.9081 53.8316 55
    endloop
  endfacet
  facet normal -0.4274 -0.904063 -0
    outer loop
      vertex 18.1742 53.7058 55
      vertex 17.9081 53.8316 35
      vertex 18.1742 53.7058 35
    endloop
  endfacet
  facet normal -0.595699 -0.803208 0
    outer loop
      vertex 18.4267 53.5544 35
      vertex 18.6632 53.379 55
      vertex 18.4267 53.5544 55
    endloop
  endfacet
  facet normal -0.595699 -0.803208 -0
    outer loop
      vertex 18.6632 53.379 55
      vertex 18.4267 53.5544 35
      vertex 18.6632 53.379 35
    endloop
  endfacet
  facet normal 0.969982 -0.243175 0
    outer loop
      vertex 13.8176 51.6453 55
      vertex 13.8892 51.9309 35
      vertex 13.8892 51.9309 55
    endloop
  endfacet
  facet normal 0.969982 -0.243175 0
    outer loop
      vertex 13.8892 51.9309 35
      vertex 13.8176 51.6453 55
      vertex 13.8176 51.6453 35
    endloop
  endfacet
  facet normal 0.740908 -0.671607 0
    outer loop
      vertex 14.441 52.9632 55
      vertex 14.6387 53.1813 35
      vertex 14.6387 53.1813 55
    endloop
  endfacet
  facet normal 0.740908 -0.671607 0
    outer loop
      vertex 14.6387 53.1813 35
      vertex 14.441 52.9632 55
      vertex 14.441 52.9632 35
    endloop
  endfacet
  facet normal 0.904125 -0.427269 0
    outer loop
      vertex 13.9884 52.208 55
      vertex 14.1142 52.4742 35
      vertex 14.1142 52.4742 55
    endloop
  endfacet
  facet normal 0.904125 -0.427269 0
    outer loop
      vertex 14.1142 52.4742 35
      vertex 13.9884 52.208 55
      vertex 13.9884 52.208 35
    endloop
  endfacet
  facet normal 0.941488 -0.337047 0
    outer loop
      vertex 13.8892 51.9309 55
      vertex 13.9884 52.208 35
      vertex 13.9884 52.208 55
    endloop
  endfacet
  facet normal 0.941488 -0.337047 0
    outer loop
      vertex 13.9884 52.208 35
      vertex 13.8892 51.9309 55
      vertex 13.8892 51.9309 35
    endloop
  endfacet
  facet normal 0.989182 -0.146696 0
    outer loop
      vertex 13.7744 51.354 55
      vertex 13.8176 51.6453 35
      vertex 13.8176 51.6453 55
    endloop
  endfacet
  facet normal 0.989182 -0.146696 0
    outer loop
      vertex 13.8176 51.6453 35
      vertex 13.7744 51.354 55
      vertex 13.7744 51.354 35
    endloop
  endfacet
  facet normal 0.514246 -0.857643 0
    outer loop
      vertex 15.0933 53.5544 35
      vertex 15.3458 53.7058 55
      vertex 15.0933 53.5544 55
    endloop
  endfacet
  facet normal 0.514246 -0.857643 0
    outer loop
      vertex 15.3458 53.7058 55
      vertex 15.0933 53.5544 35
      vertex 15.3458 53.7058 35
    endloop
  endfacet
  facet normal 0.595699 -0.803208 0
    outer loop
      vertex 14.8568 53.379 35
      vertex 15.0933 53.5544 55
      vertex 14.8568 53.379 55
    endloop
  endfacet
  facet normal 0.595699 -0.803208 0
    outer loop
      vertex 15.0933 53.5544 55
      vertex 14.8568 53.379 35
      vertex 15.0933 53.5544 35
    endloop
  endfacet
  facet normal -0.0489044 0.998803 0
    outer loop
      vertex 17.0541 48.0744 35
      vertex 16.76 48.06 55
      vertex 17.0541 48.0744 55
    endloop
  endfacet
  facet normal -0.0489044 0.998803 0
    outer loop
      vertex 16.76 48.06 55
      vertex 17.0541 48.0744 35
      vertex 16.76 48.06 35
    endloop
  endfacet
  facet normal -0.4274 0.904063 0
    outer loop
      vertex 18.1742 48.4142 35
      vertex 17.9081 48.2884 55
      vertex 18.1742 48.4142 55
    endloop
  endfacet
  facet normal -0.4274 0.904063 0
    outer loop
      vertex 17.9081 48.2884 55
      vertex 18.1742 48.4142 35
      vertex 17.9081 48.2884 35
    endloop
  endfacet
  facet normal -0.595699 0.803208 0
    outer loop
      vertex 18.6632 48.741 35
      vertex 18.4267 48.5656 55
      vertex 18.6632 48.741 55
    endloop
  endfacet
  facet normal -0.595699 0.803208 0
    outer loop
      vertex 18.4267 48.5656 55
      vertex 18.6632 48.741 35
      vertex 18.4267 48.5656 35
    endloop
  endfacet
  facet normal -0.740908 0.671607 0
    outer loop
      vertex 18.8813 48.9387 35
      vertex 19.079 49.1568 55
      vertex 19.079 49.1568 35
    endloop
  endfacet
  facet normal -0.740908 0.671607 0
    outer loop
      vertex 19.079 49.1568 55
      vertex 18.8813 48.9387 35
      vertex 18.8813 48.9387 55
    endloop
  endfacet
  facet normal -0.803208 0.595699 0
    outer loop
      vertex 19.079 49.1568 35
      vertex 19.2544 49.3933 55
      vertex 19.2544 49.3933 35
    endloop
  endfacet
  facet normal -0.803208 0.595699 0
    outer loop
      vertex 19.2544 49.3933 55
      vertex 19.079 49.1568 35
      vertex 19.079 49.1568 55
    endloop
  endfacet
  facet normal -0.941527 0.336939 0
    outer loop
      vertex 19.5316 49.9119 35
      vertex 19.6308 50.1891 55
      vertex 19.6308 50.1891 35
    endloop
  endfacet
  facet normal -0.941527 0.336939 0
    outer loop
      vertex 19.6308 50.1891 55
      vertex 19.5316 49.9119 35
      vertex 19.5316 49.9119 55
    endloop
  endfacet
  facet normal 0.671607 0.740908 -0
    outer loop
      vertex 14.8568 48.741 35
      vertex 14.6387 48.9387 55
      vertex 14.8568 48.741 55
    endloop
  endfacet
  facet normal 0.671607 0.740908 0
    outer loop
      vertex 14.6387 48.9387 55
      vertex 14.8568 48.741 35
      vertex 14.6387 48.9387 35
    endloop
  endfacet
  facet normal 0.595699 0.803208 -0
    outer loop
      vertex 15.0933 48.5656 35
      vertex 14.8568 48.741 55
      vertex 15.0933 48.5656 55
    endloop
  endfacet
  facet normal 0.595699 0.803208 0
    outer loop
      vertex 14.8568 48.741 55
      vertex 15.0933 48.5656 35
      vertex 14.8568 48.741 35
    endloop
  endfacet
  facet normal 0.514246 0.857643 -0
    outer loop
      vertex 15.3458 48.4142 35
      vertex 15.0933 48.5656 55
      vertex 15.3458 48.4142 55
    endloop
  endfacet
  facet normal 0.514246 0.857643 0
    outer loop
      vertex 15.0933 48.5656 55
      vertex 15.3458 48.4142 35
      vertex 15.0933 48.5656 35
    endloop
  endfacet
  facet normal 0.146746 0.989174 -0
    outer loop
      vertex 16.4659 48.0744 35
      vertex 16.1747 48.1176 55
      vertex 16.4659 48.0744 55
    endloop
  endfacet
  facet normal 0.146746 0.989174 0
    outer loop
      vertex 16.1747 48.1176 55
      vertex 16.4659 48.0744 35
      vertex 16.1747 48.1176 35
    endloop
  endfacet
  facet normal 0.904063 0.4274 0
    outer loop
      vertex 14.1142 49.6458 55
      vertex 13.9884 49.9119 35
      vertex 13.9884 49.9119 55
    endloop
  endfacet
  facet normal 0.904063 0.4274 0
    outer loop
      vertex 13.9884 49.9119 35
      vertex 14.1142 49.6458 55
      vertex 14.1142 49.6458 35
    endloop
  endfacet
  facet normal 0.857643 0.514246 0
    outer loop
      vertex 14.2656 49.3933 55
      vertex 14.1142 49.6458 35
      vertex 14.1142 49.6458 55
    endloop
  endfacet
  facet normal 0.857643 0.514246 0
    outer loop
      vertex 14.1142 49.6458 35
      vertex 14.2656 49.3933 55
      vertex 14.2656 49.3933 35
    endloop
  endfacet
  facet normal 0.998803 0.0489044 0
    outer loop
      vertex 13.7744 50.7659 55
      vertex 13.76 51.06 35
      vertex 13.76 51.06 55
    endloop
  endfacet
  facet normal 0.998803 0.0489044 0
    outer loop
      vertex 13.76 51.06 35
      vertex 13.7744 50.7659 55
      vertex 13.7744 50.7659 35
    endloop
  endfacet
  facet normal 0.969982 0.243175 0
    outer loop
      vertex 13.8892 50.1891 55
      vertex 13.8176 50.4747 35
      vertex 13.8176 50.4747 55
    endloop
  endfacet
  facet normal 0.969982 0.243175 0
    outer loop
      vertex 13.8176 50.4747 35
      vertex 13.8892 50.1891 55
      vertex 13.8892 50.1891 35
    endloop
  endfacet
  facet normal 0 0 1
    outer loop
      vertex 19.7456 51.354 35
      vertex 19.7456 50.7659 35
      vertex 19.76 51.06 35
    endloop
  endfacet
  facet normal 0 0 1
    outer loop
      vertex 19.7024 51.6453 35
      vertex 19.7456 50.7659 35
      vertex 19.7456 51.354 35
    endloop
  endfacet
  facet normal 0 0 1
    outer loop
      vertex 19.7024 51.6453 35
      vertex 19.7024 50.4747 35
      vertex 19.7456 50.7659 35
    endloop
  endfacet
  facet normal 0 0 1
    outer loop
      vertex 19.6308 51.9309 35
      vertex 19.7024 50.4747 35
      vertex 19.7024 51.6453 35
    endloop
  endfacet
  facet normal 0 0 1
    outer loop
      vertex 19.6308 51.9309 35
      vertex 19.6308 50.1891 35
      vertex 19.7024 50.4747 35
    endloop
  endfacet
  facet normal 0 0 1
    outer loop
      vertex 19.5316 52.208 35
      vertex 19.6308 50.1891 35
      vertex 19.6308 51.9309 35
    endloop
  endfacet
  facet normal 0 0 1
    outer loop
      vertex 19.5316 52.208 35
      vertex 19.5316 49.9119 35
      vertex 19.6308 50.1891 35
    endloop
  endfacet
  facet normal 0 0 1
    outer loop
      vertex 19.4058 52.4742 35
      vertex 19.5316 49.9119 35
      vertex 19.5316 52.208 35
    endloop
  endfacet
  facet normal 0 0 1
    outer loop
      vertex 19.4058 52.4742 35
      vertex 19.4058 49.6458 35
      vertex 19.5316 49.9119 35
    endloop
  endfacet
  facet normal 0 0 1
    outer loop
      vertex 19.2544 52.7267 35
      vertex 19.4058 49.6458 35
      vertex 19.4058 52.4742 35
    endloop
  endfacet
  facet normal 0 0 1
    outer loop
      vertex 19.2544 52.7267 35
      vertex 19.2544 49.3933 35
      vertex 19.4058 49.6458 35
    endloop
  endfacet
  facet normal 0 0 1
    outer loop
      vertex 19.079 52.9632 35
      vertex 19.2544 49.3933 35
      vertex 19.2544 52.7267 35
    endloop
  endfacet
  facet normal 0 0 1
    outer loop
      vertex 19.079 52.9632 35
      vertex 19.079 49.1568 35
      vertex 19.2544 49.3933 35
    endloop
  endfacet
  facet normal 0 0 1
    outer loop
      vertex 18.8813 53.1813 35
      vertex 19.079 49.1568 35
      vertex 19.079 52.9632 35
    endloop
  endfacet
  facet normal 0 0 1
    outer loop
      vertex 18.8813 53.1813 35
      vertex 18.8813 48.9387 35
      vertex 19.079 49.1568 35
    endloop
  endfacet
  facet normal 0 0 1
    outer loop
      vertex 18.6632 53.379 35
      vertex 18.8813 48.9387 35
      vertex 18.8813 53.1813 35
    endloop
  endfacet
  facet normal 0 0 1
    outer loop
      vertex 18.6632 53.379 35
      vertex 18.6632 48.741 35
      vertex 18.8813 48.9387 35
    endloop
  endfacet
  facet normal 0 0 1
    outer loop
      vertex 18.4267 53.5544 35
      vertex 18.6632 48.741 35
      vertex 18.6632 53.379 35
    endloop
  endfacet
  facet normal 0 0 1
    outer loop
      vertex 18.4267 53.5544 35
      vertex 18.4267 48.5656 35
      vertex 18.6632 48.741 35
    endloop
  endfacet
  facet normal 0 0 1
    outer loop
      vertex 18.1742 53.7058 35
      vertex 18.4267 48.5656 35
      vertex 18.4267 53.5544 35
    endloop
  endfacet
  facet normal 0 0 1
    outer loop
      vertex 18.1742 53.7058 35
      vertex 18.1742 48.4142 35
      vertex 18.4267 48.5656 35
    endloop
  endfacet
  facet normal 0 0 1
    outer loop
      vertex 17.9081 53.8316 35
      vertex 18.1742 48.4142 35
      vertex 18.1742 53.7058 35
    endloop
  endfacet
  facet normal 0 0 1
    outer loop
      vertex 17.9081 53.8316 35
      vertex 17.9081 48.2884 35
      vertex 18.1742 48.4142 35
    endloop
  endfacet
  facet normal 0 0 1
    outer loop
      vertex 17.6309 53.9308 35
      vertex 17.9081 48.2884 35
      vertex 17.9081 53.8316 35
    endloop
  endfacet
  facet normal 0 0 1
    outer loop
      vertex 17.6309 53.9308 35
      vertex 17.6309 48.1892 35
      vertex 17.9081 48.2884 35
    endloop
  endfacet
  facet normal 0 0 1
    outer loop
      vertex 17.3453 54.0024 35
      vertex 17.6309 48.1892 35
      vertex 17.6309 53.9308 35
    endloop
  endfacet
  facet normal 0 0 1
    outer loop
      vertex 17.3453 54.0024 35
      vertex 17.3453 48.1176 35
      vertex 17.6309 48.1892 35
    endloop
  endfacet
  facet normal 0 0 1
    outer loop
      vertex 17.0541 54.0456 35
      vertex 17.3453 48.1176 35
      vertex 17.3453 54.0024 35
    endloop
  endfacet
  facet normal 0 0 1
    outer loop
      vertex 17.0541 54.0456 35
      vertex 17.0541 48.0744 35
      vertex 17.3453 48.1176 35
    endloop
  endfacet
  facet normal 0 0 1
    outer loop
      vertex 16.76 54.06 35
      vertex 17.0541 48.0744 35
      vertex 17.0541 54.0456 35
    endloop
  endfacet
  facet normal 0 0 1
    outer loop
      vertex 16.76 54.06 35
      vertex 16.76 48.06 35
      vertex 17.0541 48.0744 35
    endloop
  endfacet
  facet normal -0 0 1
    outer loop
      vertex 16.4659 54.0456 35
      vertex 16.76 48.06 35
      vertex 16.76 54.06 35
    endloop
  endfacet
  facet normal 0 0 1
    outer loop
      vertex 16.4659 54.0456 35
      vertex 16.4659 48.0744 35
      vertex 16.76 48.06 35
    endloop
  endfacet
  facet normal -0 0 1
    outer loop
      vertex 16.1747 54.0024 35
      vertex 16.4659 48.0744 35
      vertex 16.4659 54.0456 35
    endloop
  endfacet
  facet normal 0 0 1
    outer loop
      vertex 16.1747 54.0024 35
      vertex 16.1747 48.1176 35
      vertex 16.4659 48.0744 35
    endloop
  endfacet
  facet normal -0 0 1
    outer loop
      vertex 15.8891 53.9308 35
      vertex 16.1747 48.1176 35
      vertex 16.1747 54.0024 35
    endloop
  endfacet
  facet normal 0 0 1
    outer loop
      vertex 15.8891 53.9308 35
      vertex 15.8891 48.1892 35
      vertex 16.1747 48.1176 35
    endloop
  endfacet
  facet normal -0 0 1
    outer loop
      vertex 15.6119 53.8316 35
      vertex 15.8891 48.1892 35
      vertex 15.8891 53.9308 35
    endloop
  endfacet
  facet normal 0 0 1
    outer loop
      vertex 15.6119 53.8316 35
      vertex 15.6119 48.2884 35
      vertex 15.8891 48.1892 35
    endloop
  endfacet
  facet normal -0 0 1
    outer loop
      vertex 15.3458 53.7058 35
      vertex 15.6119 48.2884 35
      vertex 15.6119 53.8316 35
    endloop
  endfacet
  facet normal 0 0 1
    outer loop
      vertex 15.3458 53.7058 35
      vertex 15.3458 48.4142 35
      vertex 15.6119 48.2884 35
    endloop
  endfacet
  facet normal -0 0 1
    outer loop
      vertex 15.0933 53.5544 35
      vertex 15.3458 48.4142 35
      vertex 15.3458 53.7058 35
    endloop
  endfacet
  facet normal 0 0 1
    outer loop
      vertex 15.0933 53.5544 35
      vertex 15.0933 48.5656 35
      vertex 15.3458 48.4142 35
    endloop
  endfacet
  facet normal -0 0 1
    outer loop
      vertex 14.8568 53.379 35
      vertex 15.0933 48.5656 35
      vertex 15.0933 53.5544 35
    endloop
  endfacet
  facet normal 0 0 1
    outer loop
      vertex 14.8568 53.379 35
      vertex 14.8568 48.741 35
      vertex 15.0933 48.5656 35
    endloop
  endfacet
  facet normal -0 0 1
    outer loop
      vertex 14.6387 53.1813 35
      vertex 14.8568 48.741 35
      vertex 14.8568 53.379 35
    endloop
  endfacet
  facet normal 0 0 1
    outer loop
      vertex 14.6387 53.1813 35
      vertex 14.6387 48.9387 35
      vertex 14.8568 48.741 35
    endloop
  endfacet
  facet normal -0 0 1
    outer loop
      vertex 14.441 52.9632 35
      vertex 14.6387 48.9387 35
      vertex 14.6387 53.1813 35
    endloop
  endfacet
  facet normal 0 0 1
    outer loop
      vertex 14.441 52.9632 35
      vertex 14.441 49.1568 35
      vertex 14.6387 48.9387 35
    endloop
  endfacet
  facet normal -0 0 1
    outer loop
      vertex 14.2656 52.7267 35
      vertex 14.441 49.1568 35
      vertex 14.441 52.9632 35
    endloop
  endfacet
  facet normal 0 0 1
    outer loop
      vertex 14.2656 52.7267 35
      vertex 14.2656 49.3933 35
      vertex 14.441 49.1568 35
    endloop
  endfacet
  facet normal -0 0 1
    outer loop
      vertex 14.1142 52.4742 35
      vertex 14.2656 49.3933 35
      vertex 14.2656 52.7267 35
    endloop
  endfacet
  facet normal 0 0 1
    outer loop
      vertex 14.1142 52.4742 35
      vertex 14.1142 49.6458 35
      vertex 14.2656 49.3933 35
    endloop
  endfacet
  facet normal -0 0 1
    outer loop
      vertex 13.9884 52.208 35
      vertex 14.1142 49.6458 35
      vertex 14.1142 52.4742 35
    endloop
  endfacet
  facet normal 0 0 1
    outer loop
      vertex 13.9884 52.208 35
      vertex 13.9884 49.9119 35
      vertex 14.1142 49.6458 35
    endloop
  endfacet
  facet normal -0 0 1
    outer loop
      vertex 13.8892 51.9309 35
      vertex 13.9884 49.9119 35
      vertex 13.9884 52.208 35
    endloop
  endfacet
  facet normal 0 0 1
    outer loop
      vertex 13.8892 51.9309 35
      vertex 13.8892 50.1891 35
      vertex 13.9884 49.9119 35
    endloop
  endfacet
  facet normal -0 0 1
    outer loop
      vertex 13.8176 51.6453 35
      vertex 13.8892 50.1891 35
      vertex 13.8892 51.9309 35
    endloop
  endfacet
  facet normal 0 0 1
    outer loop
      vertex 13.8176 51.6453 35
      vertex 13.8176 50.4747 35
      vertex 13.8892 50.1891 35
    endloop
  endfacet
  facet normal -0 0 1
    outer loop
      vertex 13.7744 51.354 35
      vertex 13.8176 50.4747 35
      vertex 13.8176 51.6453 35
    endloop
  endfacet
  facet normal 0 0 1
    outer loop
      vertex 13.7744 51.354 35
      vertex 13.7744 50.7659 35
      vertex 13.8176 50.4747 35
    endloop
  endfacet
  facet normal 0 -0 1
    outer loop
      vertex 13.7744 50.7659 35
      vertex 13.7744 51.354 35
      vertex 13.76 51.06 35
    endloop
  endfacet
  facet normal 0.4274 -0.904063 0
    outer loop
      vertex 15.3458 53.7058 35
      vertex 15.6119 53.8316 55
      vertex 15.3458 53.7058 55
    endloop
  endfacet
  facet normal 0.4274 -0.904063 0
    outer loop
      vertex 15.6119 53.8316 55
      vertex 15.3458 53.7058 35
      vertex 15.6119 53.8316 35
    endloop
  endfacet
  facet normal 0.243175 -0.969982 0
    outer loop
      vertex 15.8891 53.9308 35
      vertex 16.1747 54.0024 55
      vertex 15.8891 53.9308 55
    endloop
  endfacet
  facet normal 0.243175 -0.969982 0
    outer loop
      vertex 16.1747 54.0024 55
      vertex 15.8891 53.9308 35
      vertex 16.1747 54.0024 35
    endloop
  endfacet
  facet normal -0.146746 0.989174 0
    outer loop
      vertex 17.3453 48.1176 35
      vertex 17.0541 48.0744 55
      vertex 17.3453 48.1176 55
    endloop
  endfacet
  facet normal -0.146746 0.989174 0
    outer loop
      vertex 17.0541 48.0744 55
      vertex 17.3453 48.1176 35
      vertex 17.0541 48.0744 35
    endloop
  endfacet
  facet normal -0.336939 0.941527 0
    outer loop
      vertex 17.9081 48.2884 35
      vertex 17.6309 48.1892 55
      vertex 17.9081 48.2884 55
    endloop
  endfacet
  facet normal -0.336939 0.941527 0
    outer loop
      vertex 17.6309 48.1892 55
      vertex 17.9081 48.2884 35
      vertex 17.6309 48.1892 35
    endloop
  endfacet
  facet normal -0.514246 0.857643 0
    outer loop
      vertex 18.4267 48.5656 35
      vertex 18.1742 48.4142 55
      vertex 18.4267 48.5656 55
    endloop
  endfacet
  facet normal -0.514246 0.857643 0
    outer loop
      vertex 18.1742 48.4142 55
      vertex 18.4267 48.5656 35
      vertex 18.1742 48.4142 35
    endloop
  endfacet
  facet normal -0.904063 0.4274 0
    outer loop
      vertex 19.4058 49.6458 35
      vertex 19.5316 49.9119 55
      vertex 19.5316 49.9119 35
    endloop
  endfacet
  facet normal -0.904063 0.4274 0
    outer loop
      vertex 19.5316 49.9119 55
      vertex 19.4058 49.6458 35
      vertex 19.4058 49.6458 55
    endloop
  endfacet
  facet normal -0.989174 0.146746 0
    outer loop
      vertex 19.7024 50.4747 35
      vertex 19.7456 50.7659 55
      vertex 19.7456 50.7659 35
    endloop
  endfacet
  facet normal -0.989174 0.146746 0
    outer loop
      vertex 19.7456 50.7659 55
      vertex 19.7024 50.4747 35
      vertex 19.7024 50.4747 55
    endloop
  endfacet
  facet normal 0.4274 0.904063 -0
    outer loop
      vertex 15.6119 48.2884 35
      vertex 15.3458 48.4142 55
      vertex 15.6119 48.2884 55
    endloop
  endfacet
  facet normal 0.4274 0.904063 0
    outer loop
      vertex 15.3458 48.4142 55
      vertex 15.6119 48.2884 35
      vertex 15.3458 48.4142 35
    endloop
  endfacet
  facet normal 0.243175 0.969982 -0
    outer loop
      vertex 16.1747 48.1176 35
      vertex 15.8891 48.1892 55
      vertex 16.1747 48.1176 55
    endloop
  endfacet
  facet normal 0.243175 0.969982 0
    outer loop
      vertex 15.8891 48.1892 55
      vertex 16.1747 48.1176 35
      vertex 15.8891 48.1892 35
    endloop
  endfacet
  facet normal 0.0489044 0.998803 -0
    outer loop
      vertex 16.76 48.06 35
      vertex 16.4659 48.0744 55
      vertex 16.76 48.06 55
    endloop
  endfacet
  facet normal 0.0489044 0.998803 0
    outer loop
      vertex 16.4659 48.0744 55
      vertex 16.76 48.06 35
      vertex 16.4659 48.0744 35
    endloop
  endfacet
  facet normal 0.740908 0.671607 0
    outer loop
      vertex 14.6387 48.9387 55
      vertex 14.441 49.1568 35
      vertex 14.441 49.1568 55
    endloop
  endfacet
  facet normal 0.740908 0.671607 0
    outer loop
      vertex 14.441 49.1568 35
      vertex 14.6387 48.9387 55
      vertex 14.6387 48.9387 35
    endloop
  endfacet
  facet normal 0.989174 0.146746 0
    outer loop
      vertex 13.8176 50.4747 55
      vertex 13.7744 50.7659 35
      vertex 13.7744 50.7659 55
    endloop
  endfacet
  facet normal 0.989174 0.146746 0
    outer loop
      vertex 13.7744 50.7659 35
      vertex 13.8176 50.4747 55
      vertex 13.8176 50.4747 35
    endloop
  endfacet
  facet normal -0.998803 0.0489044 0
    outer loop
      vertex 19.7456 50.7659 35
      vertex 19.76 51.06 55
      vertex 19.76 51.06 35
    endloop
  endfacet
  facet normal -0.998803 0.0489044 0
    outer loop
      vertex 19.76 51.06 55
      vertex 19.7456 50.7659 35
      vertex 19.7456 50.7659 55
    endloop
  endfacet
  facet normal -0.969982 0.243175 0
    outer loop
      vertex 19.6308 50.1891 35
      vertex 19.7024 50.4747 55
      vertex 19.7024 50.4747 35
    endloop
  endfacet
  facet normal -0.969982 0.243175 0
    outer loop
      vertex 19.7024 50.4747 55
      vertex 19.6308 50.1891 35
      vertex 19.6308 50.1891 55
    endloop
  endfacet
  facet normal -0.998803 -0.0489209 0
    outer loop
      vertex 19.76 70.62 35
      vertex 19.7456 70.914 55
      vertex 19.7456 70.914 35
    endloop
  endfacet
  facet normal -0.998803 -0.0489209 0
    outer loop
      vertex 19.7456 70.914 55
      vertex 19.76 70.62 35
      vertex 19.76 70.62 55
    endloop
  endfacet
  facet normal 0.998803 -0.0489209 0
    outer loop
      vertex 13.76 70.62 55
      vertex 13.7744 70.914 35
      vertex 13.7744 70.914 55
    endloop
  endfacet
  facet normal 0.998803 -0.0489209 0
    outer loop
      vertex 13.7744 70.914 35
      vertex 13.76 70.62 55
      vertex 13.76 70.62 35
    endloop
  endfacet
  facet normal -0.0489044 -0.998803 0
    outer loop
      vertex 16.76 73.62 35
      vertex 17.0541 73.6056 55
      vertex 16.76 73.62 55
    endloop
  endfacet
  facet normal -0.0489044 -0.998803 -0
    outer loop
      vertex 17.0541 73.6056 55
      vertex 16.76 73.62 35
      vertex 17.0541 73.6056 35
    endloop
  endfacet
  facet normal -0.0489044 0.998803 0
    outer loop
      vertex 17.0541 67.6344 35
      vertex 16.76 67.62 55
      vertex 17.0541 67.6344 55
    endloop
  endfacet
  facet normal -0.0489044 0.998803 0
    outer loop
      vertex 16.76 67.62 55
      vertex 17.0541 67.6344 35
      vertex 16.76 67.62 35
    endloop
  endfacet
  facet normal -0.740908 -0.671607 0
    outer loop
      vertex 19.079 72.5232 35
      vertex 18.8813 72.7413 55
      vertex 18.8813 72.7413 35
    endloop
  endfacet
  facet normal -0.740908 -0.671607 0
    outer loop
      vertex 18.8813 72.7413 55
      vertex 19.079 72.5232 35
      vertex 19.079 72.5232 55
    endloop
  endfacet
  facet normal 0.671607 -0.740908 0
    outer loop
      vertex 14.6387 72.7413 35
      vertex 14.8568 72.939 55
      vertex 14.6387 72.7413 55
    endloop
  endfacet
  facet normal 0.671607 -0.740908 0
    outer loop
      vertex 14.8568 72.939 55
      vertex 14.6387 72.7413 35
      vertex 14.8568 72.939 35
    endloop
  endfacet
  facet normal 0.336939 -0.941527 0
    outer loop
      vertex 15.6119 73.3916 35
      vertex 15.8891 73.4908 55
      vertex 15.6119 73.3916 55
    endloop
  endfacet
  facet normal 0.336939 -0.941527 0
    outer loop
      vertex 15.8891 73.4908 55
      vertex 15.6119 73.3916 35
      vertex 15.8891 73.4908 35
    endloop
  endfacet
  facet normal -0.904063 -0.4274 0
    outer loop
      vertex 19.5316 71.7681 35
      vertex 19.4058 72.0342 55
      vertex 19.4058 72.0342 35
    endloop
  endfacet
  facet normal -0.904063 -0.4274 0
    outer loop
      vertex 19.4058 72.0342 55
      vertex 19.5316 71.7681 35
      vertex 19.5316 71.7681 55
    endloop
  endfacet
  facet normal -0.857643 -0.514246 0
    outer loop
      vertex 19.4058 72.0342 35
      vertex 19.2544 72.2867 55
      vertex 19.2544 72.2867 35
    endloop
  endfacet
  facet normal -0.857643 -0.514246 0
    outer loop
      vertex 19.2544 72.2867 55
      vertex 19.4058 72.0342 35
      vertex 19.4058 72.0342 55
    endloop
  endfacet
  facet normal -0.4274 -0.904063 0
    outer loop
      vertex 17.9081 73.3916 35
      vertex 18.1742 73.2658 55
      vertex 17.9081 73.3916 55
    endloop
  endfacet
  facet normal -0.4274 -0.904063 -0
    outer loop
      vertex 18.1742 73.2658 55
      vertex 17.9081 73.3916 35
      vertex 18.1742 73.2658 35
    endloop
  endfacet
  facet normal -0.595699 -0.803208 0
    outer loop
      vertex 18.4267 73.1144 35
      vertex 18.6632 72.939 55
      vertex 18.4267 73.1144 55
    endloop
  endfacet
  facet normal -0.595699 -0.803208 -0
    outer loop
      vertex 18.6632 72.939 55
      vertex 18.4267 73.1144 35
      vertex 18.6632 72.939 35
    endloop
  endfacet
  facet normal 0.904063 -0.4274 0
    outer loop
      vertex 13.9884 71.7681 55
      vertex 14.1142 72.0342 35
      vertex 14.1142 72.0342 55
    endloop
  endfacet
  facet normal 0.904063 -0.4274 0
    outer loop
      vertex 14.1142 72.0342 35
      vertex 13.9884 71.7681 55
      vertex 13.9884 71.7681 35
    endloop
  endfacet
  facet normal 0.146746 -0.989174 0
    outer loop
      vertex 16.1747 73.5624 35
      vertex 16.4659 73.6056 55
      vertex 16.1747 73.5624 55
    endloop
  endfacet
  facet normal 0.146746 -0.989174 0
    outer loop
      vertex 16.4659 73.6056 55
      vertex 16.1747 73.5624 35
      vertex 16.4659 73.6056 35
    endloop
  endfacet
  facet normal -0.969982 0.243175 0
    outer loop
      vertex 19.6308 69.7491 35
      vertex 19.7024 70.0347 55
      vertex 19.7024 70.0347 35
    endloop
  endfacet
  facet normal -0.969982 0.243175 0
    outer loop
      vertex 19.7024 70.0347 55
      vertex 19.6308 69.7491 35
      vertex 19.6308 69.7491 55
    endloop
  endfacet
  facet normal -0.146746 0.989174 0
    outer loop
      vertex 17.3453 67.6776 35
      vertex 17.0541 67.6344 55
      vertex 17.3453 67.6776 55
    endloop
  endfacet
  facet normal -0.146746 0.989174 0
    outer loop
      vertex 17.0541 67.6344 55
      vertex 17.3453 67.6776 35
      vertex 17.0541 67.6344 35
    endloop
  endfacet
  facet normal -0.969982 -0.243175 0
    outer loop
      vertex 19.7024 71.2053 35
      vertex 19.6308 71.4909 55
      vertex 19.6308 71.4909 35
    endloop
  endfacet
  facet normal -0.969982 -0.243175 0
    outer loop
      vertex 19.6308 71.4909 55
      vertex 19.7024 71.2053 35
      vertex 19.7024 71.2053 55
    endloop
  endfacet
  facet normal -0.989182 -0.146696 0
    outer loop
      vertex 19.7456 70.914 35
      vertex 19.7024 71.2053 55
      vertex 19.7024 71.2053 35
    endloop
  endfacet
  facet normal -0.989182 -0.146696 0
    outer loop
      vertex 19.7024 71.2053 55
      vertex 19.7456 70.914 35
      vertex 19.7456 70.914 55
    endloop
  endfacet
  facet normal -0.941527 -0.336939 0
    outer loop
      vertex 19.6308 71.4909 35
      vertex 19.5316 71.7681 55
      vertex 19.5316 71.7681 35
    endloop
  endfacet
  facet normal -0.941527 -0.336939 0
    outer loop
      vertex 19.5316 71.7681 55
      vertex 19.6308 71.4909 35
      vertex 19.6308 71.4909 55
    endloop
  endfacet
  facet normal -0.803208 -0.595699 0
    outer loop
      vertex 19.2544 72.2867 35
      vertex 19.079 72.5232 55
      vertex 19.079 72.5232 35
    endloop
  endfacet
  facet normal -0.803208 -0.595699 0
    outer loop
      vertex 19.079 72.5232 55
      vertex 19.2544 72.2867 35
      vertex 19.2544 72.2867 55
    endloop
  endfacet
  facet normal -0.243175 -0.969982 0
    outer loop
      vertex 17.3453 73.5624 35
      vertex 17.6309 73.4908 55
      vertex 17.3453 73.5624 55
    endloop
  endfacet
  facet normal -0.243175 -0.969982 -0
    outer loop
      vertex 17.6309 73.4908 55
      vertex 17.3453 73.5624 35
      vertex 17.6309 73.4908 35
    endloop
  endfacet
  facet normal -0.336939 -0.941527 0
    outer loop
      vertex 17.6309 73.4908 35
      vertex 17.9081 73.3916 55
      vertex 17.6309 73.4908 55
    endloop
  endfacet
  facet normal -0.336939 -0.941527 -0
    outer loop
      vertex 17.9081 73.3916 55
      vertex 17.6309 73.4908 35
      vertex 17.9081 73.3916 35
    endloop
  endfacet
  facet normal -0.146746 -0.989174 0
    outer loop
      vertex 17.0541 73.6056 35
      vertex 17.3453 73.5624 55
      vertex 17.0541 73.6056 55
    endloop
  endfacet
  facet normal -0.146746 -0.989174 -0
    outer loop
      vertex 17.3453 73.5624 55
      vertex 17.0541 73.6056 35
      vertex 17.3453 73.5624 35
    endloop
  endfacet
  facet normal -0.514246 -0.857643 0
    outer loop
      vertex 18.1742 73.2658 35
      vertex 18.4267 73.1144 55
      vertex 18.1742 73.2658 55
    endloop
  endfacet
  facet normal -0.514246 -0.857643 -0
    outer loop
      vertex 18.4267 73.1144 55
      vertex 18.1742 73.2658 35
      vertex 18.4267 73.1144 35
    endloop
  endfacet
  facet normal -0.671607 -0.740908 0
    outer loop
      vertex 18.6632 72.939 35
      vertex 18.8813 72.7413 55
      vertex 18.6632 72.939 55
    endloop
  endfacet
  facet normal -0.671607 -0.740908 -0
    outer loop
      vertex 18.8813 72.7413 55
      vertex 18.6632 72.939 35
      vertex 18.8813 72.7413 35
    endloop
  endfacet
  facet normal 0.969982 -0.243175 0
    outer loop
      vertex 13.8176 71.2053 55
      vertex 13.8892 71.4909 35
      vertex 13.8892 71.4909 55
    endloop
  endfacet
  facet normal 0.969982 -0.243175 0
    outer loop
      vertex 13.8892 71.4909 35
      vertex 13.8176 71.2053 55
      vertex 13.8176 71.2053 35
    endloop
  endfacet
  facet normal 0.803208 -0.595699 0
    outer loop
      vertex 14.2656 72.2867 55
      vertex 14.441 72.5232 35
      vertex 14.441 72.5232 55
    endloop
  endfacet
  facet normal 0.803208 -0.595699 0
    outer loop
      vertex 14.441 72.5232 35
      vertex 14.2656 72.2867 55
      vertex 14.2656 72.2867 35
    endloop
  endfacet
  facet normal 0.740908 -0.671607 0
    outer loop
      vertex 14.441 72.5232 55
      vertex 14.6387 72.7413 35
      vertex 14.6387 72.7413 55
    endloop
  endfacet
  facet normal 0.740908 -0.671607 0
    outer loop
      vertex 14.6387 72.7413 35
      vertex 14.441 72.5232 55
      vertex 14.441 72.5232 35
    endloop
  endfacet
  facet normal 0.857643 -0.514246 0
    outer loop
      vertex 14.1142 72.0342 55
      vertex 14.2656 72.2867 35
      vertex 14.2656 72.2867 55
    endloop
  endfacet
  facet normal 0.857643 -0.514246 0
    outer loop
      vertex 14.2656 72.2867 35
      vertex 14.1142 72.0342 55
      vertex 14.1142 72.0342 35
    endloop
  endfacet
  facet normal 0.941527 -0.336939 0
    outer loop
      vertex 13.8892 71.4909 55
      vertex 13.9884 71.7681 35
      vertex 13.9884 71.7681 55
    endloop
  endfacet
  facet normal 0.941527 -0.336939 0
    outer loop
      vertex 13.9884 71.7681 35
      vertex 13.8892 71.4909 55
      vertex 13.8892 71.4909 35
    endloop
  endfacet
  facet normal 0.989182 -0.146696 0
    outer loop
      vertex 13.7744 70.914 55
      vertex 13.8176 71.2053 35
      vertex 13.8176 71.2053 55
    endloop
  endfacet
  facet normal 0.989182 -0.146696 0
    outer loop
      vertex 13.8176 71.2053 35
      vertex 13.7744 70.914 55
      vertex 13.7744 70.914 35
    endloop
  endfacet
  facet normal 0.514246 -0.857643 0
    outer loop
      vertex 15.0933 73.1144 35
      vertex 15.3458 73.2658 55
      vertex 15.0933 73.1144 55
    endloop
  endfacet
  facet normal 0.514246 -0.857643 0
    outer loop
      vertex 15.3458 73.2658 55
      vertex 15.0933 73.1144 35
      vertex 15.3458 73.2658 35
    endloop
  endfacet
  facet normal 0.4274 -0.904063 0
    outer loop
      vertex 15.3458 73.2658 35
      vertex 15.6119 73.3916 55
      vertex 15.3458 73.2658 55
    endloop
  endfacet
  facet normal 0.4274 -0.904063 0
    outer loop
      vertex 15.6119 73.3916 55
      vertex 15.3458 73.2658 35
      vertex 15.6119 73.3916 35
    endloop
  endfacet
  facet normal 0.595699 -0.803208 0
    outer loop
      vertex 14.8568 72.939 35
      vertex 15.0933 73.1144 55
      vertex 14.8568 72.939 55
    endloop
  endfacet
  facet normal 0.595699 -0.803208 0
    outer loop
      vertex 15.0933 73.1144 55
      vertex 14.8568 72.939 35
      vertex 15.0933 73.1144 35
    endloop
  endfacet
  facet normal 0.243175 -0.969982 0
    outer loop
      vertex 15.8891 73.4908 35
      vertex 16.1747 73.5624 55
      vertex 15.8891 73.4908 55
    endloop
  endfacet
  facet normal 0.243175 -0.969982 0
    outer loop
      vertex 16.1747 73.5624 55
      vertex 15.8891 73.4908 35
      vertex 16.1747 73.5624 35
    endloop
  endfacet
  facet normal 0.0489044 -0.998803 0
    outer loop
      vertex 16.4659 73.6056 35
      vertex 16.76 73.62 55
      vertex 16.4659 73.6056 55
    endloop
  endfacet
  facet normal 0.0489044 -0.998803 0
    outer loop
      vertex 16.76 73.62 55
      vertex 16.4659 73.6056 35
      vertex 16.76 73.62 35
    endloop
  endfacet
  facet normal -0.998803 0.0489209 0
    outer loop
      vertex 19.7456 70.326 35
      vertex 19.76 70.62 55
      vertex 19.76 70.62 35
    endloop
  endfacet
  facet normal -0.998803 0.0489209 0
    outer loop
      vertex 19.76 70.62 55
      vertex 19.7456 70.326 35
      vertex 19.7456 70.326 55
    endloop
  endfacet
  facet normal -0.740908 0.671607 0
    outer loop
      vertex 18.8813 68.4987 35
      vertex 19.079 68.7168 55
      vertex 19.079 68.7168 35
    endloop
  endfacet
  facet normal -0.740908 0.671607 0
    outer loop
      vertex 19.079 68.7168 55
      vertex 18.8813 68.4987 35
      vertex 18.8813 68.4987 55
    endloop
  endfacet
  facet normal 0.671607 0.740908 -0
    outer loop
      vertex 14.8568 68.301 35
      vertex 14.6387 68.4987 55
      vertex 14.8568 68.301 55
    endloop
  endfacet
  facet normal 0.671607 0.740908 0
    outer loop
      vertex 14.6387 68.4987 55
      vertex 14.8568 68.301 35
      vertex 14.6387 68.4987 35
    endloop
  endfacet
  facet normal 0.904063 0.4274 0
    outer loop
      vertex 14.1142 69.2058 55
      vertex 13.9884 69.4719 35
      vertex 13.9884 69.4719 55
    endloop
  endfacet
  facet normal 0.904063 0.4274 0
    outer loop
      vertex 13.9884 69.4719 35
      vertex 14.1142 69.2058 55
      vertex 14.1142 69.2058 35
    endloop
  endfacet
  facet normal 0.803208 0.595699 0
    outer loop
      vertex 14.441 68.7168 55
      vertex 14.2656 68.9533 35
      vertex 14.2656 68.9533 55
    endloop
  endfacet
  facet normal 0.803208 0.595699 0
    outer loop
      vertex 14.2656 68.9533 35
      vertex 14.441 68.7168 55
      vertex 14.441 68.7168 35
    endloop
  endfacet
  facet normal 0 0 1
    outer loop
      vertex 19.7456 70.914 35
      vertex 19.7456 70.326 35
      vertex 19.76 70.62 35
    endloop
  endfacet
  facet normal 0 0 1
    outer loop
      vertex 19.7024 71.2053 35
      vertex 19.7456 70.326 35
      vertex 19.7456 70.914 35
    endloop
  endfacet
  facet normal 0 0 1
    outer loop
      vertex 19.7024 71.2053 35
      vertex 19.7024 70.0347 35
      vertex 19.7456 70.326 35
    endloop
  endfacet
  facet normal 0 0 1
    outer loop
      vertex 19.6308 71.4909 35
      vertex 19.7024 70.0347 35
      vertex 19.7024 71.2053 35
    endloop
  endfacet
  facet normal 0 0 1
    outer loop
      vertex 19.6308 71.4909 35
      vertex 19.6308 69.7491 35
      vertex 19.7024 70.0347 35
    endloop
  endfacet
  facet normal 0 0 1
    outer loop
      vertex 19.5316 71.7681 35
      vertex 19.6308 69.7491 35
      vertex 19.6308 71.4909 35
    endloop
  endfacet
  facet normal 0 0 1
    outer loop
      vertex 19.5316 71.7681 35
      vertex 19.5316 69.4719 35
      vertex 19.6308 69.7491 35
    endloop
  endfacet
  facet normal 0 0 1
    outer loop
      vertex 19.4058 72.0342 35
      vertex 19.5316 69.4719 35
      vertex 19.5316 71.7681 35
    endloop
  endfacet
  facet normal 0 0 1
    outer loop
      vertex 19.4058 72.0342 35
      vertex 19.4058 69.2058 35
      vertex 19.5316 69.4719 35
    endloop
  endfacet
  facet normal 0 0 1
    outer loop
      vertex 19.2544 72.2867 35
      vertex 19.4058 69.2058 35
      vertex 19.4058 72.0342 35
    endloop
  endfacet
  facet normal 0 0 1
    outer loop
      vertex 19.2544 72.2867 35
      vertex 19.2544 68.9533 35
      vertex 19.4058 69.2058 35
    endloop
  endfacet
  facet normal 0 0 1
    outer loop
      vertex 19.079 72.5232 35
      vertex 19.2544 68.9533 35
      vertex 19.2544 72.2867 35
    endloop
  endfacet
  facet normal 0 0 1
    outer loop
      vertex 19.079 72.5232 35
      vertex 19.079 68.7168 35
      vertex 19.2544 68.9533 35
    endloop
  endfacet
  facet normal 0 0 1
    outer loop
      vertex 18.8813 72.7413 35
      vertex 19.079 68.7168 35
      vertex 19.079 72.5232 35
    endloop
  endfacet
  facet normal 0 0 1
    outer loop
      vertex 18.8813 72.7413 35
      vertex 18.8813 68.4987 35
      vertex 19.079 68.7168 35
    endloop
  endfacet
  facet normal 0 0 1
    outer loop
      vertex 18.6632 72.939 35
      vertex 18.8813 68.4987 35
      vertex 18.8813 72.7413 35
    endloop
  endfacet
  facet normal 0 0 1
    outer loop
      vertex 18.6632 72.939 35
      vertex 18.6632 68.301 35
      vertex 18.8813 68.4987 35
    endloop
  endfacet
  facet normal 0 0 1
    outer loop
      vertex 18.4267 73.1144 35
      vertex 18.6632 68.301 35
      vertex 18.6632 72.939 35
    endloop
  endfacet
  facet normal 0 0 1
    outer loop
      vertex 18.4267 73.1144 35
      vertex 18.4267 68.1256 35
      vertex 18.6632 68.301 35
    endloop
  endfacet
  facet normal 0 0 1
    outer loop
      vertex 18.1742 73.2658 35
      vertex 18.4267 68.1256 35
      vertex 18.4267 73.1144 35
    endloop
  endfacet
  facet normal 0 0 1
    outer loop
      vertex 18.1742 73.2658 35
      vertex 18.1742 67.9742 35
      vertex 18.4267 68.1256 35
    endloop
  endfacet
  facet normal 0 0 1
    outer loop
      vertex 17.9081 73.3916 35
      vertex 18.1742 67.9742 35
      vertex 18.1742 73.2658 35
    endloop
  endfacet
  facet normal 0 0 1
    outer loop
      vertex 17.9081 73.3916 35
      vertex 17.9081 67.8484 35
      vertex 18.1742 67.9742 35
    endloop
  endfacet
  facet normal 0 0 1
    outer loop
      vertex 17.6309 73.4908 35
      vertex 17.9081 67.8484 35
      vertex 17.9081 73.3916 35
    endloop
  endfacet
  facet normal 0 0 1
    outer loop
      vertex 17.6309 73.4908 35
      vertex 17.6309 67.7492 35
      vertex 17.9081 67.8484 35
    endloop
  endfacet
  facet normal 0 0 1
    outer loop
      vertex 17.3453 73.5624 35
      vertex 17.6309 67.7492 35
      vertex 17.6309 73.4908 35
    endloop
  endfacet
  facet normal 0 0 1
    outer loop
      vertex 17.3453 73.5624 35
      vertex 17.3453 67.6776 35
      vertex 17.6309 67.7492 35
    endloop
  endfacet
  facet normal 0 0 1
    outer loop
      vertex 17.0541 73.6056 35
      vertex 17.3453 67.6776 35
      vertex 17.3453 73.5624 35
    endloop
  endfacet
  facet normal 0 0 1
    outer loop
      vertex 17.0541 73.6056 35
      vertex 17.0541 67.6344 35
      vertex 17.3453 67.6776 35
    endloop
  endfacet
  facet normal 0 0 1
    outer loop
      vertex 16.76 73.62 35
      vertex 17.0541 67.6344 35
      vertex 17.0541 73.6056 35
    endloop
  endfacet
  facet normal 0 0 1
    outer loop
      vertex 16.76 73.62 35
      vertex 16.76 67.62 35
      vertex 17.0541 67.6344 35
    endloop
  endfacet
  facet normal -0 0 1
    outer loop
      vertex 16.4659 73.6056 35
      vertex 16.76 67.62 35
      vertex 16.76 73.62 35
    endloop
  endfacet
  facet normal 0 0 1
    outer loop
      vertex 16.4659 73.6056 35
      vertex 16.4659 67.6344 35
      vertex 16.76 67.62 35
    endloop
  endfacet
  facet normal -0 0 1
    outer loop
      vertex 16.1747 73.5624 35
      vertex 16.4659 67.6344 35
      vertex 16.4659 73.6056 35
    endloop
  endfacet
  facet normal 0 0 1
    outer loop
      vertex 16.1747 73.5624 35
      vertex 16.1747 67.6776 35
      vertex 16.4659 67.6344 35
    endloop
  endfacet
  facet normal -0 0 1
    outer loop
      vertex 15.8891 73.4908 35
      vertex 16.1747 67.6776 35
      vertex 16.1747 73.5624 35
    endloop
  endfacet
  facet normal 0 0 1
    outer loop
      vertex 15.8891 73.4908 35
      vertex 15.8891 67.7492 35
      vertex 16.1747 67.6776 35
    endloop
  endfacet
  facet normal -0 0 1
    outer loop
      vertex 15.6119 73.3916 35
      vertex 15.8891 67.7492 35
      vertex 15.8891 73.4908 35
    endloop
  endfacet
  facet normal 0 0 1
    outer loop
      vertex 15.6119 73.3916 35
      vertex 15.6119 67.8484 35
      vertex 15.8891 67.7492 35
    endloop
  endfacet
  facet normal -0 0 1
    outer loop
      vertex 15.3458 73.2658 35
      vertex 15.6119 67.8484 35
      vertex 15.6119 73.3916 35
    endloop
  endfacet
  facet normal 0 0 1
    outer loop
      vertex 15.3458 73.2658 35
      vertex 15.3458 67.9742 35
      vertex 15.6119 67.8484 35
    endloop
  endfacet
  facet normal -0 0 1
    outer loop
      vertex 15.0933 73.1144 35
      vertex 15.3458 67.9742 35
      vertex 15.3458 73.2658 35
    endloop
  endfacet
  facet normal 0 0 1
    outer loop
      vertex 15.0933 73.1144 35
      vertex 15.0933 68.1256 35
      vertex 15.3458 67.9742 35
    endloop
  endfacet
  facet normal -0 0 1
    outer loop
      vertex 14.8568 72.939 35
      vertex 15.0933 68.1256 35
      vertex 15.0933 73.1144 35
    endloop
  endfacet
  facet normal 0 0 1
    outer loop
      vertex 14.8568 72.939 35
      vertex 14.8568 68.301 35
      vertex 15.0933 68.1256 35
    endloop
  endfacet
  facet normal -0 0 1
    outer loop
      vertex 14.6387 72.7413 35
      vertex 14.8568 68.301 35
      vertex 14.8568 72.939 35
    endloop
  endfacet
  facet normal 0 0 1
    outer loop
      vertex 14.6387 72.7413 35
      vertex 14.6387 68.4987 35
      vertex 14.8568 68.301 35
    endloop
  endfacet
  facet normal -0 0 1
    outer loop
      vertex 14.441 72.5232 35
      vertex 14.6387 68.4987 35
      vertex 14.6387 72.7413 35
    endloop
  endfacet
  facet normal 0 0 1
    outer loop
      vertex 14.441 72.5232 35
      vertex 14.441 68.7168 35
      vertex 14.6387 68.4987 35
    endloop
  endfacet
  facet normal -0 0 1
    outer loop
      vertex 14.2656 72.2867 35
      vertex 14.441 68.7168 35
      vertex 14.441 72.5232 35
    endloop
  endfacet
  facet normal 0 0 1
    outer loop
      vertex 14.2656 72.2867 35
      vertex 14.2656 68.9533 35
      vertex 14.441 68.7168 35
    endloop
  endfacet
  facet normal -0 0 1
    outer loop
      vertex 14.1142 72.0342 35
      vertex 14.2656 68.9533 35
      vertex 14.2656 72.2867 35
    endloop
  endfacet
  facet normal 0 0 1
    outer loop
      vertex 14.1142 72.0342 35
      vertex 14.1142 69.2058 35
      vertex 14.2656 68.9533 35
    endloop
  endfacet
  facet normal -0 0 1
    outer loop
      vertex 13.9884 71.7681 35
      vertex 14.1142 69.2058 35
      vertex 14.1142 72.0342 35
    endloop
  endfacet
  facet normal 0 0 1
    outer loop
      vertex 13.9884 71.7681 35
      vertex 13.9884 69.4719 35
      vertex 14.1142 69.2058 35
    endloop
  endfacet
  facet normal -0 0 1
    outer loop
      vertex 13.8892 71.4909 35
      vertex 13.9884 69.4719 35
      vertex 13.9884 71.7681 35
    endloop
  endfacet
  facet normal 0 0 1
    outer loop
      vertex 13.8892 71.4909 35
      vertex 13.8892 69.7491 35
      vertex 13.9884 69.4719 35
    endloop
  endfacet
  facet normal -0 0 1
    outer loop
      vertex 13.8176 71.2053 35
      vertex 13.8892 69.7491 35
      vertex 13.8892 71.4909 35
    endloop
  endfacet
  facet normal 0 0 1
    outer loop
      vertex 13.8176 71.2053 35
      vertex 13.8176 70.0347 35
      vertex 13.8892 69.7491 35
    endloop
  endfacet
  facet normal -0 0 1
    outer loop
      vertex 13.7744 70.914 35
      vertex 13.8176 70.0347 35
      vertex 13.8176 71.2053 35
    endloop
  endfacet
  facet normal 0 0 1
    outer loop
      vertex 13.7744 70.914 35
      vertex 13.7744 70.326 35
      vertex 13.8176 70.0347 35
    endloop
  endfacet
  facet normal 0 -0 1
    outer loop
      vertex 13.7744 70.326 35
      vertex 13.7744 70.914 35
      vertex 13.76 70.62 35
    endloop
  endfacet
  facet normal -0.904063 0.4274 0
    outer loop
      vertex 19.4058 69.2058 35
      vertex 19.5316 69.4719 55
      vertex 19.5316 69.4719 35
    endloop
  endfacet
  facet normal -0.904063 0.4274 0
    outer loop
      vertex 19.5316 69.4719 55
      vertex 19.4058 69.2058 35
      vertex 19.4058 69.2058 55
    endloop
  endfacet
  facet normal -0.941527 0.336939 0
    outer loop
      vertex 19.5316 69.4719 35
      vertex 19.6308 69.7491 55
      vertex 19.6308 69.7491 35
    endloop
  endfacet
  facet normal -0.941527 0.336939 0
    outer loop
      vertex 19.6308 69.7491 55
      vertex 19.5316 69.4719 35
      vertex 19.5316 69.4719 55
    endloop
  endfacet
  facet normal -0.989182 0.146696 0
    outer loop
      vertex 19.7024 70.0347 35
      vertex 19.7456 70.326 55
      vertex 19.7456 70.326 35
    endloop
  endfacet
  facet normal -0.989182 0.146696 0
    outer loop
      vertex 19.7456 70.326 55
      vertex 19.7024 70.0347 35
      vertex 19.7024 70.0347 55
    endloop
  endfacet
  facet normal -0.803208 0.595699 0
    outer loop
      vertex 19.079 68.7168 35
      vertex 19.2544 68.9533 55
      vertex 19.2544 68.9533 35
    endloop
  endfacet
  facet normal -0.803208 0.595699 0
    outer loop
      vertex 19.2544 68.9533 55
      vertex 19.079 68.7168 35
      vertex 19.079 68.7168 55
    endloop
  endfacet
  facet normal 0.740908 0.671607 0
    outer loop
      vertex 14.6387 68.4987 55
      vertex 14.441 68.7168 35
      vertex 14.441 68.7168 55
    endloop
  endfacet
  facet normal 0.740908 0.671607 0
    outer loop
      vertex 14.441 68.7168 35
      vertex 14.6387 68.4987 55
      vertex 14.6387 68.4987 35
    endloop
  endfacet
  facet normal 0.969982 0.243175 0
    outer loop
      vertex 13.8892 69.7491 55
      vertex 13.8176 70.0347 35
      vertex 13.8176 70.0347 55
    endloop
  endfacet
  facet normal 0.969982 0.243175 0
    outer loop
      vertex 13.8176 70.0347 35
      vertex 13.8892 69.7491 55
      vertex 13.8892 69.7491 35
    endloop
  endfacet
  facet normal 0.941527 0.336939 0
    outer loop
      vertex 13.9884 69.4719 55
      vertex 13.8892 69.7491 35
      vertex 13.8892 69.7491 55
    endloop
  endfacet
  facet normal 0.941527 0.336939 0
    outer loop
      vertex 13.8892 69.7491 35
      vertex 13.9884 69.4719 55
      vertex 13.9884 69.4719 35
    endloop
  endfacet
  facet normal 0.998803 0.0489209 0
    outer loop
      vertex 13.7744 70.326 55
      vertex 13.76 70.62 35
      vertex 13.76 70.62 55
    endloop
  endfacet
  facet normal 0.998803 0.0489209 0
    outer loop
      vertex 13.76 70.62 35
      vertex 13.7744 70.326 55
      vertex 13.7744 70.326 35
    endloop
  endfacet
  facet normal -0.243175 0.969982 0
    outer loop
      vertex 17.6309 67.7492 35
      vertex 17.3453 67.6776 55
      vertex 17.6309 67.7492 55
    endloop
  endfacet
  facet normal -0.243175 0.969982 0
    outer loop
      vertex 17.3453 67.6776 55
      vertex 17.6309 67.7492 35
      vertex 17.3453 67.6776 35
    endloop
  endfacet
  facet normal -0.4274 0.904063 0
    outer loop
      vertex 18.1742 67.9742 35
      vertex 17.9081 67.8484 55
      vertex 18.1742 67.9742 55
    endloop
  endfacet
  facet normal -0.4274 0.904063 0
    outer loop
      vertex 17.9081 67.8484 55
      vertex 18.1742 67.9742 35
      vertex 17.9081 67.8484 35
    endloop
  endfacet
  facet normal -0.336939 0.941527 0
    outer loop
      vertex 17.9081 67.8484 35
      vertex 17.6309 67.7492 55
      vertex 17.9081 67.8484 55
    endloop
  endfacet
  facet normal -0.336939 0.941527 0
    outer loop
      vertex 17.6309 67.7492 55
      vertex 17.9081 67.8484 35
      vertex 17.6309 67.7492 35
    endloop
  endfacet
  facet normal -0.857643 0.514246 0
    outer loop
      vertex 19.2544 68.9533 35
      vertex 19.4058 69.2058 55
      vertex 19.4058 69.2058 35
    endloop
  endfacet
  facet normal -0.857643 0.514246 0
    outer loop
      vertex 19.4058 69.2058 55
      vertex 19.2544 68.9533 35
      vertex 19.2544 68.9533 55
    endloop
  endfacet
  facet normal 0.514246 0.857643 -0
    outer loop
      vertex 15.3458 67.9742 35
      vertex 15.0933 68.1256 55
      vertex 15.3458 67.9742 55
    endloop
  endfacet
  facet normal 0.514246 0.857643 0
    outer loop
      vertex 15.0933 68.1256 55
      vertex 15.3458 67.9742 35
      vertex 15.0933 68.1256 35
    endloop
  endfacet
  facet normal 0.857643 0.514246 0
    outer loop
      vertex 14.2656 68.9533 55
      vertex 14.1142 69.2058 35
      vertex 14.1142 69.2058 55
    endloop
  endfacet
  facet normal 0.857643 0.514246 0
    outer loop
      vertex 14.1142 69.2058 35
      vertex 14.2656 68.9533 55
      vertex 14.2656 68.9533 35
    endloop
  endfacet
  facet normal 0.989182 0.146696 0
    outer loop
      vertex 13.8176 70.0347 55
      vertex 13.7744 70.326 35
      vertex 13.7744 70.326 55
    endloop
  endfacet
  facet normal 0.989182 0.146696 0
    outer loop
      vertex 13.7744 70.326 35
      vertex 13.8176 70.0347 55
      vertex 13.8176 70.0347 35
    endloop
  endfacet
  facet normal -0.671607 0.740908 0
    outer loop
      vertex 18.8813 68.4987 35
      vertex 18.6632 68.301 55
      vertex 18.8813 68.4987 55
    endloop
  endfacet
  facet normal -0.671607 0.740908 0
    outer loop
      vertex 18.6632 68.301 55
      vertex 18.8813 68.4987 35
      vertex 18.6632 68.301 35
    endloop
  endfacet
  facet normal -0.595699 0.803208 0
    outer loop
      vertex 18.6632 68.301 35
      vertex 18.4267 68.1256 55
      vertex 18.6632 68.301 55
    endloop
  endfacet
  facet normal -0.595699 0.803208 0
    outer loop
      vertex 18.4267 68.1256 55
      vertex 18.6632 68.301 35
      vertex 18.4267 68.1256 35
    endloop
  endfacet
  facet normal -0.514246 0.857643 0
    outer loop
      vertex 18.4267 68.1256 35
      vertex 18.1742 67.9742 55
      vertex 18.4267 68.1256 55
    endloop
  endfacet
  facet normal -0.514246 0.857643 0
    outer loop
      vertex 18.1742 67.9742 55
      vertex 18.4267 68.1256 35
      vertex 18.1742 67.9742 35
    endloop
  endfacet
  facet normal 0.146746 0.989174 -0
    outer loop
      vertex 16.4659 67.6344 35
      vertex 16.1747 67.6776 55
      vertex 16.4659 67.6344 55
    endloop
  endfacet
  facet normal 0.146746 0.989174 0
    outer loop
      vertex 16.1747 67.6776 55
      vertex 16.4659 67.6344 35
      vertex 16.1747 67.6776 35
    endloop
  endfacet
  facet normal 0.336939 0.941527 -0
    outer loop
      vertex 15.8891 67.7492 35
      vertex 15.6119 67.8484 55
      vertex 15.8891 67.7492 55
    endloop
  endfacet
  facet normal 0.336939 0.941527 0
    outer loop
      vertex 15.6119 67.8484 55
      vertex 15.8891 67.7492 35
      vertex 15.6119 67.8484 35
    endloop
  endfacet
  facet normal 0.595699 0.803208 -0
    outer loop
      vertex 15.0933 68.1256 35
      vertex 14.8568 68.301 55
      vertex 15.0933 68.1256 55
    endloop
  endfacet
  facet normal 0.595699 0.803208 0
    outer loop
      vertex 14.8568 68.301 55
      vertex 15.0933 68.1256 35
      vertex 14.8568 68.301 35
    endloop
  endfacet
  facet normal 0.4274 0.904063 -0
    outer loop
      vertex 15.6119 67.8484 35
      vertex 15.3458 67.9742 55
      vertex 15.6119 67.8484 55
    endloop
  endfacet
  facet normal 0.4274 0.904063 0
    outer loop
      vertex 15.3458 67.9742 55
      vertex 15.6119 67.8484 35
      vertex 15.3458 67.9742 35
    endloop
  endfacet
  facet normal 0.0489044 0.998803 -0
    outer loop
      vertex 16.76 67.62 35
      vertex 16.4659 67.6344 55
      vertex 16.76 67.62 55
    endloop
  endfacet
  facet normal 0.0489044 0.998803 0
    outer loop
      vertex 16.4659 67.6344 55
      vertex 16.76 67.62 35
      vertex 16.4659 67.6344 35
    endloop
  endfacet
  facet normal 0.243175 0.969982 -0
    outer loop
      vertex 16.1747 67.6776 35
      vertex 15.8891 67.7492 55
      vertex 16.1747 67.6776 55
    endloop
  endfacet
  facet normal 0.243175 0.969982 0
    outer loop
      vertex 15.8891 67.7492 55
      vertex 16.1747 67.6776 35
      vertex 15.8891 67.7492 35
    endloop
  endfacet
  facet normal -0.998803 -0.0489044 0
    outer loop
      vertex 39.32 11.94 35
      vertex 39.3056 12.2341 55
      vertex 39.3056 12.2341 35
    endloop
  endfacet
  facet normal -0.998803 -0.0489044 0
    outer loop
      vertex 39.3056 12.2341 55
      vertex 39.32 11.94 35
      vertex 39.32 11.94 55
    endloop
  endfacet
  facet normal 0.0489044 -0.998803 0
    outer loop
      vertex 36.0259 14.9256 35
      vertex 36.32 14.94 55
      vertex 36.0259 14.9256 55
    endloop
  endfacet
  facet normal 0.0489044 -0.998803 0
    outer loop
      vertex 36.32 14.94 55
      vertex 36.0259 14.9256 35
      vertex 36.32 14.94 35
    endloop
  endfacet
  facet normal -0.0490399 0.998797 0
    outer loop
      vertex 36.6141 8.95444 35
      vertex 36.32 8.94 55
      vertex 36.6141 8.95444 55
    endloop
  endfacet
  facet normal -0.0490399 0.998797 0
    outer loop
      vertex 36.32 8.94 55
      vertex 36.6141 8.95444 35
      vertex 36.32 8.94 35
    endloop
  endfacet
  facet normal -0.671607 -0.740908 0
    outer loop
      vertex 38.2232 14.259 35
      vertex 38.4413 14.0613 55
      vertex 38.2232 14.259 55
    endloop
  endfacet
  facet normal -0.671607 -0.740908 -0
    outer loop
      vertex 38.4413 14.0613 55
      vertex 38.2232 14.259 35
      vertex 38.4413 14.0613 35
    endloop
  endfacet
  facet normal 0.740908 -0.671607 0
    outer loop
      vertex 34.001 13.8432 55
      vertex 34.1987 14.0613 35
      vertex 34.1987 14.0613 55
    endloop
  endfacet
  facet normal 0.740908 -0.671607 0
    outer loop
      vertex 34.1987 14.0613 35
      vertex 34.001 13.8432 55
      vertex 34.001 13.8432 35
    endloop
  endfacet
  facet normal 0.427269 -0.904125 0
    outer loop
      vertex 34.9058 14.5858 35
      vertex 35.172 14.7116 55
      vertex 34.9058 14.5858 55
    endloop
  endfacet
  facet normal 0.427269 -0.904125 0
    outer loop
      vertex 35.172 14.7116 55
      vertex 34.9058 14.5858 35
      vertex 35.172 14.7116 35
    endloop
  endfacet
  facet normal 0.941527 0.336939 0
    outer loop
      vertex 33.5484 10.7919 55
      vertex 33.4492 11.0691 35
      vertex 33.4492 11.0691 55
    endloop
  endfacet
  facet normal 0.941527 0.336939 0
    outer loop
      vertex 33.4492 11.0691 35
      vertex 33.5484 10.7919 55
      vertex 33.5484 10.7919 35
    endloop
  endfacet
  facet normal -0.904125 -0.427269 0
    outer loop
      vertex 39.0916 13.088 35
      vertex 38.9658 13.3542 55
      vertex 38.9658 13.3542 35
    endloop
  endfacet
  facet normal -0.904125 -0.427269 0
    outer loop
      vertex 38.9658 13.3542 55
      vertex 39.0916 13.088 35
      vertex 39.0916 13.088 55
    endloop
  endfacet
  facet normal -0.337047 -0.941488 0
    outer loop
      vertex 37.1909 14.8108 35
      vertex 37.468 14.7116 55
      vertex 37.1909 14.8108 55
    endloop
  endfacet
  facet normal -0.337047 -0.941488 -0
    outer loop
      vertex 37.468 14.7116 55
      vertex 37.1909 14.8108 35
      vertex 37.468 14.7116 35
    endloop
  endfacet
  facet normal 0.904125 -0.427269 0
    outer loop
      vertex 33.5484 13.088 55
      vertex 33.6742 13.3542 35
      vertex 33.6742 13.3542 55
    endloop
  endfacet
  facet normal 0.904125 -0.427269 0
    outer loop
      vertex 33.6742 13.3542 35
      vertex 33.5484 13.088 55
      vertex 33.5484 13.088 35
    endloop
  endfacet
  facet normal 0.857643 -0.514246 0
    outer loop
      vertex 33.6742 13.3542 55
      vertex 33.8256 13.6067 35
      vertex 33.8256 13.6067 55
    endloop
  endfacet
  facet normal 0.857643 -0.514246 0
    outer loop
      vertex 33.8256 13.6067 35
      vertex 33.6742 13.3542 55
      vertex 33.6742 13.3542 35
    endloop
  endfacet
  facet normal 0.243175 -0.969982 0
    outer loop
      vertex 35.4491 14.8108 35
      vertex 35.7347 14.8824 55
      vertex 35.4491 14.8108 55
    endloop
  endfacet
  facet normal 0.243175 -0.969982 0
    outer loop
      vertex 35.7347 14.8824 55
      vertex 35.4491 14.8108 35
      vertex 35.7347 14.8824 35
    endloop
  endfacet
  facet normal -0.904063 0.4274 0
    outer loop
      vertex 38.9658 10.5258 35
      vertex 39.0916 10.7919 55
      vertex 39.0916 10.7919 35
    endloop
  endfacet
  facet normal -0.904063 0.4274 0
    outer loop
      vertex 39.0916 10.7919 55
      vertex 38.9658 10.5258 35
      vertex 38.9658 10.5258 55
    endloop
  endfacet
  facet normal -0.336986 0.94151 0
    outer loop
      vertex 37.468 9.16836 35
      vertex 37.1909 9.06918 55
      vertex 37.468 9.16836 55
    endloop
  endfacet
  facet normal -0.336986 0.94151 0
    outer loop
      vertex 37.1909 9.06918 55
      vertex 37.468 9.16836 35
      vertex 37.1909 9.06918 35
    endloop
  endfacet
  facet normal -0.740938 0.671573 0
    outer loop
      vertex 38.4413 9.81868 35
      vertex 38.639 10.0368 55
      vertex 38.639 10.0368 35
    endloop
  endfacet
  facet normal -0.740938 0.671573 0
    outer loop
      vertex 38.639 10.0368 55
      vertex 38.4413 9.81868 35
      vertex 38.4413 9.81868 55
    endloop
  endfacet
  facet normal -0.969982 0.243175 0
    outer loop
      vertex 39.1908 11.0691 35
      vertex 39.2624 11.3547 55
      vertex 39.2624 11.3547 35
    endloop
  endfacet
  facet normal -0.969982 0.243175 0
    outer loop
      vertex 39.2624 11.3547 55
      vertex 39.1908 11.0691 35
      vertex 39.1908 11.0691 55
    endloop
  endfacet
  facet normal 0.242983 0.970031 -0
    outer loop
      vertex 35.7347 8.99764 35
      vertex 35.4491 9.06918 55
      vertex 35.7347 8.99764 55
    endloop
  endfacet
  facet normal 0.242983 0.970031 0
    outer loop
      vertex 35.4491 9.06918 55
      vertex 35.7347 8.99764 35
      vertex 35.4491 9.06918 35
    endloop
  endfacet
  facet normal 0.671625 0.740891 -0
    outer loop
      vertex 34.4168 9.62097 35
      vertex 34.1987 9.81868 55
      vertex 34.4168 9.62097 55
    endloop
  endfacet
  facet normal 0.671625 0.740891 0
    outer loop
      vertex 34.1987 9.81868 55
      vertex 34.4168 9.62097 35
      vertex 34.1987 9.81868 35
    endloop
  endfacet
  facet normal -0.969982 -0.243175 0
    outer loop
      vertex 39.2624 12.5253 35
      vertex 39.1908 12.8109 55
      vertex 39.1908 12.8109 35
    endloop
  endfacet
  facet normal -0.969982 -0.243175 0
    outer loop
      vertex 39.1908 12.8109 55
      vertex 39.2624 12.5253 35
      vertex 39.2624 12.5253 55
    endloop
  endfacet
  facet normal -0.989174 -0.146746 0
    outer loop
      vertex 39.3056 12.2341 35
      vertex 39.2624 12.5253 55
      vertex 39.2624 12.5253 35
    endloop
  endfacet
  facet normal -0.989174 -0.146746 0
    outer loop
      vertex 39.2624 12.5253 55
      vertex 39.3056 12.2341 35
      vertex 39.3056 12.2341 55
    endloop
  endfacet
  facet normal -0.941488 -0.337047 0
    outer loop
      vertex 39.1908 12.8109 35
      vertex 39.0916 13.088 55
      vertex 39.0916 13.088 35
    endloop
  endfacet
  facet normal -0.941488 -0.337047 0
    outer loop
      vertex 39.0916 13.088 55
      vertex 39.1908 12.8109 35
      vertex 39.1908 12.8109 55
    endloop
  endfacet
  facet normal -0.803208 -0.595699 0
    outer loop
      vertex 38.8144 13.6067 35
      vertex 38.639 13.8432 55
      vertex 38.639 13.8432 35
    endloop
  endfacet
  facet normal -0.803208 -0.595699 0
    outer loop
      vertex 38.639 13.8432 55
      vertex 38.8144 13.6067 35
      vertex 38.8144 13.6067 55
    endloop
  endfacet
  facet normal -0.857643 -0.514246 0
    outer loop
      vertex 38.9658 13.3542 35
      vertex 38.8144 13.6067 55
      vertex 38.8144 13.6067 35
    endloop
  endfacet
  facet normal -0.857643 -0.514246 0
    outer loop
      vertex 38.8144 13.6067 55
      vertex 38.9658 13.3542 35
      vertex 38.9658 13.3542 55
    endloop
  endfacet
  facet normal -0.146746 -0.989174 0
    outer loop
      vertex 36.6141 14.9256 35
      vertex 36.9053 14.8824 55
      vertex 36.6141 14.9256 55
    endloop
  endfacet
  facet normal -0.146746 -0.989174 -0
    outer loop
      vertex 36.9053 14.8824 55
      vertex 36.6141 14.9256 35
      vertex 36.9053 14.8824 35
    endloop
  endfacet
  facet normal -0.0489044 -0.998803 0
    outer loop
      vertex 36.32 14.94 35
      vertex 36.6141 14.9256 55
      vertex 36.32 14.94 55
    endloop
  endfacet
  facet normal -0.0489044 -0.998803 -0
    outer loop
      vertex 36.6141 14.9256 55
      vertex 36.32 14.94 35
      vertex 36.6141 14.9256 35
    endloop
  endfacet
  facet normal -0.514246 -0.857643 0
    outer loop
      vertex 37.7342 14.5858 35
      vertex 37.9867 14.4344 55
      vertex 37.7342 14.5858 55
    endloop
  endfacet
  facet normal -0.514246 -0.857643 -0
    outer loop
      vertex 37.9867 14.4344 55
      vertex 37.7342 14.5858 35
      vertex 37.9867 14.4344 35
    endloop
  endfacet
  facet normal -0.595699 -0.803208 0
    outer loop
      vertex 37.9867 14.4344 35
      vertex 38.2232 14.259 55
      vertex 37.9867 14.4344 55
    endloop
  endfacet
  facet normal -0.595699 -0.803208 -0
    outer loop
      vertex 38.2232 14.259 55
      vertex 37.9867 14.4344 35
      vertex 38.2232 14.259 35
    endloop
  endfacet
  facet normal 0.989174 -0.146746 0
    outer loop
      vertex 33.3344 12.2341 55
      vertex 33.3776 12.5253 35
      vertex 33.3776 12.5253 55
    endloop
  endfacet
  facet normal 0.989174 -0.146746 0
    outer loop
      vertex 33.3776 12.5253 35
      vertex 33.3344 12.2341 55
      vertex 33.3344 12.2341 35
    endloop
  endfacet
  facet normal 0 0 1
    outer loop
      vertex 39.3056 12.2341 35
      vertex 39.3056 11.6459 35
      vertex 39.32 11.94 35
    endloop
  endfacet
  facet normal 0 0 1
    outer loop
      vertex 39.2624 12.5253 35
      vertex 39.3056 11.6459 35
      vertex 39.3056 12.2341 35
    endloop
  endfacet
  facet normal 0 0 1
    outer loop
      vertex 39.2624 12.5253 35
      vertex 39.2624 11.3547 35
      vertex 39.3056 11.6459 35
    endloop
  endfacet
  facet normal 0 0 1
    outer loop
      vertex 39.1908 12.8109 35
      vertex 39.2624 11.3547 35
      vertex 39.2624 12.5253 35
    endloop
  endfacet
  facet normal 0 0 1
    outer loop
      vertex 39.1908 12.8109 35
      vertex 39.1908 11.0691 35
      vertex 39.2624 11.3547 35
    endloop
  endfacet
  facet normal 0 0 1
    outer loop
      vertex 39.0916 13.088 35
      vertex 39.1908 11.0691 35
      vertex 39.1908 12.8109 35
    endloop
  endfacet
  facet normal 0 0 1
    outer loop
      vertex 39.0916 13.088 35
      vertex 39.0916 10.7919 35
      vertex 39.1908 11.0691 35
    endloop
  endfacet
  facet normal 0 0 1
    outer loop
      vertex 38.9658 13.3542 35
      vertex 39.0916 10.7919 35
      vertex 39.0916 13.088 35
    endloop
  endfacet
  facet normal 0 0 1
    outer loop
      vertex 38.9658 13.3542 35
      vertex 38.9658 10.5258 35
      vertex 39.0916 10.7919 35
    endloop
  endfacet
  facet normal 0 0 1
    outer loop
      vertex 38.8144 13.6067 35
      vertex 38.9658 10.5258 35
      vertex 38.9658 13.3542 35
    endloop
  endfacet
  facet normal 0 0 1
    outer loop
      vertex 38.8144 13.6067 35
      vertex 38.8144 10.2733 35
      vertex 38.9658 10.5258 35
    endloop
  endfacet
  facet normal 0 0 1
    outer loop
      vertex 38.639 13.8432 35
      vertex 38.8144 10.2733 35
      vertex 38.8144 13.6067 35
    endloop
  endfacet
  facet normal 0 0 1
    outer loop
      vertex 38.639 13.8432 35
      vertex 38.639 10.0368 35
      vertex 38.8144 10.2733 35
    endloop
  endfacet
  facet normal 0 0 1
    outer loop
      vertex 38.4413 14.0613 35
      vertex 38.639 10.0368 35
      vertex 38.639 13.8432 35
    endloop
  endfacet
  facet normal 0 0 1
    outer loop
      vertex 38.4413 14.0613 35
      vertex 38.4413 9.81868 35
      vertex 38.639 10.0368 35
    endloop
  endfacet
  facet normal 0 0 1
    outer loop
      vertex 38.2232 14.259 35
      vertex 38.4413 9.81868 35
      vertex 38.4413 14.0613 35
    endloop
  endfacet
  facet normal 0 0 1
    outer loop
      vertex 38.2232 14.259 35
      vertex 38.2232 9.62097 35
      vertex 38.4413 9.81868 35
    endloop
  endfacet
  facet normal 0 0 1
    outer loop
      vertex 37.9867 14.4344 35
      vertex 38.2232 9.62097 35
      vertex 38.2232 14.259 35
    endloop
  endfacet
  facet normal 0 0 1
    outer loop
      vertex 37.9867 14.4344 35
      vertex 37.9867 9.44559 35
      vertex 38.2232 9.62097 35
    endloop
  endfacet
  facet normal 0 0 1
    outer loop
      vertex 37.7342 14.5858 35
      vertex 37.9867 9.44559 35
      vertex 37.9867 14.4344 35
    endloop
  endfacet
  facet normal 0 0 1
    outer loop
      vertex 37.7342 14.5858 35
      vertex 37.7342 9.29424 35
      vertex 37.9867 9.44559 35
    endloop
  endfacet
  facet normal 0 0 1
    outer loop
      vertex 37.468 14.7116 35
      vertex 37.7342 9.29424 35
      vertex 37.7342 14.5858 35
    endloop
  endfacet
  facet normal 0 0 1
    outer loop
      vertex 37.468 14.7116 35
      vertex 37.468 9.16836 35
      vertex 37.7342 9.29424 35
    endloop
  endfacet
  facet normal 0 0 1
    outer loop
      vertex 37.1909 14.8108 35
      vertex 37.468 9.16836 35
      vertex 37.468 14.7116 35
    endloop
  endfacet
  facet normal 0 0 1
    outer loop
      vertex 37.1909 14.8108 35
      vertex 37.1909 9.06918 35
      vertex 37.468 9.16836 35
    endloop
  endfacet
  facet normal 0 0 1
    outer loop
      vertex 36.9053 14.8824 35
      vertex 37.1909 9.06918 35
      vertex 37.1909 14.8108 35
    endloop
  endfacet
  facet normal 0 0 1
    outer loop
      vertex 36.9053 14.8824 35
      vertex 36.9053 8.99764 35
      vertex 37.1909 9.06918 35
    endloop
  endfacet
  facet normal 0 0 1
    outer loop
      vertex 36.6141 14.9256 35
      vertex 36.9053 8.99764 35
      vertex 36.9053 14.8824 35
    endloop
  endfacet
  facet normal 0 0 1
    outer loop
      vertex 36.6141 14.9256 35
      vertex 36.6141 8.95444 35
      vertex 36.9053 8.99764 35
    endloop
  endfacet
  facet normal 0 0 1
    outer loop
      vertex 36.32 14.94 35
      vertex 36.6141 8.95444 35
      vertex 36.6141 14.9256 35
    endloop
  endfacet
  facet normal 0 0 1
    outer loop
      vertex 36.32 14.94 35
      vertex 36.32 8.94 35
      vertex 36.6141 8.95444 35
    endloop
  endfacet
  facet normal -0 0 1
    outer loop
      vertex 36.0259 14.9256 35
      vertex 36.32 8.94 35
      vertex 36.32 14.94 35
    endloop
  endfacet
  facet normal 0 0 1
    outer loop
      vertex 36.0259 14.9256 35
      vertex 36.0259 8.95444 35
      vertex 36.32 8.94 35
    endloop
  endfacet
  facet normal -0 0 1
    outer loop
      vertex 35.7347 14.8824 35
      vertex 36.0259 8.95444 35
      vertex 36.0259 14.9256 35
    endloop
  endfacet
  facet normal 0 0 1
    outer loop
      vertex 35.7347 14.8824 35
      vertex 35.7347 8.99764 35
      vertex 36.0259 8.95444 35
    endloop
  endfacet
  facet normal -0 0 1
    outer loop
      vertex 35.4491 14.8108 35
      vertex 35.7347 8.99764 35
      vertex 35.7347 14.8824 35
    endloop
  endfacet
  facet normal 0 0 1
    outer loop
      vertex 35.4491 14.8108 35
      vertex 35.4491 9.06918 35
      vertex 35.7347 8.99764 35
    endloop
  endfacet
  facet normal -0 0 1
    outer loop
      vertex 35.172 14.7116 35
      vertex 35.4491 9.06918 35
      vertex 35.4491 14.8108 35
    endloop
  endfacet
  facet normal 0 0 1
    outer loop
      vertex 35.172 14.7116 35
      vertex 35.172 9.16836 35
      vertex 35.4491 9.06918 35
    endloop
  endfacet
  facet normal -0 0 1
    outer loop
      vertex 34.9058 14.5858 35
      vertex 35.172 9.16836 35
      vertex 35.172 14.7116 35
    endloop
  endfacet
  facet normal 0 0 1
    outer loop
      vertex 34.9058 14.5858 35
      vertex 34.9058 9.29424 35
      vertex 35.172 9.16836 35
    endloop
  endfacet
  facet normal -0 0 1
    outer loop
      vertex 34.6533 14.4344 35
      vertex 34.9058 9.29424 35
      vertex 34.9058 14.5858 35
    endloop
  endfacet
  facet normal 0 0 1
    outer loop
      vertex 34.6533 14.4344 35
      vertex 34.6533 9.44559 35
      vertex 34.9058 9.29424 35
    endloop
  endfacet
  facet normal -0 0 1
    outer loop
      vertex 34.4168 14.259 35
      vertex 34.6533 9.44559 35
      vertex 34.6533 14.4344 35
    endloop
  endfacet
  facet normal 0 0 1
    outer loop
      vertex 34.4168 14.259 35
      vertex 34.4168 9.62097 35
      vertex 34.6533 9.44559 35
    endloop
  endfacet
  facet normal -0 0 1
    outer loop
      vertex 34.1987 14.0613 35
      vertex 34.4168 9.62097 35
      vertex 34.4168 14.259 35
    endloop
  endfacet
  facet normal 0 0 1
    outer loop
      vertex 34.1987 14.0613 35
      vertex 34.1987 9.81868 35
      vertex 34.4168 9.62097 35
    endloop
  endfacet
  facet normal -0 0 1
    outer loop
      vertex 34.001 13.8432 35
      vertex 34.1987 9.81868 35
      vertex 34.1987 14.0613 35
    endloop
  endfacet
  facet normal 0 0 1
    outer loop
      vertex 34.001 13.8432 35
      vertex 34.001 10.0368 35
      vertex 34.1987 9.81868 35
    endloop
  endfacet
  facet normal -0 0 1
    outer loop
      vertex 33.8256 13.6067 35
      vertex 34.001 10.0368 35
      vertex 34.001 13.8432 35
    endloop
  endfacet
  facet normal 0 0 1
    outer loop
      vertex 33.8256 13.6067 35
      vertex 33.8256 10.2733 35
      vertex 34.001 10.0368 35
    endloop
  endfacet
  facet normal -0 0 1
    outer loop
      vertex 33.6742 13.3542 35
      vertex 33.8256 10.2733 35
      vertex 33.8256 13.6067 35
    endloop
  endfacet
  facet normal 0 0 1
    outer loop
      vertex 33.6742 13.3542 35
      vertex 33.6742 10.5258 35
      vertex 33.8256 10.2733 35
    endloop
  endfacet
  facet normal -0 0 1
    outer loop
      vertex 33.5484 13.088 35
      vertex 33.6742 10.5258 35
      vertex 33.6742 13.3542 35
    endloop
  endfacet
  facet normal 0 0 1
    outer loop
      vertex 33.5484 13.088 35
      vertex 33.5484 10.7919 35
      vertex 33.6742 10.5258 35
    endloop
  endfacet
  facet normal -0 0 1
    outer loop
      vertex 33.4492 12.8109 35
      vertex 33.5484 10.7919 35
      vertex 33.5484 13.088 35
    endloop
  endfacet
  facet normal 0 0 1
    outer loop
      vertex 33.4492 12.8109 35
      vertex 33.4492 11.0691 35
      vertex 33.5484 10.7919 35
    endloop
  endfacet
  facet normal -0 0 1
    outer loop
      vertex 33.3776 12.5253 35
      vertex 33.4492 11.0691 35
      vertex 33.4492 12.8109 35
    endloop
  endfacet
  facet normal 0 0 1
    outer loop
      vertex 33.3776 12.5253 35
      vertex 33.3776 11.3547 35
      vertex 33.4492 11.0691 35
    endloop
  endfacet
  facet normal -0 0 1
    outer loop
      vertex 33.3344 12.2341 35
      vertex 33.3776 11.3547 35
      vertex 33.3776 12.5253 35
    endloop
  endfacet
  facet normal 0 0 1
    outer loop
      vertex 33.3344 12.2341 35
      vertex 33.3344 11.6459 35
      vertex 33.3776 11.3547 35
    endloop
  endfacet
  facet normal 0 -0 1
    outer loop
      vertex 33.3344 11.6459 35
      vertex 33.3344 12.2341 35
      vertex 33.32 11.94 35
    endloop
  endfacet
  facet normal 0.941488 -0.337047 0
    outer loop
      vertex 33.4492 12.8109 55
      vertex 33.5484 13.088 35
      vertex 33.5484 13.088 55
    endloop
  endfacet
  facet normal 0.941488 -0.337047 0
    outer loop
      vertex 33.5484 13.088 35
      vertex 33.4492 12.8109 55
      vertex 33.4492 12.8109 35
    endloop
  endfacet
  facet normal 0.998803 -0.0489044 0
    outer loop
      vertex 33.32 11.94 55
      vertex 33.3344 12.2341 35
      vertex 33.3344 12.2341 55
    endloop
  endfacet
  facet normal 0.998803 -0.0489044 0
    outer loop
      vertex 33.3344 12.2341 35
      vertex 33.32 11.94 55
      vertex 33.32 11.94 35
    endloop
  endfacet
  facet normal 0.514246 -0.857643 0
    outer loop
      vertex 34.6533 14.4344 35
      vertex 34.9058 14.5858 55
      vertex 34.6533 14.4344 55
    endloop
  endfacet
  facet normal 0.514246 -0.857643 0
    outer loop
      vertex 34.9058 14.5858 55
      vertex 34.6533 14.4344 35
      vertex 34.9058 14.5858 35
    endloop
  endfacet
  facet normal 0.595699 -0.803208 0
    outer loop
      vertex 34.4168 14.259 35
      vertex 34.6533 14.4344 55
      vertex 34.4168 14.259 55
    endloop
  endfacet
  facet normal 0.595699 -0.803208 0
    outer loop
      vertex 34.6533 14.4344 55
      vertex 34.4168 14.259 35
      vertex 34.6533 14.4344 35
    endloop
  endfacet
  facet normal 0.146746 -0.989174 0
    outer loop
      vertex 35.7347 14.8824 35
      vertex 36.0259 14.9256 55
      vertex 35.7347 14.8824 55
    endloop
  endfacet
  facet normal 0.146746 -0.989174 0
    outer loop
      vertex 36.0259 14.9256 55
      vertex 35.7347 14.8824 35
      vertex 36.0259 14.9256 35
    endloop
  endfacet
  facet normal -0.998803 0.0489044 0
    outer loop
      vertex 39.3056 11.6459 35
      vertex 39.32 11.94 55
      vertex 39.32 11.94 35
    endloop
  endfacet
  facet normal -0.998803 0.0489044 0
    outer loop
      vertex 39.32 11.94 55
      vertex 39.3056 11.6459 35
      vertex 39.3056 11.6459 55
    endloop
  endfacet
  facet normal -0.146746 0.989174 0
    outer loop
      vertex 36.9053 8.99764 35
      vertex 36.6141 8.95444 55
      vertex 36.9053 8.99764 55
    endloop
  endfacet
  facet normal -0.146746 0.989174 0
    outer loop
      vertex 36.6141 8.95444 55
      vertex 36.9053 8.99764 35
      vertex 36.6141 8.95444 35
    endloop
  endfacet
  facet normal -0.514121 0.857718 0
    outer loop
      vertex 37.9867 9.44559 35
      vertex 37.7342 9.29424 55
      vertex 37.9867 9.44559 55
    endloop
  endfacet
  facet normal -0.514121 0.857718 0
    outer loop
      vertex 37.7342 9.29424 55
      vertex 37.9867 9.44559 35
      vertex 37.7342 9.29424 35
    endloop
  endfacet
  facet normal -0.671625 0.740891 0
    outer loop
      vertex 38.4413 9.81868 35
      vertex 38.2232 9.62097 55
      vertex 38.4413 9.81868 55
    endloop
  endfacet
  facet normal -0.671625 0.740891 0
    outer loop
      vertex 38.2232 9.62097 55
      vertex 38.4413 9.81868 35
      vertex 38.2232 9.62097 35
    endloop
  endfacet
  facet normal -0.595655 0.803241 0
    outer loop
      vertex 38.2232 9.62097 35
      vertex 37.9867 9.44559 55
      vertex 38.2232 9.62097 55
    endloop
  endfacet
  facet normal -0.595655 0.803241 0
    outer loop
      vertex 37.9867 9.44559 55
      vertex 38.2232 9.62097 35
      vertex 37.9867 9.44559 35
    endloop
  endfacet
  facet normal -0.803208 0.595699 0
    outer loop
      vertex 38.639 10.0368 35
      vertex 38.8144 10.2733 55
      vertex 38.8144 10.2733 35
    endloop
  endfacet
  facet normal -0.803208 0.595699 0
    outer loop
      vertex 38.8144 10.2733 55
      vertex 38.639 10.0368 35
      vertex 38.639 10.0368 55
    endloop
  endfacet
  facet normal -0.857643 0.514246 0
    outer loop
      vertex 38.8144 10.2733 35
      vertex 38.9658 10.5258 55
      vertex 38.9658 10.5258 35
    endloop
  endfacet
  facet normal -0.857643 0.514246 0
    outer loop
      vertex 38.9658 10.5258 55
      vertex 38.8144 10.2733 35
      vertex 38.8144 10.2733 55
    endloop
  endfacet
  facet normal 0.595655 0.803241 -0
    outer loop
      vertex 34.6533 9.44559 35
      vertex 34.4168 9.62097 55
      vertex 34.6533 9.44559 55
    endloop
  endfacet
  facet normal 0.595655 0.803241 0
    outer loop
      vertex 34.4168 9.62097 55
      vertex 34.6533 9.44559 35
      vertex 34.4168 9.62097 35
    endloop
  endfacet
  facet normal 0.514121 0.857718 -0
    outer loop
      vertex 34.9058 9.29424 35
      vertex 34.6533 9.44559 55
      vertex 34.9058 9.29424 55
    endloop
  endfacet
  facet normal 0.514121 0.857718 0
    outer loop
      vertex 34.6533 9.44559 55
      vertex 34.9058 9.29424 35
      vertex 34.6533 9.44559 35
    endloop
  endfacet
  facet normal 0.427491 0.90402 -0
    outer loop
      vertex 35.172 9.16836 35
      vertex 34.9058 9.29424 55
      vertex 35.172 9.16836 55
    endloop
  endfacet
  facet normal 0.427491 0.90402 0
    outer loop
      vertex 34.9058 9.29424 55
      vertex 35.172 9.16836 35
      vertex 34.9058 9.29424 35
    endloop
  endfacet
  facet normal 0.0490399 0.998797 -0
    outer loop
      vertex 36.32 8.94 35
      vertex 36.0259 8.95444 55
      vertex 36.32 8.94 55
    endloop
  endfacet
  facet normal 0.0490399 0.998797 0
    outer loop
      vertex 36.0259 8.95444 55
      vertex 36.32 8.94 35
      vertex 36.0259 8.95444 35
    endloop
  endfacet
  facet normal 0.803208 0.595699 0
    outer loop
      vertex 34.001 10.0368 55
      vertex 33.8256 10.2733 35
      vertex 33.8256 10.2733 55
    endloop
  endfacet
  facet normal 0.803208 0.595699 0
    outer loop
      vertex 33.8256 10.2733 35
      vertex 34.001 10.0368 55
      vertex 34.001 10.0368 35
    endloop
  endfacet
  facet normal 0.857643 0.514246 0
    outer loop
      vertex 33.8256 10.2733 55
      vertex 33.6742 10.5258 35
      vertex 33.6742 10.5258 55
    endloop
  endfacet
  facet normal 0.857643 0.514246 0
    outer loop
      vertex 33.6742 10.5258 35
      vertex 33.8256 10.2733 55
      vertex 33.8256 10.2733 35
    endloop
  endfacet
  facet normal 0.740938 0.671573 0
    outer loop
      vertex 34.1987 9.81868 55
      vertex 34.001 10.0368 35
      vertex 34.001 10.0368 55
    endloop
  endfacet
  facet normal 0.740938 0.671573 0
    outer loop
      vertex 34.001 10.0368 35
      vertex 34.1987 9.81868 55
      vertex 34.1987 9.81868 35
    endloop
  endfacet
  facet normal 0.904063 0.4274 0
    outer loop
      vertex 33.6742 10.5258 55
      vertex 33.5484 10.7919 35
      vertex 33.5484 10.7919 55
    endloop
  endfacet
  facet normal 0.904063 0.4274 0
    outer loop
      vertex 33.5484 10.7919 35
      vertex 33.6742 10.5258 55
      vertex 33.6742 10.5258 35
    endloop
  endfacet
  facet normal 0.989174 0.146746 0
    outer loop
      vertex 33.3776 11.3547 55
      vertex 33.3344 11.6459 35
      vertex 33.3344 11.6459 55
    endloop
  endfacet
  facet normal 0.989174 0.146746 0
    outer loop
      vertex 33.3344 11.6459 35
      vertex 33.3776 11.3547 55
      vertex 33.3776 11.3547 35
    endloop
  endfacet
  facet normal -0.740908 -0.671607 0
    outer loop
      vertex 38.639 13.8432 35
      vertex 38.4413 14.0613 55
      vertex 38.4413 14.0613 35
    endloop
  endfacet
  facet normal -0.740908 -0.671607 0
    outer loop
      vertex 38.4413 14.0613 55
      vertex 38.639 13.8432 35
      vertex 38.639 13.8432 55
    endloop
  endfacet
  facet normal -0.243175 -0.969982 0
    outer loop
      vertex 36.9053 14.8824 35
      vertex 37.1909 14.8108 55
      vertex 36.9053 14.8824 55
    endloop
  endfacet
  facet normal -0.243175 -0.969982 -0
    outer loop
      vertex 37.1909 14.8108 55
      vertex 36.9053 14.8824 35
      vertex 37.1909 14.8108 35
    endloop
  endfacet
  facet normal -0.427269 -0.904125 0
    outer loop
      vertex 37.468 14.7116 35
      vertex 37.7342 14.5858 55
      vertex 37.468 14.7116 55
    endloop
  endfacet
  facet normal -0.427269 -0.904125 -0
    outer loop
      vertex 37.7342 14.5858 55
      vertex 37.468 14.7116 35
      vertex 37.7342 14.5858 35
    endloop
  endfacet
  facet normal 0.803208 -0.595699 0
    outer loop
      vertex 33.8256 13.6067 55
      vertex 34.001 13.8432 35
      vertex 34.001 13.8432 55
    endloop
  endfacet
  facet normal 0.803208 -0.595699 0
    outer loop
      vertex 34.001 13.8432 35
      vertex 33.8256 13.6067 55
      vertex 33.8256 13.6067 35
    endloop
  endfacet
  facet normal 0.969982 -0.243175 0
    outer loop
      vertex 33.3776 12.5253 55
      vertex 33.4492 12.8109 35
      vertex 33.4492 12.8109 55
    endloop
  endfacet
  facet normal 0.969982 -0.243175 0
    outer loop
      vertex 33.4492 12.8109 35
      vertex 33.3776 12.5253 55
      vertex 33.3776 12.5253 35
    endloop
  endfacet
  facet normal 0.998803 0.0489044 0
    outer loop
      vertex 33.3344 11.6459 55
      vertex 33.32 11.94 35
      vertex 33.32 11.94 55
    endloop
  endfacet
  facet normal 0.998803 0.0489044 0
    outer loop
      vertex 33.32 11.94 35
      vertex 33.3344 11.6459 55
      vertex 33.3344 11.6459 35
    endloop
  endfacet
  facet normal 0.671607 -0.740908 0
    outer loop
      vertex 34.1987 14.0613 35
      vertex 34.4168 14.259 55
      vertex 34.1987 14.0613 55
    endloop
  endfacet
  facet normal 0.671607 -0.740908 0
    outer loop
      vertex 34.4168 14.259 55
      vertex 34.1987 14.0613 35
      vertex 34.4168 14.259 35
    endloop
  endfacet
  facet normal 0.337047 -0.941488 0
    outer loop
      vertex 35.172 14.7116 35
      vertex 35.4491 14.8108 55
      vertex 35.172 14.7116 55
    endloop
  endfacet
  facet normal 0.337047 -0.941488 0
    outer loop
      vertex 35.4491 14.8108 55
      vertex 35.172 14.7116 35
      vertex 35.4491 14.8108 35
    endloop
  endfacet
  facet normal -0.242983 0.970031 0
    outer loop
      vertex 37.1909 9.06918 35
      vertex 36.9053 8.99764 55
      vertex 37.1909 9.06918 55
    endloop
  endfacet
  facet normal -0.242983 0.970031 0
    outer loop
      vertex 36.9053 8.99764 55
      vertex 37.1909 9.06918 35
      vertex 36.9053 8.99764 35
    endloop
  endfacet
  facet normal -0.427491 0.90402 0
    outer loop
      vertex 37.7342 9.29424 35
      vertex 37.468 9.16836 55
      vertex 37.7342 9.29424 55
    endloop
  endfacet
  facet normal -0.427491 0.90402 0
    outer loop
      vertex 37.468 9.16836 55
      vertex 37.7342 9.29424 35
      vertex 37.468 9.16836 35
    endloop
  endfacet
  facet normal -0.941527 0.336939 0
    outer loop
      vertex 39.0916 10.7919 35
      vertex 39.1908 11.0691 55
      vertex 39.1908 11.0691 35
    endloop
  endfacet
  facet normal -0.941527 0.336939 0
    outer loop
      vertex 39.1908 11.0691 55
      vertex 39.0916 10.7919 35
      vertex 39.0916 10.7919 55
    endloop
  endfacet
  facet normal -0.989174 0.146746 0
    outer loop
      vertex 39.2624 11.3547 35
      vertex 39.3056 11.6459 55
      vertex 39.3056 11.6459 35
    endloop
  endfacet
  facet normal -0.989174 0.146746 0
    outer loop
      vertex 39.3056 11.6459 55
      vertex 39.2624 11.3547 35
      vertex 39.2624 11.3547 55
    endloop
  endfacet
  facet normal 0.336986 0.94151 -0
    outer loop
      vertex 35.4491 9.06918 35
      vertex 35.172 9.16836 55
      vertex 35.4491 9.06918 55
    endloop
  endfacet
  facet normal 0.336986 0.94151 0
    outer loop
      vertex 35.172 9.16836 55
      vertex 35.4491 9.06918 35
      vertex 35.172 9.16836 35
    endloop
  endfacet
  facet normal 0.146746 0.989174 -0
    outer loop
      vertex 36.0259 8.95444 35
      vertex 35.7347 8.99764 55
      vertex 36.0259 8.95444 55
    endloop
  endfacet
  facet normal 0.146746 0.989174 0
    outer loop
      vertex 35.7347 8.99764 55
      vertex 36.0259 8.95444 35
      vertex 35.7347 8.99764 35
    endloop
  endfacet
  facet normal 0.969982 0.243175 0
    outer loop
      vertex 33.4492 11.0691 55
      vertex 33.3776 11.3547 35
      vertex 33.3776 11.3547 55
    endloop
  endfacet
  facet normal 0.969982 0.243175 0
    outer loop
      vertex 33.3776 11.3547 35
      vertex 33.4492 11.0691 55
      vertex 33.4492 11.0691 35
    endloop
  endfacet
  facet normal -0.998803 -0.0489044 0
    outer loop
      vertex 39.32 31.5 35
      vertex 39.3056 31.7941 55
      vertex 39.3056 31.7941 35
    endloop
  endfacet
  facet normal -0.998803 -0.0489044 0
    outer loop
      vertex 39.3056 31.7941 55
      vertex 39.32 31.5 35
      vertex 39.32 31.5 55
    endloop
  endfacet
  facet normal 0.0489044 -0.998803 0
    outer loop
      vertex 36.0259 34.4856 35
      vertex 36.32 34.5 55
      vertex 36.0259 34.4856 55
    endloop
  endfacet
  facet normal 0.0489044 -0.998803 0
    outer loop
      vertex 36.32 34.5 55
      vertex 36.0259 34.4856 35
      vertex 36.32 34.5 35
    endloop
  endfacet
  facet normal -0.0489044 0.998803 0
    outer loop
      vertex 36.6141 28.5144 35
      vertex 36.32 28.5 55
      vertex 36.6141 28.5144 55
    endloop
  endfacet
  facet normal -0.0489044 0.998803 0
    outer loop
      vertex 36.32 28.5 55
      vertex 36.6141 28.5144 35
      vertex 36.32 28.5 35
    endloop
  endfacet
  facet normal -0.671607 -0.740908 0
    outer loop
      vertex 38.2232 33.819 35
      vertex 38.4413 33.6213 55
      vertex 38.2232 33.819 55
    endloop
  endfacet
  facet normal -0.671607 -0.740908 -0
    outer loop
      vertex 38.4413 33.6213 55
      vertex 38.2232 33.819 35
      vertex 38.4413 33.6213 35
    endloop
  endfacet
  facet normal 0.740908 -0.671607 0
    outer loop
      vertex 34.001 33.4032 55
      vertex 34.1987 33.6213 35
      vertex 34.1987 33.6213 55
    endloop
  endfacet
  facet normal 0.740908 -0.671607 0
    outer loop
      vertex 34.1987 33.6213 35
      vertex 34.001 33.4032 55
      vertex 34.001 33.4032 35
    endloop
  endfacet
  facet normal 0.427269 -0.904125 0
    outer loop
      vertex 34.9058 34.1458 35
      vertex 35.172 34.2716 55
      vertex 34.9058 34.1458 55
    endloop
  endfacet
  facet normal 0.427269 -0.904125 0
    outer loop
      vertex 35.172 34.2716 55
      vertex 34.9058 34.1458 35
      vertex 35.172 34.2716 35
    endloop
  endfacet
  facet normal 0.941527 0.336939 0
    outer loop
      vertex 33.5484 30.3519 55
      vertex 33.4492 30.6291 35
      vertex 33.4492 30.6291 55
    endloop
  endfacet
  facet normal 0.941527 0.336939 0
    outer loop
      vertex 33.4492 30.6291 35
      vertex 33.5484 30.3519 55
      vertex 33.5484 30.3519 35
    endloop
  endfacet
  facet normal -0.904125 -0.427269 0
    outer loop
      vertex 39.0916 32.648 35
      vertex 38.9658 32.9142 55
      vertex 38.9658 32.9142 35
    endloop
  endfacet
  facet normal -0.904125 -0.427269 0
    outer loop
      vertex 38.9658 32.9142 55
      vertex 39.0916 32.648 35
      vertex 39.0916 32.648 55
    endloop
  endfacet
  facet normal -0.337047 -0.941488 0
    outer loop
      vertex 37.1909 34.3708 35
      vertex 37.468 34.2716 55
      vertex 37.1909 34.3708 55
    endloop
  endfacet
  facet normal -0.337047 -0.941488 -0
    outer loop
      vertex 37.468 34.2716 55
      vertex 37.1909 34.3708 35
      vertex 37.468 34.2716 35
    endloop
  endfacet
  facet normal 0.904125 -0.427269 0
    outer loop
      vertex 33.5484 32.648 55
      vertex 33.6742 32.9142 35
      vertex 33.6742 32.9142 55
    endloop
  endfacet
  facet normal 0.904125 -0.427269 0
    outer loop
      vertex 33.6742 32.9142 35
      vertex 33.5484 32.648 55
      vertex 33.5484 32.648 35
    endloop
  endfacet
  facet normal 0.857643 -0.514246 0
    outer loop
      vertex 33.6742 32.9142 55
      vertex 33.8256 33.1667 35
      vertex 33.8256 33.1667 55
    endloop
  endfacet
  facet normal 0.857643 -0.514246 0
    outer loop
      vertex 33.8256 33.1667 35
      vertex 33.6742 32.9142 55
      vertex 33.6742 32.9142 35
    endloop
  endfacet
  facet normal 0.243175 -0.969982 0
    outer loop
      vertex 35.4491 34.3708 35
      vertex 35.7347 34.4424 55
      vertex 35.4491 34.3708 55
    endloop
  endfacet
  facet normal 0.243175 -0.969982 0
    outer loop
      vertex 35.7347 34.4424 55
      vertex 35.4491 34.3708 35
      vertex 35.7347 34.4424 35
    endloop
  endfacet
  facet normal -0.904063 0.4274 0
    outer loop
      vertex 38.9658 30.0858 35
      vertex 39.0916 30.3519 55
      vertex 39.0916 30.3519 35
    endloop
  endfacet
  facet normal -0.904063 0.4274 0
    outer loop
      vertex 39.0916 30.3519 55
      vertex 38.9658 30.0858 35
      vertex 38.9658 30.0858 55
    endloop
  endfacet
  facet normal -0.337047 0.941488 0
    outer loop
      vertex 37.468 28.7284 35
      vertex 37.1909 28.6292 55
      vertex 37.468 28.7284 55
    endloop
  endfacet
  facet normal -0.337047 0.941488 0
    outer loop
      vertex 37.1909 28.6292 55
      vertex 37.468 28.7284 35
      vertex 37.1909 28.6292 35
    endloop
  endfacet
  facet normal -0.740908 0.671607 0
    outer loop
      vertex 38.4413 29.3787 35
      vertex 38.639 29.5968 55
      vertex 38.639 29.5968 35
    endloop
  endfacet
  facet normal -0.740908 0.671607 0
    outer loop
      vertex 38.639 29.5968 55
      vertex 38.4413 29.3787 35
      vertex 38.4413 29.3787 55
    endloop
  endfacet
  facet normal -0.969982 0.243175 0
    outer loop
      vertex 39.1908 30.6291 35
      vertex 39.2624 30.9147 55
      vertex 39.2624 30.9147 35
    endloop
  endfacet
  facet normal -0.969982 0.243175 0
    outer loop
      vertex 39.2624 30.9147 55
      vertex 39.1908 30.6291 35
      vertex 39.1908 30.6291 55
    endloop
  endfacet
  facet normal 0.243175 0.969982 -0
    outer loop
      vertex 35.7347 28.5576 35
      vertex 35.4491 28.6292 55
      vertex 35.7347 28.5576 55
    endloop
  endfacet
  facet normal 0.243175 0.969982 0
    outer loop
      vertex 35.4491 28.6292 55
      vertex 35.7347 28.5576 35
      vertex 35.4491 28.6292 35
    endloop
  endfacet
  facet normal 0.740908 0.671607 0
    outer loop
      vertex 34.1987 29.3787 55
      vertex 34.001 29.5968 35
      vertex 34.001 29.5968 55
    endloop
  endfacet
  facet normal 0.740908 0.671607 0
    outer loop
      vertex 34.001 29.5968 35
      vertex 34.1987 29.3787 55
      vertex 34.1987 29.3787 35
    endloop
  endfacet
  facet normal -0.969982 -0.243175 0
    outer loop
      vertex 39.2624 32.0853 35
      vertex 39.1908 32.3709 55
      vertex 39.1908 32.3709 35
    endloop
  endfacet
  facet normal -0.969982 -0.243175 0
    outer loop
      vertex 39.1908 32.3709 55
      vertex 39.2624 32.0853 35
      vertex 39.2624 32.0853 55
    endloop
  endfacet
  facet normal -0.989174 -0.146746 0
    outer loop
      vertex 39.3056 31.7941 35
      vertex 39.2624 32.0853 55
      vertex 39.2624 32.0853 35
    endloop
  endfacet
  facet normal -0.989174 -0.146746 0
    outer loop
      vertex 39.2624 32.0853 55
      vertex 39.3056 31.7941 35
      vertex 39.3056 31.7941 55
    endloop
  endfacet
  facet normal -0.941488 -0.337047 0
    outer loop
      vertex 39.1908 32.3709 35
      vertex 39.0916 32.648 55
      vertex 39.0916 32.648 35
    endloop
  endfacet
  facet normal -0.941488 -0.337047 0
    outer loop
      vertex 39.0916 32.648 55
      vertex 39.1908 32.3709 35
      vertex 39.1908 32.3709 55
    endloop
  endfacet
  facet normal -0.803208 -0.595699 0
    outer loop
      vertex 38.8144 33.1667 35
      vertex 38.639 33.4032 55
      vertex 38.639 33.4032 35
    endloop
  endfacet
  facet normal -0.803208 -0.595699 0
    outer loop
      vertex 38.639 33.4032 55
      vertex 38.8144 33.1667 35
      vertex 38.8144 33.1667 55
    endloop
  endfacet
  facet normal -0.740908 -0.671607 0
    outer loop
      vertex 38.639 33.4032 35
      vertex 38.4413 33.6213 55
      vertex 38.4413 33.6213 35
    endloop
  endfacet
  facet normal -0.740908 -0.671607 0
    outer loop
      vertex 38.4413 33.6213 55
      vertex 38.639 33.4032 35
      vertex 38.639 33.4032 55
    endloop
  endfacet
  facet normal -0.857643 -0.514246 0
    outer loop
      vertex 38.9658 32.9142 35
      vertex 38.8144 33.1667 55
      vertex 38.8144 33.1667 35
    endloop
  endfacet
  facet normal -0.857643 -0.514246 0
    outer loop
      vertex 38.8144 33.1667 55
      vertex 38.9658 32.9142 35
      vertex 38.9658 32.9142 55
    endloop
  endfacet
  facet normal -0.146746 -0.989174 0
    outer loop
      vertex 36.6141 34.4856 35
      vertex 36.9053 34.4424 55
      vertex 36.6141 34.4856 55
    endloop
  endfacet
  facet normal -0.146746 -0.989174 -0
    outer loop
      vertex 36.9053 34.4424 55
      vertex 36.6141 34.4856 35
      vertex 36.9053 34.4424 35
    endloop
  endfacet
  facet normal -0.243175 -0.969982 0
    outer loop
      vertex 36.9053 34.4424 35
      vertex 37.1909 34.3708 55
      vertex 36.9053 34.4424 55
    endloop
  endfacet
  facet normal -0.243175 -0.969982 -0
    outer loop
      vertex 37.1909 34.3708 55
      vertex 36.9053 34.4424 35
      vertex 37.1909 34.3708 35
    endloop
  endfacet
  facet normal -0.0489044 -0.998803 0
    outer loop
      vertex 36.32 34.5 35
      vertex 36.6141 34.4856 55
      vertex 36.32 34.5 55
    endloop
  endfacet
  facet normal -0.0489044 -0.998803 -0
    outer loop
      vertex 36.6141 34.4856 55
      vertex 36.32 34.5 35
      vertex 36.6141 34.4856 35
    endloop
  endfacet
  facet normal -0.514246 -0.857643 0
    outer loop
      vertex 37.7342 34.1458 35
      vertex 37.9867 33.9944 55
      vertex 37.7342 34.1458 55
    endloop
  endfacet
  facet normal -0.514246 -0.857643 -0
    outer loop
      vertex 37.9867 33.9944 55
      vertex 37.7342 34.1458 35
      vertex 37.9867 33.9944 35
    endloop
  endfacet
  facet normal -0.427269 -0.904125 0
    outer loop
      vertex 37.468 34.2716 35
      vertex 37.7342 34.1458 55
      vertex 37.468 34.2716 55
    endloop
  endfacet
  facet normal -0.427269 -0.904125 -0
    outer loop
      vertex 37.7342 34.1458 55
      vertex 37.468 34.2716 35
      vertex 37.7342 34.1458 35
    endloop
  endfacet
  facet normal -0.595699 -0.803208 0
    outer loop
      vertex 37.9867 33.9944 35
      vertex 38.2232 33.819 55
      vertex 37.9867 33.9944 55
    endloop
  endfacet
  facet normal -0.595699 -0.803208 -0
    outer loop
      vertex 38.2232 33.819 55
      vertex 37.9867 33.9944 35
      vertex 38.2232 33.819 35
    endloop
  endfacet
  facet normal 0.989174 -0.146746 0
    outer loop
      vertex 33.3344 31.7941 55
      vertex 33.3776 32.0853 35
      vertex 33.3776 32.0853 55
    endloop
  endfacet
  facet normal 0.989174 -0.146746 0
    outer loop
      vertex 33.3776 32.0853 35
      vertex 33.3344 31.7941 55
      vertex 33.3344 31.7941 35
    endloop
  endfacet
  facet normal 0 0 1
    outer loop
      vertex 39.3056 31.7941 35
      vertex 39.3056 31.2059 35
      vertex 39.32 31.5 35
    endloop
  endfacet
  facet normal 0 0 1
    outer loop
      vertex 39.2624 32.0853 35
      vertex 39.3056 31.2059 35
      vertex 39.3056 31.7941 35
    endloop
  endfacet
  facet normal 0 0 1
    outer loop
      vertex 39.2624 32.0853 35
      vertex 39.2624 30.9147 35
      vertex 39.3056 31.2059 35
    endloop
  endfacet
  facet normal 0 0 1
    outer loop
      vertex 39.1908 32.3709 35
      vertex 39.2624 30.9147 35
      vertex 39.2624 32.0853 35
    endloop
  endfacet
  facet normal 0 0 1
    outer loop
      vertex 39.1908 32.3709 35
      vertex 39.1908 30.6291 35
      vertex 39.2624 30.9147 35
    endloop
  endfacet
  facet normal 0 0 1
    outer loop
      vertex 39.0916 32.648 35
      vertex 39.1908 30.6291 35
      vertex 39.1908 32.3709 35
    endloop
  endfacet
  facet normal 0 0 1
    outer loop
      vertex 39.0916 32.648 35
      vertex 39.0916 30.3519 35
      vertex 39.1908 30.6291 35
    endloop
  endfacet
  facet normal 0 0 1
    outer loop
      vertex 38.9658 32.9142 35
      vertex 39.0916 30.3519 35
      vertex 39.0916 32.648 35
    endloop
  endfacet
  facet normal 0 0 1
    outer loop
      vertex 38.9658 32.9142 35
      vertex 38.9658 30.0858 35
      vertex 39.0916 30.3519 35
    endloop
  endfacet
  facet normal 0 0 1
    outer loop
      vertex 38.8144 33.1667 35
      vertex 38.9658 30.0858 35
      vertex 38.9658 32.9142 35
    endloop
  endfacet
  facet normal 0 0 1
    outer loop
      vertex 38.8144 33.1667 35
      vertex 38.8144 29.8333 35
      vertex 38.9658 30.0858 35
    endloop
  endfacet
  facet normal 0 0 1
    outer loop
      vertex 38.639 33.4032 35
      vertex 38.8144 29.8333 35
      vertex 38.8144 33.1667 35
    endloop
  endfacet
  facet normal 0 0 1
    outer loop
      vertex 38.639 33.4032 35
      vertex 38.639 29.5968 35
      vertex 38.8144 29.8333 35
    endloop
  endfacet
  facet normal 0 0 1
    outer loop
      vertex 38.4413 33.6213 35
      vertex 38.639 29.5968 35
      vertex 38.639 33.4032 35
    endloop
  endfacet
  facet normal 0 0 1
    outer loop
      vertex 38.4413 33.6213 35
      vertex 38.4413 29.3787 35
      vertex 38.639 29.5968 35
    endloop
  endfacet
  facet normal 0 0 1
    outer loop
      vertex 38.2232 33.819 35
      vertex 38.4413 29.3787 35
      vertex 38.4413 33.6213 35
    endloop
  endfacet
  facet normal 0 0 1
    outer loop
      vertex 38.2232 33.819 35
      vertex 38.2232 29.181 35
      vertex 38.4413 29.3787 35
    endloop
  endfacet
  facet normal 0 0 1
    outer loop
      vertex 37.9867 33.9944 35
      vertex 38.2232 29.181 35
      vertex 38.2232 33.819 35
    endloop
  endfacet
  facet normal 0 0 1
    outer loop
      vertex 37.9867 33.9944 35
      vertex 37.9867 29.0056 35
      vertex 38.2232 29.181 35
    endloop
  endfacet
  facet normal 0 0 1
    outer loop
      vertex 37.7342 34.1458 35
      vertex 37.9867 29.0056 35
      vertex 37.9867 33.9944 35
    endloop
  endfacet
  facet normal 0 0 1
    outer loop
      vertex 37.7342 34.1458 35
      vertex 37.7342 28.8542 35
      vertex 37.9867 29.0056 35
    endloop
  endfacet
  facet normal 0 0 1
    outer loop
      vertex 37.468 34.2716 35
      vertex 37.7342 28.8542 35
      vertex 37.7342 34.1458 35
    endloop
  endfacet
  facet normal 0 0 1
    outer loop
      vertex 37.468 34.2716 35
      vertex 37.468 28.7284 35
      vertex 37.7342 28.8542 35
    endloop
  endfacet
  facet normal 0 0 1
    outer loop
      vertex 37.1909 34.3708 35
      vertex 37.468 28.7284 35
      vertex 37.468 34.2716 35
    endloop
  endfacet
  facet normal 0 0 1
    outer loop
      vertex 37.1909 34.3708 35
      vertex 37.1909 28.6292 35
      vertex 37.468 28.7284 35
    endloop
  endfacet
  facet normal 0 0 1
    outer loop
      vertex 36.9053 34.4424 35
      vertex 37.1909 28.6292 35
      vertex 37.1909 34.3708 35
    endloop
  endfacet
  facet normal 0 0 1
    outer loop
      vertex 36.9053 34.4424 35
      vertex 36.9053 28.5576 35
      vertex 37.1909 28.6292 35
    endloop
  endfacet
  facet normal 0 0 1
    outer loop
      vertex 36.6141 34.4856 35
      vertex 36.9053 28.5576 35
      vertex 36.9053 34.4424 35
    endloop
  endfacet
  facet normal 0 0 1
    outer loop
      vertex 36.6141 34.4856 35
      vertex 36.6141 28.5144 35
      vertex 36.9053 28.5576 35
    endloop
  endfacet
  facet normal 0 0 1
    outer loop
      vertex 36.32 34.5 35
      vertex 36.6141 28.5144 35
      vertex 36.6141 34.4856 35
    endloop
  endfacet
  facet normal 0 0 1
    outer loop
      vertex 36.32 34.5 35
      vertex 36.32 28.5 35
      vertex 36.6141 28.5144 35
    endloop
  endfacet
  facet normal -0 0 1
    outer loop
      vertex 36.0259 34.4856 35
      vertex 36.32 28.5 35
      vertex 36.32 34.5 35
    endloop
  endfacet
  facet normal 0 0 1
    outer loop
      vertex 36.0259 34.4856 35
      vertex 36.0259 28.5144 35
      vertex 36.32 28.5 35
    endloop
  endfacet
  facet normal -0 0 1
    outer loop
      vertex 35.7347 34.4424 35
      vertex 36.0259 28.5144 35
      vertex 36.0259 34.4856 35
    endloop
  endfacet
  facet normal 0 0 1
    outer loop
      vertex 35.7347 34.4424 35
      vertex 35.7347 28.5576 35
      vertex 36.0259 28.5144 35
    endloop
  endfacet
  facet normal -0 0 1
    outer loop
      vertex 35.4491 34.3708 35
      vertex 35.7347 28.5576 35
      vertex 35.7347 34.4424 35
    endloop
  endfacet
  facet normal 0 0 1
    outer loop
      vertex 35.4491 34.3708 35
      vertex 35.4491 28.6292 35
      vertex 35.7347 28.5576 35
    endloop
  endfacet
  facet normal -0 0 1
    outer loop
      vertex 35.172 34.2716 35
      vertex 35.4491 28.6292 35
      vertex 35.4491 34.3708 35
    endloop
  endfacet
  facet normal 0 0 1
    outer loop
      vertex 35.172 34.2716 35
      vertex 35.172 28.7284 35
      vertex 35.4491 28.6292 35
    endloop
  endfacet
  facet normal -0 0 1
    outer loop
      vertex 34.9058 34.1458 35
      vertex 35.172 28.7284 35
      vertex 35.172 34.2716 35
    endloop
  endfacet
  facet normal 0 0 1
    outer loop
      vertex 34.9058 34.1458 35
      vertex 34.9058 28.8542 35
      vertex 35.172 28.7284 35
    endloop
  endfacet
  facet normal -0 0 1
    outer loop
      vertex 34.6533 33.9944 35
      vertex 34.9058 28.8542 35
      vertex 34.9058 34.1458 35
    endloop
  endfacet
  facet normal 0 0 1
    outer loop
      vertex 34.6533 33.9944 35
      vertex 34.6533 29.0056 35
      vertex 34.9058 28.8542 35
    endloop
  endfacet
  facet normal -0 0 1
    outer loop
      vertex 34.4168 33.819 35
      vertex 34.6533 29.0056 35
      vertex 34.6533 33.9944 35
    endloop
  endfacet
  facet normal 0 0 1
    outer loop
      vertex 34.4168 33.819 35
      vertex 34.4168 29.181 35
      vertex 34.6533 29.0056 35
    endloop
  endfacet
  facet normal -0 0 1
    outer loop
      vertex 34.1987 33.6213 35
      vertex 34.4168 29.181 35
      vertex 34.4168 33.819 35
    endloop
  endfacet
  facet normal 0 0 1
    outer loop
      vertex 34.1987 33.6213 35
      vertex 34.1987 29.3787 35
      vertex 34.4168 29.181 35
    endloop
  endfacet
  facet normal -0 0 1
    outer loop
      vertex 34.001 33.4032 35
      vertex 34.1987 29.3787 35
      vertex 34.1987 33.6213 35
    endloop
  endfacet
  facet normal 0 0 1
    outer loop
      vertex 34.001 33.4032 35
      vertex 34.001 29.5968 35
      vertex 34.1987 29.3787 35
    endloop
  endfacet
  facet normal -0 0 1
    outer loop
      vertex 33.8256 33.1667 35
      vertex 34.001 29.5968 35
      vertex 34.001 33.4032 35
    endloop
  endfacet
  facet normal 0 0 1
    outer loop
      vertex 33.8256 33.1667 35
      vertex 33.8256 29.8333 35
      vertex 34.001 29.5968 35
    endloop
  endfacet
  facet normal -0 0 1
    outer loop
      vertex 33.6742 32.9142 35
      vertex 33.8256 29.8333 35
      vertex 33.8256 33.1667 35
    endloop
  endfacet
  facet normal 0 0 1
    outer loop
      vertex 33.6742 32.9142 35
      vertex 33.6742 30.0858 35
      vertex 33.8256 29.8333 35
    endloop
  endfacet
  facet normal -0 0 1
    outer loop
      vertex 33.5484 32.648 35
      vertex 33.6742 30.0858 35
      vertex 33.6742 32.9142 35
    endloop
  endfacet
  facet normal 0 0 1
    outer loop
      vertex 33.5484 32.648 35
      vertex 33.5484 30.3519 35
      vertex 33.6742 30.0858 35
    endloop
  endfacet
  facet normal -0 0 1
    outer loop
      vertex 33.4492 32.3709 35
      vertex 33.5484 30.3519 35
      vertex 33.5484 32.648 35
    endloop
  endfacet
  facet normal 0 0 1
    outer loop
      vertex 33.4492 32.3709 35
      vertex 33.4492 30.6291 35
      vertex 33.5484 30.3519 35
    endloop
  endfacet
  facet normal -0 0 1
    outer loop
      vertex 33.3776 32.0853 35
      vertex 33.4492 30.6291 35
      vertex 33.4492 32.3709 35
    endloop
  endfacet
  facet normal 0 0 1
    outer loop
      vertex 33.3776 32.0853 35
      vertex 33.3776 30.9147 35
      vertex 33.4492 30.6291 35
    endloop
  endfacet
  facet normal -0 0 1
    outer loop
      vertex 33.3344 31.7941 35
      vertex 33.3776 30.9147 35
      vertex 33.3776 32.0853 35
    endloop
  endfacet
  facet normal 0 0 1
    outer loop
      vertex 33.3344 31.7941 35
      vertex 33.3344 31.2059 35
      vertex 33.3776 30.9147 35
    endloop
  endfacet
  facet normal 0 -0 1
    outer loop
      vertex 33.3344 31.2059 35
      vertex 33.3344 31.7941 35
      vertex 33.32 31.5 35
    endloop
  endfacet
  facet normal 0.941488 -0.337047 0
    outer loop
      vertex 33.4492 32.3709 55
      vertex 33.5484 32.648 35
      vertex 33.5484 32.648 55
    endloop
  endfacet
  facet normal 0.941488 -0.337047 0
    outer loop
      vertex 33.5484 32.648 35
      vertex 33.4492 32.3709 55
      vertex 33.4492 32.3709 35
    endloop
  endfacet
  facet normal 0.998803 -0.0489044 0
    outer loop
      vertex 33.32 31.5 55
      vertex 33.3344 31.7941 35
      vertex 33.3344 31.7941 55
    endloop
  endfacet
  facet normal 0.998803 -0.0489044 0
    outer loop
      vertex 33.3344 31.7941 35
      vertex 33.32 31.5 55
      vertex 33.32 31.5 35
    endloop
  endfacet
  facet normal 0.595699 -0.803208 0
    outer loop
      vertex 34.4168 33.819 35
      vertex 34.6533 33.9944 55
      vertex 34.4168 33.819 55
    endloop
  endfacet
  facet normal 0.595699 -0.803208 0
    outer loop
      vertex 34.6533 33.9944 55
      vertex 34.4168 33.819 35
      vertex 34.6533 33.9944 35
    endloop
  endfacet
  facet normal 0.671607 -0.740908 0
    outer loop
      vertex 34.1987 33.6213 35
      vertex 34.4168 33.819 55
      vertex 34.1987 33.6213 55
    endloop
  endfacet
  facet normal 0.671607 -0.740908 0
    outer loop
      vertex 34.4168 33.819 55
      vertex 34.1987 33.6213 35
      vertex 34.4168 33.819 35
    endloop
  endfacet
  facet normal 0.146746 -0.989174 0
    outer loop
      vertex 35.7347 34.4424 35
      vertex 36.0259 34.4856 55
      vertex 35.7347 34.4424 55
    endloop
  endfacet
  facet normal 0.146746 -0.989174 0
    outer loop
      vertex 36.0259 34.4856 55
      vertex 35.7347 34.4424 35
      vertex 36.0259 34.4856 35
    endloop
  endfacet
  facet normal -0.146746 0.989174 0
    outer loop
      vertex 36.9053 28.5576 35
      vertex 36.6141 28.5144 55
      vertex 36.9053 28.5576 55
    endloop
  endfacet
  facet normal -0.146746 0.989174 0
    outer loop
      vertex 36.6141 28.5144 55
      vertex 36.9053 28.5576 35
      vertex 36.6141 28.5144 35
    endloop
  endfacet
  facet normal -0.514246 0.857643 0
    outer loop
      vertex 37.9867 29.0056 35
      vertex 37.7342 28.8542 55
      vertex 37.9867 29.0056 55
    endloop
  endfacet
  facet normal -0.514246 0.857643 0
    outer loop
      vertex 37.7342 28.8542 55
      vertex 37.9867 29.0056 35
      vertex 37.7342 28.8542 35
    endloop
  endfacet
  facet normal -0.671607 0.740908 0
    outer loop
      vertex 38.4413 29.3787 35
      vertex 38.2232 29.181 55
      vertex 38.4413 29.3787 55
    endloop
  endfacet
  facet normal -0.671607 0.740908 0
    outer loop
      vertex 38.2232 29.181 55
      vertex 38.4413 29.3787 35
      vertex 38.2232 29.181 35
    endloop
  endfacet
  facet normal -0.803208 0.595699 0
    outer loop
      vertex 38.639 29.5968 35
      vertex 38.8144 29.8333 55
      vertex 38.8144 29.8333 35
    endloop
  endfacet
  facet normal -0.803208 0.595699 0
    outer loop
      vertex 38.8144 29.8333 55
      vertex 38.639 29.5968 35
      vertex 38.639 29.5968 55
    endloop
  endfacet
  facet normal -0.857643 0.514246 0
    outer loop
      vertex 38.8144 29.8333 35
      vertex 38.9658 30.0858 55
      vertex 38.9658 30.0858 35
    endloop
  endfacet
  facet normal -0.857643 0.514246 0
    outer loop
      vertex 38.9658 30.0858 55
      vertex 38.8144 29.8333 35
      vertex 38.8144 29.8333 55
    endloop
  endfacet
  facet normal 0.595699 0.803208 -0
    outer loop
      vertex 34.6533 29.0056 35
      vertex 34.4168 29.181 55
      vertex 34.6533 29.0056 55
    endloop
  endfacet
  facet normal 0.595699 0.803208 0
    outer loop
      vertex 34.4168 29.181 55
      vertex 34.6533 29.0056 35
      vertex 34.4168 29.181 35
    endloop
  endfacet
  facet normal 0.514246 0.857643 -0
    outer loop
      vertex 34.9058 28.8542 35
      vertex 34.6533 29.0056 55
      vertex 34.9058 28.8542 55
    endloop
  endfacet
  facet normal 0.514246 0.857643 0
    outer loop
      vertex 34.6533 29.0056 55
      vertex 34.9058 28.8542 35
      vertex 34.6533 29.0056 35
    endloop
  endfacet
  facet normal 0.427269 0.904125 -0
    outer loop
      vertex 35.172 28.7284 35
      vertex 34.9058 28.8542 55
      vertex 35.172 28.7284 55
    endloop
  endfacet
  facet normal 0.427269 0.904125 0
    outer loop
      vertex 34.9058 28.8542 55
      vertex 35.172 28.7284 35
      vertex 34.9058 28.8542 35
    endloop
  endfacet
  facet normal 0.0489044 0.998803 -0
    outer loop
      vertex 36.32 28.5 35
      vertex 36.0259 28.5144 55
      vertex 36.32 28.5 55
    endloop
  endfacet
  facet normal 0.0489044 0.998803 0
    outer loop
      vertex 36.0259 28.5144 55
      vertex 36.32 28.5 35
      vertex 36.0259 28.5144 35
    endloop
  endfacet
  facet normal 0.857643 0.514246 0
    outer loop
      vertex 33.8256 29.8333 55
      vertex 33.6742 30.0858 35
      vertex 33.6742 30.0858 55
    endloop
  endfacet
  facet normal 0.857643 0.514246 0
    outer loop
      vertex 33.6742 30.0858 35
      vertex 33.8256 29.8333 55
      vertex 33.8256 29.8333 35
    endloop
  endfacet
  facet normal 0.989174 0.146746 0
    outer loop
      vertex 33.3776 30.9147 55
      vertex 33.3344 31.2059 35
      vertex 33.3344 31.2059 55
    endloop
  endfacet
  facet normal 0.989174 0.146746 0
    outer loop
      vertex 33.3344 31.2059 35
      vertex 33.3776 30.9147 55
      vertex 33.3776 30.9147 35
    endloop
  endfacet
  facet normal 0.803208 -0.595699 0
    outer loop
      vertex 33.8256 33.1667 55
      vertex 34.001 33.4032 35
      vertex 34.001 33.4032 55
    endloop
  endfacet
  facet normal 0.803208 -0.595699 0
    outer loop
      vertex 34.001 33.4032 35
      vertex 33.8256 33.1667 55
      vertex 33.8256 33.1667 35
    endloop
  endfacet
  facet normal 0.969982 -0.243175 0
    outer loop
      vertex 33.3776 32.0853 55
      vertex 33.4492 32.3709 35
      vertex 33.4492 32.3709 55
    endloop
  endfacet
  facet normal 0.969982 -0.243175 0
    outer loop
      vertex 33.4492 32.3709 35
      vertex 33.3776 32.0853 55
      vertex 33.3776 32.0853 35
    endloop
  endfacet
  facet normal 0.998803 0.0489044 0
    outer loop
      vertex 33.3344 31.2059 55
      vertex 33.32 31.5 35
      vertex 33.32 31.5 55
    endloop
  endfacet
  facet normal 0.998803 0.0489044 0
    outer loop
      vertex 33.32 31.5 35
      vertex 33.3344 31.2059 55
      vertex 33.3344 31.2059 35
    endloop
  endfacet
  facet normal 0.514246 -0.857643 0
    outer loop
      vertex 34.6533 33.9944 35
      vertex 34.9058 34.1458 55
      vertex 34.6533 33.9944 55
    endloop
  endfacet
  facet normal 0.514246 -0.857643 0
    outer loop
      vertex 34.9058 34.1458 55
      vertex 34.6533 33.9944 35
      vertex 34.9058 34.1458 35
    endloop
  endfacet
  facet normal 0.337047 -0.941488 0
    outer loop
      vertex 35.172 34.2716 35
      vertex 35.4491 34.3708 55
      vertex 35.172 34.2716 55
    endloop
  endfacet
  facet normal 0.337047 -0.941488 0
    outer loop
      vertex 35.4491 34.3708 55
      vertex 35.172 34.2716 35
      vertex 35.4491 34.3708 35
    endloop
  endfacet
  facet normal -0.243175 0.969982 0
    outer loop
      vertex 37.1909 28.6292 35
      vertex 36.9053 28.5576 55
      vertex 37.1909 28.6292 55
    endloop
  endfacet
  facet normal -0.243175 0.969982 0
    outer loop
      vertex 36.9053 28.5576 55
      vertex 37.1909 28.6292 35
      vertex 36.9053 28.5576 35
    endloop
  endfacet
  facet normal -0.427269 0.904125 0
    outer loop
      vertex 37.7342 28.8542 35
      vertex 37.468 28.7284 55
      vertex 37.7342 28.8542 55
    endloop
  endfacet
  facet normal -0.427269 0.904125 0
    outer loop
      vertex 37.468 28.7284 55
      vertex 37.7342 28.8542 35
      vertex 37.468 28.7284 35
    endloop
  endfacet
  facet normal -0.595699 0.803208 0
    outer loop
      vertex 38.2232 29.181 35
      vertex 37.9867 29.0056 55
      vertex 38.2232 29.181 55
    endloop
  endfacet
  facet normal -0.595699 0.803208 0
    outer loop
      vertex 37.9867 29.0056 55
      vertex 38.2232 29.181 35
      vertex 37.9867 29.0056 35
    endloop
  endfacet
  facet normal -0.941527 0.336939 0
    outer loop
      vertex 39.0916 30.3519 35
      vertex 39.1908 30.6291 55
      vertex 39.1908 30.6291 35
    endloop
  endfacet
  facet normal -0.941527 0.336939 0
    outer loop
      vertex 39.1908 30.6291 55
      vertex 39.0916 30.3519 35
      vertex 39.0916 30.3519 55
    endloop
  endfacet
  facet normal -0.989174 0.146746 0
    outer loop
      vertex 39.2624 30.9147 35
      vertex 39.3056 31.2059 55
      vertex 39.3056 31.2059 35
    endloop
  endfacet
  facet normal -0.989174 0.146746 0
    outer loop
      vertex 39.3056 31.2059 55
      vertex 39.2624 30.9147 35
      vertex 39.2624 30.9147 55
    endloop
  endfacet
  facet normal 0.337047 0.941488 -0
    outer loop
      vertex 35.4491 28.6292 35
      vertex 35.172 28.7284 55
      vertex 35.4491 28.6292 55
    endloop
  endfacet
  facet normal 0.337047 0.941488 0
    outer loop
      vertex 35.172 28.7284 55
      vertex 35.4491 28.6292 35
      vertex 35.172 28.7284 35
    endloop
  endfacet
  facet normal 0.146746 0.989174 -0
    outer loop
      vertex 36.0259 28.5144 35
      vertex 35.7347 28.5576 55
      vertex 36.0259 28.5144 55
    endloop
  endfacet
  facet normal 0.146746 0.989174 0
    outer loop
      vertex 35.7347 28.5576 55
      vertex 36.0259 28.5144 35
      vertex 35.7347 28.5576 35
    endloop
  endfacet
  facet normal 0.671607 0.740908 -0
    outer loop
      vertex 34.4168 29.181 35
      vertex 34.1987 29.3787 55
      vertex 34.4168 29.181 55
    endloop
  endfacet
  facet normal 0.671607 0.740908 0
    outer loop
      vertex 34.1987 29.3787 55
      vertex 34.4168 29.181 35
      vertex 34.1987 29.3787 35
    endloop
  endfacet
  facet normal 0.803208 0.595699 0
    outer loop
      vertex 34.001 29.5968 55
      vertex 33.8256 29.8333 35
      vertex 33.8256 29.8333 55
    endloop
  endfacet
  facet normal 0.803208 0.595699 0
    outer loop
      vertex 33.8256 29.8333 35
      vertex 34.001 29.5968 55
      vertex 34.001 29.5968 35
    endloop
  endfacet
  facet normal 0.904063 0.4274 0
    outer loop
      vertex 33.6742 30.0858 55
      vertex 33.5484 30.3519 35
      vertex 33.5484 30.3519 55
    endloop
  endfacet
  facet normal 0.904063 0.4274 0
    outer loop
      vertex 33.5484 30.3519 35
      vertex 33.6742 30.0858 55
      vertex 33.6742 30.0858 35
    endloop
  endfacet
  facet normal 0.969982 0.243175 0
    outer loop
      vertex 33.4492 30.6291 55
      vertex 33.3776 30.9147 35
      vertex 33.3776 30.9147 55
    endloop
  endfacet
  facet normal 0.969982 0.243175 0
    outer loop
      vertex 33.3776 30.9147 35
      vertex 33.4492 30.6291 55
      vertex 33.4492 30.6291 35
    endloop
  endfacet
  facet normal -0.998803 0.0489044 0
    outer loop
      vertex 39.3056 31.2059 35
      vertex 39.32 31.5 55
      vertex 39.32 31.5 35
    endloop
  endfacet
  facet normal -0.998803 0.0489044 0
    outer loop
      vertex 39.32 31.5 55
      vertex 39.3056 31.2059 35
      vertex 39.3056 31.2059 55
    endloop
  endfacet
  facet normal -0.998803 -0.0489209 0
    outer loop
      vertex 39.32 51.06 35
      vertex 39.3056 51.354 55
      vertex 39.3056 51.354 35
    endloop
  endfacet
  facet normal -0.998803 -0.0489209 0
    outer loop
      vertex 39.3056 51.354 55
      vertex 39.32 51.06 35
      vertex 39.32 51.06 55
    endloop
  endfacet
  facet normal 0.0489044 -0.998803 0
    outer loop
      vertex 36.0259 54.0456 35
      vertex 36.32 54.06 55
      vertex 36.0259 54.0456 55
    endloop
  endfacet
  facet normal 0.0489044 -0.998803 0
    outer loop
      vertex 36.32 54.06 55
      vertex 36.0259 54.0456 35
      vertex 36.32 54.06 35
    endloop
  endfacet
  facet normal -0.671607 -0.740908 0
    outer loop
      vertex 38.2232 53.379 35
      vertex 38.4413 53.1813 55
      vertex 38.2232 53.379 55
    endloop
  endfacet
  facet normal -0.671607 -0.740908 -0
    outer loop
      vertex 38.4413 53.1813 55
      vertex 38.2232 53.379 35
      vertex 38.4413 53.1813 35
    endloop
  endfacet
  facet normal 0.740908 -0.671607 0
    outer loop
      vertex 34.001 52.9632 55
      vertex 34.1987 53.1813 35
      vertex 34.1987 53.1813 55
    endloop
  endfacet
  facet normal 0.740908 -0.671607 0
    outer loop
      vertex 34.1987 53.1813 35
      vertex 34.001 52.9632 55
      vertex 34.001 52.9632 35
    endloop
  endfacet
  facet normal 0.427269 -0.904125 0
    outer loop
      vertex 34.9058 53.7058 35
      vertex 35.172 53.8316 55
      vertex 34.9058 53.7058 55
    endloop
  endfacet
  facet normal 0.427269 -0.904125 0
    outer loop
      vertex 35.172 53.8316 55
      vertex 34.9058 53.7058 35
      vertex 35.172 53.8316 35
    endloop
  endfacet
  facet normal -0.904125 -0.427269 0
    outer loop
      vertex 39.0916 52.208 35
      vertex 38.9658 52.4742 55
      vertex 38.9658 52.4742 35
    endloop
  endfacet
  facet normal -0.904125 -0.427269 0
    outer loop
      vertex 38.9658 52.4742 55
      vertex 39.0916 52.208 35
      vertex 39.0916 52.208 55
    endloop
  endfacet
  facet normal -0.337047 -0.941488 0
    outer loop
      vertex 37.1909 53.9308 35
      vertex 37.468 53.8316 55
      vertex 37.1909 53.9308 55
    endloop
  endfacet
  facet normal -0.337047 -0.941488 -0
    outer loop
      vertex 37.468 53.8316 55
      vertex 37.1909 53.9308 35
      vertex 37.468 53.8316 35
    endloop
  endfacet
  facet normal 0.904125 -0.427269 0
    outer loop
      vertex 33.5484 52.208 55
      vertex 33.6742 52.4742 35
      vertex 33.6742 52.4742 55
    endloop
  endfacet
  facet normal 0.904125 -0.427269 0
    outer loop
      vertex 33.6742 52.4742 35
      vertex 33.5484 52.208 55
      vertex 33.5484 52.208 35
    endloop
  endfacet
  facet normal 0.857643 -0.514246 0
    outer loop
      vertex 33.6742 52.4742 55
      vertex 33.8256 52.7267 35
      vertex 33.8256 52.7267 55
    endloop
  endfacet
  facet normal 0.857643 -0.514246 0
    outer loop
      vertex 33.8256 52.7267 35
      vertex 33.6742 52.4742 55
      vertex 33.6742 52.4742 35
    endloop
  endfacet
  facet normal 0.998803 0.0489044 0
    outer loop
      vertex 33.3344 50.7659 55
      vertex 33.32 51.06 35
      vertex 33.32 51.06 55
    endloop
  endfacet
  facet normal 0.998803 0.0489044 0
    outer loop
      vertex 33.32 51.06 35
      vertex 33.3344 50.7659 55
      vertex 33.3344 50.7659 35
    endloop
  endfacet
  facet normal -0.146746 0.989174 0
    outer loop
      vertex 36.9053 48.1176 35
      vertex 36.6141 48.0744 55
      vertex 36.9053 48.1176 55
    endloop
  endfacet
  facet normal -0.146746 0.989174 0
    outer loop
      vertex 36.6141 48.0744 55
      vertex 36.9053 48.1176 35
      vertex 36.6141 48.0744 35
    endloop
  endfacet
  facet normal -0.969982 -0.243175 0
    outer loop
      vertex 39.2624 51.6453 35
      vertex 39.1908 51.9309 55
      vertex 39.1908 51.9309 35
    endloop
  endfacet
  facet normal -0.969982 -0.243175 0
    outer loop
      vertex 39.1908 51.9309 55
      vertex 39.2624 51.6453 35
      vertex 39.2624 51.6453 55
    endloop
  endfacet
  facet normal -0.989182 -0.146696 0
    outer loop
      vertex 39.3056 51.354 35
      vertex 39.2624 51.6453 55
      vertex 39.2624 51.6453 35
    endloop
  endfacet
  facet normal -0.989182 -0.146696 0
    outer loop
      vertex 39.2624 51.6453 55
      vertex 39.3056 51.354 35
      vertex 39.3056 51.354 55
    endloop
  endfacet
  facet normal -0.941488 -0.337047 0
    outer loop
      vertex 39.1908 51.9309 35
      vertex 39.0916 52.208 55
      vertex 39.0916 52.208 35
    endloop
  endfacet
  facet normal -0.941488 -0.337047 0
    outer loop
      vertex 39.0916 52.208 55
      vertex 39.1908 51.9309 35
      vertex 39.1908 51.9309 55
    endloop
  endfacet
  facet normal -0.803208 -0.595699 0
    outer loop
      vertex 38.8144 52.7267 35
      vertex 38.639 52.9632 55
      vertex 38.639 52.9632 35
    endloop
  endfacet
  facet normal -0.803208 -0.595699 0
    outer loop
      vertex 38.639 52.9632 55
      vertex 38.8144 52.7267 35
      vertex 38.8144 52.7267 55
    endloop
  endfacet
  facet normal -0.740908 -0.671607 0
    outer loop
      vertex 38.639 52.9632 35
      vertex 38.4413 53.1813 55
      vertex 38.4413 53.1813 35
    endloop
  endfacet
  facet normal -0.740908 -0.671607 0
    outer loop
      vertex 38.4413 53.1813 55
      vertex 38.639 52.9632 35
      vertex 38.639 52.9632 55
    endloop
  endfacet
  facet normal -0.857643 -0.514246 0
    outer loop
      vertex 38.9658 52.4742 35
      vertex 38.8144 52.7267 55
      vertex 38.8144 52.7267 35
    endloop
  endfacet
  facet normal -0.857643 -0.514246 0
    outer loop
      vertex 38.8144 52.7267 55
      vertex 38.9658 52.4742 35
      vertex 38.9658 52.4742 55
    endloop
  endfacet
  facet normal -0.146746 -0.989174 0
    outer loop
      vertex 36.6141 54.0456 35
      vertex 36.9053 54.0024 55
      vertex 36.6141 54.0456 55
    endloop
  endfacet
  facet normal -0.146746 -0.989174 -0
    outer loop
      vertex 36.9053 54.0024 55
      vertex 36.6141 54.0456 35
      vertex 36.9053 54.0024 35
    endloop
  endfacet
  facet normal -0.0489044 -0.998803 0
    outer loop
      vertex 36.32 54.06 35
      vertex 36.6141 54.0456 55
      vertex 36.32 54.06 55
    endloop
  endfacet
  facet normal -0.0489044 -0.998803 -0
    outer loop
      vertex 36.6141 54.0456 55
      vertex 36.32 54.06 35
      vertex 36.6141 54.0456 35
    endloop
  endfacet
  facet normal -0.595699 -0.803208 0
    outer loop
      vertex 37.9867 53.5544 35
      vertex 38.2232 53.379 55
      vertex 37.9867 53.5544 55
    endloop
  endfacet
  facet normal -0.595699 -0.803208 -0
    outer loop
      vertex 38.2232 53.379 55
      vertex 37.9867 53.5544 35
      vertex 38.2232 53.379 35
    endloop
  endfacet
  facet normal -0.514246 -0.857643 0
    outer loop
      vertex 37.7342 53.7058 35
      vertex 37.9867 53.5544 55
      vertex 37.7342 53.7058 55
    endloop
  endfacet
  facet normal -0.514246 -0.857643 -0
    outer loop
      vertex 37.9867 53.5544 55
      vertex 37.7342 53.7058 35
      vertex 37.9867 53.5544 35
    endloop
  endfacet
  facet normal 0 0 1
    outer loop
      vertex 39.3056 51.354 35
      vertex 39.3056 50.7659 35
      vertex 39.32 51.06 35
    endloop
  endfacet
  facet normal 0 0 1
    outer loop
      vertex 39.2624 51.6453 35
      vertex 39.3056 50.7659 35
      vertex 39.3056 51.354 35
    endloop
  endfacet
  facet normal 0 0 1
    outer loop
      vertex 39.2624 51.6453 35
      vertex 39.2624 50.4747 35
      vertex 39.3056 50.7659 35
    endloop
  endfacet
  facet normal 0 0 1
    outer loop
      vertex 39.1908 51.9309 35
      vertex 39.2624 50.4747 35
      vertex 39.2624 51.6453 35
    endloop
  endfacet
  facet normal 0 0 1
    outer loop
      vertex 39.1908 51.9309 35
      vertex 39.1908 50.1891 35
      vertex 39.2624 50.4747 35
    endloop
  endfacet
  facet normal 0 0 1
    outer loop
      vertex 39.0916 52.208 35
      vertex 39.1908 50.1891 35
      vertex 39.1908 51.9309 35
    endloop
  endfacet
  facet normal 0 0 1
    outer loop
      vertex 39.0916 52.208 35
      vertex 39.0916 49.9119 35
      vertex 39.1908 50.1891 35
    endloop
  endfacet
  facet normal 0 0 1
    outer loop
      vertex 38.9658 52.4742 35
      vertex 39.0916 49.9119 35
      vertex 39.0916 52.208 35
    endloop
  endfacet
  facet normal 0 0 1
    outer loop
      vertex 38.9658 52.4742 35
      vertex 38.9658 49.6458 35
      vertex 39.0916 49.9119 35
    endloop
  endfacet
  facet normal 0 0 1
    outer loop
      vertex 38.8144 52.7267 35
      vertex 38.9658 49.6458 35
      vertex 38.9658 52.4742 35
    endloop
  endfacet
  facet normal 0 0 1
    outer loop
      vertex 38.8144 52.7267 35
      vertex 38.8144 49.3933 35
      vertex 38.9658 49.6458 35
    endloop
  endfacet
  facet normal 0 0 1
    outer loop
      vertex 38.639 52.9632 35
      vertex 38.8144 49.3933 35
      vertex 38.8144 52.7267 35
    endloop
  endfacet
  facet normal 0 0 1
    outer loop
      vertex 38.639 52.9632 35
      vertex 38.639 49.1568 35
      vertex 38.8144 49.3933 35
    endloop
  endfacet
  facet normal 0 0 1
    outer loop
      vertex 38.4413 53.1813 35
      vertex 38.639 49.1568 35
      vertex 38.639 52.9632 35
    endloop
  endfacet
  facet normal 0 0 1
    outer loop
      vertex 38.4413 53.1813 35
      vertex 38.4413 48.9387 35
      vertex 38.639 49.1568 35
    endloop
  endfacet
  facet normal 0 0 1
    outer loop
      vertex 38.2232 53.379 35
      vertex 38.4413 48.9387 35
      vertex 38.4413 53.1813 35
    endloop
  endfacet
  facet normal 0 0 1
    outer loop
      vertex 38.2232 53.379 35
      vertex 38.2232 48.741 35
      vertex 38.4413 48.9387 35
    endloop
  endfacet
  facet normal 0 0 1
    outer loop
      vertex 37.9867 53.5544 35
      vertex 38.2232 48.741 35
      vertex 38.2232 53.379 35
    endloop
  endfacet
  facet normal 0 0 1
    outer loop
      vertex 37.9867 53.5544 35
      vertex 37.9867 48.5656 35
      vertex 38.2232 48.741 35
    endloop
  endfacet
  facet normal 0 0 1
    outer loop
      vertex 37.7342 53.7058 35
      vertex 37.9867 48.5656 35
      vertex 37.9867 53.5544 35
    endloop
  endfacet
  facet normal 0 0 1
    outer loop
      vertex 37.7342 53.7058 35
      vertex 37.7342 48.4142 35
      vertex 37.9867 48.5656 35
    endloop
  endfacet
  facet normal 0 0 1
    outer loop
      vertex 37.468 53.8316 35
      vertex 37.7342 48.4142 35
      vertex 37.7342 53.7058 35
    endloop
  endfacet
  facet normal 0 0 1
    outer loop
      vertex 37.468 53.8316 35
      vertex 37.468 48.2884 35
      vertex 37.7342 48.4142 35
    endloop
  endfacet
  facet normal 0 0 1
    outer loop
      vertex 37.1909 53.9308 35
      vertex 37.468 48.2884 35
      vertex 37.468 53.8316 35
    endloop
  endfacet
  facet normal 0 0 1
    outer loop
      vertex 37.1909 53.9308 35
      vertex 37.1909 48.1892 35
      vertex 37.468 48.2884 35
    endloop
  endfacet
  facet normal 0 0 1
    outer loop
      vertex 36.9053 54.0024 35
      vertex 37.1909 48.1892 35
      vertex 37.1909 53.9308 35
    endloop
  endfacet
  facet normal 0 0 1
    outer loop
      vertex 36.9053 54.0024 35
      vertex 36.9053 48.1176 35
      vertex 37.1909 48.1892 35
    endloop
  endfacet
  facet normal 0 0 1
    outer loop
      vertex 36.6141 54.0456 35
      vertex 36.9053 48.1176 35
      vertex 36.9053 54.0024 35
    endloop
  endfacet
  facet normal 0 0 1
    outer loop
      vertex 36.6141 54.0456 35
      vertex 36.6141 48.0744 35
      vertex 36.9053 48.1176 35
    endloop
  endfacet
  facet normal 0 0 1
    outer loop
      vertex 36.32 54.06 35
      vertex 36.6141 48.0744 35
      vertex 36.6141 54.0456 35
    endloop
  endfacet
  facet normal 0 0 1
    outer loop
      vertex 36.32 54.06 35
      vertex 36.32 48.06 35
      vertex 36.6141 48.0744 35
    endloop
  endfacet
  facet normal -0 0 1
    outer loop
      vertex 36.0259 54.0456 35
      vertex 36.32 48.06 35
      vertex 36.32 54.06 35
    endloop
  endfacet
  facet normal 0 0 1
    outer loop
      vertex 36.0259 54.0456 35
      vertex 36.0259 48.0744 35
      vertex 36.32 48.06 35
    endloop
  endfacet
  facet normal -0 0 1
    outer loop
      vertex 35.7347 54.0024 35
      vertex 36.0259 48.0744 35
      vertex 36.0259 54.0456 35
    endloop
  endfacet
  facet normal 0 0 1
    outer loop
      vertex 35.7347 54.0024 35
      vertex 35.7347 48.1176 35
      vertex 36.0259 48.0744 35
    endloop
  endfacet
  facet normal -0 0 1
    outer loop
      vertex 35.4491 53.9308 35
      vertex 35.7347 48.1176 35
      vertex 35.7347 54.0024 35
    endloop
  endfacet
  facet normal 0 0 1
    outer loop
      vertex 35.4491 53.9308 35
      vertex 35.4491 48.1892 35
      vertex 35.7347 48.1176 35
    endloop
  endfacet
  facet normal -0 0 1
    outer loop
      vertex 35.172 53.8316 35
      vertex 35.4491 48.1892 35
      vertex 35.4491 53.9308 35
    endloop
  endfacet
  facet normal 0 0 1
    outer loop
      vertex 35.172 53.8316 35
      vertex 35.172 48.2884 35
      vertex 35.4491 48.1892 35
    endloop
  endfacet
  facet normal -0 0 1
    outer loop
      vertex 34.9058 53.7058 35
      vertex 35.172 48.2884 35
      vertex 35.172 53.8316 35
    endloop
  endfacet
  facet normal 0 0 1
    outer loop
      vertex 34.9058 53.7058 35
      vertex 34.9058 48.4142 35
      vertex 35.172 48.2884 35
    endloop
  endfacet
  facet normal -0 0 1
    outer loop
      vertex 34.6533 53.5544 35
      vertex 34.9058 48.4142 35
      vertex 34.9058 53.7058 35
    endloop
  endfacet
  facet normal 0 0 1
    outer loop
      vertex 34.6533 53.5544 35
      vertex 34.6533 48.5656 35
      vertex 34.9058 48.4142 35
    endloop
  endfacet
  facet normal -0 0 1
    outer loop
      vertex 34.4168 53.379 35
      vertex 34.6533 48.5656 35
      vertex 34.6533 53.5544 35
    endloop
  endfacet
  facet normal 0 0 1
    outer loop
      vertex 34.4168 53.379 35
      vertex 34.4168 48.741 35
      vertex 34.6533 48.5656 35
    endloop
  endfacet
  facet normal -0 0 1
    outer loop
      vertex 34.1987 53.1813 35
      vertex 34.4168 48.741 35
      vertex 34.4168 53.379 35
    endloop
  endfacet
  facet normal 0 0 1
    outer loop
      vertex 34.1987 53.1813 35
      vertex 34.1987 48.9387 35
      vertex 34.4168 48.741 35
    endloop
  endfacet
  facet normal -0 0 1
    outer loop
      vertex 34.001 52.9632 35
      vertex 34.1987 48.9387 35
      vertex 34.1987 53.1813 35
    endloop
  endfacet
  facet normal 0 0 1
    outer loop
      vertex 34.001 52.9632 35
      vertex 34.001 49.1568 35
      vertex 34.1987 48.9387 35
    endloop
  endfacet
  facet normal -0 0 1
    outer loop
      vertex 33.8256 52.7267 35
      vertex 34.001 49.1568 35
      vertex 34.001 52.9632 35
    endloop
  endfacet
  facet normal 0 0 1
    outer loop
      vertex 33.8256 52.7267 35
      vertex 33.8256 49.3933 35
      vertex 34.001 49.1568 35
    endloop
  endfacet
  facet normal -0 0 1
    outer loop
      vertex 33.6742 52.4742 35
      vertex 33.8256 49.3933 35
      vertex 33.8256 52.7267 35
    endloop
  endfacet
  facet normal 0 0 1
    outer loop
      vertex 33.6742 52.4742 35
      vertex 33.6742 49.6458 35
      vertex 33.8256 49.3933 35
    endloop
  endfacet
  facet normal -0 0 1
    outer loop
      vertex 33.5484 52.208 35
      vertex 33.6742 49.6458 35
      vertex 33.6742 52.4742 35
    endloop
  endfacet
  facet normal 0 0 1
    outer loop
      vertex 33.5484 52.208 35
      vertex 33.5484 49.9119 35
      vertex 33.6742 49.6458 35
    endloop
  endfacet
  facet normal -0 0 1
    outer loop
      vertex 33.4492 51.9309 35
      vertex 33.5484 49.9119 35
      vertex 33.5484 52.208 35
    endloop
  endfacet
  facet normal 0 0 1
    outer loop
      vertex 33.4492 51.9309 35
      vertex 33.4492 50.1891 35
      vertex 33.5484 49.9119 35
    endloop
  endfacet
  facet normal -0 0 1
    outer loop
      vertex 33.3776 51.6453 35
      vertex 33.4492 50.1891 35
      vertex 33.4492 51.9309 35
    endloop
  endfacet
  facet normal 0 0 1
    outer loop
      vertex 33.3776 51.6453 35
      vertex 33.3776 50.4747 35
      vertex 33.4492 50.1891 35
    endloop
  endfacet
  facet normal -0 0 1
    outer loop
      vertex 33.3344 51.354 35
      vertex 33.3776 50.4747 35
      vertex 33.3776 51.6453 35
    endloop
  endfacet
  facet normal 0 0 1
    outer loop
      vertex 33.3344 51.354 35
      vertex 33.3344 50.7659 35
      vertex 33.3776 50.4747 35
    endloop
  endfacet
  facet normal 0 -0 1
    outer loop
      vertex 33.3344 50.7659 35
      vertex 33.3344 51.354 35
      vertex 33.32 51.06 35
    endloop
  endfacet
  facet normal 0.941488 -0.337047 0
    outer loop
      vertex 33.4492 51.9309 55
      vertex 33.5484 52.208 35
      vertex 33.5484 52.208 55
    endloop
  endfacet
  facet normal 0.941488 -0.337047 0
    outer loop
      vertex 33.5484 52.208 35
      vertex 33.4492 51.9309 55
      vertex 33.4492 51.9309 35
    endloop
  endfacet
  facet normal 0.989182 -0.146696 0
    outer loop
      vertex 33.3344 51.354 55
      vertex 33.3776 51.6453 35
      vertex 33.3776 51.6453 55
    endloop
  endfacet
  facet normal 0.989182 -0.146696 0
    outer loop
      vertex 33.3776 51.6453 35
      vertex 33.3344 51.354 55
      vertex 33.3344 51.354 35
    endloop
  endfacet
  facet normal 0.595699 -0.803208 0
    outer loop
      vertex 34.4168 53.379 35
      vertex 34.6533 53.5544 55
      vertex 34.4168 53.379 55
    endloop
  endfacet
  facet normal 0.595699 -0.803208 0
    outer loop
      vertex 34.6533 53.5544 55
      vertex 34.4168 53.379 35
      vertex 34.6533 53.5544 35
    endloop
  endfacet
  facet normal 0.146746 -0.989174 0
    outer loop
      vertex 35.7347 54.0024 35
      vertex 36.0259 54.0456 55
      vertex 35.7347 54.0024 55
    endloop
  endfacet
  facet normal 0.146746 -0.989174 0
    outer loop
      vertex 36.0259 54.0456 55
      vertex 35.7347 54.0024 35
      vertex 36.0259 54.0456 35
    endloop
  endfacet
  facet normal 0.243175 -0.969982 0
    outer loop
      vertex 35.4491 53.9308 35
      vertex 35.7347 54.0024 55
      vertex 35.4491 53.9308 55
    endloop
  endfacet
  facet normal 0.243175 -0.969982 0
    outer loop
      vertex 35.7347 54.0024 55
      vertex 35.4491 53.9308 35
      vertex 35.7347 54.0024 35
    endloop
  endfacet
  facet normal -0.969982 0.243175 0
    outer loop
      vertex 39.1908 50.1891 35
      vertex 39.2624 50.4747 55
      vertex 39.2624 50.4747 35
    endloop
  endfacet
  facet normal -0.969982 0.243175 0
    outer loop
      vertex 39.2624 50.4747 55
      vertex 39.1908 50.1891 35
      vertex 39.1908 50.1891 55
    endloop
  endfacet
  facet normal -0.904063 0.4274 0
    outer loop
      vertex 38.9658 49.6458 35
      vertex 39.0916 49.9119 55
      vertex 39.0916 49.9119 35
    endloop
  endfacet
  facet normal -0.904063 0.4274 0
    outer loop
      vertex 39.0916 49.9119 55
      vertex 38.9658 49.6458 35
      vertex 38.9658 49.6458 55
    endloop
  endfacet
  facet normal -0.857643 0.514246 0
    outer loop
      vertex 38.8144 49.3933 35
      vertex 38.9658 49.6458 55
      vertex 38.9658 49.6458 35
    endloop
  endfacet
  facet normal -0.857643 0.514246 0
    outer loop
      vertex 38.9658 49.6458 55
      vertex 38.8144 49.3933 35
      vertex 38.8144 49.3933 55
    endloop
  endfacet
  facet normal 0.904063 0.4274 0
    outer loop
      vertex 33.6742 49.6458 55
      vertex 33.5484 49.9119 35
      vertex 33.5484 49.9119 55
    endloop
  endfacet
  facet normal 0.904063 0.4274 0
    outer loop
      vertex 33.5484 49.9119 35
      vertex 33.6742 49.6458 55
      vertex 33.6742 49.6458 35
    endloop
  endfacet
  facet normal -0.427269 0.904125 0
    outer loop
      vertex 37.7342 48.4142 35
      vertex 37.468 48.2884 55
      vertex 37.7342 48.4142 55
    endloop
  endfacet
  facet normal -0.427269 0.904125 0
    outer loop
      vertex 37.468 48.2884 55
      vertex 37.7342 48.4142 35
      vertex 37.468 48.2884 35
    endloop
  endfacet
  facet normal -0.243175 -0.969982 0
    outer loop
      vertex 36.9053 54.0024 35
      vertex 37.1909 53.9308 55
      vertex 36.9053 54.0024 55
    endloop
  endfacet
  facet normal -0.243175 -0.969982 -0
    outer loop
      vertex 37.1909 53.9308 55
      vertex 36.9053 54.0024 35
      vertex 37.1909 53.9308 35
    endloop
  endfacet
  facet normal -0.427269 -0.904125 0
    outer loop
      vertex 37.468 53.8316 35
      vertex 37.7342 53.7058 55
      vertex 37.468 53.8316 55
    endloop
  endfacet
  facet normal -0.427269 -0.904125 -0
    outer loop
      vertex 37.7342 53.7058 55
      vertex 37.468 53.8316 35
      vertex 37.7342 53.7058 35
    endloop
  endfacet
  facet normal 0.803208 -0.595699 0
    outer loop
      vertex 33.8256 52.7267 55
      vertex 34.001 52.9632 35
      vertex 34.001 52.9632 55
    endloop
  endfacet
  facet normal 0.803208 -0.595699 0
    outer loop
      vertex 34.001 52.9632 35
      vertex 33.8256 52.7267 55
      vertex 33.8256 52.7267 35
    endloop
  endfacet
  facet normal 0.998803 -0.0489209 0
    outer loop
      vertex 33.32 51.06 55
      vertex 33.3344 51.354 35
      vertex 33.3344 51.354 55
    endloop
  endfacet
  facet normal 0.998803 -0.0489209 0
    outer loop
      vertex 33.3344 51.354 35
      vertex 33.32 51.06 55
      vertex 33.32 51.06 35
    endloop
  endfacet
  facet normal 0.969982 -0.243175 0
    outer loop
      vertex 33.3776 51.6453 55
      vertex 33.4492 51.9309 35
      vertex 33.4492 51.9309 55
    endloop
  endfacet
  facet normal 0.969982 -0.243175 0
    outer loop
      vertex 33.4492 51.9309 35
      vertex 33.3776 51.6453 55
      vertex 33.3776 51.6453 35
    endloop
  endfacet
  facet normal 0.671607 -0.740908 0
    outer loop
      vertex 34.1987 53.1813 35
      vertex 34.4168 53.379 55
      vertex 34.1987 53.1813 55
    endloop
  endfacet
  facet normal 0.671607 -0.740908 0
    outer loop
      vertex 34.4168 53.379 55
      vertex 34.1987 53.1813 35
      vertex 34.4168 53.379 35
    endloop
  endfacet
  facet normal 0.514246 -0.857643 0
    outer loop
      vertex 34.6533 53.5544 35
      vertex 34.9058 53.7058 55
      vertex 34.6533 53.5544 55
    endloop
  endfacet
  facet normal 0.514246 -0.857643 0
    outer loop
      vertex 34.9058 53.7058 55
      vertex 34.6533 53.5544 35
      vertex 34.9058 53.7058 35
    endloop
  endfacet
  facet normal 0.337047 -0.941488 0
    outer loop
      vertex 35.172 53.8316 35
      vertex 35.4491 53.9308 55
      vertex 35.172 53.8316 55
    endloop
  endfacet
  facet normal 0.337047 -0.941488 0
    outer loop
      vertex 35.4491 53.9308 55
      vertex 35.172 53.8316 35
      vertex 35.4491 53.9308 35
    endloop
  endfacet
  facet normal -0.989174 0.146746 0
    outer loop
      vertex 39.2624 50.4747 35
      vertex 39.3056 50.7659 55
      vertex 39.3056 50.7659 35
    endloop
  endfacet
  facet normal -0.989174 0.146746 0
    outer loop
      vertex 39.3056 50.7659 55
      vertex 39.2624 50.4747 35
      vertex 39.2624 50.4747 55
    endloop
  endfacet
  facet normal -0.998803 0.0489044 0
    outer loop
      vertex 39.3056 50.7659 35
      vertex 39.32 51.06 55
      vertex 39.32 51.06 35
    endloop
  endfacet
  facet normal -0.998803 0.0489044 0
    outer loop
      vertex 39.32 51.06 55
      vertex 39.3056 50.7659 35
      vertex 39.3056 50.7659 55
    endloop
  endfacet
  facet normal -0.671607 0.740908 0
    outer loop
      vertex 38.4413 48.9387 35
      vertex 38.2232 48.741 55
      vertex 38.4413 48.9387 55
    endloop
  endfacet
  facet normal -0.671607 0.740908 0
    outer loop
      vertex 38.2232 48.741 55
      vertex 38.4413 48.9387 35
      vertex 38.2232 48.741 35
    endloop
  endfacet
  facet normal -0.0489044 0.998803 0
    outer loop
      vertex 36.6141 48.0744 35
      vertex 36.32 48.06 55
      vertex 36.6141 48.0744 55
    endloop
  endfacet
  facet normal -0.0489044 0.998803 0
    outer loop
      vertex 36.32 48.06 55
      vertex 36.6141 48.0744 35
      vertex 36.32 48.06 35
    endloop
  endfacet
  facet normal 0.337047 0.941488 -0
    outer loop
      vertex 35.4491 48.1892 35
      vertex 35.172 48.2884 55
      vertex 35.4491 48.1892 55
    endloop
  endfacet
  facet normal 0.337047 0.941488 0
    outer loop
      vertex 35.172 48.2884 55
      vertex 35.4491 48.1892 35
      vertex 35.172 48.2884 35
    endloop
  endfacet
  facet normal 0.740908 0.671607 0
    outer loop
      vertex 34.1987 48.9387 55
      vertex 34.001 49.1568 35
      vertex 34.001 49.1568 55
    endloop
  endfacet
  facet normal 0.740908 0.671607 0
    outer loop
      vertex 34.001 49.1568 35
      vertex 34.1987 48.9387 55
      vertex 34.1987 48.9387 35
    endloop
  endfacet
  facet normal 0.941527 0.336939 0
    outer loop
      vertex 33.5484 49.9119 55
      vertex 33.4492 50.1891 35
      vertex 33.4492 50.1891 55
    endloop
  endfacet
  facet normal 0.941527 0.336939 0
    outer loop
      vertex 33.4492 50.1891 35
      vertex 33.5484 49.9119 55
      vertex 33.5484 49.9119 35
    endloop
  endfacet
  facet normal -0.941527 0.336939 0
    outer loop
      vertex 39.0916 49.9119 35
      vertex 39.1908 50.1891 55
      vertex 39.1908 50.1891 35
    endloop
  endfacet
  facet normal -0.941527 0.336939 0
    outer loop
      vertex 39.1908 50.1891 55
      vertex 39.0916 49.9119 35
      vertex 39.0916 49.9119 55
    endloop
  endfacet
  facet normal -0.803208 0.595699 0
    outer loop
      vertex 38.639 49.1568 35
      vertex 38.8144 49.3933 55
      vertex 38.8144 49.3933 35
    endloop
  endfacet
  facet normal -0.803208 0.595699 0
    outer loop
      vertex 38.8144 49.3933 55
      vertex 38.639 49.1568 35
      vertex 38.639 49.1568 55
    endloop
  endfacet
  facet normal -0.514246 0.857643 0
    outer loop
      vertex 37.9867 48.5656 35
      vertex 37.7342 48.4142 55
      vertex 37.9867 48.5656 55
    endloop
  endfacet
  facet normal -0.514246 0.857643 0
    outer loop
      vertex 37.7342 48.4142 55
      vertex 37.9867 48.5656 35
      vertex 37.7342 48.4142 35
    endloop
  endfacet
  facet normal 0.243175 0.969982 -0
    outer loop
      vertex 35.7347 48.1176 35
      vertex 35.4491 48.1892 55
      vertex 35.7347 48.1176 55
    endloop
  endfacet
  facet normal 0.243175 0.969982 0
    outer loop
      vertex 35.4491 48.1892 55
      vertex 35.7347 48.1176 35
      vertex 35.4491 48.1892 35
    endloop
  endfacet
  facet normal 0.671607 0.740908 -0
    outer loop
      vertex 34.4168 48.741 35
      vertex 34.1987 48.9387 55
      vertex 34.4168 48.741 55
    endloop
  endfacet
  facet normal 0.671607 0.740908 0
    outer loop
      vertex 34.1987 48.9387 55
      vertex 34.4168 48.741 35
      vertex 34.1987 48.9387 35
    endloop
  endfacet
  facet normal 0.857643 0.514246 0
    outer loop
      vertex 33.8256 49.3933 55
      vertex 33.6742 49.6458 35
      vertex 33.6742 49.6458 55
    endloop
  endfacet
  facet normal 0.857643 0.514246 0
    outer loop
      vertex 33.6742 49.6458 35
      vertex 33.8256 49.3933 55
      vertex 33.8256 49.3933 35
    endloop
  endfacet
  facet normal 0.969982 0.243175 0
    outer loop
      vertex 33.4492 50.1891 55
      vertex 33.3776 50.4747 35
      vertex 33.3776 50.4747 55
    endloop
  endfacet
  facet normal 0.969982 0.243175 0
    outer loop
      vertex 33.3776 50.4747 35
      vertex 33.4492 50.1891 55
      vertex 33.4492 50.1891 35
    endloop
  endfacet
  facet normal 0.989174 0.146746 0
    outer loop
      vertex 33.3776 50.4747 55
      vertex 33.3344 50.7659 35
      vertex 33.3344 50.7659 55
    endloop
  endfacet
  facet normal 0.989174 0.146746 0
    outer loop
      vertex 33.3344 50.7659 35
      vertex 33.3776 50.4747 55
      vertex 33.3776 50.4747 35
    endloop
  endfacet
  facet normal -0.243175 0.969982 0
    outer loop
      vertex 37.1909 48.1892 35
      vertex 36.9053 48.1176 55
      vertex 37.1909 48.1892 55
    endloop
  endfacet
  facet normal -0.243175 0.969982 0
    outer loop
      vertex 36.9053 48.1176 55
      vertex 37.1909 48.1892 35
      vertex 36.9053 48.1176 35
    endloop
  endfacet
  facet normal -0.337047 0.941488 0
    outer loop
      vertex 37.468 48.2884 35
      vertex 37.1909 48.1892 55
      vertex 37.468 48.2884 55
    endloop
  endfacet
  facet normal -0.337047 0.941488 0
    outer loop
      vertex 37.1909 48.1892 55
      vertex 37.468 48.2884 35
      vertex 37.1909 48.1892 35
    endloop
  endfacet
  facet normal -0.595699 0.803208 0
    outer loop
      vertex 38.2232 48.741 35
      vertex 37.9867 48.5656 55
      vertex 38.2232 48.741 55
    endloop
  endfacet
  facet normal -0.595699 0.803208 0
    outer loop
      vertex 37.9867 48.5656 55
      vertex 38.2232 48.741 35
      vertex 37.9867 48.5656 35
    endloop
  endfacet
  facet normal -0.740908 0.671607 0
    outer loop
      vertex 38.4413 48.9387 35
      vertex 38.639 49.1568 55
      vertex 38.639 49.1568 35
    endloop
  endfacet
  facet normal -0.740908 0.671607 0
    outer loop
      vertex 38.639 49.1568 55
      vertex 38.4413 48.9387 35
      vertex 38.4413 48.9387 55
    endloop
  endfacet
  facet normal 0.146746 0.989174 -0
    outer loop
      vertex 36.0259 48.0744 35
      vertex 35.7347 48.1176 55
      vertex 36.0259 48.0744 55
    endloop
  endfacet
  facet normal 0.146746 0.989174 0
    outer loop
      vertex 35.7347 48.1176 55
      vertex 36.0259 48.0744 35
      vertex 35.7347 48.1176 35
    endloop
  endfacet
  facet normal 0.0489044 0.998803 -0
    outer loop
      vertex 36.32 48.06 35
      vertex 36.0259 48.0744 55
      vertex 36.32 48.06 55
    endloop
  endfacet
  facet normal 0.0489044 0.998803 0
    outer loop
      vertex 36.0259 48.0744 55
      vertex 36.32 48.06 35
      vertex 36.0259 48.0744 35
    endloop
  endfacet
  facet normal 0.595699 0.803208 -0
    outer loop
      vertex 34.6533 48.5656 35
      vertex 34.4168 48.741 55
      vertex 34.6533 48.5656 55
    endloop
  endfacet
  facet normal 0.595699 0.803208 0
    outer loop
      vertex 34.4168 48.741 55
      vertex 34.6533 48.5656 35
      vertex 34.4168 48.741 35
    endloop
  endfacet
  facet normal 0.427269 0.904125 -0
    outer loop
      vertex 35.172 48.2884 35
      vertex 34.9058 48.4142 55
      vertex 35.172 48.2884 55
    endloop
  endfacet
  facet normal 0.427269 0.904125 0
    outer loop
      vertex 34.9058 48.4142 55
      vertex 35.172 48.2884 35
      vertex 34.9058 48.4142 35
    endloop
  endfacet
  facet normal 0.514246 0.857643 -0
    outer loop
      vertex 34.9058 48.4142 35
      vertex 34.6533 48.5656 55
      vertex 34.9058 48.4142 55
    endloop
  endfacet
  facet normal 0.514246 0.857643 0
    outer loop
      vertex 34.6533 48.5656 55
      vertex 34.9058 48.4142 35
      vertex 34.6533 48.5656 35
    endloop
  endfacet
  facet normal 0.803208 0.595699 0
    outer loop
      vertex 34.001 49.1568 55
      vertex 33.8256 49.3933 35
      vertex 33.8256 49.3933 55
    endloop
  endfacet
  facet normal 0.803208 0.595699 0
    outer loop
      vertex 33.8256 49.3933 35
      vertex 34.001 49.1568 55
      vertex 34.001 49.1568 35
    endloop
  endfacet
  facet normal -0.595699 -0.803208 0
    outer loop
      vertex 37.9867 73.1144 35
      vertex 38.2232 72.939 55
      vertex 37.9867 73.1144 55
    endloop
  endfacet
  facet normal -0.595699 -0.803208 -0
    outer loop
      vertex 38.2232 72.939 55
      vertex 37.9867 73.1144 35
      vertex 38.2232 72.939 35
    endloop
  endfacet
  facet normal -0.998803 0.0489209 0
    outer loop
      vertex 39.3056 70.326 35
      vertex 39.32 70.62 55
      vertex 39.32 70.62 35
    endloop
  endfacet
  facet normal -0.998803 0.0489209 0
    outer loop
      vertex 39.32 70.62 55
      vertex 39.3056 70.326 35
      vertex 39.3056 70.326 55
    endloop
  endfacet
  facet normal 0.427269 -0.904125 0
    outer loop
      vertex 34.9058 73.2658 35
      vertex 35.172 73.3916 55
      vertex 34.9058 73.2658 55
    endloop
  endfacet
  facet normal 0.427269 -0.904125 0
    outer loop
      vertex 35.172 73.3916 55
      vertex 34.9058 73.2658 35
      vertex 35.172 73.3916 35
    endloop
  endfacet
  facet normal 0.941527 -0.336939 0
    outer loop
      vertex 33.4492 71.4909 55
      vertex 33.5484 71.7681 35
      vertex 33.5484 71.7681 55
    endloop
  endfacet
  facet normal 0.941527 -0.336939 0
    outer loop
      vertex 33.5484 71.7681 35
      vertex 33.4492 71.4909 55
      vertex 33.4492 71.4909 35
    endloop
  endfacet
  facet normal 0.337047 0.941488 -0
    outer loop
      vertex 35.4491 67.7492 35
      vertex 35.172 67.8484 55
      vertex 35.4491 67.7492 55
    endloop
  endfacet
  facet normal 0.337047 0.941488 0
    outer loop
      vertex 35.172 67.8484 55
      vertex 35.4491 67.7492 35
      vertex 35.172 67.8484 35
    endloop
  endfacet
  facet normal -0.904063 -0.4274 0
    outer loop
      vertex 39.0916 71.7681 35
      vertex 38.9658 72.0342 55
      vertex 38.9658 72.0342 35
    endloop
  endfacet
  facet normal -0.904063 -0.4274 0
    outer loop
      vertex 38.9658 72.0342 55
      vertex 39.0916 71.7681 35
      vertex 39.0916 71.7681 55
    endloop
  endfacet
  facet normal -0.857643 -0.514246 0
    outer loop
      vertex 38.9658 72.0342 35
      vertex 38.8144 72.2867 55
      vertex 38.8144 72.2867 35
    endloop
  endfacet
  facet normal -0.857643 -0.514246 0
    outer loop
      vertex 38.8144 72.2867 55
      vertex 38.9658 72.0342 35
      vertex 38.9658 72.0342 55
    endloop
  endfacet
  facet normal -0.337047 -0.941488 0
    outer loop
      vertex 37.1909 73.4908 35
      vertex 37.468 73.3916 55
      vertex 37.1909 73.4908 55
    endloop
  endfacet
  facet normal -0.337047 -0.941488 -0
    outer loop
      vertex 37.468 73.3916 55
      vertex 37.1909 73.4908 35
      vertex 37.468 73.3916 35
    endloop
  endfacet
  facet normal -0.0489044 -0.998803 0
    outer loop
      vertex 36.32 73.62 35
      vertex 36.6141 73.6056 55
      vertex 36.32 73.62 55
    endloop
  endfacet
  facet normal -0.0489044 -0.998803 -0
    outer loop
      vertex 36.6141 73.6056 55
      vertex 36.32 73.62 35
      vertex 36.6141 73.6056 35
    endloop
  endfacet
  facet normal 0 0 1
    outer loop
      vertex 39.3056 70.914 35
      vertex 39.3056 70.326 35
      vertex 39.32 70.62 35
    endloop
  endfacet
  facet normal 0 0 1
    outer loop
      vertex 39.2624 71.2053 35
      vertex 39.3056 70.326 35
      vertex 39.3056 70.914 35
    endloop
  endfacet
  facet normal 0 0 1
    outer loop
      vertex 39.2624 71.2053 35
      vertex 39.2624 70.0347 35
      vertex 39.3056 70.326 35
    endloop
  endfacet
  facet normal 0 0 1
    outer loop
      vertex 39.1908 71.4909 35
      vertex 39.2624 70.0347 35
      vertex 39.2624 71.2053 35
    endloop
  endfacet
  facet normal 0 0 1
    outer loop
      vertex 39.1908 71.4909 35
      vertex 39.1908 69.7491 35
      vertex 39.2624 70.0347 35
    endloop
  endfacet
  facet normal 0 0 1
    outer loop
      vertex 39.0916 71.7681 35
      vertex 39.1908 69.7491 35
      vertex 39.1908 71.4909 35
    endloop
  endfacet
  facet normal 0 0 1
    outer loop
      vertex 39.0916 71.7681 35
      vertex 39.0916 69.4719 35
      vertex 39.1908 69.7491 35
    endloop
  endfacet
  facet normal 0 0 1
    outer loop
      vertex 38.9658 72.0342 35
      vertex 39.0916 69.4719 35
      vertex 39.0916 71.7681 35
    endloop
  endfacet
  facet normal 0 0 1
    outer loop
      vertex 38.9658 72.0342 35
      vertex 38.9658 69.2058 35
      vertex 39.0916 69.4719 35
    endloop
  endfacet
  facet normal 0 0 1
    outer loop
      vertex 38.8144 72.2867 35
      vertex 38.9658 69.2058 35
      vertex 38.9658 72.0342 35
    endloop
  endfacet
  facet normal 0 0 1
    outer loop
      vertex 38.8144 72.2867 35
      vertex 38.8144 68.9533 35
      vertex 38.9658 69.2058 35
    endloop
  endfacet
  facet normal 0 0 1
    outer loop
      vertex 38.639 72.5232 35
      vertex 38.8144 68.9533 35
      vertex 38.8144 72.2867 35
    endloop
  endfacet
  facet normal 0 0 1
    outer loop
      vertex 38.639 72.5232 35
      vertex 38.639 68.7168 35
      vertex 38.8144 68.9533 35
    endloop
  endfacet
  facet normal 0 0 1
    outer loop
      vertex 38.4413 72.7413 35
      vertex 38.639 68.7168 35
      vertex 38.639 72.5232 35
    endloop
  endfacet
  facet normal 0 0 1
    outer loop
      vertex 38.4413 72.7413 35
      vertex 38.4413 68.4987 35
      vertex 38.639 68.7168 35
    endloop
  endfacet
  facet normal 0 0 1
    outer loop
      vertex 38.2232 72.939 35
      vertex 38.4413 68.4987 35
      vertex 38.4413 72.7413 35
    endloop
  endfacet
  facet normal 0 0 1
    outer loop
      vertex 38.2232 72.939 35
      vertex 38.2232 68.301 35
      vertex 38.4413 68.4987 35
    endloop
  endfacet
  facet normal 0 0 1
    outer loop
      vertex 37.9867 73.1144 35
      vertex 38.2232 68.301 35
      vertex 38.2232 72.939 35
    endloop
  endfacet
  facet normal 0 0 1
    outer loop
      vertex 37.9867 73.1144 35
      vertex 37.9867 68.1256 35
      vertex 38.2232 68.301 35
    endloop
  endfacet
  facet normal 0 0 1
    outer loop
      vertex 37.7342 73.2658 35
      vertex 37.9867 68.1256 35
      vertex 37.9867 73.1144 35
    endloop
  endfacet
  facet normal 0 0 1
    outer loop
      vertex 37.7342 73.2658 35
      vertex 37.7342 67.9742 35
      vertex 37.9867 68.1256 35
    endloop
  endfacet
  facet normal 0 0 1
    outer loop
      vertex 37.468 73.3916 35
      vertex 37.7342 67.9742 35
      vertex 37.7342 73.2658 35
    endloop
  endfacet
  facet normal 0 0 1
    outer loop
      vertex 37.468 73.3916 35
      vertex 37.468 67.8484 35
      vertex 37.7342 67.9742 35
    endloop
  endfacet
  facet normal 0 0 1
    outer loop
      vertex 37.1909 73.4908 35
      vertex 37.468 67.8484 35
      vertex 37.468 73.3916 35
    endloop
  endfacet
  facet normal 0 0 1
    outer loop
      vertex 37.1909 73.4908 35
      vertex 37.1909 67.7492 35
      vertex 37.468 67.8484 35
    endloop
  endfacet
  facet normal 0 0 1
    outer loop
      vertex 36.9053 73.5624 35
      vertex 37.1909 67.7492 35
      vertex 37.1909 73.4908 35
    endloop
  endfacet
  facet normal 0 0 1
    outer loop
      vertex 36.9053 73.5624 35
      vertex 36.9053 67.6776 35
      vertex 37.1909 67.7492 35
    endloop
  endfacet
  facet normal 0 0 1
    outer loop
      vertex 36.6141 73.6056 35
      vertex 36.9053 67.6776 35
      vertex 36.9053 73.5624 35
    endloop
  endfacet
  facet normal 0 0 1
    outer loop
      vertex 36.6141 73.6056 35
      vertex 36.6141 67.6344 35
      vertex 36.9053 67.6776 35
    endloop
  endfacet
  facet normal 0 0 1
    outer loop
      vertex 36.32 73.62 35
      vertex 36.6141 67.6344 35
      vertex 36.6141 73.6056 35
    endloop
  endfacet
  facet normal 0 0 1
    outer loop
      vertex 36.32 73.62 35
      vertex 36.32 67.62 35
      vertex 36.6141 67.6344 35
    endloop
  endfacet
  facet normal -0 0 1
    outer loop
      vertex 36.0259 73.6056 35
      vertex 36.32 67.62 35
      vertex 36.32 73.62 35
    endloop
  endfacet
  facet normal 0 0 1
    outer loop
      vertex 36.0259 73.6056 35
      vertex 36.0259 67.6344 35
      vertex 36.32 67.62 35
    endloop
  endfacet
  facet normal -0 0 1
    outer loop
      vertex 35.7347 73.5624 35
      vertex 36.0259 67.6344 35
      vertex 36.0259 73.6056 35
    endloop
  endfacet
  facet normal 0 0 1
    outer loop
      vertex 35.7347 73.5624 35
      vertex 35.7347 67.6776 35
      vertex 36.0259 67.6344 35
    endloop
  endfacet
  facet normal -0 0 1
    outer loop
      vertex 35.4491 73.4908 35
      vertex 35.7347 67.6776 35
      vertex 35.7347 73.5624 35
    endloop
  endfacet
  facet normal 0 0 1
    outer loop
      vertex 35.4491 73.4908 35
      vertex 35.4491 67.7492 35
      vertex 35.7347 67.6776 35
    endloop
  endfacet
  facet normal -0 0 1
    outer loop
      vertex 35.172 73.3916 35
      vertex 35.4491 67.7492 35
      vertex 35.4491 73.4908 35
    endloop
  endfacet
  facet normal 0 0 1
    outer loop
      vertex 35.172 73.3916 35
      vertex 35.172 67.8484 35
      vertex 35.4491 67.7492 35
    endloop
  endfacet
  facet normal -0 0 1
    outer loop
      vertex 34.9058 73.2658 35
      vertex 35.172 67.8484 35
      vertex 35.172 73.3916 35
    endloop
  endfacet
  facet normal 0 0 1
    outer loop
      vertex 34.9058 73.2658 35
      vertex 34.9058 67.9742 35
      vertex 35.172 67.8484 35
    endloop
  endfacet
  facet normal -0 0 1
    outer loop
      vertex 34.6533 73.1144 35
      vertex 34.9058 67.9742 35
      vertex 34.9058 73.2658 35
    endloop
  endfacet
  facet normal 0 0 1
    outer loop
      vertex 34.6533 73.1144 35
      vertex 34.6533 68.1256 35
      vertex 34.9058 67.9742 35
    endloop
  endfacet
  facet normal -0 0 1
    outer loop
      vertex 34.4168 72.939 35
      vertex 34.6533 68.1256 35
      vertex 34.6533 73.1144 35
    endloop
  endfacet
  facet normal 0 0 1
    outer loop
      vertex 34.4168 72.939 35
      vertex 34.4168 68.301 35
      vertex 34.6533 68.1256 35
    endloop
  endfacet
  facet normal -0 0 1
    outer loop
      vertex 34.1987 72.7413 35
      vertex 34.4168 68.301 35
      vertex 34.4168 72.939 35
    endloop
  endfacet
  facet normal 0 0 1
    outer loop
      vertex 34.1987 72.7413 35
      vertex 34.1987 68.4987 35
      vertex 34.4168 68.301 35
    endloop
  endfacet
  facet normal -0 0 1
    outer loop
      vertex 34.001 72.5232 35
      vertex 34.1987 68.4987 35
      vertex 34.1987 72.7413 35
    endloop
  endfacet
  facet normal 0 0 1
    outer loop
      vertex 34.001 72.5232 35
      vertex 34.001 68.7168 35
      vertex 34.1987 68.4987 35
    endloop
  endfacet
  facet normal -0 0 1
    outer loop
      vertex 33.8256 72.2867 35
      vertex 34.001 68.7168 35
      vertex 34.001 72.5232 35
    endloop
  endfacet
  facet normal 0 0 1
    outer loop
      vertex 33.8256 72.2867 35
      vertex 33.8256 68.9533 35
      vertex 34.001 68.7168 35
    endloop
  endfacet
  facet normal -0 0 1
    outer loop
      vertex 33.6742 72.0342 35
      vertex 33.8256 68.9533 35
      vertex 33.8256 72.2867 35
    endloop
  endfacet
  facet normal 0 0 1
    outer loop
      vertex 33.6742 72.0342 35
      vertex 33.6742 69.2058 35
      vertex 33.8256 68.9533 35
    endloop
  endfacet
  facet normal -0 0 1
    outer loop
      vertex 33.5484 71.7681 35
      vertex 33.6742 69.2058 35
      vertex 33.6742 72.0342 35
    endloop
  endfacet
  facet normal 0 0 1
    outer loop
      vertex 33.5484 71.7681 35
      vertex 33.5484 69.4719 35
      vertex 33.6742 69.2058 35
    endloop
  endfacet
  facet normal -0 0 1
    outer loop
      vertex 33.4492 71.4909 35
      vertex 33.5484 69.4719 35
      vertex 33.5484 71.7681 35
    endloop
  endfacet
  facet normal 0 0 1
    outer loop
      vertex 33.4492 71.4909 35
      vertex 33.4492 69.7491 35
      vertex 33.5484 69.4719 35
    endloop
  endfacet
  facet normal -0 0 1
    outer loop
      vertex 33.3776 71.2053 35
      vertex 33.4492 69.7491 35
      vertex 33.4492 71.4909 35
    endloop
  endfacet
  facet normal 0 0 1
    outer loop
      vertex 33.3776 71.2053 35
      vertex 33.3776 70.0347 35
      vertex 33.4492 69.7491 35
    endloop
  endfacet
  facet normal -0 0 1
    outer loop
      vertex 33.3344 70.914 35
      vertex 33.3776 70.0347 35
      vertex 33.3776 71.2053 35
    endloop
  endfacet
  facet normal 0 0 1
    outer loop
      vertex 33.3344 70.914 35
      vertex 33.3344 70.326 35
      vertex 33.3776 70.0347 35
    endloop
  endfacet
  facet normal 0 -0 1
    outer loop
      vertex 33.3344 70.326 35
      vertex 33.3344 70.914 35
      vertex 33.32 70.62 35
    endloop
  endfacet
  facet normal 0.998803 -0.0489209 0
    outer loop
      vertex 33.32 70.62 55
      vertex 33.3344 70.914 35
      vertex 33.3344 70.914 55
    endloop
  endfacet
  facet normal 0.998803 -0.0489209 0
    outer loop
      vertex 33.3344 70.914 35
      vertex 33.32 70.62 55
      vertex 33.32 70.62 35
    endloop
  endfacet
  facet normal 0.803208 -0.595699 0
    outer loop
      vertex 33.8256 72.2867 55
      vertex 34.001 72.5232 35
      vertex 34.001 72.5232 55
    endloop
  endfacet
  facet normal 0.803208 -0.595699 0
    outer loop
      vertex 34.001 72.5232 35
      vertex 33.8256 72.2867 55
      vertex 33.8256 72.2867 35
    endloop
  endfacet
  facet normal 0.243175 -0.969982 0
    outer loop
      vertex 35.4491 73.4908 35
      vertex 35.7347 73.5624 55
      vertex 35.4491 73.4908 55
    endloop
  endfacet
  facet normal 0.243175 -0.969982 0
    outer loop
      vertex 35.7347 73.5624 55
      vertex 35.4491 73.4908 35
      vertex 35.7347 73.5624 35
    endloop
  endfacet
  facet normal -0.803208 0.595699 0
    outer loop
      vertex 38.639 68.7168 35
      vertex 38.8144 68.9533 55
      vertex 38.8144 68.9533 35
    endloop
  endfacet
  facet normal -0.803208 0.595699 0
    outer loop
      vertex 38.8144 68.9533 55
      vertex 38.639 68.7168 35
      vertex 38.639 68.7168 55
    endloop
  endfacet
  facet normal -0.941527 0.336939 0
    outer loop
      vertex 39.0916 69.4719 35
      vertex 39.1908 69.7491 55
      vertex 39.1908 69.7491 35
    endloop
  endfacet
  facet normal -0.941527 0.336939 0
    outer loop
      vertex 39.1908 69.7491 55
      vertex 39.0916 69.4719 35
      vertex 39.0916 69.4719 55
    endloop
  endfacet
  facet normal 0.0489044 0.998803 -0
    outer loop
      vertex 36.32 67.62 35
      vertex 36.0259 67.6344 55
      vertex 36.32 67.62 55
    endloop
  endfacet
  facet normal 0.0489044 0.998803 0
    outer loop
      vertex 36.0259 67.6344 55
      vertex 36.32 67.62 35
      vertex 36.0259 67.6344 35
    endloop
  endfacet
  facet normal 0.595699 0.803208 -0
    outer loop
      vertex 34.6533 68.1256 35
      vertex 34.4168 68.301 55
      vertex 34.6533 68.1256 55
    endloop
  endfacet
  facet normal 0.595699 0.803208 0
    outer loop
      vertex 34.4168 68.301 55
      vertex 34.6533 68.1256 35
      vertex 34.4168 68.301 35
    endloop
  endfacet
  facet normal -0.989182 -0.146696 0
    outer loop
      vertex 39.3056 70.914 35
      vertex 39.2624 71.2053 55
      vertex 39.2624 71.2053 35
    endloop
  endfacet
  facet normal -0.989182 -0.146696 0
    outer loop
      vertex 39.2624 71.2053 55
      vertex 39.3056 70.914 35
      vertex 39.3056 70.914 55
    endloop
  endfacet
  facet normal -0.969982 -0.243175 0
    outer loop
      vertex 39.2624 71.2053 35
      vertex 39.1908 71.4909 55
      vertex 39.1908 71.4909 35
    endloop
  endfacet
  facet normal -0.969982 -0.243175 0
    outer loop
      vertex 39.1908 71.4909 55
      vertex 39.2624 71.2053 35
      vertex 39.2624 71.2053 55
    endloop
  endfacet
  facet normal -0.941527 -0.336939 0
    outer loop
      vertex 39.1908 71.4909 35
      vertex 39.0916 71.7681 55
      vertex 39.0916 71.7681 35
    endloop
  endfacet
  facet normal -0.941527 -0.336939 0
    outer loop
      vertex 39.0916 71.7681 55
      vertex 39.1908 71.4909 35
      vertex 39.1908 71.4909 55
    endloop
  endfacet
  facet normal -0.740908 -0.671607 0
    outer loop
      vertex 38.639 72.5232 35
      vertex 38.4413 72.7413 55
      vertex 38.4413 72.7413 35
    endloop
  endfacet
  facet normal -0.740908 -0.671607 0
    outer loop
      vertex 38.4413 72.7413 55
      vertex 38.639 72.5232 35
      vertex 38.639 72.5232 55
    endloop
  endfacet
  facet normal -0.803208 -0.595699 0
    outer loop
      vertex 38.8144 72.2867 35
      vertex 38.639 72.5232 55
      vertex 38.639 72.5232 35
    endloop
  endfacet
  facet normal -0.803208 -0.595699 0
    outer loop
      vertex 38.639 72.5232 55
      vertex 38.8144 72.2867 35
      vertex 38.8144 72.2867 55
    endloop
  endfacet
  facet normal -0.671607 -0.740908 0
    outer loop
      vertex 38.2232 72.939 35
      vertex 38.4413 72.7413 55
      vertex 38.2232 72.939 55
    endloop
  endfacet
  facet normal -0.671607 -0.740908 -0
    outer loop
      vertex 38.4413 72.7413 55
      vertex 38.2232 72.939 35
      vertex 38.4413 72.7413 35
    endloop
  endfacet
  facet normal -0.514246 -0.857643 0
    outer loop
      vertex 37.7342 73.2658 35
      vertex 37.9867 73.1144 55
      vertex 37.7342 73.2658 55
    endloop
  endfacet
  facet normal -0.514246 -0.857643 -0
    outer loop
      vertex 37.9867 73.1144 55
      vertex 37.7342 73.2658 35
      vertex 37.9867 73.1144 35
    endloop
  endfacet
  facet normal 0.0489044 -0.998803 0
    outer loop
      vertex 36.0259 73.6056 35
      vertex 36.32 73.62 55
      vertex 36.0259 73.6056 55
    endloop
  endfacet
  facet normal 0.0489044 -0.998803 0
    outer loop
      vertex 36.32 73.62 55
      vertex 36.0259 73.6056 35
      vertex 36.32 73.62 35
    endloop
  endfacet
  facet normal -0.427269 -0.904125 0
    outer loop
      vertex 37.468 73.3916 35
      vertex 37.7342 73.2658 55
      vertex 37.468 73.3916 55
    endloop
  endfacet
  facet normal -0.427269 -0.904125 -0
    outer loop
      vertex 37.7342 73.2658 55
      vertex 37.468 73.3916 35
      vertex 37.7342 73.2658 35
    endloop
  endfacet
  facet normal -0.243175 -0.969982 0
    outer loop
      vertex 36.9053 73.5624 35
      vertex 37.1909 73.4908 55
      vertex 36.9053 73.5624 55
    endloop
  endfacet
  facet normal -0.243175 -0.969982 -0
    outer loop
      vertex 37.1909 73.4908 55
      vertex 36.9053 73.5624 35
      vertex 37.1909 73.4908 35
    endloop
  endfacet
  facet normal -0.146746 -0.989174 0
    outer loop
      vertex 36.6141 73.6056 35
      vertex 36.9053 73.5624 55
      vertex 36.6141 73.6056 55
    endloop
  endfacet
  facet normal -0.146746 -0.989174 -0
    outer loop
      vertex 36.9053 73.5624 55
      vertex 36.6141 73.6056 35
      vertex 36.9053 73.5624 35
    endloop
  endfacet
  facet normal 0.969982 -0.243175 0
    outer loop
      vertex 33.3776 71.2053 55
      vertex 33.4492 71.4909 35
      vertex 33.4492 71.4909 55
    endloop
  endfacet
  facet normal 0.969982 -0.243175 0
    outer loop
      vertex 33.4492 71.4909 35
      vertex 33.3776 71.2053 55
      vertex 33.3776 71.2053 35
    endloop
  endfacet
  facet normal 0.989182 -0.146696 0
    outer loop
      vertex 33.3344 70.914 55
      vertex 33.3776 71.2053 35
      vertex 33.3776 71.2053 55
    endloop
  endfacet
  facet normal 0.989182 -0.146696 0
    outer loop
      vertex 33.3776 71.2053 35
      vertex 33.3344 70.914 55
      vertex 33.3344 70.914 35
    endloop
  endfacet
  facet normal 0.904063 -0.4274 0
    outer loop
      vertex 33.5484 71.7681 55
      vertex 33.6742 72.0342 35
      vertex 33.6742 72.0342 55
    endloop
  endfacet
  facet normal 0.904063 -0.4274 0
    outer loop
      vertex 33.6742 72.0342 35
      vertex 33.5484 71.7681 55
      vertex 33.5484 71.7681 35
    endloop
  endfacet
  facet normal 0.857643 -0.514246 0
    outer loop
      vertex 33.6742 72.0342 55
      vertex 33.8256 72.2867 35
      vertex 33.8256 72.2867 55
    endloop
  endfacet
  facet normal 0.857643 -0.514246 0
    outer loop
      vertex 33.8256 72.2867 35
      vertex 33.6742 72.0342 55
      vertex 33.6742 72.0342 35
    endloop
  endfacet
  facet normal 0.337047 -0.941488 0
    outer loop
      vertex 35.172 73.3916 35
      vertex 35.4491 73.4908 55
      vertex 35.172 73.3916 55
    endloop
  endfacet
  facet normal 0.337047 -0.941488 0
    outer loop
      vertex 35.4491 73.4908 55
      vertex 35.172 73.3916 35
      vertex 35.4491 73.4908 35
    endloop
  endfacet
  facet normal 0.146746 -0.989174 0
    outer loop
      vertex 35.7347 73.5624 35
      vertex 36.0259 73.6056 55
      vertex 35.7347 73.5624 55
    endloop
  endfacet
  facet normal 0.146746 -0.989174 0
    outer loop
      vertex 36.0259 73.6056 55
      vertex 35.7347 73.5624 35
      vertex 36.0259 73.6056 35
    endloop
  endfacet
  facet normal 0.595699 -0.803208 0
    outer loop
      vertex 34.4168 72.939 35
      vertex 34.6533 73.1144 55
      vertex 34.4168 72.939 55
    endloop
  endfacet
  facet normal 0.595699 -0.803208 0
    outer loop
      vertex 34.6533 73.1144 55
      vertex 34.4168 72.939 35
      vertex 34.6533 73.1144 35
    endloop
  endfacet
  facet normal 0.671607 -0.740908 0
    outer loop
      vertex 34.1987 72.7413 35
      vertex 34.4168 72.939 55
      vertex 34.1987 72.7413 55
    endloop
  endfacet
  facet normal 0.671607 -0.740908 0
    outer loop
      vertex 34.4168 72.939 55
      vertex 34.1987 72.7413 35
      vertex 34.4168 72.939 35
    endloop
  endfacet
  facet normal 0.514246 -0.857643 0
    outer loop
      vertex 34.6533 73.1144 35
      vertex 34.9058 73.2658 55
      vertex 34.6533 73.1144 55
    endloop
  endfacet
  facet normal 0.514246 -0.857643 0
    outer loop
      vertex 34.9058 73.2658 55
      vertex 34.6533 73.1144 35
      vertex 34.9058 73.2658 35
    endloop
  endfacet
  facet normal 0.740908 -0.671607 0
    outer loop
      vertex 34.001 72.5232 55
      vertex 34.1987 72.7413 35
      vertex 34.1987 72.7413 55
    endloop
  endfacet
  facet normal 0.740908 -0.671607 0
    outer loop
      vertex 34.1987 72.7413 35
      vertex 34.001 72.5232 55
      vertex 34.001 72.5232 35
    endloop
  endfacet
  facet normal -0.998803 -0.0489209 0
    outer loop
      vertex 39.32 70.62 35
      vertex 39.3056 70.914 55
      vertex 39.3056 70.914 35
    endloop
  endfacet
  facet normal -0.998803 -0.0489209 0
    outer loop
      vertex 39.3056 70.914 55
      vertex 39.32 70.62 35
      vertex 39.32 70.62 55
    endloop
  endfacet
  facet normal -0.969982 0.243175 0
    outer loop
      vertex 39.1908 69.7491 35
      vertex 39.2624 70.0347 55
      vertex 39.2624 70.0347 35
    endloop
  endfacet
  facet normal -0.969982 0.243175 0
    outer loop
      vertex 39.2624 70.0347 55
      vertex 39.1908 69.7491 35
      vertex 39.1908 69.7491 55
    endloop
  endfacet
  facet normal -0.146746 0.989174 0
    outer loop
      vertex 36.9053 67.6776 35
      vertex 36.6141 67.6344 55
      vertex 36.9053 67.6776 55
    endloop
  endfacet
  facet normal -0.146746 0.989174 0
    outer loop
      vertex 36.6141 67.6344 55
      vertex 36.9053 67.6776 35
      vertex 36.6141 67.6344 35
    endloop
  endfacet
  facet normal -0.857643 0.514246 0
    outer loop
      vertex 38.8144 68.9533 35
      vertex 38.9658 69.2058 55
      vertex 38.9658 69.2058 35
    endloop
  endfacet
  facet normal -0.857643 0.514246 0
    outer loop
      vertex 38.9658 69.2058 55
      vertex 38.8144 68.9533 35
      vertex 38.8144 68.9533 55
    endloop
  endfacet
  facet normal -0.337047 0.941488 0
    outer loop
      vertex 37.468 67.8484 35
      vertex 37.1909 67.7492 55
      vertex 37.468 67.8484 55
    endloop
  endfacet
  facet normal -0.337047 0.941488 0
    outer loop
      vertex 37.1909 67.7492 55
      vertex 37.468 67.8484 35
      vertex 37.1909 67.7492 35
    endloop
  endfacet
  facet normal -0.740908 0.671607 0
    outer loop
      vertex 38.4413 68.4987 35
      vertex 38.639 68.7168 55
      vertex 38.639 68.7168 35
    endloop
  endfacet
  facet normal -0.740908 0.671607 0
    outer loop
      vertex 38.639 68.7168 55
      vertex 38.4413 68.4987 35
      vertex 38.4413 68.4987 55
    endloop
  endfacet
  facet normal -0.671607 0.740908 0
    outer loop
      vertex 38.4413 68.4987 35
      vertex 38.2232 68.301 55
      vertex 38.4413 68.4987 55
    endloop
  endfacet
  facet normal -0.671607 0.740908 0
    outer loop
      vertex 38.2232 68.301 55
      vertex 38.4413 68.4987 35
      vertex 38.2232 68.301 35
    endloop
  endfacet
  facet normal -0.514246 0.857643 0
    outer loop
      vertex 37.9867 68.1256 35
      vertex 37.7342 67.9742 55
      vertex 37.9867 68.1256 55
    endloop
  endfacet
  facet normal -0.514246 0.857643 0
    outer loop
      vertex 37.7342 67.9742 55
      vertex 37.9867 68.1256 35
      vertex 37.7342 67.9742 35
    endloop
  endfacet
  facet normal -0.0489044 0.998803 0
    outer loop
      vertex 36.6141 67.6344 35
      vertex 36.32 67.62 55
      vertex 36.6141 67.6344 55
    endloop
  endfacet
  facet normal -0.0489044 0.998803 0
    outer loop
      vertex 36.32 67.62 55
      vertex 36.6141 67.6344 35
      vertex 36.32 67.62 35
    endloop
  endfacet
  facet normal 0.243175 0.969982 -0
    outer loop
      vertex 35.7347 67.6776 35
      vertex 35.4491 67.7492 55
      vertex 35.7347 67.6776 55
    endloop
  endfacet
  facet normal 0.243175 0.969982 0
    outer loop
      vertex 35.4491 67.7492 55
      vertex 35.7347 67.6776 35
      vertex 35.4491 67.7492 35
    endloop
  endfacet
  facet normal 0.427269 0.904125 -0
    outer loop
      vertex 35.172 67.8484 35
      vertex 34.9058 67.9742 55
      vertex 35.172 67.8484 55
    endloop
  endfacet
  facet normal 0.427269 0.904125 0
    outer loop
      vertex 34.9058 67.9742 55
      vertex 35.172 67.8484 35
      vertex 34.9058 67.9742 35
    endloop
  endfacet
  facet normal 0.941527 0.336939 0
    outer loop
      vertex 33.5484 69.4719 55
      vertex 33.4492 69.7491 35
      vertex 33.4492 69.7491 55
    endloop
  endfacet
  facet normal 0.941527 0.336939 0
    outer loop
      vertex 33.4492 69.7491 35
      vertex 33.5484 69.4719 55
      vertex 33.5484 69.4719 35
    endloop
  endfacet
  facet normal 0.969982 0.243175 0
    outer loop
      vertex 33.4492 69.7491 55
      vertex 33.3776 70.0347 35
      vertex 33.3776 70.0347 55
    endloop
  endfacet
  facet normal 0.969982 0.243175 0
    outer loop
      vertex 33.3776 70.0347 35
      vertex 33.4492 69.7491 55
      vertex 33.4492 69.7491 35
    endloop
  endfacet
  facet normal 0.989182 0.146696 0
    outer loop
      vertex 33.3776 70.0347 55
      vertex 33.3344 70.326 35
      vertex 33.3344 70.326 55
    endloop
  endfacet
  facet normal 0.989182 0.146696 0
    outer loop
      vertex 33.3344 70.326 35
      vertex 33.3776 70.0347 55
      vertex 33.3776 70.0347 35
    endloop
  endfacet
  facet normal 0.740908 0.671607 0
    outer loop
      vertex 34.1987 68.4987 55
      vertex 34.001 68.7168 35
      vertex 34.001 68.7168 55
    endloop
  endfacet
  facet normal 0.740908 0.671607 0
    outer loop
      vertex 34.001 68.7168 35
      vertex 34.1987 68.4987 55
      vertex 34.1987 68.4987 35
    endloop
  endfacet
  facet normal 0.857643 0.514246 0
    outer loop
      vertex 33.8256 68.9533 55
      vertex 33.6742 69.2058 35
      vertex 33.6742 69.2058 55
    endloop
  endfacet
  facet normal 0.857643 0.514246 0
    outer loop
      vertex 33.6742 69.2058 35
      vertex 33.8256 68.9533 55
      vertex 33.8256 68.9533 35
    endloop
  endfacet
  facet normal 0.998803 0.0489209 0
    outer loop
      vertex 33.3344 70.326 55
      vertex 33.32 70.62 35
      vertex 33.32 70.62 55
    endloop
  endfacet
  facet normal 0.998803 0.0489209 0
    outer loop
      vertex 33.32 70.62 35
      vertex 33.3344 70.326 55
      vertex 33.3344 70.326 35
    endloop
  endfacet
  facet normal -0.989182 0.146696 0
    outer loop
      vertex 39.2624 70.0347 35
      vertex 39.3056 70.326 55
      vertex 39.3056 70.326 35
    endloop
  endfacet
  facet normal -0.989182 0.146696 0
    outer loop
      vertex 39.3056 70.326 55
      vertex 39.2624 70.0347 35
      vertex 39.2624 70.0347 55
    endloop
  endfacet
  facet normal -0.243175 0.969982 0
    outer loop
      vertex 37.1909 67.7492 35
      vertex 36.9053 67.6776 55
      vertex 37.1909 67.7492 55
    endloop
  endfacet
  facet normal -0.243175 0.969982 0
    outer loop
      vertex 36.9053 67.6776 55
      vertex 37.1909 67.7492 35
      vertex 36.9053 67.6776 35
    endloop
  endfacet
  facet normal -0.427269 0.904125 0
    outer loop
      vertex 37.7342 67.9742 35
      vertex 37.468 67.8484 55
      vertex 37.7342 67.9742 55
    endloop
  endfacet
  facet normal -0.427269 0.904125 0
    outer loop
      vertex 37.468 67.8484 55
      vertex 37.7342 67.9742 35
      vertex 37.468 67.8484 35
    endloop
  endfacet
  facet normal -0.595699 0.803208 0
    outer loop
      vertex 38.2232 68.301 35
      vertex 37.9867 68.1256 55
      vertex 38.2232 68.301 55
    endloop
  endfacet
  facet normal -0.595699 0.803208 0
    outer loop
      vertex 37.9867 68.1256 55
      vertex 38.2232 68.301 35
      vertex 37.9867 68.1256 35
    endloop
  endfacet
  facet normal 0.146746 0.989174 -0
    outer loop
      vertex 36.0259 67.6344 35
      vertex 35.7347 67.6776 55
      vertex 36.0259 67.6344 55
    endloop
  endfacet
  facet normal 0.146746 0.989174 0
    outer loop
      vertex 35.7347 67.6776 55
      vertex 36.0259 67.6344 35
      vertex 35.7347 67.6776 35
    endloop
  endfacet
  facet normal 0.514246 0.857643 -0
    outer loop
      vertex 34.9058 67.9742 35
      vertex 34.6533 68.1256 55
      vertex 34.9058 67.9742 55
    endloop
  endfacet
  facet normal 0.514246 0.857643 0
    outer loop
      vertex 34.6533 68.1256 55
      vertex 34.9058 67.9742 35
      vertex 34.6533 68.1256 35
    endloop
  endfacet
  facet normal 0.904063 0.4274 0
    outer loop
      vertex 33.6742 69.2058 55
      vertex 33.5484 69.4719 35
      vertex 33.5484 69.4719 55
    endloop
  endfacet
  facet normal 0.904063 0.4274 0
    outer loop
      vertex 33.5484 69.4719 35
      vertex 33.6742 69.2058 55
      vertex 33.6742 69.2058 35
    endloop
  endfacet
  facet normal 0.803208 0.595699 0
    outer loop
      vertex 34.001 68.7168 55
      vertex 33.8256 68.9533 35
      vertex 33.8256 68.9533 55
    endloop
  endfacet
  facet normal 0.803208 0.595699 0
    outer loop
      vertex 33.8256 68.9533 35
      vertex 34.001 68.7168 55
      vertex 34.001 68.7168 35
    endloop
  endfacet
  facet normal 0.671607 0.740908 -0
    outer loop
      vertex 34.4168 68.301 35
      vertex 34.1987 68.4987 55
      vertex 34.4168 68.301 55
    endloop
  endfacet
  facet normal 0.671607 0.740908 0
    outer loop
      vertex 34.1987 68.4987 55
      vertex 34.4168 68.301 35
      vertex 34.1987 68.4987 35
    endloop
  endfacet
  facet normal -0.904063 0.4274 0
    outer loop
      vertex 38.9658 69.2058 35
      vertex 39.0916 69.4719 55
      vertex 39.0916 69.4719 35
    endloop
  endfacet
  facet normal -0.904063 0.4274 0
    outer loop
      vertex 39.0916 69.4719 55
      vertex 38.9658 69.2058 35
      vertex 38.9658 69.2058 55
    endloop
  endfacet
  facet normal -0.998803 -0.0489044 0
    outer loop
      vertex 58.88 11.94 35
      vertex 58.8656 12.2341 55
      vertex 58.8656 12.2341 35
    endloop
  endfacet
  facet normal -0.998803 -0.0489044 0
    outer loop
      vertex 58.8656 12.2341 55
      vertex 58.88 11.94 35
      vertex 58.88 11.94 55
    endloop
  endfacet
  facet normal 0.998803 -0.0489044 0
    outer loop
      vertex 52.88 11.94 55
      vertex 52.8944 12.2341 35
      vertex 52.8944 12.2341 55
    endloop
  endfacet
  facet normal 0.998803 -0.0489044 0
    outer loop
      vertex 52.8944 12.2341 35
      vertex 52.88 11.94 55
      vertex 52.88 11.94 35
    endloop
  endfacet
  facet normal -0.0489209 -0.998803 0
    outer loop
      vertex 55.88 14.94 35
      vertex 56.174 14.9256 55
      vertex 55.88 14.94 55
    endloop
  endfacet
  facet normal -0.0489209 -0.998803 -0
    outer loop
      vertex 56.174 14.9256 55
      vertex 55.88 14.94 35
      vertex 56.174 14.9256 35
    endloop
  endfacet
  facet normal -0.0490565 0.998796 0
    outer loop
      vertex 56.174 8.95444 35
      vertex 55.88 8.94 55
      vertex 56.174 8.95444 55
    endloop
  endfacet
  facet normal -0.0490565 0.998796 0
    outer loop
      vertex 55.88 8.94 55
      vertex 56.174 8.95444 35
      vertex 55.88 8.94 35
    endloop
  endfacet
  facet normal -0.740908 -0.671607 0
    outer loop
      vertex 58.199 13.8432 35
      vertex 58.0013 14.0613 55
      vertex 58.0013 14.0613 35
    endloop
  endfacet
  facet normal -0.740908 -0.671607 0
    outer loop
      vertex 58.0013 14.0613 55
      vertex 58.199 13.8432 35
      vertex 58.199 13.8432 55
    endloop
  endfacet
  facet normal 0.671607 -0.740908 0
    outer loop
      vertex 53.7587 14.0613 35
      vertex 53.9768 14.259 55
      vertex 53.7587 14.0613 55
    endloop
  endfacet
  facet normal 0.671607 -0.740908 0
    outer loop
      vertex 53.9768 14.259 55
      vertex 53.7587 14.0613 35
      vertex 53.9768 14.259 35
    endloop
  endfacet
  facet normal 0.336939 -0.941527 0
    outer loop
      vertex 54.7319 14.7116 35
      vertex 55.0091 14.8108 55
      vertex 54.7319 14.7116 55
    endloop
  endfacet
  facet normal 0.336939 -0.941527 0
    outer loop
      vertex 55.0091 14.8108 55
      vertex 54.7319 14.7116 35
      vertex 55.0091 14.8108 35
    endloop
  endfacet
  facet normal -0.904125 -0.427269 0
    outer loop
      vertex 58.6516 13.088 35
      vertex 58.5258 13.3542 55
      vertex 58.5258 13.3542 35
    endloop
  endfacet
  facet normal -0.904125 -0.427269 0
    outer loop
      vertex 58.5258 13.3542 55
      vertex 58.6516 13.088 35
      vertex 58.6516 13.088 55
    endloop
  endfacet
  facet normal -0.857643 -0.514246 0
    outer loop
      vertex 58.5258 13.3542 35
      vertex 58.3744 13.6067 55
      vertex 58.3744 13.6067 35
    endloop
  endfacet
  facet normal -0.857643 -0.514246 0
    outer loop
      vertex 58.3744 13.6067 55
      vertex 58.5258 13.3542 35
      vertex 58.5258 13.3542 55
    endloop
  endfacet
  facet normal -0.427269 -0.904125 0
    outer loop
      vertex 57.028 14.7116 35
      vertex 57.2942 14.5858 55
      vertex 57.028 14.7116 55
    endloop
  endfacet
  facet normal -0.427269 -0.904125 -0
    outer loop
      vertex 57.2942 14.5858 55
      vertex 57.028 14.7116 35
      vertex 57.2942 14.5858 35
    endloop
  endfacet
  facet normal -0.595699 -0.803208 0
    outer loop
      vertex 57.5467 14.4344 35
      vertex 57.7832 14.259 55
      vertex 57.5467 14.4344 55
    endloop
  endfacet
  facet normal -0.595699 -0.803208 -0
    outer loop
      vertex 57.7832 14.259 55
      vertex 57.5467 14.4344 35
      vertex 57.7832 14.259 35
    endloop
  endfacet
  facet normal 0.857643 -0.514246 0
    outer loop
      vertex 53.2342 13.3542 55
      vertex 53.3856 13.6067 35
      vertex 53.3856 13.6067 55
    endloop
  endfacet
  facet normal 0.857643 -0.514246 0
    outer loop
      vertex 53.3856 13.6067 35
      vertex 53.2342 13.3542 55
      vertex 53.2342 13.3542 35
    endloop
  endfacet
  facet normal 0.803208 -0.595699 0
    outer loop
      vertex 53.3856 13.6067 55
      vertex 53.561 13.8432 35
      vertex 53.561 13.8432 55
    endloop
  endfacet
  facet normal 0.803208 -0.595699 0
    outer loop
      vertex 53.561 13.8432 35
      vertex 53.3856 13.6067 55
      vertex 53.3856 13.6067 35
    endloop
  endfacet
  facet normal 0.146746 -0.989174 0
    outer loop
      vertex 55.2947 14.8824 35
      vertex 55.5859 14.9256 55
      vertex 55.2947 14.8824 55
    endloop
  endfacet
  facet normal 0.146746 -0.989174 0
    outer loop
      vertex 55.5859 14.9256 55
      vertex 55.2947 14.8824 35
      vertex 55.5859 14.9256 35
    endloop
  endfacet
  facet normal -0.146696 0.989182 0
    outer loop
      vertex 56.4653 8.99764 35
      vertex 56.174 8.95444 55
      vertex 56.4653 8.99764 55
    endloop
  endfacet
  facet normal -0.146696 0.989182 0
    outer loop
      vertex 56.174 8.95444 55
      vertex 56.4653 8.99764 35
      vertex 56.174 8.95444 35
    endloop
  endfacet
  facet normal -0.969982 -0.243175 0
    outer loop
      vertex 58.8224 12.5253 35
      vertex 58.7508 12.8109 55
      vertex 58.7508 12.8109 35
    endloop
  endfacet
  facet normal -0.969982 -0.243175 0
    outer loop
      vertex 58.7508 12.8109 55
      vertex 58.8224 12.5253 35
      vertex 58.8224 12.5253 55
    endloop
  endfacet
  facet normal -0.989174 -0.146746 0
    outer loop
      vertex 58.8656 12.2341 35
      vertex 58.8224 12.5253 55
      vertex 58.8224 12.5253 35
    endloop
  endfacet
  facet normal -0.989174 -0.146746 0
    outer loop
      vertex 58.8224 12.5253 55
      vertex 58.8656 12.2341 35
      vertex 58.8656 12.2341 55
    endloop
  endfacet
  facet normal -0.941488 -0.337047 0
    outer loop
      vertex 58.7508 12.8109 35
      vertex 58.6516 13.088 55
      vertex 58.6516 13.088 35
    endloop
  endfacet
  facet normal -0.941488 -0.337047 0
    outer loop
      vertex 58.6516 13.088 55
      vertex 58.7508 12.8109 35
      vertex 58.7508 12.8109 55
    endloop
  endfacet
  facet normal -0.803208 -0.595699 0
    outer loop
      vertex 58.3744 13.6067 35
      vertex 58.199 13.8432 55
      vertex 58.199 13.8432 35
    endloop
  endfacet
  facet normal -0.803208 -0.595699 0
    outer loop
      vertex 58.199 13.8432 55
      vertex 58.3744 13.6067 35
      vertex 58.3744 13.6067 55
    endloop
  endfacet
  facet normal -0.243175 -0.969982 0
    outer loop
      vertex 56.4653 14.8824 35
      vertex 56.7509 14.8108 55
      vertex 56.4653 14.8824 55
    endloop
  endfacet
  facet normal -0.243175 -0.969982 -0
    outer loop
      vertex 56.7509 14.8108 55
      vertex 56.4653 14.8824 35
      vertex 56.7509 14.8108 35
    endloop
  endfacet
  facet normal -0.337047 -0.941488 0
    outer loop
      vertex 56.7509 14.8108 35
      vertex 57.028 14.7116 55
      vertex 56.7509 14.8108 55
    endloop
  endfacet
  facet normal -0.337047 -0.941488 -0
    outer loop
      vertex 57.028 14.7116 55
      vertex 56.7509 14.8108 35
      vertex 57.028 14.7116 35
    endloop
  endfacet
  facet normal -0.146696 -0.989182 0
    outer loop
      vertex 56.174 14.9256 35
      vertex 56.4653 14.8824 55
      vertex 56.174 14.9256 55
    endloop
  endfacet
  facet normal -0.146696 -0.989182 -0
    outer loop
      vertex 56.4653 14.8824 55
      vertex 56.174 14.9256 35
      vertex 56.4653 14.8824 35
    endloop
  endfacet
  facet normal -0.514246 -0.857643 0
    outer loop
      vertex 57.2942 14.5858 35
      vertex 57.5467 14.4344 55
      vertex 57.2942 14.5858 55
    endloop
  endfacet
  facet normal -0.514246 -0.857643 -0
    outer loop
      vertex 57.5467 14.4344 55
      vertex 57.2942 14.5858 35
      vertex 57.5467 14.4344 35
    endloop
  endfacet
  facet normal -0.671607 -0.740908 0
    outer loop
      vertex 57.7832 14.259 35
      vertex 58.0013 14.0613 55
      vertex 57.7832 14.259 55
    endloop
  endfacet
  facet normal -0.671607 -0.740908 -0
    outer loop
      vertex 58.0013 14.0613 55
      vertex 57.7832 14.259 35
      vertex 58.0013 14.0613 35
    endloop
  endfacet
  facet normal 0.969982 -0.243175 0
    outer loop
      vertex 52.9376 12.5253 55
      vertex 53.0092 12.8109 35
      vertex 53.0092 12.8109 55
    endloop
  endfacet
  facet normal 0.969982 -0.243175 0
    outer loop
      vertex 53.0092 12.8109 35
      vertex 52.9376 12.5253 55
      vertex 52.9376 12.5253 35
    endloop
  endfacet
  facet normal 0.904125 -0.427269 0
    outer loop
      vertex 53.1084 13.088 55
      vertex 53.2342 13.3542 35
      vertex 53.2342 13.3542 55
    endloop
  endfacet
  facet normal 0.904125 -0.427269 0
    outer loop
      vertex 53.2342 13.3542 35
      vertex 53.1084 13.088 55
      vertex 53.1084 13.088 35
    endloop
  endfacet
  facet normal 0.989174 -0.146746 0
    outer loop
      vertex 52.8944 12.2341 55
      vertex 52.9376 12.5253 35
      vertex 52.9376 12.5253 55
    endloop
  endfacet
  facet normal 0.989174 -0.146746 0
    outer loop
      vertex 52.9376 12.5253 35
      vertex 52.8944 12.2341 55
      vertex 52.8944 12.2341 35
    endloop
  endfacet
  facet normal 0.514246 -0.857643 0
    outer loop
      vertex 54.2133 14.4344 35
      vertex 54.4658 14.5858 55
      vertex 54.2133 14.4344 55
    endloop
  endfacet
  facet normal 0.514246 -0.857643 0
    outer loop
      vertex 54.4658 14.5858 55
      vertex 54.2133 14.4344 35
      vertex 54.4658 14.5858 35
    endloop
  endfacet
  facet normal 0.243175 -0.969982 0
    outer loop
      vertex 55.0091 14.8108 35
      vertex 55.2947 14.8824 55
      vertex 55.0091 14.8108 55
    endloop
  endfacet
  facet normal 0.243175 -0.969982 0
    outer loop
      vertex 55.2947 14.8824 55
      vertex 55.0091 14.8108 35
      vertex 55.2947 14.8824 35
    endloop
  endfacet
  facet normal 0.0489044 -0.998803 0
    outer loop
      vertex 55.5859 14.9256 35
      vertex 55.88 14.94 55
      vertex 55.5859 14.9256 55
    endloop
  endfacet
  facet normal 0.0489044 -0.998803 0
    outer loop
      vertex 55.88 14.94 55
      vertex 55.5859 14.9256 35
      vertex 55.88 14.94 35
    endloop
  endfacet
  facet normal -0.998803 0.0489044 0
    outer loop
      vertex 58.8656 11.6459 35
      vertex 58.88 11.94 55
      vertex 58.88 11.94 35
    endloop
  endfacet
  facet normal -0.998803 0.0489044 0
    outer loop
      vertex 58.88 11.94 55
      vertex 58.8656 11.6459 35
      vertex 58.8656 11.6459 55
    endloop
  endfacet
  facet normal -0.740938 0.671573 0
    outer loop
      vertex 58.0013 9.81868 35
      vertex 58.199 10.0368 55
      vertex 58.199 10.0368 35
    endloop
  endfacet
  facet normal -0.740938 0.671573 0
    outer loop
      vertex 58.199 10.0368 55
      vertex 58.0013 9.81868 35
      vertex 58.0013 9.81868 55
    endloop
  endfacet
  facet normal -0.904063 0.4274 0
    outer loop
      vertex 58.5258 10.5258 35
      vertex 58.6516 10.7919 55
      vertex 58.6516 10.7919 35
    endloop
  endfacet
  facet normal -0.904063 0.4274 0
    outer loop
      vertex 58.6516 10.7919 55
      vertex 58.5258 10.5258 35
      vertex 58.5258 10.5258 55
    endloop
  endfacet
  facet normal 0.803208 0.595699 0
    outer loop
      vertex 53.561 10.0368 55
      vertex 53.3856 10.2733 35
      vertex 53.3856 10.2733 55
    endloop
  endfacet
  facet normal 0.803208 0.595699 0
    outer loop
      vertex 53.3856 10.2733 35
      vertex 53.561 10.0368 55
      vertex 53.561 10.0368 35
    endloop
  endfacet
  facet normal 0 0 1
    outer loop
      vertex 58.8656 12.2341 35
      vertex 58.8656 11.6459 35
      vertex 58.88 11.94 35
    endloop
  endfacet
  facet normal 0 0 1
    outer loop
      vertex 58.8224 12.5253 35
      vertex 58.8656 11.6459 35
      vertex 58.8656 12.2341 35
    endloop
  endfacet
  facet normal 0 0 1
    outer loop
      vertex 58.8224 12.5253 35
      vertex 58.8224 11.3547 35
      vertex 58.8656 11.6459 35
    endloop
  endfacet
  facet normal 0 0 1
    outer loop
      vertex 58.7508 12.8109 35
      vertex 58.8224 11.3547 35
      vertex 58.8224 12.5253 35
    endloop
  endfacet
  facet normal 0 0 1
    outer loop
      vertex 58.7508 12.8109 35
      vertex 58.7508 11.0691 35
      vertex 58.8224 11.3547 35
    endloop
  endfacet
  facet normal 0 0 1
    outer loop
      vertex 58.6516 13.088 35
      vertex 58.7508 11.0691 35
      vertex 58.7508 12.8109 35
    endloop
  endfacet
  facet normal 0 0 1
    outer loop
      vertex 58.6516 13.088 35
      vertex 58.6516 10.7919 35
      vertex 58.7508 11.0691 35
    endloop
  endfacet
  facet normal 0 0 1
    outer loop
      vertex 58.5258 13.3542 35
      vertex 58.6516 10.7919 35
      vertex 58.6516 13.088 35
    endloop
  endfacet
  facet normal 0 0 1
    outer loop
      vertex 58.5258 13.3542 35
      vertex 58.5258 10.5258 35
      vertex 58.6516 10.7919 35
    endloop
  endfacet
  facet normal 0 0 1
    outer loop
      vertex 58.3744 13.6067 35
      vertex 58.5258 10.5258 35
      vertex 58.5258 13.3542 35
    endloop
  endfacet
  facet normal 0 0 1
    outer loop
      vertex 58.3744 13.6067 35
      vertex 58.3744 10.2733 35
      vertex 58.5258 10.5258 35
    endloop
  endfacet
  facet normal 0 0 1
    outer loop
      vertex 58.199 13.8432 35
      vertex 58.3744 10.2733 35
      vertex 58.3744 13.6067 35
    endloop
  endfacet
  facet normal 0 0 1
    outer loop
      vertex 58.199 13.8432 35
      vertex 58.199 10.0368 35
      vertex 58.3744 10.2733 35
    endloop
  endfacet
  facet normal 0 0 1
    outer loop
      vertex 58.0013 14.0613 35
      vertex 58.199 10.0368 35
      vertex 58.199 13.8432 35
    endloop
  endfacet
  facet normal 0 0 1
    outer loop
      vertex 58.0013 14.0613 35
      vertex 58.0013 9.81868 35
      vertex 58.199 10.0368 35
    endloop
  endfacet
  facet normal 0 0 1
    outer loop
      vertex 57.7832 14.259 35
      vertex 58.0013 9.81868 35
      vertex 58.0013 14.0613 35
    endloop
  endfacet
  facet normal 0 0 1
    outer loop
      vertex 57.7832 14.259 35
      vertex 57.7832 9.62097 35
      vertex 58.0013 9.81868 35
    endloop
  endfacet
  facet normal 0 0 1
    outer loop
      vertex 57.5467 14.4344 35
      vertex 57.7832 9.62097 35
      vertex 57.7832 14.259 35
    endloop
  endfacet
  facet normal 0 0 1
    outer loop
      vertex 57.5467 14.4344 35
      vertex 57.5467 9.44559 35
      vertex 57.7832 9.62097 35
    endloop
  endfacet
  facet normal 0 0 1
    outer loop
      vertex 57.2942 14.5858 35
      vertex 57.5467 9.44559 35
      vertex 57.5467 14.4344 35
    endloop
  endfacet
  facet normal 0 0 1
    outer loop
      vertex 57.2942 14.5858 35
      vertex 57.2942 9.29424 35
      vertex 57.5467 9.44559 35
    endloop
  endfacet
  facet normal 0 0 1
    outer loop
      vertex 57.028 14.7116 35
      vertex 57.2942 9.29424 35
      vertex 57.2942 14.5858 35
    endloop
  endfacet
  facet normal 0 0 1
    outer loop
      vertex 57.028 14.7116 35
      vertex 57.028 9.16836 35
      vertex 57.2942 9.29424 35
    endloop
  endfacet
  facet normal 0 0 1
    outer loop
      vertex 56.7509 14.8108 35
      vertex 57.028 9.16836 35
      vertex 57.028 14.7116 35
    endloop
  endfacet
  facet normal 0 0 1
    outer loop
      vertex 56.7509 14.8108 35
      vertex 56.7509 9.06918 35
      vertex 57.028 9.16836 35
    endloop
  endfacet
  facet normal 0 0 1
    outer loop
      vertex 56.4653 14.8824 35
      vertex 56.7509 9.06918 35
      vertex 56.7509 14.8108 35
    endloop
  endfacet
  facet normal 0 0 1
    outer loop
      vertex 56.4653 14.8824 35
      vertex 56.4653 8.99764 35
      vertex 56.7509 9.06918 35
    endloop
  endfacet
  facet normal 0 0 1
    outer loop
      vertex 56.174 14.9256 35
      vertex 56.4653 8.99764 35
      vertex 56.4653 14.8824 35
    endloop
  endfacet
  facet normal 0 0 1
    outer loop
      vertex 56.174 14.9256 35
      vertex 56.174 8.95444 35
      vertex 56.4653 8.99764 35
    endloop
  endfacet
  facet normal 0 0 1
    outer loop
      vertex 55.88 14.94 35
      vertex 56.174 8.95444 35
      vertex 56.174 14.9256 35
    endloop
  endfacet
  facet normal 0 0 1
    outer loop
      vertex 55.88 14.94 35
      vertex 55.88 8.94 35
      vertex 56.174 8.95444 35
    endloop
  endfacet
  facet normal -0 0 1
    outer loop
      vertex 55.5859 14.9256 35
      vertex 55.88 8.94 35
      vertex 55.88 14.94 35
    endloop
  endfacet
  facet normal 0 0 1
    outer loop
      vertex 55.5859 14.9256 35
      vertex 55.5859 8.95444 35
      vertex 55.88 8.94 35
    endloop
  endfacet
  facet normal -0 0 1
    outer loop
      vertex 55.2947 14.8824 35
      vertex 55.5859 8.95444 35
      vertex 55.5859 14.9256 35
    endloop
  endfacet
  facet normal 0 0 1
    outer loop
      vertex 55.2947 14.8824 35
      vertex 55.2947 8.99764 35
      vertex 55.5859 8.95444 35
    endloop
  endfacet
  facet normal -0 0 1
    outer loop
      vertex 55.0091 14.8108 35
      vertex 55.2947 8.99764 35
      vertex 55.2947 14.8824 35
    endloop
  endfacet
  facet normal 0 0 1
    outer loop
      vertex 55.0091 14.8108 35
      vertex 55.0091 9.06918 35
      vertex 55.2947 8.99764 35
    endloop
  endfacet
  facet normal -0 0 1
    outer loop
      vertex 54.7319 14.7116 35
      vertex 55.0091 9.06918 35
      vertex 55.0091 14.8108 35
    endloop
  endfacet
  facet normal 0 0 1
    outer loop
      vertex 54.7319 14.7116 35
      vertex 54.7319 9.16836 35
      vertex 55.0091 9.06918 35
    endloop
  endfacet
  facet normal -0 0 1
    outer loop
      vertex 54.4658 14.5858 35
      vertex 54.7319 9.16836 35
      vertex 54.7319 14.7116 35
    endloop
  endfacet
  facet normal 0 0 1
    outer loop
      vertex 54.4658 14.5858 35
      vertex 54.4658 9.29424 35
      vertex 54.7319 9.16836 35
    endloop
  endfacet
  facet normal -0 0 1
    outer loop
      vertex 54.2133 14.4344 35
      vertex 54.4658 9.29424 35
      vertex 54.4658 14.5858 35
    endloop
  endfacet
  facet normal 0 0 1
    outer loop
      vertex 54.2133 14.4344 35
      vertex 54.2133 9.44559 35
      vertex 54.4658 9.29424 35
    endloop
  endfacet
  facet normal -0 0 1
    outer loop
      vertex 53.9768 14.259 35
      vertex 54.2133 9.44559 35
      vertex 54.2133 14.4344 35
    endloop
  endfacet
  facet normal 0 0 1
    outer loop
      vertex 53.9768 14.259 35
      vertex 53.9768 9.62097 35
      vertex 54.2133 9.44559 35
    endloop
  endfacet
  facet normal -0 0 1
    outer loop
      vertex 53.7587 14.0613 35
      vertex 53.9768 9.62097 35
      vertex 53.9768 14.259 35
    endloop
  endfacet
  facet normal 0 0 1
    outer loop
      vertex 53.7587 14.0613 35
      vertex 53.7587 9.81868 35
      vertex 53.9768 9.62097 35
    endloop
  endfacet
  facet normal -0 0 1
    outer loop
      vertex 53.561 13.8432 35
      vertex 53.7587 9.81868 35
      vertex 53.7587 14.0613 35
    endloop
  endfacet
  facet normal 0 0 1
    outer loop
      vertex 53.561 13.8432 35
      vertex 53.561 10.0368 35
      vertex 53.7587 9.81868 35
    endloop
  endfacet
  facet normal -0 0 1
    outer loop
      vertex 53.3856 13.6067 35
      vertex 53.561 10.0368 35
      vertex 53.561 13.8432 35
    endloop
  endfacet
  facet normal 0 0 1
    outer loop
      vertex 53.3856 13.6067 35
      vertex 53.3856 10.2733 35
      vertex 53.561 10.0368 35
    endloop
  endfacet
  facet normal -0 0 1
    outer loop
      vertex 53.2342 13.3542 35
      vertex 53.3856 10.2733 35
      vertex 53.3856 13.6067 35
    endloop
  endfacet
  facet normal 0 0 1
    outer loop
      vertex 53.2342 13.3542 35
      vertex 53.2342 10.5258 35
      vertex 53.3856 10.2733 35
    endloop
  endfacet
  facet normal -0 0 1
    outer loop
      vertex 53.1084 13.088 35
      vertex 53.2342 10.5258 35
      vertex 53.2342 13.3542 35
    endloop
  endfacet
  facet normal 0 0 1
    outer loop
      vertex 53.1084 13.088 35
      vertex 53.1084 10.7919 35
      vertex 53.2342 10.5258 35
    endloop
  endfacet
  facet normal -0 0 1
    outer loop
      vertex 53.0092 12.8109 35
      vertex 53.1084 10.7919 35
      vertex 53.1084 13.088 35
    endloop
  endfacet
  facet normal 0 0 1
    outer loop
      vertex 53.0092 12.8109 35
      vertex 53.0092 11.0691 35
      vertex 53.1084 10.7919 35
    endloop
  endfacet
  facet normal -0 0 1
    outer loop
      vertex 52.9376 12.5253 35
      vertex 53.0092 11.0691 35
      vertex 53.0092 12.8109 35
    endloop
  endfacet
  facet normal 0 0 1
    outer loop
      vertex 52.9376 12.5253 35
      vertex 52.9376 11.3547 35
      vertex 53.0092 11.0691 35
    endloop
  endfacet
  facet normal -0 0 1
    outer loop
      vertex 52.8944 12.2341 35
      vertex 52.9376 11.3547 35
      vertex 52.9376 12.5253 35
    endloop
  endfacet
  facet normal 0 0 1
    outer loop
      vertex 52.8944 12.2341 35
      vertex 52.8944 11.6459 35
      vertex 52.9376 11.3547 35
    endloop
  endfacet
  facet normal 0 -0 1
    outer loop
      vertex 52.8944 11.6459 35
      vertex 52.8944 12.2341 35
      vertex 52.88 11.94 35
    endloop
  endfacet
  facet normal -0.427491 0.90402 0
    outer loop
      vertex 57.2942 9.29424 35
      vertex 57.028 9.16836 55
      vertex 57.2942 9.29424 55
    endloop
  endfacet
  facet normal -0.427491 0.90402 0
    outer loop
      vertex 57.028 9.16836 55
      vertex 57.2942 9.29424 35
      vertex 57.028 9.16836 35
    endloop
  endfacet
  facet normal 0.740908 -0.671607 0
    outer loop
      vertex 53.561 13.8432 55
      vertex 53.7587 14.0613 35
      vertex 53.7587 14.0613 55
    endloop
  endfacet
  facet normal 0.740908 -0.671607 0
    outer loop
      vertex 53.7587 14.0613 35
      vertex 53.561 13.8432 55
      vertex 53.561 13.8432 35
    endloop
  endfacet
  facet normal 0.941488 -0.337047 0
    outer loop
      vertex 53.0092 12.8109 55
      vertex 53.1084 13.088 35
      vertex 53.1084 13.088 55
    endloop
  endfacet
  facet normal 0.941488 -0.337047 0
    outer loop
      vertex 53.1084 13.088 35
      vertex 53.0092 12.8109 55
      vertex 53.0092 12.8109 35
    endloop
  endfacet
  facet normal 0.595699 -0.803208 0
    outer loop
      vertex 53.9768 14.259 35
      vertex 54.2133 14.4344 55
      vertex 53.9768 14.259 55
    endloop
  endfacet
  facet normal 0.595699 -0.803208 0
    outer loop
      vertex 54.2133 14.4344 55
      vertex 53.9768 14.259 35
      vertex 54.2133 14.4344 35
    endloop
  endfacet
  facet normal 0.4274 -0.904063 0
    outer loop
      vertex 54.4658 14.5858 35
      vertex 54.7319 14.7116 55
      vertex 54.4658 14.5858 55
    endloop
  endfacet
  facet normal 0.4274 -0.904063 0
    outer loop
      vertex 54.7319 14.7116 55
      vertex 54.4658 14.5858 35
      vertex 54.7319 14.7116 35
    endloop
  endfacet
  facet normal -0.989174 0.146746 0
    outer loop
      vertex 58.8224 11.3547 35
      vertex 58.8656 11.6459 55
      vertex 58.8656 11.6459 35
    endloop
  endfacet
  facet normal -0.989174 0.146746 0
    outer loop
      vertex 58.8656 11.6459 55
      vertex 58.8224 11.3547 35
      vertex 58.8224 11.3547 55
    endloop
  endfacet
  facet normal -0.803208 0.595699 0
    outer loop
      vertex 58.199 10.0368 35
      vertex 58.3744 10.2733 55
      vertex 58.3744 10.2733 35
    endloop
  endfacet
  facet normal -0.803208 0.595699 0
    outer loop
      vertex 58.3744 10.2733 55
      vertex 58.199 10.0368 35
      vertex 58.199 10.0368 55
    endloop
  endfacet
  facet normal -0.671625 0.740891 0
    outer loop
      vertex 58.0013 9.81868 35
      vertex 57.7832 9.62097 55
      vertex 58.0013 9.81868 55
    endloop
  endfacet
  facet normal -0.671625 0.740891 0
    outer loop
      vertex 57.7832 9.62097 55
      vertex 58.0013 9.81868 35
      vertex 57.7832 9.62097 35
    endloop
  endfacet
  facet normal 0.671625 0.740891 -0
    outer loop
      vertex 53.9768 9.62097 35
      vertex 53.7587 9.81868 55
      vertex 53.9768 9.62097 55
    endloop
  endfacet
  facet normal 0.671625 0.740891 0
    outer loop
      vertex 53.7587 9.81868 55
      vertex 53.9768 9.62097 35
      vertex 53.7587 9.81868 35
    endloop
  endfacet
  facet normal 0.740938 0.671573 0
    outer loop
      vertex 53.7587 9.81868 55
      vertex 53.561 10.0368 35
      vertex 53.561 10.0368 55
    endloop
  endfacet
  facet normal 0.740938 0.671573 0
    outer loop
      vertex 53.561 10.0368 35
      vertex 53.7587 9.81868 55
      vertex 53.7587 9.81868 35
    endloop
  endfacet
  facet normal 0.904063 0.4274 0
    outer loop
      vertex 53.2342 10.5258 55
      vertex 53.1084 10.7919 35
      vertex 53.1084 10.7919 55
    endloop
  endfacet
  facet normal 0.904063 0.4274 0
    outer loop
      vertex 53.1084 10.7919 35
      vertex 53.2342 10.5258 55
      vertex 53.2342 10.5258 35
    endloop
  endfacet
  facet normal 0.969982 0.243175 0
    outer loop
      vertex 53.0092 11.0691 55
      vertex 52.9376 11.3547 35
      vertex 52.9376 11.3547 55
    endloop
  endfacet
  facet normal 0.969982 0.243175 0
    outer loop
      vertex 52.9376 11.3547 35
      vertex 53.0092 11.0691 55
      vertex 53.0092 11.0691 35
    endloop
  endfacet
  facet normal 0.941527 0.336939 0
    outer loop
      vertex 53.1084 10.7919 55
      vertex 53.0092 11.0691 35
      vertex 53.0092 11.0691 55
    endloop
  endfacet
  facet normal 0.941527 0.336939 0
    outer loop
      vertex 53.0092 11.0691 35
      vertex 53.1084 10.7919 55
      vertex 53.1084 10.7919 35
    endloop
  endfacet
  facet normal -0.941527 0.336939 0
    outer loop
      vertex 58.6516 10.7919 35
      vertex 58.7508 11.0691 55
      vertex 58.7508 11.0691 35
    endloop
  endfacet
  facet normal -0.941527 0.336939 0
    outer loop
      vertex 58.7508 11.0691 55
      vertex 58.6516 10.7919 35
      vertex 58.6516 10.7919 55
    endloop
  endfacet
  facet normal -0.969982 0.243175 0
    outer loop
      vertex 58.7508 11.0691 35
      vertex 58.8224 11.3547 55
      vertex 58.8224 11.3547 35
    endloop
  endfacet
  facet normal -0.969982 0.243175 0
    outer loop
      vertex 58.8224 11.3547 55
      vertex 58.7508 11.0691 35
      vertex 58.7508 11.0691 55
    endloop
  endfacet
  facet normal -0.857643 0.514246 0
    outer loop
      vertex 58.3744 10.2733 35
      vertex 58.5258 10.5258 55
      vertex 58.5258 10.5258 35
    endloop
  endfacet
  facet normal -0.857643 0.514246 0
    outer loop
      vertex 58.5258 10.5258 55
      vertex 58.3744 10.2733 35
      vertex 58.3744 10.2733 55
    endloop
  endfacet
  facet normal 0.514121 0.857718 -0
    outer loop
      vertex 54.4658 9.29424 35
      vertex 54.2133 9.44559 55
      vertex 54.4658 9.29424 55
    endloop
  endfacet
  facet normal 0.514121 0.857718 0
    outer loop
      vertex 54.2133 9.44559 55
      vertex 54.4658 9.29424 35
      vertex 54.2133 9.44559 35
    endloop
  endfacet
  facet normal 0.857643 0.514246 0
    outer loop
      vertex 53.3856 10.2733 55
      vertex 53.2342 10.5258 35
      vertex 53.2342 10.5258 55
    endloop
  endfacet
  facet normal 0.857643 0.514246 0
    outer loop
      vertex 53.2342 10.5258 35
      vertex 53.3856 10.2733 55
      vertex 53.3856 10.2733 35
    endloop
  endfacet
  facet normal 0.989174 0.146746 0
    outer loop
      vertex 52.9376 11.3547 55
      vertex 52.8944 11.6459 35
      vertex 52.8944 11.6459 55
    endloop
  endfacet
  facet normal 0.989174 0.146746 0
    outer loop
      vertex 52.8944 11.6459 35
      vertex 52.9376 11.3547 55
      vertex 52.9376 11.3547 35
    endloop
  endfacet
  facet normal 0.998803 0.0489044 0
    outer loop
      vertex 52.8944 11.6459 55
      vertex 52.88 11.94 35
      vertex 52.88 11.94 55
    endloop
  endfacet
  facet normal 0.998803 0.0489044 0
    outer loop
      vertex 52.88 11.94 35
      vertex 52.8944 11.6459 55
      vertex 52.8944 11.6459 35
    endloop
  endfacet
  facet normal -0.242983 0.970031 0
    outer loop
      vertex 56.7509 9.06918 35
      vertex 56.4653 8.99764 55
      vertex 56.7509 9.06918 55
    endloop
  endfacet
  facet normal -0.242983 0.970031 0
    outer loop
      vertex 56.4653 8.99764 55
      vertex 56.7509 9.06918 35
      vertex 56.4653 8.99764 35
    endloop
  endfacet
  facet normal -0.336986 0.94151 0
    outer loop
      vertex 57.028 9.16836 35
      vertex 56.7509 9.06918 55
      vertex 57.028 9.16836 55
    endloop
  endfacet
  facet normal -0.336986 0.94151 0
    outer loop
      vertex 56.7509 9.06918 55
      vertex 57.028 9.16836 35
      vertex 56.7509 9.06918 35
    endloop
  endfacet
  facet normal -0.595655 0.803241 0
    outer loop
      vertex 57.7832 9.62097 35
      vertex 57.5467 9.44559 55
      vertex 57.7832 9.62097 55
    endloop
  endfacet
  facet normal -0.595655 0.803241 0
    outer loop
      vertex 57.5467 9.44559 55
      vertex 57.7832 9.62097 35
      vertex 57.5467 9.44559 35
    endloop
  endfacet
  facet normal -0.514121 0.857718 0
    outer loop
      vertex 57.5467 9.44559 35
      vertex 57.2942 9.29424 55
      vertex 57.5467 9.44559 55
    endloop
  endfacet
  facet normal -0.514121 0.857718 0
    outer loop
      vertex 57.2942 9.29424 55
      vertex 57.5467 9.44559 35
      vertex 57.2942 9.29424 35
    endloop
  endfacet
  facet normal 0.146746 0.989174 -0
    outer loop
      vertex 55.5859 8.95444 35
      vertex 55.2947 8.99764 55
      vertex 55.5859 8.95444 55
    endloop
  endfacet
  facet normal 0.146746 0.989174 0
    outer loop
      vertex 55.2947 8.99764 55
      vertex 55.5859 8.95444 35
      vertex 55.2947 8.99764 35
    endloop
  endfacet
  facet normal 0.336879 0.941548 -0
    outer loop
      vertex 55.0091 9.06918 35
      vertex 54.7319 9.16836 55
      vertex 55.0091 9.06918 55
    endloop
  endfacet
  facet normal 0.336879 0.941548 0
    outer loop
      vertex 54.7319 9.16836 55
      vertex 55.0091 9.06918 35
      vertex 54.7319 9.16836 35
    endloop
  endfacet
  facet normal 0.427622 0.903958 -0
    outer loop
      vertex 54.7319 9.16836 35
      vertex 54.4658 9.29424 55
      vertex 54.7319 9.16836 55
    endloop
  endfacet
  facet normal 0.427622 0.903958 0
    outer loop
      vertex 54.4658 9.29424 55
      vertex 54.7319 9.16836 35
      vertex 54.4658 9.29424 35
    endloop
  endfacet
  facet normal 0.595655 0.803241 -0
    outer loop
      vertex 54.2133 9.44559 35
      vertex 53.9768 9.62097 55
      vertex 54.2133 9.44559 55
    endloop
  endfacet
  facet normal 0.595655 0.803241 0
    outer loop
      vertex 53.9768 9.62097 55
      vertex 54.2133 9.44559 35
      vertex 53.9768 9.62097 35
    endloop
  endfacet
  facet normal 0.0490399 0.998797 -0
    outer loop
      vertex 55.88 8.94 35
      vertex 55.5859 8.95444 55
      vertex 55.88 8.94 55
    endloop
  endfacet
  facet normal 0.0490399 0.998797 0
    outer loop
      vertex 55.5859 8.95444 55
      vertex 55.88 8.94 35
      vertex 55.5859 8.95444 35
    endloop
  endfacet
  facet normal 0.242983 0.970031 -0
    outer loop
      vertex 55.2947 8.99764 35
      vertex 55.0091 9.06918 55
      vertex 55.2947 8.99764 55
    endloop
  endfacet
  facet normal 0.242983 0.970031 0
    outer loop
      vertex 55.0091 9.06918 55
      vertex 55.2947 8.99764 35
      vertex 55.0091 9.06918 35
    endloop
  endfacet
  facet normal -0.857643 -0.514246 0
    outer loop
      vertex 58.5258 32.9142 35
      vertex 58.3744 33.1667 55
      vertex 58.3744 33.1667 35
    endloop
  endfacet
  facet normal -0.857643 -0.514246 0
    outer loop
      vertex 58.3744 33.1667 55
      vertex 58.5258 32.9142 35
      vertex 58.5258 32.9142 55
    endloop
  endfacet
  facet normal -0.427269 -0.904125 0
    outer loop
      vertex 57.028 34.2716 35
      vertex 57.2942 34.1458 55
      vertex 57.028 34.2716 55
    endloop
  endfacet
  facet normal -0.427269 -0.904125 -0
    outer loop
      vertex 57.2942 34.1458 55
      vertex 57.028 34.2716 35
      vertex 57.2942 34.1458 35
    endloop
  endfacet
  facet normal 0.336939 -0.941527 0
    outer loop
      vertex 54.7319 34.2716 35
      vertex 55.0091 34.3708 55
      vertex 54.7319 34.2716 55
    endloop
  endfacet
  facet normal 0.336939 -0.941527 0
    outer loop
      vertex 55.0091 34.3708 55
      vertex 54.7319 34.2716 35
      vertex 55.0091 34.3708 35
    endloop
  endfacet
  facet normal 0.904125 -0.427269 0
    outer loop
      vertex 53.1084 32.648 55
      vertex 53.2342 32.9142 35
      vertex 53.2342 32.9142 55
    endloop
  endfacet
  facet normal 0.904125 -0.427269 0
    outer loop
      vertex 53.2342 32.9142 35
      vertex 53.1084 32.648 55
      vertex 53.1084 32.648 35
    endloop
  endfacet
  facet normal -0.998803 0.0489044 0
    outer loop
      vertex 58.8656 31.2059 35
      vertex 58.88 31.5 55
      vertex 58.88 31.5 35
    endloop
  endfacet
  facet normal -0.998803 0.0489044 0
    outer loop
      vertex 58.88 31.5 55
      vertex 58.8656 31.2059 35
      vertex 58.8656 31.2059 55
    endloop
  endfacet
  facet normal -0.146696 -0.989182 0
    outer loop
      vertex 56.174 34.4856 35
      vertex 56.4653 34.4424 55
      vertex 56.174 34.4856 55
    endloop
  endfacet
  facet normal -0.146696 -0.989182 -0
    outer loop
      vertex 56.4653 34.4424 55
      vertex 56.174 34.4856 35
      vertex 56.4653 34.4424 35
    endloop
  endfacet
  facet normal -0.595699 -0.803208 0
    outer loop
      vertex 57.5467 33.9944 35
      vertex 57.7832 33.819 55
      vertex 57.5467 33.9944 55
    endloop
  endfacet
  facet normal -0.595699 -0.803208 -0
    outer loop
      vertex 57.7832 33.819 55
      vertex 57.5467 33.9944 35
      vertex 57.7832 33.819 35
    endloop
  endfacet
  facet normal 0.989174 -0.146746 0
    outer loop
      vertex 52.8944 31.7941 55
      vertex 52.9376 32.0853 35
      vertex 52.9376 32.0853 55
    endloop
  endfacet
  facet normal 0.989174 -0.146746 0
    outer loop
      vertex 52.9376 32.0853 35
      vertex 52.8944 31.7941 55
      vertex 52.8944 31.7941 35
    endloop
  endfacet
  facet normal 0.740908 -0.671607 0
    outer loop
      vertex 53.561 33.4032 55
      vertex 53.7587 33.6213 35
      vertex 53.7587 33.6213 55
    endloop
  endfacet
  facet normal 0.740908 -0.671607 0
    outer loop
      vertex 53.7587 33.6213 35
      vertex 53.561 33.4032 55
      vertex 53.561 33.4032 35
    endloop
  endfacet
  facet normal 0.146746 -0.989174 0
    outer loop
      vertex 55.2947 34.4424 35
      vertex 55.5859 34.4856 55
      vertex 55.2947 34.4424 55
    endloop
  endfacet
  facet normal 0.146746 -0.989174 0
    outer loop
      vertex 55.5859 34.4856 55
      vertex 55.2947 34.4424 35
      vertex 55.5859 34.4856 35
    endloop
  endfacet
  facet normal -0.514246 0.857643 0
    outer loop
      vertex 57.5467 29.0056 35
      vertex 57.2942 28.8542 55
      vertex 57.5467 29.0056 55
    endloop
  endfacet
  facet normal -0.514246 0.857643 0
    outer loop
      vertex 57.2942 28.8542 55
      vertex 57.5467 29.0056 35
      vertex 57.2942 28.8542 35
    endloop
  endfacet
  facet normal 0.671607 0.740908 -0
    outer loop
      vertex 53.9768 29.181 35
      vertex 53.7587 29.3787 55
      vertex 53.9768 29.181 55
    endloop
  endfacet
  facet normal 0.671607 0.740908 0
    outer loop
      vertex 53.7587 29.3787 55
      vertex 53.9768 29.181 35
      vertex 53.7587 29.3787 35
    endloop
  endfacet
  facet normal 0.904063 0.4274 0
    outer loop
      vertex 53.2342 30.0858 55
      vertex 53.1084 30.3519 35
      vertex 53.1084 30.3519 55
    endloop
  endfacet
  facet normal 0.904063 0.4274 0
    outer loop
      vertex 53.1084 30.3519 35
      vertex 53.2342 30.0858 55
      vertex 53.2342 30.0858 35
    endloop
  endfacet
  facet normal -0.989174 -0.146746 0
    outer loop
      vertex 58.8656 31.7941 35
      vertex 58.8224 32.0853 55
      vertex 58.8224 32.0853 35
    endloop
  endfacet
  facet normal -0.989174 -0.146746 0
    outer loop
      vertex 58.8224 32.0853 55
      vertex 58.8656 31.7941 35
      vertex 58.8656 31.7941 55
    endloop
  endfacet
  facet normal -0.740908 -0.671607 0
    outer loop
      vertex 58.199 33.4032 35
      vertex 58.0013 33.6213 55
      vertex 58.0013 33.6213 35
    endloop
  endfacet
  facet normal -0.740908 -0.671607 0
    outer loop
      vertex 58.0013 33.6213 55
      vertex 58.199 33.4032 35
      vertex 58.199 33.4032 55
    endloop
  endfacet
  facet normal -0.803208 -0.595699 0
    outer loop
      vertex 58.3744 33.1667 35
      vertex 58.199 33.4032 55
      vertex 58.199 33.4032 35
    endloop
  endfacet
  facet normal -0.803208 -0.595699 0
    outer loop
      vertex 58.199 33.4032 55
      vertex 58.3744 33.1667 35
      vertex 58.3744 33.1667 55
    endloop
  endfacet
  facet normal -0.0489209 -0.998803 0
    outer loop
      vertex 55.88 34.5 35
      vertex 56.174 34.4856 55
      vertex 55.88 34.5 55
    endloop
  endfacet
  facet normal -0.0489209 -0.998803 -0
    outer loop
      vertex 56.174 34.4856 55
      vertex 55.88 34.5 35
      vertex 56.174 34.4856 35
    endloop
  endfacet
  facet normal -0.337047 -0.941488 0
    outer loop
      vertex 56.7509 34.3708 35
      vertex 57.028 34.2716 55
      vertex 56.7509 34.3708 55
    endloop
  endfacet
  facet normal -0.337047 -0.941488 -0
    outer loop
      vertex 57.028 34.2716 55
      vertex 56.7509 34.3708 35
      vertex 57.028 34.2716 35
    endloop
  endfacet
  facet normal -0.243175 -0.969982 0
    outer loop
      vertex 56.4653 34.4424 35
      vertex 56.7509 34.3708 55
      vertex 56.4653 34.4424 55
    endloop
  endfacet
  facet normal -0.243175 -0.969982 -0
    outer loop
      vertex 56.7509 34.3708 55
      vertex 56.4653 34.4424 35
      vertex 56.7509 34.3708 35
    endloop
  endfacet
  facet normal -0.514246 -0.857643 0
    outer loop
      vertex 57.2942 34.1458 35
      vertex 57.5467 33.9944 55
      vertex 57.2942 34.1458 55
    endloop
  endfacet
  facet normal -0.514246 -0.857643 -0
    outer loop
      vertex 57.5467 33.9944 55
      vertex 57.2942 34.1458 35
      vertex 57.5467 33.9944 35
    endloop
  endfacet
  facet normal -0.671607 -0.740908 0
    outer loop
      vertex 57.7832 33.819 35
      vertex 58.0013 33.6213 55
      vertex 57.7832 33.819 55
    endloop
  endfacet
  facet normal -0.671607 -0.740908 -0
    outer loop
      vertex 58.0013 33.6213 55
      vertex 57.7832 33.819 35
      vertex 58.0013 33.6213 35
    endloop
  endfacet
  facet normal 0.998803 -0.0489044 0
    outer loop
      vertex 52.88 31.5 55
      vertex 52.8944 31.7941 35
      vertex 52.8944 31.7941 55
    endloop
  endfacet
  facet normal 0.998803 -0.0489044 0
    outer loop
      vertex 52.8944 31.7941 35
      vertex 52.88 31.5 55
      vertex 52.88 31.5 35
    endloop
  endfacet
  facet normal 0.941488 -0.337047 0
    outer loop
      vertex 53.0092 32.3709 55
      vertex 53.1084 32.648 35
      vertex 53.1084 32.648 55
    endloop
  endfacet
  facet normal 0.941488 -0.337047 0
    outer loop
      vertex 53.1084 32.648 35
      vertex 53.0092 32.3709 55
      vertex 53.0092 32.3709 35
    endloop
  endfacet
  facet normal 0.969982 -0.243175 0
    outer loop
      vertex 52.9376 32.0853 55
      vertex 53.0092 32.3709 35
      vertex 53.0092 32.3709 55
    endloop
  endfacet
  facet normal 0.969982 -0.243175 0
    outer loop
      vertex 53.0092 32.3709 35
      vertex 52.9376 32.0853 55
      vertex 52.9376 32.0853 35
    endloop
  endfacet
  facet normal 0.857643 -0.514246 0
    outer loop
      vertex 53.2342 32.9142 55
      vertex 53.3856 33.1667 35
      vertex 53.3856 33.1667 55
    endloop
  endfacet
  facet normal 0.857643 -0.514246 0
    outer loop
      vertex 53.3856 33.1667 35
      vertex 53.2342 32.9142 55
      vertex 53.2342 32.9142 35
    endloop
  endfacet
  facet normal 0.803208 -0.595699 0
    outer loop
      vertex 53.3856 33.1667 55
      vertex 53.561 33.4032 35
      vertex 53.561 33.4032 55
    endloop
  endfacet
  facet normal 0.803208 -0.595699 0
    outer loop
      vertex 53.561 33.4032 35
      vertex 53.3856 33.1667 55
      vertex 53.3856 33.1667 35
    endloop
  endfacet
  facet normal 0.243175 -0.969982 0
    outer loop
      vertex 55.0091 34.3708 35
      vertex 55.2947 34.4424 55
      vertex 55.0091 34.3708 55
    endloop
  endfacet
  facet normal 0.243175 -0.969982 0
    outer loop
      vertex 55.2947 34.4424 55
      vertex 55.0091 34.3708 35
      vertex 55.2947 34.4424 35
    endloop
  endfacet
  facet normal 0.0489044 -0.998803 0
    outer loop
      vertex 55.5859 34.4856 35
      vertex 55.88 34.5 55
      vertex 55.5859 34.4856 55
    endloop
  endfacet
  facet normal 0.0489044 -0.998803 0
    outer loop
      vertex 55.88 34.5 55
      vertex 55.5859 34.4856 35
      vertex 55.88 34.5 35
    endloop
  endfacet
  facet normal 0.514246 -0.857643 0
    outer loop
      vertex 54.2133 33.9944 35
      vertex 54.4658 34.1458 55
      vertex 54.2133 33.9944 55
    endloop
  endfacet
  facet normal 0.514246 -0.857643 0
    outer loop
      vertex 54.4658 34.1458 55
      vertex 54.2133 33.9944 35
      vertex 54.4658 34.1458 35
    endloop
  endfacet
  facet normal 0.595699 -0.803208 0
    outer loop
      vertex 53.9768 33.819 35
      vertex 54.2133 33.9944 55
      vertex 53.9768 33.819 55
    endloop
  endfacet
  facet normal 0.595699 -0.803208 0
    outer loop
      vertex 54.2133 33.9944 55
      vertex 53.9768 33.819 35
      vertex 54.2133 33.9944 35
    endloop
  endfacet
  facet normal 0.4274 -0.904063 0
    outer loop
      vertex 54.4658 34.1458 35
      vertex 54.7319 34.2716 55
      vertex 54.4658 34.1458 55
    endloop
  endfacet
  facet normal 0.4274 -0.904063 0
    outer loop
      vertex 54.7319 34.2716 55
      vertex 54.4658 34.1458 35
      vertex 54.7319 34.2716 35
    endloop
  endfacet
  facet normal 0.671607 -0.740908 0
    outer loop
      vertex 53.7587 33.6213 35
      vertex 53.9768 33.819 55
      vertex 53.7587 33.6213 55
    endloop
  endfacet
  facet normal 0.671607 -0.740908 0
    outer loop
      vertex 53.9768 33.819 55
      vertex 53.7587 33.6213 35
      vertex 53.9768 33.819 35
    endloop
  endfacet
  facet normal -0.998803 -0.0489044 0
    outer loop
      vertex 58.88 31.5 35
      vertex 58.8656 31.7941 55
      vertex 58.8656 31.7941 35
    endloop
  endfacet
  facet normal -0.998803 -0.0489044 0
    outer loop
      vertex 58.8656 31.7941 55
      vertex 58.88 31.5 35
      vertex 58.88 31.5 55
    endloop
  endfacet
  facet normal -0.969982 0.243175 0
    outer loop
      vertex 58.7508 30.6291 35
      vertex 58.8224 30.9147 55
      vertex 58.8224 30.9147 35
    endloop
  endfacet
  facet normal -0.969982 0.243175 0
    outer loop
      vertex 58.8224 30.9147 55
      vertex 58.7508 30.6291 35
      vertex 58.7508 30.6291 55
    endloop
  endfacet
  facet normal -0.803208 0.595699 0
    outer loop
      vertex 58.199 29.5968 35
      vertex 58.3744 29.8333 55
      vertex 58.3744 29.8333 35
    endloop
  endfacet
  facet normal -0.803208 0.595699 0
    outer loop
      vertex 58.3744 29.8333 55
      vertex 58.199 29.5968 35
      vertex 58.199 29.5968 55
    endloop
  endfacet
  facet normal -0.0489209 0.998803 0
    outer loop
      vertex 56.174 28.5144 35
      vertex 55.88 28.5 55
      vertex 56.174 28.5144 55
    endloop
  endfacet
  facet normal -0.0489209 0.998803 0
    outer loop
      vertex 55.88 28.5 55
      vertex 56.174 28.5144 35
      vertex 55.88 28.5 35
    endloop
  endfacet
  facet normal 0.969982 0.243175 0
    outer loop
      vertex 53.0092 30.6291 55
      vertex 52.9376 30.9147 35
      vertex 52.9376 30.9147 55
    endloop
  endfacet
  facet normal 0.969982 0.243175 0
    outer loop
      vertex 52.9376 30.9147 35
      vertex 53.0092 30.6291 55
      vertex 53.0092 30.6291 35
    endloop
  endfacet
  facet normal 0.803208 0.595699 0
    outer loop
      vertex 53.561 29.5968 55
      vertex 53.3856 29.8333 35
      vertex 53.3856 29.8333 55
    endloop
  endfacet
  facet normal 0.803208 0.595699 0
    outer loop
      vertex 53.3856 29.8333 35
      vertex 53.561 29.5968 55
      vertex 53.561 29.5968 35
    endloop
  endfacet
  facet normal -0.904125 -0.427269 0
    outer loop
      vertex 58.6516 32.648 35
      vertex 58.5258 32.9142 55
      vertex 58.5258 32.9142 35
    endloop
  endfacet
  facet normal -0.904125 -0.427269 0
    outer loop
      vertex 58.5258 32.9142 55
      vertex 58.6516 32.648 35
      vertex 58.6516 32.648 55
    endloop
  endfacet
  facet normal -0.941488 -0.337047 0
    outer loop
      vertex 58.7508 32.3709 35
      vertex 58.6516 32.648 55
      vertex 58.6516 32.648 35
    endloop
  endfacet
  facet normal -0.941488 -0.337047 0
    outer loop
      vertex 58.6516 32.648 55
      vertex 58.7508 32.3709 35
      vertex 58.7508 32.3709 55
    endloop
  endfacet
  facet normal -0.969982 -0.243175 0
    outer loop
      vertex 58.8224 32.0853 35
      vertex 58.7508 32.3709 55
      vertex 58.7508 32.3709 35
    endloop
  endfacet
  facet normal -0.969982 -0.243175 0
    outer loop
      vertex 58.7508 32.3709 55
      vertex 58.8224 32.0853 35
      vertex 58.8224 32.0853 55
    endloop
  endfacet
  facet normal -0.989174 0.146746 0
    outer loop
      vertex 58.8224 30.9147 35
      vertex 58.8656 31.2059 55
      vertex 58.8656 31.2059 35
    endloop
  endfacet
  facet normal -0.989174 0.146746 0
    outer loop
      vertex 58.8656 31.2059 55
      vertex 58.8224 30.9147 35
      vertex 58.8224 30.9147 55
    endloop
  endfacet
  facet normal -0.904063 0.4274 0
    outer loop
      vertex 58.5258 30.0858 35
      vertex 58.6516 30.3519 55
      vertex 58.6516 30.3519 35
    endloop
  endfacet
  facet normal -0.904063 0.4274 0
    outer loop
      vertex 58.6516 30.3519 55
      vertex 58.5258 30.0858 35
      vertex 58.5258 30.0858 55
    endloop
  endfacet
  facet normal -0.941527 0.336939 0
    outer loop
      vertex 58.6516 30.3519 35
      vertex 58.7508 30.6291 55
      vertex 58.7508 30.6291 35
    endloop
  endfacet
  facet normal -0.941527 0.336939 0
    outer loop
      vertex 58.7508 30.6291 55
      vertex 58.6516 30.3519 35
      vertex 58.6516 30.3519 55
    endloop
  endfacet
  facet normal -0.740908 0.671607 0
    outer loop
      vertex 58.0013 29.3787 35
      vertex 58.199 29.5968 55
      vertex 58.199 29.5968 35
    endloop
  endfacet
  facet normal -0.740908 0.671607 0
    outer loop
      vertex 58.199 29.5968 55
      vertex 58.0013 29.3787 35
      vertex 58.0013 29.3787 55
    endloop
  endfacet
  facet normal 0 0 1
    outer loop
      vertex 58.8656 31.7941 35
      vertex 58.8656 31.2059 35
      vertex 58.88 31.5 35
    endloop
  endfacet
  facet normal 0 0 1
    outer loop
      vertex 58.8224 32.0853 35
      vertex 58.8656 31.2059 35
      vertex 58.8656 31.7941 35
    endloop
  endfacet
  facet normal 0 0 1
    outer loop
      vertex 58.8224 32.0853 35
      vertex 58.8224 30.9147 35
      vertex 58.8656 31.2059 35
    endloop
  endfacet
  facet normal 0 0 1
    outer loop
      vertex 58.7508 32.3709 35
      vertex 58.8224 30.9147 35
      vertex 58.8224 32.0853 35
    endloop
  endfacet
  facet normal 0 0 1
    outer loop
      vertex 58.7508 32.3709 35
      vertex 58.7508 30.6291 35
      vertex 58.8224 30.9147 35
    endloop
  endfacet
  facet normal 0 0 1
    outer loop
      vertex 58.6516 32.648 35
      vertex 58.7508 30.6291 35
      vertex 58.7508 32.3709 35
    endloop
  endfacet
  facet normal 0 0 1
    outer loop
      vertex 58.6516 32.648 35
      vertex 58.6516 30.3519 35
      vertex 58.7508 30.6291 35
    endloop
  endfacet
  facet normal 0 0 1
    outer loop
      vertex 58.5258 32.9142 35
      vertex 58.6516 30.3519 35
      vertex 58.6516 32.648 35
    endloop
  endfacet
  facet normal 0 0 1
    outer loop
      vertex 58.5258 32.9142 35
      vertex 58.5258 30.0858 35
      vertex 58.6516 30.3519 35
    endloop
  endfacet
  facet normal 0 0 1
    outer loop
      vertex 58.3744 33.1667 35
      vertex 58.5258 30.0858 35
      vertex 58.5258 32.9142 35
    endloop
  endfacet
  facet normal 0 0 1
    outer loop
      vertex 58.3744 33.1667 35
      vertex 58.3744 29.8333 35
      vertex 58.5258 30.0858 35
    endloop
  endfacet
  facet normal 0 0 1
    outer loop
      vertex 58.199 33.4032 35
      vertex 58.3744 29.8333 35
      vertex 58.3744 33.1667 35
    endloop
  endfacet
  facet normal 0 0 1
    outer loop
      vertex 58.199 33.4032 35
      vertex 58.199 29.5968 35
      vertex 58.3744 29.8333 35
    endloop
  endfacet
  facet normal 0 0 1
    outer loop
      vertex 58.0013 33.6213 35
      vertex 58.199 29.5968 35
      vertex 58.199 33.4032 35
    endloop
  endfacet
  facet normal 0 0 1
    outer loop
      vertex 58.0013 33.6213 35
      vertex 58.0013 29.3787 35
      vertex 58.199 29.5968 35
    endloop
  endfacet
  facet normal 0 0 1
    outer loop
      vertex 57.7832 33.819 35
      vertex 58.0013 29.3787 35
      vertex 58.0013 33.6213 35
    endloop
  endfacet
  facet normal 0 0 1
    outer loop
      vertex 57.7832 33.819 35
      vertex 57.7832 29.181 35
      vertex 58.0013 29.3787 35
    endloop
  endfacet
  facet normal 0 0 1
    outer loop
      vertex 57.5467 33.9944 35
      vertex 57.7832 29.181 35
      vertex 57.7832 33.819 35
    endloop
  endfacet
  facet normal 0 0 1
    outer loop
      vertex 57.5467 33.9944 35
      vertex 57.5467 29.0056 35
      vertex 57.7832 29.181 35
    endloop
  endfacet
  facet normal 0 0 1
    outer loop
      vertex 57.2942 34.1458 35
      vertex 57.5467 29.0056 35
      vertex 57.5467 33.9944 35
    endloop
  endfacet
  facet normal 0 0 1
    outer loop
      vertex 57.2942 34.1458 35
      vertex 57.2942 28.8542 35
      vertex 57.5467 29.0056 35
    endloop
  endfacet
  facet normal 0 0 1
    outer loop
      vertex 57.028 34.2716 35
      vertex 57.2942 28.8542 35
      vertex 57.2942 34.1458 35
    endloop
  endfacet
  facet normal 0 0 1
    outer loop
      vertex 57.028 34.2716 35
      vertex 57.028 28.7284 35
      vertex 57.2942 28.8542 35
    endloop
  endfacet
  facet normal 0 0 1
    outer loop
      vertex 56.7509 34.3708 35
      vertex 57.028 28.7284 35
      vertex 57.028 34.2716 35
    endloop
  endfacet
  facet normal 0 0 1
    outer loop
      vertex 56.7509 34.3708 35
      vertex 56.7509 28.6292 35
      vertex 57.028 28.7284 35
    endloop
  endfacet
  facet normal 0 0 1
    outer loop
      vertex 56.4653 34.4424 35
      vertex 56.7509 28.6292 35
      vertex 56.7509 34.3708 35
    endloop
  endfacet
  facet normal 0 0 1
    outer loop
      vertex 56.4653 34.4424 35
      vertex 56.4653 28.5576 35
      vertex 56.7509 28.6292 35
    endloop
  endfacet
  facet normal 0 0 1
    outer loop
      vertex 56.174 34.4856 35
      vertex 56.4653 28.5576 35
      vertex 56.4653 34.4424 35
    endloop
  endfacet
  facet normal 0 0 1
    outer loop
      vertex 56.174 34.4856 35
      vertex 56.174 28.5144 35
      vertex 56.4653 28.5576 35
    endloop
  endfacet
  facet normal 0 0 1
    outer loop
      vertex 55.88 34.5 35
      vertex 56.174 28.5144 35
      vertex 56.174 34.4856 35
    endloop
  endfacet
  facet normal 0 0 1
    outer loop
      vertex 55.88 34.5 35
      vertex 55.88 28.5 35
      vertex 56.174 28.5144 35
    endloop
  endfacet
  facet normal -0 0 1
    outer loop
      vertex 55.5859 34.4856 35
      vertex 55.88 28.5 35
      vertex 55.88 34.5 35
    endloop
  endfacet
  facet normal 0 0 1
    outer loop
      vertex 55.5859 34.4856 35
      vertex 55.5859 28.5144 35
      vertex 55.88 28.5 35
    endloop
  endfacet
  facet normal -0 0 1
    outer loop
      vertex 55.2947 34.4424 35
      vertex 55.5859 28.5144 35
      vertex 55.5859 34.4856 35
    endloop
  endfacet
  facet normal 0 0 1
    outer loop
      vertex 55.2947 34.4424 35
      vertex 55.2947 28.5576 35
      vertex 55.5859 28.5144 35
    endloop
  endfacet
  facet normal -0 0 1
    outer loop
      vertex 55.0091 34.3708 35
      vertex 55.2947 28.5576 35
      vertex 55.2947 34.4424 35
    endloop
  endfacet
  facet normal 0 0 1
    outer loop
      vertex 55.0091 34.3708 35
      vertex 55.0091 28.6292 35
      vertex 55.2947 28.5576 35
    endloop
  endfacet
  facet normal -0 0 1
    outer loop
      vertex 54.7319 34.2716 35
      vertex 55.0091 28.6292 35
      vertex 55.0091 34.3708 35
    endloop
  endfacet
  facet normal 0 0 1
    outer loop
      vertex 54.7319 34.2716 35
      vertex 54.7319 28.7284 35
      vertex 55.0091 28.6292 35
    endloop
  endfacet
  facet normal -0 0 1
    outer loop
      vertex 54.4658 34.1458 35
      vertex 54.7319 28.7284 35
      vertex 54.7319 34.2716 35
    endloop
  endfacet
  facet normal 0 0 1
    outer loop
      vertex 54.4658 34.1458 35
      vertex 54.4658 28.8542 35
      vertex 54.7319 28.7284 35
    endloop
  endfacet
  facet normal -0 0 1
    outer loop
      vertex 54.2133 33.9944 35
      vertex 54.4658 28.8542 35
      vertex 54.4658 34.1458 35
    endloop
  endfacet
  facet normal 0 0 1
    outer loop
      vertex 54.2133 33.9944 35
      vertex 54.2133 29.0056 35
      vertex 54.4658 28.8542 35
    endloop
  endfacet
  facet normal -0 0 1
    outer loop
      vertex 53.9768 33.819 35
      vertex 54.2133 29.0056 35
      vertex 54.2133 33.9944 35
    endloop
  endfacet
  facet normal 0 0 1
    outer loop
      vertex 53.9768 33.819 35
      vertex 53.9768 29.181 35
      vertex 54.2133 29.0056 35
    endloop
  endfacet
  facet normal -0 0 1
    outer loop
      vertex 53.7587 33.6213 35
      vertex 53.9768 29.181 35
      vertex 53.9768 33.819 35
    endloop
  endfacet
  facet normal 0 0 1
    outer loop
      vertex 53.7587 33.6213 35
      vertex 53.7587 29.3787 35
      vertex 53.9768 29.181 35
    endloop
  endfacet
  facet normal -0 0 1
    outer loop
      vertex 53.561 33.4032 35
      vertex 53.7587 29.3787 35
      vertex 53.7587 33.6213 35
    endloop
  endfacet
  facet normal 0 0 1
    outer loop
      vertex 53.561 33.4032 35
      vertex 53.561 29.5968 35
      vertex 53.7587 29.3787 35
    endloop
  endfacet
  facet normal -0 0 1
    outer loop
      vertex 53.3856 33.1667 35
      vertex 53.561 29.5968 35
      vertex 53.561 33.4032 35
    endloop
  endfacet
  facet normal 0 0 1
    outer loop
      vertex 53.3856 33.1667 35
      vertex 53.3856 29.8333 35
      vertex 53.561 29.5968 35
    endloop
  endfacet
  facet normal -0 0 1
    outer loop
      vertex 53.2342 32.9142 35
      vertex 53.3856 29.8333 35
      vertex 53.3856 33.1667 35
    endloop
  endfacet
  facet normal 0 0 1
    outer loop
      vertex 53.2342 32.9142 35
      vertex 53.2342 30.0858 35
      vertex 53.3856 29.8333 35
    endloop
  endfacet
  facet normal -0 0 1
    outer loop
      vertex 53.1084 32.648 35
      vertex 53.2342 30.0858 35
      vertex 53.2342 32.9142 35
    endloop
  endfacet
  facet normal 0 0 1
    outer loop
      vertex 53.1084 32.648 35
      vertex 53.1084 30.3519 35
      vertex 53.2342 30.0858 35
    endloop
  endfacet
  facet normal -0 0 1
    outer loop
      vertex 53.0092 32.3709 35
      vertex 53.1084 30.3519 35
      vertex 53.1084 32.648 35
    endloop
  endfacet
  facet normal 0 0 1
    outer loop
      vertex 53.0092 32.3709 35
      vertex 53.0092 30.6291 35
      vertex 53.1084 30.3519 35
    endloop
  endfacet
  facet normal -0 0 1
    outer loop
      vertex 52.9376 32.0853 35
      vertex 53.0092 30.6291 35
      vertex 53.0092 32.3709 35
    endloop
  endfacet
  facet normal 0 0 1
    outer loop
      vertex 52.9376 32.0853 35
      vertex 52.9376 30.9147 35
      vertex 53.0092 30.6291 35
    endloop
  endfacet
  facet normal -0 0 1
    outer loop
      vertex 52.8944 31.7941 35
      vertex 52.9376 30.9147 35
      vertex 52.9376 32.0853 35
    endloop
  endfacet
  facet normal 0 0 1
    outer loop
      vertex 52.8944 31.7941 35
      vertex 52.8944 31.2059 35
      vertex 52.9376 30.9147 35
    endloop
  endfacet
  facet normal 0 -0 1
    outer loop
      vertex 52.8944 31.2059 35
      vertex 52.8944 31.7941 35
      vertex 52.88 31.5 35
    endloop
  endfacet
  facet normal 0.740908 0.671607 0
    outer loop
      vertex 53.7587 29.3787 55
      vertex 53.561 29.5968 35
      vertex 53.561 29.5968 55
    endloop
  endfacet
  facet normal 0.740908 0.671607 0
    outer loop
      vertex 53.561 29.5968 35
      vertex 53.7587 29.3787 55
      vertex 53.7587 29.3787 35
    endloop
  endfacet
  facet normal -0.427269 0.904125 0
    outer loop
      vertex 57.2942 28.8542 35
      vertex 57.028 28.7284 55
      vertex 57.2942 28.8542 55
    endloop
  endfacet
  facet normal -0.427269 0.904125 0
    outer loop
      vertex 57.028 28.7284 55
      vertex 57.2942 28.8542 35
      vertex 57.028 28.7284 35
    endloop
  endfacet
  facet normal -0.337047 0.941488 0
    outer loop
      vertex 57.028 28.7284 35
      vertex 56.7509 28.6292 55
      vertex 57.028 28.7284 55
    endloop
  endfacet
  facet normal -0.337047 0.941488 0
    outer loop
      vertex 56.7509 28.6292 55
      vertex 57.028 28.7284 35
      vertex 56.7509 28.6292 35
    endloop
  endfacet
  facet normal -0.671607 0.740908 0
    outer loop
      vertex 58.0013 29.3787 35
      vertex 57.7832 29.181 55
      vertex 58.0013 29.3787 55
    endloop
  endfacet
  facet normal -0.671607 0.740908 0
    outer loop
      vertex 57.7832 29.181 55
      vertex 58.0013 29.3787 35
      vertex 57.7832 29.181 35
    endloop
  endfacet
  facet normal -0.857643 0.514246 0
    outer loop
      vertex 58.3744 29.8333 35
      vertex 58.5258 30.0858 55
      vertex 58.5258 30.0858 35
    endloop
  endfacet
  facet normal -0.857643 0.514246 0
    outer loop
      vertex 58.5258 30.0858 55
      vertex 58.3744 29.8333 35
      vertex 58.3744 29.8333 55
    endloop
  endfacet
  facet normal 0.0489044 0.998803 -0
    outer loop
      vertex 55.88 28.5 35
      vertex 55.5859 28.5144 55
      vertex 55.88 28.5 55
    endloop
  endfacet
  facet normal 0.0489044 0.998803 0
    outer loop
      vertex 55.5859 28.5144 55
      vertex 55.88 28.5 35
      vertex 55.5859 28.5144 35
    endloop
  endfacet
  facet normal 0.4274 0.904063 -0
    outer loop
      vertex 54.7319 28.7284 35
      vertex 54.4658 28.8542 55
      vertex 54.7319 28.7284 55
    endloop
  endfacet
  facet normal 0.4274 0.904063 0
    outer loop
      vertex 54.4658 28.8542 55
      vertex 54.7319 28.7284 35
      vertex 54.4658 28.8542 35
    endloop
  endfacet
  facet normal 0.243175 0.969982 -0
    outer loop
      vertex 55.2947 28.5576 35
      vertex 55.0091 28.6292 55
      vertex 55.2947 28.5576 55
    endloop
  endfacet
  facet normal 0.243175 0.969982 0
    outer loop
      vertex 55.0091 28.6292 55
      vertex 55.2947 28.5576 35
      vertex 55.0091 28.6292 35
    endloop
  endfacet
  facet normal 0.941527 0.336939 0
    outer loop
      vertex 53.1084 30.3519 55
      vertex 53.0092 30.6291 35
      vertex 53.0092 30.6291 55
    endloop
  endfacet
  facet normal 0.941527 0.336939 0
    outer loop
      vertex 53.0092 30.6291 35
      vertex 53.1084 30.3519 55
      vertex 53.1084 30.3519 35
    endloop
  endfacet
  facet normal 0.989174 0.146746 0
    outer loop
      vertex 52.9376 30.9147 55
      vertex 52.8944 31.2059 35
      vertex 52.8944 31.2059 55
    endloop
  endfacet
  facet normal 0.989174 0.146746 0
    outer loop
      vertex 52.8944 31.2059 35
      vertex 52.9376 30.9147 55
      vertex 52.9376 30.9147 35
    endloop
  endfacet
  facet normal 0.998803 0.0489044 0
    outer loop
      vertex 52.8944 31.2059 55
      vertex 52.88 31.5 35
      vertex 52.88 31.5 55
    endloop
  endfacet
  facet normal 0.998803 0.0489044 0
    outer loop
      vertex 52.88 31.5 35
      vertex 52.8944 31.2059 55
      vertex 52.8944 31.2059 35
    endloop
  endfacet
  facet normal 0.857643 0.514246 0
    outer loop
      vertex 53.3856 29.8333 55
      vertex 53.2342 30.0858 35
      vertex 53.2342 30.0858 55
    endloop
  endfacet
  facet normal 0.857643 0.514246 0
    outer loop
      vertex 53.2342 30.0858 35
      vertex 53.3856 29.8333 55
      vertex 53.3856 29.8333 35
    endloop
  endfacet
  facet normal -0.243175 0.969982 0
    outer loop
      vertex 56.7509 28.6292 35
      vertex 56.4653 28.5576 55
      vertex 56.7509 28.6292 55
    endloop
  endfacet
  facet normal -0.243175 0.969982 0
    outer loop
      vertex 56.4653 28.5576 55
      vertex 56.7509 28.6292 35
      vertex 56.4653 28.5576 35
    endloop
  endfacet
  facet normal -0.146696 0.989182 0
    outer loop
      vertex 56.4653 28.5576 35
      vertex 56.174 28.5144 55
      vertex 56.4653 28.5576 55
    endloop
  endfacet
  facet normal -0.146696 0.989182 0
    outer loop
      vertex 56.174 28.5144 55
      vertex 56.4653 28.5576 35
      vertex 56.174 28.5144 35
    endloop
  endfacet
  facet normal -0.595699 0.803208 0
    outer loop
      vertex 57.7832 29.181 35
      vertex 57.5467 29.0056 55
      vertex 57.7832 29.181 55
    endloop
  endfacet
  facet normal -0.595699 0.803208 0
    outer loop
      vertex 57.5467 29.0056 55
      vertex 57.7832 29.181 35
      vertex 57.5467 29.0056 35
    endloop
  endfacet
  facet normal 0.514246 0.857643 -0
    outer loop
      vertex 54.4658 28.8542 35
      vertex 54.2133 29.0056 55
      vertex 54.4658 28.8542 55
    endloop
  endfacet
  facet normal 0.514246 0.857643 0
    outer loop
      vertex 54.2133 29.0056 55
      vertex 54.4658 28.8542 35
      vertex 54.2133 29.0056 35
    endloop
  endfacet
  facet normal 0.336939 0.941527 -0
    outer loop
      vertex 55.0091 28.6292 35
      vertex 54.7319 28.7284 55
      vertex 55.0091 28.6292 55
    endloop
  endfacet
  facet normal 0.336939 0.941527 0
    outer loop
      vertex 54.7319 28.7284 55
      vertex 55.0091 28.6292 35
      vertex 54.7319 28.7284 35
    endloop
  endfacet
  facet normal 0.146746 0.989174 -0
    outer loop
      vertex 55.5859 28.5144 35
      vertex 55.2947 28.5576 55
      vertex 55.5859 28.5144 55
    endloop
  endfacet
  facet normal 0.146746 0.989174 0
    outer loop
      vertex 55.2947 28.5576 55
      vertex 55.5859 28.5144 35
      vertex 55.2947 28.5576 35
    endloop
  endfacet
  facet normal 0.595699 0.803208 -0
    outer loop
      vertex 54.2133 29.0056 35
      vertex 53.9768 29.181 55
      vertex 54.2133 29.0056 55
    endloop
  endfacet
  facet normal 0.595699 0.803208 0
    outer loop
      vertex 53.9768 29.181 55
      vertex 54.2133 29.0056 35
      vertex 53.9768 29.181 35
    endloop
  endfacet
  facet normal -0.998803 -0.0489209 0
    outer loop
      vertex 58.88 51.06 35
      vertex 58.8656 51.354 55
      vertex 58.8656 51.354 35
    endloop
  endfacet
  facet normal -0.998803 -0.0489209 0
    outer loop
      vertex 58.8656 51.354 55
      vertex 58.88 51.06 35
      vertex 58.88 51.06 55
    endloop
  endfacet
  facet normal 0.998803 -0.0489209 0
    outer loop
      vertex 52.88 51.06 55
      vertex 52.8944 51.354 35
      vertex 52.8944 51.354 55
    endloop
  endfacet
  facet normal 0.998803 -0.0489209 0
    outer loop
      vertex 52.8944 51.354 35
      vertex 52.88 51.06 55
      vertex 52.88 51.06 35
    endloop
  endfacet
  facet normal 0.0489044 -0.998803 0
    outer loop
      vertex 55.5859 54.0456 35
      vertex 55.88 54.06 55
      vertex 55.5859 54.0456 55
    endloop
  endfacet
  facet normal 0.0489044 -0.998803 0
    outer loop
      vertex 55.88 54.06 55
      vertex 55.5859 54.0456 35
      vertex 55.88 54.06 35
    endloop
  endfacet
  facet normal 0.0489044 0.998803 -0
    outer loop
      vertex 55.88 48.06 35
      vertex 55.5859 48.0744 55
      vertex 55.88 48.06 55
    endloop
  endfacet
  facet normal 0.0489044 0.998803 0
    outer loop
      vertex 55.5859 48.0744 55
      vertex 55.88 48.06 35
      vertex 55.5859 48.0744 35
    endloop
  endfacet
  facet normal -0.671607 -0.740908 0
    outer loop
      vertex 57.7832 53.379 35
      vertex 58.0013 53.1813 55
      vertex 57.7832 53.379 55
    endloop
  endfacet
  facet normal -0.671607 -0.740908 -0
    outer loop
      vertex 58.0013 53.1813 55
      vertex 57.7832 53.379 35
      vertex 58.0013 53.1813 35
    endloop
  endfacet
  facet normal 0.671607 -0.740908 0
    outer loop
      vertex 53.7587 53.1813 35
      vertex 53.9768 53.379 55
      vertex 53.7587 53.1813 55
    endloop
  endfacet
  facet normal 0.671607 -0.740908 0
    outer loop
      vertex 53.9768 53.379 55
      vertex 53.7587 53.1813 35
      vertex 53.9768 53.379 35
    endloop
  endfacet
  facet normal 0.336939 -0.941527 0
    outer loop
      vertex 54.7319 53.8316 35
      vertex 55.0091 53.9308 55
      vertex 54.7319 53.8316 55
    endloop
  endfacet
  facet normal 0.336939 -0.941527 0
    outer loop
      vertex 55.0091 53.9308 55
      vertex 54.7319 53.8316 35
      vertex 55.0091 53.9308 35
    endloop
  endfacet
  facet normal 0.969982 0.243175 0
    outer loop
      vertex 53.0092 50.1891 55
      vertex 52.9376 50.4747 35
      vertex 52.9376 50.4747 55
    endloop
  endfacet
  facet normal 0.969982 0.243175 0
    outer loop
      vertex 52.9376 50.4747 35
      vertex 53.0092 50.1891 55
      vertex 53.0092 50.1891 35
    endloop
  endfacet
  facet normal -0.904125 -0.427269 0
    outer loop
      vertex 58.6516 52.208 35
      vertex 58.5258 52.4742 55
      vertex 58.5258 52.4742 35
    endloop
  endfacet
  facet normal -0.904125 -0.427269 0
    outer loop
      vertex 58.5258 52.4742 55
      vertex 58.6516 52.208 35
      vertex 58.6516 52.208 55
    endloop
  endfacet
  facet normal -0.337047 -0.941488 0
    outer loop
      vertex 56.7509 53.9308 35
      vertex 57.028 53.8316 55
      vertex 56.7509 53.9308 55
    endloop
  endfacet
  facet normal -0.337047 -0.941488 -0
    outer loop
      vertex 57.028 53.8316 55
      vertex 56.7509 53.9308 35
      vertex 57.028 53.8316 35
    endloop
  endfacet
  facet normal 0.857643 -0.514246 0
    outer loop
      vertex 53.2342 52.4742 55
      vertex 53.3856 52.7267 35
      vertex 53.3856 52.7267 55
    endloop
  endfacet
  facet normal 0.857643 -0.514246 0
    outer loop
      vertex 53.3856 52.7267 35
      vertex 53.2342 52.4742 55
      vertex 53.2342 52.4742 35
    endloop
  endfacet
  facet normal 0.803208 -0.595699 0
    outer loop
      vertex 53.3856 52.7267 55
      vertex 53.561 52.9632 35
      vertex 53.561 52.9632 55
    endloop
  endfacet
  facet normal 0.803208 -0.595699 0
    outer loop
      vertex 53.561 52.9632 35
      vertex 53.3856 52.7267 55
      vertex 53.3856 52.7267 35
    endloop
  endfacet
  facet normal 0.146746 -0.989174 0
    outer loop
      vertex 55.2947 54.0024 35
      vertex 55.5859 54.0456 55
      vertex 55.2947 54.0024 55
    endloop
  endfacet
  facet normal 0.146746 -0.989174 0
    outer loop
      vertex 55.5859 54.0456 55
      vertex 55.2947 54.0024 35
      vertex 55.5859 54.0456 35
    endloop
  endfacet
  facet normal -0.857643 0.514246 0
    outer loop
      vertex 58.3744 49.3933 35
      vertex 58.5258 49.6458 55
      vertex 58.5258 49.6458 35
    endloop
  endfacet
  facet normal -0.857643 0.514246 0
    outer loop
      vertex 58.5258 49.6458 55
      vertex 58.3744 49.3933 35
      vertex 58.3744 49.3933 55
    endloop
  endfacet
  facet normal -0.243175 0.969982 0
    outer loop
      vertex 56.7509 48.1892 35
      vertex 56.4653 48.1176 55
      vertex 56.7509 48.1892 55
    endloop
  endfacet
  facet normal -0.243175 0.969982 0
    outer loop
      vertex 56.4653 48.1176 55
      vertex 56.7509 48.1892 35
      vertex 56.4653 48.1176 35
    endloop
  endfacet
  facet normal -0.671607 0.740908 0
    outer loop
      vertex 58.0013 48.9387 35
      vertex 57.7832 48.741 55
      vertex 58.0013 48.9387 55
    endloop
  endfacet
  facet normal -0.671607 0.740908 0
    outer loop
      vertex 57.7832 48.741 55
      vertex 58.0013 48.9387 35
      vertex 57.7832 48.741 35
    endloop
  endfacet
  facet normal -0.969982 0.243175 0
    outer loop
      vertex 58.7508 50.1891 35
      vertex 58.8224 50.4747 55
      vertex 58.8224 50.4747 35
    endloop
  endfacet
  facet normal -0.969982 0.243175 0
    outer loop
      vertex 58.8224 50.4747 55
      vertex 58.7508 50.1891 35
      vertex 58.7508 50.1891 55
    endloop
  endfacet
  facet normal 0.336939 0.941527 -0
    outer loop
      vertex 55.0091 48.1892 35
      vertex 54.7319 48.2884 55
      vertex 55.0091 48.1892 55
    endloop
  endfacet
  facet normal 0.336939 0.941527 0
    outer loop
      vertex 54.7319 48.2884 55
      vertex 55.0091 48.1892 35
      vertex 54.7319 48.2884 35
    endloop
  endfacet
  facet normal 0.740908 0.671607 0
    outer loop
      vertex 53.7587 48.9387 55
      vertex 53.561 49.1568 35
      vertex 53.561 49.1568 55
    endloop
  endfacet
  facet normal 0.740908 0.671607 0
    outer loop
      vertex 53.561 49.1568 35
      vertex 53.7587 48.9387 55
      vertex 53.7587 48.9387 35
    endloop
  endfacet
  facet normal 0.803208 0.595699 0
    outer loop
      vertex 53.561 49.1568 55
      vertex 53.3856 49.3933 35
      vertex 53.3856 49.3933 55
    endloop
  endfacet
  facet normal 0.803208 0.595699 0
    outer loop
      vertex 53.3856 49.3933 35
      vertex 53.561 49.1568 55
      vertex 53.561 49.1568 35
    endloop
  endfacet
  facet normal 0 0 1
    outer loop
      vertex 58.8656 51.354 35
      vertex 58.8656 50.7659 35
      vertex 58.88 51.06 35
    endloop
  endfacet
  facet normal 0 0 1
    outer loop
      vertex 58.8224 51.6453 35
      vertex 58.8656 50.7659 35
      vertex 58.8656 51.354 35
    endloop
  endfacet
  facet normal 0 0 1
    outer loop
      vertex 58.8224 51.6453 35
      vertex 58.8224 50.4747 35
      vertex 58.8656 50.7659 35
    endloop
  endfacet
  facet normal 0 0 1
    outer loop
      vertex 58.7508 51.9309 35
      vertex 58.8224 50.4747 35
      vertex 58.8224 51.6453 35
    endloop
  endfacet
  facet normal 0 0 1
    outer loop
      vertex 58.7508 51.9309 35
      vertex 58.7508 50.1891 35
      vertex 58.8224 50.4747 35
    endloop
  endfacet
  facet normal 0 0 1
    outer loop
      vertex 58.6516 52.208 35
      vertex 58.7508 50.1891 35
      vertex 58.7508 51.9309 35
    endloop
  endfacet
  facet normal 0 0 1
    outer loop
      vertex 58.6516 52.208 35
      vertex 58.6516 49.9119 35
      vertex 58.7508 50.1891 35
    endloop
  endfacet
  facet normal 0 0 1
    outer loop
      vertex 58.5258 52.4742 35
      vertex 58.6516 49.9119 35
      vertex 58.6516 52.208 35
    endloop
  endfacet
  facet normal 0 0 1
    outer loop
      vertex 58.5258 52.4742 35
      vertex 58.5258 49.6458 35
      vertex 58.6516 49.9119 35
    endloop
  endfacet
  facet normal 0 0 1
    outer loop
      vertex 58.3744 52.7267 35
      vertex 58.5258 49.6458 35
      vertex 58.5258 52.4742 35
    endloop
  endfacet
  facet normal 0 0 1
    outer loop
      vertex 58.3744 52.7267 35
      vertex 58.3744 49.3933 35
      vertex 58.5258 49.6458 35
    endloop
  endfacet
  facet normal 0 0 1
    outer loop
      vertex 58.199 52.9632 35
      vertex 58.3744 49.3933 35
      vertex 58.3744 52.7267 35
    endloop
  endfacet
  facet normal 0 0 1
    outer loop
      vertex 58.199 52.9632 35
      vertex 58.199 49.1568 35
      vertex 58.3744 49.3933 35
    endloop
  endfacet
  facet normal 0 0 1
    outer loop
      vertex 58.0013 53.1813 35
      vertex 58.199 49.1568 35
      vertex 58.199 52.9632 35
    endloop
  endfacet
  facet normal 0 0 1
    outer loop
      vertex 58.0013 53.1813 35
      vertex 58.0013 48.9387 35
      vertex 58.199 49.1568 35
    endloop
  endfacet
  facet normal 0 0 1
    outer loop
      vertex 57.7832 53.379 35
      vertex 58.0013 48.9387 35
      vertex 58.0013 53.1813 35
    endloop
  endfacet
  facet normal 0 0 1
    outer loop
      vertex 57.7832 53.379 35
      vertex 57.7832 48.741 35
      vertex 58.0013 48.9387 35
    endloop
  endfacet
  facet normal 0 0 1
    outer loop
      vertex 57.5467 53.5544 35
      vertex 57.7832 48.741 35
      vertex 57.7832 53.379 35
    endloop
  endfacet
  facet normal 0 0 1
    outer loop
      vertex 57.5467 53.5544 35
      vertex 57.5467 48.5656 35
      vertex 57.7832 48.741 35
    endloop
  endfacet
  facet normal 0 0 1
    outer loop
      vertex 57.2942 53.7058 35
      vertex 57.5467 48.5656 35
      vertex 57.5467 53.5544 35
    endloop
  endfacet
  facet normal 0 0 1
    outer loop
      vertex 57.2942 53.7058 35
      vertex 57.2942 48.4142 35
      vertex 57.5467 48.5656 35
    endloop
  endfacet
  facet normal 0 0 1
    outer loop
      vertex 57.028 53.8316 35
      vertex 57.2942 48.4142 35
      vertex 57.2942 53.7058 35
    endloop
  endfacet
  facet normal 0 0 1
    outer loop
      vertex 57.028 53.8316 35
      vertex 57.028 48.2884 35
      vertex 57.2942 48.4142 35
    endloop
  endfacet
  facet normal 0 0 1
    outer loop
      vertex 56.7509 53.9308 35
      vertex 57.028 48.2884 35
      vertex 57.028 53.8316 35
    endloop
  endfacet
  facet normal 0 0 1
    outer loop
      vertex 56.7509 53.9308 35
      vertex 56.7509 48.1892 35
      vertex 57.028 48.2884 35
    endloop
  endfacet
  facet normal 0 0 1
    outer loop
      vertex 56.4653 54.0024 35
      vertex 56.7509 48.1892 35
      vertex 56.7509 53.9308 35
    endloop
  endfacet
  facet normal 0 0 1
    outer loop
      vertex 56.4653 54.0024 35
      vertex 56.4653 48.1176 35
      vertex 56.7509 48.1892 35
    endloop
  endfacet
  facet normal 0 0 1
    outer loop
      vertex 56.174 54.0456 35
      vertex 56.4653 48.1176 35
      vertex 56.4653 54.0024 35
    endloop
  endfacet
  facet normal 0 0 1
    outer loop
      vertex 56.174 54.0456 35
      vertex 56.174 48.0744 35
      vertex 56.4653 48.1176 35
    endloop
  endfacet
  facet normal 0 0 1
    outer loop
      vertex 55.88 54.06 35
      vertex 56.174 48.0744 35
      vertex 56.174 54.0456 35
    endloop
  endfacet
  facet normal 0 0 1
    outer loop
      vertex 55.88 54.06 35
      vertex 55.88 48.06 35
      vertex 56.174 48.0744 35
    endloop
  endfacet
  facet normal -0 0 1
    outer loop
      vertex 55.5859 54.0456 35
      vertex 55.88 48.06 35
      vertex 55.88 54.06 35
    endloop
  endfacet
  facet normal 0 0 1
    outer loop
      vertex 55.5859 54.0456 35
      vertex 55.5859 48.0744 35
      vertex 55.88 48.06 35
    endloop
  endfacet
  facet normal -0 0 1
    outer loop
      vertex 55.2947 54.0024 35
      vertex 55.5859 48.0744 35
      vertex 55.5859 54.0456 35
    endloop
  endfacet
  facet normal 0 0 1
    outer loop
      vertex 55.2947 54.0024 35
      vertex 55.2947 48.1176 35
      vertex 55.5859 48.0744 35
    endloop
  endfacet
  facet normal -0 0 1
    outer loop
      vertex 55.0091 53.9308 35
      vertex 55.2947 48.1176 35
      vertex 55.2947 54.0024 35
    endloop
  endfacet
  facet normal 0 0 1
    outer loop
      vertex 55.0091 53.9308 35
      vertex 55.0091 48.1892 35
      vertex 55.2947 48.1176 35
    endloop
  endfacet
  facet normal -0 0 1
    outer loop
      vertex 54.7319 53.8316 35
      vertex 55.0091 48.1892 35
      vertex 55.0091 53.9308 35
    endloop
  endfacet
  facet normal 0 0 1
    outer loop
      vertex 54.7319 53.8316 35
      vertex 54.7319 48.2884 35
      vertex 55.0091 48.1892 35
    endloop
  endfacet
  facet normal -0 0 1
    outer loop
      vertex 54.4658 53.7058 35
      vertex 54.7319 48.2884 35
      vertex 54.7319 53.8316 35
    endloop
  endfacet
  facet normal 0 0 1
    outer loop
      vertex 54.4658 53.7058 35
      vertex 54.4658 48.4142 35
      vertex 54.7319 48.2884 35
    endloop
  endfacet
  facet normal -0 0 1
    outer loop
      vertex 54.2133 53.5544 35
      vertex 54.4658 48.4142 35
      vertex 54.4658 53.7058 35
    endloop
  endfacet
  facet normal 0 0 1
    outer loop
      vertex 54.2133 53.5544 35
      vertex 54.2133 48.5656 35
      vertex 54.4658 48.4142 35
    endloop
  endfacet
  facet normal -0 0 1
    outer loop
      vertex 53.9768 53.379 35
      vertex 54.2133 48.5656 35
      vertex 54.2133 53.5544 35
    endloop
  endfacet
  facet normal 0 0 1
    outer loop
      vertex 53.9768 53.379 35
      vertex 53.9768 48.741 35
      vertex 54.2133 48.5656 35
    endloop
  endfacet
  facet normal -0 0 1
    outer loop
      vertex 53.7587 53.1813 35
      vertex 53.9768 48.741 35
      vertex 53.9768 53.379 35
    endloop
  endfacet
  facet normal 0 0 1
    outer loop
      vertex 53.7587 53.1813 35
      vertex 53.7587 48.9387 35
      vertex 53.9768 48.741 35
    endloop
  endfacet
  facet normal -0 0 1
    outer loop
      vertex 53.561 52.9632 35
      vertex 53.7587 48.9387 35
      vertex 53.7587 53.1813 35
    endloop
  endfacet
  facet normal 0 0 1
    outer loop
      vertex 53.561 52.9632 35
      vertex 53.561 49.1568 35
      vertex 53.7587 48.9387 35
    endloop
  endfacet
  facet normal -0 0 1
    outer loop
      vertex 53.3856 52.7267 35
      vertex 53.561 49.1568 35
      vertex 53.561 52.9632 35
    endloop
  endfacet
  facet normal 0 0 1
    outer loop
      vertex 53.3856 52.7267 35
      vertex 53.3856 49.3933 35
      vertex 53.561 49.1568 35
    endloop
  endfacet
  facet normal -0 0 1
    outer loop
      vertex 53.2342 52.4742 35
      vertex 53.3856 49.3933 35
      vertex 53.3856 52.7267 35
    endloop
  endfacet
  facet normal 0 0 1
    outer loop
      vertex 53.2342 52.4742 35
      vertex 53.2342 49.6458 35
      vertex 53.3856 49.3933 35
    endloop
  endfacet
  facet normal -0 0 1
    outer loop
      vertex 53.1084 52.208 35
      vertex 53.2342 49.6458 35
      vertex 53.2342 52.4742 35
    endloop
  endfacet
  facet normal 0 0 1
    outer loop
      vertex 53.1084 52.208 35
      vertex 53.1084 49.9119 35
      vertex 53.2342 49.6458 35
    endloop
  endfacet
  facet normal -0 0 1
    outer loop
      vertex 53.0092 51.9309 35
      vertex 53.1084 49.9119 35
      vertex 53.1084 52.208 35
    endloop
  endfacet
  facet normal 0 0 1
    outer loop
      vertex 53.0092 51.9309 35
      vertex 53.0092 50.1891 35
      vertex 53.1084 49.9119 35
    endloop
  endfacet
  facet normal -0 0 1
    outer loop
      vertex 52.9376 51.6453 35
      vertex 53.0092 50.1891 35
      vertex 53.0092 51.9309 35
    endloop
  endfacet
  facet normal 0 0 1
    outer loop
      vertex 52.9376 51.6453 35
      vertex 52.9376 50.4747 35
      vertex 53.0092 50.1891 35
    endloop
  endfacet
  facet normal -0 0 1
    outer loop
      vertex 52.8944 51.354 35
      vertex 52.9376 50.4747 35
      vertex 52.9376 51.6453 35
    endloop
  endfacet
  facet normal 0 0 1
    outer loop
      vertex 52.8944 51.354 35
      vertex 52.8944 50.7659 35
      vertex 52.9376 50.4747 35
    endloop
  endfacet
  facet normal 0 -0 1
    outer loop
      vertex 52.8944 50.7659 35
      vertex 52.8944 51.354 35
      vertex 52.88 51.06 35
    endloop
  endfacet
  facet normal -0.969982 -0.243175 0
    outer loop
      vertex 58.8224 51.6453 35
      vertex 58.7508 51.9309 55
      vertex 58.7508 51.9309 35
    endloop
  endfacet
  facet normal -0.969982 -0.243175 0
    outer loop
      vertex 58.7508 51.9309 55
      vertex 58.8224 51.6453 35
      vertex 58.8224 51.6453 55
    endloop
  endfacet
  facet normal -0.989182 -0.146696 0
    outer loop
      vertex 58.8656 51.354 35
      vertex 58.8224 51.6453 55
      vertex 58.8224 51.6453 35
    endloop
  endfacet
  facet normal -0.989182 -0.146696 0
    outer loop
      vertex 58.8224 51.6453 55
      vertex 58.8656 51.354 35
      vertex 58.8656 51.354 55
    endloop
  endfacet
  facet normal -0.941488 -0.337047 0
    outer loop
      vertex 58.7508 51.9309 35
      vertex 58.6516 52.208 55
      vertex 58.6516 52.208 35
    endloop
  endfacet
  facet normal -0.941488 -0.337047 0
    outer loop
      vertex 58.6516 52.208 55
      vertex 58.7508 51.9309 35
      vertex 58.7508 51.9309 55
    endloop
  endfacet
  facet normal -0.803208 -0.595699 0
    outer loop
      vertex 58.3744 52.7267 35
      vertex 58.199 52.9632 55
      vertex 58.199 52.9632 35
    endloop
  endfacet
  facet normal -0.803208 -0.595699 0
    outer loop
      vertex 58.199 52.9632 55
      vertex 58.3744 52.7267 35
      vertex 58.3744 52.7267 55
    endloop
  endfacet
  facet normal -0.857643 -0.514246 0
    outer loop
      vertex 58.5258 52.4742 35
      vertex 58.3744 52.7267 55
      vertex 58.3744 52.7267 35
    endloop
  endfacet
  facet normal -0.857643 -0.514246 0
    outer loop
      vertex 58.3744 52.7267 55
      vertex 58.5258 52.4742 35
      vertex 58.5258 52.4742 55
    endloop
  endfacet
  facet normal -0.146696 -0.989182 0
    outer loop
      vertex 56.174 54.0456 35
      vertex 56.4653 54.0024 55
      vertex 56.174 54.0456 55
    endloop
  endfacet
  facet normal -0.146696 -0.989182 -0
    outer loop
      vertex 56.4653 54.0024 55
      vertex 56.174 54.0456 35
      vertex 56.4653 54.0024 35
    endloop
  endfacet
  facet normal -0.0489209 -0.998803 0
    outer loop
      vertex 55.88 54.06 35
      vertex 56.174 54.0456 55
      vertex 55.88 54.06 55
    endloop
  endfacet
  facet normal -0.0489209 -0.998803 -0
    outer loop
      vertex 56.174 54.0456 55
      vertex 55.88 54.06 35
      vertex 56.174 54.0456 35
    endloop
  endfacet
  facet normal -0.514246 -0.857643 0
    outer loop
      vertex 57.2942 53.7058 35
      vertex 57.5467 53.5544 55
      vertex 57.2942 53.7058 55
    endloop
  endfacet
  facet normal -0.514246 -0.857643 -0
    outer loop
      vertex 57.5467 53.5544 55
      vertex 57.2942 53.7058 35
      vertex 57.5467 53.5544 35
    endloop
  endfacet
  facet normal -0.595699 -0.803208 0
    outer loop
      vertex 57.5467 53.5544 35
      vertex 57.7832 53.379 55
      vertex 57.5467 53.5544 55
    endloop
  endfacet
  facet normal -0.595699 -0.803208 -0
    outer loop
      vertex 57.7832 53.379 55
      vertex 57.5467 53.5544 35
      vertex 57.7832 53.379 35
    endloop
  endfacet
  facet normal 0.969982 -0.243175 0
    outer loop
      vertex 52.9376 51.6453 55
      vertex 53.0092 51.9309 35
      vertex 53.0092 51.9309 55
    endloop
  endfacet
  facet normal 0.969982 -0.243175 0
    outer loop
      vertex 53.0092 51.9309 35
      vertex 52.9376 51.6453 55
      vertex 52.9376 51.6453 35
    endloop
  endfacet
  facet normal 0.904125 -0.427269 0
    outer loop
      vertex 53.1084 52.208 55
      vertex 53.2342 52.4742 35
      vertex 53.2342 52.4742 55
    endloop
  endfacet
  facet normal 0.904125 -0.427269 0
    outer loop
      vertex 53.2342 52.4742 35
      vertex 53.1084 52.208 55
      vertex 53.1084 52.208 35
    endloop
  endfacet
  facet normal 0.989182 -0.146696 0
    outer loop
      vertex 52.8944 51.354 55
      vertex 52.9376 51.6453 35
      vertex 52.9376 51.6453 55
    endloop
  endfacet
  facet normal 0.989182 -0.146696 0
    outer loop
      vertex 52.9376 51.6453 35
      vertex 52.8944 51.354 55
      vertex 52.8944 51.354 35
    endloop
  endfacet
  facet normal 0.514246 -0.857643 0
    outer loop
      vertex 54.2133 53.5544 35
      vertex 54.4658 53.7058 55
      vertex 54.2133 53.5544 55
    endloop
  endfacet
  facet normal 0.514246 -0.857643 0
    outer loop
      vertex 54.4658 53.7058 55
      vertex 54.2133 53.5544 35
      vertex 54.4658 53.7058 35
    endloop
  endfacet
  facet normal 0.243175 -0.969982 0
    outer loop
      vertex 55.0091 53.9308 35
      vertex 55.2947 54.0024 55
      vertex 55.0091 53.9308 55
    endloop
  endfacet
  facet normal 0.243175 -0.969982 0
    outer loop
      vertex 55.2947 54.0024 55
      vertex 55.0091 53.9308 35
      vertex 55.2947 54.0024 35
    endloop
  endfacet
  facet normal -0.998803 0.0489044 0
    outer loop
      vertex 58.8656 50.7659 35
      vertex 58.88 51.06 55
      vertex 58.88 51.06 35
    endloop
  endfacet
  facet normal -0.998803 0.0489044 0
    outer loop
      vertex 58.88 51.06 55
      vertex 58.8656 50.7659 35
      vertex 58.8656 50.7659 55
    endloop
  endfacet
  facet normal -0.0489209 0.998803 0
    outer loop
      vertex 56.174 48.0744 35
      vertex 55.88 48.06 55
      vertex 56.174 48.0744 55
    endloop
  endfacet
  facet normal -0.0489209 0.998803 0
    outer loop
      vertex 55.88 48.06 55
      vertex 56.174 48.0744 35
      vertex 55.88 48.06 35
    endloop
  endfacet
  facet normal -0.427269 0.904125 0
    outer loop
      vertex 57.2942 48.4142 35
      vertex 57.028 48.2884 55
      vertex 57.2942 48.4142 55
    endloop
  endfacet
  facet normal -0.427269 0.904125 0
    outer loop
      vertex 57.028 48.2884 55
      vertex 57.2942 48.4142 35
      vertex 57.028 48.2884 35
    endloop
  endfacet
  facet normal -0.595699 0.803208 0
    outer loop
      vertex 57.7832 48.741 35
      vertex 57.5467 48.5656 55
      vertex 57.7832 48.741 55
    endloop
  endfacet
  facet normal -0.595699 0.803208 0
    outer loop
      vertex 57.5467 48.5656 55
      vertex 57.7832 48.741 35
      vertex 57.5467 48.5656 35
    endloop
  endfacet
  facet normal -0.514246 0.857643 0
    outer loop
      vertex 57.5467 48.5656 35
      vertex 57.2942 48.4142 55
      vertex 57.5467 48.5656 55
    endloop
  endfacet
  facet normal -0.514246 0.857643 0
    outer loop
      vertex 57.2942 48.4142 55
      vertex 57.5467 48.5656 35
      vertex 57.2942 48.4142 35
    endloop
  endfacet
  facet normal -0.740908 0.671607 0
    outer loop
      vertex 58.0013 48.9387 35
      vertex 58.199 49.1568 55
      vertex 58.199 49.1568 35
    endloop
  endfacet
  facet normal -0.740908 0.671607 0
    outer loop
      vertex 58.199 49.1568 55
      vertex 58.0013 48.9387 35
      vertex 58.0013 48.9387 55
    endloop
  endfacet
  facet normal -0.803208 0.595699 0
    outer loop
      vertex 58.199 49.1568 35
      vertex 58.3744 49.3933 55
      vertex 58.3744 49.3933 35
    endloop
  endfacet
  facet normal -0.803208 0.595699 0
    outer loop
      vertex 58.3744 49.3933 55
      vertex 58.199 49.1568 35
      vertex 58.199 49.1568 55
    endloop
  endfacet
  facet normal 0.671607 0.740908 -0
    outer loop
      vertex 53.9768 48.741 35
      vertex 53.7587 48.9387 55
      vertex 53.9768 48.741 55
    endloop
  endfacet
  facet normal 0.671607 0.740908 0
    outer loop
      vertex 53.7587 48.9387 55
      vertex 53.9768 48.741 35
      vertex 53.7587 48.9387 35
    endloop
  endfacet
  facet normal 0.595699 0.803208 -0
    outer loop
      vertex 54.2133 48.5656 35
      vertex 53.9768 48.741 55
      vertex 54.2133 48.5656 55
    endloop
  endfacet
  facet normal 0.595699 0.803208 0
    outer loop
      vertex 53.9768 48.741 55
      vertex 54.2133 48.5656 35
      vertex 53.9768 48.741 35
    endloop
  endfacet
  facet normal 0.514246 0.857643 -0
    outer loop
      vertex 54.4658 48.4142 35
      vertex 54.2133 48.5656 55
      vertex 54.4658 48.4142 55
    endloop
  endfacet
  facet normal 0.514246 0.857643 0
    outer loop
      vertex 54.2133 48.5656 55
      vertex 54.4658 48.4142 35
      vertex 54.2133 48.5656 35
    endloop
  endfacet
  facet normal 0.146746 0.989174 -0
    outer loop
      vertex 55.5859 48.0744 35
      vertex 55.2947 48.1176 55
      vertex 55.5859 48.0744 55
    endloop
  endfacet
  facet normal 0.146746 0.989174 0
    outer loop
      vertex 55.2947 48.1176 55
      vertex 55.5859 48.0744 35
      vertex 55.2947 48.1176 35
    endloop
  endfacet
  facet normal 0.904063 0.4274 0
    outer loop
      vertex 53.2342 49.6458 55
      vertex 53.1084 49.9119 35
      vertex 53.1084 49.9119 55
    endloop
  endfacet
  facet normal 0.904063 0.4274 0
    outer loop
      vertex 53.1084 49.9119 35
      vertex 53.2342 49.6458 55
      vertex 53.2342 49.6458 35
    endloop
  endfacet
  facet normal 0.941527 0.336939 0
    outer loop
      vertex 53.1084 49.9119 55
      vertex 53.0092 50.1891 35
      vertex 53.0092 50.1891 55
    endloop
  endfacet
  facet normal 0.941527 0.336939 0
    outer loop
      vertex 53.0092 50.1891 35
      vertex 53.1084 49.9119 55
      vertex 53.1084 49.9119 35
    endloop
  endfacet
  facet normal 0.998803 0.0489044 0
    outer loop
      vertex 52.8944 50.7659 55
      vertex 52.88 51.06 35
      vertex 52.88 51.06 55
    endloop
  endfacet
  facet normal 0.998803 0.0489044 0
    outer loop
      vertex 52.88 51.06 35
      vertex 52.8944 50.7659 55
      vertex 52.8944 50.7659 35
    endloop
  endfacet
  facet normal -0.740908 -0.671607 0
    outer loop
      vertex 58.199 52.9632 35
      vertex 58.0013 53.1813 55
      vertex 58.0013 53.1813 35
    endloop
  endfacet
  facet normal -0.740908 -0.671607 0
    outer loop
      vertex 58.0013 53.1813 55
      vertex 58.199 52.9632 35
      vertex 58.199 52.9632 55
    endloop
  endfacet
  facet normal -0.243175 -0.969982 0
    outer loop
      vertex 56.4653 54.0024 35
      vertex 56.7509 53.9308 55
      vertex 56.4653 54.0024 55
    endloop
  endfacet
  facet normal -0.243175 -0.969982 -0
    outer loop
      vertex 56.7509 53.9308 55
      vertex 56.4653 54.0024 35
      vertex 56.7509 53.9308 35
    endloop
  endfacet
  facet normal -0.427269 -0.904125 0
    outer loop
      vertex 57.028 53.8316 35
      vertex 57.2942 53.7058 55
      vertex 57.028 53.8316 55
    endloop
  endfacet
  facet normal -0.427269 -0.904125 -0
    outer loop
      vertex 57.2942 53.7058 55
      vertex 57.028 53.8316 35
      vertex 57.2942 53.7058 35
    endloop
  endfacet
  facet normal 0.740908 -0.671607 0
    outer loop
      vertex 53.561 52.9632 55
      vertex 53.7587 53.1813 35
      vertex 53.7587 53.1813 55
    endloop
  endfacet
  facet normal 0.740908 -0.671607 0
    outer loop
      vertex 53.7587 53.1813 35
      vertex 53.561 52.9632 55
      vertex 53.561 52.9632 35
    endloop
  endfacet
  facet normal 0.941488 -0.337047 0
    outer loop
      vertex 53.0092 51.9309 55
      vertex 53.1084 52.208 35
      vertex 53.1084 52.208 55
    endloop
  endfacet
  facet normal 0.941488 -0.337047 0
    outer loop
      vertex 53.1084 52.208 35
      vertex 53.0092 51.9309 55
      vertex 53.0092 51.9309 35
    endloop
  endfacet
  facet normal 0.595699 -0.803208 0
    outer loop
      vertex 53.9768 53.379 35
      vertex 54.2133 53.5544 55
      vertex 53.9768 53.379 55
    endloop
  endfacet
  facet normal 0.595699 -0.803208 0
    outer loop
      vertex 54.2133 53.5544 55
      vertex 53.9768 53.379 35
      vertex 54.2133 53.5544 35
    endloop
  endfacet
  facet normal 0.4274 -0.904063 0
    outer loop
      vertex 54.4658 53.7058 35
      vertex 54.7319 53.8316 55
      vertex 54.4658 53.7058 55
    endloop
  endfacet
  facet normal 0.4274 -0.904063 0
    outer loop
      vertex 54.7319 53.8316 55
      vertex 54.4658 53.7058 35
      vertex 54.7319 53.8316 35
    endloop
  endfacet
  facet normal -0.146696 0.989182 0
    outer loop
      vertex 56.4653 48.1176 35
      vertex 56.174 48.0744 55
      vertex 56.4653 48.1176 55
    endloop
  endfacet
  facet normal -0.146696 0.989182 0
    outer loop
      vertex 56.174 48.0744 55
      vertex 56.4653 48.1176 35
      vertex 56.174 48.0744 35
    endloop
  endfacet
  facet normal -0.337047 0.941488 0
    outer loop
      vertex 57.028 48.2884 35
      vertex 56.7509 48.1892 55
      vertex 57.028 48.2884 55
    endloop
  endfacet
  facet normal -0.337047 0.941488 0
    outer loop
      vertex 56.7509 48.1892 55
      vertex 57.028 48.2884 35
      vertex 56.7509 48.1892 35
    endloop
  endfacet
  facet normal -0.904063 0.4274 0
    outer loop
      vertex 58.5258 49.6458 35
      vertex 58.6516 49.9119 55
      vertex 58.6516 49.9119 35
    endloop
  endfacet
  facet normal -0.904063 0.4274 0
    outer loop
      vertex 58.6516 49.9119 55
      vertex 58.5258 49.6458 35
      vertex 58.5258 49.6458 55
    endloop
  endfacet
  facet normal -0.989174 0.146746 0
    outer loop
      vertex 58.8224 50.4747 35
      vertex 58.8656 50.7659 55
      vertex 58.8656 50.7659 35
    endloop
  endfacet
  facet normal -0.989174 0.146746 0
    outer loop
      vertex 58.8656 50.7659 55
      vertex 58.8224 50.4747 35
      vertex 58.8224 50.4747 55
    endloop
  endfacet
  facet normal -0.941527 0.336939 0
    outer loop
      vertex 58.6516 49.9119 35
      vertex 58.7508 50.1891 55
      vertex 58.7508 50.1891 35
    endloop
  endfacet
  facet normal -0.941527 0.336939 0
    outer loop
      vertex 58.7508 50.1891 55
      vertex 58.6516 49.9119 35
      vertex 58.6516 49.9119 55
    endloop
  endfacet
  facet normal 0.4274 0.904063 -0
    outer loop
      vertex 54.7319 48.2884 35
      vertex 54.4658 48.4142 55
      vertex 54.7319 48.2884 55
    endloop
  endfacet
  facet normal 0.4274 0.904063 0
    outer loop
      vertex 54.4658 48.4142 55
      vertex 54.7319 48.2884 35
      vertex 54.4658 48.4142 35
    endloop
  endfacet
  facet normal 0.243175 0.969982 -0
    outer loop
      vertex 55.2947 48.1176 35
      vertex 55.0091 48.1892 55
      vertex 55.2947 48.1176 55
    endloop
  endfacet
  facet normal 0.243175 0.969982 0
    outer loop
      vertex 55.0091 48.1892 55
      vertex 55.2947 48.1176 35
      vertex 55.0091 48.1892 35
    endloop
  endfacet
  facet normal 0.857643 0.514246 0
    outer loop
      vertex 53.3856 49.3933 55
      vertex 53.2342 49.6458 35
      vertex 53.2342 49.6458 55
    endloop
  endfacet
  facet normal 0.857643 0.514246 0
    outer loop
      vertex 53.2342 49.6458 35
      vertex 53.3856 49.3933 55
      vertex 53.3856 49.3933 35
    endloop
  endfacet
  facet normal 0.989174 0.146746 0
    outer loop
      vertex 52.9376 50.4747 55
      vertex 52.8944 50.7659 35
      vertex 52.8944 50.7659 55
    endloop
  endfacet
  facet normal 0.989174 0.146746 0
    outer loop
      vertex 52.8944 50.7659 35
      vertex 52.9376 50.4747 55
      vertex 52.9376 50.4747 35
    endloop
  endfacet
  facet normal -0.998803 -0.0489209 0
    outer loop
      vertex 58.88 70.62 35
      vertex 58.8656 70.914 55
      vertex 58.8656 70.914 35
    endloop
  endfacet
  facet normal -0.998803 -0.0489209 0
    outer loop
      vertex 58.8656 70.914 55
      vertex 58.88 70.62 35
      vertex 58.88 70.62 55
    endloop
  endfacet
  facet normal 0.998803 -0.0489209 0
    outer loop
      vertex 52.88 70.62 55
      vertex 52.8944 70.914 35
      vertex 52.8944 70.914 55
    endloop
  endfacet
  facet normal 0.998803 -0.0489209 0
    outer loop
      vertex 52.8944 70.914 35
      vertex 52.88 70.62 55
      vertex 52.88 70.62 35
    endloop
  endfacet
  facet normal -0.0489209 -0.998803 0
    outer loop
      vertex 55.88 73.62 35
      vertex 56.174 73.6056 55
      vertex 55.88 73.62 55
    endloop
  endfacet
  facet normal -0.0489209 -0.998803 -0
    outer loop
      vertex 56.174 73.6056 55
      vertex 55.88 73.62 35
      vertex 56.174 73.6056 35
    endloop
  endfacet
  facet normal -0.0489209 0.998803 0
    outer loop
      vertex 56.174 67.6344 35
      vertex 55.88 67.62 55
      vertex 56.174 67.6344 55
    endloop
  endfacet
  facet normal -0.0489209 0.998803 0
    outer loop
      vertex 55.88 67.62 55
      vertex 56.174 67.6344 35
      vertex 55.88 67.62 35
    endloop
  endfacet
  facet normal -0.740908 -0.671607 0
    outer loop
      vertex 58.199 72.5232 35
      vertex 58.0013 72.7413 55
      vertex 58.0013 72.7413 35
    endloop
  endfacet
  facet normal -0.740908 -0.671607 0
    outer loop
      vertex 58.0013 72.7413 55
      vertex 58.199 72.5232 35
      vertex 58.199 72.5232 55
    endloop
  endfacet
  facet normal 0.671607 -0.740908 0
    outer loop
      vertex 53.7587 72.7413 35
      vertex 53.9768 72.939 55
      vertex 53.7587 72.7413 55
    endloop
  endfacet
  facet normal 0.671607 -0.740908 0
    outer loop
      vertex 53.9768 72.939 55
      vertex 53.7587 72.7413 35
      vertex 53.9768 72.939 35
    endloop
  endfacet
  facet normal 0.336939 -0.941527 0
    outer loop
      vertex 54.7319 73.3916 35
      vertex 55.0091 73.4908 55
      vertex 54.7319 73.3916 55
    endloop
  endfacet
  facet normal 0.336939 -0.941527 0
    outer loop
      vertex 55.0091 73.4908 55
      vertex 54.7319 73.3916 35
      vertex 55.0091 73.4908 35
    endloop
  endfacet
  facet normal -0.904063 -0.4274 0
    outer loop
      vertex 58.6516 71.7681 35
      vertex 58.5258 72.0342 55
      vertex 58.5258 72.0342 35
    endloop
  endfacet
  facet normal -0.904063 -0.4274 0
    outer loop
      vertex 58.5258 72.0342 55
      vertex 58.6516 71.7681 35
      vertex 58.6516 71.7681 55
    endloop
  endfacet
  facet normal -0.857643 -0.514246 0
    outer loop
      vertex 58.5258 72.0342 35
      vertex 58.3744 72.2867 55
      vertex 58.3744 72.2867 35
    endloop
  endfacet
  facet normal -0.857643 -0.514246 0
    outer loop
      vertex 58.3744 72.2867 55
      vertex 58.5258 72.0342 35
      vertex 58.5258 72.0342 55
    endloop
  endfacet
  facet normal -0.427269 -0.904125 0
    outer loop
      vertex 57.028 73.3916 35
      vertex 57.2942 73.2658 55
      vertex 57.028 73.3916 55
    endloop
  endfacet
  facet normal -0.427269 -0.904125 -0
    outer loop
      vertex 57.2942 73.2658 55
      vertex 57.028 73.3916 35
      vertex 57.2942 73.2658 35
    endloop
  endfacet
  facet normal -0.595699 -0.803208 0
    outer loop
      vertex 57.5467 73.1144 35
      vertex 57.7832 72.939 55
      vertex 57.5467 73.1144 55
    endloop
  endfacet
  facet normal -0.595699 -0.803208 -0
    outer loop
      vertex 57.7832 72.939 55
      vertex 57.5467 73.1144 35
      vertex 57.7832 72.939 35
    endloop
  endfacet
  facet normal 0.904063 -0.4274 0
    outer loop
      vertex 53.1084 71.7681 55
      vertex 53.2342 72.0342 35
      vertex 53.2342 72.0342 55
    endloop
  endfacet
  facet normal 0.904063 -0.4274 0
    outer loop
      vertex 53.2342 72.0342 35
      vertex 53.1084 71.7681 55
      vertex 53.1084 71.7681 35
    endloop
  endfacet
  facet normal 0.146746 -0.989174 0
    outer loop
      vertex 55.2947 73.5624 35
      vertex 55.5859 73.6056 55
      vertex 55.2947 73.5624 55
    endloop
  endfacet
  facet normal 0.146746 -0.989174 0
    outer loop
      vertex 55.5859 73.6056 55
      vertex 55.2947 73.5624 35
      vertex 55.5859 73.6056 35
    endloop
  endfacet
  facet normal -0.969982 0.243175 0
    outer loop
      vertex 58.7508 69.7491 35
      vertex 58.8224 70.0347 55
      vertex 58.8224 70.0347 35
    endloop
  endfacet
  facet normal -0.969982 0.243175 0
    outer loop
      vertex 58.8224 70.0347 55
      vertex 58.7508 69.7491 35
      vertex 58.7508 69.7491 55
    endloop
  endfacet
  facet normal -0.146696 0.989182 0
    outer loop
      vertex 56.4653 67.6776 35
      vertex 56.174 67.6344 55
      vertex 56.4653 67.6776 55
    endloop
  endfacet
  facet normal -0.146696 0.989182 0
    outer loop
      vertex 56.174 67.6344 55
      vertex 56.4653 67.6776 35
      vertex 56.174 67.6344 35
    endloop
  endfacet
  facet normal -0.427269 0.904125 0
    outer loop
      vertex 57.2942 67.9742 35
      vertex 57.028 67.8484 55
      vertex 57.2942 67.9742 55
    endloop
  endfacet
  facet normal -0.427269 0.904125 0
    outer loop
      vertex 57.028 67.8484 55
      vertex 57.2942 67.9742 35
      vertex 57.028 67.8484 35
    endloop
  endfacet
  facet normal -0.969982 -0.243175 0
    outer loop
      vertex 58.8224 71.2053 35
      vertex 58.7508 71.4909 55
      vertex 58.7508 71.4909 35
    endloop
  endfacet
  facet normal -0.969982 -0.243175 0
    outer loop
      vertex 58.7508 71.4909 55
      vertex 58.8224 71.2053 35
      vertex 58.8224 71.2053 55
    endloop
  endfacet
  facet normal -0.989182 -0.146696 0
    outer loop
      vertex 58.8656 70.914 35
      vertex 58.8224 71.2053 55
      vertex 58.8224 71.2053 35
    endloop
  endfacet
  facet normal -0.989182 -0.146696 0
    outer loop
      vertex 58.8224 71.2053 55
      vertex 58.8656 70.914 35
      vertex 58.8656 70.914 55
    endloop
  endfacet
  facet normal -0.941527 -0.336939 0
    outer loop
      vertex 58.7508 71.4909 35
      vertex 58.6516 71.7681 55
      vertex 58.6516 71.7681 35
    endloop
  endfacet
  facet normal -0.941527 -0.336939 0
    outer loop
      vertex 58.6516 71.7681 55
      vertex 58.7508 71.4909 35
      vertex 58.7508 71.4909 55
    endloop
  endfacet
  facet normal -0.803208 -0.595699 0
    outer loop
      vertex 58.3744 72.2867 35
      vertex 58.199 72.5232 55
      vertex 58.199 72.5232 35
    endloop
  endfacet
  facet normal -0.803208 -0.595699 0
    outer loop
      vertex 58.199 72.5232 55
      vertex 58.3744 72.2867 35
      vertex 58.3744 72.2867 55
    endloop
  endfacet
  facet normal -0.243175 -0.969982 0
    outer loop
      vertex 56.4653 73.5624 35
      vertex 56.7509 73.4908 55
      vertex 56.4653 73.5624 55
    endloop
  endfacet
  facet normal -0.243175 -0.969982 -0
    outer loop
      vertex 56.7509 73.4908 55
      vertex 56.4653 73.5624 35
      vertex 56.7509 73.4908 35
    endloop
  endfacet
  facet normal -0.337047 -0.941488 0
    outer loop
      vertex 56.7509 73.4908 35
      vertex 57.028 73.3916 55
      vertex 56.7509 73.4908 55
    endloop
  endfacet
  facet normal -0.337047 -0.941488 -0
    outer loop
      vertex 57.028 73.3916 55
      vertex 56.7509 73.4908 35
      vertex 57.028 73.3916 35
    endloop
  endfacet
  facet normal -0.146696 -0.989182 0
    outer loop
      vertex 56.174 73.6056 35
      vertex 56.4653 73.5624 55
      vertex 56.174 73.6056 55
    endloop
  endfacet
  facet normal -0.146696 -0.989182 -0
    outer loop
      vertex 56.4653 73.5624 55
      vertex 56.174 73.6056 35
      vertex 56.4653 73.5624 35
    endloop
  endfacet
  facet normal -0.514246 -0.857643 0
    outer loop
      vertex 57.2942 73.2658 35
      vertex 57.5467 73.1144 55
      vertex 57.2942 73.2658 55
    endloop
  endfacet
  facet normal -0.514246 -0.857643 -0
    outer loop
      vertex 57.5467 73.1144 55
      vertex 57.2942 73.2658 35
      vertex 57.5467 73.1144 35
    endloop
  endfacet
  facet normal -0.671607 -0.740908 0
    outer loop
      vertex 57.7832 72.939 35
      vertex 58.0013 72.7413 55
      vertex 57.7832 72.939 55
    endloop
  endfacet
  facet normal -0.671607 -0.740908 -0
    outer loop
      vertex 58.0013 72.7413 55
      vertex 57.7832 72.939 35
      vertex 58.0013 72.7413 35
    endloop
  endfacet
  facet normal 0.969982 -0.243175 0
    outer loop
      vertex 52.9376 71.2053 55
      vertex 53.0092 71.4909 35
      vertex 53.0092 71.4909 55
    endloop
  endfacet
  facet normal 0.969982 -0.243175 0
    outer loop
      vertex 53.0092 71.4909 35
      vertex 52.9376 71.2053 55
      vertex 52.9376 71.2053 35
    endloop
  endfacet
  facet normal 0.803208 -0.595699 0
    outer loop
      vertex 53.3856 72.2867 55
      vertex 53.561 72.5232 35
      vertex 53.561 72.5232 55
    endloop
  endfacet
  facet normal 0.803208 -0.595699 0
    outer loop
      vertex 53.561 72.5232 35
      vertex 53.3856 72.2867 55
      vertex 53.3856 72.2867 35
    endloop
  endfacet
  facet normal 0.740908 -0.671607 0
    outer loop
      vertex 53.561 72.5232 55
      vertex 53.7587 72.7413 35
      vertex 53.7587 72.7413 55
    endloop
  endfacet
  facet normal 0.740908 -0.671607 0
    outer loop
      vertex 53.7587 72.7413 35
      vertex 53.561 72.5232 55
      vertex 53.561 72.5232 35
    endloop
  endfacet
  facet normal 0.857643 -0.514246 0
    outer loop
      vertex 53.2342 72.0342 55
      vertex 53.3856 72.2867 35
      vertex 53.3856 72.2867 55
    endloop
  endfacet
  facet normal 0.857643 -0.514246 0
    outer loop
      vertex 53.3856 72.2867 35
      vertex 53.2342 72.0342 55
      vertex 53.2342 72.0342 35
    endloop
  endfacet
  facet normal 0.941527 -0.336939 0
    outer loop
      vertex 53.0092 71.4909 55
      vertex 53.1084 71.7681 35
      vertex 53.1084 71.7681 55
    endloop
  endfacet
  facet normal 0.941527 -0.336939 0
    outer loop
      vertex 53.1084 71.7681 35
      vertex 53.0092 71.4909 55
      vertex 53.0092 71.4909 35
    endloop
  endfacet
  facet normal 0.989182 -0.146696 0
    outer loop
      vertex 52.8944 70.914 55
      vertex 52.9376 71.2053 35
      vertex 52.9376 71.2053 55
    endloop
  endfacet
  facet normal 0.989182 -0.146696 0
    outer loop
      vertex 52.9376 71.2053 35
      vertex 52.8944 70.914 55
      vertex 52.8944 70.914 35
    endloop
  endfacet
  facet normal 0.514246 -0.857643 0
    outer loop
      vertex 54.2133 73.1144 35
      vertex 54.4658 73.2658 55
      vertex 54.2133 73.1144 55
    endloop
  endfacet
  facet normal 0.514246 -0.857643 0
    outer loop
      vertex 54.4658 73.2658 55
      vertex 54.2133 73.1144 35
      vertex 54.4658 73.2658 35
    endloop
  endfacet
  facet normal 0.4274 -0.904063 0
    outer loop
      vertex 54.4658 73.2658 35
      vertex 54.7319 73.3916 55
      vertex 54.4658 73.2658 55
    endloop
  endfacet
  facet normal 0.4274 -0.904063 0
    outer loop
      vertex 54.7319 73.3916 55
      vertex 54.4658 73.2658 35
      vertex 54.7319 73.3916 35
    endloop
  endfacet
  facet normal 0.595699 -0.803208 0
    outer loop
      vertex 53.9768 72.939 35
      vertex 54.2133 73.1144 55
      vertex 53.9768 72.939 55
    endloop
  endfacet
  facet normal 0.595699 -0.803208 0
    outer loop
      vertex 54.2133 73.1144 55
      vertex 53.9768 72.939 35
      vertex 54.2133 73.1144 35
    endloop
  endfacet
  facet normal 0.243175 -0.969982 0
    outer loop
      vertex 55.0091 73.4908 35
      vertex 55.2947 73.5624 55
      vertex 55.0091 73.4908 55
    endloop
  endfacet
  facet normal 0.243175 -0.969982 0
    outer loop
      vertex 55.2947 73.5624 55
      vertex 55.0091 73.4908 35
      vertex 55.2947 73.5624 35
    endloop
  endfacet
  facet normal 0.0489044 -0.998803 0
    outer loop
      vertex 55.5859 73.6056 35
      vertex 55.88 73.62 55
      vertex 55.5859 73.6056 55
    endloop
  endfacet
  facet normal 0.0489044 -0.998803 0
    outer loop
      vertex 55.88 73.62 55
      vertex 55.5859 73.6056 35
      vertex 55.88 73.62 35
    endloop
  endfacet
  facet normal -0.998803 0.0489209 0
    outer loop
      vertex 58.8656 70.326 35
      vertex 58.88 70.62 55
      vertex 58.88 70.62 35
    endloop
  endfacet
  facet normal -0.998803 0.0489209 0
    outer loop
      vertex 58.88 70.62 55
      vertex 58.8656 70.326 35
      vertex 58.8656 70.326 55
    endloop
  endfacet
  facet normal -0.740908 0.671607 0
    outer loop
      vertex 58.0013 68.4987 35
      vertex 58.199 68.7168 55
      vertex 58.199 68.7168 35
    endloop
  endfacet
  facet normal -0.740908 0.671607 0
    outer loop
      vertex 58.199 68.7168 55
      vertex 58.0013 68.4987 35
      vertex 58.0013 68.4987 55
    endloop
  endfacet
  facet normal 0.671607 0.740908 -0
    outer loop
      vertex 53.9768 68.301 35
      vertex 53.7587 68.4987 55
      vertex 53.9768 68.301 55
    endloop
  endfacet
  facet normal 0.671607 0.740908 0
    outer loop
      vertex 53.7587 68.4987 55
      vertex 53.9768 68.301 35
      vertex 53.7587 68.4987 35
    endloop
  endfacet
  facet normal 0.904063 0.4274 0
    outer loop
      vertex 53.2342 69.2058 55
      vertex 53.1084 69.4719 35
      vertex 53.1084 69.4719 55
    endloop
  endfacet
  facet normal 0.904063 0.4274 0
    outer loop
      vertex 53.1084 69.4719 35
      vertex 53.2342 69.2058 55
      vertex 53.2342 69.2058 35
    endloop
  endfacet
  facet normal 0.803208 0.595699 0
    outer loop
      vertex 53.561 68.7168 55
      vertex 53.3856 68.9533 35
      vertex 53.3856 68.9533 55
    endloop
  endfacet
  facet normal 0.803208 0.595699 0
    outer loop
      vertex 53.3856 68.9533 35
      vertex 53.561 68.7168 55
      vertex 53.561 68.7168 35
    endloop
  endfacet
  facet normal 0 0 1
    outer loop
      vertex 58.8656 70.914 35
      vertex 58.8656 70.326 35
      vertex 58.88 70.62 35
    endloop
  endfacet
  facet normal 0 0 1
    outer loop
      vertex 58.8224 71.2053 35
      vertex 58.8656 70.326 35
      vertex 58.8656 70.914 35
    endloop
  endfacet
  facet normal 0 0 1
    outer loop
      vertex 58.8224 71.2053 35
      vertex 58.8224 70.0347 35
      vertex 58.8656 70.326 35
    endloop
  endfacet
  facet normal 0 0 1
    outer loop
      vertex 58.7508 71.4909 35
      vertex 58.8224 70.0347 35
      vertex 58.8224 71.2053 35
    endloop
  endfacet
  facet normal 0 0 1
    outer loop
      vertex 58.7508 71.4909 35
      vertex 58.7508 69.7491 35
      vertex 58.8224 70.0347 35
    endloop
  endfacet
  facet normal 0 0 1
    outer loop
      vertex 58.6516 71.7681 35
      vertex 58.7508 69.7491 35
      vertex 58.7508 71.4909 35
    endloop
  endfacet
  facet normal 0 0 1
    outer loop
      vertex 58.6516 71.7681 35
      vertex 58.6516 69.4719 35
      vertex 58.7508 69.7491 35
    endloop
  endfacet
  facet normal 0 0 1
    outer loop
      vertex 58.5258 72.0342 35
      vertex 58.6516 69.4719 35
      vertex 58.6516 71.7681 35
    endloop
  endfacet
  facet normal 0 0 1
    outer loop
      vertex 58.5258 72.0342 35
      vertex 58.5258 69.2058 35
      vertex 58.6516 69.4719 35
    endloop
  endfacet
  facet normal 0 0 1
    outer loop
      vertex 58.3744 72.2867 35
      vertex 58.5258 69.2058 35
      vertex 58.5258 72.0342 35
    endloop
  endfacet
  facet normal 0 0 1
    outer loop
      vertex 58.3744 72.2867 35
      vertex 58.3744 68.9533 35
      vertex 58.5258 69.2058 35
    endloop
  endfacet
  facet normal 0 0 1
    outer loop
      vertex 58.199 72.5232 35
      vertex 58.3744 68.9533 35
      vertex 58.3744 72.2867 35
    endloop
  endfacet
  facet normal 0 0 1
    outer loop
      vertex 58.199 72.5232 35
      vertex 58.199 68.7168 35
      vertex 58.3744 68.9533 35
    endloop
  endfacet
  facet normal 0 0 1
    outer loop
      vertex 58.0013 72.7413 35
      vertex 58.199 68.7168 35
      vertex 58.199 72.5232 35
    endloop
  endfacet
  facet normal 0 0 1
    outer loop
      vertex 58.0013 72.7413 35
      vertex 58.0013 68.4987 35
      vertex 58.199 68.7168 35
    endloop
  endfacet
  facet normal 0 0 1
    outer loop
      vertex 57.7832 72.939 35
      vertex 58.0013 68.4987 35
      vertex 58.0013 72.7413 35
    endloop
  endfacet
  facet normal 0 0 1
    outer loop
      vertex 57.7832 72.939 35
      vertex 57.7832 68.301 35
      vertex 58.0013 68.4987 35
    endloop
  endfacet
  facet normal 0 0 1
    outer loop
      vertex 57.5467 73.1144 35
      vertex 57.7832 68.301 35
      vertex 57.7832 72.939 35
    endloop
  endfacet
  facet normal 0 0 1
    outer loop
      vertex 57.5467 73.1144 35
      vertex 57.5467 68.1256 35
      vertex 57.7832 68.301 35
    endloop
  endfacet
  facet normal 0 0 1
    outer loop
      vertex 57.2942 73.2658 35
      vertex 57.5467 68.1256 35
      vertex 57.5467 73.1144 35
    endloop
  endfacet
  facet normal 0 0 1
    outer loop
      vertex 57.2942 73.2658 35
      vertex 57.2942 67.9742 35
      vertex 57.5467 68.1256 35
    endloop
  endfacet
  facet normal 0 0 1
    outer loop
      vertex 57.028 73.3916 35
      vertex 57.2942 67.9742 35
      vertex 57.2942 73.2658 35
    endloop
  endfacet
  facet normal 0 0 1
    outer loop
      vertex 57.028 73.3916 35
      vertex 57.028 67.8484 35
      vertex 57.2942 67.9742 35
    endloop
  endfacet
  facet normal 0 0 1
    outer loop
      vertex 56.7509 73.4908 35
      vertex 57.028 67.8484 35
      vertex 57.028 73.3916 35
    endloop
  endfacet
  facet normal 0 0 1
    outer loop
      vertex 56.7509 73.4908 35
      vertex 56.7509 67.7492 35
      vertex 57.028 67.8484 35
    endloop
  endfacet
  facet normal 0 0 1
    outer loop
      vertex 56.4653 73.5624 35
      vertex 56.7509 67.7492 35
      vertex 56.7509 73.4908 35
    endloop
  endfacet
  facet normal 0 0 1
    outer loop
      vertex 56.4653 73.5624 35
      vertex 56.4653 67.6776 35
      vertex 56.7509 67.7492 35
    endloop
  endfacet
  facet normal 0 0 1
    outer loop
      vertex 56.174 73.6056 35
      vertex 56.4653 67.6776 35
      vertex 56.4653 73.5624 35
    endloop
  endfacet
  facet normal 0 0 1
    outer loop
      vertex 56.174 73.6056 35
      vertex 56.174 67.6344 35
      vertex 56.4653 67.6776 35
    endloop
  endfacet
  facet normal 0 0 1
    outer loop
      vertex 55.88 73.62 35
      vertex 56.174 67.6344 35
      vertex 56.174 73.6056 35
    endloop
  endfacet
  facet normal 0 0 1
    outer loop
      vertex 55.88 73.62 35
      vertex 55.88 67.62 35
      vertex 56.174 67.6344 35
    endloop
  endfacet
  facet normal -0 0 1
    outer loop
      vertex 55.5859 73.6056 35
      vertex 55.88 67.62 35
      vertex 55.88 73.62 35
    endloop
  endfacet
  facet normal 0 0 1
    outer loop
      vertex 55.5859 73.6056 35
      vertex 55.5859 67.6344 35
      vertex 55.88 67.62 35
    endloop
  endfacet
  facet normal -0 0 1
    outer loop
      vertex 55.2947 73.5624 35
      vertex 55.5859 67.6344 35
      vertex 55.5859 73.6056 35
    endloop
  endfacet
  facet normal 0 0 1
    outer loop
      vertex 55.2947 73.5624 35
      vertex 55.2947 67.6776 35
      vertex 55.5859 67.6344 35
    endloop
  endfacet
  facet normal -0 0 1
    outer loop
      vertex 55.0091 73.4908 35
      vertex 55.2947 67.6776 35
      vertex 55.2947 73.5624 35
    endloop
  endfacet
  facet normal 0 0 1
    outer loop
      vertex 55.0091 73.4908 35
      vertex 55.0091 67.7492 35
      vertex 55.2947 67.6776 35
    endloop
  endfacet
  facet normal -0 0 1
    outer loop
      vertex 54.7319 73.3916 35
      vertex 55.0091 67.7492 35
      vertex 55.0091 73.4908 35
    endloop
  endfacet
  facet normal 0 0 1
    outer loop
      vertex 54.7319 73.3916 35
      vertex 54.7319 67.8484 35
      vertex 55.0091 67.7492 35
    endloop
  endfacet
  facet normal -0 0 1
    outer loop
      vertex 54.4658 73.2658 35
      vertex 54.7319 67.8484 35
      vertex 54.7319 73.3916 35
    endloop
  endfacet
  facet normal 0 0 1
    outer loop
      vertex 54.4658 73.2658 35
      vertex 54.4658 67.9742 35
      vertex 54.7319 67.8484 35
    endloop
  endfacet
  facet normal -0 0 1
    outer loop
      vertex 54.2133 73.1144 35
      vertex 54.4658 67.9742 35
      vertex 54.4658 73.2658 35
    endloop
  endfacet
  facet normal 0 0 1
    outer loop
      vertex 54.2133 73.1144 35
      vertex 54.2133 68.1256 35
      vertex 54.4658 67.9742 35
    endloop
  endfacet
  facet normal -0 0 1
    outer loop
      vertex 53.9768 72.939 35
      vertex 54.2133 68.1256 35
      vertex 54.2133 73.1144 35
    endloop
  endfacet
  facet normal 0 0 1
    outer loop
      vertex 53.9768 72.939 35
      vertex 53.9768 68.301 35
      vertex 54.2133 68.1256 35
    endloop
  endfacet
  facet normal -0 0 1
    outer loop
      vertex 53.7587 72.7413 35
      vertex 53.9768 68.301 35
      vertex 53.9768 72.939 35
    endloop
  endfacet
  facet normal 0 0 1
    outer loop
      vertex 53.7587 72.7413 35
      vertex 53.7587 68.4987 35
      vertex 53.9768 68.301 35
    endloop
  endfacet
  facet normal -0 0 1
    outer loop
      vertex 53.561 72.5232 35
      vertex 53.7587 68.4987 35
      vertex 53.7587 72.7413 35
    endloop
  endfacet
  facet normal 0 0 1
    outer loop
      vertex 53.561 72.5232 35
      vertex 53.561 68.7168 35
      vertex 53.7587 68.4987 35
    endloop
  endfacet
  facet normal -0 0 1
    outer loop
      vertex 53.3856 72.2867 35
      vertex 53.561 68.7168 35
      vertex 53.561 72.5232 35
    endloop
  endfacet
  facet normal 0 0 1
    outer loop
      vertex 53.3856 72.2867 35
      vertex 53.3856 68.9533 35
      vertex 53.561 68.7168 35
    endloop
  endfacet
  facet normal -0 0 1
    outer loop
      vertex 53.2342 72.0342 35
      vertex 53.3856 68.9533 35
      vertex 53.3856 72.2867 35
    endloop
  endfacet
  facet normal 0 0 1
    outer loop
      vertex 53.2342 72.0342 35
      vertex 53.2342 69.2058 35
      vertex 53.3856 68.9533 35
    endloop
  endfacet
  facet normal -0 0 1
    outer loop
      vertex 53.1084 71.7681 35
      vertex 53.2342 69.2058 35
      vertex 53.2342 72.0342 35
    endloop
  endfacet
  facet normal 0 0 1
    outer loop
      vertex 53.1084 71.7681 35
      vertex 53.1084 69.4719 35
      vertex 53.2342 69.2058 35
    endloop
  endfacet
  facet normal -0 0 1
    outer loop
      vertex 53.0092 71.4909 35
      vertex 53.1084 69.4719 35
      vertex 53.1084 71.7681 35
    endloop
  endfacet
  facet normal 0 0 1
    outer loop
      vertex 53.0092 71.4909 35
      vertex 53.0092 69.7491 35
      vertex 53.1084 69.4719 35
    endloop
  endfacet
  facet normal -0 0 1
    outer loop
      vertex 52.9376 71.2053 35
      vertex 53.0092 69.7491 35
      vertex 53.0092 71.4909 35
    endloop
  endfacet
  facet normal 0 0 1
    outer loop
      vertex 52.9376 71.2053 35
      vertex 52.9376 70.0347 35
      vertex 53.0092 69.7491 35
    endloop
  endfacet
  facet normal -0 0 1
    outer loop
      vertex 52.8944 70.914 35
      vertex 52.9376 70.0347 35
      vertex 52.9376 71.2053 35
    endloop
  endfacet
  facet normal 0 0 1
    outer loop
      vertex 52.8944 70.914 35
      vertex 52.8944 70.326 35
      vertex 52.9376 70.0347 35
    endloop
  endfacet
  facet normal 0 -0 1
    outer loop
      vertex 52.8944 70.326 35
      vertex 52.8944 70.914 35
      vertex 52.88 70.62 35
    endloop
  endfacet
  facet normal -0.904063 0.4274 0
    outer loop
      vertex 58.5258 69.2058 35
      vertex 58.6516 69.4719 55
      vertex 58.6516 69.4719 35
    endloop
  endfacet
  facet normal -0.904063 0.4274 0
    outer loop
      vertex 58.6516 69.4719 55
      vertex 58.5258 69.2058 35
      vertex 58.5258 69.2058 55
    endloop
  endfacet
  facet normal -0.941527 0.336939 0
    outer loop
      vertex 58.6516 69.4719 35
      vertex 58.7508 69.7491 55
      vertex 58.7508 69.7491 35
    endloop
  endfacet
  facet normal -0.941527 0.336939 0
    outer loop
      vertex 58.7508 69.7491 55
      vertex 58.6516 69.4719 35
      vertex 58.6516 69.4719 55
    endloop
  endfacet
  facet normal -0.989182 0.146696 0
    outer loop
      vertex 58.8224 70.0347 35
      vertex 58.8656 70.326 55
      vertex 58.8656 70.326 35
    endloop
  endfacet
  facet normal -0.989182 0.146696 0
    outer loop
      vertex 58.8656 70.326 55
      vertex 58.8224 70.0347 35
      vertex 58.8224 70.0347 55
    endloop
  endfacet
  facet normal -0.803208 0.595699 0
    outer loop
      vertex 58.199 68.7168 35
      vertex 58.3744 68.9533 55
      vertex 58.3744 68.9533 35
    endloop
  endfacet
  facet normal -0.803208 0.595699 0
    outer loop
      vertex 58.3744 68.9533 55
      vertex 58.199 68.7168 35
      vertex 58.199 68.7168 55
    endloop
  endfacet
  facet normal 0.336939 0.941527 -0
    outer loop
      vertex 55.0091 67.7492 35
      vertex 54.7319 67.8484 55
      vertex 55.0091 67.7492 55
    endloop
  endfacet
  facet normal 0.336939 0.941527 0
    outer loop
      vertex 54.7319 67.8484 55
      vertex 55.0091 67.7492 35
      vertex 54.7319 67.8484 35
    endloop
  endfacet
  facet normal 0.514246 0.857643 -0
    outer loop
      vertex 54.4658 67.9742 35
      vertex 54.2133 68.1256 55
      vertex 54.4658 67.9742 55
    endloop
  endfacet
  facet normal 0.514246 0.857643 0
    outer loop
      vertex 54.2133 68.1256 55
      vertex 54.4658 67.9742 35
      vertex 54.2133 68.1256 35
    endloop
  endfacet
  facet normal 0.740908 0.671607 0
    outer loop
      vertex 53.7587 68.4987 55
      vertex 53.561 68.7168 35
      vertex 53.561 68.7168 55
    endloop
  endfacet
  facet normal 0.740908 0.671607 0
    outer loop
      vertex 53.561 68.7168 35
      vertex 53.7587 68.4987 55
      vertex 53.7587 68.4987 35
    endloop
  endfacet
  facet normal 0.969982 0.243175 0
    outer loop
      vertex 53.0092 69.7491 55
      vertex 52.9376 70.0347 35
      vertex 52.9376 70.0347 55
    endloop
  endfacet
  facet normal 0.969982 0.243175 0
    outer loop
      vertex 52.9376 70.0347 35
      vertex 53.0092 69.7491 55
      vertex 53.0092 69.7491 35
    endloop
  endfacet
  facet normal 0.998803 0.0489209 0
    outer loop
      vertex 52.8944 70.326 55
      vertex 52.88 70.62 35
      vertex 52.88 70.62 55
    endloop
  endfacet
  facet normal 0.998803 0.0489209 0
    outer loop
      vertex 52.88 70.62 35
      vertex 52.8944 70.326 55
      vertex 52.8944 70.326 35
    endloop
  endfacet
  facet normal -0.857643 0.514246 0
    outer loop
      vertex 58.3744 68.9533 35
      vertex 58.5258 69.2058 55
      vertex 58.5258 69.2058 35
    endloop
  endfacet
  facet normal -0.857643 0.514246 0
    outer loop
      vertex 58.5258 69.2058 55
      vertex 58.3744 68.9533 35
      vertex 58.3744 68.9533 55
    endloop
  endfacet
  facet normal 0.0489044 0.998803 -0
    outer loop
      vertex 55.88 67.62 35
      vertex 55.5859 67.6344 55
      vertex 55.88 67.62 55
    endloop
  endfacet
  facet normal 0.0489044 0.998803 0
    outer loop
      vertex 55.5859 67.6344 55
      vertex 55.88 67.62 35
      vertex 55.5859 67.6344 35
    endloop
  endfacet
  facet normal 0.857643 0.514246 0
    outer loop
      vertex 53.3856 68.9533 55
      vertex 53.2342 69.2058 35
      vertex 53.2342 69.2058 55
    endloop
  endfacet
  facet normal 0.857643 0.514246 0
    outer loop
      vertex 53.2342 69.2058 35
      vertex 53.3856 68.9533 55
      vertex 53.3856 68.9533 35
    endloop
  endfacet
  facet normal 0.941527 0.336939 0
    outer loop
      vertex 53.1084 69.4719 55
      vertex 53.0092 69.7491 35
      vertex 53.0092 69.7491 55
    endloop
  endfacet
  facet normal 0.941527 0.336939 0
    outer loop
      vertex 53.0092 69.7491 35
      vertex 53.1084 69.4719 55
      vertex 53.1084 69.4719 35
    endloop
  endfacet
  facet normal 0.989182 0.146696 0
    outer loop
      vertex 52.9376 70.0347 55
      vertex 52.8944 70.326 35
      vertex 52.8944 70.326 55
    endloop
  endfacet
  facet normal 0.989182 0.146696 0
    outer loop
      vertex 52.8944 70.326 35
      vertex 52.9376 70.0347 55
      vertex 52.9376 70.0347 35
    endloop
  endfacet
  facet normal -0.671607 0.740908 0
    outer loop
      vertex 58.0013 68.4987 35
      vertex 57.7832 68.301 55
      vertex 58.0013 68.4987 55
    endloop
  endfacet
  facet normal -0.671607 0.740908 0
    outer loop
      vertex 57.7832 68.301 55
      vertex 58.0013 68.4987 35
      vertex 57.7832 68.301 35
    endloop
  endfacet
  facet normal -0.595699 0.803208 0
    outer loop
      vertex 57.7832 68.301 35
      vertex 57.5467 68.1256 55
      vertex 57.7832 68.301 55
    endloop
  endfacet
  facet normal -0.595699 0.803208 0
    outer loop
      vertex 57.5467 68.1256 55
      vertex 57.7832 68.301 35
      vertex 57.5467 68.1256 35
    endloop
  endfacet
  facet normal -0.514246 0.857643 0
    outer loop
      vertex 57.5467 68.1256 35
      vertex 57.2942 67.9742 55
      vertex 57.5467 68.1256 55
    endloop
  endfacet
  facet normal -0.514246 0.857643 0
    outer loop
      vertex 57.2942 67.9742 55
      vertex 57.5467 68.1256 35
      vertex 57.2942 67.9742 35
    endloop
  endfacet
  facet normal 0.146746 0.989174 -0
    outer loop
      vertex 55.5859 67.6344 35
      vertex 55.2947 67.6776 55
      vertex 55.5859 67.6344 55
    endloop
  endfacet
  facet normal 0.146746 0.989174 0
    outer loop
      vertex 55.2947 67.6776 55
      vertex 55.5859 67.6344 35
      vertex 55.2947 67.6776 35
    endloop
  endfacet
  facet normal 0.595699 0.803208 -0
    outer loop
      vertex 54.2133 68.1256 35
      vertex 53.9768 68.301 55
      vertex 54.2133 68.1256 55
    endloop
  endfacet
  facet normal 0.595699 0.803208 0
    outer loop
      vertex 53.9768 68.301 55
      vertex 54.2133 68.1256 35
      vertex 53.9768 68.301 35
    endloop
  endfacet
  facet normal 0.4274 0.904063 -0
    outer loop
      vertex 54.7319 67.8484 35
      vertex 54.4658 67.9742 55
      vertex 54.7319 67.8484 55
    endloop
  endfacet
  facet normal 0.4274 0.904063 0
    outer loop
      vertex 54.4658 67.9742 55
      vertex 54.7319 67.8484 35
      vertex 54.4658 67.9742 35
    endloop
  endfacet
  facet normal -0.337047 0.941488 0
    outer loop
      vertex 57.028 67.8484 35
      vertex 56.7509 67.7492 55
      vertex 57.028 67.8484 55
    endloop
  endfacet
  facet normal -0.337047 0.941488 0
    outer loop
      vertex 56.7509 67.7492 55
      vertex 57.028 67.8484 35
      vertex 56.7509 67.7492 35
    endloop
  endfacet
  facet normal -0.243175 0.969982 0
    outer loop
      vertex 56.7509 67.7492 35
      vertex 56.4653 67.6776 55
      vertex 56.7509 67.7492 55
    endloop
  endfacet
  facet normal -0.243175 0.969982 0
    outer loop
      vertex 56.4653 67.6776 55
      vertex 56.7509 67.7492 35
      vertex 56.4653 67.6776 35
    endloop
  endfacet
  facet normal 0.243175 0.969982 -0
    outer loop
      vertex 55.2947 67.6776 35
      vertex 55.0091 67.7492 55
      vertex 55.2947 67.6776 55
    endloop
  endfacet
  facet normal 0.243175 0.969982 0
    outer loop
      vertex 55.0091 67.7492 55
      vertex 55.2947 67.6776 35
      vertex 55.0091 67.7492 35
    endloop
  endfacet
  facet normal -0.595699 -0.803208 0
    outer loop
      vertex 77.1067 14.4344 35
      vertex 77.3432 14.259 55
      vertex 77.1067 14.4344 55
    endloop
  endfacet
  facet normal -0.595699 -0.803208 -0
    outer loop
      vertex 77.3432 14.259 55
      vertex 77.1067 14.4344 35
      vertex 77.3432 14.259 35
    endloop
  endfacet
  facet normal -0.998803 0.0489044 0
    outer loop
      vertex 78.4256 11.6459 35
      vertex 78.44 11.94 55
      vertex 78.44 11.94 35
    endloop
  endfacet
  facet normal -0.998803 0.0489044 0
    outer loop
      vertex 78.44 11.94 55
      vertex 78.4256 11.6459 35
      vertex 78.4256 11.6459 55
    endloop
  endfacet
  facet normal 0.4274 -0.904063 0
    outer loop
      vertex 74.0258 14.5858 35
      vertex 74.2919 14.7116 55
      vertex 74.0258 14.5858 55
    endloop
  endfacet
  facet normal 0.4274 -0.904063 0
    outer loop
      vertex 74.2919 14.7116 55
      vertex 74.0258 14.5858 35
      vertex 74.2919 14.7116 35
    endloop
  endfacet
  facet normal 0.941488 -0.337047 0
    outer loop
      vertex 72.5692 12.8109 55
      vertex 72.6684 13.088 35
      vertex 72.6684 13.088 55
    endloop
  endfacet
  facet normal 0.941488 -0.337047 0
    outer loop
      vertex 72.6684 13.088 35
      vertex 72.5692 12.8109 55
      vertex 72.5692 12.8109 35
    endloop
  endfacet
  facet normal -0.904125 -0.427269 0
    outer loop
      vertex 78.2116 13.088 35
      vertex 78.0858 13.3542 55
      vertex 78.0858 13.3542 35
    endloop
  endfacet
  facet normal -0.904125 -0.427269 0
    outer loop
      vertex 78.0858 13.3542 55
      vertex 78.2116 13.088 35
      vertex 78.2116 13.088 55
    endloop
  endfacet
  facet normal -0.857643 -0.514246 0
    outer loop
      vertex 78.0858 13.3542 35
      vertex 77.9344 13.6067 55
      vertex 77.9344 13.6067 35
    endloop
  endfacet
  facet normal -0.857643 -0.514246 0
    outer loop
      vertex 77.9344 13.6067 55
      vertex 78.0858 13.3542 35
      vertex 78.0858 13.3542 55
    endloop
  endfacet
  facet normal -0.336939 -0.941527 0
    outer loop
      vertex 76.3109 14.8108 35
      vertex 76.5881 14.7116 55
      vertex 76.3109 14.8108 55
    endloop
  endfacet
  facet normal -0.336939 -0.941527 -0
    outer loop
      vertex 76.5881 14.7116 55
      vertex 76.3109 14.8108 35
      vertex 76.5881 14.7116 35
    endloop
  endfacet
  facet normal -0.0489044 -0.998803 0
    outer loop
      vertex 75.44 14.94 35
      vertex 75.7341 14.9256 55
      vertex 75.44 14.94 55
    endloop
  endfacet
  facet normal -0.0489044 -0.998803 -0
    outer loop
      vertex 75.7341 14.9256 55
      vertex 75.44 14.94 35
      vertex 75.7341 14.9256 35
    endloop
  endfacet
  facet normal 0 0 1
    outer loop
      vertex 78.4256 12.2341 35
      vertex 78.4256 11.6459 35
      vertex 78.44 11.94 35
    endloop
  endfacet
  facet normal 0 0 1
    outer loop
      vertex 78.3824 12.5253 35
      vertex 78.4256 11.6459 35
      vertex 78.4256 12.2341 35
    endloop
  endfacet
  facet normal 0 0 1
    outer loop
      vertex 78.3824 12.5253 35
      vertex 78.3824 11.3547 35
      vertex 78.4256 11.6459 35
    endloop
  endfacet
  facet normal 0 0 1
    outer loop
      vertex 78.3108 12.8109 35
      vertex 78.3824 11.3547 35
      vertex 78.3824 12.5253 35
    endloop
  endfacet
  facet normal 0 0 1
    outer loop
      vertex 78.3108 12.8109 35
      vertex 78.3108 11.0691 35
      vertex 78.3824 11.3547 35
    endloop
  endfacet
  facet normal 0 0 1
    outer loop
      vertex 78.2116 13.088 35
      vertex 78.3108 11.0691 35
      vertex 78.3108 12.8109 35
    endloop
  endfacet
  facet normal 0 0 1
    outer loop
      vertex 78.2116 13.088 35
      vertex 78.2116 10.7919 35
      vertex 78.3108 11.0691 35
    endloop
  endfacet
  facet normal 0 0 1
    outer loop
      vertex 78.0858 13.3542 35
      vertex 78.2116 10.7919 35
      vertex 78.2116 13.088 35
    endloop
  endfacet
  facet normal 0 0 1
    outer loop
      vertex 78.0858 13.3542 35
      vertex 78.0858 10.5258 35
      vertex 78.2116 10.7919 35
    endloop
  endfacet
  facet normal 0 0 1
    outer loop
      vertex 77.9344 13.6067 35
      vertex 78.0858 10.5258 35
      vertex 78.0858 13.3542 35
    endloop
  endfacet
  facet normal 0 0 1
    outer loop
      vertex 77.9344 13.6067 35
      vertex 77.9344 10.2733 35
      vertex 78.0858 10.5258 35
    endloop
  endfacet
  facet normal 0 0 1
    outer loop
      vertex 77.759 13.8432 35
      vertex 77.9344 10.2733 35
      vertex 77.9344 13.6067 35
    endloop
  endfacet
  facet normal 0 0 1
    outer loop
      vertex 77.759 13.8432 35
      vertex 77.759 10.0368 35
      vertex 77.9344 10.2733 35
    endloop
  endfacet
  facet normal 0 0 1
    outer loop
      vertex 77.5613 14.0613 35
      vertex 77.759 10.0368 35
      vertex 77.759 13.8432 35
    endloop
  endfacet
  facet normal 0 0 1
    outer loop
      vertex 77.5613 14.0613 35
      vertex 77.5613 9.81868 35
      vertex 77.759 10.0368 35
    endloop
  endfacet
  facet normal 0 0 1
    outer loop
      vertex 77.3432 14.259 35
      vertex 77.5613 9.81868 35
      vertex 77.5613 14.0613 35
    endloop
  endfacet
  facet normal 0 0 1
    outer loop
      vertex 77.3432 14.259 35
      vertex 77.3432 9.62097 35
      vertex 77.5613 9.81868 35
    endloop
  endfacet
  facet normal 0 0 1
    outer loop
      vertex 77.1067 14.4344 35
      vertex 77.3432 9.62097 35
      vertex 77.3432 14.259 35
    endloop
  endfacet
  facet normal 0 0 1
    outer loop
      vertex 77.1067 14.4344 35
      vertex 77.1067 9.44559 35
      vertex 77.3432 9.62097 35
    endloop
  endfacet
  facet normal 0 0 1
    outer loop
      vertex 76.8542 14.5858 35
      vertex 77.1067 9.44559 35
      vertex 77.1067 14.4344 35
    endloop
  endfacet
  facet normal 0 0 1
    outer loop
      vertex 76.8542 14.5858 35
      vertex 76.8542 9.29424 35
      vertex 77.1067 9.44559 35
    endloop
  endfacet
  facet normal 0 0 1
    outer loop
      vertex 76.5881 14.7116 35
      vertex 76.8542 9.29424 35
      vertex 76.8542 14.5858 35
    endloop
  endfacet
  facet normal 0 0 1
    outer loop
      vertex 76.5881 14.7116 35
      vertex 76.5881 9.16836 35
      vertex 76.8542 9.29424 35
    endloop
  endfacet
  facet normal 0 0 1
    outer loop
      vertex 76.3109 14.8108 35
      vertex 76.5881 9.16836 35
      vertex 76.5881 14.7116 35
    endloop
  endfacet
  facet normal 0 0 1
    outer loop
      vertex 76.3109 14.8108 35
      vertex 76.3109 9.06918 35
      vertex 76.5881 9.16836 35
    endloop
  endfacet
  facet normal 0 0 1
    outer loop
      vertex 76.0253 14.8824 35
      vertex 76.3109 9.06918 35
      vertex 76.3109 14.8108 35
    endloop
  endfacet
  facet normal 0 0 1
    outer loop
      vertex 76.0253 14.8824 35
      vertex 76.0253 8.99764 35
      vertex 76.3109 9.06918 35
    endloop
  endfacet
  facet normal 0 0 1
    outer loop
      vertex 75.7341 14.9256 35
      vertex 76.0253 8.99764 35
      vertex 76.0253 14.8824 35
    endloop
  endfacet
  facet normal 0 0 1
    outer loop
      vertex 75.7341 14.9256 35
      vertex 75.7341 8.95444 35
      vertex 76.0253 8.99764 35
    endloop
  endfacet
  facet normal 0 0 1
    outer loop
      vertex 75.44 14.94 35
      vertex 75.7341 8.95444 35
      vertex 75.7341 14.9256 35
    endloop
  endfacet
  facet normal 0 0 1
    outer loop
      vertex 75.44 14.94 35
      vertex 75.44 8.94 35
      vertex 75.7341 8.95444 35
    endloop
  endfacet
  facet normal -0 0 1
    outer loop
      vertex 75.146 14.9256 35
      vertex 75.44 8.94 35
      vertex 75.44 14.94 35
    endloop
  endfacet
  facet normal 0 0 1
    outer loop
      vertex 75.146 14.9256 35
      vertex 75.146 8.95444 35
      vertex 75.44 8.94 35
    endloop
  endfacet
  facet normal -0 0 1
    outer loop
      vertex 74.8547 14.8824 35
      vertex 75.146 8.95444 35
      vertex 75.146 14.9256 35
    endloop
  endfacet
  facet normal 0 0 1
    outer loop
      vertex 74.8547 14.8824 35
      vertex 74.8547 8.99764 35
      vertex 75.146 8.95444 35
    endloop
  endfacet
  facet normal -0 0 1
    outer loop
      vertex 74.5691 14.8108 35
      vertex 74.8547 8.99764 35
      vertex 74.8547 14.8824 35
    endloop
  endfacet
  facet normal 0 0 1
    outer loop
      vertex 74.5691 14.8108 35
      vertex 74.5691 9.06918 35
      vertex 74.8547 8.99764 35
    endloop
  endfacet
  facet normal -0 0 1
    outer loop
      vertex 74.2919 14.7116 35
      vertex 74.5691 9.06918 35
      vertex 74.5691 14.8108 35
    endloop
  endfacet
  facet normal 0 0 1
    outer loop
      vertex 74.2919 14.7116 35
      vertex 74.2919 9.16836 35
      vertex 74.5691 9.06918 35
    endloop
  endfacet
  facet normal -0 0 1
    outer loop
      vertex 74.0258 14.5858 35
      vertex 74.2919 9.16836 35
      vertex 74.2919 14.7116 35
    endloop
  endfacet
  facet normal 0 0 1
    outer loop
      vertex 74.0258 14.5858 35
      vertex 74.0258 9.29424 35
      vertex 74.2919 9.16836 35
    endloop
  endfacet
  facet normal -0 0 1
    outer loop
      vertex 73.7733 14.4344 35
      vertex 74.0258 9.29424 35
      vertex 74.0258 14.5858 35
    endloop
  endfacet
  facet normal 0 0 1
    outer loop
      vertex 73.7733 14.4344 35
      vertex 73.7733 9.44559 35
      vertex 74.0258 9.29424 35
    endloop
  endfacet
  facet normal -0 0 1
    outer loop
      vertex 73.5368 14.259 35
      vertex 73.7733 9.44559 35
      vertex 73.7733 14.4344 35
    endloop
  endfacet
  facet normal 0 0 1
    outer loop
      vertex 73.5368 14.259 35
      vertex 73.5368 9.62097 35
      vertex 73.7733 9.44559 35
    endloop
  endfacet
  facet normal -0 0 1
    outer loop
      vertex 73.3187 14.0613 35
      vertex 73.5368 9.62097 35
      vertex 73.5368 14.259 35
    endloop
  endfacet
  facet normal 0 0 1
    outer loop
      vertex 73.3187 14.0613 35
      vertex 73.3187 9.81868 35
      vertex 73.5368 9.62097 35
    endloop
  endfacet
  facet normal -0 0 1
    outer loop
      vertex 73.121 13.8432 35
      vertex 73.3187 9.81868 35
      vertex 73.3187 14.0613 35
    endloop
  endfacet
  facet normal 0 0 1
    outer loop
      vertex 73.121 13.8432 35
      vertex 73.121 10.0368 35
      vertex 73.3187 9.81868 35
    endloop
  endfacet
  facet normal -0 0 1
    outer loop
      vertex 72.9456 13.6067 35
      vertex 73.121 10.0368 35
      vertex 73.121 13.8432 35
    endloop
  endfacet
  facet normal 0 0 1
    outer loop
      vertex 72.9456 13.6067 35
      vertex 72.9456 10.2733 35
      vertex 73.121 10.0368 35
    endloop
  endfacet
  facet normal -0 0 1
    outer loop
      vertex 72.7942 13.3542 35
      vertex 72.9456 10.2733 35
      vertex 72.9456 13.6067 35
    endloop
  endfacet
  facet normal 0 0 1
    outer loop
      vertex 72.7942 13.3542 35
      vertex 72.7942 10.5258 35
      vertex 72.9456 10.2733 35
    endloop
  endfacet
  facet normal -0 0 1
    outer loop
      vertex 72.6684 13.088 35
      vertex 72.7942 10.5258 35
      vertex 72.7942 13.3542 35
    endloop
  endfacet
  facet normal 0 0 1
    outer loop
      vertex 72.6684 13.088 35
      vertex 72.6684 10.7919 35
      vertex 72.7942 10.5258 35
    endloop
  endfacet
  facet normal -0 0 1
    outer loop
      vertex 72.5692 12.8109 35
      vertex 72.6684 10.7919 35
      vertex 72.6684 13.088 35
    endloop
  endfacet
  facet normal 0 0 1
    outer loop
      vertex 72.5692 12.8109 35
      vertex 72.5692 11.0691 35
      vertex 72.6684 10.7919 35
    endloop
  endfacet
  facet normal -0 0 1
    outer loop
      vertex 72.4976 12.5253 35
      vertex 72.5692 11.0691 35
      vertex 72.5692 12.8109 35
    endloop
  endfacet
  facet normal 0 0 1
    outer loop
      vertex 72.4976 12.5253 35
      vertex 72.4976 11.3547 35
      vertex 72.5692 11.0691 35
    endloop
  endfacet
  facet normal -0 0 1
    outer loop
      vertex 72.4544 12.2341 35
      vertex 72.4976 11.3547 35
      vertex 72.4976 12.5253 35
    endloop
  endfacet
  facet normal 0 0 1
    outer loop
      vertex 72.4544 12.2341 35
      vertex 72.4544 11.6459 35
      vertex 72.4976 11.3547 35
    endloop
  endfacet
  facet normal 0 -0 1
    outer loop
      vertex 72.4544 11.6459 35
      vertex 72.4544 12.2341 35
      vertex 72.44 11.94 35
    endloop
  endfacet
  facet normal 0.998803 -0.0489044 0
    outer loop
      vertex 72.44 11.94 55
      vertex 72.4544 12.2341 35
      vertex 72.4544 12.2341 55
    endloop
  endfacet
  facet normal 0.998803 -0.0489044 0
    outer loop
      vertex 72.4544 12.2341 35
      vertex 72.44 11.94 55
      vertex 72.44 11.94 35
    endloop
  endfacet
  facet normal 0.803208 -0.595699 0
    outer loop
      vertex 72.9456 13.6067 55
      vertex 73.121 13.8432 35
      vertex 73.121 13.8432 55
    endloop
  endfacet
  facet normal 0.803208 -0.595699 0
    outer loop
      vertex 73.121 13.8432 35
      vertex 72.9456 13.6067 55
      vertex 72.9456 13.6067 35
    endloop
  endfacet
  facet normal 0.243175 -0.969982 0
    outer loop
      vertex 74.5691 14.8108 35
      vertex 74.8547 14.8824 55
      vertex 74.5691 14.8108 55
    endloop
  endfacet
  facet normal 0.243175 -0.969982 0
    outer loop
      vertex 74.8547 14.8824 55
      vertex 74.5691 14.8108 35
      vertex 74.8547 14.8824 35
    endloop
  endfacet
  facet normal -0.803208 0.595699 0
    outer loop
      vertex 77.759 10.0368 35
      vertex 77.9344 10.2733 55
      vertex 77.9344 10.2733 35
    endloop
  endfacet
  facet normal -0.803208 0.595699 0
    outer loop
      vertex 77.9344 10.2733 55
      vertex 77.759 10.0368 35
      vertex 77.759 10.0368 55
    endloop
  endfacet
  facet normal -0.941527 0.336939 0
    outer loop
      vertex 78.2116 10.7919 35
      vertex 78.3108 11.0691 55
      vertex 78.3108 11.0691 35
    endloop
  endfacet
  facet normal -0.941527 0.336939 0
    outer loop
      vertex 78.3108 11.0691 55
      vertex 78.2116 10.7919 35
      vertex 78.2116 10.7919 55
    endloop
  endfacet
  facet normal 0.0490565 0.998796 -0
    outer loop
      vertex 75.44 8.94 35
      vertex 75.146 8.95444 55
      vertex 75.44 8.94 55
    endloop
  endfacet
  facet normal 0.0490565 0.998796 0
    outer loop
      vertex 75.146 8.95444 55
      vertex 75.44 8.94 35
      vertex 75.146 8.95444 35
    endloop
  endfacet
  facet normal 0.595655 0.803241 -0
    outer loop
      vertex 73.7733 9.44559 35
      vertex 73.5368 9.62097 55
      vertex 73.7733 9.44559 55
    endloop
  endfacet
  facet normal 0.595655 0.803241 0
    outer loop
      vertex 73.5368 9.62097 55
      vertex 73.7733 9.44559 35
      vertex 73.5368 9.62097 35
    endloop
  endfacet
  facet normal -0.989174 -0.146746 0
    outer loop
      vertex 78.4256 12.2341 35
      vertex 78.3824 12.5253 55
      vertex 78.3824 12.5253 35
    endloop
  endfacet
  facet normal -0.989174 -0.146746 0
    outer loop
      vertex 78.3824 12.5253 55
      vertex 78.4256 12.2341 35
      vertex 78.4256 12.2341 55
    endloop
  endfacet
  facet normal -0.969982 -0.243175 0
    outer loop
      vertex 78.3824 12.5253 35
      vertex 78.3108 12.8109 55
      vertex 78.3108 12.8109 35
    endloop
  endfacet
  facet normal -0.969982 -0.243175 0
    outer loop
      vertex 78.3108 12.8109 55
      vertex 78.3824 12.5253 35
      vertex 78.3824 12.5253 55
    endloop
  endfacet
  facet normal -0.941488 -0.337047 0
    outer loop
      vertex 78.3108 12.8109 35
      vertex 78.2116 13.088 55
      vertex 78.2116 13.088 35
    endloop
  endfacet
  facet normal -0.941488 -0.337047 0
    outer loop
      vertex 78.2116 13.088 55
      vertex 78.3108 12.8109 35
      vertex 78.3108 12.8109 55
    endloop
  endfacet
  facet normal -0.740908 -0.671607 0
    outer loop
      vertex 77.759 13.8432 35
      vertex 77.5613 14.0613 55
      vertex 77.5613 14.0613 35
    endloop
  endfacet
  facet normal -0.740908 -0.671607 0
    outer loop
      vertex 77.5613 14.0613 55
      vertex 77.759 13.8432 35
      vertex 77.759 13.8432 55
    endloop
  endfacet
  facet normal -0.803208 -0.595699 0
    outer loop
      vertex 77.9344 13.6067 35
      vertex 77.759 13.8432 55
      vertex 77.759 13.8432 35
    endloop
  endfacet
  facet normal -0.803208 -0.595699 0
    outer loop
      vertex 77.759 13.8432 55
      vertex 77.9344 13.6067 35
      vertex 77.9344 13.6067 55
    endloop
  endfacet
  facet normal -0.671607 -0.740908 0
    outer loop
      vertex 77.3432 14.259 35
      vertex 77.5613 14.0613 55
      vertex 77.3432 14.259 55
    endloop
  endfacet
  facet normal -0.671607 -0.740908 -0
    outer loop
      vertex 77.5613 14.0613 55
      vertex 77.3432 14.259 35
      vertex 77.5613 14.0613 35
    endloop
  endfacet
  facet normal -0.514246 -0.857643 0
    outer loop
      vertex 76.8542 14.5858 35
      vertex 77.1067 14.4344 55
      vertex 76.8542 14.5858 55
    endloop
  endfacet
  facet normal -0.514246 -0.857643 -0
    outer loop
      vertex 77.1067 14.4344 55
      vertex 76.8542 14.5858 35
      vertex 77.1067 14.4344 35
    endloop
  endfacet
  facet normal 0.0489209 -0.998803 0
    outer loop
      vertex 75.146 14.9256 35
      vertex 75.44 14.94 55
      vertex 75.146 14.9256 55
    endloop
  endfacet
  facet normal 0.0489209 -0.998803 0
    outer loop
      vertex 75.44 14.94 55
      vertex 75.146 14.9256 35
      vertex 75.44 14.94 35
    endloop
  endfacet
  facet normal -0.4274 -0.904063 0
    outer loop
      vertex 76.5881 14.7116 35
      vertex 76.8542 14.5858 55
      vertex 76.5881 14.7116 55
    endloop
  endfacet
  facet normal -0.4274 -0.904063 -0
    outer loop
      vertex 76.8542 14.5858 55
      vertex 76.5881 14.7116 35
      vertex 76.8542 14.5858 35
    endloop
  endfacet
  facet normal -0.243175 -0.969982 0
    outer loop
      vertex 76.0253 14.8824 35
      vertex 76.3109 14.8108 55
      vertex 76.0253 14.8824 55
    endloop
  endfacet
  facet normal -0.243175 -0.969982 -0
    outer loop
      vertex 76.3109 14.8108 55
      vertex 76.0253 14.8824 35
      vertex 76.3109 14.8108 35
    endloop
  endfacet
  facet normal -0.146746 -0.989174 0
    outer loop
      vertex 75.7341 14.9256 35
      vertex 76.0253 14.8824 55
      vertex 75.7341 14.9256 55
    endloop
  endfacet
  facet normal -0.146746 -0.989174 -0
    outer loop
      vertex 76.0253 14.8824 55
      vertex 75.7341 14.9256 35
      vertex 76.0253 14.8824 35
    endloop
  endfacet
  facet normal 0.969982 -0.243175 0
    outer loop
      vertex 72.4976 12.5253 55
      vertex 72.5692 12.8109 35
      vertex 72.5692 12.8109 55
    endloop
  endfacet
  facet normal 0.969982 -0.243175 0
    outer loop
      vertex 72.5692 12.8109 35
      vertex 72.4976 12.5253 55
      vertex 72.4976 12.5253 35
    endloop
  endfacet
  facet normal 0.989174 -0.146746 0
    outer loop
      vertex 72.4544 12.2341 55
      vertex 72.4976 12.5253 35
      vertex 72.4976 12.5253 55
    endloop
  endfacet
  facet normal 0.989174 -0.146746 0
    outer loop
      vertex 72.4976 12.5253 35
      vertex 72.4544 12.2341 55
      vertex 72.4544 12.2341 35
    endloop
  endfacet
  facet normal 0.904125 -0.427269 0
    outer loop
      vertex 72.6684 13.088 55
      vertex 72.7942 13.3542 35
      vertex 72.7942 13.3542 55
    endloop
  endfacet
  facet normal 0.904125 -0.427269 0
    outer loop
      vertex 72.7942 13.3542 35
      vertex 72.6684 13.088 55
      vertex 72.6684 13.088 35
    endloop
  endfacet
  facet normal 0.857643 -0.514246 0
    outer loop
      vertex 72.7942 13.3542 55
      vertex 72.9456 13.6067 35
      vertex 72.9456 13.6067 55
    endloop
  endfacet
  facet normal 0.857643 -0.514246 0
    outer loop
      vertex 72.9456 13.6067 35
      vertex 72.7942 13.3542 55
      vertex 72.7942 13.3542 35
    endloop
  endfacet
  facet normal 0.336939 -0.941527 0
    outer loop
      vertex 74.2919 14.7116 35
      vertex 74.5691 14.8108 55
      vertex 74.2919 14.7116 55
    endloop
  endfacet
  facet normal 0.336939 -0.941527 0
    outer loop
      vertex 74.5691 14.8108 55
      vertex 74.2919 14.7116 35
      vertex 74.5691 14.8108 35
    endloop
  endfacet
  facet normal 0.146696 -0.989182 0
    outer loop
      vertex 74.8547 14.8824 35
      vertex 75.146 14.9256 55
      vertex 74.8547 14.8824 55
    endloop
  endfacet
  facet normal 0.146696 -0.989182 0
    outer loop
      vertex 75.146 14.9256 55
      vertex 74.8547 14.8824 35
      vertex 75.146 14.9256 35
    endloop
  endfacet
  facet normal 0.595699 -0.803208 0
    outer loop
      vertex 73.5368 14.259 35
      vertex 73.7733 14.4344 55
      vertex 73.5368 14.259 55
    endloop
  endfacet
  facet normal 0.595699 -0.803208 0
    outer loop
      vertex 73.7733 14.4344 55
      vertex 73.5368 14.259 35
      vertex 73.7733 14.4344 35
    endloop
  endfacet
  facet normal 0.671607 -0.740908 0
    outer loop
      vertex 73.3187 14.0613 35
      vertex 73.5368 14.259 55
      vertex 73.3187 14.0613 55
    endloop
  endfacet
  facet normal 0.671607 -0.740908 0
    outer loop
      vertex 73.5368 14.259 55
      vertex 73.3187 14.0613 35
      vertex 73.5368 14.259 35
    endloop
  endfacet
  facet normal 0.514246 -0.857643 0
    outer loop
      vertex 73.7733 14.4344 35
      vertex 74.0258 14.5858 55
      vertex 73.7733 14.4344 55
    endloop
  endfacet
  facet normal 0.514246 -0.857643 0
    outer loop
      vertex 74.0258 14.5858 55
      vertex 73.7733 14.4344 35
      vertex 74.0258 14.5858 35
    endloop
  endfacet
  facet normal 0.740908 -0.671607 0
    outer loop
      vertex 73.121 13.8432 55
      vertex 73.3187 14.0613 35
      vertex 73.3187 14.0613 55
    endloop
  endfacet
  facet normal 0.740908 -0.671607 0
    outer loop
      vertex 73.3187 14.0613 35
      vertex 73.121 13.8432 55
      vertex 73.121 13.8432 35
    endloop
  endfacet
  facet normal -0.998803 -0.0489044 0
    outer loop
      vertex 78.44 11.94 35
      vertex 78.4256 12.2341 55
      vertex 78.4256 12.2341 35
    endloop
  endfacet
  facet normal -0.998803 -0.0489044 0
    outer loop
      vertex 78.4256 12.2341 55
      vertex 78.44 11.94 35
      vertex 78.44 11.94 55
    endloop
  endfacet
  facet normal -0.969982 0.243175 0
    outer loop
      vertex 78.3108 11.0691 35
      vertex 78.3824 11.3547 55
      vertex 78.3824 11.3547 35
    endloop
  endfacet
  facet normal -0.969982 0.243175 0
    outer loop
      vertex 78.3824 11.3547 55
      vertex 78.3108 11.0691 35
      vertex 78.3108 11.0691 55
    endloop
  endfacet
  facet normal -0.146746 0.989174 0
    outer loop
      vertex 76.0253 8.99764 35
      vertex 75.7341 8.95444 55
      vertex 76.0253 8.99764 55
    endloop
  endfacet
  facet normal -0.146746 0.989174 0
    outer loop
      vertex 75.7341 8.95444 55
      vertex 76.0253 8.99764 35
      vertex 75.7341 8.95444 35
    endloop
  endfacet
  facet normal -0.336879 0.941548 0
    outer loop
      vertex 76.5881 9.16836 35
      vertex 76.3109 9.06918 55
      vertex 76.5881 9.16836 55
    endloop
  endfacet
  facet normal -0.336879 0.941548 0
    outer loop
      vertex 76.3109 9.06918 55
      vertex 76.5881 9.16836 35
      vertex 76.3109 9.06918 35
    endloop
  endfacet
  facet normal -0.740938 0.671573 0
    outer loop
      vertex 77.5613 9.81868 35
      vertex 77.759 10.0368 55
      vertex 77.759 10.0368 35
    endloop
  endfacet
  facet normal -0.740938 0.671573 0
    outer loop
      vertex 77.759 10.0368 55
      vertex 77.5613 9.81868 35
      vertex 77.5613 9.81868 55
    endloop
  endfacet
  facet normal -0.671625 0.740891 0
    outer loop
      vertex 77.5613 9.81868 35
      vertex 77.3432 9.62097 55
      vertex 77.5613 9.81868 55
    endloop
  endfacet
  facet normal -0.671625 0.740891 0
    outer loop
      vertex 77.3432 9.62097 55
      vertex 77.5613 9.81868 35
      vertex 77.3432 9.62097 35
    endloop
  endfacet
  facet normal -0.514121 0.857718 0
    outer loop
      vertex 77.1067 9.44559 35
      vertex 76.8542 9.29424 55
      vertex 77.1067 9.44559 55
    endloop
  endfacet
  facet normal -0.514121 0.857718 0
    outer loop
      vertex 76.8542 9.29424 55
      vertex 77.1067 9.44559 35
      vertex 76.8542 9.29424 35
    endloop
  endfacet
  facet normal 0.242983 0.970031 -0
    outer loop
      vertex 74.8547 8.99764 35
      vertex 74.5691 9.06918 55
      vertex 74.8547 8.99764 55
    endloop
  endfacet
  facet normal 0.242983 0.970031 0
    outer loop
      vertex 74.5691 9.06918 55
      vertex 74.8547 8.99764 35
      vertex 74.5691 9.06918 35
    endloop
  endfacet
  facet normal 0.427622 0.903958 -0
    outer loop
      vertex 74.2919 9.16836 35
      vertex 74.0258 9.29424 55
      vertex 74.2919 9.16836 55
    endloop
  endfacet
  facet normal 0.427622 0.903958 0
    outer loop
      vertex 74.0258 9.29424 55
      vertex 74.2919 9.16836 35
      vertex 74.0258 9.29424 35
    endloop
  endfacet
  facet normal 0.941527 0.336939 0
    outer loop
      vertex 72.6684 10.7919 55
      vertex 72.5692 11.0691 35
      vertex 72.5692 11.0691 55
    endloop
  endfacet
  facet normal 0.941527 0.336939 0
    outer loop
      vertex 72.5692 11.0691 35
      vertex 72.6684 10.7919 55
      vertex 72.6684 10.7919 35
    endloop
  endfacet
  facet normal 0.989174 0.146746 0
    outer loop
      vertex 72.4976 11.3547 55
      vertex 72.4544 11.6459 35
      vertex 72.4544 11.6459 55
    endloop
  endfacet
  facet normal 0.989174 0.146746 0
    outer loop
      vertex 72.4544 11.6459 35
      vertex 72.4976 11.3547 55
      vertex 72.4976 11.3547 35
    endloop
  endfacet
  facet normal 0.740938 0.671573 0
    outer loop
      vertex 73.3187 9.81868 55
      vertex 73.121 10.0368 35
      vertex 73.121 10.0368 55
    endloop
  endfacet
  facet normal 0.740938 0.671573 0
    outer loop
      vertex 73.121 10.0368 35
      vertex 73.3187 9.81868 55
      vertex 73.3187 9.81868 35
    endloop
  endfacet
  facet normal 0.857643 0.514246 0
    outer loop
      vertex 72.9456 10.2733 55
      vertex 72.7942 10.5258 35
      vertex 72.7942 10.5258 55
    endloop
  endfacet
  facet normal 0.857643 0.514246 0
    outer loop
      vertex 72.7942 10.5258 35
      vertex 72.9456 10.2733 55
      vertex 72.9456 10.2733 35
    endloop
  endfacet
  facet normal 0.671625 0.740891 -0
    outer loop
      vertex 73.5368 9.62097 35
      vertex 73.3187 9.81868 55
      vertex 73.5368 9.62097 55
    endloop
  endfacet
  facet normal 0.671625 0.740891 0
    outer loop
      vertex 73.3187 9.81868 55
      vertex 73.5368 9.62097 35
      vertex 73.3187 9.81868 35
    endloop
  endfacet
  facet normal 0.998803 0.0489044 0
    outer loop
      vertex 72.4544 11.6459 55
      vertex 72.44 11.94 35
      vertex 72.44 11.94 55
    endloop
  endfacet
  facet normal 0.998803 0.0489044 0
    outer loop
      vertex 72.44 11.94 35
      vertex 72.4544 11.6459 55
      vertex 72.4544 11.6459 35
    endloop
  endfacet
  facet normal -0.989174 0.146746 0
    outer loop
      vertex 78.3824 11.3547 35
      vertex 78.4256 11.6459 55
      vertex 78.4256 11.6459 35
    endloop
  endfacet
  facet normal -0.989174 0.146746 0
    outer loop
      vertex 78.4256 11.6459 55
      vertex 78.3824 11.3547 35
      vertex 78.3824 11.3547 55
    endloop
  endfacet
  facet normal -0.904063 0.4274 0
    outer loop
      vertex 78.0858 10.5258 35
      vertex 78.2116 10.7919 55
      vertex 78.2116 10.7919 35
    endloop
  endfacet
  facet normal -0.904063 0.4274 0
    outer loop
      vertex 78.2116 10.7919 55
      vertex 78.0858 10.5258 35
      vertex 78.0858 10.5258 55
    endloop
  endfacet
  facet normal -0.857643 0.514246 0
    outer loop
      vertex 77.9344 10.2733 35
      vertex 78.0858 10.5258 55
      vertex 78.0858 10.5258 35
    endloop
  endfacet
  facet normal -0.857643 0.514246 0
    outer loop
      vertex 78.0858 10.5258 55
      vertex 77.9344 10.2733 35
      vertex 77.9344 10.2733 55
    endloop
  endfacet
  facet normal -0.242983 0.970031 0
    outer loop
      vertex 76.3109 9.06918 35
      vertex 76.0253 8.99764 55
      vertex 76.3109 9.06918 55
    endloop
  endfacet
  facet normal -0.242983 0.970031 0
    outer loop
      vertex 76.0253 8.99764 55
      vertex 76.3109 9.06918 35
      vertex 76.0253 8.99764 35
    endloop
  endfacet
  facet normal -0.427622 0.903958 0
    outer loop
      vertex 76.8542 9.29424 35
      vertex 76.5881 9.16836 55
      vertex 76.8542 9.29424 55
    endloop
  endfacet
  facet normal -0.427622 0.903958 0
    outer loop
      vertex 76.5881 9.16836 55
      vertex 76.8542 9.29424 35
      vertex 76.5881 9.16836 35
    endloop
  endfacet
  facet normal -0.595655 0.803241 0
    outer loop
      vertex 77.3432 9.62097 35
      vertex 77.1067 9.44559 55
      vertex 77.3432 9.62097 55
    endloop
  endfacet
  facet normal -0.595655 0.803241 0
    outer loop
      vertex 77.1067 9.44559 55
      vertex 77.3432 9.62097 35
      vertex 77.1067 9.44559 35
    endloop
  endfacet
  facet normal -0.0490399 0.998797 0
    outer loop
      vertex 75.7341 8.95444 35
      vertex 75.44 8.94 55
      vertex 75.7341 8.95444 55
    endloop
  endfacet
  facet normal -0.0490399 0.998797 0
    outer loop
      vertex 75.44 8.94 55
      vertex 75.7341 8.95444 35
      vertex 75.44 8.94 35
    endloop
  endfacet
  facet normal 0.146696 0.989182 -0
    outer loop
      vertex 75.146 8.95444 35
      vertex 74.8547 8.99764 55
      vertex 75.146 8.95444 55
    endloop
  endfacet
  facet normal 0.146696 0.989182 0
    outer loop
      vertex 74.8547 8.99764 55
      vertex 75.146 8.95444 35
      vertex 74.8547 8.99764 35
    endloop
  endfacet
  facet normal 0.336879 0.941548 -0
    outer loop
      vertex 74.5691 9.06918 35
      vertex 74.2919 9.16836 55
      vertex 74.5691 9.06918 55
    endloop
  endfacet
  facet normal 0.336879 0.941548 0
    outer loop
      vertex 74.2919 9.16836 55
      vertex 74.5691 9.06918 35
      vertex 74.2919 9.16836 35
    endloop
  endfacet
  facet normal 0.514121 0.857718 -0
    outer loop
      vertex 74.0258 9.29424 35
      vertex 73.7733 9.44559 55
      vertex 74.0258 9.29424 55
    endloop
  endfacet
  facet normal 0.514121 0.857718 0
    outer loop
      vertex 73.7733 9.44559 55
      vertex 74.0258 9.29424 35
      vertex 73.7733 9.44559 35
    endloop
  endfacet
  facet normal 0.904063 0.4274 0
    outer loop
      vertex 72.7942 10.5258 55
      vertex 72.6684 10.7919 35
      vertex 72.6684 10.7919 55
    endloop
  endfacet
  facet normal 0.904063 0.4274 0
    outer loop
      vertex 72.6684 10.7919 35
      vertex 72.7942 10.5258 55
      vertex 72.7942 10.5258 35
    endloop
  endfacet
  facet normal 0.969982 0.243175 0
    outer loop
      vertex 72.5692 11.0691 55
      vertex 72.4976 11.3547 35
      vertex 72.4976 11.3547 55
    endloop
  endfacet
  facet normal 0.969982 0.243175 0
    outer loop
      vertex 72.4976 11.3547 35
      vertex 72.5692 11.0691 55
      vertex 72.5692 11.0691 35
    endloop
  endfacet
  facet normal 0.803208 0.595699 0
    outer loop
      vertex 73.121 10.0368 55
      vertex 72.9456 10.2733 35
      vertex 72.9456 10.2733 55
    endloop
  endfacet
  facet normal 0.803208 0.595699 0
    outer loop
      vertex 72.9456 10.2733 35
      vertex 73.121 10.0368 55
      vertex 73.121 10.0368 35
    endloop
  endfacet
  facet normal -0.998803 -0.0489044 0
    outer loop
      vertex 78.44 31.5 35
      vertex 78.4256 31.7941 55
      vertex 78.4256 31.7941 35
    endloop
  endfacet
  facet normal -0.998803 -0.0489044 0
    outer loop
      vertex 78.4256 31.7941 55
      vertex 78.44 31.5 35
      vertex 78.44 31.5 55
    endloop
  endfacet
  facet normal 0.0489209 -0.998803 0
    outer loop
      vertex 75.146 34.4856 35
      vertex 75.44 34.5 55
      vertex 75.146 34.4856 55
    endloop
  endfacet
  facet normal 0.0489209 -0.998803 0
    outer loop
      vertex 75.44 34.5 55
      vertex 75.146 34.4856 35
      vertex 75.44 34.5 35
    endloop
  endfacet
  facet normal -0.0489044 0.998803 0
    outer loop
      vertex 75.7341 28.5144 35
      vertex 75.44 28.5 55
      vertex 75.7341 28.5144 55
    endloop
  endfacet
  facet normal -0.0489044 0.998803 0
    outer loop
      vertex 75.44 28.5 55
      vertex 75.7341 28.5144 35
      vertex 75.44 28.5 35
    endloop
  endfacet
  facet normal 0.671607 0.740908 -0
    outer loop
      vertex 73.5368 29.181 35
      vertex 73.3187 29.3787 55
      vertex 73.5368 29.181 55
    endloop
  endfacet
  facet normal 0.671607 0.740908 0
    outer loop
      vertex 73.3187 29.3787 55
      vertex 73.5368 29.181 35
      vertex 73.3187 29.3787 35
    endloop
  endfacet
  facet normal -0.671607 -0.740908 0
    outer loop
      vertex 77.3432 33.819 35
      vertex 77.5613 33.6213 55
      vertex 77.3432 33.819 55
    endloop
  endfacet
  facet normal -0.671607 -0.740908 -0
    outer loop
      vertex 77.5613 33.6213 55
      vertex 77.3432 33.819 35
      vertex 77.5613 33.6213 35
    endloop
  endfacet
  facet normal 0.740908 -0.671607 0
    outer loop
      vertex 73.121 33.4032 55
      vertex 73.3187 33.6213 35
      vertex 73.3187 33.6213 55
    endloop
  endfacet
  facet normal 0.740908 -0.671607 0
    outer loop
      vertex 73.3187 33.6213 35
      vertex 73.121 33.4032 55
      vertex 73.121 33.4032 35
    endloop
  endfacet
  facet normal 0.4274 -0.904063 0
    outer loop
      vertex 74.0258 34.1458 35
      vertex 74.2919 34.2716 55
      vertex 74.0258 34.1458 55
    endloop
  endfacet
  facet normal 0.4274 -0.904063 0
    outer loop
      vertex 74.2919 34.2716 55
      vertex 74.0258 34.1458 35
      vertex 74.2919 34.2716 35
    endloop
  endfacet
  facet normal 0.904063 0.4274 0
    outer loop
      vertex 72.7942 30.0858 55
      vertex 72.6684 30.3519 35
      vertex 72.6684 30.3519 55
    endloop
  endfacet
  facet normal 0.904063 0.4274 0
    outer loop
      vertex 72.6684 30.3519 35
      vertex 72.7942 30.0858 55
      vertex 72.7942 30.0858 35
    endloop
  endfacet
  facet normal -0.904125 -0.427269 0
    outer loop
      vertex 78.2116 32.648 35
      vertex 78.0858 32.9142 55
      vertex 78.0858 32.9142 35
    endloop
  endfacet
  facet normal -0.904125 -0.427269 0
    outer loop
      vertex 78.0858 32.9142 55
      vertex 78.2116 32.648 35
      vertex 78.2116 32.648 55
    endloop
  endfacet
  facet normal -0.336939 -0.941527 0
    outer loop
      vertex 76.3109 34.3708 35
      vertex 76.5881 34.2716 55
      vertex 76.3109 34.3708 55
    endloop
  endfacet
  facet normal -0.336939 -0.941527 -0
    outer loop
      vertex 76.5881 34.2716 55
      vertex 76.3109 34.3708 35
      vertex 76.5881 34.2716 35
    endloop
  endfacet
  facet normal -0.514246 -0.857643 0
    outer loop
      vertex 76.8542 34.1458 35
      vertex 77.1067 33.9944 55
      vertex 76.8542 34.1458 55
    endloop
  endfacet
  facet normal -0.514246 -0.857643 -0
    outer loop
      vertex 77.1067 33.9944 55
      vertex 76.8542 34.1458 35
      vertex 77.1067 33.9944 35
    endloop
  endfacet
  facet normal 0.941488 -0.337047 0
    outer loop
      vertex 72.5692 32.3709 55
      vertex 72.6684 32.648 35
      vertex 72.6684 32.648 55
    endloop
  endfacet
  facet normal 0.941488 -0.337047 0
    outer loop
      vertex 72.6684 32.648 35
      vertex 72.5692 32.3709 55
      vertex 72.5692 32.3709 35
    endloop
  endfacet
  facet normal 0.243175 -0.969982 0
    outer loop
      vertex 74.5691 34.3708 35
      vertex 74.8547 34.4424 55
      vertex 74.5691 34.3708 55
    endloop
  endfacet
  facet normal 0.243175 -0.969982 0
    outer loop
      vertex 74.8547 34.4424 55
      vertex 74.5691 34.3708 35
      vertex 74.8547 34.4424 35
    endloop
  endfacet
  facet normal -0.969982 0.243175 0
    outer loop
      vertex 78.3108 30.6291 35
      vertex 78.3824 30.9147 55
      vertex 78.3824 30.9147 35
    endloop
  endfacet
  facet normal -0.969982 0.243175 0
    outer loop
      vertex 78.3824 30.9147 55
      vertex 78.3108 30.6291 35
      vertex 78.3108 30.6291 55
    endloop
  endfacet
  facet normal -0.969982 -0.243175 0
    outer loop
      vertex 78.3824 32.0853 35
      vertex 78.3108 32.3709 55
      vertex 78.3108 32.3709 35
    endloop
  endfacet
  facet normal -0.969982 -0.243175 0
    outer loop
      vertex 78.3108 32.3709 55
      vertex 78.3824 32.0853 35
      vertex 78.3824 32.0853 55
    endloop
  endfacet
  facet normal -0.989174 -0.146746 0
    outer loop
      vertex 78.4256 31.7941 35
      vertex 78.3824 32.0853 55
      vertex 78.3824 32.0853 35
    endloop
  endfacet
  facet normal -0.989174 -0.146746 0
    outer loop
      vertex 78.3824 32.0853 55
      vertex 78.4256 31.7941 35
      vertex 78.4256 31.7941 55
    endloop
  endfacet
  facet normal -0.941488 -0.337047 0
    outer loop
      vertex 78.3108 32.3709 35
      vertex 78.2116 32.648 55
      vertex 78.2116 32.648 35
    endloop
  endfacet
  facet normal -0.941488 -0.337047 0
    outer loop
      vertex 78.2116 32.648 55
      vertex 78.3108 32.3709 35
      vertex 78.3108 32.3709 55
    endloop
  endfacet
  facet normal -0.803208 -0.595699 0
    outer loop
      vertex 77.9344 33.1667 35
      vertex 77.759 33.4032 55
      vertex 77.759 33.4032 35
    endloop
  endfacet
  facet normal -0.803208 -0.595699 0
    outer loop
      vertex 77.759 33.4032 55
      vertex 77.9344 33.1667 35
      vertex 77.9344 33.1667 55
    endloop
  endfacet
  facet normal -0.740908 -0.671607 0
    outer loop
      vertex 77.759 33.4032 35
      vertex 77.5613 33.6213 55
      vertex 77.5613 33.6213 35
    endloop
  endfacet
  facet normal -0.740908 -0.671607 0
    outer loop
      vertex 77.5613 33.6213 55
      vertex 77.759 33.4032 35
      vertex 77.759 33.4032 55
    endloop
  endfacet
  facet normal -0.857643 -0.514246 0
    outer loop
      vertex 78.0858 32.9142 35
      vertex 77.9344 33.1667 55
      vertex 77.9344 33.1667 35
    endloop
  endfacet
  facet normal -0.857643 -0.514246 0
    outer loop
      vertex 77.9344 33.1667 55
      vertex 78.0858 32.9142 35
      vertex 78.0858 32.9142 55
    endloop
  endfacet
  facet normal -0.146746 -0.989174 0
    outer loop
      vertex 75.7341 34.4856 35
      vertex 76.0253 34.4424 55
      vertex 75.7341 34.4856 55
    endloop
  endfacet
  facet normal -0.146746 -0.989174 -0
    outer loop
      vertex 76.0253 34.4424 55
      vertex 75.7341 34.4856 35
      vertex 76.0253 34.4424 35
    endloop
  endfacet
  facet normal -0.243175 -0.969982 0
    outer loop
      vertex 76.0253 34.4424 35
      vertex 76.3109 34.3708 55
      vertex 76.0253 34.4424 55
    endloop
  endfacet
  facet normal -0.243175 -0.969982 -0
    outer loop
      vertex 76.3109 34.3708 55
      vertex 76.0253 34.4424 35
      vertex 76.3109 34.3708 35
    endloop
  endfacet
  facet normal -0.0489044 -0.998803 0
    outer loop
      vertex 75.44 34.5 35
      vertex 75.7341 34.4856 55
      vertex 75.44 34.5 55
    endloop
  endfacet
  facet normal -0.0489044 -0.998803 -0
    outer loop
      vertex 75.7341 34.4856 55
      vertex 75.44 34.5 35
      vertex 75.7341 34.4856 35
    endloop
  endfacet
  facet normal -0.4274 -0.904063 0
    outer loop
      vertex 76.5881 34.2716 35
      vertex 76.8542 34.1458 55
      vertex 76.5881 34.2716 55
    endloop
  endfacet
  facet normal -0.4274 -0.904063 -0
    outer loop
      vertex 76.8542 34.1458 55
      vertex 76.5881 34.2716 35
      vertex 76.8542 34.1458 35
    endloop
  endfacet
  facet normal -0.595699 -0.803208 0
    outer loop
      vertex 77.1067 33.9944 35
      vertex 77.3432 33.819 55
      vertex 77.1067 33.9944 55
    endloop
  endfacet
  facet normal -0.595699 -0.803208 -0
    outer loop
      vertex 77.3432 33.819 55
      vertex 77.1067 33.9944 35
      vertex 77.3432 33.819 35
    endloop
  endfacet
  facet normal 0.989174 -0.146746 0
    outer loop
      vertex 72.4544 31.7941 55
      vertex 72.4976 32.0853 35
      vertex 72.4976 32.0853 55
    endloop
  endfacet
  facet normal 0.989174 -0.146746 0
    outer loop
      vertex 72.4976 32.0853 35
      vertex 72.4544 31.7941 55
      vertex 72.4544 31.7941 35
    endloop
  endfacet
  facet normal 0 0 1
    outer loop
      vertex 78.4256 31.7941 35
      vertex 78.4256 31.2059 35
      vertex 78.44 31.5 35
    endloop
  endfacet
  facet normal 0 0 1
    outer loop
      vertex 78.3824 32.0853 35
      vertex 78.4256 31.2059 35
      vertex 78.4256 31.7941 35
    endloop
  endfacet
  facet normal 0 0 1
    outer loop
      vertex 78.3824 32.0853 35
      vertex 78.3824 30.9147 35
      vertex 78.4256 31.2059 35
    endloop
  endfacet
  facet normal 0 0 1
    outer loop
      vertex 78.3108 32.3709 35
      vertex 78.3824 30.9147 35
      vertex 78.3824 32.0853 35
    endloop
  endfacet
  facet normal 0 0 1
    outer loop
      vertex 78.3108 32.3709 35
      vertex 78.3108 30.6291 35
      vertex 78.3824 30.9147 35
    endloop
  endfacet
  facet normal 0 0 1
    outer loop
      vertex 78.2116 32.648 35
      vertex 78.3108 30.6291 35
      vertex 78.3108 32.3709 35
    endloop
  endfacet
  facet normal 0 0 1
    outer loop
      vertex 78.2116 32.648 35
      vertex 78.2116 30.3519 35
      vertex 78.3108 30.6291 35
    endloop
  endfacet
  facet normal 0 0 1
    outer loop
      vertex 78.0858 32.9142 35
      vertex 78.2116 30.3519 35
      vertex 78.2116 32.648 35
    endloop
  endfacet
  facet normal 0 0 1
    outer loop
      vertex 78.0858 32.9142 35
      vertex 78.0858 30.0858 35
      vertex 78.2116 30.3519 35
    endloop
  endfacet
  facet normal 0 0 1
    outer loop
      vertex 77.9344 33.1667 35
      vertex 78.0858 30.0858 35
      vertex 78.0858 32.9142 35
    endloop
  endfacet
  facet normal 0 0 1
    outer loop
      vertex 77.9344 33.1667 35
      vertex 77.9344 29.8333 35
      vertex 78.0858 30.0858 35
    endloop
  endfacet
  facet normal 0 0 1
    outer loop
      vertex 77.759 33.4032 35
      vertex 77.9344 29.8333 35
      vertex 77.9344 33.1667 35
    endloop
  endfacet
  facet normal 0 0 1
    outer loop
      vertex 77.759 33.4032 35
      vertex 77.759 29.5968 35
      vertex 77.9344 29.8333 35
    endloop
  endfacet
  facet normal 0 0 1
    outer loop
      vertex 77.5613 33.6213 35
      vertex 77.759 29.5968 35
      vertex 77.759 33.4032 35
    endloop
  endfacet
  facet normal 0 0 1
    outer loop
      vertex 77.5613 33.6213 35
      vertex 77.5613 29.3787 35
      vertex 77.759 29.5968 35
    endloop
  endfacet
  facet normal 0 0 1
    outer loop
      vertex 77.3432 33.819 35
      vertex 77.5613 29.3787 35
      vertex 77.5613 33.6213 35
    endloop
  endfacet
  facet normal 0 0 1
    outer loop
      vertex 77.3432 33.819 35
      vertex 77.3432 29.181 35
      vertex 77.5613 29.3787 35
    endloop
  endfacet
  facet normal 0 0 1
    outer loop
      vertex 77.1067 33.9944 35
      vertex 77.3432 29.181 35
      vertex 77.3432 33.819 35
    endloop
  endfacet
  facet normal 0 0 1
    outer loop
      vertex 77.1067 33.9944 35
      vertex 77.1067 29.0056 35
      vertex 77.3432 29.181 35
    endloop
  endfacet
  facet normal 0 0 1
    outer loop
      vertex 76.8542 34.1458 35
      vertex 77.1067 29.0056 35
      vertex 77.1067 33.9944 35
    endloop
  endfacet
  facet normal 0 0 1
    outer loop
      vertex 76.8542 34.1458 35
      vertex 76.8542 28.8542 35
      vertex 77.1067 29.0056 35
    endloop
  endfacet
  facet normal 0 0 1
    outer loop
      vertex 76.5881 34.2716 35
      vertex 76.8542 28.8542 35
      vertex 76.8542 34.1458 35
    endloop
  endfacet
  facet normal 0 0 1
    outer loop
      vertex 76.5881 34.2716 35
      vertex 76.5881 28.7284 35
      vertex 76.8542 28.8542 35
    endloop
  endfacet
  facet normal 0 0 1
    outer loop
      vertex 76.3109 34.3708 35
      vertex 76.5881 28.7284 35
      vertex 76.5881 34.2716 35
    endloop
  endfacet
  facet normal 0 0 1
    outer loop
      vertex 76.3109 34.3708 35
      vertex 76.3109 28.6292 35
      vertex 76.5881 28.7284 35
    endloop
  endfacet
  facet normal 0 0 1
    outer loop
      vertex 76.0253 34.4424 35
      vertex 76.3109 28.6292 35
      vertex 76.3109 34.3708 35
    endloop
  endfacet
  facet normal 0 0 1
    outer loop
      vertex 76.0253 34.4424 35
      vertex 76.0253 28.5576 35
      vertex 76.3109 28.6292 35
    endloop
  endfacet
  facet normal 0 0 1
    outer loop
      vertex 75.7341 34.4856 35
      vertex 76.0253 28.5576 35
      vertex 76.0253 34.4424 35
    endloop
  endfacet
  facet normal 0 0 1
    outer loop
      vertex 75.7341 34.4856 35
      vertex 75.7341 28.5144 35
      vertex 76.0253 28.5576 35
    endloop
  endfacet
  facet normal 0 0 1
    outer loop
      vertex 75.44 34.5 35
      vertex 75.7341 28.5144 35
      vertex 75.7341 34.4856 35
    endloop
  endfacet
  facet normal 0 0 1
    outer loop
      vertex 75.44 34.5 35
      vertex 75.44 28.5 35
      vertex 75.7341 28.5144 35
    endloop
  endfacet
  facet normal -0 0 1
    outer loop
      vertex 75.146 34.4856 35
      vertex 75.44 28.5 35
      vertex 75.44 34.5 35
    endloop
  endfacet
  facet normal 0 0 1
    outer loop
      vertex 75.146 34.4856 35
      vertex 75.146 28.5144 35
      vertex 75.44 28.5 35
    endloop
  endfacet
  facet normal -0 0 1
    outer loop
      vertex 74.8547 34.4424 35
      vertex 75.146 28.5144 35
      vertex 75.146 34.4856 35
    endloop
  endfacet
  facet normal 0 0 1
    outer loop
      vertex 74.8547 34.4424 35
      vertex 74.8547 28.5576 35
      vertex 75.146 28.5144 35
    endloop
  endfacet
  facet normal -0 0 1
    outer loop
      vertex 74.5691 34.3708 35
      vertex 74.8547 28.5576 35
      vertex 74.8547 34.4424 35
    endloop
  endfacet
  facet normal 0 0 1
    outer loop
      vertex 74.5691 34.3708 35
      vertex 74.5691 28.6292 35
      vertex 74.8547 28.5576 35
    endloop
  endfacet
  facet normal -0 0 1
    outer loop
      vertex 74.2919 34.2716 35
      vertex 74.5691 28.6292 35
      vertex 74.5691 34.3708 35
    endloop
  endfacet
  facet normal 0 0 1
    outer loop
      vertex 74.2919 34.2716 35
      vertex 74.2919 28.7284 35
      vertex 74.5691 28.6292 35
    endloop
  endfacet
  facet normal -0 0 1
    outer loop
      vertex 74.0258 34.1458 35
      vertex 74.2919 28.7284 35
      vertex 74.2919 34.2716 35
    endloop
  endfacet
  facet normal 0 0 1
    outer loop
      vertex 74.0258 34.1458 35
      vertex 74.0258 28.8542 35
      vertex 74.2919 28.7284 35
    endloop
  endfacet
  facet normal -0 0 1
    outer loop
      vertex 73.7733 33.9944 35
      vertex 74.0258 28.8542 35
      vertex 74.0258 34.1458 35
    endloop
  endfacet
  facet normal 0 0 1
    outer loop
      vertex 73.7733 33.9944 35
      vertex 73.7733 29.0056 35
      vertex 74.0258 28.8542 35
    endloop
  endfacet
  facet normal -0 0 1
    outer loop
      vertex 73.5368 33.819 35
      vertex 73.7733 29.0056 35
      vertex 73.7733 33.9944 35
    endloop
  endfacet
  facet normal 0 0 1
    outer loop
      vertex 73.5368 33.819 35
      vertex 73.5368 29.181 35
      vertex 73.7733 29.0056 35
    endloop
  endfacet
  facet normal -0 0 1
    outer loop
      vertex 73.3187 33.6213 35
      vertex 73.5368 29.181 35
      vertex 73.5368 33.819 35
    endloop
  endfacet
  facet normal 0 0 1
    outer loop
      vertex 73.3187 33.6213 35
      vertex 73.3187 29.3787 35
      vertex 73.5368 29.181 35
    endloop
  endfacet
  facet normal -0 0 1
    outer loop
      vertex 73.121 33.4032 35
      vertex 73.3187 29.3787 35
      vertex 73.3187 33.6213 35
    endloop
  endfacet
  facet normal 0 0 1
    outer loop
      vertex 73.121 33.4032 35
      vertex 73.121 29.5968 35
      vertex 73.3187 29.3787 35
    endloop
  endfacet
  facet normal -0 0 1
    outer loop
      vertex 72.9456 33.1667 35
      vertex 73.121 29.5968 35
      vertex 73.121 33.4032 35
    endloop
  endfacet
  facet normal 0 0 1
    outer loop
      vertex 72.9456 33.1667 35
      vertex 72.9456 29.8333 35
      vertex 73.121 29.5968 35
    endloop
  endfacet
  facet normal -0 0 1
    outer loop
      vertex 72.7942 32.9142 35
      vertex 72.9456 29.8333 35
      vertex 72.9456 33.1667 35
    endloop
  endfacet
  facet normal 0 0 1
    outer loop
      vertex 72.7942 32.9142 35
      vertex 72.7942 30.0858 35
      vertex 72.9456 29.8333 35
    endloop
  endfacet
  facet normal -0 0 1
    outer loop
      vertex 72.6684 32.648 35
      vertex 72.7942 30.0858 35
      vertex 72.7942 32.9142 35
    endloop
  endfacet
  facet normal 0 0 1
    outer loop
      vertex 72.6684 32.648 35
      vertex 72.6684 30.3519 35
      vertex 72.7942 30.0858 35
    endloop
  endfacet
  facet normal -0 0 1
    outer loop
      vertex 72.5692 32.3709 35
      vertex 72.6684 30.3519 35
      vertex 72.6684 32.648 35
    endloop
  endfacet
  facet normal 0 0 1
    outer loop
      vertex 72.5692 32.3709 35
      vertex 72.5692 30.6291 35
      vertex 72.6684 30.3519 35
    endloop
  endfacet
  facet normal -0 0 1
    outer loop
      vertex 72.4976 32.0853 35
      vertex 72.5692 30.6291 35
      vertex 72.5692 32.3709 35
    endloop
  endfacet
  facet normal 0 0 1
    outer loop
      vertex 72.4976 32.0853 35
      vertex 72.4976 30.9147 35
      vertex 72.5692 30.6291 35
    endloop
  endfacet
  facet normal -0 0 1
    outer loop
      vertex 72.4544 31.7941 35
      vertex 72.4976 30.9147 35
      vertex 72.4976 32.0853 35
    endloop
  endfacet
  facet normal 0 0 1
    outer loop
      vertex 72.4544 31.7941 35
      vertex 72.4544 31.2059 35
      vertex 72.4976 30.9147 35
    endloop
  endfacet
  facet normal 0 -0 1
    outer loop
      vertex 72.4544 31.2059 35
      vertex 72.4544 31.7941 35
      vertex 72.44 31.5 35
    endloop
  endfacet
  facet normal 0.857643 -0.514246 0
    outer loop
      vertex 72.7942 32.9142 55
      vertex 72.9456 33.1667 35
      vertex 72.9456 33.1667 55
    endloop
  endfacet
  facet normal 0.857643 -0.514246 0
    outer loop
      vertex 72.9456 33.1667 35
      vertex 72.7942 32.9142 55
      vertex 72.7942 32.9142 35
    endloop
  endfacet
  facet normal 0.803208 -0.595699 0
    outer loop
      vertex 72.9456 33.1667 55
      vertex 73.121 33.4032 35
      vertex 73.121 33.4032 55
    endloop
  endfacet
  facet normal 0.803208 -0.595699 0
    outer loop
      vertex 73.121 33.4032 35
      vertex 72.9456 33.1667 55
      vertex 72.9456 33.1667 35
    endloop
  endfacet
  facet normal 0.904125 -0.427269 0
    outer loop
      vertex 72.6684 32.648 55
      vertex 72.7942 32.9142 35
      vertex 72.7942 32.9142 55
    endloop
  endfacet
  facet normal 0.904125 -0.427269 0
    outer loop
      vertex 72.7942 32.9142 35
      vertex 72.6684 32.648 55
      vertex 72.6684 32.648 35
    endloop
  endfacet
  facet normal 0.969982 -0.243175 0
    outer loop
      vertex 72.4976 32.0853 55
      vertex 72.5692 32.3709 35
      vertex 72.5692 32.3709 55
    endloop
  endfacet
  facet normal 0.969982 -0.243175 0
    outer loop
      vertex 72.5692 32.3709 35
      vertex 72.4976 32.0853 55
      vertex 72.4976 32.0853 35
    endloop
  endfacet
  facet normal 0.998803 -0.0489044 0
    outer loop
      vertex 72.44 31.5 55
      vertex 72.4544 31.7941 35
      vertex 72.4544 31.7941 55
    endloop
  endfacet
  facet normal 0.998803 -0.0489044 0
    outer loop
      vertex 72.4544 31.7941 35
      vertex 72.44 31.5 55
      vertex 72.44 31.5 35
    endloop
  endfacet
  facet normal 0.595699 -0.803208 0
    outer loop
      vertex 73.5368 33.819 35
      vertex 73.7733 33.9944 55
      vertex 73.5368 33.819 55
    endloop
  endfacet
  facet normal 0.595699 -0.803208 0
    outer loop
      vertex 73.7733 33.9944 55
      vertex 73.5368 33.819 35
      vertex 73.7733 33.9944 35
    endloop
  endfacet
  facet normal 0.514246 -0.857643 0
    outer loop
      vertex 73.7733 33.9944 35
      vertex 74.0258 34.1458 55
      vertex 73.7733 33.9944 55
    endloop
  endfacet
  facet normal 0.514246 -0.857643 0
    outer loop
      vertex 74.0258 34.1458 55
      vertex 73.7733 33.9944 35
      vertex 74.0258 34.1458 35
    endloop
  endfacet
  facet normal 0.671607 -0.740908 0
    outer loop
      vertex 73.3187 33.6213 35
      vertex 73.5368 33.819 55
      vertex 73.3187 33.6213 55
    endloop
  endfacet
  facet normal 0.671607 -0.740908 0
    outer loop
      vertex 73.5368 33.819 55
      vertex 73.3187 33.6213 35
      vertex 73.5368 33.819 35
    endloop
  endfacet
  facet normal 0.336939 -0.941527 0
    outer loop
      vertex 74.2919 34.2716 35
      vertex 74.5691 34.3708 55
      vertex 74.2919 34.2716 55
    endloop
  endfacet
  facet normal 0.336939 -0.941527 0
    outer loop
      vertex 74.5691 34.3708 55
      vertex 74.2919 34.2716 35
      vertex 74.5691 34.3708 35
    endloop
  endfacet
  facet normal 0.146696 -0.989182 0
    outer loop
      vertex 74.8547 34.4424 35
      vertex 75.146 34.4856 55
      vertex 74.8547 34.4424 55
    endloop
  endfacet
  facet normal 0.146696 -0.989182 0
    outer loop
      vertex 75.146 34.4856 55
      vertex 74.8547 34.4424 35
      vertex 75.146 34.4856 35
    endloop
  endfacet
  facet normal -0.998803 0.0489044 0
    outer loop
      vertex 78.4256 31.2059 35
      vertex 78.44 31.5 55
      vertex 78.44 31.5 35
    endloop
  endfacet
  facet normal -0.998803 0.0489044 0
    outer loop
      vertex 78.44 31.5 55
      vertex 78.4256 31.2059 35
      vertex 78.4256 31.2059 55
    endloop
  endfacet
  facet normal -0.146746 0.989174 0
    outer loop
      vertex 76.0253 28.5576 35
      vertex 75.7341 28.5144 55
      vertex 76.0253 28.5576 55
    endloop
  endfacet
  facet normal -0.146746 0.989174 0
    outer loop
      vertex 75.7341 28.5144 55
      vertex 76.0253 28.5576 35
      vertex 75.7341 28.5144 35
    endloop
  endfacet
  facet normal -0.336939 0.941527 0
    outer loop
      vertex 76.5881 28.7284 35
      vertex 76.3109 28.6292 55
      vertex 76.5881 28.7284 55
    endloop
  endfacet
  facet normal -0.336939 0.941527 0
    outer loop
      vertex 76.3109 28.6292 55
      vertex 76.5881 28.7284 35
      vertex 76.3109 28.6292 35
    endloop
  endfacet
  facet normal -0.671607 0.740908 0
    outer loop
      vertex 77.5613 29.3787 35
      vertex 77.3432 29.181 55
      vertex 77.5613 29.3787 55
    endloop
  endfacet
  facet normal -0.671607 0.740908 0
    outer loop
      vertex 77.3432 29.181 55
      vertex 77.5613 29.3787 35
      vertex 77.3432 29.181 35
    endloop
  endfacet
  facet normal -0.514246 0.857643 0
    outer loop
      vertex 77.1067 29.0056 35
      vertex 76.8542 28.8542 55
      vertex 77.1067 29.0056 55
    endloop
  endfacet
  facet normal -0.514246 0.857643 0
    outer loop
      vertex 76.8542 28.8542 55
      vertex 77.1067 29.0056 35
      vertex 76.8542 28.8542 35
    endloop
  endfacet
  facet normal -0.803208 0.595699 0
    outer loop
      vertex 77.759 29.5968 35
      vertex 77.9344 29.8333 55
      vertex 77.9344 29.8333 35
    endloop
  endfacet
  facet normal -0.803208 0.595699 0
    outer loop
      vertex 77.9344 29.8333 55
      vertex 77.759 29.5968 35
      vertex 77.759 29.5968 55
    endloop
  endfacet
  facet normal -0.904063 0.4274 0
    outer loop
      vertex 78.0858 30.0858 35
      vertex 78.2116 30.3519 55
      vertex 78.2116 30.3519 35
    endloop
  endfacet
  facet normal -0.904063 0.4274 0
    outer loop
      vertex 78.2116 30.3519 55
      vertex 78.0858 30.0858 35
      vertex 78.0858 30.0858 55
    endloop
  endfacet
  facet normal 0.595699 0.803208 -0
    outer loop
      vertex 73.7733 29.0056 35
      vertex 73.5368 29.181 55
      vertex 73.7733 29.0056 55
    endloop
  endfacet
  facet normal 0.595699 0.803208 0
    outer loop
      vertex 73.5368 29.181 55
      vertex 73.7733 29.0056 35
      vertex 73.5368 29.181 35
    endloop
  endfacet
  facet normal 0.4274 0.904063 -0
    outer loop
      vertex 74.2919 28.7284 35
      vertex 74.0258 28.8542 55
      vertex 74.2919 28.7284 55
    endloop
  endfacet
  facet normal 0.4274 0.904063 0
    outer loop
      vertex 74.0258 28.8542 55
      vertex 74.2919 28.7284 35
      vertex 74.0258 28.8542 35
    endloop
  endfacet
  facet normal 0.243175 0.969982 -0
    outer loop
      vertex 74.8547 28.5576 35
      vertex 74.5691 28.6292 55
      vertex 74.8547 28.5576 55
    endloop
  endfacet
  facet normal 0.243175 0.969982 0
    outer loop
      vertex 74.5691 28.6292 55
      vertex 74.8547 28.5576 35
      vertex 74.5691 28.6292 35
    endloop
  endfacet
  facet normal 0.0489209 0.998803 -0
    outer loop
      vertex 75.44 28.5 35
      vertex 75.146 28.5144 55
      vertex 75.44 28.5 55
    endloop
  endfacet
  facet normal 0.0489209 0.998803 0
    outer loop
      vertex 75.146 28.5144 55
      vertex 75.44 28.5 35
      vertex 75.146 28.5144 35
    endloop
  endfacet
  facet normal 0.857643 0.514246 0
    outer loop
      vertex 72.9456 29.8333 55
      vertex 72.7942 30.0858 35
      vertex 72.7942 30.0858 55
    endloop
  endfacet
  facet normal 0.857643 0.514246 0
    outer loop
      vertex 72.7942 30.0858 35
      vertex 72.9456 29.8333 55
      vertex 72.9456 29.8333 35
    endloop
  endfacet
  facet normal 0.740908 0.671607 0
    outer loop
      vertex 73.3187 29.3787 55
      vertex 73.121 29.5968 35
      vertex 73.121 29.5968 55
    endloop
  endfacet
  facet normal 0.740908 0.671607 0
    outer loop
      vertex 73.121 29.5968 35
      vertex 73.3187 29.3787 55
      vertex 73.3187 29.3787 35
    endloop
  endfacet
  facet normal 0.941527 0.336939 0
    outer loop
      vertex 72.6684 30.3519 55
      vertex 72.5692 30.6291 35
      vertex 72.5692 30.6291 55
    endloop
  endfacet
  facet normal 0.941527 0.336939 0
    outer loop
      vertex 72.5692 30.6291 35
      vertex 72.6684 30.3519 55
      vertex 72.6684 30.3519 35
    endloop
  endfacet
  facet normal 0.989174 0.146746 0
    outer loop
      vertex 72.4976 30.9147 55
      vertex 72.4544 31.2059 35
      vertex 72.4544 31.2059 55
    endloop
  endfacet
  facet normal 0.989174 0.146746 0
    outer loop
      vertex 72.4544 31.2059 35
      vertex 72.4976 30.9147 55
      vertex 72.4976 30.9147 35
    endloop
  endfacet
  facet normal 0.998803 0.0489044 0
    outer loop
      vertex 72.4544 31.2059 55
      vertex 72.44 31.5 35
      vertex 72.44 31.5 55
    endloop
  endfacet
  facet normal 0.998803 0.0489044 0
    outer loop
      vertex 72.44 31.5 35
      vertex 72.4544 31.2059 55
      vertex 72.4544 31.2059 35
    endloop
  endfacet
  facet normal -0.243175 0.969982 0
    outer loop
      vertex 76.3109 28.6292 35
      vertex 76.0253 28.5576 55
      vertex 76.3109 28.6292 55
    endloop
  endfacet
  facet normal -0.243175 0.969982 0
    outer loop
      vertex 76.0253 28.5576 55
      vertex 76.3109 28.6292 35
      vertex 76.0253 28.5576 35
    endloop
  endfacet
  facet normal -0.4274 0.904063 0
    outer loop
      vertex 76.8542 28.8542 35
      vertex 76.5881 28.7284 55
      vertex 76.8542 28.8542 55
    endloop
  endfacet
  facet normal -0.4274 0.904063 0
    outer loop
      vertex 76.5881 28.7284 55
      vertex 76.8542 28.8542 35
      vertex 76.5881 28.7284 35
    endloop
  endfacet
  facet normal -0.740908 0.671607 0
    outer loop
      vertex 77.5613 29.3787 35
      vertex 77.759 29.5968 55
      vertex 77.759 29.5968 35
    endloop
  endfacet
  facet normal -0.740908 0.671607 0
    outer loop
      vertex 77.759 29.5968 55
      vertex 77.5613 29.3787 35
      vertex 77.5613 29.3787 55
    endloop
  endfacet
  facet normal -0.595699 0.803208 0
    outer loop
      vertex 77.3432 29.181 35
      vertex 77.1067 29.0056 55
      vertex 77.3432 29.181 55
    endloop
  endfacet
  facet normal -0.595699 0.803208 0
    outer loop
      vertex 77.1067 29.0056 55
      vertex 77.3432 29.181 35
      vertex 77.1067 29.0056 35
    endloop
  endfacet
  facet normal -0.857643 0.514246 0
    outer loop
      vertex 77.9344 29.8333 35
      vertex 78.0858 30.0858 55
      vertex 78.0858 30.0858 35
    endloop
  endfacet
  facet normal -0.857643 0.514246 0
    outer loop
      vertex 78.0858 30.0858 55
      vertex 77.9344 29.8333 35
      vertex 77.9344 29.8333 55
    endloop
  endfacet
  facet normal -0.941527 0.336939 0
    outer loop
      vertex 78.2116 30.3519 35
      vertex 78.3108 30.6291 55
      vertex 78.3108 30.6291 35
    endloop
  endfacet
  facet normal -0.941527 0.336939 0
    outer loop
      vertex 78.3108 30.6291 55
      vertex 78.2116 30.3519 35
      vertex 78.2116 30.3519 55
    endloop
  endfacet
  facet normal -0.989174 0.146746 0
    outer loop
      vertex 78.3824 30.9147 35
      vertex 78.4256 31.2059 55
      vertex 78.4256 31.2059 35
    endloop
  endfacet
  facet normal -0.989174 0.146746 0
    outer loop
      vertex 78.4256 31.2059 55
      vertex 78.3824 30.9147 35
      vertex 78.3824 30.9147 55
    endloop
  endfacet
  facet normal 0.514246 0.857643 -0
    outer loop
      vertex 74.0258 28.8542 35
      vertex 73.7733 29.0056 55
      vertex 74.0258 28.8542 55
    endloop
  endfacet
  facet normal 0.514246 0.857643 0
    outer loop
      vertex 73.7733 29.0056 55
      vertex 74.0258 28.8542 35
      vertex 73.7733 29.0056 35
    endloop
  endfacet
  facet normal 0.336939 0.941527 -0
    outer loop
      vertex 74.5691 28.6292 35
      vertex 74.2919 28.7284 55
      vertex 74.5691 28.6292 55
    endloop
  endfacet
  facet normal 0.336939 0.941527 0
    outer loop
      vertex 74.2919 28.7284 55
      vertex 74.5691 28.6292 35
      vertex 74.2919 28.7284 35
    endloop
  endfacet
  facet normal 0.146696 0.989182 -0
    outer loop
      vertex 75.146 28.5144 35
      vertex 74.8547 28.5576 55
      vertex 75.146 28.5144 55
    endloop
  endfacet
  facet normal 0.146696 0.989182 0
    outer loop
      vertex 74.8547 28.5576 55
      vertex 75.146 28.5144 35
      vertex 74.8547 28.5576 35
    endloop
  endfacet
  facet normal 0.803208 0.595699 0
    outer loop
      vertex 73.121 29.5968 55
      vertex 72.9456 29.8333 35
      vertex 72.9456 29.8333 55
    endloop
  endfacet
  facet normal 0.803208 0.595699 0
    outer loop
      vertex 72.9456 29.8333 35
      vertex 73.121 29.5968 55
      vertex 73.121 29.5968 35
    endloop
  endfacet
  facet normal 0.969982 0.243175 0
    outer loop
      vertex 72.5692 30.6291 55
      vertex 72.4976 30.9147 35
      vertex 72.4976 30.9147 55
    endloop
  endfacet
  facet normal 0.969982 0.243175 0
    outer loop
      vertex 72.4976 30.9147 35
      vertex 72.5692 30.6291 55
      vertex 72.5692 30.6291 35
    endloop
  endfacet
  facet normal -0.998803 -0.0489209 0
    outer loop
      vertex 78.44 51.06 35
      vertex 78.4256 51.354 55
      vertex 78.4256 51.354 35
    endloop
  endfacet
  facet normal -0.998803 -0.0489209 0
    outer loop
      vertex 78.4256 51.354 55
      vertex 78.44 51.06 35
      vertex 78.44 51.06 55
    endloop
  endfacet
  facet normal 0.998803 0.0489044 0
    outer loop
      vertex 72.4544 50.7659 55
      vertex 72.44 51.06 35
      vertex 72.44 51.06 55
    endloop
  endfacet
  facet normal 0.998803 0.0489044 0
    outer loop
      vertex 72.44 51.06 35
      vertex 72.4544 50.7659 55
      vertex 72.4544 50.7659 35
    endloop
  endfacet
  facet normal 0.0489209 -0.998803 0
    outer loop
      vertex 75.146 54.0456 35
      vertex 75.44 54.06 55
      vertex 75.146 54.0456 55
    endloop
  endfacet
  facet normal 0.0489209 -0.998803 0
    outer loop
      vertex 75.44 54.06 55
      vertex 75.146 54.0456 35
      vertex 75.44 54.06 35
    endloop
  endfacet
  facet normal -0.0489044 0.998803 0
    outer loop
      vertex 75.7341 48.0744 35
      vertex 75.44 48.06 55
      vertex 75.7341 48.0744 55
    endloop
  endfacet
  facet normal -0.0489044 0.998803 0
    outer loop
      vertex 75.44 48.06 55
      vertex 75.7341 48.0744 35
      vertex 75.44 48.06 35
    endloop
  endfacet
  facet normal -0.671607 -0.740908 0
    outer loop
      vertex 77.3432 53.379 35
      vertex 77.5613 53.1813 55
      vertex 77.3432 53.379 55
    endloop
  endfacet
  facet normal -0.671607 -0.740908 -0
    outer loop
      vertex 77.5613 53.1813 55
      vertex 77.3432 53.379 35
      vertex 77.5613 53.1813 35
    endloop
  endfacet
  facet normal 0.740908 -0.671607 0
    outer loop
      vertex 73.121 52.9632 55
      vertex 73.3187 53.1813 35
      vertex 73.3187 53.1813 55
    endloop
  endfacet
  facet normal 0.740908 -0.671607 0
    outer loop
      vertex 73.3187 53.1813 35
      vertex 73.121 52.9632 55
      vertex 73.121 52.9632 35
    endloop
  endfacet
  facet normal 0.4274 -0.904063 0
    outer loop
      vertex 74.0258 53.7058 35
      vertex 74.2919 53.8316 55
      vertex 74.0258 53.7058 55
    endloop
  endfacet
  facet normal 0.4274 -0.904063 0
    outer loop
      vertex 74.2919 53.8316 55
      vertex 74.0258 53.7058 35
      vertex 74.2919 53.8316 35
    endloop
  endfacet
  facet normal -0.857643 0.514246 0
    outer loop
      vertex 77.9344 49.3933 35
      vertex 78.0858 49.6458 55
      vertex 78.0858 49.6458 35
    endloop
  endfacet
  facet normal -0.857643 0.514246 0
    outer loop
      vertex 78.0858 49.6458 55
      vertex 77.9344 49.3933 35
      vertex 77.9344 49.3933 55
    endloop
  endfacet
  facet normal -0.904125 -0.427269 0
    outer loop
      vertex 78.2116 52.208 35
      vertex 78.0858 52.4742 55
      vertex 78.0858 52.4742 35
    endloop
  endfacet
  facet normal -0.904125 -0.427269 0
    outer loop
      vertex 78.0858 52.4742 55
      vertex 78.2116 52.208 35
      vertex 78.2116 52.208 55
    endloop
  endfacet
  facet normal -0.336939 -0.941527 0
    outer loop
      vertex 76.3109 53.9308 35
      vertex 76.5881 53.8316 55
      vertex 76.3109 53.9308 55
    endloop
  endfacet
  facet normal -0.336939 -0.941527 -0
    outer loop
      vertex 76.5881 53.8316 55
      vertex 76.3109 53.9308 35
      vertex 76.5881 53.8316 35
    endloop
  endfacet
  facet normal -0.514246 -0.857643 0
    outer loop
      vertex 76.8542 53.7058 35
      vertex 77.1067 53.5544 55
      vertex 76.8542 53.7058 55
    endloop
  endfacet
  facet normal -0.514246 -0.857643 -0
    outer loop
      vertex 77.1067 53.5544 55
      vertex 76.8542 53.7058 35
      vertex 77.1067 53.5544 35
    endloop
  endfacet
  facet normal 0.941488 -0.337047 0
    outer loop
      vertex 72.5692 51.9309 55
      vertex 72.6684 52.208 35
      vertex 72.6684 52.208 55
    endloop
  endfacet
  facet normal 0.941488 -0.337047 0
    outer loop
      vertex 72.6684 52.208 35
      vertex 72.5692 51.9309 55
      vertex 72.5692 51.9309 35
    endloop
  endfacet
  facet normal 0.243175 -0.969982 0
    outer loop
      vertex 74.5691 53.9308 35
      vertex 74.8547 54.0024 55
      vertex 74.5691 53.9308 55
    endloop
  endfacet
  facet normal 0.243175 -0.969982 0
    outer loop
      vertex 74.8547 54.0024 55
      vertex 74.5691 53.9308 35
      vertex 74.8547 54.0024 35
    endloop
  endfacet
  facet normal -0.969982 0.243175 0
    outer loop
      vertex 78.3108 50.1891 35
      vertex 78.3824 50.4747 55
      vertex 78.3824 50.4747 35
    endloop
  endfacet
  facet normal -0.969982 0.243175 0
    outer loop
      vertex 78.3824 50.4747 55
      vertex 78.3108 50.1891 35
      vertex 78.3108 50.1891 55
    endloop
  endfacet
  facet normal -0.146746 0.989174 0
    outer loop
      vertex 76.0253 48.1176 35
      vertex 75.7341 48.0744 55
      vertex 76.0253 48.1176 55
    endloop
  endfacet
  facet normal -0.146746 0.989174 0
    outer loop
      vertex 75.7341 48.0744 55
      vertex 76.0253 48.1176 35
      vertex 75.7341 48.0744 35
    endloop
  endfacet
  facet normal -0.969982 -0.243175 0
    outer loop
      vertex 78.3824 51.6453 35
      vertex 78.3108 51.9309 55
      vertex 78.3108 51.9309 35
    endloop
  endfacet
  facet normal -0.969982 -0.243175 0
    outer loop
      vertex 78.3108 51.9309 55
      vertex 78.3824 51.6453 35
      vertex 78.3824 51.6453 55
    endloop
  endfacet
  facet normal -0.989182 -0.146696 0
    outer loop
      vertex 78.4256 51.354 35
      vertex 78.3824 51.6453 55
      vertex 78.3824 51.6453 35
    endloop
  endfacet
  facet normal -0.989182 -0.146696 0
    outer loop
      vertex 78.3824 51.6453 55
      vertex 78.4256 51.354 35
      vertex 78.4256 51.354 55
    endloop
  endfacet
  facet normal -0.941488 -0.337047 0
    outer loop
      vertex 78.3108 51.9309 35
      vertex 78.2116 52.208 55
      vertex 78.2116 52.208 35
    endloop
  endfacet
  facet normal -0.941488 -0.337047 0
    outer loop
      vertex 78.2116 52.208 55
      vertex 78.3108 51.9309 35
      vertex 78.3108 51.9309 55
    endloop
  endfacet
  facet normal -0.803208 -0.595699 0
    outer loop
      vertex 77.9344 52.7267 35
      vertex 77.759 52.9632 55
      vertex 77.759 52.9632 35
    endloop
  endfacet
  facet normal -0.803208 -0.595699 0
    outer loop
      vertex 77.759 52.9632 55
      vertex 77.9344 52.7267 35
      vertex 77.9344 52.7267 55
    endloop
  endfacet
  facet normal -0.740908 -0.671607 0
    outer loop
      vertex 77.759 52.9632 35
      vertex 77.5613 53.1813 55
      vertex 77.5613 53.1813 35
    endloop
  endfacet
  facet normal -0.740908 -0.671607 0
    outer loop
      vertex 77.5613 53.1813 55
      vertex 77.759 52.9632 35
      vertex 77.759 52.9632 55
    endloop
  endfacet
  facet normal -0.857643 -0.514246 0
    outer loop
      vertex 78.0858 52.4742 35
      vertex 77.9344 52.7267 55
      vertex 77.9344 52.7267 35
    endloop
  endfacet
  facet normal -0.857643 -0.514246 0
    outer loop
      vertex 77.9344 52.7267 55
      vertex 78.0858 52.4742 35
      vertex 78.0858 52.4742 55
    endloop
  endfacet
  facet normal -0.146746 -0.989174 0
    outer loop
      vertex 75.7341 54.0456 35
      vertex 76.0253 54.0024 55
      vertex 75.7341 54.0456 55
    endloop
  endfacet
  facet normal -0.146746 -0.989174 -0
    outer loop
      vertex 76.0253 54.0024 55
      vertex 75.7341 54.0456 35
      vertex 76.0253 54.0024 35
    endloop
  endfacet
  facet normal -0.243175 -0.969982 0
    outer loop
      vertex 76.0253 54.0024 35
      vertex 76.3109 53.9308 55
      vertex 76.0253 54.0024 55
    endloop
  endfacet
  facet normal -0.243175 -0.969982 -0
    outer loop
      vertex 76.3109 53.9308 55
      vertex 76.0253 54.0024 35
      vertex 76.3109 53.9308 35
    endloop
  endfacet
  facet normal -0.0489044 -0.998803 0
    outer loop
      vertex 75.44 54.06 35
      vertex 75.7341 54.0456 55
      vertex 75.44 54.06 55
    endloop
  endfacet
  facet normal -0.0489044 -0.998803 -0
    outer loop
      vertex 75.7341 54.0456 55
      vertex 75.44 54.06 35
      vertex 75.7341 54.0456 35
    endloop
  endfacet
  facet normal -0.4274 -0.904063 0
    outer loop
      vertex 76.5881 53.8316 35
      vertex 76.8542 53.7058 55
      vertex 76.5881 53.8316 55
    endloop
  endfacet
  facet normal -0.4274 -0.904063 -0
    outer loop
      vertex 76.8542 53.7058 55
      vertex 76.5881 53.8316 35
      vertex 76.8542 53.7058 35
    endloop
  endfacet
  facet normal -0.595699 -0.803208 0
    outer loop
      vertex 77.1067 53.5544 35
      vertex 77.3432 53.379 55
      vertex 77.1067 53.5544 55
    endloop
  endfacet
  facet normal -0.595699 -0.803208 -0
    outer loop
      vertex 77.3432 53.379 55
      vertex 77.1067 53.5544 35
      vertex 77.3432 53.379 35
    endloop
  endfacet
  facet normal 0.989182 -0.146696 0
    outer loop
      vertex 72.4544 51.354 55
      vertex 72.4976 51.6453 35
      vertex 72.4976 51.6453 55
    endloop
  endfacet
  facet normal 0.989182 -0.146696 0
    outer loop
      vertex 72.4976 51.6453 35
      vertex 72.4544 51.354 55
      vertex 72.4544 51.354 35
    endloop
  endfacet
  facet normal 0 0 1
    outer loop
      vertex 78.4256 51.354 35
      vertex 78.4256 50.7659 35
      vertex 78.44 51.06 35
    endloop
  endfacet
  facet normal 0 0 1
    outer loop
      vertex 78.3824 51.6453 35
      vertex 78.4256 50.7659 35
      vertex 78.4256 51.354 35
    endloop
  endfacet
  facet normal 0 0 1
    outer loop
      vertex 78.3824 51.6453 35
      vertex 78.3824 50.4747 35
      vertex 78.4256 50.7659 35
    endloop
  endfacet
  facet normal 0 0 1
    outer loop
      vertex 78.3108 51.9309 35
      vertex 78.3824 50.4747 35
      vertex 78.3824 51.6453 35
    endloop
  endfacet
  facet normal 0 0 1
    outer loop
      vertex 78.3108 51.9309 35
      vertex 78.3108 50.1891 35
      vertex 78.3824 50.4747 35
    endloop
  endfacet
  facet normal 0 0 1
    outer loop
      vertex 78.2116 52.208 35
      vertex 78.3108 50.1891 35
      vertex 78.3108 51.9309 35
    endloop
  endfacet
  facet normal 0 0 1
    outer loop
      vertex 78.2116 52.208 35
      vertex 78.2116 49.9119 35
      vertex 78.3108 50.1891 35
    endloop
  endfacet
  facet normal 0 0 1
    outer loop
      vertex 78.0858 52.4742 35
      vertex 78.2116 49.9119 35
      vertex 78.2116 52.208 35
    endloop
  endfacet
  facet normal 0 0 1
    outer loop
      vertex 78.0858 52.4742 35
      vertex 78.0858 49.6458 35
      vertex 78.2116 49.9119 35
    endloop
  endfacet
  facet normal 0 0 1
    outer loop
      vertex 77.9344 52.7267 35
      vertex 78.0858 49.6458 35
      vertex 78.0858 52.4742 35
    endloop
  endfacet
  facet normal 0 0 1
    outer loop
      vertex 77.9344 52.7267 35
      vertex 77.9344 49.3933 35
      vertex 78.0858 49.6458 35
    endloop
  endfacet
  facet normal 0 0 1
    outer loop
      vertex 77.759 52.9632 35
      vertex 77.9344 49.3933 35
      vertex 77.9344 52.7267 35
    endloop
  endfacet
  facet normal 0 0 1
    outer loop
      vertex 77.759 52.9632 35
      vertex 77.759 49.1568 35
      vertex 77.9344 49.3933 35
    endloop
  endfacet
  facet normal 0 0 1
    outer loop
      vertex 77.5613 53.1813 35
      vertex 77.759 49.1568 35
      vertex 77.759 52.9632 35
    endloop
  endfacet
  facet normal 0 0 1
    outer loop
      vertex 77.5613 53.1813 35
      vertex 77.5613 48.9387 35
      vertex 77.759 49.1568 35
    endloop
  endfacet
  facet normal 0 0 1
    outer loop
      vertex 77.3432 53.379 35
      vertex 77.5613 48.9387 35
      vertex 77.5613 53.1813 35
    endloop
  endfacet
  facet normal 0 0 1
    outer loop
      vertex 77.3432 53.379 35
      vertex 77.3432 48.741 35
      vertex 77.5613 48.9387 35
    endloop
  endfacet
  facet normal 0 0 1
    outer loop
      vertex 77.1067 53.5544 35
      vertex 77.3432 48.741 35
      vertex 77.3432 53.379 35
    endloop
  endfacet
  facet normal 0 0 1
    outer loop
      vertex 77.1067 53.5544 35
      vertex 77.1067 48.5656 35
      vertex 77.3432 48.741 35
    endloop
  endfacet
  facet normal 0 0 1
    outer loop
      vertex 76.8542 53.7058 35
      vertex 77.1067 48.5656 35
      vertex 77.1067 53.5544 35
    endloop
  endfacet
  facet normal 0 0 1
    outer loop
      vertex 76.8542 53.7058 35
      vertex 76.8542 48.4142 35
      vertex 77.1067 48.5656 35
    endloop
  endfacet
  facet normal 0 0 1
    outer loop
      vertex 76.5881 53.8316 35
      vertex 76.8542 48.4142 35
      vertex 76.8542 53.7058 35
    endloop
  endfacet
  facet normal 0 0 1
    outer loop
      vertex 76.5881 53.8316 35
      vertex 76.5881 48.2884 35
      vertex 76.8542 48.4142 35
    endloop
  endfacet
  facet normal 0 0 1
    outer loop
      vertex 76.3109 53.9308 35
      vertex 76.5881 48.2884 35
      vertex 76.5881 53.8316 35
    endloop
  endfacet
  facet normal 0 0 1
    outer loop
      vertex 76.3109 53.9308 35
      vertex 76.3109 48.1892 35
      vertex 76.5881 48.2884 35
    endloop
  endfacet
  facet normal 0 0 1
    outer loop
      vertex 76.0253 54.0024 35
      vertex 76.3109 48.1892 35
      vertex 76.3109 53.9308 35
    endloop
  endfacet
  facet normal 0 0 1
    outer loop
      vertex 76.0253 54.0024 35
      vertex 76.0253 48.1176 35
      vertex 76.3109 48.1892 35
    endloop
  endfacet
  facet normal 0 0 1
    outer loop
      vertex 75.7341 54.0456 35
      vertex 76.0253 48.1176 35
      vertex 76.0253 54.0024 35
    endloop
  endfacet
  facet normal 0 0 1
    outer loop
      vertex 75.7341 54.0456 35
      vertex 75.7341 48.0744 35
      vertex 76.0253 48.1176 35
    endloop
  endfacet
  facet normal 0 0 1
    outer loop
      vertex 75.44 54.06 35
      vertex 75.7341 48.0744 35
      vertex 75.7341 54.0456 35
    endloop
  endfacet
  facet normal 0 0 1
    outer loop
      vertex 75.44 54.06 35
      vertex 75.44 48.06 35
      vertex 75.7341 48.0744 35
    endloop
  endfacet
  facet normal -0 0 1
    outer loop
      vertex 75.146 54.0456 35
      vertex 75.44 48.06 35
      vertex 75.44 54.06 35
    endloop
  endfacet
  facet normal 0 0 1
    outer loop
      vertex 75.146 54.0456 35
      vertex 75.146 48.0744 35
      vertex 75.44 48.06 35
    endloop
  endfacet
  facet normal -0 0 1
    outer loop
      vertex 74.8547 54.0024 35
      vertex 75.146 48.0744 35
      vertex 75.146 54.0456 35
    endloop
  endfacet
  facet normal 0 0 1
    outer loop
      vertex 74.8547 54.0024 35
      vertex 74.8547 48.1176 35
      vertex 75.146 48.0744 35
    endloop
  endfacet
  facet normal -0 0 1
    outer loop
      vertex 74.5691 53.9308 35
      vertex 74.8547 48.1176 35
      vertex 74.8547 54.0024 35
    endloop
  endfacet
  facet normal 0 0 1
    outer loop
      vertex 74.5691 53.9308 35
      vertex 74.5691 48.1892 35
      vertex 74.8547 48.1176 35
    endloop
  endfacet
  facet normal -0 0 1
    outer loop
      vertex 74.2919 53.8316 35
      vertex 74.5691 48.1892 35
      vertex 74.5691 53.9308 35
    endloop
  endfacet
  facet normal 0 0 1
    outer loop
      vertex 74.2919 53.8316 35
      vertex 74.2919 48.2884 35
      vertex 74.5691 48.1892 35
    endloop
  endfacet
  facet normal -0 0 1
    outer loop
      vertex 74.0258 53.7058 35
      vertex 74.2919 48.2884 35
      vertex 74.2919 53.8316 35
    endloop
  endfacet
  facet normal 0 0 1
    outer loop
      vertex 74.0258 53.7058 35
      vertex 74.0258 48.4142 35
      vertex 74.2919 48.2884 35
    endloop
  endfacet
  facet normal -0 0 1
    outer loop
      vertex 73.7733 53.5544 35
      vertex 74.0258 48.4142 35
      vertex 74.0258 53.7058 35
    endloop
  endfacet
  facet normal 0 0 1
    outer loop
      vertex 73.7733 53.5544 35
      vertex 73.7733 48.5656 35
      vertex 74.0258 48.4142 35
    endloop
  endfacet
  facet normal -0 0 1
    outer loop
      vertex 73.5368 53.379 35
      vertex 73.7733 48.5656 35
      vertex 73.7733 53.5544 35
    endloop
  endfacet
  facet normal 0 0 1
    outer loop
      vertex 73.5368 53.379 35
      vertex 73.5368 48.741 35
      vertex 73.7733 48.5656 35
    endloop
  endfacet
  facet normal -0 0 1
    outer loop
      vertex 73.3187 53.1813 35
      vertex 73.5368 48.741 35
      vertex 73.5368 53.379 35
    endloop
  endfacet
  facet normal 0 0 1
    outer loop
      vertex 73.3187 53.1813 35
      vertex 73.3187 48.9387 35
      vertex 73.5368 48.741 35
    endloop
  endfacet
  facet normal -0 0 1
    outer loop
      vertex 73.121 52.9632 35
      vertex 73.3187 48.9387 35
      vertex 73.3187 53.1813 35
    endloop
  endfacet
  facet normal 0 0 1
    outer loop
      vertex 73.121 52.9632 35
      vertex 73.121 49.1568 35
      vertex 73.3187 48.9387 35
    endloop
  endfacet
  facet normal -0 0 1
    outer loop
      vertex 72.9456 52.7267 35
      vertex 73.121 49.1568 35
      vertex 73.121 52.9632 35
    endloop
  endfacet
  facet normal 0 0 1
    outer loop
      vertex 72.9456 52.7267 35
      vertex 72.9456 49.3933 35
      vertex 73.121 49.1568 35
    endloop
  endfacet
  facet normal -0 0 1
    outer loop
      vertex 72.7942 52.4742 35
      vertex 72.9456 49.3933 35
      vertex 72.9456 52.7267 35
    endloop
  endfacet
  facet normal 0 0 1
    outer loop
      vertex 72.7942 52.4742 35
      vertex 72.7942 49.6458 35
      vertex 72.9456 49.3933 35
    endloop
  endfacet
  facet normal -0 0 1
    outer loop
      vertex 72.6684 52.208 35
      vertex 72.7942 49.6458 35
      vertex 72.7942 52.4742 35
    endloop
  endfacet
  facet normal 0 0 1
    outer loop
      vertex 72.6684 52.208 35
      vertex 72.6684 49.9119 35
      vertex 72.7942 49.6458 35
    endloop
  endfacet
  facet normal -0 0 1
    outer loop
      vertex 72.5692 51.9309 35
      vertex 72.6684 49.9119 35
      vertex 72.6684 52.208 35
    endloop
  endfacet
  facet normal 0 0 1
    outer loop
      vertex 72.5692 51.9309 35
      vertex 72.5692 50.1891 35
      vertex 72.6684 49.9119 35
    endloop
  endfacet
  facet normal -0 0 1
    outer loop
      vertex 72.4976 51.6453 35
      vertex 72.5692 50.1891 35
      vertex 72.5692 51.9309 35
    endloop
  endfacet
  facet normal 0 0 1
    outer loop
      vertex 72.4976 51.6453 35
      vertex 72.4976 50.4747 35
      vertex 72.5692 50.1891 35
    endloop
  endfacet
  facet normal -0 0 1
    outer loop
      vertex 72.4544 51.354 35
      vertex 72.4976 50.4747 35
      vertex 72.4976 51.6453 35
    endloop
  endfacet
  facet normal 0 0 1
    outer loop
      vertex 72.4544 51.354 35
      vertex 72.4544 50.7659 35
      vertex 72.4976 50.4747 35
    endloop
  endfacet
  facet normal 0 -0 1
    outer loop
      vertex 72.4544 50.7659 35
      vertex 72.4544 51.354 35
      vertex 72.44 51.06 35
    endloop
  endfacet
  facet normal 0.857643 -0.514246 0
    outer loop
      vertex 72.7942 52.4742 55
      vertex 72.9456 52.7267 35
      vertex 72.9456 52.7267 55
    endloop
  endfacet
  facet normal 0.857643 -0.514246 0
    outer loop
      vertex 72.9456 52.7267 35
      vertex 72.7942 52.4742 55
      vertex 72.7942 52.4742 35
    endloop
  endfacet
  facet normal 0.803208 -0.595699 0
    outer loop
      vertex 72.9456 52.7267 55
      vertex 73.121 52.9632 35
      vertex 73.121 52.9632 55
    endloop
  endfacet
  facet normal 0.803208 -0.595699 0
    outer loop
      vertex 73.121 52.9632 35
      vertex 72.9456 52.7267 55
      vertex 72.9456 52.7267 35
    endloop
  endfacet
  facet normal 0.904125 -0.427269 0
    outer loop
      vertex 72.6684 52.208 55
      vertex 72.7942 52.4742 35
      vertex 72.7942 52.4742 55
    endloop
  endfacet
  facet normal 0.904125 -0.427269 0
    outer loop
      vertex 72.7942 52.4742 35
      vertex 72.6684 52.208 55
      vertex 72.6684 52.208 35
    endloop
  endfacet
  facet normal 0.969982 -0.243175 0
    outer loop
      vertex 72.4976 51.6453 55
      vertex 72.5692 51.9309 35
      vertex 72.5692 51.9309 55
    endloop
  endfacet
  facet normal 0.969982 -0.243175 0
    outer loop
      vertex 72.5692 51.9309 35
      vertex 72.4976 51.6453 55
      vertex 72.4976 51.6453 35
    endloop
  endfacet
  facet normal 0.998803 -0.0489209 0
    outer loop
      vertex 72.44 51.06 55
      vertex 72.4544 51.354 35
      vertex 72.4544 51.354 55
    endloop
  endfacet
  facet normal 0.998803 -0.0489209 0
    outer loop
      vertex 72.4544 51.354 35
      vertex 72.44 51.06 55
      vertex 72.44 51.06 35
    endloop
  endfacet
  facet normal 0.595699 -0.803208 0
    outer loop
      vertex 73.5368 53.379 35
      vertex 73.7733 53.5544 55
      vertex 73.5368 53.379 55
    endloop
  endfacet
  facet normal 0.595699 -0.803208 0
    outer loop
      vertex 73.7733 53.5544 55
      vertex 73.5368 53.379 35
      vertex 73.7733 53.5544 35
    endloop
  endfacet
  facet normal 0.514246 -0.857643 0
    outer loop
      vertex 73.7733 53.5544 35
      vertex 74.0258 53.7058 55
      vertex 73.7733 53.5544 55
    endloop
  endfacet
  facet normal 0.514246 -0.857643 0
    outer loop
      vertex 74.0258 53.7058 55
      vertex 73.7733 53.5544 35
      vertex 74.0258 53.7058 35
    endloop
  endfacet
  facet normal 0.671607 -0.740908 0
    outer loop
      vertex 73.3187 53.1813 35
      vertex 73.5368 53.379 55
      vertex 73.3187 53.1813 55
    endloop
  endfacet
  facet normal 0.671607 -0.740908 0
    outer loop
      vertex 73.5368 53.379 55
      vertex 73.3187 53.1813 35
      vertex 73.5368 53.379 35
    endloop
  endfacet
  facet normal 0.336939 -0.941527 0
    outer loop
      vertex 74.2919 53.8316 35
      vertex 74.5691 53.9308 55
      vertex 74.2919 53.8316 55
    endloop
  endfacet
  facet normal 0.336939 -0.941527 0
    outer loop
      vertex 74.5691 53.9308 55
      vertex 74.2919 53.8316 35
      vertex 74.5691 53.9308 35
    endloop
  endfacet
  facet normal 0.146696 -0.989182 0
    outer loop
      vertex 74.8547 54.0024 35
      vertex 75.146 54.0456 55
      vertex 74.8547 54.0024 55
    endloop
  endfacet
  facet normal 0.146696 -0.989182 0
    outer loop
      vertex 75.146 54.0456 55
      vertex 74.8547 54.0024 35
      vertex 75.146 54.0456 35
    endloop
  endfacet
  facet normal -0.998803 0.0489044 0
    outer loop
      vertex 78.4256 50.7659 35
      vertex 78.44 51.06 55
      vertex 78.44 51.06 35
    endloop
  endfacet
  facet normal -0.998803 0.0489044 0
    outer loop
      vertex 78.44 51.06 55
      vertex 78.4256 50.7659 35
      vertex 78.4256 50.7659 55
    endloop
  endfacet
  facet normal -0.740908 0.671607 0
    outer loop
      vertex 77.5613 48.9387 35
      vertex 77.759 49.1568 55
      vertex 77.759 49.1568 35
    endloop
  endfacet
  facet normal -0.740908 0.671607 0
    outer loop
      vertex 77.759 49.1568 55
      vertex 77.5613 48.9387 35
      vertex 77.5613 48.9387 55
    endloop
  endfacet
  facet normal -0.904063 0.4274 0
    outer loop
      vertex 78.0858 49.6458 35
      vertex 78.2116 49.9119 55
      vertex 78.2116 49.9119 35
    endloop
  endfacet
  facet normal -0.904063 0.4274 0
    outer loop
      vertex 78.2116 49.9119 55
      vertex 78.0858 49.6458 35
      vertex 78.0858 49.6458 55
    endloop
  endfacet
  facet normal -0.941527 0.336939 0
    outer loop
      vertex 78.2116 49.9119 35
      vertex 78.3108 50.1891 55
      vertex 78.3108 50.1891 35
    endloop
  endfacet
  facet normal -0.941527 0.336939 0
    outer loop
      vertex 78.3108 50.1891 55
      vertex 78.2116 49.9119 35
      vertex 78.2116 49.9119 55
    endloop
  endfacet
  facet normal -0.989174 0.146746 0
    outer loop
      vertex 78.3824 50.4747 35
      vertex 78.4256 50.7659 55
      vertex 78.4256 50.7659 35
    endloop
  endfacet
  facet normal -0.989174 0.146746 0
    outer loop
      vertex 78.4256 50.7659 55
      vertex 78.3824 50.4747 35
      vertex 78.3824 50.4747 55
    endloop
  endfacet
  facet normal -0.514246 0.857643 0
    outer loop
      vertex 77.1067 48.5656 35
      vertex 76.8542 48.4142 55
      vertex 77.1067 48.5656 55
    endloop
  endfacet
  facet normal -0.514246 0.857643 0
    outer loop
      vertex 76.8542 48.4142 55
      vertex 77.1067 48.5656 35
      vertex 76.8542 48.4142 35
    endloop
  endfacet
  facet normal -0.671607 0.740908 0
    outer loop
      vertex 77.5613 48.9387 35
      vertex 77.3432 48.741 55
      vertex 77.5613 48.9387 55
    endloop
  endfacet
  facet normal -0.671607 0.740908 0
    outer loop
      vertex 77.3432 48.741 55
      vertex 77.5613 48.9387 35
      vertex 77.3432 48.741 35
    endloop
  endfacet
  facet normal -0.803208 0.595699 0
    outer loop
      vertex 77.759 49.1568 35
      vertex 77.9344 49.3933 55
      vertex 77.9344 49.3933 35
    endloop
  endfacet
  facet normal -0.803208 0.595699 0
    outer loop
      vertex 77.9344 49.3933 55
      vertex 77.759 49.1568 35
      vertex 77.759 49.1568 55
    endloop
  endfacet
  facet normal 0.243175 0.969982 -0
    outer loop
      vertex 74.8547 48.1176 35
      vertex 74.5691 48.1892 55
      vertex 74.8547 48.1176 55
    endloop
  endfacet
  facet normal 0.243175 0.969982 0
    outer loop
      vertex 74.5691 48.1892 55
      vertex 74.8547 48.1176 35
      vertex 74.5691 48.1892 35
    endloop
  endfacet
  facet normal 0.740908 0.671607 0
    outer loop
      vertex 73.3187 48.9387 55
      vertex 73.121 49.1568 35
      vertex 73.121 49.1568 55
    endloop
  endfacet
  facet normal 0.740908 0.671607 0
    outer loop
      vertex 73.121 49.1568 35
      vertex 73.3187 48.9387 55
      vertex 73.3187 48.9387 35
    endloop
  endfacet
  facet normal -0.243175 0.969982 0
    outer loop
      vertex 76.3109 48.1892 35
      vertex 76.0253 48.1176 55
      vertex 76.3109 48.1892 55
    endloop
  endfacet
  facet normal -0.243175 0.969982 0
    outer loop
      vertex 76.0253 48.1176 55
      vertex 76.3109 48.1892 35
      vertex 76.0253 48.1176 35
    endloop
  endfacet
  facet normal -0.4274 0.904063 0
    outer loop
      vertex 76.8542 48.4142 35
      vertex 76.5881 48.2884 55
      vertex 76.8542 48.4142 55
    endloop
  endfacet
  facet normal -0.4274 0.904063 0
    outer loop
      vertex 76.5881 48.2884 55
      vertex 76.8542 48.4142 35
      vertex 76.5881 48.2884 35
    endloop
  endfacet
  facet normal -0.336939 0.941527 0
    outer loop
      vertex 76.5881 48.2884 35
      vertex 76.3109 48.1892 55
      vertex 76.5881 48.2884 55
    endloop
  endfacet
  facet normal -0.336939 0.941527 0
    outer loop
      vertex 76.3109 48.1892 55
      vertex 76.5881 48.2884 35
      vertex 76.3109 48.1892 35
    endloop
  endfacet
  facet normal 0.0489209 0.998803 -0
    outer loop
      vertex 75.44 48.06 35
      vertex 75.146 48.0744 55
      vertex 75.44 48.06 55
    endloop
  endfacet
  facet normal 0.0489209 0.998803 0
    outer loop
      vertex 75.146 48.0744 55
      vertex 75.44 48.06 35
      vertex 75.146 48.0744 35
    endloop
  endfacet
  facet normal 0.336939 0.941527 -0
    outer loop
      vertex 74.5691 48.1892 35
      vertex 74.2919 48.2884 55
      vertex 74.5691 48.1892 55
    endloop
  endfacet
  facet normal 0.336939 0.941527 0
    outer loop
      vertex 74.2919 48.2884 55
      vertex 74.5691 48.1892 35
      vertex 74.2919 48.2884 35
    endloop
  endfacet
  facet normal 0.671607 0.740908 -0
    outer loop
      vertex 73.5368 48.741 35
      vertex 73.3187 48.9387 55
      vertex 73.5368 48.741 55
    endloop
  endfacet
  facet normal 0.671607 0.740908 0
    outer loop
      vertex 73.3187 48.9387 55
      vertex 73.5368 48.741 35
      vertex 73.3187 48.9387 35
    endloop
  endfacet
  facet normal 0.904063 0.4274 0
    outer loop
      vertex 72.7942 49.6458 55
      vertex 72.6684 49.9119 35
      vertex 72.6684 49.9119 55
    endloop
  endfacet
  facet normal 0.904063 0.4274 0
    outer loop
      vertex 72.6684 49.9119 35
      vertex 72.7942 49.6458 55
      vertex 72.7942 49.6458 35
    endloop
  endfacet
  facet normal 0.941527 0.336939 0
    outer loop
      vertex 72.6684 49.9119 55
      vertex 72.5692 50.1891 35
      vertex 72.5692 50.1891 55
    endloop
  endfacet
  facet normal 0.941527 0.336939 0
    outer loop
      vertex 72.5692 50.1891 35
      vertex 72.6684 49.9119 55
      vertex 72.6684 49.9119 35
    endloop
  endfacet
  facet normal 0.969982 0.243175 0
    outer loop
      vertex 72.5692 50.1891 55
      vertex 72.4976 50.4747 35
      vertex 72.4976 50.4747 55
    endloop
  endfacet
  facet normal 0.969982 0.243175 0
    outer loop
      vertex 72.4976 50.4747 35
      vertex 72.5692 50.1891 55
      vertex 72.5692 50.1891 35
    endloop
  endfacet
  facet normal 0.989174 0.146746 0
    outer loop
      vertex 72.4976 50.4747 55
      vertex 72.4544 50.7659 35
      vertex 72.4544 50.7659 55
    endloop
  endfacet
  facet normal 0.989174 0.146746 0
    outer loop
      vertex 72.4544 50.7659 35
      vertex 72.4976 50.4747 55
      vertex 72.4976 50.4747 35
    endloop
  endfacet
  facet normal -0.595699 0.803208 0
    outer loop
      vertex 77.3432 48.741 35
      vertex 77.1067 48.5656 55
      vertex 77.3432 48.741 55
    endloop
  endfacet
  facet normal -0.595699 0.803208 0
    outer loop
      vertex 77.1067 48.5656 55
      vertex 77.3432 48.741 35
      vertex 77.1067 48.5656 35
    endloop
  endfacet
  facet normal 0.146696 0.989182 -0
    outer loop
      vertex 75.146 48.0744 35
      vertex 74.8547 48.1176 55
      vertex 75.146 48.0744 55
    endloop
  endfacet
  facet normal 0.146696 0.989182 0
    outer loop
      vertex 74.8547 48.1176 55
      vertex 75.146 48.0744 35
      vertex 74.8547 48.1176 35
    endloop
  endfacet
  facet normal 0.4274 0.904063 -0
    outer loop
      vertex 74.2919 48.2884 35
      vertex 74.0258 48.4142 55
      vertex 74.2919 48.2884 55
    endloop
  endfacet
  facet normal 0.4274 0.904063 0
    outer loop
      vertex 74.0258 48.4142 55
      vertex 74.2919 48.2884 35
      vertex 74.0258 48.4142 35
    endloop
  endfacet
  facet normal 0.514246 0.857643 -0
    outer loop
      vertex 74.0258 48.4142 35
      vertex 73.7733 48.5656 55
      vertex 74.0258 48.4142 55
    endloop
  endfacet
  facet normal 0.514246 0.857643 0
    outer loop
      vertex 73.7733 48.5656 55
      vertex 74.0258 48.4142 35
      vertex 73.7733 48.5656 35
    endloop
  endfacet
  facet normal 0.595699 0.803208 -0
    outer loop
      vertex 73.7733 48.5656 35
      vertex 73.5368 48.741 55
      vertex 73.7733 48.5656 55
    endloop
  endfacet
  facet normal 0.595699 0.803208 0
    outer loop
      vertex 73.5368 48.741 55
      vertex 73.7733 48.5656 35
      vertex 73.5368 48.741 35
    endloop
  endfacet
  facet normal 0.803208 0.595699 0
    outer loop
      vertex 73.121 49.1568 55
      vertex 72.9456 49.3933 35
      vertex 72.9456 49.3933 55
    endloop
  endfacet
  facet normal 0.803208 0.595699 0
    outer loop
      vertex 72.9456 49.3933 35
      vertex 73.121 49.1568 55
      vertex 73.121 49.1568 35
    endloop
  endfacet
  facet normal 0.857643 0.514246 0
    outer loop
      vertex 72.9456 49.3933 55
      vertex 72.7942 49.6458 35
      vertex 72.7942 49.6458 55
    endloop
  endfacet
  facet normal 0.857643 0.514246 0
    outer loop
      vertex 72.7942 49.6458 35
      vertex 72.9456 49.3933 55
      vertex 72.9456 49.3933 35
    endloop
  endfacet
  facet normal -0.998803 -0.0489209 0
    outer loop
      vertex 78.44 70.62 35
      vertex 78.4256 70.914 55
      vertex 78.4256 70.914 35
    endloop
  endfacet
  facet normal -0.998803 -0.0489209 0
    outer loop
      vertex 78.4256 70.914 55
      vertex 78.44 70.62 35
      vertex 78.44 70.62 55
    endloop
  endfacet
  facet normal 0.0489209 -0.998803 0
    outer loop
      vertex 75.146 73.6056 35
      vertex 75.44 73.62 55
      vertex 75.146 73.6056 55
    endloop
  endfacet
  facet normal 0.0489209 -0.998803 0
    outer loop
      vertex 75.44 73.62 55
      vertex 75.146 73.6056 35
      vertex 75.44 73.62 35
    endloop
  endfacet
  facet normal -0.671607 -0.740908 0
    outer loop
      vertex 77.3432 72.939 35
      vertex 77.5613 72.7413 55
      vertex 77.3432 72.939 55
    endloop
  endfacet
  facet normal -0.671607 -0.740908 -0
    outer loop
      vertex 77.5613 72.7413 55
      vertex 77.3432 72.939 35
      vertex 77.5613 72.7413 35
    endloop
  endfacet
  facet normal 0.740908 -0.671607 0
    outer loop
      vertex 73.121 72.5232 55
      vertex 73.3187 72.7413 35
      vertex 73.3187 72.7413 55
    endloop
  endfacet
  facet normal 0.740908 -0.671607 0
    outer loop
      vertex 73.3187 72.7413 35
      vertex 73.121 72.5232 55
      vertex 73.121 72.5232 35
    endloop
  endfacet
  facet normal 0.4274 -0.904063 0
    outer loop
      vertex 74.0258 73.2658 35
      vertex 74.2919 73.3916 55
      vertex 74.0258 73.2658 55
    endloop
  endfacet
  facet normal 0.4274 -0.904063 0
    outer loop
      vertex 74.2919 73.3916 55
      vertex 74.0258 73.2658 35
      vertex 74.2919 73.3916 35
    endloop
  endfacet
  facet normal -0.904063 -0.4274 0
    outer loop
      vertex 78.2116 71.7681 35
      vertex 78.0858 72.0342 55
      vertex 78.0858 72.0342 35
    endloop
  endfacet
  facet normal -0.904063 -0.4274 0
    outer loop
      vertex 78.0858 72.0342 55
      vertex 78.2116 71.7681 35
      vertex 78.2116 71.7681 55
    endloop
  endfacet
  facet normal -0.336939 -0.941527 0
    outer loop
      vertex 76.3109 73.4908 35
      vertex 76.5881 73.3916 55
      vertex 76.3109 73.4908 55
    endloop
  endfacet
  facet normal -0.336939 -0.941527 -0
    outer loop
      vertex 76.5881 73.3916 55
      vertex 76.3109 73.4908 35
      vertex 76.5881 73.3916 35
    endloop
  endfacet
  facet normal -0.514246 -0.857643 0
    outer loop
      vertex 76.8542 73.2658 35
      vertex 77.1067 73.1144 55
      vertex 76.8542 73.2658 55
    endloop
  endfacet
  facet normal -0.514246 -0.857643 -0
    outer loop
      vertex 77.1067 73.1144 55
      vertex 76.8542 73.2658 35
      vertex 77.1067 73.1144 35
    endloop
  endfacet
  facet normal 0.941527 -0.336939 0
    outer loop
      vertex 72.5692 71.4909 55
      vertex 72.6684 71.7681 35
      vertex 72.6684 71.7681 55
    endloop
  endfacet
  facet normal 0.941527 -0.336939 0
    outer loop
      vertex 72.6684 71.7681 35
      vertex 72.5692 71.4909 55
      vertex 72.5692 71.4909 35
    endloop
  endfacet
  facet normal 0.243175 -0.969982 0
    outer loop
      vertex 74.5691 73.4908 35
      vertex 74.8547 73.5624 55
      vertex 74.5691 73.4908 55
    endloop
  endfacet
  facet normal 0.243175 -0.969982 0
    outer loop
      vertex 74.8547 73.5624 55
      vertex 74.5691 73.4908 35
      vertex 74.8547 73.5624 35
    endloop
  endfacet
  facet normal -0.969982 0.243175 0
    outer loop
      vertex 78.3108 69.7491 35
      vertex 78.3824 70.0347 55
      vertex 78.3824 70.0347 35
    endloop
  endfacet
  facet normal -0.969982 0.243175 0
    outer loop
      vertex 78.3824 70.0347 55
      vertex 78.3108 69.7491 35
      vertex 78.3108 69.7491 55
    endloop
  endfacet
  facet normal 0.671607 0.740908 -0
    outer loop
      vertex 73.5368 68.301 35
      vertex 73.3187 68.4987 55
      vertex 73.5368 68.301 55
    endloop
  endfacet
  facet normal 0.671607 0.740908 0
    outer loop
      vertex 73.3187 68.4987 55
      vertex 73.5368 68.301 35
      vertex 73.3187 68.4987 35
    endloop
  endfacet
  facet normal -0.969982 -0.243175 0
    outer loop
      vertex 78.3824 71.2053 35
      vertex 78.3108 71.4909 55
      vertex 78.3108 71.4909 35
    endloop
  endfacet
  facet normal -0.969982 -0.243175 0
    outer loop
      vertex 78.3108 71.4909 55
      vertex 78.3824 71.2053 35
      vertex 78.3824 71.2053 55
    endloop
  endfacet
  facet normal -0.989182 -0.146696 0
    outer loop
      vertex 78.4256 70.914 35
      vertex 78.3824 71.2053 55
      vertex 78.3824 71.2053 35
    endloop
  endfacet
  facet normal -0.989182 -0.146696 0
    outer loop
      vertex 78.3824 71.2053 55
      vertex 78.4256 70.914 35
      vertex 78.4256 70.914 55
    endloop
  endfacet
  facet normal -0.941527 -0.336939 0
    outer loop
      vertex 78.3108 71.4909 35
      vertex 78.2116 71.7681 55
      vertex 78.2116 71.7681 35
    endloop
  endfacet
  facet normal -0.941527 -0.336939 0
    outer loop
      vertex 78.2116 71.7681 55
      vertex 78.3108 71.4909 35
      vertex 78.3108 71.4909 55
    endloop
  endfacet
  facet normal -0.803208 -0.595699 0
    outer loop
      vertex 77.9344 72.2867 35
      vertex 77.759 72.5232 55
      vertex 77.759 72.5232 35
    endloop
  endfacet
  facet normal -0.803208 -0.595699 0
    outer loop
      vertex 77.759 72.5232 55
      vertex 77.9344 72.2867 35
      vertex 77.9344 72.2867 55
    endloop
  endfacet
  facet normal -0.740908 -0.671607 0
    outer loop
      vertex 77.759 72.5232 35
      vertex 77.5613 72.7413 55
      vertex 77.5613 72.7413 35
    endloop
  endfacet
  facet normal -0.740908 -0.671607 0
    outer loop
      vertex 77.5613 72.7413 55
      vertex 77.759 72.5232 35
      vertex 77.759 72.5232 55
    endloop
  endfacet
  facet normal -0.857643 -0.514246 0
    outer loop
      vertex 78.0858 72.0342 35
      vertex 77.9344 72.2867 55
      vertex 77.9344 72.2867 35
    endloop
  endfacet
  facet normal -0.857643 -0.514246 0
    outer loop
      vertex 77.9344 72.2867 55
      vertex 78.0858 72.0342 35
      vertex 78.0858 72.0342 55
    endloop
  endfacet
  facet normal -0.146746 -0.989174 0
    outer loop
      vertex 75.7341 73.6056 35
      vertex 76.0253 73.5624 55
      vertex 75.7341 73.6056 55
    endloop
  endfacet
  facet normal -0.146746 -0.989174 -0
    outer loop
      vertex 76.0253 73.5624 55
      vertex 75.7341 73.6056 35
      vertex 76.0253 73.5624 35
    endloop
  endfacet
  facet normal -0.243175 -0.969982 0
    outer loop
      vertex 76.0253 73.5624 35
      vertex 76.3109 73.4908 55
      vertex 76.0253 73.5624 55
    endloop
  endfacet
  facet normal -0.243175 -0.969982 -0
    outer loop
      vertex 76.3109 73.4908 55
      vertex 76.0253 73.5624 35
      vertex 76.3109 73.4908 35
    endloop
  endfacet
  facet normal -0.0489044 -0.998803 0
    outer loop
      vertex 75.44 73.62 35
      vertex 75.7341 73.6056 55
      vertex 75.44 73.62 55
    endloop
  endfacet
  facet normal -0.0489044 -0.998803 -0
    outer loop
      vertex 75.7341 73.6056 55
      vertex 75.44 73.62 35
      vertex 75.7341 73.6056 35
    endloop
  endfacet
  facet normal -0.4274 -0.904063 0
    outer loop
      vertex 76.5881 73.3916 35
      vertex 76.8542 73.2658 55
      vertex 76.5881 73.3916 55
    endloop
  endfacet
  facet normal -0.4274 -0.904063 -0
    outer loop
      vertex 76.8542 73.2658 55
      vertex 76.5881 73.3916 35
      vertex 76.8542 73.2658 35
    endloop
  endfacet
  facet normal -0.595699 -0.803208 0
    outer loop
      vertex 77.1067 73.1144 35
      vertex 77.3432 72.939 55
      vertex 77.1067 73.1144 55
    endloop
  endfacet
  facet normal -0.595699 -0.803208 -0
    outer loop
      vertex 77.3432 72.939 55
      vertex 77.1067 73.1144 35
      vertex 77.3432 72.939 35
    endloop
  endfacet
  facet normal 0.989182 -0.146696 0
    outer loop
      vertex 72.4544 70.914 55
      vertex 72.4976 71.2053 35
      vertex 72.4976 71.2053 55
    endloop
  endfacet
  facet normal 0.989182 -0.146696 0
    outer loop
      vertex 72.4976 71.2053 35
      vertex 72.4544 70.914 55
      vertex 72.4544 70.914 35
    endloop
  endfacet
  facet normal 0 0 1
    outer loop
      vertex 78.4256 70.914 35
      vertex 78.4256 70.326 35
      vertex 78.44 70.62 35
    endloop
  endfacet
  facet normal 0 0 1
    outer loop
      vertex 78.3824 71.2053 35
      vertex 78.4256 70.326 35
      vertex 78.4256 70.914 35
    endloop
  endfacet
  facet normal 0 0 1
    outer loop
      vertex 78.3824 71.2053 35
      vertex 78.3824 70.0347 35
      vertex 78.4256 70.326 35
    endloop
  endfacet
  facet normal 0 0 1
    outer loop
      vertex 78.3108 71.4909 35
      vertex 78.3824 70.0347 35
      vertex 78.3824 71.2053 35
    endloop
  endfacet
  facet normal 0 0 1
    outer loop
      vertex 78.3108 71.4909 35
      vertex 78.3108 69.7491 35
      vertex 78.3824 70.0347 35
    endloop
  endfacet
  facet normal 0 0 1
    outer loop
      vertex 78.2116 71.7681 35
      vertex 78.3108 69.7491 35
      vertex 78.3108 71.4909 35
    endloop
  endfacet
  facet normal 0 0 1
    outer loop
      vertex 78.2116 71.7681 35
      vertex 78.2116 69.4719 35
      vertex 78.3108 69.7491 35
    endloop
  endfacet
  facet normal 0 0 1
    outer loop
      vertex 78.0858 72.0342 35
      vertex 78.2116 69.4719 35
      vertex 78.2116 71.7681 35
    endloop
  endfacet
  facet normal 0 0 1
    outer loop
      vertex 78.0858 72.0342 35
      vertex 78.0858 69.2058 35
      vertex 78.2116 69.4719 35
    endloop
  endfacet
  facet normal 0 0 1
    outer loop
      vertex 77.9344 72.2867 35
      vertex 78.0858 69.2058 35
      vertex 78.0858 72.0342 35
    endloop
  endfacet
  facet normal 0 0 1
    outer loop
      vertex 77.9344 72.2867 35
      vertex 77.9344 68.9533 35
      vertex 78.0858 69.2058 35
    endloop
  endfacet
  facet normal 0 0 1
    outer loop
      vertex 77.759 72.5232 35
      vertex 77.9344 68.9533 35
      vertex 77.9344 72.2867 35
    endloop
  endfacet
  facet normal 0 0 1
    outer loop
      vertex 77.759 72.5232 35
      vertex 77.759 68.7168 35
      vertex 77.9344 68.9533 35
    endloop
  endfacet
  facet normal 0 0 1
    outer loop
      vertex 77.5613 72.7413 35
      vertex 77.759 68.7168 35
      vertex 77.759 72.5232 35
    endloop
  endfacet
  facet normal 0 0 1
    outer loop
      vertex 77.5613 72.7413 35
      vertex 77.5613 68.4987 35
      vertex 77.759 68.7168 35
    endloop
  endfacet
  facet normal 0 0 1
    outer loop
      vertex 77.3432 72.939 35
      vertex 77.5613 68.4987 35
      vertex 77.5613 72.7413 35
    endloop
  endfacet
  facet normal 0 0 1
    outer loop
      vertex 77.3432 72.939 35
      vertex 77.3432 68.301 35
      vertex 77.5613 68.4987 35
    endloop
  endfacet
  facet normal 0 0 1
    outer loop
      vertex 77.1067 73.1144 35
      vertex 77.3432 68.301 35
      vertex 77.3432 72.939 35
    endloop
  endfacet
  facet normal 0 0 1
    outer loop
      vertex 77.1067 73.1144 35
      vertex 77.1067 68.1256 35
      vertex 77.3432 68.301 35
    endloop
  endfacet
  facet normal 0 0 1
    outer loop
      vertex 76.8542 73.2658 35
      vertex 77.1067 68.1256 35
      vertex 77.1067 73.1144 35
    endloop
  endfacet
  facet normal 0 0 1
    outer loop
      vertex 76.8542 73.2658 35
      vertex 76.8542 67.9742 35
      vertex 77.1067 68.1256 35
    endloop
  endfacet
  facet normal 0 0 1
    outer loop
      vertex 76.5881 73.3916 35
      vertex 76.8542 67.9742 35
      vertex 76.8542 73.2658 35
    endloop
  endfacet
  facet normal 0 0 1
    outer loop
      vertex 76.5881 73.3916 35
      vertex 76.5881 67.8484 35
      vertex 76.8542 67.9742 35
    endloop
  endfacet
  facet normal 0 0 1
    outer loop
      vertex 76.3109 73.4908 35
      vertex 76.5881 67.8484 35
      vertex 76.5881 73.3916 35
    endloop
  endfacet
  facet normal 0 0 1
    outer loop
      vertex 76.3109 73.4908 35
      vertex 76.3109 67.7492 35
      vertex 76.5881 67.8484 35
    endloop
  endfacet
  facet normal 0 0 1
    outer loop
      vertex 76.0253 73.5624 35
      vertex 76.3109 67.7492 35
      vertex 76.3109 73.4908 35
    endloop
  endfacet
  facet normal 0 0 1
    outer loop
      vertex 76.0253 73.5624 35
      vertex 76.0253 67.6776 35
      vertex 76.3109 67.7492 35
    endloop
  endfacet
  facet normal 0 0 1
    outer loop
      vertex 75.7341 73.6056 35
      vertex 76.0253 67.6776 35
      vertex 76.0253 73.5624 35
    endloop
  endfacet
  facet normal 0 0 1
    outer loop
      vertex 75.7341 73.6056 35
      vertex 75.7341 67.6344 35
      vertex 76.0253 67.6776 35
    endloop
  endfacet
  facet normal 0 0 1
    outer loop
      vertex 75.44 73.62 35
      vertex 75.7341 67.6344 35
      vertex 75.7341 73.6056 35
    endloop
  endfacet
  facet normal 0 0 1
    outer loop
      vertex 75.44 73.62 35
      vertex 75.44 67.62 35
      vertex 75.7341 67.6344 35
    endloop
  endfacet
  facet normal -0 0 1
    outer loop
      vertex 75.146 73.6056 35
      vertex 75.44 67.62 35
      vertex 75.44 73.62 35
    endloop
  endfacet
  facet normal 0 0 1
    outer loop
      vertex 75.146 73.6056 35
      vertex 75.146 67.6344 35
      vertex 75.44 67.62 35
    endloop
  endfacet
  facet normal -0 0 1
    outer loop
      vertex 74.8547 73.5624 35
      vertex 75.146 67.6344 35
      vertex 75.146 73.6056 35
    endloop
  endfacet
  facet normal 0 0 1
    outer loop
      vertex 74.8547 73.5624 35
      vertex 74.8547 67.6776 35
      vertex 75.146 67.6344 35
    endloop
  endfacet
  facet normal -0 0 1
    outer loop
      vertex 74.5691 73.4908 35
      vertex 74.8547 67.6776 35
      vertex 74.8547 73.5624 35
    endloop
  endfacet
  facet normal 0 0 1
    outer loop
      vertex 74.5691 73.4908 35
      vertex 74.5691 67.7492 35
      vertex 74.8547 67.6776 35
    endloop
  endfacet
  facet normal -0 0 1
    outer loop
      vertex 74.2919 73.3916 35
      vertex 74.5691 67.7492 35
      vertex 74.5691 73.4908 35
    endloop
  endfacet
  facet normal 0 0 1
    outer loop
      vertex 74.2919 73.3916 35
      vertex 74.2919 67.8484 35
      vertex 74.5691 67.7492 35
    endloop
  endfacet
  facet normal -0 0 1
    outer loop
      vertex 74.0258 73.2658 35
      vertex 74.2919 67.8484 35
      vertex 74.2919 73.3916 35
    endloop
  endfacet
  facet normal 0 0 1
    outer loop
      vertex 74.0258 73.2658 35
      vertex 74.0258 67.9742 35
      vertex 74.2919 67.8484 35
    endloop
  endfacet
  facet normal -0 0 1
    outer loop
      vertex 73.7733 73.1144 35
      vertex 74.0258 67.9742 35
      vertex 74.0258 73.2658 35
    endloop
  endfacet
  facet normal 0 0 1
    outer loop
      vertex 73.7733 73.1144 35
      vertex 73.7733 68.1256 35
      vertex 74.0258 67.9742 35
    endloop
  endfacet
  facet normal -0 0 1
    outer loop
      vertex 73.5368 72.939 35
      vertex 73.7733 68.1256 35
      vertex 73.7733 73.1144 35
    endloop
  endfacet
  facet normal 0 0 1
    outer loop
      vertex 73.5368 72.939 35
      vertex 73.5368 68.301 35
      vertex 73.7733 68.1256 35
    endloop
  endfacet
  facet normal -0 0 1
    outer loop
      vertex 73.3187 72.7413 35
      vertex 73.5368 68.301 35
      vertex 73.5368 72.939 35
    endloop
  endfacet
  facet normal 0 0 1
    outer loop
      vertex 73.3187 72.7413 35
      vertex 73.3187 68.4987 35
      vertex 73.5368 68.301 35
    endloop
  endfacet
  facet normal -0 0 1
    outer loop
      vertex 73.121 72.5232 35
      vertex 73.3187 68.4987 35
      vertex 73.3187 72.7413 35
    endloop
  endfacet
  facet normal 0 0 1
    outer loop
      vertex 73.121 72.5232 35
      vertex 73.121 68.7168 35
      vertex 73.3187 68.4987 35
    endloop
  endfacet
  facet normal -0 0 1
    outer loop
      vertex 72.9456 72.2867 35
      vertex 73.121 68.7168 35
      vertex 73.121 72.5232 35
    endloop
  endfacet
  facet normal 0 0 1
    outer loop
      vertex 72.9456 72.2867 35
      vertex 72.9456 68.9533 35
      vertex 73.121 68.7168 35
    endloop
  endfacet
  facet normal -0 0 1
    outer loop
      vertex 72.7942 72.0342 35
      vertex 72.9456 68.9533 35
      vertex 72.9456 72.2867 35
    endloop
  endfacet
  facet normal 0 0 1
    outer loop
      vertex 72.7942 72.0342 35
      vertex 72.7942 69.2058 35
      vertex 72.9456 68.9533 35
    endloop
  endfacet
  facet normal -0 0 1
    outer loop
      vertex 72.6684 71.7681 35
      vertex 72.7942 69.2058 35
      vertex 72.7942 72.0342 35
    endloop
  endfacet
  facet normal 0 0 1
    outer loop
      vertex 72.6684 71.7681 35
      vertex 72.6684 69.4719 35
      vertex 72.7942 69.2058 35
    endloop
  endfacet
  facet normal -0 0 1
    outer loop
      vertex 72.5692 71.4909 35
      vertex 72.6684 69.4719 35
      vertex 72.6684 71.7681 35
    endloop
  endfacet
  facet normal 0 0 1
    outer loop
      vertex 72.5692 71.4909 35
      vertex 72.5692 69.7491 35
      vertex 72.6684 69.4719 35
    endloop
  endfacet
  facet normal -0 0 1
    outer loop
      vertex 72.4976 71.2053 35
      vertex 72.5692 69.7491 35
      vertex 72.5692 71.4909 35
    endloop
  endfacet
  facet normal 0 0 1
    outer loop
      vertex 72.4976 71.2053 35
      vertex 72.4976 70.0347 35
      vertex 72.5692 69.7491 35
    endloop
  endfacet
  facet normal -0 0 1
    outer loop
      vertex 72.4544 70.914 35
      vertex 72.4976 70.0347 35
      vertex 72.4976 71.2053 35
    endloop
  endfacet
  facet normal 0 0 1
    outer loop
      vertex 72.4544 70.914 35
      vertex 72.4544 70.326 35
      vertex 72.4976 70.0347 35
    endloop
  endfacet
  facet normal 0 -0 1
    outer loop
      vertex 72.4544 70.326 35
      vertex 72.4544 70.914 35
      vertex 72.44 70.62 35
    endloop
  endfacet
  facet normal 0.857643 -0.514246 0
    outer loop
      vertex 72.7942 72.0342 55
      vertex 72.9456 72.2867 35
      vertex 72.9456 72.2867 55
    endloop
  endfacet
  facet normal 0.857643 -0.514246 0
    outer loop
      vertex 72.9456 72.2867 35
      vertex 72.7942 72.0342 55
      vertex 72.7942 72.0342 35
    endloop
  endfacet
  facet normal 0.803208 -0.595699 0
    outer loop
      vertex 72.9456 72.2867 55
      vertex 73.121 72.5232 35
      vertex 73.121 72.5232 55
    endloop
  endfacet
  facet normal 0.803208 -0.595699 0
    outer loop
      vertex 73.121 72.5232 35
      vertex 72.9456 72.2867 55
      vertex 72.9456 72.2867 35
    endloop
  endfacet
  facet normal 0.904063 -0.4274 0
    outer loop
      vertex 72.6684 71.7681 55
      vertex 72.7942 72.0342 35
      vertex 72.7942 72.0342 55
    endloop
  endfacet
  facet normal 0.904063 -0.4274 0
    outer loop
      vertex 72.7942 72.0342 35
      vertex 72.6684 71.7681 55
      vertex 72.6684 71.7681 35
    endloop
  endfacet
  facet normal 0.969982 -0.243175 0
    outer loop
      vertex 72.4976 71.2053 55
      vertex 72.5692 71.4909 35
      vertex 72.5692 71.4909 55
    endloop
  endfacet
  facet normal 0.969982 -0.243175 0
    outer loop
      vertex 72.5692 71.4909 35
      vertex 72.4976 71.2053 55
      vertex 72.4976 71.2053 35
    endloop
  endfacet
  facet normal 0.998803 -0.0489209 0
    outer loop
      vertex 72.44 70.62 55
      vertex 72.4544 70.914 35
      vertex 72.4544 70.914 55
    endloop
  endfacet
  facet normal 0.998803 -0.0489209 0
    outer loop
      vertex 72.4544 70.914 35
      vertex 72.44 70.62 55
      vertex 72.44 70.62 35
    endloop
  endfacet
  facet normal 0.595699 -0.803208 0
    outer loop
      vertex 73.5368 72.939 35
      vertex 73.7733 73.1144 55
      vertex 73.5368 72.939 55
    endloop
  endfacet
  facet normal 0.595699 -0.803208 0
    outer loop
      vertex 73.7733 73.1144 55
      vertex 73.5368 72.939 35
      vertex 73.7733 73.1144 35
    endloop
  endfacet
  facet normal 0.514246 -0.857643 0
    outer loop
      vertex 73.7733 73.1144 35
      vertex 74.0258 73.2658 55
      vertex 73.7733 73.1144 55
    endloop
  endfacet
  facet normal 0.514246 -0.857643 0
    outer loop
      vertex 74.0258 73.2658 55
      vertex 73.7733 73.1144 35
      vertex 74.0258 73.2658 35
    endloop
  endfacet
  facet normal 0.671607 -0.740908 0
    outer loop
      vertex 73.3187 72.7413 35
      vertex 73.5368 72.939 55
      vertex 73.3187 72.7413 55
    endloop
  endfacet
  facet normal 0.671607 -0.740908 0
    outer loop
      vertex 73.5368 72.939 55
      vertex 73.3187 72.7413 35
      vertex 73.5368 72.939 35
    endloop
  endfacet
  facet normal 0.336939 -0.941527 0
    outer loop
      vertex 74.2919 73.3916 35
      vertex 74.5691 73.4908 55
      vertex 74.2919 73.3916 55
    endloop
  endfacet
  facet normal 0.336939 -0.941527 0
    outer loop
      vertex 74.5691 73.4908 55
      vertex 74.2919 73.3916 35
      vertex 74.5691 73.4908 35
    endloop
  endfacet
  facet normal 0.146696 -0.989182 0
    outer loop
      vertex 74.8547 73.5624 35
      vertex 75.146 73.6056 55
      vertex 74.8547 73.5624 55
    endloop
  endfacet
  facet normal 0.146696 -0.989182 0
    outer loop
      vertex 75.146 73.6056 55
      vertex 74.8547 73.5624 35
      vertex 75.146 73.6056 35
    endloop
  endfacet
  facet normal -0.146746 0.989174 0
    outer loop
      vertex 76.0253 67.6776 35
      vertex 75.7341 67.6344 55
      vertex 76.0253 67.6776 55
    endloop
  endfacet
  facet normal -0.146746 0.989174 0
    outer loop
      vertex 75.7341 67.6344 55
      vertex 76.0253 67.6776 35
      vertex 75.7341 67.6344 35
    endloop
  endfacet
  facet normal -0.336939 0.941527 0
    outer loop
      vertex 76.5881 67.8484 35
      vertex 76.3109 67.7492 55
      vertex 76.5881 67.8484 55
    endloop
  endfacet
  facet normal -0.336939 0.941527 0
    outer loop
      vertex 76.3109 67.7492 55
      vertex 76.5881 67.8484 35
      vertex 76.3109 67.7492 35
    endloop
  endfacet
  facet normal -0.671607 0.740908 0
    outer loop
      vertex 77.5613 68.4987 35
      vertex 77.3432 68.301 55
      vertex 77.5613 68.4987 55
    endloop
  endfacet
  facet normal -0.671607 0.740908 0
    outer loop
      vertex 77.3432 68.301 55
      vertex 77.5613 68.4987 35
      vertex 77.3432 68.301 35
    endloop
  endfacet
  facet normal -0.514246 0.857643 0
    outer loop
      vertex 77.1067 68.1256 35
      vertex 76.8542 67.9742 55
      vertex 77.1067 68.1256 55
    endloop
  endfacet
  facet normal -0.514246 0.857643 0
    outer loop
      vertex 76.8542 67.9742 55
      vertex 77.1067 68.1256 35
      vertex 76.8542 67.9742 35
    endloop
  endfacet
  facet normal -0.803208 0.595699 0
    outer loop
      vertex 77.759 68.7168 35
      vertex 77.9344 68.9533 55
      vertex 77.9344 68.9533 35
    endloop
  endfacet
  facet normal -0.803208 0.595699 0
    outer loop
      vertex 77.9344 68.9533 55
      vertex 77.759 68.7168 35
      vertex 77.759 68.7168 55
    endloop
  endfacet
  facet normal -0.904063 0.4274 0
    outer loop
      vertex 78.0858 69.2058 35
      vertex 78.2116 69.4719 55
      vertex 78.2116 69.4719 35
    endloop
  endfacet
  facet normal -0.904063 0.4274 0
    outer loop
      vertex 78.2116 69.4719 55
      vertex 78.0858 69.2058 35
      vertex 78.0858 69.2058 55
    endloop
  endfacet
  facet normal 0.595699 0.803208 -0
    outer loop
      vertex 73.7733 68.1256 35
      vertex 73.5368 68.301 55
      vertex 73.7733 68.1256 55
    endloop
  endfacet
  facet normal 0.595699 0.803208 0
    outer loop
      vertex 73.5368 68.301 55
      vertex 73.7733 68.1256 35
      vertex 73.5368 68.301 35
    endloop
  endfacet
  facet normal 0.4274 0.904063 -0
    outer loop
      vertex 74.2919 67.8484 35
      vertex 74.0258 67.9742 55
      vertex 74.2919 67.8484 55
    endloop
  endfacet
  facet normal 0.4274 0.904063 0
    outer loop
      vertex 74.0258 67.9742 55
      vertex 74.2919 67.8484 35
      vertex 74.0258 67.9742 35
    endloop
  endfacet
  facet normal 0.243175 0.969982 -0
    outer loop
      vertex 74.8547 67.6776 35
      vertex 74.5691 67.7492 55
      vertex 74.8547 67.6776 55
    endloop
  endfacet
  facet normal 0.243175 0.969982 0
    outer loop
      vertex 74.5691 67.7492 55
      vertex 74.8547 67.6776 35
      vertex 74.5691 67.7492 35
    endloop
  endfacet
  facet normal 0.0489209 0.998803 -0
    outer loop
      vertex 75.44 67.62 35
      vertex 75.146 67.6344 55
      vertex 75.44 67.62 55
    endloop
  endfacet
  facet normal 0.0489209 0.998803 0
    outer loop
      vertex 75.146 67.6344 55
      vertex 75.44 67.62 35
      vertex 75.146 67.6344 35
    endloop
  endfacet
  facet normal 0.803208 0.595699 0
    outer loop
      vertex 73.121 68.7168 55
      vertex 72.9456 68.9533 35
      vertex 72.9456 68.9533 55
    endloop
  endfacet
  facet normal 0.803208 0.595699 0
    outer loop
      vertex 72.9456 68.9533 35
      vertex 73.121 68.7168 55
      vertex 73.121 68.7168 35
    endloop
  endfacet
  facet normal 0.857643 0.514246 0
    outer loop
      vertex 72.9456 68.9533 55
      vertex 72.7942 69.2058 35
      vertex 72.7942 69.2058 55
    endloop
  endfacet
  facet normal 0.857643 0.514246 0
    outer loop
      vertex 72.7942 69.2058 35
      vertex 72.9456 68.9533 55
      vertex 72.9456 68.9533 35
    endloop
  endfacet
  facet normal 0.740908 0.671607 0
    outer loop
      vertex 73.3187 68.4987 55
      vertex 73.121 68.7168 35
      vertex 73.121 68.7168 55
    endloop
  endfacet
  facet normal 0.740908 0.671607 0
    outer loop
      vertex 73.121 68.7168 35
      vertex 73.3187 68.4987 55
      vertex 73.3187 68.4987 35
    endloop
  endfacet
  facet normal 0.941527 0.336939 0
    outer loop
      vertex 72.6684 69.4719 55
      vertex 72.5692 69.7491 35
      vertex 72.5692 69.7491 55
    endloop
  endfacet
  facet normal 0.941527 0.336939 0
    outer loop
      vertex 72.5692 69.7491 35
      vertex 72.6684 69.4719 55
      vertex 72.6684 69.4719 35
    endloop
  endfacet
  facet normal 0.904063 0.4274 0
    outer loop
      vertex 72.7942 69.2058 55
      vertex 72.6684 69.4719 35
      vertex 72.6684 69.4719 55
    endloop
  endfacet
  facet normal 0.904063 0.4274 0
    outer loop
      vertex 72.6684 69.4719 35
      vertex 72.7942 69.2058 55
      vertex 72.7942 69.2058 35
    endloop
  endfacet
  facet normal 0.989182 0.146696 0
    outer loop
      vertex 72.4976 70.0347 55
      vertex 72.4544 70.326 35
      vertex 72.4544 70.326 55
    endloop
  endfacet
  facet normal 0.989182 0.146696 0
    outer loop
      vertex 72.4544 70.326 35
      vertex 72.4976 70.0347 55
      vertex 72.4976 70.0347 35
    endloop
  endfacet
  facet normal 0.998803 0.0489209 0
    outer loop
      vertex 72.4544 70.326 55
      vertex 72.44 70.62 35
      vertex 72.44 70.62 55
    endloop
  endfacet
  facet normal 0.998803 0.0489209 0
    outer loop
      vertex 72.44 70.62 35
      vertex 72.4544 70.326 55
      vertex 72.4544 70.326 35
    endloop
  endfacet
  facet normal -0.243175 0.969982 0
    outer loop
      vertex 76.3109 67.7492 35
      vertex 76.0253 67.6776 55
      vertex 76.3109 67.7492 55
    endloop
  endfacet
  facet normal -0.243175 0.969982 0
    outer loop
      vertex 76.0253 67.6776 55
      vertex 76.3109 67.7492 35
      vertex 76.0253 67.6776 35
    endloop
  endfacet
  facet normal -0.4274 0.904063 0
    outer loop
      vertex 76.8542 67.9742 35
      vertex 76.5881 67.8484 55
      vertex 76.8542 67.9742 55
    endloop
  endfacet
  facet normal -0.4274 0.904063 0
    outer loop
      vertex 76.5881 67.8484 55
      vertex 76.8542 67.9742 35
      vertex 76.5881 67.8484 35
    endloop
  endfacet
  facet normal -0.740908 0.671607 0
    outer loop
      vertex 77.5613 68.4987 35
      vertex 77.759 68.7168 55
      vertex 77.759 68.7168 35
    endloop
  endfacet
  facet normal -0.740908 0.671607 0
    outer loop
      vertex 77.759 68.7168 55
      vertex 77.5613 68.4987 35
      vertex 77.5613 68.4987 55
    endloop
  endfacet
  facet normal -0.595699 0.803208 0
    outer loop
      vertex 77.3432 68.301 35
      vertex 77.1067 68.1256 55
      vertex 77.3432 68.301 55
    endloop
  endfacet
  facet normal -0.595699 0.803208 0
    outer loop
      vertex 77.1067 68.1256 55
      vertex 77.3432 68.301 35
      vertex 77.1067 68.1256 35
    endloop
  endfacet
  facet normal -0.857643 0.514246 0
    outer loop
      vertex 77.9344 68.9533 35
      vertex 78.0858 69.2058 55
      vertex 78.0858 69.2058 35
    endloop
  endfacet
  facet normal -0.857643 0.514246 0
    outer loop
      vertex 78.0858 69.2058 55
      vertex 77.9344 68.9533 35
      vertex 77.9344 68.9533 55
    endloop
  endfacet
  facet normal -0.941527 0.336939 0
    outer loop
      vertex 78.2116 69.4719 35
      vertex 78.3108 69.7491 55
      vertex 78.3108 69.7491 35
    endloop
  endfacet
  facet normal -0.941527 0.336939 0
    outer loop
      vertex 78.3108 69.7491 55
      vertex 78.2116 69.4719 35
      vertex 78.2116 69.4719 55
    endloop
  endfacet
  facet normal -0.989182 0.146696 0
    outer loop
      vertex 78.3824 70.0347 35
      vertex 78.4256 70.326 55
      vertex 78.4256 70.326 35
    endloop
  endfacet
  facet normal -0.989182 0.146696 0
    outer loop
      vertex 78.4256 70.326 55
      vertex 78.3824 70.0347 35
      vertex 78.3824 70.0347 55
    endloop
  endfacet
  facet normal 0.514246 0.857643 -0
    outer loop
      vertex 74.0258 67.9742 35
      vertex 73.7733 68.1256 55
      vertex 74.0258 67.9742 55
    endloop
  endfacet
  facet normal 0.514246 0.857643 0
    outer loop
      vertex 73.7733 68.1256 55
      vertex 74.0258 67.9742 35
      vertex 73.7733 68.1256 35
    endloop
  endfacet
  facet normal 0.336939 0.941527 -0
    outer loop
      vertex 74.5691 67.7492 35
      vertex 74.2919 67.8484 55
      vertex 74.5691 67.7492 55
    endloop
  endfacet
  facet normal 0.336939 0.941527 0
    outer loop
      vertex 74.2919 67.8484 55
      vertex 74.5691 67.7492 35
      vertex 74.2919 67.8484 35
    endloop
  endfacet
  facet normal 0.146696 0.989182 -0
    outer loop
      vertex 75.146 67.6344 35
      vertex 74.8547 67.6776 55
      vertex 75.146 67.6344 55
    endloop
  endfacet
  facet normal 0.146696 0.989182 0
    outer loop
      vertex 74.8547 67.6776 55
      vertex 75.146 67.6344 35
      vertex 74.8547 67.6776 35
    endloop
  endfacet
  facet normal -0.0489044 0.998803 0
    outer loop
      vertex 75.7341 67.6344 35
      vertex 75.44 67.62 55
      vertex 75.7341 67.6344 55
    endloop
  endfacet
  facet normal -0.0489044 0.998803 0
    outer loop
      vertex 75.44 67.62 55
      vertex 75.7341 67.6344 35
      vertex 75.44 67.62 35
    endloop
  endfacet
  facet normal 0.969982 0.243175 0
    outer loop
      vertex 72.5692 69.7491 55
      vertex 72.4976 70.0347 35
      vertex 72.4976 70.0347 55
    endloop
  endfacet
  facet normal 0.969982 0.243175 0
    outer loop
      vertex 72.4976 70.0347 35
      vertex 72.5692 69.7491 55
      vertex 72.5692 69.7491 35
    endloop
  endfacet
  facet normal -0.998803 0.0489209 0
    outer loop
      vertex 78.4256 70.326 35
      vertex 78.44 70.62 55
      vertex 78.44 70.62 35
    endloop
  endfacet
  facet normal -0.998803 0.0489209 0
    outer loop
      vertex 78.44 70.62 55
      vertex 78.4256 70.326 35
      vertex 78.4256 70.326 55
    endloop
  endfacet
  facet normal -0.998787 -0.0492431 0
    outer loop
      vertex 98 11.94 35
      vertex 97.9855 12.2341 55
      vertex 97.9855 12.2341 35
    endloop
  endfacet
  facet normal -0.998787 -0.0492431 0
    outer loop
      vertex 97.9855 12.2341 55
      vertex 98 11.94 35
      vertex 98 11.94 55
    endloop
  endfacet
  facet normal 0.0489044 -0.998803 0
    outer loop
      vertex 94.7059 14.9256 35
      vertex 95 14.94 55
      vertex 94.7059 14.9256 55
    endloop
  endfacet
  facet normal 0.0489044 -0.998803 0
    outer loop
      vertex 95 14.94 55
      vertex 94.7059 14.9256 35
      vertex 95 14.94 35
    endloop
  endfacet
  facet normal -0.0490399 0.998797 0
    outer loop
      vertex 95.2941 8.95444 35
      vertex 95 8.94 55
      vertex 95.2941 8.95444 55
    endloop
  endfacet
  facet normal -0.0490399 0.998797 0
    outer loop
      vertex 95 8.94 55
      vertex 95.2941 8.95444 35
      vertex 95 8.94 35
    endloop
  endfacet
  facet normal -0.671607 -0.740908 0
    outer loop
      vertex 96.9032 14.259 35
      vertex 97.1213 14.0613 55
      vertex 96.9032 14.259 55
    endloop
  endfacet
  facet normal -0.671607 -0.740908 -0
    outer loop
      vertex 97.1213 14.0613 55
      vertex 96.9032 14.259 35
      vertex 97.1213 14.0613 35
    endloop
  endfacet
  facet normal 0.740908 -0.671607 0
    outer loop
      vertex 92.681 13.8432 55
      vertex 92.8787 14.0613 35
      vertex 92.8787 14.0613 55
    endloop
  endfacet
  facet normal 0.740908 -0.671607 0
    outer loop
      vertex 92.8787 14.0613 35
      vertex 92.681 13.8432 55
      vertex 92.681 13.8432 35
    endloop
  endfacet
  facet normal 0.427269 -0.904125 0
    outer loop
      vertex 93.5858 14.5858 35
      vertex 93.852 14.7116 55
      vertex 93.5858 14.5858 55
    endloop
  endfacet
  facet normal 0.427269 -0.904125 0
    outer loop
      vertex 93.852 14.7116 55
      vertex 93.5858 14.5858 35
      vertex 93.852 14.7116 35
    endloop
  endfacet
  facet normal 0.941527 0.336939 0
    outer loop
      vertex 92.2284 10.7919 55
      vertex 92.1292 11.0691 35
      vertex 92.1292 11.0691 55
    endloop
  endfacet
  facet normal 0.941527 0.336939 0
    outer loop
      vertex 92.1292 11.0691 35
      vertex 92.2284 10.7919 55
      vertex 92.2284 10.7919 35
    endloop
  endfacet
  facet normal -0.904125 -0.427269 0
    outer loop
      vertex 97.7716 13.088 35
      vertex 97.6458 13.3542 55
      vertex 97.6458 13.3542 35
    endloop
  endfacet
  facet normal -0.904125 -0.427269 0
    outer loop
      vertex 97.6458 13.3542 55
      vertex 97.7716 13.088 35
      vertex 97.7716 13.088 55
    endloop
  endfacet
  facet normal -0.336939 -0.941527 0
    outer loop
      vertex 95.8708 14.8108 35
      vertex 96.148 14.7116 55
      vertex 95.8708 14.8108 55
    endloop
  endfacet
  facet normal -0.336939 -0.941527 -0
    outer loop
      vertex 96.148 14.7116 55
      vertex 95.8708 14.8108 35
      vertex 96.148 14.7116 35
    endloop
  endfacet
  facet normal 0.904125 -0.427269 0
    outer loop
      vertex 92.2284 13.088 55
      vertex 92.3542 13.3542 35
      vertex 92.3542 13.3542 55
    endloop
  endfacet
  facet normal 0.904125 -0.427269 0
    outer loop
      vertex 92.3542 13.3542 35
      vertex 92.2284 13.088 55
      vertex 92.2284 13.088 35
    endloop
  endfacet
  facet normal 0.857643 -0.514246 0
    outer loop
      vertex 92.3542 13.3542 55
      vertex 92.5056 13.6067 35
      vertex 92.5056 13.6067 55
    endloop
  endfacet
  facet normal 0.857643 -0.514246 0
    outer loop
      vertex 92.5056 13.6067 35
      vertex 92.3542 13.3542 55
      vertex 92.3542 13.3542 35
    endloop
  endfacet
  facet normal 0.243175 -0.969982 0
    outer loop
      vertex 94.1291 14.8108 35
      vertex 94.4147 14.8824 55
      vertex 94.1291 14.8108 55
    endloop
  endfacet
  facet normal 0.243175 -0.969982 0
    outer loop
      vertex 94.4147 14.8824 55
      vertex 94.1291 14.8108 35
      vertex 94.4147 14.8824 35
    endloop
  endfacet
  facet normal -0.904063 0.4274 0
    outer loop
      vertex 97.6458 10.5258 35
      vertex 97.7716 10.7919 55
      vertex 97.7716 10.7919 35
    endloop
  endfacet
  facet normal -0.904063 0.4274 0
    outer loop
      vertex 97.7716 10.7919 55
      vertex 97.6458 10.5258 35
      vertex 97.6458 10.5258 55
    endloop
  endfacet
  facet normal -0.336879 0.941548 0
    outer loop
      vertex 96.148 9.16836 35
      vertex 95.8708 9.06918 55
      vertex 96.148 9.16836 55
    endloop
  endfacet
  facet normal -0.336879 0.941548 0
    outer loop
      vertex 95.8708 9.06918 55
      vertex 96.148 9.16836 35
      vertex 95.8708 9.06918 35
    endloop
  endfacet
  facet normal -0.740938 0.671573 0
    outer loop
      vertex 97.1213 9.81868 35
      vertex 97.319 10.0368 55
      vertex 97.319 10.0368 35
    endloop
  endfacet
  facet normal -0.740938 0.671573 0
    outer loop
      vertex 97.319 10.0368 55
      vertex 97.1213 9.81868 35
      vertex 97.1213 9.81868 55
    endloop
  endfacet
  facet normal -0.969982 0.243175 0
    outer loop
      vertex 97.8708 11.0691 35
      vertex 97.9424 11.3547 55
      vertex 97.9424 11.3547 35
    endloop
  endfacet
  facet normal -0.969982 0.243175 0
    outer loop
      vertex 97.9424 11.3547 55
      vertex 97.8708 11.0691 35
      vertex 97.8708 11.0691 55
    endloop
  endfacet
  facet normal 0.242983 0.970031 -0
    outer loop
      vertex 94.4147 8.99764 35
      vertex 94.1291 9.06918 55
      vertex 94.4147 8.99764 55
    endloop
  endfacet
  facet normal 0.242983 0.970031 0
    outer loop
      vertex 94.1291 9.06918 55
      vertex 94.4147 8.99764 35
      vertex 94.1291 9.06918 35
    endloop
  endfacet
  facet normal 0.671625 0.740891 -0
    outer loop
      vertex 93.0968 9.62097 35
      vertex 92.8787 9.81868 55
      vertex 93.0968 9.62097 55
    endloop
  endfacet
  facet normal 0.671625 0.740891 0
    outer loop
      vertex 92.8787 9.81868 55
      vertex 93.0968 9.62097 35
      vertex 92.8787 9.81868 35
    endloop
  endfacet
  facet normal -0.969982 -0.243175 0
    outer loop
      vertex 97.9424 12.5253 35
      vertex 97.8708 12.8109 55
      vertex 97.8708 12.8109 35
    endloop
  endfacet
  facet normal -0.969982 -0.243175 0
    outer loop
      vertex 97.8708 12.8109 55
      vertex 97.9424 12.5253 35
      vertex 97.9424 12.5253 55
    endloop
  endfacet
  facet normal -0.989224 -0.146413 0
    outer loop
      vertex 97.9855 12.2341 35
      vertex 97.9424 12.5253 55
      vertex 97.9424 12.5253 35
    endloop
  endfacet
  facet normal -0.989224 -0.146413 0
    outer loop
      vertex 97.9424 12.5253 55
      vertex 97.9855 12.2341 35
      vertex 97.9855 12.2341 55
    endloop
  endfacet
  facet normal -0.941488 -0.337047 0
    outer loop
      vertex 97.8708 12.8109 35
      vertex 97.7716 13.088 55
      vertex 97.7716 13.088 35
    endloop
  endfacet
  facet normal -0.941488 -0.337047 0
    outer loop
      vertex 97.7716 13.088 55
      vertex 97.8708 12.8109 35
      vertex 97.8708 12.8109 55
    endloop
  endfacet
  facet normal -0.803208 -0.595699 0
    outer loop
      vertex 97.4944 13.6067 35
      vertex 97.319 13.8432 55
      vertex 97.319 13.8432 35
    endloop
  endfacet
  facet normal -0.803208 -0.595699 0
    outer loop
      vertex 97.319 13.8432 55
      vertex 97.4944 13.6067 35
      vertex 97.4944 13.6067 55
    endloop
  endfacet
  facet normal -0.857643 -0.514246 0
    outer loop
      vertex 97.6458 13.3542 35
      vertex 97.4944 13.6067 55
      vertex 97.4944 13.6067 35
    endloop
  endfacet
  facet normal -0.857643 -0.514246 0
    outer loop
      vertex 97.4944 13.6067 55
      vertex 97.6458 13.3542 35
      vertex 97.6458 13.3542 55
    endloop
  endfacet
  facet normal -0.146746 -0.989174 0
    outer loop
      vertex 95.2941 14.9256 35
      vertex 95.5853 14.8824 55
      vertex 95.2941 14.9256 55
    endloop
  endfacet
  facet normal -0.146746 -0.989174 -0
    outer loop
      vertex 95.5853 14.8824 55
      vertex 95.2941 14.9256 35
      vertex 95.5853 14.8824 35
    endloop
  endfacet
  facet normal -0.0489044 -0.998803 0
    outer loop
      vertex 95 14.94 35
      vertex 95.2941 14.9256 55
      vertex 95 14.94 55
    endloop
  endfacet
  facet normal -0.0489044 -0.998803 -0
    outer loop
      vertex 95.2941 14.9256 55
      vertex 95 14.94 35
      vertex 95.2941 14.9256 35
    endloop
  endfacet
  facet normal -0.514246 -0.857643 0
    outer loop
      vertex 96.4142 14.5858 35
      vertex 96.6667 14.4344 55
      vertex 96.4142 14.5858 55
    endloop
  endfacet
  facet normal -0.514246 -0.857643 -0
    outer loop
      vertex 96.6667 14.4344 55
      vertex 96.4142 14.5858 35
      vertex 96.6667 14.4344 35
    endloop
  endfacet
  facet normal -0.595699 -0.803208 0
    outer loop
      vertex 96.6667 14.4344 35
      vertex 96.9032 14.259 55
      vertex 96.6667 14.4344 55
    endloop
  endfacet
  facet normal -0.595699 -0.803208 -0
    outer loop
      vertex 96.9032 14.259 55
      vertex 96.6667 14.4344 35
      vertex 96.9032 14.259 35
    endloop
  endfacet
  facet normal 0.989174 -0.146746 0
    outer loop
      vertex 92.0144 12.2341 55
      vertex 92.0576 12.5253 35
      vertex 92.0576 12.5253 55
    endloop
  endfacet
  facet normal 0.989174 -0.146746 0
    outer loop
      vertex 92.0576 12.5253 35
      vertex 92.0144 12.2341 55
      vertex 92.0144 12.2341 35
    endloop
  endfacet
  facet normal 0 0 1
    outer loop
      vertex 97.9855 12.2341 35
      vertex 97.9855 11.6459 35
      vertex 98 11.94 35
    endloop
  endfacet
  facet normal 0 0 1
    outer loop
      vertex 97.9424 12.5253 35
      vertex 97.9855 11.6459 35
      vertex 97.9855 12.2341 35
    endloop
  endfacet
  facet normal 0 0 1
    outer loop
      vertex 97.9424 12.5253 35
      vertex 97.9424 11.3547 35
      vertex 97.9855 11.6459 35
    endloop
  endfacet
  facet normal 0 0 1
    outer loop
      vertex 97.8708 12.8109 35
      vertex 97.9424 11.3547 35
      vertex 97.9424 12.5253 35
    endloop
  endfacet
  facet normal 0 0 1
    outer loop
      vertex 97.8708 12.8109 35
      vertex 97.8708 11.0691 35
      vertex 97.9424 11.3547 35
    endloop
  endfacet
  facet normal 0 0 1
    outer loop
      vertex 97.7716 13.088 35
      vertex 97.8708 11.0691 35
      vertex 97.8708 12.8109 35
    endloop
  endfacet
  facet normal 0 0 1
    outer loop
      vertex 97.7716 13.088 35
      vertex 97.7716 10.7919 35
      vertex 97.8708 11.0691 35
    endloop
  endfacet
  facet normal 0 0 1
    outer loop
      vertex 97.6458 13.3542 35
      vertex 97.7716 10.7919 35
      vertex 97.7716 13.088 35
    endloop
  endfacet
  facet normal 0 0 1
    outer loop
      vertex 97.6458 13.3542 35
      vertex 97.6458 10.5258 35
      vertex 97.7716 10.7919 35
    endloop
  endfacet
  facet normal 0 0 1
    outer loop
      vertex 97.4944 13.6067 35
      vertex 97.6458 10.5258 35
      vertex 97.6458 13.3542 35
    endloop
  endfacet
  facet normal 0 0 1
    outer loop
      vertex 97.4944 13.6067 35
      vertex 97.4944 10.2733 35
      vertex 97.6458 10.5258 35
    endloop
  endfacet
  facet normal 0 0 1
    outer loop
      vertex 97.319 13.8432 35
      vertex 97.4944 10.2733 35
      vertex 97.4944 13.6067 35
    endloop
  endfacet
  facet normal 0 0 1
    outer loop
      vertex 97.319 13.8432 35
      vertex 97.319 10.0368 35
      vertex 97.4944 10.2733 35
    endloop
  endfacet
  facet normal 0 0 1
    outer loop
      vertex 97.1213 14.0613 35
      vertex 97.319 10.0368 35
      vertex 97.319 13.8432 35
    endloop
  endfacet
  facet normal 0 0 1
    outer loop
      vertex 97.1213 14.0613 35
      vertex 97.1213 9.81868 35
      vertex 97.319 10.0368 35
    endloop
  endfacet
  facet normal 0 0 1
    outer loop
      vertex 96.9032 14.259 35
      vertex 97.1213 9.81868 35
      vertex 97.1213 14.0613 35
    endloop
  endfacet
  facet normal 0 0 1
    outer loop
      vertex 96.9032 14.259 35
      vertex 96.9032 9.62097 35
      vertex 97.1213 9.81868 35
    endloop
  endfacet
  facet normal 0 0 1
    outer loop
      vertex 96.6667 14.4344 35
      vertex 96.9032 9.62097 35
      vertex 96.9032 14.259 35
    endloop
  endfacet
  facet normal 0 0 1
    outer loop
      vertex 96.6667 14.4344 35
      vertex 96.6667 9.44559 35
      vertex 96.9032 9.62097 35
    endloop
  endfacet
  facet normal 0 0 1
    outer loop
      vertex 96.4142 14.5858 35
      vertex 96.6667 9.44559 35
      vertex 96.6667 14.4344 35
    endloop
  endfacet
  facet normal 0 0 1
    outer loop
      vertex 96.4142 14.5858 35
      vertex 96.4142 9.29424 35
      vertex 96.6667 9.44559 35
    endloop
  endfacet
  facet normal 0 0 1
    outer loop
      vertex 96.148 14.7116 35
      vertex 96.4142 9.29424 35
      vertex 96.4142 14.5858 35
    endloop
  endfacet
  facet normal 0 0 1
    outer loop
      vertex 96.148 14.7116 35
      vertex 96.148 9.16836 35
      vertex 96.4142 9.29424 35
    endloop
  endfacet
  facet normal 0 0 1
    outer loop
      vertex 95.8708 14.8108 35
      vertex 96.148 9.16836 35
      vertex 96.148 14.7116 35
    endloop
  endfacet
  facet normal 0 0 1
    outer loop
      vertex 95.8708 14.8108 35
      vertex 95.8708 9.06918 35
      vertex 96.148 9.16836 35
    endloop
  endfacet
  facet normal 0 0 1
    outer loop
      vertex 95.5853 14.8824 35
      vertex 95.8708 9.06918 35
      vertex 95.8708 14.8108 35
    endloop
  endfacet
  facet normal 0 0 1
    outer loop
      vertex 95.5853 14.8824 35
      vertex 95.5853 8.99764 35
      vertex 95.8708 9.06918 35
    endloop
  endfacet
  facet normal 0 0 1
    outer loop
      vertex 95.2941 14.9256 35
      vertex 95.5853 8.99764 35
      vertex 95.5853 14.8824 35
    endloop
  endfacet
  facet normal 0 0 1
    outer loop
      vertex 95.2941 14.9256 35
      vertex 95.2941 8.95444 35
      vertex 95.5853 8.99764 35
    endloop
  endfacet
  facet normal 0 0 1
    outer loop
      vertex 95 14.94 35
      vertex 95.2941 8.95444 35
      vertex 95.2941 14.9256 35
    endloop
  endfacet
  facet normal 0 0 1
    outer loop
      vertex 95 14.94 35
      vertex 95 8.94 35
      vertex 95.2941 8.95444 35
    endloop
  endfacet
  facet normal -0 0 1
    outer loop
      vertex 94.7059 14.9256 35
      vertex 95 8.94 35
      vertex 95 14.94 35
    endloop
  endfacet
  facet normal 0 0 1
    outer loop
      vertex 94.7059 14.9256 35
      vertex 94.7059 8.95444 35
      vertex 95 8.94 35
    endloop
  endfacet
  facet normal -0 0 1
    outer loop
      vertex 94.4147 14.8824 35
      vertex 94.7059 8.95444 35
      vertex 94.7059 14.9256 35
    endloop
  endfacet
  facet normal 0 0 1
    outer loop
      vertex 94.4147 14.8824 35
      vertex 94.4147 8.99764 35
      vertex 94.7059 8.95444 35
    endloop
  endfacet
  facet normal -0 0 1
    outer loop
      vertex 94.1291 14.8108 35
      vertex 94.4147 8.99764 35
      vertex 94.4147 14.8824 35
    endloop
  endfacet
  facet normal 0 0 1
    outer loop
      vertex 94.1291 14.8108 35
      vertex 94.1291 9.06918 35
      vertex 94.4147 8.99764 35
    endloop
  endfacet
  facet normal -0 0 1
    outer loop
      vertex 93.852 14.7116 35
      vertex 94.1291 9.06918 35
      vertex 94.1291 14.8108 35
    endloop
  endfacet
  facet normal 0 0 1
    outer loop
      vertex 93.852 14.7116 35
      vertex 93.852 9.16836 35
      vertex 94.1291 9.06918 35
    endloop
  endfacet
  facet normal -0 0 1
    outer loop
      vertex 93.5858 14.5858 35
      vertex 93.852 9.16836 35
      vertex 93.852 14.7116 35
    endloop
  endfacet
  facet normal 0 0 1
    outer loop
      vertex 93.5858 14.5858 35
      vertex 93.5858 9.29424 35
      vertex 93.852 9.16836 35
    endloop
  endfacet
  facet normal -0 0 1
    outer loop
      vertex 93.3333 14.4344 35
      vertex 93.5858 9.29424 35
      vertex 93.5858 14.5858 35
    endloop
  endfacet
  facet normal 0 0 1
    outer loop
      vertex 93.3333 14.4344 35
      vertex 93.3333 9.44559 35
      vertex 93.5858 9.29424 35
    endloop
  endfacet
  facet normal -0 0 1
    outer loop
      vertex 93.0968 14.259 35
      vertex 93.3333 9.44559 35
      vertex 93.3333 14.4344 35
    endloop
  endfacet
  facet normal 0 0 1
    outer loop
      vertex 93.0968 14.259 35
      vertex 93.0968 9.62097 35
      vertex 93.3333 9.44559 35
    endloop
  endfacet
  facet normal -0 0 1
    outer loop
      vertex 92.8787 14.0613 35
      vertex 93.0968 9.62097 35
      vertex 93.0968 14.259 35
    endloop
  endfacet
  facet normal 0 0 1
    outer loop
      vertex 92.8787 14.0613 35
      vertex 92.8787 9.81868 35
      vertex 93.0968 9.62097 35
    endloop
  endfacet
  facet normal -0 0 1
    outer loop
      vertex 92.681 13.8432 35
      vertex 92.8787 9.81868 35
      vertex 92.8787 14.0613 35
    endloop
  endfacet
  facet normal 0 0 1
    outer loop
      vertex 92.681 13.8432 35
      vertex 92.681 10.0368 35
      vertex 92.8787 9.81868 35
    endloop
  endfacet
  facet normal -0 0 1
    outer loop
      vertex 92.5056 13.6067 35
      vertex 92.681 10.0368 35
      vertex 92.681 13.8432 35
    endloop
  endfacet
  facet normal 0 0 1
    outer loop
      vertex 92.5056 13.6067 35
      vertex 92.5056 10.2733 35
      vertex 92.681 10.0368 35
    endloop
  endfacet
  facet normal -0 0 1
    outer loop
      vertex 92.3542 13.3542 35
      vertex 92.5056 10.2733 35
      vertex 92.5056 13.6067 35
    endloop
  endfacet
  facet normal 0 0 1
    outer loop
      vertex 92.3542 13.3542 35
      vertex 92.3542 10.5258 35
      vertex 92.5056 10.2733 35
    endloop
  endfacet
  facet normal -0 0 1
    outer loop
      vertex 92.2284 13.088 35
      vertex 92.3542 10.5258 35
      vertex 92.3542 13.3542 35
    endloop
  endfacet
  facet normal 0 0 1
    outer loop
      vertex 92.2284 13.088 35
      vertex 92.2284 10.7919 35
      vertex 92.3542 10.5258 35
    endloop
  endfacet
  facet normal -0 0 1
    outer loop
      vertex 92.1292 12.8109 35
      vertex 92.2284 10.7919 35
      vertex 92.2284 13.088 35
    endloop
  endfacet
  facet normal 0 0 1
    outer loop
      vertex 92.1292 12.8109 35
      vertex 92.1292 11.0691 35
      vertex 92.2284 10.7919 35
    endloop
  endfacet
  facet normal -0 0 1
    outer loop
      vertex 92.0576 12.5253 35
      vertex 92.1292 11.0691 35
      vertex 92.1292 12.8109 35
    endloop
  endfacet
  facet normal 0 0 1
    outer loop
      vertex 92.0576 12.5253 35
      vertex 92.0576 11.3547 35
      vertex 92.1292 11.0691 35
    endloop
  endfacet
  facet normal -0 0 1
    outer loop
      vertex 92.0144 12.2341 35
      vertex 92.0576 11.3547 35
      vertex 92.0576 12.5253 35
    endloop
  endfacet
  facet normal 0 0 1
    outer loop
      vertex 92.0144 12.2341 35
      vertex 92.0144 11.6459 35
      vertex 92.0576 11.3547 35
    endloop
  endfacet
  facet normal 0 -0 1
    outer loop
      vertex 92.0144 11.6459 35
      vertex 92.0144 12.2341 35
      vertex 92 11.94 35
    endloop
  endfacet
  facet normal 0.941488 -0.337047 0
    outer loop
      vertex 92.1292 12.8109 55
      vertex 92.2284 13.088 35
      vertex 92.2284 13.088 55
    endloop
  endfacet
  facet normal 0.941488 -0.337047 0
    outer loop
      vertex 92.2284 13.088 35
      vertex 92.1292 12.8109 55
      vertex 92.1292 12.8109 35
    endloop
  endfacet
  facet normal 0.969982 -0.243175 0
    outer loop
      vertex 92.0576 12.5253 55
      vertex 92.1292 12.8109 35
      vertex 92.1292 12.8109 55
    endloop
  endfacet
  facet normal 0.969982 -0.243175 0
    outer loop
      vertex 92.1292 12.8109 35
      vertex 92.0576 12.5253 55
      vertex 92.0576 12.5253 35
    endloop
  endfacet
  facet normal 0.998803 -0.0489044 0
    outer loop
      vertex 92 11.94 55
      vertex 92.0144 12.2341 35
      vertex 92.0144 12.2341 55
    endloop
  endfacet
  facet normal 0.998803 -0.0489044 0
    outer loop
      vertex 92.0144 12.2341 35
      vertex 92 11.94 55
      vertex 92 11.94 35
    endloop
  endfacet
  facet normal 0.595699 -0.803208 0
    outer loop
      vertex 93.0968 14.259 35
      vertex 93.3333 14.4344 55
      vertex 93.0968 14.259 55
    endloop
  endfacet
  facet normal 0.595699 -0.803208 0
    outer loop
      vertex 93.3333 14.4344 55
      vertex 93.0968 14.259 35
      vertex 93.3333 14.4344 35
    endloop
  endfacet
  facet normal 0.146746 -0.989174 0
    outer loop
      vertex 94.4147 14.8824 35
      vertex 94.7059 14.9256 55
      vertex 94.4147 14.8824 55
    endloop
  endfacet
  facet normal 0.146746 -0.989174 0
    outer loop
      vertex 94.7059 14.9256 55
      vertex 94.4147 14.8824 35
      vertex 94.7059 14.9256 35
    endloop
  endfacet
  facet normal -0.998787 0.0492431 0
    outer loop
      vertex 97.9855 11.6459 35
      vertex 98 11.94 55
      vertex 98 11.94 35
    endloop
  endfacet
  facet normal -0.998787 0.0492431 0
    outer loop
      vertex 98 11.94 55
      vertex 97.9855 11.6459 35
      vertex 97.9855 11.6459 55
    endloop
  endfacet
  facet normal -0.146746 0.989174 0
    outer loop
      vertex 95.5853 8.99764 35
      vertex 95.2941 8.95444 55
      vertex 95.5853 8.99764 55
    endloop
  endfacet
  facet normal -0.146746 0.989174 0
    outer loop
      vertex 95.2941 8.95444 55
      vertex 95.5853 8.99764 35
      vertex 95.2941 8.95444 35
    endloop
  endfacet
  facet normal -0.514121 0.857718 0
    outer loop
      vertex 96.6667 9.44559 35
      vertex 96.4142 9.29424 55
      vertex 96.6667 9.44559 55
    endloop
  endfacet
  facet normal -0.514121 0.857718 0
    outer loop
      vertex 96.4142 9.29424 55
      vertex 96.6667 9.44559 35
      vertex 96.4142 9.29424 35
    endloop
  endfacet
  facet normal -0.671625 0.740891 0
    outer loop
      vertex 97.1213 9.81868 35
      vertex 96.9032 9.62097 55
      vertex 97.1213 9.81868 55
    endloop
  endfacet
  facet normal -0.671625 0.740891 0
    outer loop
      vertex 96.9032 9.62097 55
      vertex 97.1213 9.81868 35
      vertex 96.9032 9.62097 35
    endloop
  endfacet
  facet normal -0.803208 0.595699 0
    outer loop
      vertex 97.319 10.0368 35
      vertex 97.4944 10.2733 55
      vertex 97.4944 10.2733 35
    endloop
  endfacet
  facet normal -0.803208 0.595699 0
    outer loop
      vertex 97.4944 10.2733 55
      vertex 97.319 10.0368 35
      vertex 97.319 10.0368 55
    endloop
  endfacet
  facet normal -0.857643 0.514246 0
    outer loop
      vertex 97.4944 10.2733 35
      vertex 97.6458 10.5258 55
      vertex 97.6458 10.5258 35
    endloop
  endfacet
  facet normal -0.857643 0.514246 0
    outer loop
      vertex 97.6458 10.5258 55
      vertex 97.4944 10.2733 35
      vertex 97.4944 10.2733 55
    endloop
  endfacet
  facet normal 0.595655 0.803241 -0
    outer loop
      vertex 93.3333 9.44559 35
      vertex 93.0968 9.62097 55
      vertex 93.3333 9.44559 55
    endloop
  endfacet
  facet normal 0.595655 0.803241 0
    outer loop
      vertex 93.0968 9.62097 55
      vertex 93.3333 9.44559 35
      vertex 93.0968 9.62097 35
    endloop
  endfacet
  facet normal 0.514121 0.857718 -0
    outer loop
      vertex 93.5858 9.29424 35
      vertex 93.3333 9.44559 55
      vertex 93.5858 9.29424 55
    endloop
  endfacet
  facet normal 0.514121 0.857718 0
    outer loop
      vertex 93.3333 9.44559 55
      vertex 93.5858 9.29424 35
      vertex 93.3333 9.44559 35
    endloop
  endfacet
  facet normal 0.427491 0.90402 -0
    outer loop
      vertex 93.852 9.16836 35
      vertex 93.5858 9.29424 55
      vertex 93.852 9.16836 55
    endloop
  endfacet
  facet normal 0.427491 0.90402 0
    outer loop
      vertex 93.5858 9.29424 55
      vertex 93.852 9.16836 35
      vertex 93.5858 9.29424 35
    endloop
  endfacet
  facet normal 0.0490399 0.998797 -0
    outer loop
      vertex 95 8.94 35
      vertex 94.7059 8.95444 55
      vertex 95 8.94 55
    endloop
  endfacet
  facet normal 0.0490399 0.998797 0
    outer loop
      vertex 94.7059 8.95444 55
      vertex 95 8.94 35
      vertex 94.7059 8.95444 35
    endloop
  endfacet
  facet normal 0.803208 0.595699 0
    outer loop
      vertex 92.681 10.0368 55
      vertex 92.5056 10.2733 35
      vertex 92.5056 10.2733 55
    endloop
  endfacet
  facet normal 0.803208 0.595699 0
    outer loop
      vertex 92.5056 10.2733 35
      vertex 92.681 10.0368 55
      vertex 92.681 10.0368 35
    endloop
  endfacet
  facet normal 0.857643 0.514246 0
    outer loop
      vertex 92.5056 10.2733 55
      vertex 92.3542 10.5258 35
      vertex 92.3542 10.5258 55
    endloop
  endfacet
  facet normal 0.857643 0.514246 0
    outer loop
      vertex 92.3542 10.5258 35
      vertex 92.5056 10.2733 55
      vertex 92.5056 10.2733 35
    endloop
  endfacet
  facet normal 0.740938 0.671573 0
    outer loop
      vertex 92.8787 9.81868 55
      vertex 92.681 10.0368 35
      vertex 92.681 10.0368 55
    endloop
  endfacet
  facet normal 0.740938 0.671573 0
    outer loop
      vertex 92.681 10.0368 35
      vertex 92.8787 9.81868 55
      vertex 92.8787 9.81868 35
    endloop
  endfacet
  facet normal 0.904063 0.4274 0
    outer loop
      vertex 92.3542 10.5258 55
      vertex 92.2284 10.7919 35
      vertex 92.2284 10.7919 55
    endloop
  endfacet
  facet normal 0.904063 0.4274 0
    outer loop
      vertex 92.2284 10.7919 35
      vertex 92.3542 10.5258 55
      vertex 92.3542 10.5258 35
    endloop
  endfacet
  facet normal 0.989174 0.146746 0
    outer loop
      vertex 92.0576 11.3547 55
      vertex 92.0144 11.6459 35
      vertex 92.0144 11.6459 55
    endloop
  endfacet
  facet normal 0.989174 0.146746 0
    outer loop
      vertex 92.0144 11.6459 35
      vertex 92.0576 11.3547 55
      vertex 92.0576 11.3547 35
    endloop
  endfacet
  facet normal -0.740908 -0.671607 0
    outer loop
      vertex 97.319 13.8432 35
      vertex 97.1213 14.0613 55
      vertex 97.1213 14.0613 35
    endloop
  endfacet
  facet normal -0.740908 -0.671607 0
    outer loop
      vertex 97.1213 14.0613 55
      vertex 97.319 13.8432 35
      vertex 97.319 13.8432 55
    endloop
  endfacet
  facet normal -0.243255 -0.969962 0
    outer loop
      vertex 95.5853 14.8824 35
      vertex 95.8708 14.8108 55
      vertex 95.5853 14.8824 55
    endloop
  endfacet
  facet normal -0.243255 -0.969962 -0
    outer loop
      vertex 95.8708 14.8108 55
      vertex 95.5853 14.8824 35
      vertex 95.8708 14.8108 35
    endloop
  endfacet
  facet normal -0.427269 -0.904125 0
    outer loop
      vertex 96.148 14.7116 35
      vertex 96.4142 14.5858 55
      vertex 96.148 14.7116 55
    endloop
  endfacet
  facet normal -0.427269 -0.904125 -0
    outer loop
      vertex 96.4142 14.5858 55
      vertex 96.148 14.7116 35
      vertex 96.4142 14.5858 35
    endloop
  endfacet
  facet normal 0.803208 -0.595699 0
    outer loop
      vertex 92.5056 13.6067 55
      vertex 92.681 13.8432 35
      vertex 92.681 13.8432 55
    endloop
  endfacet
  facet normal 0.803208 -0.595699 0
    outer loop
      vertex 92.681 13.8432 35
      vertex 92.5056 13.6067 55
      vertex 92.5056 13.6067 35
    endloop
  endfacet
  facet normal 0.998803 0.0489044 0
    outer loop
      vertex 92.0144 11.6459 55
      vertex 92 11.94 35
      vertex 92 11.94 55
    endloop
  endfacet
  facet normal 0.998803 0.0489044 0
    outer loop
      vertex 92 11.94 35
      vertex 92.0144 11.6459 55
      vertex 92.0144 11.6459 35
    endloop
  endfacet
  facet normal 0.671607 -0.740908 0
    outer loop
      vertex 92.8787 14.0613 35
      vertex 93.0968 14.259 55
      vertex 92.8787 14.0613 55
    endloop
  endfacet
  facet normal 0.671607 -0.740908 0
    outer loop
      vertex 93.0968 14.259 55
      vertex 92.8787 14.0613 35
      vertex 93.0968 14.259 35
    endloop
  endfacet
  facet normal 0.514246 -0.857643 0
    outer loop
      vertex 93.3333 14.4344 35
      vertex 93.5858 14.5858 55
      vertex 93.3333 14.4344 55
    endloop
  endfacet
  facet normal 0.514246 -0.857643 0
    outer loop
      vertex 93.5858 14.5858 55
      vertex 93.3333 14.4344 35
      vertex 93.5858 14.5858 35
    endloop
  endfacet
  facet normal 0.337047 -0.941488 0
    outer loop
      vertex 93.852 14.7116 35
      vertex 94.1291 14.8108 55
      vertex 93.852 14.7116 55
    endloop
  endfacet
  facet normal 0.337047 -0.941488 0
    outer loop
      vertex 94.1291 14.8108 55
      vertex 93.852 14.7116 35
      vertex 94.1291 14.8108 35
    endloop
  endfacet
  facet normal -0.243063 0.97001 0
    outer loop
      vertex 95.8708 9.06918 35
      vertex 95.5853 8.99764 55
      vertex 95.8708 9.06918 55
    endloop
  endfacet
  facet normal -0.243063 0.97001 0
    outer loop
      vertex 95.5853 8.99764 55
      vertex 95.8708 9.06918 35
      vertex 95.5853 8.99764 35
    endloop
  endfacet
  facet normal -0.427491 0.90402 0
    outer loop
      vertex 96.4142 9.29424 35
      vertex 96.148 9.16836 55
      vertex 96.4142 9.29424 55
    endloop
  endfacet
  facet normal -0.427491 0.90402 0
    outer loop
      vertex 96.148 9.16836 55
      vertex 96.4142 9.29424 35
      vertex 96.148 9.16836 35
    endloop
  endfacet
  facet normal -0.595655 0.803241 0
    outer loop
      vertex 96.9032 9.62097 35
      vertex 96.6667 9.44559 55
      vertex 96.9032 9.62097 55
    endloop
  endfacet
  facet normal -0.595655 0.803241 0
    outer loop
      vertex 96.6667 9.44559 55
      vertex 96.9032 9.62097 35
      vertex 96.6667 9.44559 35
    endloop
  endfacet
  facet normal -0.941527 0.336939 0
    outer loop
      vertex 97.7716 10.7919 35
      vertex 97.8708 11.0691 55
      vertex 97.8708 11.0691 35
    endloop
  endfacet
  facet normal -0.941527 0.336939 0
    outer loop
      vertex 97.8708 11.0691 55
      vertex 97.7716 10.7919 35
      vertex 97.7716 10.7919 55
    endloop
  endfacet
  facet normal -0.989224 0.146413 0
    outer loop
      vertex 97.9424 11.3547 35
      vertex 97.9855 11.6459 55
      vertex 97.9855 11.6459 35
    endloop
  endfacet
  facet normal -0.989224 0.146413 0
    outer loop
      vertex 97.9855 11.6459 55
      vertex 97.9424 11.3547 35
      vertex 97.9424 11.3547 55
    endloop
  endfacet
  facet normal 0.336986 0.94151 -0
    outer loop
      vertex 94.1291 9.06918 35
      vertex 93.852 9.16836 55
      vertex 94.1291 9.06918 55
    endloop
  endfacet
  facet normal 0.336986 0.94151 0
    outer loop
      vertex 93.852 9.16836 55
      vertex 94.1291 9.06918 35
      vertex 93.852 9.16836 35
    endloop
  endfacet
  facet normal 0.146746 0.989174 -0
    outer loop
      vertex 94.7059 8.95444 35
      vertex 94.4147 8.99764 55
      vertex 94.7059 8.95444 55
    endloop
  endfacet
  facet normal 0.146746 0.989174 0
    outer loop
      vertex 94.4147 8.99764 55
      vertex 94.7059 8.95444 35
      vertex 94.4147 8.99764 35
    endloop
  endfacet
  facet normal 0.969982 0.243175 0
    outer loop
      vertex 92.1292 11.0691 55
      vertex 92.0576 11.3547 35
      vertex 92.0576 11.3547 55
    endloop
  endfacet
  facet normal 0.969982 0.243175 0
    outer loop
      vertex 92.0576 11.3547 35
      vertex 92.1292 11.0691 55
      vertex 92.1292 11.0691 35
    endloop
  endfacet
  facet normal -0.595699 -0.803208 0
    outer loop
      vertex 96.6667 33.9944 35
      vertex 96.9032 33.819 55
      vertex 96.6667 33.9944 55
    endloop
  endfacet
  facet normal -0.595699 -0.803208 -0
    outer loop
      vertex 96.9032 33.819 55
      vertex 96.6667 33.9944 35
      vertex 96.9032 33.819 35
    endloop
  endfacet
  facet normal 0.427269 -0.904125 0
    outer loop
      vertex 93.5858 34.1458 35
      vertex 93.852 34.2716 55
      vertex 93.5858 34.1458 55
    endloop
  endfacet
  facet normal 0.427269 -0.904125 0
    outer loop
      vertex 93.852 34.2716 55
      vertex 93.5858 34.1458 35
      vertex 93.852 34.2716 35
    endloop
  endfacet
  facet normal 0.941488 -0.337047 0
    outer loop
      vertex 92.1292 32.3709 55
      vertex 92.2284 32.648 35
      vertex 92.2284 32.648 55
    endloop
  endfacet
  facet normal 0.941488 -0.337047 0
    outer loop
      vertex 92.2284 32.648 35
      vertex 92.1292 32.3709 55
      vertex 92.1292 32.3709 35
    endloop
  endfacet
  facet normal -0.941527 0.336939 0
    outer loop
      vertex 97.7716 30.3519 35
      vertex 97.8708 30.6291 55
      vertex 97.8708 30.6291 35
    endloop
  endfacet
  facet normal -0.941527 0.336939 0
    outer loop
      vertex 97.8708 30.6291 55
      vertex 97.7716 30.3519 35
      vertex 97.7716 30.3519 55
    endloop
  endfacet
  facet normal 0.337047 0.941488 -0
    outer loop
      vertex 94.1291 28.6292 35
      vertex 93.852 28.7284 55
      vertex 94.1291 28.6292 55
    endloop
  endfacet
  facet normal 0.337047 0.941488 0
    outer loop
      vertex 93.852 28.7284 55
      vertex 94.1291 28.6292 35
      vertex 93.852 28.7284 35
    endloop
  endfacet
  facet normal -0.904125 -0.427269 0
    outer loop
      vertex 97.7716 32.648 35
      vertex 97.6458 32.9142 55
      vertex 97.6458 32.9142 35
    endloop
  endfacet
  facet normal -0.904125 -0.427269 0
    outer loop
      vertex 97.6458 32.9142 55
      vertex 97.7716 32.648 35
      vertex 97.7716 32.648 55
    endloop
  endfacet
  facet normal -0.857643 -0.514246 0
    outer loop
      vertex 97.6458 32.9142 35
      vertex 97.4944 33.1667 55
      vertex 97.4944 33.1667 35
    endloop
  endfacet
  facet normal -0.857643 -0.514246 0
    outer loop
      vertex 97.4944 33.1667 55
      vertex 97.6458 32.9142 35
      vertex 97.6458 32.9142 55
    endloop
  endfacet
  facet normal -0.336939 -0.941527 0
    outer loop
      vertex 95.8708 34.3708 35
      vertex 96.148 34.2716 55
      vertex 95.8708 34.3708 55
    endloop
  endfacet
  facet normal -0.336939 -0.941527 -0
    outer loop
      vertex 96.148 34.2716 55
      vertex 95.8708 34.3708 35
      vertex 96.148 34.2716 35
    endloop
  endfacet
  facet normal 0 0 1
    outer loop
      vertex 97.9855 31.7941 35
      vertex 97.9855 31.2059 35
      vertex 98 31.5 35
    endloop
  endfacet
  facet normal 0 0 1
    outer loop
      vertex 97.9424 32.0853 35
      vertex 97.9855 31.2059 35
      vertex 97.9855 31.7941 35
    endloop
  endfacet
  facet normal 0 0 1
    outer loop
      vertex 97.9424 32.0853 35
      vertex 97.9424 30.9147 35
      vertex 97.9855 31.2059 35
    endloop
  endfacet
  facet normal 0 0 1
    outer loop
      vertex 97.8708 32.3709 35
      vertex 97.9424 30.9147 35
      vertex 97.9424 32.0853 35
    endloop
  endfacet
  facet normal 0 0 1
    outer loop
      vertex 97.8708 32.3709 35
      vertex 97.8708 30.6291 35
      vertex 97.9424 30.9147 35
    endloop
  endfacet
  facet normal 0 0 1
    outer loop
      vertex 97.7716 32.648 35
      vertex 97.8708 30.6291 35
      vertex 97.8708 32.3709 35
    endloop
  endfacet
  facet normal 0 0 1
    outer loop
      vertex 97.7716 32.648 35
      vertex 97.7716 30.3519 35
      vertex 97.8708 30.6291 35
    endloop
  endfacet
  facet normal 0 0 1
    outer loop
      vertex 97.6458 32.9142 35
      vertex 97.7716 30.3519 35
      vertex 97.7716 32.648 35
    endloop
  endfacet
  facet normal 0 0 1
    outer loop
      vertex 97.6458 32.9142 35
      vertex 97.6458 30.0858 35
      vertex 97.7716 30.3519 35
    endloop
  endfacet
  facet normal 0 0 1
    outer loop
      vertex 97.4944 33.1667 35
      vertex 97.6458 30.0858 35
      vertex 97.6458 32.9142 35
    endloop
  endfacet
  facet normal 0 0 1
    outer loop
      vertex 97.4944 33.1667 35
      vertex 97.4944 29.8333 35
      vertex 97.6458 30.0858 35
    endloop
  endfacet
  facet normal 0 0 1
    outer loop
      vertex 97.319 33.4032 35
      vertex 97.4944 29.8333 35
      vertex 97.4944 33.1667 35
    endloop
  endfacet
  facet normal 0 0 1
    outer loop
      vertex 97.319 33.4032 35
      vertex 97.319 29.5968 35
      vertex 97.4944 29.8333 35
    endloop
  endfacet
  facet normal 0 0 1
    outer loop
      vertex 97.1213 33.6213 35
      vertex 97.319 29.5968 35
      vertex 97.319 33.4032 35
    endloop
  endfacet
  facet normal 0 0 1
    outer loop
      vertex 97.1213 33.6213 35
      vertex 97.1213 29.3787 35
      vertex 97.319 29.5968 35
    endloop
  endfacet
  facet normal 0 0 1
    outer loop
      vertex 96.9032 33.819 35
      vertex 97.1213 29.3787 35
      vertex 97.1213 33.6213 35
    endloop
  endfacet
  facet normal 0 0 1
    outer loop
      vertex 96.9032 33.819 35
      vertex 96.9032 29.181 35
      vertex 97.1213 29.3787 35
    endloop
  endfacet
  facet normal 0 0 1
    outer loop
      vertex 96.6667 33.9944 35
      vertex 96.9032 29.181 35
      vertex 96.9032 33.819 35
    endloop
  endfacet
  facet normal 0 0 1
    outer loop
      vertex 96.6667 33.9944 35
      vertex 96.6667 29.0056 35
      vertex 96.9032 29.181 35
    endloop
  endfacet
  facet normal 0 0 1
    outer loop
      vertex 96.4142 34.1458 35
      vertex 96.6667 29.0056 35
      vertex 96.6667 33.9944 35
    endloop
  endfacet
  facet normal 0 0 1
    outer loop
      vertex 96.4142 34.1458 35
      vertex 96.4142 28.8542 35
      vertex 96.6667 29.0056 35
    endloop
  endfacet
  facet normal 0 0 1
    outer loop
      vertex 96.148 34.2716 35
      vertex 96.4142 28.8542 35
      vertex 96.4142 34.1458 35
    endloop
  endfacet
  facet normal 0 0 1
    outer loop
      vertex 96.148 34.2716 35
      vertex 96.148 28.7284 35
      vertex 96.4142 28.8542 35
    endloop
  endfacet
  facet normal 0 0 1
    outer loop
      vertex 95.8708 34.3708 35
      vertex 96.148 28.7284 35
      vertex 96.148 34.2716 35
    endloop
  endfacet
  facet normal 0 0 1
    outer loop
      vertex 95.8708 34.3708 35
      vertex 95.8708 28.6292 35
      vertex 96.148 28.7284 35
    endloop
  endfacet
  facet normal 0 0 1
    outer loop
      vertex 95.5853 34.4424 35
      vertex 95.8708 28.6292 35
      vertex 95.8708 34.3708 35
    endloop
  endfacet
  facet normal 0 0 1
    outer loop
      vertex 95.5853 34.4424 35
      vertex 95.5853 28.5576 35
      vertex 95.8708 28.6292 35
    endloop
  endfacet
  facet normal 0 0 1
    outer loop
      vertex 95.2941 34.4856 35
      vertex 95.5853 28.5576 35
      vertex 95.5853 34.4424 35
    endloop
  endfacet
  facet normal 0 0 1
    outer loop
      vertex 95.2941 34.4856 35
      vertex 95.2941 28.5144 35
      vertex 95.5853 28.5576 35
    endloop
  endfacet
  facet normal 0 0 1
    outer loop
      vertex 95 34.5 35
      vertex 95.2941 28.5144 35
      vertex 95.2941 34.4856 35
    endloop
  endfacet
  facet normal 0 0 1
    outer loop
      vertex 95 34.5 35
      vertex 95 28.5 35
      vertex 95.2941 28.5144 35
    endloop
  endfacet
  facet normal -0 0 1
    outer loop
      vertex 94.7059 34.4856 35
      vertex 95 28.5 35
      vertex 95 34.5 35
    endloop
  endfacet
  facet normal 0 0 1
    outer loop
      vertex 94.7059 34.4856 35
      vertex 94.7059 28.5144 35
      vertex 95 28.5 35
    endloop
  endfacet
  facet normal -0 0 1
    outer loop
      vertex 94.4147 34.4424 35
      vertex 94.7059 28.5144 35
      vertex 94.7059 34.4856 35
    endloop
  endfacet
  facet normal 0 0 1
    outer loop
      vertex 94.4147 34.4424 35
      vertex 94.4147 28.5576 35
      vertex 94.7059 28.5144 35
    endloop
  endfacet
  facet normal -0 0 1
    outer loop
      vertex 94.1291 34.3708 35
      vertex 94.4147 28.5576 35
      vertex 94.4147 34.4424 35
    endloop
  endfacet
  facet normal 0 0 1
    outer loop
      vertex 94.1291 34.3708 35
      vertex 94.1291 28.6292 35
      vertex 94.4147 28.5576 35
    endloop
  endfacet
  facet normal -0 0 1
    outer loop
      vertex 93.852 34.2716 35
      vertex 94.1291 28.6292 35
      vertex 94.1291 34.3708 35
    endloop
  endfacet
  facet normal 0 0 1
    outer loop
      vertex 93.852 34.2716 35
      vertex 93.852 28.7284 35
      vertex 94.1291 28.6292 35
    endloop
  endfacet
  facet normal -0 0 1
    outer loop
      vertex 93.5858 34.1458 35
      vertex 93.852 28.7284 35
      vertex 93.852 34.2716 35
    endloop
  endfacet
  facet normal 0 0 1
    outer loop
      vertex 93.5858 34.1458 35
      vertex 93.5858 28.8542 35
      vertex 93.852 28.7284 35
    endloop
  endfacet
  facet normal -0 0 1
    outer loop
      vertex 93.3333 33.9944 35
      vertex 93.5858 28.8542 35
      vertex 93.5858 34.1458 35
    endloop
  endfacet
  facet normal 0 0 1
    outer loop
      vertex 93.3333 33.9944 35
      vertex 93.3333 29.0056 35
      vertex 93.5858 28.8542 35
    endloop
  endfacet
  facet normal -0 0 1
    outer loop
      vertex 93.0968 33.819 35
      vertex 93.3333 29.0056 35
      vertex 93.3333 33.9944 35
    endloop
  endfacet
  facet normal 0 0 1
    outer loop
      vertex 93.0968 33.819 35
      vertex 93.0968 29.181 35
      vertex 93.3333 29.0056 35
    endloop
  endfacet
  facet normal -0 0 1
    outer loop
      vertex 92.8787 33.6213 35
      vertex 93.0968 29.181 35
      vertex 93.0968 33.819 35
    endloop
  endfacet
  facet normal 0 0 1
    outer loop
      vertex 92.8787 33.6213 35
      vertex 92.8787 29.3787 35
      vertex 93.0968 29.181 35
    endloop
  endfacet
  facet normal -0 0 1
    outer loop
      vertex 92.681 33.4032 35
      vertex 92.8787 29.3787 35
      vertex 92.8787 33.6213 35
    endloop
  endfacet
  facet normal 0 0 1
    outer loop
      vertex 92.681 33.4032 35
      vertex 92.681 29.5968 35
      vertex 92.8787 29.3787 35
    endloop
  endfacet
  facet normal -0 0 1
    outer loop
      vertex 92.5056 33.1667 35
      vertex 92.681 29.5968 35
      vertex 92.681 33.4032 35
    endloop
  endfacet
  facet normal 0 0 1
    outer loop
      vertex 92.5056 33.1667 35
      vertex 92.5056 29.8333 35
      vertex 92.681 29.5968 35
    endloop
  endfacet
  facet normal -0 0 1
    outer loop
      vertex 92.3542 32.9142 35
      vertex 92.5056 29.8333 35
      vertex 92.5056 33.1667 35
    endloop
  endfacet
  facet normal 0 0 1
    outer loop
      vertex 92.3542 32.9142 35
      vertex 92.3542 30.0858 35
      vertex 92.5056 29.8333 35
    endloop
  endfacet
  facet normal -0 0 1
    outer loop
      vertex 92.2284 32.648 35
      vertex 92.3542 30.0858 35
      vertex 92.3542 32.9142 35
    endloop
  endfacet
  facet normal 0 0 1
    outer loop
      vertex 92.2284 32.648 35
      vertex 92.2284 30.3519 35
      vertex 92.3542 30.0858 35
    endloop
  endfacet
  facet normal -0 0 1
    outer loop
      vertex 92.1292 32.3709 35
      vertex 92.2284 30.3519 35
      vertex 92.2284 32.648 35
    endloop
  endfacet
  facet normal 0 0 1
    outer loop
      vertex 92.1292 32.3709 35
      vertex 92.1292 30.6291 35
      vertex 92.2284 30.3519 35
    endloop
  endfacet
  facet normal -0 0 1
    outer loop
      vertex 92.0576 32.0853 35
      vertex 92.1292 30.6291 35
      vertex 92.1292 32.3709 35
    endloop
  endfacet
  facet normal 0 0 1
    outer loop
      vertex 92.0576 32.0853 35
      vertex 92.0576 30.9147 35
      vertex 92.1292 30.6291 35
    endloop
  endfacet
  facet normal -0 0 1
    outer loop
      vertex 92.0144 31.7941 35
      vertex 92.0576 30.9147 35
      vertex 92.0576 32.0853 35
    endloop
  endfacet
  facet normal 0 0 1
    outer loop
      vertex 92.0144 31.7941 35
      vertex 92.0144 31.2059 35
      vertex 92.0576 30.9147 35
    endloop
  endfacet
  facet normal 0 -0 1
    outer loop
      vertex 92.0144 31.2059 35
      vertex 92.0144 31.7941 35
      vertex 92 31.5 35
    endloop
  endfacet
  facet normal 0.803208 -0.595699 0
    outer loop
      vertex 92.5056 33.1667 55
      vertex 92.681 33.4032 35
      vertex 92.681 33.4032 55
    endloop
  endfacet
  facet normal 0.803208 -0.595699 0
    outer loop
      vertex 92.681 33.4032 35
      vertex 92.5056 33.1667 55
      vertex 92.5056 33.1667 35
    endloop
  endfacet
  facet normal 0.243175 -0.969982 0
    outer loop
      vertex 94.1291 34.3708 35
      vertex 94.4147 34.4424 55
      vertex 94.1291 34.3708 55
    endloop
  endfacet
  facet normal 0.243175 -0.969982 0
    outer loop
      vertex 94.4147 34.4424 55
      vertex 94.1291 34.3708 35
      vertex 94.4147 34.4424 35
    endloop
  endfacet
  facet normal -0.998787 0.0492431 0
    outer loop
      vertex 97.9855 31.2059 35
      vertex 98 31.5 55
      vertex 98 31.5 35
    endloop
  endfacet
  facet normal -0.998787 0.0492431 0
    outer loop
      vertex 98 31.5 55
      vertex 97.9855 31.2059 35
      vertex 97.9855 31.2059 55
    endloop
  endfacet
  facet normal -0.803208 0.595699 0
    outer loop
      vertex 97.319 29.5968 35
      vertex 97.4944 29.8333 55
      vertex 97.4944 29.8333 35
    endloop
  endfacet
  facet normal -0.803208 0.595699 0
    outer loop
      vertex 97.4944 29.8333 55
      vertex 97.319 29.5968 35
      vertex 97.319 29.5968 55
    endloop
  endfacet
  facet normal 0.0489044 0.998803 -0
    outer loop
      vertex 95 28.5 35
      vertex 94.7059 28.5144 55
      vertex 95 28.5 55
    endloop
  endfacet
  facet normal 0.0489044 0.998803 0
    outer loop
      vertex 94.7059 28.5144 55
      vertex 95 28.5 35
      vertex 94.7059 28.5144 35
    endloop
  endfacet
  facet normal 0.595699 0.803208 -0
    outer loop
      vertex 93.3333 29.0056 35
      vertex 93.0968 29.181 55
      vertex 93.3333 29.0056 55
    endloop
  endfacet
  facet normal 0.595699 0.803208 0
    outer loop
      vertex 93.0968 29.181 55
      vertex 93.3333 29.0056 35
      vertex 93.0968 29.181 35
    endloop
  endfacet
  facet normal -0.969982 -0.243175 0
    outer loop
      vertex 97.9424 32.0853 35
      vertex 97.8708 32.3709 55
      vertex 97.8708 32.3709 35
    endloop
  endfacet
  facet normal -0.969982 -0.243175 0
    outer loop
      vertex 97.8708 32.3709 55
      vertex 97.9424 32.0853 35
      vertex 97.9424 32.0853 55
    endloop
  endfacet
  facet normal -0.941488 -0.337047 0
    outer loop
      vertex 97.8708 32.3709 35
      vertex 97.7716 32.648 55
      vertex 97.7716 32.648 35
    endloop
  endfacet
  facet normal -0.941488 -0.337047 0
    outer loop
      vertex 97.7716 32.648 55
      vertex 97.8708 32.3709 35
      vertex 97.8708 32.3709 55
    endloop
  endfacet
  facet normal -0.740908 -0.671607 0
    outer loop
      vertex 97.319 33.4032 35
      vertex 97.1213 33.6213 55
      vertex 97.1213 33.6213 35
    endloop
  endfacet
  facet normal -0.740908 -0.671607 0
    outer loop
      vertex 97.1213 33.6213 55
      vertex 97.319 33.4032 35
      vertex 97.319 33.4032 55
    endloop
  endfacet
  facet normal -0.803208 -0.595699 0
    outer loop
      vertex 97.4944 33.1667 35
      vertex 97.319 33.4032 55
      vertex 97.319 33.4032 35
    endloop
  endfacet
  facet normal -0.803208 -0.595699 0
    outer loop
      vertex 97.319 33.4032 55
      vertex 97.4944 33.1667 35
      vertex 97.4944 33.1667 55
    endloop
  endfacet
  facet normal -0.671607 -0.740908 0
    outer loop
      vertex 96.9032 33.819 35
      vertex 97.1213 33.6213 55
      vertex 96.9032 33.819 55
    endloop
  endfacet
  facet normal -0.671607 -0.740908 -0
    outer loop
      vertex 97.1213 33.6213 55
      vertex 96.9032 33.819 35
      vertex 97.1213 33.6213 35
    endloop
  endfacet
  facet normal -0.514246 -0.857643 0
    outer loop
      vertex 96.4142 34.1458 35
      vertex 96.6667 33.9944 55
      vertex 96.4142 34.1458 55
    endloop
  endfacet
  facet normal -0.514246 -0.857643 -0
    outer loop
      vertex 96.6667 33.9944 55
      vertex 96.4142 34.1458 35
      vertex 96.6667 33.9944 35
    endloop
  endfacet
  facet normal 0.0489044 -0.998803 0
    outer loop
      vertex 94.7059 34.4856 35
      vertex 95 34.5 55
      vertex 94.7059 34.4856 55
    endloop
  endfacet
  facet normal 0.0489044 -0.998803 0
    outer loop
      vertex 95 34.5 55
      vertex 94.7059 34.4856 35
      vertex 95 34.5 35
    endloop
  endfacet
  facet normal -0.427269 -0.904125 0
    outer loop
      vertex 96.148 34.2716 35
      vertex 96.4142 34.1458 55
      vertex 96.148 34.2716 55
    endloop
  endfacet
  facet normal -0.427269 -0.904125 -0
    outer loop
      vertex 96.4142 34.1458 55
      vertex 96.148 34.2716 35
      vertex 96.4142 34.1458 35
    endloop
  endfacet
  facet normal -0.243255 -0.969962 0
    outer loop
      vertex 95.5853 34.4424 35
      vertex 95.8708 34.3708 55
      vertex 95.5853 34.4424 55
    endloop
  endfacet
  facet normal -0.243255 -0.969962 -0
    outer loop
      vertex 95.8708 34.3708 55
      vertex 95.5853 34.4424 35
      vertex 95.8708 34.3708 35
    endloop
  endfacet
  facet normal -0.146746 -0.989174 0
    outer loop
      vertex 95.2941 34.4856 35
      vertex 95.5853 34.4424 55
      vertex 95.2941 34.4856 55
    endloop
  endfacet
  facet normal -0.146746 -0.989174 -0
    outer loop
      vertex 95.5853 34.4424 55
      vertex 95.2941 34.4856 35
      vertex 95.5853 34.4424 35
    endloop
  endfacet
  facet normal 0.998803 0.0489044 0
    outer loop
      vertex 92.0144 31.2059 55
      vertex 92 31.5 35
      vertex 92 31.5 55
    endloop
  endfacet
  facet normal 0.998803 0.0489044 0
    outer loop
      vertex 92 31.5 35
      vertex 92.0144 31.2059 55
      vertex 92.0144 31.2059 35
    endloop
  endfacet
  facet normal 0.969982 -0.243175 0
    outer loop
      vertex 92.0576 32.0853 55
      vertex 92.1292 32.3709 35
      vertex 92.1292 32.3709 55
    endloop
  endfacet
  facet normal 0.969982 -0.243175 0
    outer loop
      vertex 92.1292 32.3709 35
      vertex 92.0576 32.0853 55
      vertex 92.0576 32.0853 35
    endloop
  endfacet
  facet normal 0.989174 -0.146746 0
    outer loop
      vertex 92.0144 31.7941 55
      vertex 92.0576 32.0853 35
      vertex 92.0576 32.0853 55
    endloop
  endfacet
  facet normal 0.989174 -0.146746 0
    outer loop
      vertex 92.0576 32.0853 35
      vertex 92.0144 31.7941 55
      vertex 92.0144 31.7941 35
    endloop
  endfacet
  facet normal 0.904125 -0.427269 0
    outer loop
      vertex 92.2284 32.648 55
      vertex 92.3542 32.9142 35
      vertex 92.3542 32.9142 55
    endloop
  endfacet
  facet normal 0.904125 -0.427269 0
    outer loop
      vertex 92.3542 32.9142 35
      vertex 92.2284 32.648 55
      vertex 92.2284 32.648 35
    endloop
  endfacet
  facet normal 0.857643 -0.514246 0
    outer loop
      vertex 92.3542 32.9142 55
      vertex 92.5056 33.1667 35
      vertex 92.5056 33.1667 55
    endloop
  endfacet
  facet normal 0.857643 -0.514246 0
    outer loop
      vertex 92.5056 33.1667 35
      vertex 92.3542 32.9142 55
      vertex 92.3542 32.9142 35
    endloop
  endfacet
  facet normal 0.337047 -0.941488 0
    outer loop
      vertex 93.852 34.2716 35
      vertex 94.1291 34.3708 55
      vertex 93.852 34.2716 55
    endloop
  endfacet
  facet normal 0.337047 -0.941488 0
    outer loop
      vertex 94.1291 34.3708 55
      vertex 93.852 34.2716 35
      vertex 94.1291 34.3708 35
    endloop
  endfacet
  facet normal 0.146746 -0.989174 0
    outer loop
      vertex 94.4147 34.4424 35
      vertex 94.7059 34.4856 55
      vertex 94.4147 34.4424 55
    endloop
  endfacet
  facet normal 0.146746 -0.989174 0
    outer loop
      vertex 94.7059 34.4856 55
      vertex 94.4147 34.4424 35
      vertex 94.7059 34.4856 35
    endloop
  endfacet
  facet normal 0.595699 -0.803208 0
    outer loop
      vertex 93.0968 33.819 35
      vertex 93.3333 33.9944 55
      vertex 93.0968 33.819 55
    endloop
  endfacet
  facet normal 0.595699 -0.803208 0
    outer loop
      vertex 93.3333 33.9944 55
      vertex 93.0968 33.819 35
      vertex 93.3333 33.9944 35
    endloop
  endfacet
  facet normal 0.671607 -0.740908 0
    outer loop
      vertex 92.8787 33.6213 35
      vertex 93.0968 33.819 55
      vertex 92.8787 33.6213 55
    endloop
  endfacet
  facet normal 0.671607 -0.740908 0
    outer loop
      vertex 93.0968 33.819 55
      vertex 92.8787 33.6213 35
      vertex 93.0968 33.819 35
    endloop
  endfacet
  facet normal 0.514246 -0.857643 0
    outer loop
      vertex 93.3333 33.9944 35
      vertex 93.5858 34.1458 55
      vertex 93.3333 33.9944 55
    endloop
  endfacet
  facet normal 0.514246 -0.857643 0
    outer loop
      vertex 93.5858 34.1458 55
      vertex 93.3333 33.9944 35
      vertex 93.5858 34.1458 35
    endloop
  endfacet
  facet normal 0.740908 -0.671607 0
    outer loop
      vertex 92.681 33.4032 55
      vertex 92.8787 33.6213 35
      vertex 92.8787 33.6213 55
    endloop
  endfacet
  facet normal 0.740908 -0.671607 0
    outer loop
      vertex 92.8787 33.6213 35
      vertex 92.681 33.4032 55
      vertex 92.681 33.4032 35
    endloop
  endfacet
  facet normal -0.998787 -0.0492431 0
    outer loop
      vertex 98 31.5 35
      vertex 97.9855 31.7941 55
      vertex 97.9855 31.7941 35
    endloop
  endfacet
  facet normal -0.998787 -0.0492431 0
    outer loop
      vertex 97.9855 31.7941 55
      vertex 98 31.5 35
      vertex 98 31.5 55
    endloop
  endfacet
  facet normal -0.146746 0.989174 0
    outer loop
      vertex 95.5853 28.5576 35
      vertex 95.2941 28.5144 55
      vertex 95.5853 28.5576 55
    endloop
  endfacet
  facet normal -0.146746 0.989174 0
    outer loop
      vertex 95.2941 28.5144 55
      vertex 95.5853 28.5576 35
      vertex 95.2941 28.5144 35
    endloop
  endfacet
  facet normal -0.969982 0.243175 0
    outer loop
      vertex 97.8708 30.6291 35
      vertex 97.9424 30.9147 55
      vertex 97.9424 30.9147 35
    endloop
  endfacet
  facet normal -0.969982 0.243175 0
    outer loop
      vertex 97.9424 30.9147 55
      vertex 97.8708 30.6291 35
      vertex 97.8708 30.6291 55
    endloop
  endfacet
  facet normal -0.243255 0.969962 0
    outer loop
      vertex 95.8708 28.6292 35
      vertex 95.5853 28.5576 55
      vertex 95.8708 28.6292 55
    endloop
  endfacet
  facet normal -0.243255 0.969962 0
    outer loop
      vertex 95.5853 28.5576 55
      vertex 95.8708 28.6292 35
      vertex 95.5853 28.5576 35
    endloop
  endfacet
  facet normal -0.336939 0.941527 0
    outer loop
      vertex 96.148 28.7284 35
      vertex 95.8708 28.6292 55
      vertex 96.148 28.7284 55
    endloop
  endfacet
  facet normal -0.336939 0.941527 0
    outer loop
      vertex 95.8708 28.6292 55
      vertex 96.148 28.7284 35
      vertex 95.8708 28.6292 35
    endloop
  endfacet
  facet normal -0.671607 0.740908 0
    outer loop
      vertex 97.1213 29.3787 35
      vertex 96.9032 29.181 55
      vertex 97.1213 29.3787 55
    endloop
  endfacet
  facet normal -0.671607 0.740908 0
    outer loop
      vertex 96.9032 29.181 55
      vertex 97.1213 29.3787 35
      vertex 96.9032 29.181 35
    endloop
  endfacet
  facet normal -0.514246 0.857643 0
    outer loop
      vertex 96.6667 29.0056 35
      vertex 96.4142 28.8542 55
      vertex 96.6667 29.0056 55
    endloop
  endfacet
  facet normal -0.514246 0.857643 0
    outer loop
      vertex 96.4142 28.8542 55
      vertex 96.6667 29.0056 35
      vertex 96.4142 28.8542 35
    endloop
  endfacet
  facet normal -0.904063 0.4274 0
    outer loop
      vertex 97.6458 30.0858 35
      vertex 97.7716 30.3519 55
      vertex 97.7716 30.3519 35
    endloop
  endfacet
  facet normal -0.904063 0.4274 0
    outer loop
      vertex 97.7716 30.3519 55
      vertex 97.6458 30.0858 35
      vertex 97.6458 30.0858 55
    endloop
  endfacet
  facet normal -0.0489044 0.998803 0
    outer loop
      vertex 95.2941 28.5144 35
      vertex 95 28.5 55
      vertex 95.2941 28.5144 55
    endloop
  endfacet
  facet normal -0.0489044 0.998803 0
    outer loop
      vertex 95 28.5 55
      vertex 95.2941 28.5144 35
      vertex 95 28.5 35
    endloop
  endfacet
  facet normal 0.243175 0.969982 -0
    outer loop
      vertex 94.4147 28.5576 35
      vertex 94.1291 28.6292 55
      vertex 94.4147 28.5576 55
    endloop
  endfacet
  facet normal 0.243175 0.969982 0
    outer loop
      vertex 94.1291 28.6292 55
      vertex 94.4147 28.5576 35
      vertex 94.1291 28.6292 35
    endloop
  endfacet
  facet normal 0.427269 0.904125 -0
    outer loop
      vertex 93.852 28.7284 35
      vertex 93.5858 28.8542 55
      vertex 93.852 28.7284 55
    endloop
  endfacet
  facet normal 0.427269 0.904125 0
    outer loop
      vertex 93.5858 28.8542 55
      vertex 93.852 28.7284 35
      vertex 93.5858 28.8542 35
    endloop
  endfacet
  facet normal 0.941527 0.336939 0
    outer loop
      vertex 92.2284 30.3519 55
      vertex 92.1292 30.6291 35
      vertex 92.1292 30.6291 55
    endloop
  endfacet
  facet normal 0.941527 0.336939 0
    outer loop
      vertex 92.1292 30.6291 35
      vertex 92.2284 30.3519 55
      vertex 92.2284 30.3519 35
    endloop
  endfacet
  facet normal 0.989174 0.146746 0
    outer loop
      vertex 92.0576 30.9147 55
      vertex 92.0144 31.2059 35
      vertex 92.0144 31.2059 55
    endloop
  endfacet
  facet normal 0.989174 0.146746 0
    outer loop
      vertex 92.0144 31.2059 35
      vertex 92.0576 30.9147 55
      vertex 92.0576 30.9147 35
    endloop
  endfacet
  facet normal 0.740908 0.671607 0
    outer loop
      vertex 92.8787 29.3787 55
      vertex 92.681 29.5968 35
      vertex 92.681 29.5968 55
    endloop
  endfacet
  facet normal 0.740908 0.671607 0
    outer loop
      vertex 92.681 29.5968 35
      vertex 92.8787 29.3787 55
      vertex 92.8787 29.3787 35
    endloop
  endfacet
  facet normal 0.857643 0.514246 0
    outer loop
      vertex 92.5056 29.8333 55
      vertex 92.3542 30.0858 35
      vertex 92.3542 30.0858 55
    endloop
  endfacet
  facet normal 0.857643 0.514246 0
    outer loop
      vertex 92.3542 30.0858 35
      vertex 92.5056 29.8333 55
      vertex 92.5056 29.8333 35
    endloop
  endfacet
  facet normal -0.989224 -0.146413 0
    outer loop
      vertex 97.9855 31.7941 35
      vertex 97.9424 32.0853 55
      vertex 97.9424 32.0853 35
    endloop
  endfacet
  facet normal -0.989224 -0.146413 0
    outer loop
      vertex 97.9424 32.0853 55
      vertex 97.9855 31.7941 35
      vertex 97.9855 31.7941 55
    endloop
  endfacet
  facet normal -0.0489044 -0.998803 0
    outer loop
      vertex 95 34.5 35
      vertex 95.2941 34.4856 55
      vertex 95 34.5 55
    endloop
  endfacet
  facet normal -0.0489044 -0.998803 -0
    outer loop
      vertex 95.2941 34.4856 55
      vertex 95 34.5 35
      vertex 95.2941 34.4856 35
    endloop
  endfacet
  facet normal 0.998803 -0.0489044 0
    outer loop
      vertex 92 31.5 55
      vertex 92.0144 31.7941 35
      vertex 92.0144 31.7941 55
    endloop
  endfacet
  facet normal 0.998803 -0.0489044 0
    outer loop
      vertex 92.0144 31.7941 35
      vertex 92 31.5 55
      vertex 92 31.5 35
    endloop
  endfacet
  facet normal -0.989224 0.146413 0
    outer loop
      vertex 97.9424 30.9147 35
      vertex 97.9855 31.2059 55
      vertex 97.9855 31.2059 35
    endloop
  endfacet
  facet normal -0.989224 0.146413 0
    outer loop
      vertex 97.9855 31.2059 55
      vertex 97.9424 30.9147 35
      vertex 97.9424 30.9147 55
    endloop
  endfacet
  facet normal -0.427269 0.904125 0
    outer loop
      vertex 96.4142 28.8542 35
      vertex 96.148 28.7284 55
      vertex 96.4142 28.8542 55
    endloop
  endfacet
  facet normal -0.427269 0.904125 0
    outer loop
      vertex 96.148 28.7284 55
      vertex 96.4142 28.8542 35
      vertex 96.148 28.7284 35
    endloop
  endfacet
  facet normal -0.740908 0.671607 0
    outer loop
      vertex 97.1213 29.3787 35
      vertex 97.319 29.5968 55
      vertex 97.319 29.5968 35
    endloop
  endfacet
  facet normal -0.740908 0.671607 0
    outer loop
      vertex 97.319 29.5968 55
      vertex 97.1213 29.3787 35
      vertex 97.1213 29.3787 55
    endloop
  endfacet
  facet normal -0.595699 0.803208 0
    outer loop
      vertex 96.9032 29.181 35
      vertex 96.6667 29.0056 55
      vertex 96.9032 29.181 55
    endloop
  endfacet
  facet normal -0.595699 0.803208 0
    outer loop
      vertex 96.6667 29.0056 55
      vertex 96.9032 29.181 35
      vertex 96.6667 29.0056 35
    endloop
  endfacet
  facet normal -0.857643 0.514246 0
    outer loop
      vertex 97.4944 29.8333 35
      vertex 97.6458 30.0858 55
      vertex 97.6458 30.0858 35
    endloop
  endfacet
  facet normal -0.857643 0.514246 0
    outer loop
      vertex 97.6458 30.0858 55
      vertex 97.4944 29.8333 35
      vertex 97.4944 29.8333 55
    endloop
  endfacet
  facet normal 0.146746 0.989174 -0
    outer loop
      vertex 94.7059 28.5144 35
      vertex 94.4147 28.5576 55
      vertex 94.7059 28.5144 55
    endloop
  endfacet
  facet normal 0.146746 0.989174 0
    outer loop
      vertex 94.4147 28.5576 55
      vertex 94.7059 28.5144 35
      vertex 94.4147 28.5576 35
    endloop
  endfacet
  facet normal 0.514246 0.857643 -0
    outer loop
      vertex 93.5858 28.8542 35
      vertex 93.3333 29.0056 55
      vertex 93.5858 28.8542 55
    endloop
  endfacet
  facet normal 0.514246 0.857643 0
    outer loop
      vertex 93.3333 29.0056 55
      vertex 93.5858 28.8542 35
      vertex 93.3333 29.0056 35
    endloop
  endfacet
  facet normal 0.904063 0.4274 0
    outer loop
      vertex 92.3542 30.0858 55
      vertex 92.2284 30.3519 35
      vertex 92.2284 30.3519 55
    endloop
  endfacet
  facet normal 0.904063 0.4274 0
    outer loop
      vertex 92.2284 30.3519 35
      vertex 92.3542 30.0858 55
      vertex 92.3542 30.0858 35
    endloop
  endfacet
  facet normal 0.969982 0.243175 0
    outer loop
      vertex 92.1292 30.6291 55
      vertex 92.0576 30.9147 35
      vertex 92.0576 30.9147 55
    endloop
  endfacet
  facet normal 0.969982 0.243175 0
    outer loop
      vertex 92.0576 30.9147 35
      vertex 92.1292 30.6291 55
      vertex 92.1292 30.6291 35
    endloop
  endfacet
  facet normal 0.803208 0.595699 0
    outer loop
      vertex 92.681 29.5968 55
      vertex 92.5056 29.8333 35
      vertex 92.5056 29.8333 55
    endloop
  endfacet
  facet normal 0.803208 0.595699 0
    outer loop
      vertex 92.5056 29.8333 35
      vertex 92.681 29.5968 55
      vertex 92.681 29.5968 35
    endloop
  endfacet
  facet normal 0.671607 0.740908 -0
    outer loop
      vertex 93.0968 29.181 35
      vertex 92.8787 29.3787 55
      vertex 93.0968 29.181 55
    endloop
  endfacet
  facet normal 0.671607 0.740908 0
    outer loop
      vertex 92.8787 29.3787 55
      vertex 93.0968 29.181 35
      vertex 92.8787 29.3787 35
    endloop
  endfacet
  facet normal -0.857643 -0.514246 0
    outer loop
      vertex 97.6458 52.4742 35
      vertex 97.4944 52.7267 55
      vertex 97.4944 52.7267 35
    endloop
  endfacet
  facet normal -0.857643 -0.514246 0
    outer loop
      vertex 97.4944 52.7267 55
      vertex 97.6458 52.4742 35
      vertex 97.6458 52.4742 55
    endloop
  endfacet
  facet normal -0.336939 -0.941527 0
    outer loop
      vertex 95.8708 53.9308 35
      vertex 96.148 53.8316 55
      vertex 95.8708 53.9308 55
    endloop
  endfacet
  facet normal -0.336939 -0.941527 -0
    outer loop
      vertex 96.148 53.8316 55
      vertex 95.8708 53.9308 35
      vertex 96.148 53.8316 35
    endloop
  endfacet
  facet normal 0.427269 -0.904125 0
    outer loop
      vertex 93.5858 53.7058 35
      vertex 93.852 53.8316 55
      vertex 93.5858 53.7058 55
    endloop
  endfacet
  facet normal 0.427269 -0.904125 0
    outer loop
      vertex 93.852 53.8316 55
      vertex 93.5858 53.7058 35
      vertex 93.852 53.8316 35
    endloop
  endfacet
  facet normal 0.941488 -0.337047 0
    outer loop
      vertex 92.1292 51.9309 55
      vertex 92.2284 52.208 35
      vertex 92.2284 52.208 55
    endloop
  endfacet
  facet normal 0.941488 -0.337047 0
    outer loop
      vertex 92.2284 52.208 35
      vertex 92.1292 51.9309 55
      vertex 92.1292 51.9309 35
    endloop
  endfacet
  facet normal -0.998787 0.0492431 0
    outer loop
      vertex 97.9855 50.7659 35
      vertex 98 51.06 55
      vertex 98 51.06 35
    endloop
  endfacet
  facet normal -0.998787 0.0492431 0
    outer loop
      vertex 98 51.06 55
      vertex 97.9855 50.7659 35
      vertex 97.9855 50.7659 55
    endloop
  endfacet
  facet normal -0.427269 0.904125 0
    outer loop
      vertex 96.4142 48.4142 35
      vertex 96.148 48.2884 55
      vertex 96.4142 48.4142 55
    endloop
  endfacet
  facet normal -0.427269 0.904125 0
    outer loop
      vertex 96.148 48.2884 55
      vertex 96.4142 48.4142 35
      vertex 96.148 48.2884 35
    endloop
  endfacet
  facet normal 0 0 1
    outer loop
      vertex 97.9855 51.354 35
      vertex 97.9855 50.7659 35
      vertex 98 51.06 35
    endloop
  endfacet
  facet normal 0 0 1
    outer loop
      vertex 97.9424 51.6453 35
      vertex 97.9855 50.7659 35
      vertex 97.9855 51.354 35
    endloop
  endfacet
  facet normal 0 0 1
    outer loop
      vertex 97.9424 51.6453 35
      vertex 97.9424 50.4747 35
      vertex 97.9855 50.7659 35
    endloop
  endfacet
  facet normal 0 0 1
    outer loop
      vertex 97.8708 51.9309 35
      vertex 97.9424 50.4747 35
      vertex 97.9424 51.6453 35
    endloop
  endfacet
  facet normal 0 0 1
    outer loop
      vertex 97.8708 51.9309 35
      vertex 97.8708 50.1891 35
      vertex 97.9424 50.4747 35
    endloop
  endfacet
  facet normal 0 0 1
    outer loop
      vertex 97.7716 52.208 35
      vertex 97.8708 50.1891 35
      vertex 97.8708 51.9309 35
    endloop
  endfacet
  facet normal 0 0 1
    outer loop
      vertex 97.7716 52.208 35
      vertex 97.7716 49.9119 35
      vertex 97.8708 50.1891 35
    endloop
  endfacet
  facet normal 0 0 1
    outer loop
      vertex 97.6458 52.4742 35
      vertex 97.7716 49.9119 35
      vertex 97.7716 52.208 35
    endloop
  endfacet
  facet normal 0 0 1
    outer loop
      vertex 97.6458 52.4742 35
      vertex 97.6458 49.6458 35
      vertex 97.7716 49.9119 35
    endloop
  endfacet
  facet normal 0 0 1
    outer loop
      vertex 97.4944 52.7267 35
      vertex 97.6458 49.6458 35
      vertex 97.6458 52.4742 35
    endloop
  endfacet
  facet normal 0 0 1
    outer loop
      vertex 97.4944 52.7267 35
      vertex 97.4944 49.3933 35
      vertex 97.6458 49.6458 35
    endloop
  endfacet
  facet normal 0 0 1
    outer loop
      vertex 97.319 52.9632 35
      vertex 97.4944 49.3933 35
      vertex 97.4944 52.7267 35
    endloop
  endfacet
  facet normal 0 0 1
    outer loop
      vertex 97.319 52.9632 35
      vertex 97.319 49.1568 35
      vertex 97.4944 49.3933 35
    endloop
  endfacet
  facet normal 0 0 1
    outer loop
      vertex 97.1213 53.1813 35
      vertex 97.319 49.1568 35
      vertex 97.319 52.9632 35
    endloop
  endfacet
  facet normal 0 0 1
    outer loop
      vertex 97.1213 53.1813 35
      vertex 97.1213 48.9387 35
      vertex 97.319 49.1568 35
    endloop
  endfacet
  facet normal 0 0 1
    outer loop
      vertex 96.9032 53.379 35
      vertex 97.1213 48.9387 35
      vertex 97.1213 53.1813 35
    endloop
  endfacet
  facet normal 0 0 1
    outer loop
      vertex 96.9032 53.379 35
      vertex 96.9032 48.741 35
      vertex 97.1213 48.9387 35
    endloop
  endfacet
  facet normal 0 0 1
    outer loop
      vertex 96.6667 53.5544 35
      vertex 96.9032 48.741 35
      vertex 96.9032 53.379 35
    endloop
  endfacet
  facet normal 0 0 1
    outer loop
      vertex 96.6667 53.5544 35
      vertex 96.6667 48.5656 35
      vertex 96.9032 48.741 35
    endloop
  endfacet
  facet normal 0 0 1
    outer loop
      vertex 96.4142 53.7058 35
      vertex 96.6667 48.5656 35
      vertex 96.6667 53.5544 35
    endloop
  endfacet
  facet normal 0 0 1
    outer loop
      vertex 96.4142 53.7058 35
      vertex 96.4142 48.4142 35
      vertex 96.6667 48.5656 35
    endloop
  endfacet
  facet normal 0 0 1
    outer loop
      vertex 96.148 53.8316 35
      vertex 96.4142 48.4142 35
      vertex 96.4142 53.7058 35
    endloop
  endfacet
  facet normal 0 0 1
    outer loop
      vertex 96.148 53.8316 35
      vertex 96.148 48.2884 35
      vertex 96.4142 48.4142 35
    endloop
  endfacet
  facet normal 0 0 1
    outer loop
      vertex 95.8708 53.9308 35
      vertex 96.148 48.2884 35
      vertex 96.148 53.8316 35
    endloop
  endfacet
  facet normal 0 0 1
    outer loop
      vertex 95.8708 53.9308 35
      vertex 95.8708 48.1892 35
      vertex 96.148 48.2884 35
    endloop
  endfacet
  facet normal 0 0 1
    outer loop
      vertex 95.5853 54.0024 35
      vertex 95.8708 48.1892 35
      vertex 95.8708 53.9308 35
    endloop
  endfacet
  facet normal 0 0 1
    outer loop
      vertex 95.5853 54.0024 35
      vertex 95.5853 48.1176 35
      vertex 95.8708 48.1892 35
    endloop
  endfacet
  facet normal 0 0 1
    outer loop
      vertex 95.2941 54.0456 35
      vertex 95.5853 48.1176 35
      vertex 95.5853 54.0024 35
    endloop
  endfacet
  facet normal 0 0 1
    outer loop
      vertex 95.2941 54.0456 35
      vertex 95.2941 48.0744 35
      vertex 95.5853 48.1176 35
    endloop
  endfacet
  facet normal 0 0 1
    outer loop
      vertex 95 54.06 35
      vertex 95.2941 48.0744 35
      vertex 95.2941 54.0456 35
    endloop
  endfacet
  facet normal 0 0 1
    outer loop
      vertex 95 54.06 35
      vertex 95 48.06 35
      vertex 95.2941 48.0744 35
    endloop
  endfacet
  facet normal -0 0 1
    outer loop
      vertex 94.7059 54.0456 35
      vertex 95 48.06 35
      vertex 95 54.06 35
    endloop
  endfacet
  facet normal 0 0 1
    outer loop
      vertex 94.7059 54.0456 35
      vertex 94.7059 48.0744 35
      vertex 95 48.06 35
    endloop
  endfacet
  facet normal -0 0 1
    outer loop
      vertex 94.4147 54.0024 35
      vertex 94.7059 48.0744 35
      vertex 94.7059 54.0456 35
    endloop
  endfacet
  facet normal 0 0 1
    outer loop
      vertex 94.4147 54.0024 35
      vertex 94.4147 48.1176 35
      vertex 94.7059 48.0744 35
    endloop
  endfacet
  facet normal -0 0 1
    outer loop
      vertex 94.1291 53.9308 35
      vertex 94.4147 48.1176 35
      vertex 94.4147 54.0024 35
    endloop
  endfacet
  facet normal 0 0 1
    outer loop
      vertex 94.1291 53.9308 35
      vertex 94.1291 48.1892 35
      vertex 94.4147 48.1176 35
    endloop
  endfacet
  facet normal -0 0 1
    outer loop
      vertex 93.852 53.8316 35
      vertex 94.1291 48.1892 35
      vertex 94.1291 53.9308 35
    endloop
  endfacet
  facet normal 0 0 1
    outer loop
      vertex 93.852 53.8316 35
      vertex 93.852 48.2884 35
      vertex 94.1291 48.1892 35
    endloop
  endfacet
  facet normal -0 0 1
    outer loop
      vertex 93.5858 53.7058 35
      vertex 93.852 48.2884 35
      vertex 93.852 53.8316 35
    endloop
  endfacet
  facet normal 0 0 1
    outer loop
      vertex 93.5858 53.7058 35
      vertex 93.5858 48.4142 35
      vertex 93.852 48.2884 35
    endloop
  endfacet
  facet normal -0 0 1
    outer loop
      vertex 93.3333 53.5544 35
      vertex 93.5858 48.4142 35
      vertex 93.5858 53.7058 35
    endloop
  endfacet
  facet normal 0 0 1
    outer loop
      vertex 93.3333 53.5544 35
      vertex 93.3333 48.5656 35
      vertex 93.5858 48.4142 35
    endloop
  endfacet
  facet normal -0 0 1
    outer loop
      vertex 93.0968 53.379 35
      vertex 93.3333 48.5656 35
      vertex 93.3333 53.5544 35
    endloop
  endfacet
  facet normal 0 0 1
    outer loop
      vertex 93.0968 53.379 35
      vertex 93.0968 48.741 35
      vertex 93.3333 48.5656 35
    endloop
  endfacet
  facet normal -0 0 1
    outer loop
      vertex 92.8787 53.1813 35
      vertex 93.0968 48.741 35
      vertex 93.0968 53.379 35
    endloop
  endfacet
  facet normal 0 0 1
    outer loop
      vertex 92.8787 53.1813 35
      vertex 92.8787 48.9387 35
      vertex 93.0968 48.741 35
    endloop
  endfacet
  facet normal -0 0 1
    outer loop
      vertex 92.681 52.9632 35
      vertex 92.8787 48.9387 35
      vertex 92.8787 53.1813 35
    endloop
  endfacet
  facet normal 0 0 1
    outer loop
      vertex 92.681 52.9632 35
      vertex 92.681 49.1568 35
      vertex 92.8787 48.9387 35
    endloop
  endfacet
  facet normal -0 0 1
    outer loop
      vertex 92.5056 52.7267 35
      vertex 92.681 49.1568 35
      vertex 92.681 52.9632 35
    endloop
  endfacet
  facet normal 0 0 1
    outer loop
      vertex 92.5056 52.7267 35
      vertex 92.5056 49.3933 35
      vertex 92.681 49.1568 35
    endloop
  endfacet
  facet normal -0 0 1
    outer loop
      vertex 92.3542 52.4742 35
      vertex 92.5056 49.3933 35
      vertex 92.5056 52.7267 35
    endloop
  endfacet
  facet normal 0 0 1
    outer loop
      vertex 92.3542 52.4742 35
      vertex 92.3542 49.6458 35
      vertex 92.5056 49.3933 35
    endloop
  endfacet
  facet normal -0 0 1
    outer loop
      vertex 92.2284 52.208 35
      vertex 92.3542 49.6458 35
      vertex 92.3542 52.4742 35
    endloop
  endfacet
  facet normal 0 0 1
    outer loop
      vertex 92.2284 52.208 35
      vertex 92.2284 49.9119 35
      vertex 92.3542 49.6458 35
    endloop
  endfacet
  facet normal -0 0 1
    outer loop
      vertex 92.1292 51.9309 35
      vertex 92.2284 49.9119 35
      vertex 92.2284 52.208 35
    endloop
  endfacet
  facet normal 0 0 1
    outer loop
      vertex 92.1292 51.9309 35
      vertex 92.1292 50.1891 35
      vertex 92.2284 49.9119 35
    endloop
  endfacet
  facet normal -0 0 1
    outer loop
      vertex 92.0576 51.6453 35
      vertex 92.1292 50.1891 35
      vertex 92.1292 51.9309 35
    endloop
  endfacet
  facet normal 0 0 1
    outer loop
      vertex 92.0576 51.6453 35
      vertex 92.0576 50.4747 35
      vertex 92.1292 50.1891 35
    endloop
  endfacet
  facet normal -0 0 1
    outer loop
      vertex 92.0144 51.354 35
      vertex 92.0576 50.4747 35
      vertex 92.0576 51.6453 35
    endloop
  endfacet
  facet normal 0 0 1
    outer loop
      vertex 92.0144 51.354 35
      vertex 92.0144 50.7659 35
      vertex 92.0576 50.4747 35
    endloop
  endfacet
  facet normal 0 -0 1
    outer loop
      vertex 92.0144 50.7659 35
      vertex 92.0144 51.354 35
      vertex 92 51.06 35
    endloop
  endfacet
  facet normal 0.998803 0.0489044 0
    outer loop
      vertex 92.0144 50.7659 55
      vertex 92 51.06 35
      vertex 92 51.06 55
    endloop
  endfacet
  facet normal 0.998803 0.0489044 0
    outer loop
      vertex 92 51.06 35
      vertex 92.0144 50.7659 55
      vertex 92.0144 50.7659 35
    endloop
  endfacet
  facet normal 0.671607 -0.740908 0
    outer loop
      vertex 92.8787 53.1813 35
      vertex 93.0968 53.379 55
      vertex 92.8787 53.1813 55
    endloop
  endfacet
  facet normal 0.671607 -0.740908 0
    outer loop
      vertex 93.0968 53.379 55
      vertex 92.8787 53.1813 35
      vertex 93.0968 53.379 35
    endloop
  endfacet
  facet normal 0.427269 0.904125 -0
    outer loop
      vertex 93.852 48.2884 35
      vertex 93.5858 48.4142 55
      vertex 93.852 48.2884 55
    endloop
  endfacet
  facet normal 0.427269 0.904125 0
    outer loop
      vertex 93.5858 48.4142 55
      vertex 93.852 48.2884 35
      vertex 93.5858 48.4142 35
    endloop
  endfacet
  facet normal -0.989231 -0.146364 0
    outer loop
      vertex 97.9855 51.354 35
      vertex 97.9424 51.6453 55
      vertex 97.9424 51.6453 35
    endloop
  endfacet
  facet normal -0.989231 -0.146364 0
    outer loop
      vertex 97.9424 51.6453 55
      vertex 97.9855 51.354 35
      vertex 97.9855 51.354 55
    endloop
  endfacet
  facet normal -0.803208 -0.595699 0
    outer loop
      vertex 97.4944 52.7267 35
      vertex 97.319 52.9632 55
      vertex 97.319 52.9632 35
    endloop
  endfacet
  facet normal -0.803208 -0.595699 0
    outer loop
      vertex 97.319 52.9632 55
      vertex 97.4944 52.7267 35
      vertex 97.4944 52.7267 55
    endloop
  endfacet
  facet normal -0.671607 -0.740908 0
    outer loop
      vertex 96.9032 53.379 35
      vertex 97.1213 53.1813 55
      vertex 96.9032 53.379 55
    endloop
  endfacet
  facet normal -0.671607 -0.740908 -0
    outer loop
      vertex 97.1213 53.1813 55
      vertex 96.9032 53.379 35
      vertex 97.1213 53.1813 35
    endloop
  endfacet
  facet normal -0.740908 -0.671607 0
    outer loop
      vertex 97.319 52.9632 35
      vertex 97.1213 53.1813 55
      vertex 97.1213 53.1813 35
    endloop
  endfacet
  facet normal -0.740908 -0.671607 0
    outer loop
      vertex 97.1213 53.1813 55
      vertex 97.319 52.9632 35
      vertex 97.319 52.9632 55
    endloop
  endfacet
  facet normal 0.0489044 -0.998803 0
    outer loop
      vertex 94.7059 54.0456 35
      vertex 95 54.06 55
      vertex 94.7059 54.0456 55
    endloop
  endfacet
  facet normal 0.0489044 -0.998803 0
    outer loop
      vertex 95 54.06 55
      vertex 94.7059 54.0456 35
      vertex 95 54.06 35
    endloop
  endfacet
  facet normal -0.243255 -0.969962 0
    outer loop
      vertex 95.5853 54.0024 35
      vertex 95.8708 53.9308 55
      vertex 95.5853 54.0024 55
    endloop
  endfacet
  facet normal -0.243255 -0.969962 -0
    outer loop
      vertex 95.8708 53.9308 55
      vertex 95.5853 54.0024 35
      vertex 95.8708 53.9308 35
    endloop
  endfacet
  facet normal -0.146746 -0.989174 0
    outer loop
      vertex 95.2941 54.0456 35
      vertex 95.5853 54.0024 55
      vertex 95.2941 54.0456 55
    endloop
  endfacet
  facet normal -0.146746 -0.989174 -0
    outer loop
      vertex 95.5853 54.0024 55
      vertex 95.2941 54.0456 35
      vertex 95.5853 54.0024 35
    endloop
  endfacet
  facet normal -0.0489044 -0.998803 0
    outer loop
      vertex 95 54.06 35
      vertex 95.2941 54.0456 55
      vertex 95 54.06 55
    endloop
  endfacet
  facet normal -0.0489044 -0.998803 -0
    outer loop
      vertex 95.2941 54.0456 55
      vertex 95 54.06 35
      vertex 95.2941 54.0456 35
    endloop
  endfacet
  facet normal -0.595699 -0.803208 0
    outer loop
      vertex 96.6667 53.5544 35
      vertex 96.9032 53.379 55
      vertex 96.6667 53.5544 55
    endloop
  endfacet
  facet normal -0.595699 -0.803208 -0
    outer loop
      vertex 96.9032 53.379 55
      vertex 96.6667 53.5544 35
      vertex 96.9032 53.379 35
    endloop
  endfacet
  facet normal -0.514246 -0.857643 0
    outer loop
      vertex 96.4142 53.7058 35
      vertex 96.6667 53.5544 55
      vertex 96.4142 53.7058 55
    endloop
  endfacet
  facet normal -0.514246 -0.857643 -0
    outer loop
      vertex 96.6667 53.5544 55
      vertex 96.4142 53.7058 35
      vertex 96.6667 53.5544 35
    endloop
  endfacet
  facet normal 0.989182 -0.146696 0
    outer loop
      vertex 92.0144 51.354 55
      vertex 92.0576 51.6453 35
      vertex 92.0576 51.6453 55
    endloop
  endfacet
  facet normal 0.989182 -0.146696 0
    outer loop
      vertex 92.0576 51.6453 35
      vertex 92.0144 51.354 55
      vertex 92.0144 51.354 35
    endloop
  endfacet
  facet normal 0.998803 -0.0489209 0
    outer loop
      vertex 92 51.06 55
      vertex 92.0144 51.354 35
      vertex 92.0144 51.354 55
    endloop
  endfacet
  facet normal 0.998803 -0.0489209 0
    outer loop
      vertex 92.0144 51.354 35
      vertex 92 51.06 55
      vertex 92 51.06 35
    endloop
  endfacet
  facet normal 0.803208 -0.595699 0
    outer loop
      vertex 92.5056 52.7267 55
      vertex 92.681 52.9632 35
      vertex 92.681 52.9632 55
    endloop
  endfacet
  facet normal 0.803208 -0.595699 0
    outer loop
      vertex 92.681 52.9632 35
      vertex 92.5056 52.7267 55
      vertex 92.5056 52.7267 35
    endloop
  endfacet
  facet normal 0.904125 -0.427269 0
    outer loop
      vertex 92.2284 52.208 55
      vertex 92.3542 52.4742 35
      vertex 92.3542 52.4742 55
    endloop
  endfacet
  facet normal 0.904125 -0.427269 0
    outer loop
      vertex 92.3542 52.4742 35
      vertex 92.2284 52.208 55
      vertex 92.2284 52.208 35
    endloop
  endfacet
  facet normal 0.857643 -0.514246 0
    outer loop
      vertex 92.3542 52.4742 55
      vertex 92.5056 52.7267 35
      vertex 92.5056 52.7267 55
    endloop
  endfacet
  facet normal 0.857643 -0.514246 0
    outer loop
      vertex 92.5056 52.7267 35
      vertex 92.3542 52.4742 55
      vertex 92.3542 52.4742 35
    endloop
  endfacet
  facet normal 0.146746 -0.989174 0
    outer loop
      vertex 94.4147 54.0024 35
      vertex 94.7059 54.0456 55
      vertex 94.4147 54.0024 55
    endloop
  endfacet
  facet normal 0.146746 -0.989174 0
    outer loop
      vertex 94.7059 54.0456 55
      vertex 94.4147 54.0024 35
      vertex 94.7059 54.0456 35
    endloop
  endfacet
  facet normal 0.337047 -0.941488 0
    outer loop
      vertex 93.852 53.8316 35
      vertex 94.1291 53.9308 55
      vertex 93.852 53.8316 55
    endloop
  endfacet
  facet normal 0.337047 -0.941488 0
    outer loop
      vertex 94.1291 53.9308 55
      vertex 93.852 53.8316 35
      vertex 94.1291 53.9308 35
    endloop
  endfacet
  facet normal 0.243175 -0.969982 0
    outer loop
      vertex 94.1291 53.9308 35
      vertex 94.4147 54.0024 55
      vertex 94.1291 53.9308 55
    endloop
  endfacet
  facet normal 0.243175 -0.969982 0
    outer loop
      vertex 94.4147 54.0024 55
      vertex 94.1291 53.9308 35
      vertex 94.4147 54.0024 35
    endloop
  endfacet
  facet normal 0.514246 -0.857643 0
    outer loop
      vertex 93.3333 53.5544 35
      vertex 93.5858 53.7058 55
      vertex 93.3333 53.5544 55
    endloop
  endfacet
  facet normal 0.514246 -0.857643 0
    outer loop
      vertex 93.5858 53.7058 55
      vertex 93.3333 53.5544 35
      vertex 93.5858 53.7058 35
    endloop
  endfacet
  facet normal 0.595699 -0.803208 0
    outer loop
      vertex 93.0968 53.379 35
      vertex 93.3333 53.5544 55
      vertex 93.0968 53.379 55
    endloop
  endfacet
  facet normal 0.595699 -0.803208 0
    outer loop
      vertex 93.3333 53.5544 55
      vertex 93.0968 53.379 35
      vertex 93.3333 53.5544 35
    endloop
  endfacet
  facet normal 0.740908 -0.671607 0
    outer loop
      vertex 92.681 52.9632 55
      vertex 92.8787 53.1813 35
      vertex 92.8787 53.1813 55
    endloop
  endfacet
  facet normal 0.740908 -0.671607 0
    outer loop
      vertex 92.8787 53.1813 35
      vertex 92.681 52.9632 55
      vertex 92.681 52.9632 35
    endloop
  endfacet
  facet normal -0.998786 -0.0492599 0
    outer loop
      vertex 98 51.06 35
      vertex 97.9855 51.354 55
      vertex 97.9855 51.354 35
    endloop
  endfacet
  facet normal -0.998786 -0.0492599 0
    outer loop
      vertex 97.9855 51.354 55
      vertex 98 51.06 35
      vertex 98 51.06 55
    endloop
  endfacet
  facet normal -0.146746 0.989174 0
    outer loop
      vertex 95.5853 48.1176 35
      vertex 95.2941 48.0744 55
      vertex 95.5853 48.1176 55
    endloop
  endfacet
  facet normal -0.146746 0.989174 0
    outer loop
      vertex 95.2941 48.0744 55
      vertex 95.5853 48.1176 35
      vertex 95.2941 48.0744 35
    endloop
  endfacet
  facet normal -0.904125 -0.427269 0
    outer loop
      vertex 97.7716 52.208 35
      vertex 97.6458 52.4742 55
      vertex 97.6458 52.4742 35
    endloop
  endfacet
  facet normal -0.904125 -0.427269 0
    outer loop
      vertex 97.6458 52.4742 55
      vertex 97.7716 52.208 35
      vertex 97.7716 52.208 55
    endloop
  endfacet
  facet normal -0.941488 -0.337047 0
    outer loop
      vertex 97.8708 51.9309 35
      vertex 97.7716 52.208 55
      vertex 97.7716 52.208 35
    endloop
  endfacet
  facet normal -0.941488 -0.337047 0
    outer loop
      vertex 97.7716 52.208 55
      vertex 97.8708 51.9309 35
      vertex 97.8708 51.9309 55
    endloop
  endfacet
  facet normal -0.969982 -0.243175 0
    outer loop
      vertex 97.9424 51.6453 35
      vertex 97.8708 51.9309 55
      vertex 97.8708 51.9309 35
    endloop
  endfacet
  facet normal -0.969982 -0.243175 0
    outer loop
      vertex 97.8708 51.9309 55
      vertex 97.9424 51.6453 35
      vertex 97.9424 51.6453 55
    endloop
  endfacet
  facet normal -0.427269 -0.904125 0
    outer loop
      vertex 96.148 53.8316 35
      vertex 96.4142 53.7058 55
      vertex 96.148 53.8316 55
    endloop
  endfacet
  facet normal -0.427269 -0.904125 -0
    outer loop
      vertex 96.4142 53.7058 55
      vertex 96.148 53.8316 35
      vertex 96.4142 53.7058 35
    endloop
  endfacet
  facet normal 0.969982 -0.243175 0
    outer loop
      vertex 92.0576 51.6453 55
      vertex 92.1292 51.9309 35
      vertex 92.1292 51.9309 55
    endloop
  endfacet
  facet normal 0.969982 -0.243175 0
    outer loop
      vertex 92.1292 51.9309 35
      vertex 92.0576 51.6453 55
      vertex 92.0576 51.6453 35
    endloop
  endfacet
  facet normal -0.989224 0.146413 0
    outer loop
      vertex 97.9424 50.4747 35
      vertex 97.9855 50.7659 55
      vertex 97.9855 50.7659 35
    endloop
  endfacet
  facet normal -0.989224 0.146413 0
    outer loop
      vertex 97.9855 50.7659 55
      vertex 97.9424 50.4747 35
      vertex 97.9424 50.4747 55
    endloop
  endfacet
  facet normal -0.969982 0.243175 0
    outer loop
      vertex 97.8708 50.1891 35
      vertex 97.9424 50.4747 55
      vertex 97.9424 50.4747 35
    endloop
  endfacet
  facet normal -0.969982 0.243175 0
    outer loop
      vertex 97.9424 50.4747 55
      vertex 97.8708 50.1891 35
      vertex 97.8708 50.1891 55
    endloop
  endfacet
  facet normal -0.941527 0.336939 0
    outer loop
      vertex 97.7716 49.9119 35
      vertex 97.8708 50.1891 55
      vertex 97.8708 50.1891 35
    endloop
  endfacet
  facet normal -0.941527 0.336939 0
    outer loop
      vertex 97.8708 50.1891 55
      vertex 97.7716 49.9119 35
      vertex 97.7716 49.9119 55
    endloop
  endfacet
  facet normal -0.904063 0.4274 0
    outer loop
      vertex 97.6458 49.6458 35
      vertex 97.7716 49.9119 55
      vertex 97.7716 49.9119 35
    endloop
  endfacet
  facet normal -0.904063 0.4274 0
    outer loop
      vertex 97.7716 49.9119 55
      vertex 97.6458 49.6458 35
      vertex 97.6458 49.6458 55
    endloop
  endfacet
  facet normal 0.595699 0.803208 -0
    outer loop
      vertex 93.3333 48.5656 35
      vertex 93.0968 48.741 55
      vertex 93.3333 48.5656 55
    endloop
  endfacet
  facet normal 0.595699 0.803208 0
    outer loop
      vertex 93.0968 48.741 55
      vertex 93.3333 48.5656 35
      vertex 93.0968 48.741 35
    endloop
  endfacet
  facet normal 0.146746 0.989174 -0
    outer loop
      vertex 94.7059 48.0744 35
      vertex 94.4147 48.1176 55
      vertex 94.7059 48.0744 55
    endloop
  endfacet
  facet normal 0.146746 0.989174 0
    outer loop
      vertex 94.4147 48.1176 55
      vertex 94.7059 48.0744 35
      vertex 94.4147 48.1176 35
    endloop
  endfacet
  facet normal 0.989174 0.146746 0
    outer loop
      vertex 92.0576 50.4747 55
      vertex 92.0144 50.7659 35
      vertex 92.0144 50.7659 55
    endloop
  endfacet
  facet normal 0.989174 0.146746 0
    outer loop
      vertex 92.0144 50.7659 35
      vertex 92.0576 50.4747 55
      vertex 92.0576 50.4747 35
    endloop
  endfacet
  facet normal 0.740908 0.671607 0
    outer loop
      vertex 92.8787 48.9387 55
      vertex 92.681 49.1568 35
      vertex 92.681 49.1568 55
    endloop
  endfacet
  facet normal 0.740908 0.671607 0
    outer loop
      vertex 92.681 49.1568 35
      vertex 92.8787 48.9387 55
      vertex 92.8787 48.9387 35
    endloop
  endfacet
  facet normal -0.514246 0.857643 0
    outer loop
      vertex 96.6667 48.5656 35
      vertex 96.4142 48.4142 55
      vertex 96.6667 48.5656 55
    endloop
  endfacet
  facet normal -0.514246 0.857643 0
    outer loop
      vertex 96.4142 48.4142 55
      vertex 96.6667 48.5656 35
      vertex 96.4142 48.4142 35
    endloop
  endfacet
  facet normal -0.803208 0.595699 0
    outer loop
      vertex 97.319 49.1568 35
      vertex 97.4944 49.3933 55
      vertex 97.4944 49.3933 35
    endloop
  endfacet
  facet normal -0.803208 0.595699 0
    outer loop
      vertex 97.4944 49.3933 55
      vertex 97.319 49.1568 35
      vertex 97.319 49.1568 55
    endloop
  endfacet
  facet normal -0.857643 0.514246 0
    outer loop
      vertex 97.4944 49.3933 35
      vertex 97.6458 49.6458 55
      vertex 97.6458 49.6458 35
    endloop
  endfacet
  facet normal -0.857643 0.514246 0
    outer loop
      vertex 97.6458 49.6458 55
      vertex 97.4944 49.3933 35
      vertex 97.4944 49.3933 55
    endloop
  endfacet
  facet normal 0.0489044 0.998803 -0
    outer loop
      vertex 95 48.06 35
      vertex 94.7059 48.0744 55
      vertex 95 48.06 55
    endloop
  endfacet
  facet normal 0.0489044 0.998803 0
    outer loop
      vertex 94.7059 48.0744 55
      vertex 95 48.06 35
      vertex 94.7059 48.0744 35
    endloop
  endfacet
  facet normal -0.0489044 0.998803 0
    outer loop
      vertex 95.2941 48.0744 35
      vertex 95 48.06 55
      vertex 95.2941 48.0744 55
    endloop
  endfacet
  facet normal -0.0489044 0.998803 0
    outer loop
      vertex 95 48.06 55
      vertex 95.2941 48.0744 35
      vertex 95 48.06 35
    endloop
  endfacet
  facet normal 0.969982 0.243175 0
    outer loop
      vertex 92.1292 50.1891 55
      vertex 92.0576 50.4747 35
      vertex 92.0576 50.4747 55
    endloop
  endfacet
  facet normal 0.969982 0.243175 0
    outer loop
      vertex 92.0576 50.4747 35
      vertex 92.1292 50.1891 55
      vertex 92.1292 50.1891 35
    endloop
  endfacet
  facet normal 0.671607 0.740908 -0
    outer loop
      vertex 93.0968 48.741 35
      vertex 92.8787 48.9387 55
      vertex 93.0968 48.741 55
    endloop
  endfacet
  facet normal 0.671607 0.740908 0
    outer loop
      vertex 92.8787 48.9387 55
      vertex 93.0968 48.741 35
      vertex 92.8787 48.9387 35
    endloop
  endfacet
  facet normal 0.857643 0.514246 0
    outer loop
      vertex 92.5056 49.3933 55
      vertex 92.3542 49.6458 35
      vertex 92.3542 49.6458 55
    endloop
  endfacet
  facet normal 0.857643 0.514246 0
    outer loop
      vertex 92.3542 49.6458 35
      vertex 92.5056 49.3933 55
      vertex 92.5056 49.3933 35
    endloop
  endfacet
  facet normal 0.803208 0.595699 0
    outer loop
      vertex 92.681 49.1568 55
      vertex 92.5056 49.3933 35
      vertex 92.5056 49.3933 55
    endloop
  endfacet
  facet normal 0.803208 0.595699 0
    outer loop
      vertex 92.5056 49.3933 35
      vertex 92.681 49.1568 55
      vertex 92.681 49.1568 35
    endloop
  endfacet
  facet normal 0.904063 0.4274 0
    outer loop
      vertex 92.3542 49.6458 55
      vertex 92.2284 49.9119 35
      vertex 92.2284 49.9119 55
    endloop
  endfacet
  facet normal 0.904063 0.4274 0
    outer loop
      vertex 92.2284 49.9119 35
      vertex 92.3542 49.6458 55
      vertex 92.3542 49.6458 35
    endloop
  endfacet
  facet normal 0.941527 0.336939 0
    outer loop
      vertex 92.2284 49.9119 55
      vertex 92.1292 50.1891 35
      vertex 92.1292 50.1891 55
    endloop
  endfacet
  facet normal 0.941527 0.336939 0
    outer loop
      vertex 92.1292 50.1891 35
      vertex 92.2284 49.9119 55
      vertex 92.2284 49.9119 35
    endloop
  endfacet
  facet normal -0.595699 0.803208 0
    outer loop
      vertex 96.9032 48.741 35
      vertex 96.6667 48.5656 55
      vertex 96.9032 48.741 55
    endloop
  endfacet
  facet normal -0.595699 0.803208 0
    outer loop
      vertex 96.6667 48.5656 55
      vertex 96.9032 48.741 35
      vertex 96.6667 48.5656 35
    endloop
  endfacet
  facet normal -0.740908 0.671607 0
    outer loop
      vertex 97.1213 48.9387 35
      vertex 97.319 49.1568 55
      vertex 97.319 49.1568 35
    endloop
  endfacet
  facet normal -0.740908 0.671607 0
    outer loop
      vertex 97.319 49.1568 55
      vertex 97.1213 48.9387 35
      vertex 97.1213 48.9387 55
    endloop
  endfacet
  facet normal -0.671607 0.740908 0
    outer loop
      vertex 97.1213 48.9387 35
      vertex 96.9032 48.741 55
      vertex 97.1213 48.9387 55
    endloop
  endfacet
  facet normal -0.671607 0.740908 0
    outer loop
      vertex 96.9032 48.741 55
      vertex 97.1213 48.9387 35
      vertex 96.9032 48.741 35
    endloop
  endfacet
  facet normal 0.514246 0.857643 -0
    outer loop
      vertex 93.5858 48.4142 35
      vertex 93.3333 48.5656 55
      vertex 93.5858 48.4142 55
    endloop
  endfacet
  facet normal 0.514246 0.857643 0
    outer loop
      vertex 93.3333 48.5656 55
      vertex 93.5858 48.4142 35
      vertex 93.3333 48.5656 35
    endloop
  endfacet
  facet normal -0.336939 0.941527 0
    outer loop
      vertex 96.148 48.2884 35
      vertex 95.8708 48.1892 55
      vertex 96.148 48.2884 55
    endloop
  endfacet
  facet normal -0.336939 0.941527 0
    outer loop
      vertex 95.8708 48.1892 55
      vertex 96.148 48.2884 35
      vertex 95.8708 48.1892 35
    endloop
  endfacet
  facet normal -0.243255 0.969962 0
    outer loop
      vertex 95.8708 48.1892 35
      vertex 95.5853 48.1176 55
      vertex 95.8708 48.1892 55
    endloop
  endfacet
  facet normal -0.243255 0.969962 0
    outer loop
      vertex 95.5853 48.1176 55
      vertex 95.8708 48.1892 35
      vertex 95.5853 48.1176 35
    endloop
  endfacet
  facet normal 0.337047 0.941488 -0
    outer loop
      vertex 94.1291 48.1892 35
      vertex 93.852 48.2884 55
      vertex 94.1291 48.1892 55
    endloop
  endfacet
  facet normal 0.337047 0.941488 0
    outer loop
      vertex 93.852 48.2884 55
      vertex 94.1291 48.1892 35
      vertex 93.852 48.2884 35
    endloop
  endfacet
  facet normal 0.243175 0.969982 -0
    outer loop
      vertex 94.4147 48.1176 35
      vertex 94.1291 48.1892 55
      vertex 94.4147 48.1176 55
    endloop
  endfacet
  facet normal 0.243175 0.969982 0
    outer loop
      vertex 94.1291 48.1892 55
      vertex 94.4147 48.1176 35
      vertex 94.1291 48.1892 35
    endloop
  endfacet
  facet normal -0.998786 -0.0492599 0
    outer loop
      vertex 98 70.62 35
      vertex 97.9855 70.914 55
      vertex 97.9855 70.914 35
    endloop
  endfacet
  facet normal -0.998786 -0.0492599 0
    outer loop
      vertex 97.9855 70.914 55
      vertex 98 70.62 35
      vertex 98 70.62 55
    endloop
  endfacet
  facet normal 0.0489044 -0.998803 0
    outer loop
      vertex 94.7059 73.6056 35
      vertex 95 73.62 55
      vertex 94.7059 73.6056 55
    endloop
  endfacet
  facet normal 0.0489044 -0.998803 0
    outer loop
      vertex 95 73.62 55
      vertex 94.7059 73.6056 35
      vertex 95 73.62 35
    endloop
  endfacet
  facet normal -0.671607 -0.740908 0
    outer loop
      vertex 96.9032 72.939 35
      vertex 97.1213 72.7413 55
      vertex 96.9032 72.939 55
    endloop
  endfacet
  facet normal -0.671607 -0.740908 -0
    outer loop
      vertex 97.1213 72.7413 55
      vertex 96.9032 72.939 35
      vertex 97.1213 72.7413 35
    endloop
  endfacet
  facet normal 0.740908 -0.671607 0
    outer loop
      vertex 92.681 72.5232 55
      vertex 92.8787 72.7413 35
      vertex 92.8787 72.7413 55
    endloop
  endfacet
  facet normal 0.740908 -0.671607 0
    outer loop
      vertex 92.8787 72.7413 35
      vertex 92.681 72.5232 55
      vertex 92.681 72.5232 35
    endloop
  endfacet
  facet normal 0.427269 -0.904125 0
    outer loop
      vertex 93.5858 73.2658 35
      vertex 93.852 73.3916 55
      vertex 93.5858 73.2658 55
    endloop
  endfacet
  facet normal 0.427269 -0.904125 0
    outer loop
      vertex 93.852 73.3916 55
      vertex 93.5858 73.2658 35
      vertex 93.852 73.3916 35
    endloop
  endfacet
  facet normal 0.941527 0.336939 0
    outer loop
      vertex 92.2284 69.4719 55
      vertex 92.1292 69.7491 35
      vertex 92.1292 69.7491 55
    endloop
  endfacet
  facet normal 0.941527 0.336939 0
    outer loop
      vertex 92.1292 69.7491 35
      vertex 92.2284 69.4719 55
      vertex 92.2284 69.4719 35
    endloop
  endfacet
  facet normal -0.904063 -0.4274 0
    outer loop
      vertex 97.7716 71.7681 35
      vertex 97.6458 72.0342 55
      vertex 97.6458 72.0342 35
    endloop
  endfacet
  facet normal -0.904063 -0.4274 0
    outer loop
      vertex 97.6458 72.0342 55
      vertex 97.7716 71.7681 35
      vertex 97.7716 71.7681 55
    endloop
  endfacet
  facet normal -0.336939 -0.941527 0
    outer loop
      vertex 95.8708 73.4908 35
      vertex 96.148 73.3916 55
      vertex 95.8708 73.4908 55
    endloop
  endfacet
  facet normal -0.336939 -0.941527 -0
    outer loop
      vertex 96.148 73.3916 55
      vertex 95.8708 73.4908 35
      vertex 96.148 73.3916 35
    endloop
  endfacet
  facet normal 0.904063 -0.4274 0
    outer loop
      vertex 92.2284 71.7681 55
      vertex 92.3542 72.0342 35
      vertex 92.3542 72.0342 55
    endloop
  endfacet
  facet normal 0.904063 -0.4274 0
    outer loop
      vertex 92.3542 72.0342 35
      vertex 92.2284 71.7681 55
      vertex 92.2284 71.7681 35
    endloop
  endfacet
  facet normal 0.857643 -0.514246 0
    outer loop
      vertex 92.3542 72.0342 55
      vertex 92.5056 72.2867 35
      vertex 92.5056 72.2867 55
    endloop
  endfacet
  facet normal 0.857643 -0.514246 0
    outer loop
      vertex 92.5056 72.2867 35
      vertex 92.3542 72.0342 55
      vertex 92.3542 72.0342 35
    endloop
  endfacet
  facet normal 0.243175 -0.969982 0
    outer loop
      vertex 94.1291 73.4908 35
      vertex 94.4147 73.5624 55
      vertex 94.1291 73.4908 55
    endloop
  endfacet
  facet normal 0.243175 -0.969982 0
    outer loop
      vertex 94.4147 73.5624 55
      vertex 94.1291 73.4908 35
      vertex 94.4147 73.5624 35
    endloop
  endfacet
  facet normal -0.904063 0.4274 0
    outer loop
      vertex 97.6458 69.2058 35
      vertex 97.7716 69.4719 55
      vertex 97.7716 69.4719 35
    endloop
  endfacet
  facet normal -0.904063 0.4274 0
    outer loop
      vertex 97.7716 69.4719 55
      vertex 97.6458 69.2058 35
      vertex 97.6458 69.2058 55
    endloop
  endfacet
  facet normal -0.336939 0.941527 0
    outer loop
      vertex 96.148 67.8484 35
      vertex 95.8708 67.7492 55
      vertex 96.148 67.8484 55
    endloop
  endfacet
  facet normal -0.336939 0.941527 0
    outer loop
      vertex 95.8708 67.7492 55
      vertex 96.148 67.8484 35
      vertex 95.8708 67.7492 35
    endloop
  endfacet
  facet normal -0.740908 0.671607 0
    outer loop
      vertex 97.1213 68.4987 35
      vertex 97.319 68.7168 55
      vertex 97.319 68.7168 35
    endloop
  endfacet
  facet normal -0.740908 0.671607 0
    outer loop
      vertex 97.319 68.7168 55
      vertex 97.1213 68.4987 35
      vertex 97.1213 68.4987 55
    endloop
  endfacet
  facet normal -0.969982 0.243175 0
    outer loop
      vertex 97.8708 69.7491 35
      vertex 97.9424 70.0347 55
      vertex 97.9424 70.0347 35
    endloop
  endfacet
  facet normal -0.969982 0.243175 0
    outer loop
      vertex 97.9424 70.0347 55
      vertex 97.8708 69.7491 35
      vertex 97.8708 69.7491 55
    endloop
  endfacet
  facet normal 0.243175 0.969982 -0
    outer loop
      vertex 94.4147 67.6776 35
      vertex 94.1291 67.7492 55
      vertex 94.4147 67.6776 55
    endloop
  endfacet
  facet normal 0.243175 0.969982 0
    outer loop
      vertex 94.1291 67.7492 55
      vertex 94.4147 67.6776 35
      vertex 94.1291 67.7492 35
    endloop
  endfacet
  facet normal 0.671607 0.740908 -0
    outer loop
      vertex 93.0968 68.301 35
      vertex 92.8787 68.4987 55
      vertex 93.0968 68.301 55
    endloop
  endfacet
  facet normal 0.671607 0.740908 0
    outer loop
      vertex 92.8787 68.4987 55
      vertex 93.0968 68.301 35
      vertex 92.8787 68.4987 35
    endloop
  endfacet
  facet normal 0.740908 0.671607 0
    outer loop
      vertex 92.8787 68.4987 55
      vertex 92.681 68.7168 35
      vertex 92.681 68.7168 55
    endloop
  endfacet
  facet normal 0.740908 0.671607 0
    outer loop
      vertex 92.681 68.7168 35
      vertex 92.8787 68.4987 55
      vertex 92.8787 68.4987 35
    endloop
  endfacet
  facet normal -0.969982 -0.243175 0
    outer loop
      vertex 97.9424 71.2053 35
      vertex 97.8708 71.4909 55
      vertex 97.8708 71.4909 35
    endloop
  endfacet
  facet normal -0.969982 -0.243175 0
    outer loop
      vertex 97.8708 71.4909 55
      vertex 97.9424 71.2053 35
      vertex 97.9424 71.2053 55
    endloop
  endfacet
  facet normal -0.989231 -0.146364 0
    outer loop
      vertex 97.9855 70.914 35
      vertex 97.9424 71.2053 55
      vertex 97.9424 71.2053 35
    endloop
  endfacet
  facet normal -0.989231 -0.146364 0
    outer loop
      vertex 97.9424 71.2053 55
      vertex 97.9855 70.914 35
      vertex 97.9855 70.914 55
    endloop
  endfacet
  facet normal -0.941527 -0.336939 0
    outer loop
      vertex 97.8708 71.4909 35
      vertex 97.7716 71.7681 55
      vertex 97.7716 71.7681 35
    endloop
  endfacet
  facet normal -0.941527 -0.336939 0
    outer loop
      vertex 97.7716 71.7681 55
      vertex 97.8708 71.4909 35
      vertex 97.8708 71.4909 55
    endloop
  endfacet
  facet normal -0.803208 -0.595699 0
    outer loop
      vertex 97.4944 72.2867 35
      vertex 97.319 72.5232 55
      vertex 97.319 72.5232 35
    endloop
  endfacet
  facet normal -0.803208 -0.595699 0
    outer loop
      vertex 97.319 72.5232 55
      vertex 97.4944 72.2867 35
      vertex 97.4944 72.2867 55
    endloop
  endfacet
  facet normal -0.857643 -0.514246 0
    outer loop
      vertex 97.6458 72.0342 35
      vertex 97.4944 72.2867 55
      vertex 97.4944 72.2867 35
    endloop
  endfacet
  facet normal -0.857643 -0.514246 0
    outer loop
      vertex 97.4944 72.2867 55
      vertex 97.6458 72.0342 35
      vertex 97.6458 72.0342 55
    endloop
  endfacet
  facet normal -0.146746 -0.989174 0
    outer loop
      vertex 95.2941 73.6056 35
      vertex 95.5853 73.5624 55
      vertex 95.2941 73.6056 55
    endloop
  endfacet
  facet normal -0.146746 -0.989174 -0
    outer loop
      vertex 95.5853 73.5624 55
      vertex 95.2941 73.6056 35
      vertex 95.5853 73.5624 35
    endloop
  endfacet
  facet normal -0.0489044 -0.998803 0
    outer loop
      vertex 95 73.62 35
      vertex 95.2941 73.6056 55
      vertex 95 73.62 55
    endloop
  endfacet
  facet normal -0.0489044 -0.998803 -0
    outer loop
      vertex 95.2941 73.6056 55
      vertex 95 73.62 35
      vertex 95.2941 73.6056 35
    endloop
  endfacet
  facet normal -0.514246 -0.857643 0
    outer loop
      vertex 96.4142 73.2658 35
      vertex 96.6667 73.1144 55
      vertex 96.4142 73.2658 55
    endloop
  endfacet
  facet normal -0.514246 -0.857643 -0
    outer loop
      vertex 96.6667 73.1144 55
      vertex 96.4142 73.2658 35
      vertex 96.6667 73.1144 35
    endloop
  endfacet
  facet normal -0.595699 -0.803208 0
    outer loop
      vertex 96.6667 73.1144 35
      vertex 96.9032 72.939 55
      vertex 96.6667 73.1144 55
    endloop
  endfacet
  facet normal -0.595699 -0.803208 -0
    outer loop
      vertex 96.9032 72.939 55
      vertex 96.6667 73.1144 35
      vertex 96.9032 72.939 35
    endloop
  endfacet
  facet normal 0.989182 -0.146696 0
    outer loop
      vertex 92.0144 70.914 55
      vertex 92.0576 71.2053 35
      vertex 92.0576 71.2053 55
    endloop
  endfacet
  facet normal 0.989182 -0.146696 0
    outer loop
      vertex 92.0576 71.2053 35
      vertex 92.0144 70.914 55
      vertex 92.0144 70.914 35
    endloop
  endfacet
  facet normal 0 0 1
    outer loop
      vertex 97.9855 70.914 35
      vertex 97.9855 70.326 35
      vertex 98 70.62 35
    endloop
  endfacet
  facet normal 0 0 1
    outer loop
      vertex 97.9424 71.2053 35
      vertex 97.9855 70.326 35
      vertex 97.9855 70.914 35
    endloop
  endfacet
  facet normal 0 0 1
    outer loop
      vertex 97.9424 71.2053 35
      vertex 97.9424 70.0347 35
      vertex 97.9855 70.326 35
    endloop
  endfacet
  facet normal 0 0 1
    outer loop
      vertex 97.8708 71.4909 35
      vertex 97.9424 70.0347 35
      vertex 97.9424 71.2053 35
    endloop
  endfacet
  facet normal 0 0 1
    outer loop
      vertex 97.8708 71.4909 35
      vertex 97.8708 69.7491 35
      vertex 97.9424 70.0347 35
    endloop
  endfacet
  facet normal 0 0 1
    outer loop
      vertex 97.7716 71.7681 35
      vertex 97.8708 69.7491 35
      vertex 97.8708 71.4909 35
    endloop
  endfacet
  facet normal 0 0 1
    outer loop
      vertex 97.7716 71.7681 35
      vertex 97.7716 69.4719 35
      vertex 97.8708 69.7491 35
    endloop
  endfacet
  facet normal 0 0 1
    outer loop
      vertex 97.6458 72.0342 35
      vertex 97.7716 69.4719 35
      vertex 97.7716 71.7681 35
    endloop
  endfacet
  facet normal 0 0 1
    outer loop
      vertex 97.6458 72.0342 35
      vertex 97.6458 69.2058 35
      vertex 97.7716 69.4719 35
    endloop
  endfacet
  facet normal 0 0 1
    outer loop
      vertex 97.4944 72.2867 35
      vertex 97.6458 69.2058 35
      vertex 97.6458 72.0342 35
    endloop
  endfacet
  facet normal 0 0 1
    outer loop
      vertex 97.4944 72.2867 35
      vertex 97.4944 68.9533 35
      vertex 97.6458 69.2058 35
    endloop
  endfacet
  facet normal 0 0 1
    outer loop
      vertex 97.319 72.5232 35
      vertex 97.4944 68.9533 35
      vertex 97.4944 72.2867 35
    endloop
  endfacet
  facet normal 0 0 1
    outer loop
      vertex 97.319 72.5232 35
      vertex 97.319 68.7168 35
      vertex 97.4944 68.9533 35
    endloop
  endfacet
  facet normal 0 0 1
    outer loop
      vertex 97.1213 72.7413 35
      vertex 97.319 68.7168 35
      vertex 97.319 72.5232 35
    endloop
  endfacet
  facet normal 0 0 1
    outer loop
      vertex 97.1213 72.7413 35
      vertex 97.1213 68.4987 35
      vertex 97.319 68.7168 35
    endloop
  endfacet
  facet normal 0 0 1
    outer loop
      vertex 96.9032 72.939 35
      vertex 97.1213 68.4987 35
      vertex 97.1213 72.7413 35
    endloop
  endfacet
  facet normal 0 0 1
    outer loop
      vertex 96.9032 72.939 35
      vertex 96.9032 68.301 35
      vertex 97.1213 68.4987 35
    endloop
  endfacet
  facet normal 0 0 1
    outer loop
      vertex 96.6667 73.1144 35
      vertex 96.9032 68.301 35
      vertex 96.9032 72.939 35
    endloop
  endfacet
  facet normal 0 0 1
    outer loop
      vertex 96.6667 73.1144 35
      vertex 96.6667 68.1256 35
      vertex 96.9032 68.301 35
    endloop
  endfacet
  facet normal 0 0 1
    outer loop
      vertex 96.4142 73.2658 35
      vertex 96.6667 68.1256 35
      vertex 96.6667 73.1144 35
    endloop
  endfacet
  facet normal 0 0 1
    outer loop
      vertex 96.4142 73.2658 35
      vertex 96.4142 67.9742 35
      vertex 96.6667 68.1256 35
    endloop
  endfacet
  facet normal 0 0 1
    outer loop
      vertex 96.148 73.3916 35
      vertex 96.4142 67.9742 35
      vertex 96.4142 73.2658 35
    endloop
  endfacet
  facet normal 0 0 1
    outer loop
      vertex 96.148 73.3916 35
      vertex 96.148 67.8484 35
      vertex 96.4142 67.9742 35
    endloop
  endfacet
  facet normal 0 0 1
    outer loop
      vertex 95.8708 73.4908 35
      vertex 96.148 67.8484 35
      vertex 96.148 73.3916 35
    endloop
  endfacet
  facet normal 0 0 1
    outer loop
      vertex 95.8708 73.4908 35
      vertex 95.8708 67.7492 35
      vertex 96.148 67.8484 35
    endloop
  endfacet
  facet normal 0 0 1
    outer loop
      vertex 95.5853 73.5624 35
      vertex 95.8708 67.7492 35
      vertex 95.8708 73.4908 35
    endloop
  endfacet
  facet normal 0 0 1
    outer loop
      vertex 95.5853 73.5624 35
      vertex 95.5853 67.6776 35
      vertex 95.8708 67.7492 35
    endloop
  endfacet
  facet normal 0 0 1
    outer loop
      vertex 95.2941 73.6056 35
      vertex 95.5853 67.6776 35
      vertex 95.5853 73.5624 35
    endloop
  endfacet
  facet normal 0 0 1
    outer loop
      vertex 95.2941 73.6056 35
      vertex 95.2941 67.6344 35
      vertex 95.5853 67.6776 35
    endloop
  endfacet
  facet normal 0 0 1
    outer loop
      vertex 95 73.62 35
      vertex 95.2941 67.6344 35
      vertex 95.2941 73.6056 35
    endloop
  endfacet
  facet normal 0 0 1
    outer loop
      vertex 95 73.62 35
      vertex 95 67.62 35
      vertex 95.2941 67.6344 35
    endloop
  endfacet
  facet normal -0 0 1
    outer loop
      vertex 94.7059 73.6056 35
      vertex 95 67.62 35
      vertex 95 73.62 35
    endloop
  endfacet
  facet normal 0 0 1
    outer loop
      vertex 94.7059 73.6056 35
      vertex 94.7059 67.6344 35
      vertex 95 67.62 35
    endloop
  endfacet
  facet normal -0 0 1
    outer loop
      vertex 94.4147 73.5624 35
      vertex 94.7059 67.6344 35
      vertex 94.7059 73.6056 35
    endloop
  endfacet
  facet normal 0 0 1
    outer loop
      vertex 94.4147 73.5624 35
      vertex 94.4147 67.6776 35
      vertex 94.7059 67.6344 35
    endloop
  endfacet
  facet normal -0 0 1
    outer loop
      vertex 94.1291 73.4908 35
      vertex 94.4147 67.6776 35
      vertex 94.4147 73.5624 35
    endloop
  endfacet
  facet normal 0 0 1
    outer loop
      vertex 94.1291 73.4908 35
      vertex 94.1291 67.7492 35
      vertex 94.4147 67.6776 35
    endloop
  endfacet
  facet normal -0 0 1
    outer loop
      vertex 93.852 73.3916 35
      vertex 94.1291 67.7492 35
      vertex 94.1291 73.4908 35
    endloop
  endfacet
  facet normal 0 0 1
    outer loop
      vertex 93.852 73.3916 35
      vertex 93.852 67.8484 35
      vertex 94.1291 67.7492 35
    endloop
  endfacet
  facet normal -0 0 1
    outer loop
      vertex 93.5858 73.2658 35
      vertex 93.852 67.8484 35
      vertex 93.852 73.3916 35
    endloop
  endfacet
  facet normal 0 0 1
    outer loop
      vertex 93.5858 73.2658 35
      vertex 93.5858 67.9742 35
      vertex 93.852 67.8484 35
    endloop
  endfacet
  facet normal -0 0 1
    outer loop
      vertex 93.3333 73.1144 35
      vertex 93.5858 67.9742 35
      vertex 93.5858 73.2658 35
    endloop
  endfacet
  facet normal 0 0 1
    outer loop
      vertex 93.3333 73.1144 35
      vertex 93.3333 68.1256 35
      vertex 93.5858 67.9742 35
    endloop
  endfacet
  facet normal -0 0 1
    outer loop
      vertex 93.0968 72.939 35
      vertex 93.3333 68.1256 35
      vertex 93.3333 73.1144 35
    endloop
  endfacet
  facet normal 0 0 1
    outer loop
      vertex 93.0968 72.939 35
      vertex 93.0968 68.301 35
      vertex 93.3333 68.1256 35
    endloop
  endfacet
  facet normal -0 0 1
    outer loop
      vertex 92.8787 72.7413 35
      vertex 93.0968 68.301 35
      vertex 93.0968 72.939 35
    endloop
  endfacet
  facet normal 0 0 1
    outer loop
      vertex 92.8787 72.7413 35
      vertex 92.8787 68.4987 35
      vertex 93.0968 68.301 35
    endloop
  endfacet
  facet normal -0 0 1
    outer loop
      vertex 92.681 72.5232 35
      vertex 92.8787 68.4987 35
      vertex 92.8787 72.7413 35
    endloop
  endfacet
  facet normal 0 0 1
    outer loop
      vertex 92.681 72.5232 35
      vertex 92.681 68.7168 35
      vertex 92.8787 68.4987 35
    endloop
  endfacet
  facet normal -0 0 1
    outer loop
      vertex 92.5056 72.2867 35
      vertex 92.681 68.7168 35
      vertex 92.681 72.5232 35
    endloop
  endfacet
  facet normal 0 0 1
    outer loop
      vertex 92.5056 72.2867 35
      vertex 92.5056 68.9533 35
      vertex 92.681 68.7168 35
    endloop
  endfacet
  facet normal -0 0 1
    outer loop
      vertex 92.3542 72.0342 35
      vertex 92.5056 68.9533 35
      vertex 92.5056 72.2867 35
    endloop
  endfacet
  facet normal 0 0 1
    outer loop
      vertex 92.3542 72.0342 35
      vertex 92.3542 69.2058 35
      vertex 92.5056 68.9533 35
    endloop
  endfacet
  facet normal -0 0 1
    outer loop
      vertex 92.2284 71.7681 35
      vertex 92.3542 69.2058 35
      vertex 92.3542 72.0342 35
    endloop
  endfacet
  facet normal 0 0 1
    outer loop
      vertex 92.2284 71.7681 35
      vertex 92.2284 69.4719 35
      vertex 92.3542 69.2058 35
    endloop
  endfacet
  facet normal -0 0 1
    outer loop
      vertex 92.1292 71.4909 35
      vertex 92.2284 69.4719 35
      vertex 92.2284 71.7681 35
    endloop
  endfacet
  facet normal 0 0 1
    outer loop
      vertex 92.1292 71.4909 35
      vertex 92.1292 69.7491 35
      vertex 92.2284 69.4719 35
    endloop
  endfacet
  facet normal -0 0 1
    outer loop
      vertex 92.0576 71.2053 35
      vertex 92.1292 69.7491 35
      vertex 92.1292 71.4909 35
    endloop
  endfacet
  facet normal 0 0 1
    outer loop
      vertex 92.0576 71.2053 35
      vertex 92.0576 70.0347 35
      vertex 92.1292 69.7491 35
    endloop
  endfacet
  facet normal -0 0 1
    outer loop
      vertex 92.0144 70.914 35
      vertex 92.0576 70.0347 35
      vertex 92.0576 71.2053 35
    endloop
  endfacet
  facet normal 0 0 1
    outer loop
      vertex 92.0144 70.914 35
      vertex 92.0144 70.326 35
      vertex 92.0576 70.0347 35
    endloop
  endfacet
  facet normal 0 -0 1
    outer loop
      vertex 92.0144 70.326 35
      vertex 92.0144 70.914 35
      vertex 92 70.62 35
    endloop
  endfacet
  facet normal 0.941527 -0.336939 0
    outer loop
      vertex 92.1292 71.4909 55
      vertex 92.2284 71.7681 35
      vertex 92.2284 71.7681 55
    endloop
  endfacet
  facet normal 0.941527 -0.336939 0
    outer loop
      vertex 92.2284 71.7681 35
      vertex 92.1292 71.4909 55
      vertex 92.1292 71.4909 35
    endloop
  endfacet
  facet normal 0.998803 -0.0489209 0
    outer loop
      vertex 92 70.62 55
      vertex 92.0144 70.914 35
      vertex 92.0144 70.914 55
    endloop
  endfacet
  facet normal 0.998803 -0.0489209 0
    outer loop
      vertex 92.0144 70.914 35
      vertex 92 70.62 55
      vertex 92 70.62 35
    endloop
  endfacet
  facet normal 0.595699 -0.803208 0
    outer loop
      vertex 93.0968 72.939 35
      vertex 93.3333 73.1144 55
      vertex 93.0968 72.939 55
    endloop
  endfacet
  facet normal 0.595699 -0.803208 0
    outer loop
      vertex 93.3333 73.1144 55
      vertex 93.0968 72.939 35
      vertex 93.3333 73.1144 35
    endloop
  endfacet
  facet normal 0.146746 -0.989174 0
    outer loop
      vertex 94.4147 73.5624 35
      vertex 94.7059 73.6056 55
      vertex 94.4147 73.5624 55
    endloop
  endfacet
  facet normal 0.146746 -0.989174 0
    outer loop
      vertex 94.7059 73.6056 55
      vertex 94.4147 73.5624 35
      vertex 94.7059 73.6056 35
    endloop
  endfacet
  facet normal -0.998786 0.0492599 0
    outer loop
      vertex 97.9855 70.326 35
      vertex 98 70.62 55
      vertex 98 70.62 35
    endloop
  endfacet
  facet normal -0.998786 0.0492599 0
    outer loop
      vertex 98 70.62 55
      vertex 97.9855 70.326 35
      vertex 97.9855 70.326 55
    endloop
  endfacet
  facet normal -0.146746 0.989174 0
    outer loop
      vertex 95.5853 67.6776 35
      vertex 95.2941 67.6344 55
      vertex 95.5853 67.6776 55
    endloop
  endfacet
  facet normal -0.146746 0.989174 0
    outer loop
      vertex 95.2941 67.6344 55
      vertex 95.5853 67.6776 35
      vertex 95.2941 67.6344 35
    endloop
  endfacet
  facet normal -0.514246 0.857643 0
    outer loop
      vertex 96.6667 68.1256 35
      vertex 96.4142 67.9742 55
      vertex 96.6667 68.1256 55
    endloop
  endfacet
  facet normal -0.514246 0.857643 0
    outer loop
      vertex 96.4142 67.9742 55
      vertex 96.6667 68.1256 35
      vertex 96.4142 67.9742 35
    endloop
  endfacet
  facet normal -0.671607 0.740908 0
    outer loop
      vertex 97.1213 68.4987 35
      vertex 96.9032 68.301 55
      vertex 97.1213 68.4987 55
    endloop
  endfacet
  facet normal -0.671607 0.740908 0
    outer loop
      vertex 96.9032 68.301 55
      vertex 97.1213 68.4987 35
      vertex 96.9032 68.301 35
    endloop
  endfacet
  facet normal -0.595699 0.803208 0
    outer loop
      vertex 96.9032 68.301 35
      vertex 96.6667 68.1256 55
      vertex 96.9032 68.301 55
    endloop
  endfacet
  facet normal -0.595699 0.803208 0
    outer loop
      vertex 96.6667 68.1256 55
      vertex 96.9032 68.301 35
      vertex 96.6667 68.1256 35
    endloop
  endfacet
  facet normal -0.803208 0.595699 0
    outer loop
      vertex 97.319 68.7168 35
      vertex 97.4944 68.9533 55
      vertex 97.4944 68.9533 35
    endloop
  endfacet
  facet normal -0.803208 0.595699 0
    outer loop
      vertex 97.4944 68.9533 55
      vertex 97.319 68.7168 35
      vertex 97.319 68.7168 55
    endloop
  endfacet
  facet normal -0.857643 0.514246 0
    outer loop
      vertex 97.4944 68.9533 35
      vertex 97.6458 69.2058 55
      vertex 97.6458 69.2058 35
    endloop
  endfacet
  facet normal -0.857643 0.514246 0
    outer loop
      vertex 97.6458 69.2058 55
      vertex 97.4944 68.9533 35
      vertex 97.4944 68.9533 55
    endloop
  endfacet
  facet normal 0.595699 0.803208 -0
    outer loop
      vertex 93.3333 68.1256 35
      vertex 93.0968 68.301 55
      vertex 93.3333 68.1256 55
    endloop
  endfacet
  facet normal 0.595699 0.803208 0
    outer loop
      vertex 93.0968 68.301 55
      vertex 93.3333 68.1256 35
      vertex 93.0968 68.301 35
    endloop
  endfacet
  facet normal 0.514246 0.857643 -0
    outer loop
      vertex 93.5858 67.9742 35
      vertex 93.3333 68.1256 55
      vertex 93.5858 67.9742 55
    endloop
  endfacet
  facet normal 0.514246 0.857643 0
    outer loop
      vertex 93.3333 68.1256 55
      vertex 93.5858 67.9742 35
      vertex 93.3333 68.1256 35
    endloop
  endfacet
  facet normal 0.427269 0.904125 -0
    outer loop
      vertex 93.852 67.8484 35
      vertex 93.5858 67.9742 55
      vertex 93.852 67.8484 55
    endloop
  endfacet
  facet normal 0.427269 0.904125 0
    outer loop
      vertex 93.5858 67.9742 55
      vertex 93.852 67.8484 35
      vertex 93.5858 67.9742 35
    endloop
  endfacet
  facet normal 0.0489044 0.998803 -0
    outer loop
      vertex 95 67.62 35
      vertex 94.7059 67.6344 55
      vertex 95 67.62 55
    endloop
  endfacet
  facet normal 0.0489044 0.998803 0
    outer loop
      vertex 94.7059 67.6344 55
      vertex 95 67.62 35
      vertex 94.7059 67.6344 35
    endloop
  endfacet
  facet normal 0.857643 0.514246 0
    outer loop
      vertex 92.5056 68.9533 55
      vertex 92.3542 69.2058 35
      vertex 92.3542 69.2058 55
    endloop
  endfacet
  facet normal 0.857643 0.514246 0
    outer loop
      vertex 92.3542 69.2058 35
      vertex 92.5056 68.9533 55
      vertex 92.5056 68.9533 35
    endloop
  endfacet
  facet normal 0.904063 0.4274 0
    outer loop
      vertex 92.3542 69.2058 55
      vertex 92.2284 69.4719 35
      vertex 92.2284 69.4719 55
    endloop
  endfacet
  facet normal 0.904063 0.4274 0
    outer loop
      vertex 92.2284 69.4719 35
      vertex 92.3542 69.2058 55
      vertex 92.3542 69.2058 35
    endloop
  endfacet
  facet normal 0.989182 0.146696 0
    outer loop
      vertex 92.0576 70.0347 55
      vertex 92.0144 70.326 35
      vertex 92.0144 70.326 55
    endloop
  endfacet
  facet normal 0.989182 0.146696 0
    outer loop
      vertex 92.0144 70.326 35
      vertex 92.0576 70.0347 55
      vertex 92.0576 70.0347 35
    endloop
  endfacet
  facet normal -0.740908 -0.671607 0
    outer loop
      vertex 97.319 72.5232 35
      vertex 97.1213 72.7413 55
      vertex 97.1213 72.7413 35
    endloop
  endfacet
  facet normal -0.740908 -0.671607 0
    outer loop
      vertex 97.1213 72.7413 55
      vertex 97.319 72.5232 35
      vertex 97.319 72.5232 55
    endloop
  endfacet
  facet normal -0.243255 -0.969962 0
    outer loop
      vertex 95.5853 73.5624 35
      vertex 95.8708 73.4908 55
      vertex 95.5853 73.5624 55
    endloop
  endfacet
  facet normal -0.243255 -0.969962 -0
    outer loop
      vertex 95.8708 73.4908 55
      vertex 95.5853 73.5624 35
      vertex 95.8708 73.4908 35
    endloop
  endfacet
  facet normal -0.427269 -0.904125 0
    outer loop
      vertex 96.148 73.3916 35
      vertex 96.4142 73.2658 55
      vertex 96.148 73.3916 55
    endloop
  endfacet
  facet normal -0.427269 -0.904125 -0
    outer loop
      vertex 96.4142 73.2658 55
      vertex 96.148 73.3916 35
      vertex 96.4142 73.2658 35
    endloop
  endfacet
  facet normal 0.803208 -0.595699 0
    outer loop
      vertex 92.5056 72.2867 55
      vertex 92.681 72.5232 35
      vertex 92.681 72.5232 55
    endloop
  endfacet
  facet normal 0.803208 -0.595699 0
    outer loop
      vertex 92.681 72.5232 35
      vertex 92.5056 72.2867 55
      vertex 92.5056 72.2867 35
    endloop
  endfacet
  facet normal 0.969982 -0.243175 0
    outer loop
      vertex 92.0576 71.2053 55
      vertex 92.1292 71.4909 35
      vertex 92.1292 71.4909 55
    endloop
  endfacet
  facet normal 0.969982 -0.243175 0
    outer loop
      vertex 92.1292 71.4909 35
      vertex 92.0576 71.2053 55
      vertex 92.0576 71.2053 35
    endloop
  endfacet
  facet normal 0.998803 0.0489209 0
    outer loop
      vertex 92.0144 70.326 55
      vertex 92 70.62 35
      vertex 92 70.62 55
    endloop
  endfacet
  facet normal 0.998803 0.0489209 0
    outer loop
      vertex 92 70.62 35
      vertex 92.0144 70.326 55
      vertex 92.0144 70.326 35
    endloop
  endfacet
  facet normal 0.671607 -0.740908 0
    outer loop
      vertex 92.8787 72.7413 35
      vertex 93.0968 72.939 55
      vertex 92.8787 72.7413 55
    endloop
  endfacet
  facet normal 0.671607 -0.740908 0
    outer loop
      vertex 93.0968 72.939 55
      vertex 92.8787 72.7413 35
      vertex 93.0968 72.939 35
    endloop
  endfacet
  facet normal 0.514246 -0.857643 0
    outer loop
      vertex 93.3333 73.1144 35
      vertex 93.5858 73.2658 55
      vertex 93.3333 73.1144 55
    endloop
  endfacet
  facet normal 0.514246 -0.857643 0
    outer loop
      vertex 93.5858 73.2658 55
      vertex 93.3333 73.1144 35
      vertex 93.5858 73.2658 35
    endloop
  endfacet
  facet normal 0.337047 -0.941488 0
    outer loop
      vertex 93.852 73.3916 35
      vertex 94.1291 73.4908 55
      vertex 93.852 73.3916 55
    endloop
  endfacet
  facet normal 0.337047 -0.941488 0
    outer loop
      vertex 94.1291 73.4908 55
      vertex 93.852 73.3916 35
      vertex 94.1291 73.4908 35
    endloop
  endfacet
  facet normal -0.243255 0.969962 0
    outer loop
      vertex 95.8708 67.7492 35
      vertex 95.5853 67.6776 55
      vertex 95.8708 67.7492 55
    endloop
  endfacet
  facet normal -0.243255 0.969962 0
    outer loop
      vertex 95.5853 67.6776 55
      vertex 95.8708 67.7492 35
      vertex 95.5853 67.6776 35
    endloop
  endfacet
  facet normal -0.427269 0.904125 0
    outer loop
      vertex 96.4142 67.9742 35
      vertex 96.148 67.8484 55
      vertex 96.4142 67.9742 55
    endloop
  endfacet
  facet normal -0.427269 0.904125 0
    outer loop
      vertex 96.148 67.8484 55
      vertex 96.4142 67.9742 35
      vertex 96.148 67.8484 35
    endloop
  endfacet
  facet normal -0.941527 0.336939 0
    outer loop
      vertex 97.7716 69.4719 35
      vertex 97.8708 69.7491 55
      vertex 97.8708 69.7491 35
    endloop
  endfacet
  facet normal -0.941527 0.336939 0
    outer loop
      vertex 97.8708 69.7491 55
      vertex 97.7716 69.4719 35
      vertex 97.7716 69.4719 55
    endloop
  endfacet
  facet normal -0.989231 0.146364 0
    outer loop
      vertex 97.9424 70.0347 35
      vertex 97.9855 70.326 55
      vertex 97.9855 70.326 35
    endloop
  endfacet
  facet normal -0.989231 0.146364 0
    outer loop
      vertex 97.9855 70.326 55
      vertex 97.9424 70.0347 35
      vertex 97.9424 70.0347 55
    endloop
  endfacet
  facet normal 0.337047 0.941488 -0
    outer loop
      vertex 94.1291 67.7492 35
      vertex 93.852 67.8484 55
      vertex 94.1291 67.7492 55
    endloop
  endfacet
  facet normal 0.337047 0.941488 0
    outer loop
      vertex 93.852 67.8484 55
      vertex 94.1291 67.7492 35
      vertex 93.852 67.8484 35
    endloop
  endfacet
  facet normal 0.146746 0.989174 -0
    outer loop
      vertex 94.7059 67.6344 35
      vertex 94.4147 67.6776 55
      vertex 94.7059 67.6344 55
    endloop
  endfacet
  facet normal 0.146746 0.989174 0
    outer loop
      vertex 94.4147 67.6776 55
      vertex 94.7059 67.6344 35
      vertex 94.4147 67.6776 35
    endloop
  endfacet
  facet normal -0.0489044 0.998803 0
    outer loop
      vertex 95.2941 67.6344 35
      vertex 95 67.62 55
      vertex 95.2941 67.6344 55
    endloop
  endfacet
  facet normal -0.0489044 0.998803 0
    outer loop
      vertex 95 67.62 55
      vertex 95.2941 67.6344 35
      vertex 95 67.62 35
    endloop
  endfacet
  facet normal 0.803208 0.595699 0
    outer loop
      vertex 92.681 68.7168 55
      vertex 92.5056 68.9533 35
      vertex 92.5056 68.9533 55
    endloop
  endfacet
  facet normal 0.803208 0.595699 0
    outer loop
      vertex 92.5056 68.9533 35
      vertex 92.681 68.7168 55
      vertex 92.681 68.7168 35
    endloop
  endfacet
  facet normal 0.969982 0.243175 0
    outer loop
      vertex 92.1292 69.7491 55
      vertex 92.0576 70.0347 35
      vertex 92.0576 70.0347 55
    endloop
  endfacet
  facet normal 0.969982 0.243175 0
    outer loop
      vertex 92.0576 70.0347 35
      vertex 92.1292 69.7491 55
      vertex 92.1292 69.7491 35
    endloop
  endfacet
  facet normal -0.903862 -0.427824 0
    outer loop
      vertex 117.332 13.088 35
      vertex 117.206 13.3542 55
      vertex 117.206 13.3542 35
    endloop
  endfacet
  facet normal -0.903862 -0.427824 0
    outer loop
      vertex 117.206 13.3542 55
      vertex 117.332 13.088 35
      vertex 117.332 13.088 55
    endloop
  endfacet
  facet normal -0.427531 -0.904001 0
    outer loop
      vertex 115.708 14.7116 35
      vertex 115.974 14.5858 55
      vertex 115.708 14.7116 55
    endloop
  endfacet
  facet normal -0.427531 -0.904001 -0
    outer loop
      vertex 115.974 14.5858 55
      vertex 115.708 14.7116 35
      vertex 115.974 14.5858 35
    endloop
  endfacet
  facet normal 0.337154 -0.941449 0
    outer loop
      vertex 113.412 14.7116 35
      vertex 113.689 14.8108 55
      vertex 113.412 14.7116 55
    endloop
  endfacet
  facet normal 0.337154 -0.941449 0
    outer loop
      vertex 113.689 14.8108 55
      vertex 113.412 14.7116 35
      vertex 113.689 14.8108 35
    endloop
  endfacet
  facet normal 0.903862 -0.427824 0
    outer loop
      vertex 111.788 13.088 55
      vertex 111.914 13.3542 35
      vertex 111.914 13.3542 55
    endloop
  endfacet
  facet normal 0.903862 -0.427824 0
    outer loop
      vertex 111.914 13.3542 35
      vertex 111.788 13.088 55
      vertex 111.788 13.088 35
    endloop
  endfacet
  facet normal -0.998869 0.047549 0
    outer loop
      vertex 117.546 11.6459 35
      vertex 117.56 11.94 55
      vertex 117.56 11.94 35
    endloop
  endfacet
  facet normal -0.998869 0.047549 0
    outer loop
      vertex 117.56 11.94 55
      vertex 117.546 11.6459 35
      vertex 117.546 11.6459 55
    endloop
  endfacet
  facet normal -0.146844 -0.98916 0
    outer loop
      vertex 114.854 14.9256 35
      vertex 115.145 14.8824 55
      vertex 114.854 14.9256 55
    endloop
  endfacet
  facet normal -0.146844 -0.98916 -0
    outer loop
      vertex 115.145 14.8824 55
      vertex 114.854 14.9256 35
      vertex 115.145 14.8824 35
    endloop
  endfacet
  facet normal -0.596512 -0.802604 0
    outer loop
      vertex 116.227 14.4344 35
      vertex 116.463 14.259 55
      vertex 116.227 14.4344 55
    endloop
  endfacet
  facet normal -0.596512 -0.802604 -0
    outer loop
      vertex 116.463 14.259 55
      vertex 116.227 14.4344 35
      vertex 116.463 14.259 35
    endloop
  endfacet
  facet normal 0.988776 -0.149403 0
    outer loop
      vertex 111.574 12.2341 55
      vertex 111.618 12.5253 35
      vertex 111.618 12.5253 55
    endloop
  endfacet
  facet normal 0.988776 -0.149403 0
    outer loop
      vertex 111.618 12.5253 35
      vertex 111.574 12.2341 55
      vertex 111.574 12.2341 35
    endloop
  endfacet
  facet normal 0.740401 -0.672166 0
    outer loop
      vertex 112.241 13.8432 55
      vertex 112.439 14.0613 35
      vertex 112.439 14.0613 55
    endloop
  endfacet
  facet normal 0.740401 -0.672166 0
    outer loop
      vertex 112.439 14.0613 35
      vertex 112.241 13.8432 55
      vertex 112.241 13.8432 35
    endloop
  endfacet
  facet normal 0.146844 -0.98916 0
    outer loop
      vertex 113.975 14.8824 35
      vertex 114.266 14.9256 55
      vertex 113.975 14.8824 55
    endloop
  endfacet
  facet normal 0.146844 -0.98916 0
    outer loop
      vertex 114.266 14.9256 55
      vertex 113.975 14.8824 35
      vertex 114.266 14.9256 35
    endloop
  endfacet
  facet normal 0.671795 0.740738 -0
    outer loop
      vertex 112.657 9.62097 35
      vertex 112.439 9.81868 55
      vertex 112.657 9.62097 55
    endloop
  endfacet
  facet normal 0.671795 0.740738 0
    outer loop
      vertex 112.439 9.81868 55
      vertex 112.657 9.62097 35
      vertex 112.439 9.81868 35
    endloop
  endfacet
  facet normal 0.9038 0.427955 0
    outer loop
      vertex 111.914 10.5258 55
      vertex 111.788 10.7919 35
      vertex 111.788 10.7919 55
    endloop
  endfacet
  facet normal 0.9038 0.427955 0
    outer loop
      vertex 111.788 10.7919 35
      vertex 111.914 10.5258 55
      vertex 111.914 10.5258 35
    endloop
  endfacet
  facet normal -0.856744 -0.515743 0
    outer loop
      vertex 117.206 13.3542 35
      vertex 117.054 13.6067 55
      vertex 117.054 13.6067 35
    endloop
  endfacet
  facet normal -0.856744 -0.515743 0
    outer loop
      vertex 117.054 13.6067 55
      vertex 117.206 13.3542 35
      vertex 117.206 13.3542 55
    endloop
  endfacet
  facet normal -0.740401 -0.672166 0
    outer loop
      vertex 116.879 13.8432 35
      vertex 116.681 14.0613 55
      vertex 116.681 14.0613 35
    endloop
  endfacet
  facet normal -0.740401 -0.672166 0
    outer loop
      vertex 116.681 14.0613 55
      vertex 116.879 13.8432 35
      vertex 116.879 13.8432 55
    endloop
  endfacet
  facet normal -0.803858 -0.594821 0
    outer loop
      vertex 117.054 13.6067 35
      vertex 116.879 13.8432 55
      vertex 116.879 13.8432 35
    endloop
  endfacet
  facet normal -0.803858 -0.594821 0
    outer loop
      vertex 116.879 13.8432 55
      vertex 117.054 13.6067 35
      vertex 117.054 13.6067 55
    endloop
  endfacet
  facet normal -0.0489209 -0.998803 0
    outer loop
      vertex 114.56 14.94 35
      vertex 114.854 14.9256 55
      vertex 114.56 14.94 55
    endloop
  endfacet
  facet normal -0.0489209 -0.998803 -0
    outer loop
      vertex 114.854 14.9256 55
      vertex 114.56 14.94 35
      vertex 114.854 14.9256 35
    endloop
  endfacet
  facet normal -0.337154 -0.941449 0
    outer loop
      vertex 115.431 14.8108 35
      vertex 115.708 14.7116 55
      vertex 115.431 14.8108 55
    endloop
  endfacet
  facet normal -0.337154 -0.941449 -0
    outer loop
      vertex 115.708 14.7116 55
      vertex 115.431 14.8108 35
      vertex 115.708 14.7116 35
    endloop
  endfacet
  facet normal -0.242855 -0.970063 0
    outer loop
      vertex 115.145 14.8824 35
      vertex 115.431 14.8108 55
      vertex 115.145 14.8824 55
    endloop
  endfacet
  facet normal -0.242855 -0.970063 -0
    outer loop
      vertex 115.431 14.8108 55
      vertex 115.145 14.8824 35
      vertex 115.431 14.8108 35
    endloop
  endfacet
  facet normal -0.513498 -0.858091 0
    outer loop
      vertex 115.974 14.5858 35
      vertex 116.227 14.4344 55
      vertex 115.974 14.5858 55
    endloop
  endfacet
  facet normal -0.513498 -0.858091 -0
    outer loop
      vertex 116.227 14.4344 55
      vertex 115.974 14.5858 35
      vertex 116.227 14.4344 35
    endloop
  endfacet
  facet normal -0.671776 -0.740754 0
    outer loop
      vertex 116.463 14.259 35
      vertex 116.681 14.0613 55
      vertex 116.463 14.259 55
    endloop
  endfacet
  facet normal -0.671776 -0.740754 -0
    outer loop
      vertex 116.681 14.0613 55
      vertex 116.463 14.259 35
      vertex 116.681 14.0613 35
    endloop
  endfacet
  facet normal 0.998869 -0.047549 0
    outer loop
      vertex 111.56 11.94 55
      vertex 111.574 12.2341 35
      vertex 111.574 12.2341 55
    endloop
  endfacet
  facet normal 0.998869 -0.047549 0
    outer loop
      vertex 111.574 12.2341 35
      vertex 111.56 11.94 55
      vertex 111.56 11.94 35
    endloop
  endfacet
  facet normal 0.941703 -0.336444 0
    outer loop
      vertex 111.689 12.8109 55
      vertex 111.788 13.088 35
      vertex 111.788 13.088 55
    endloop
  endfacet
  facet normal 0.941703 -0.336444 0
    outer loop
      vertex 111.788 13.088 35
      vertex 111.689 12.8109 55
      vertex 111.689 12.8109 35
    endloop
  endfacet
  facet normal 0.970461 -0.241256 0
    outer loop
      vertex 111.618 12.5253 55
      vertex 111.689 12.8109 35
      vertex 111.689 12.8109 55
    endloop
  endfacet
  facet normal 0.970461 -0.241256 0
    outer loop
      vertex 111.689 12.8109 35
      vertex 111.618 12.5253 55
      vertex 111.618 12.5253 35
    endloop
  endfacet
  facet normal 0.856744 -0.515743 0
    outer loop
      vertex 111.914 13.3542 55
      vertex 112.066 13.6067 35
      vertex 112.066 13.6067 55
    endloop
  endfacet
  facet normal 0.856744 -0.515743 0
    outer loop
      vertex 112.066 13.6067 35
      vertex 111.914 13.3542 55
      vertex 111.914 13.3542 35
    endloop
  endfacet
  facet normal 0.803858 -0.594821 0
    outer loop
      vertex 112.066 13.6067 55
      vertex 112.241 13.8432 35
      vertex 112.241 13.8432 55
    endloop
  endfacet
  facet normal 0.803858 -0.594821 0
    outer loop
      vertex 112.241 13.8432 35
      vertex 112.066 13.6067 55
      vertex 112.066 13.6067 35
    endloop
  endfacet
  facet normal 0.242855 -0.970063 0
    outer loop
      vertex 113.689 14.8108 35
      vertex 113.975 14.8824 55
      vertex 113.689 14.8108 55
    endloop
  endfacet
  facet normal 0.242855 -0.970063 0
    outer loop
      vertex 113.975 14.8824 55
      vertex 113.689 14.8108 35
      vertex 113.975 14.8824 35
    endloop
  endfacet
  facet normal 0.0489209 -0.998803 0
    outer loop
      vertex 114.266 14.9256 35
      vertex 114.56 14.94 55
      vertex 114.266 14.9256 55
    endloop
  endfacet
  facet normal 0.0489209 -0.998803 0
    outer loop
      vertex 114.56 14.94 55
      vertex 114.266 14.9256 35
      vertex 114.56 14.94 35
    endloop
  endfacet
  facet normal 0.513498 -0.858091 0
    outer loop
      vertex 112.893 14.4344 35
      vertex 113.146 14.5858 55
      vertex 112.893 14.4344 55
    endloop
  endfacet
  facet normal 0.513498 -0.858091 0
    outer loop
      vertex 113.146 14.5858 55
      vertex 112.893 14.4344 35
      vertex 113.146 14.5858 35
    endloop
  endfacet
  facet normal 0.596512 -0.802604 0
    outer loop
      vertex 112.657 14.259 35
      vertex 112.893 14.4344 55
      vertex 112.657 14.259 55
    endloop
  endfacet
  facet normal 0.596512 -0.802604 0
    outer loop
      vertex 112.893 14.4344 55
      vertex 112.657 14.259 35
      vertex 112.893 14.4344 35
    endloop
  endfacet
  facet normal 0.427531 -0.904001 0
    outer loop
      vertex 113.146 14.5858 35
      vertex 113.412 14.7116 55
      vertex 113.146 14.5858 55
    endloop
  endfacet
  facet normal 0.427531 -0.904001 0
    outer loop
      vertex 113.412 14.7116 55
      vertex 113.146 14.5858 35
      vertex 113.412 14.7116 35
    endloop
  endfacet
  facet normal 0.671776 -0.740754 0
    outer loop
      vertex 112.439 14.0613 35
      vertex 112.657 14.259 55
      vertex 112.439 14.0613 55
    endloop
  endfacet
  facet normal 0.671776 -0.740754 0
    outer loop
      vertex 112.657 14.259 55
      vertex 112.439 14.0613 35
      vertex 112.657 14.259 35
    endloop
  endfacet
  facet normal -0.998869 -0.047549 0
    outer loop
      vertex 117.56 11.94 35
      vertex 117.546 12.2341 55
      vertex 117.546 12.2341 35
    endloop
  endfacet
  facet normal -0.998869 -0.047549 0
    outer loop
      vertex 117.546 12.2341 55
      vertex 117.56 11.94 35
      vertex 117.56 11.94 55
    endloop
  endfacet
  facet normal -0.970461 0.241256 0
    outer loop
      vertex 117.431 11.0691 35
      vertex 117.502 11.3547 55
      vertex 117.502 11.3547 35
    endloop
  endfacet
  facet normal -0.970461 0.241256 0
    outer loop
      vertex 117.502 11.3547 55
      vertex 117.431 11.0691 35
      vertex 117.431 11.0691 55
    endloop
  endfacet
  facet normal -0.0490565 0.998796 0
    outer loop
      vertex 114.854 8.95444 35
      vertex 114.56 8.94 55
      vertex 114.854 8.95444 55
    endloop
  endfacet
  facet normal -0.0490565 0.998796 0
    outer loop
      vertex 114.56 8.94 55
      vertex 114.854 8.95444 35
      vertex 114.56 8.94 35
    endloop
  endfacet
  facet normal 0.970461 0.241256 0
    outer loop
      vertex 111.689 11.0691 55
      vertex 111.618 11.3547 35
      vertex 111.618 11.3547 55
    endloop
  endfacet
  facet normal 0.970461 0.241256 0
    outer loop
      vertex 111.618 11.3547 35
      vertex 111.689 11.0691 55
      vertex 111.689 11.0691 35
    endloop
  endfacet
  facet normal 0.803858 0.594821 0
    outer loop
      vertex 112.241 10.0368 55
      vertex 112.066 10.2733 35
      vertex 112.066 10.2733 55
    endloop
  endfacet
  facet normal 0.803858 0.594821 0
    outer loop
      vertex 112.066 10.2733 35
      vertex 112.241 10.0368 55
      vertex 112.241 10.0368 35
    endloop
  endfacet
  facet normal -0.146844 0.98916 0
    outer loop
      vertex 115.145 8.99764 35
      vertex 114.854 8.95444 55
      vertex 115.145 8.99764 55
    endloop
  endfacet
  facet normal -0.146844 0.98916 0
    outer loop
      vertex 114.854 8.95444 55
      vertex 115.145 8.99764 35
      vertex 114.854 8.95444 35
    endloop
  endfacet
  facet normal -0.941703 -0.336444 0
    outer loop
      vertex 117.431 12.8109 35
      vertex 117.332 13.088 55
      vertex 117.332 13.088 35
    endloop
  endfacet
  facet normal -0.941703 -0.336444 0
    outer loop
      vertex 117.332 13.088 55
      vertex 117.431 12.8109 35
      vertex 117.431 12.8109 55
    endloop
  endfacet
  facet normal -0.970461 -0.241256 0
    outer loop
      vertex 117.502 12.5253 35
      vertex 117.431 12.8109 55
      vertex 117.431 12.8109 35
    endloop
  endfacet
  facet normal -0.970461 -0.241256 0
    outer loop
      vertex 117.431 12.8109 55
      vertex 117.502 12.5253 35
      vertex 117.502 12.5253 55
    endloop
  endfacet
  facet normal -0.988776 -0.149403 0
    outer loop
      vertex 117.546 12.2341 35
      vertex 117.502 12.5253 55
      vertex 117.502 12.5253 35
    endloop
  endfacet
  facet normal -0.988776 -0.149403 0
    outer loop
      vertex 117.502 12.5253 55
      vertex 117.546 12.2341 35
      vertex 117.546 12.2341 55
    endloop
  endfacet
  facet normal -0.988776 0.149403 0
    outer loop
      vertex 117.502 11.3547 35
      vertex 117.546 11.6459 55
      vertex 117.546 11.6459 35
    endloop
  endfacet
  facet normal -0.988776 0.149403 0
    outer loop
      vertex 117.546 11.6459 55
      vertex 117.502 11.3547 35
      vertex 117.502 11.3547 55
    endloop
  endfacet
  facet normal -0.9038 0.427955 0
    outer loop
      vertex 117.206 10.5258 35
      vertex 117.332 10.7919 55
      vertex 117.332 10.7919 35
    endloop
  endfacet
  facet normal -0.9038 0.427955 0
    outer loop
      vertex 117.332 10.7919 55
      vertex 117.206 10.5258 35
      vertex 117.206 10.5258 55
    endloop
  endfacet
  facet normal -0.941742 0.336336 0
    outer loop
      vertex 117.332 10.7919 35
      vertex 117.431 11.0691 55
      vertex 117.431 11.0691 35
    endloop
  endfacet
  facet normal -0.941742 0.336336 0
    outer loop
      vertex 117.431 11.0691 55
      vertex 117.332 10.7919 35
      vertex 117.332 10.7919 55
    endloop
  endfacet
  facet normal -0.740431 0.672132 0
    outer loop
      vertex 116.681 9.81868 35
      vertex 116.879 10.0368 55
      vertex 116.879 10.0368 35
    endloop
  endfacet
  facet normal -0.740431 0.672132 0
    outer loop
      vertex 116.879 10.0368 55
      vertex 116.681 9.81868 35
      vertex 116.681 9.81868 55
    endloop
  endfacet
  facet normal -0.803858 0.594821 0
    outer loop
      vertex 116.879 10.0368 35
      vertex 117.054 10.2733 55
      vertex 117.054 10.2733 35
    endloop
  endfacet
  facet normal -0.803858 0.594821 0
    outer loop
      vertex 117.054 10.2733 55
      vertex 116.879 10.0368 35
      vertex 116.879 10.0368 55
    endloop
  endfacet
  facet normal 0.337094 0.941471 -0
    outer loop
      vertex 113.689 9.06918 35
      vertex 113.412 9.16836 55
      vertex 113.689 9.06918 55
    endloop
  endfacet
  facet normal 0.337094 0.941471 0
    outer loop
      vertex 113.412 9.16836 55
      vertex 113.689 9.06918 35
      vertex 113.412 9.16836 35
    endloop
  endfacet
  facet normal 0.998869 0.047549 0
    outer loop
      vertex 111.574 11.6459 55
      vertex 111.56 11.94 35
      vertex 111.56 11.94 55
    endloop
  endfacet
  facet normal 0.998869 0.047549 0
    outer loop
      vertex 111.56 11.94 35
      vertex 111.574 11.6459 55
      vertex 111.574 11.6459 35
    endloop
  endfacet
  facet normal 0 0 1
    outer loop
      vertex 117.546 12.2341 35
      vertex 117.546 11.6459 35
      vertex 117.56 11.94 35
    endloop
  endfacet
  facet normal 0 0 1
    outer loop
      vertex 117.502 12.5253 35
      vertex 117.546 11.6459 35
      vertex 117.546 12.2341 35
    endloop
  endfacet
  facet normal 0 0 1
    outer loop
      vertex 117.502 12.5253 35
      vertex 117.502 11.3547 35
      vertex 117.546 11.6459 35
    endloop
  endfacet
  facet normal 0 0 1
    outer loop
      vertex 117.431 12.8109 35
      vertex 117.502 11.3547 35
      vertex 117.502 12.5253 35
    endloop
  endfacet
  facet normal 0 0 1
    outer loop
      vertex 117.431 12.8109 35
      vertex 117.431 11.0691 35
      vertex 117.502 11.3547 35
    endloop
  endfacet
  facet normal 0 0 1
    outer loop
      vertex 117.332 13.088 35
      vertex 117.431 11.0691 35
      vertex 117.431 12.8109 35
    endloop
  endfacet
  facet normal 0 0 1
    outer loop
      vertex 117.332 13.088 35
      vertex 117.332 10.7919 35
      vertex 117.431 11.0691 35
    endloop
  endfacet
  facet normal 0 0 1
    outer loop
      vertex 117.206 13.3542 35
      vertex 117.332 10.7919 35
      vertex 117.332 13.088 35
    endloop
  endfacet
  facet normal 0 0 1
    outer loop
      vertex 117.206 13.3542 35
      vertex 117.206 10.5258 35
      vertex 117.332 10.7919 35
    endloop
  endfacet
  facet normal 0 0 1
    outer loop
      vertex 117.054 13.6067 35
      vertex 117.206 10.5258 35
      vertex 117.206 13.3542 35
    endloop
  endfacet
  facet normal 0 0 1
    outer loop
      vertex 117.054 13.6067 35
      vertex 117.054 10.2733 35
      vertex 117.206 10.5258 35
    endloop
  endfacet
  facet normal 0 0 1
    outer loop
      vertex 116.879 13.8432 35
      vertex 117.054 10.2733 35
      vertex 117.054 13.6067 35
    endloop
  endfacet
  facet normal 0 0 1
    outer loop
      vertex 116.879 13.8432 35
      vertex 116.879 10.0368 35
      vertex 117.054 10.2733 35
    endloop
  endfacet
  facet normal 0 0 1
    outer loop
      vertex 116.681 14.0613 35
      vertex 116.879 10.0368 35
      vertex 116.879 13.8432 35
    endloop
  endfacet
  facet normal 0 0 1
    outer loop
      vertex 116.681 14.0613 35
      vertex 116.681 9.81868 35
      vertex 116.879 10.0368 35
    endloop
  endfacet
  facet normal 0 0 1
    outer loop
      vertex 116.463 14.259 35
      vertex 116.681 9.81868 35
      vertex 116.681 14.0613 35
    endloop
  endfacet
  facet normal 0 0 1
    outer loop
      vertex 116.463 14.259 35
      vertex 116.463 9.62097 35
      vertex 116.681 9.81868 35
    endloop
  endfacet
  facet normal 0 0 1
    outer loop
      vertex 116.227 14.4344 35
      vertex 116.463 9.62097 35
      vertex 116.463 14.259 35
    endloop
  endfacet
  facet normal 0 0 1
    outer loop
      vertex 116.227 14.4344 35
      vertex 116.227 9.44559 35
      vertex 116.463 9.62097 35
    endloop
  endfacet
  facet normal 0 0 1
    outer loop
      vertex 115.974 14.5858 35
      vertex 116.227 9.44559 35
      vertex 116.227 14.4344 35
    endloop
  endfacet
  facet normal 0 0 1
    outer loop
      vertex 115.974 14.5858 35
      vertex 115.974 9.29424 35
      vertex 116.227 9.44559 35
    endloop
  endfacet
  facet normal 0 0 1
    outer loop
      vertex 115.708 14.7116 35
      vertex 115.974 9.29424 35
      vertex 115.974 14.5858 35
    endloop
  endfacet
  facet normal 0 0 1
    outer loop
      vertex 115.708 14.7116 35
      vertex 115.708 9.16836 35
      vertex 115.974 9.29424 35
    endloop
  endfacet
  facet normal 0 0 1
    outer loop
      vertex 115.431 14.8108 35
      vertex 115.708 9.16836 35
      vertex 115.708 14.7116 35
    endloop
  endfacet
  facet normal 0 0 1
    outer loop
      vertex 115.431 14.8108 35
      vertex 115.431 9.06918 35
      vertex 115.708 9.16836 35
    endloop
  endfacet
  facet normal 0 0 1
    outer loop
      vertex 115.145 14.8824 35
      vertex 115.431 9.06918 35
      vertex 115.431 14.8108 35
    endloop
  endfacet
  facet normal 0 0 1
    outer loop
      vertex 115.145 14.8824 35
      vertex 115.145 8.99764 35
      vertex 115.431 9.06918 35
    endloop
  endfacet
  facet normal 0 0 1
    outer loop
      vertex 114.854 14.9256 35
      vertex 115.145 8.99764 35
      vertex 115.145 14.8824 35
    endloop
  endfacet
  facet normal 0 0 1
    outer loop
      vertex 114.854 14.9256 35
      vertex 114.854 8.95444 35
      vertex 115.145 8.99764 35
    endloop
  endfacet
  facet normal 0 0 1
    outer loop
      vertex 114.56 14.94 35
      vertex 114.854 8.95444 35
      vertex 114.854 14.9256 35
    endloop
  endfacet
  facet normal 0 0 1
    outer loop
      vertex 114.56 14.94 35
      vertex 114.56 8.94 35
      vertex 114.854 8.95444 35
    endloop
  endfacet
  facet normal -0 0 1
    outer loop
      vertex 114.266 14.9256 35
      vertex 114.56 8.94 35
      vertex 114.56 14.94 35
    endloop
  endfacet
  facet normal 0 0 1
    outer loop
      vertex 114.266 14.9256 35
      vertex 114.266 8.95444 35
      vertex 114.56 8.94 35
    endloop
  endfacet
  facet normal -0 0 1
    outer loop
      vertex 113.975 14.8824 35
      vertex 114.266 8.95444 35
      vertex 114.266 14.9256 35
    endloop
  endfacet
  facet normal 0 0 1
    outer loop
      vertex 113.975 14.8824 35
      vertex 113.975 8.99764 35
      vertex 114.266 8.95444 35
    endloop
  endfacet
  facet normal -0 0 1
    outer loop
      vertex 113.689 14.8108 35
      vertex 113.975 8.99764 35
      vertex 113.975 14.8824 35
    endloop
  endfacet
  facet normal 0 0 1
    outer loop
      vertex 113.689 14.8108 35
      vertex 113.689 9.06918 35
      vertex 113.975 8.99764 35
    endloop
  endfacet
  facet normal -0 0 1
    outer loop
      vertex 113.412 14.7116 35
      vertex 113.689 9.06918 35
      vertex 113.689 14.8108 35
    endloop
  endfacet
  facet normal 0 0 1
    outer loop
      vertex 113.412 14.7116 35
      vertex 113.412 9.16836 35
      vertex 113.689 9.06918 35
    endloop
  endfacet
  facet normal -0 0 1
    outer loop
      vertex 113.146 14.5858 35
      vertex 113.412 9.16836 35
      vertex 113.412 14.7116 35
    endloop
  endfacet
  facet normal 0 0 1
    outer loop
      vertex 113.146 14.5858 35
      vertex 113.146 9.29424 35
      vertex 113.412 9.16836 35
    endloop
  endfacet
  facet normal -0 0 1
    outer loop
      vertex 112.893 14.4344 35
      vertex 113.146 9.29424 35
      vertex 113.146 14.5858 35
    endloop
  endfacet
  facet normal 0 0 1
    outer loop
      vertex 112.893 14.4344 35
      vertex 112.893 9.44559 35
      vertex 113.146 9.29424 35
    endloop
  endfacet
  facet normal -0 0 1
    outer loop
      vertex 112.657 14.259 35
      vertex 112.893 9.44559 35
      vertex 112.893 14.4344 35
    endloop
  endfacet
  facet normal 0 0 1
    outer loop
      vertex 112.657 14.259 35
      vertex 112.657 9.62097 35
      vertex 112.893 9.44559 35
    endloop
  endfacet
  facet normal -0 0 1
    outer loop
      vertex 112.439 14.0613 35
      vertex 112.657 9.62097 35
      vertex 112.657 14.259 35
    endloop
  endfacet
  facet normal 0 0 1
    outer loop
      vertex 112.439 14.0613 35
      vertex 112.439 9.81868 35
      vertex 112.657 9.62097 35
    endloop
  endfacet
  facet normal -0 0 1
    outer loop
      vertex 112.241 13.8432 35
      vertex 112.439 9.81868 35
      vertex 112.439 14.0613 35
    endloop
  endfacet
  facet normal 0 0 1
    outer loop
      vertex 112.241 13.8432 35
      vertex 112.241 10.0368 35
      vertex 112.439 9.81868 35
    endloop
  endfacet
  facet normal -0 0 1
    outer loop
      vertex 112.066 13.6067 35
      vertex 112.241 10.0368 35
      vertex 112.241 13.8432 35
    endloop
  endfacet
  facet normal 0 0 1
    outer loop
      vertex 112.066 13.6067 35
      vertex 112.066 10.2733 35
      vertex 112.241 10.0368 35
    endloop
  endfacet
  facet normal -0 0 1
    outer loop
      vertex 111.914 13.3542 35
      vertex 112.066 10.2733 35
      vertex 112.066 13.6067 35
    endloop
  endfacet
  facet normal 0 0 1
    outer loop
      vertex 111.914 13.3542 35
      vertex 111.914 10.5258 35
      vertex 112.066 10.2733 35
    endloop
  endfacet
  facet normal -0 0 1
    outer loop
      vertex 111.788 13.088 35
      vertex 111.914 10.5258 35
      vertex 111.914 13.3542 35
    endloop
  endfacet
  facet normal 0 0 1
    outer loop
      vertex 111.788 13.088 35
      vertex 111.788 10.7919 35
      vertex 111.914 10.5258 35
    endloop
  endfacet
  facet normal -0 0 1
    outer loop
      vertex 111.689 12.8109 35
      vertex 111.788 10.7919 35
      vertex 111.788 13.088 35
    endloop
  endfacet
  facet normal 0 0 1
    outer loop
      vertex 111.689 12.8109 35
      vertex 111.689 11.0691 35
      vertex 111.788 10.7919 35
    endloop
  endfacet
  facet normal -0 0 1
    outer loop
      vertex 111.618 12.5253 35
      vertex 111.689 11.0691 35
      vertex 111.689 12.8109 35
    endloop
  endfacet
  facet normal 0 0 1
    outer loop
      vertex 111.618 12.5253 35
      vertex 111.618 11.3547 35
      vertex 111.689 11.0691 35
    endloop
  endfacet
  facet normal -0 0 1
    outer loop
      vertex 111.574 12.2341 35
      vertex 111.618 11.3547 35
      vertex 111.618 12.5253 35
    endloop
  endfacet
  facet normal 0 0 1
    outer loop
      vertex 111.574 12.2341 35
      vertex 111.574 11.6459 35
      vertex 111.618 11.3547 35
    endloop
  endfacet
  facet normal 0 -0 1
    outer loop
      vertex 111.574 11.6459 35
      vertex 111.574 12.2341 35
      vertex 111.56 11.94 35
    endloop
  endfacet
  facet normal 0.740431 0.672132 0
    outer loop
      vertex 112.439 9.81868 55
      vertex 112.241 10.0368 35
      vertex 112.241 10.0368 55
    endloop
  endfacet
  facet normal 0.740431 0.672132 0
    outer loop
      vertex 112.241 10.0368 35
      vertex 112.439 9.81868 55
      vertex 112.439 9.81868 35
    endloop
  endfacet
  facet normal -0.427753 0.903896 0
    outer loop
      vertex 115.974 9.29424 35
      vertex 115.708 9.16836 55
      vertex 115.974 9.29424 55
    endloop
  endfacet
  facet normal -0.427753 0.903896 0
    outer loop
      vertex 115.708 9.16836 55
      vertex 115.974 9.29424 35
      vertex 115.708 9.16836 35
    endloop
  endfacet
  facet normal -0.671795 0.740738 0
    outer loop
      vertex 116.681 9.81868 35
      vertex 116.463 9.62097 55
      vertex 116.681 9.81868 55
    endloop
  endfacet
  facet normal -0.671795 0.740738 0
    outer loop
      vertex 116.463 9.62097 55
      vertex 116.681 9.81868 35
      vertex 116.463 9.62097 35
    endloop
  endfacet
  facet normal -0.856744 0.515743 0
    outer loop
      vertex 117.054 10.2733 35
      vertex 117.206 10.5258 55
      vertex 117.206 10.5258 35
    endloop
  endfacet
  facet normal -0.856744 0.515743 0
    outer loop
      vertex 117.206 10.5258 55
      vertex 117.054 10.2733 35
      vertex 117.054 10.2733 55
    endloop
  endfacet
  facet normal 0.0490565 0.998796 -0
    outer loop
      vertex 114.56 8.94 35
      vertex 114.266 8.95444 55
      vertex 114.56 8.94 55
    endloop
  endfacet
  facet normal 0.0490565 0.998796 0
    outer loop
      vertex 114.266 8.95444 55
      vertex 114.56 8.94 35
      vertex 114.266 8.95444 35
    endloop
  endfacet
  facet normal 0.513373 0.858166 -0
    outer loop
      vertex 113.146 9.29424 35
      vertex 112.893 9.44559 55
      vertex 113.146 9.29424 55
    endloop
  endfacet
  facet normal 0.513373 0.858166 0
    outer loop
      vertex 112.893 9.44559 55
      vertex 113.146 9.29424 35
      vertex 112.893 9.44559 35
    endloop
  endfacet
  facet normal 0.941742 0.336336 0
    outer loop
      vertex 111.788 10.7919 55
      vertex 111.689 11.0691 35
      vertex 111.689 11.0691 55
    endloop
  endfacet
  facet normal 0.941742 0.336336 0
    outer loop
      vertex 111.689 11.0691 35
      vertex 111.788 10.7919 55
      vertex 111.788 10.7919 35
    endloop
  endfacet
  facet normal 0.988776 0.149403 0
    outer loop
      vertex 111.618 11.3547 55
      vertex 111.574 11.6459 35
      vertex 111.574 11.6459 55
    endloop
  endfacet
  facet normal 0.988776 0.149403 0
    outer loop
      vertex 111.574 11.6459 35
      vertex 111.618 11.3547 55
      vertex 111.618 11.3547 35
    endloop
  endfacet
  facet normal 0.856744 0.515743 0
    outer loop
      vertex 112.066 10.2733 55
      vertex 111.914 10.5258 35
      vertex 111.914 10.5258 55
    endloop
  endfacet
  facet normal 0.856744 0.515743 0
    outer loop
      vertex 111.914 10.5258 35
      vertex 112.066 10.2733 55
      vertex 112.066 10.2733 35
    endloop
  endfacet
  facet normal -0.596468 0.802637 0
    outer loop
      vertex 116.463 9.62097 35
      vertex 116.227 9.44559 55
      vertex 116.463 9.62097 55
    endloop
  endfacet
  facet normal -0.596468 0.802637 0
    outer loop
      vertex 116.227 9.44559 55
      vertex 116.463 9.62097 35
      vertex 116.227 9.44559 35
    endloop
  endfacet
  facet normal -0.513373 0.858166 0
    outer loop
      vertex 116.227 9.44559 35
      vertex 115.974 9.29424 55
      vertex 116.227 9.44559 55
    endloop
  endfacet
  facet normal -0.513373 0.858166 0
    outer loop
      vertex 115.974 9.29424 55
      vertex 116.227 9.44559 35
      vertex 115.974 9.29424 35
    endloop
  endfacet
  facet normal 0.596468 0.802637 -0
    outer loop
      vertex 112.893 9.44559 35
      vertex 112.657 9.62097 55
      vertex 112.893 9.44559 55
    endloop
  endfacet
  facet normal 0.596468 0.802637 0
    outer loop
      vertex 112.657 9.62097 55
      vertex 112.893 9.44559 35
      vertex 112.657 9.62097 35
    endloop
  endfacet
  facet normal 0.427753 0.903896 -0
    outer loop
      vertex 113.412 9.16836 35
      vertex 113.146 9.29424 55
      vertex 113.412 9.16836 55
    endloop
  endfacet
  facet normal 0.427753 0.903896 0
    outer loop
      vertex 113.146 9.29424 55
      vertex 113.412 9.16836 35
      vertex 113.146 9.29424 35
    endloop
  endfacet
  facet normal 0.146844 0.98916 -0
    outer loop
      vertex 114.266 8.95444 35
      vertex 113.975 8.99764 55
      vertex 114.266 8.95444 55
    endloop
  endfacet
  facet normal 0.146844 0.98916 0
    outer loop
      vertex 113.975 8.99764 55
      vertex 114.266 8.95444 35
      vertex 113.975 8.99764 35
    endloop
  endfacet
  facet normal -0.337094 0.941471 0
    outer loop
      vertex 115.708 9.16836 35
      vertex 115.431 9.06918 55
      vertex 115.708 9.16836 55
    endloop
  endfacet
  facet normal -0.337094 0.941471 0
    outer loop
      vertex 115.431 9.06918 55
      vertex 115.708 9.16836 35
      vertex 115.431 9.06918 35
    endloop
  endfacet
  facet normal -0.242663 0.970111 0
    outer loop
      vertex 115.431 9.06918 35
      vertex 115.145 8.99764 55
      vertex 115.431 9.06918 55
    endloop
  endfacet
  facet normal -0.242663 0.970111 0
    outer loop
      vertex 115.145 8.99764 55
      vertex 115.431 9.06918 35
      vertex 115.145 8.99764 35
    endloop
  endfacet
  facet normal 0.242663 0.970111 -0
    outer loop
      vertex 113.975 8.99764 35
      vertex 113.689 9.06918 55
      vertex 113.975 8.99764 55
    endloop
  endfacet
  facet normal 0.242663 0.970111 0
    outer loop
      vertex 113.689 9.06918 55
      vertex 113.975 8.99764 35
      vertex 113.689 9.06918 35
    endloop
  endfacet
  facet normal -0.903862 -0.427824 0
    outer loop
      vertex 117.332 32.648 35
      vertex 117.206 32.9142 55
      vertex 117.206 32.9142 35
    endloop
  endfacet
  facet normal -0.903862 -0.427824 0
    outer loop
      vertex 117.206 32.9142 55
      vertex 117.332 32.648 35
      vertex 117.332 32.648 55
    endloop
  endfacet
  facet normal -0.427531 -0.904001 0
    outer loop
      vertex 115.708 34.2716 35
      vertex 115.974 34.1458 55
      vertex 115.708 34.2716 55
    endloop
  endfacet
  facet normal -0.427531 -0.904001 -0
    outer loop
      vertex 115.974 34.1458 55
      vertex 115.708 34.2716 35
      vertex 115.974 34.1458 35
    endloop
  endfacet
  facet normal 0.337154 -0.941449 0
    outer loop
      vertex 113.412 34.2716 35
      vertex 113.689 34.3708 55
      vertex 113.412 34.2716 55
    endloop
  endfacet
  facet normal 0.337154 -0.941449 0
    outer loop
      vertex 113.689 34.3708 55
      vertex 113.412 34.2716 35
      vertex 113.689 34.3708 35
    endloop
  endfacet
  facet normal 0.903862 -0.427824 0
    outer loop
      vertex 111.788 32.648 55
      vertex 111.914 32.9142 35
      vertex 111.914 32.9142 55
    endloop
  endfacet
  facet normal 0.903862 -0.427824 0
    outer loop
      vertex 111.914 32.9142 35
      vertex 111.788 32.648 55
      vertex 111.788 32.648 35
    endloop
  endfacet
  facet normal -0.427531 0.904001 0
    outer loop
      vertex 115.974 28.8542 35
      vertex 115.708 28.7284 55
      vertex 115.974 28.8542 55
    endloop
  endfacet
  facet normal -0.427531 0.904001 0
    outer loop
      vertex 115.708 28.7284 55
      vertex 115.974 28.8542 35
      vertex 115.708 28.7284 35
    endloop
  endfacet
  facet normal -0.242855 -0.970063 0
    outer loop
      vertex 115.145 34.4424 35
      vertex 115.431 34.3708 55
      vertex 115.145 34.4424 55
    endloop
  endfacet
  facet normal -0.242855 -0.970063 -0
    outer loop
      vertex 115.431 34.3708 55
      vertex 115.145 34.4424 35
      vertex 115.431 34.3708 35
    endloop
  endfacet
  facet normal 0.596512 -0.802604 0
    outer loop
      vertex 112.657 33.819 35
      vertex 112.893 33.9944 55
      vertex 112.657 33.819 55
    endloop
  endfacet
  facet normal 0.596512 -0.802604 0
    outer loop
      vertex 112.893 33.9944 55
      vertex 112.657 33.819 35
      vertex 112.893 33.9944 35
    endloop
  endfacet
  facet normal -0.970461 0.241256 0
    outer loop
      vertex 117.431 30.6291 35
      vertex 117.502 30.9147 55
      vertex 117.502 30.9147 35
    endloop
  endfacet
  facet normal -0.970461 0.241256 0
    outer loop
      vertex 117.502 30.9147 55
      vertex 117.431 30.6291 35
      vertex 117.431 30.6291 55
    endloop
  endfacet
  facet normal -0.9038 0.427955 0
    outer loop
      vertex 117.206 30.0858 35
      vertex 117.332 30.3519 55
      vertex 117.332 30.3519 35
    endloop
  endfacet
  facet normal -0.9038 0.427955 0
    outer loop
      vertex 117.332 30.3519 55
      vertex 117.206 30.0858 35
      vertex 117.206 30.0858 55
    endloop
  endfacet
  facet normal -0.513498 0.858091 0
    outer loop
      vertex 116.227 29.0056 35
      vertex 115.974 28.8542 55
      vertex 116.227 29.0056 55
    endloop
  endfacet
  facet normal -0.513498 0.858091 0
    outer loop
      vertex 115.974 28.8542 55
      vertex 116.227 29.0056 35
      vertex 115.974 28.8542 35
    endloop
  endfacet
  facet normal -0.856744 -0.515743 0
    outer loop
      vertex 117.206 32.9142 35
      vertex 117.054 33.1667 55
      vertex 117.054 33.1667 35
    endloop
  endfacet
  facet normal -0.856744 -0.515743 0
    outer loop
      vertex 117.054 33.1667 55
      vertex 117.206 32.9142 35
      vertex 117.206 32.9142 55
    endloop
  endfacet
  facet normal -0.740401 -0.672166 0
    outer loop
      vertex 116.879 33.4032 35
      vertex 116.681 33.6213 55
      vertex 116.681 33.6213 35
    endloop
  endfacet
  facet normal -0.740401 -0.672166 0
    outer loop
      vertex 116.681 33.6213 55
      vertex 116.879 33.4032 35
      vertex 116.879 33.4032 55
    endloop
  endfacet
  facet normal -0.803858 -0.594821 0
    outer loop
      vertex 117.054 33.1667 35
      vertex 116.879 33.4032 55
      vertex 116.879 33.4032 35
    endloop
  endfacet
  facet normal -0.803858 -0.594821 0
    outer loop
      vertex 116.879 33.4032 55
      vertex 117.054 33.1667 35
      vertex 117.054 33.1667 55
    endloop
  endfacet
  facet normal -0.0489209 -0.998803 0
    outer loop
      vertex 114.56 34.5 35
      vertex 114.854 34.4856 55
      vertex 114.56 34.5 55
    endloop
  endfacet
  facet normal -0.0489209 -0.998803 -0
    outer loop
      vertex 114.854 34.4856 55
      vertex 114.56 34.5 35
      vertex 114.854 34.4856 35
    endloop
  endfacet
  facet normal -0.146844 -0.98916 0
    outer loop
      vertex 114.854 34.4856 35
      vertex 115.145 34.4424 55
      vertex 114.854 34.4856 55
    endloop
  endfacet
  facet normal -0.146844 -0.98916 -0
    outer loop
      vertex 115.145 34.4424 55
      vertex 114.854 34.4856 35
      vertex 115.145 34.4424 35
    endloop
  endfacet
  facet normal -0.337154 -0.941449 0
    outer loop
      vertex 115.431 34.3708 35
      vertex 115.708 34.2716 55
      vertex 115.431 34.3708 55
    endloop
  endfacet
  facet normal -0.337154 -0.941449 -0
    outer loop
      vertex 115.708 34.2716 55
      vertex 115.431 34.3708 35
      vertex 115.708 34.2716 35
    endloop
  endfacet
  facet normal -0.671776 -0.740754 0
    outer loop
      vertex 116.463 33.819 35
      vertex 116.681 33.6213 55
      vertex 116.463 33.819 55
    endloop
  endfacet
  facet normal -0.671776 -0.740754 -0
    outer loop
      vertex 116.681 33.6213 55
      vertex 116.463 33.819 35
      vertex 116.681 33.6213 35
    endloop
  endfacet
  facet normal -0.596512 -0.802604 0
    outer loop
      vertex 116.227 33.9944 35
      vertex 116.463 33.819 55
      vertex 116.227 33.9944 55
    endloop
  endfacet
  facet normal -0.596512 -0.802604 -0
    outer loop
      vertex 116.463 33.819 55
      vertex 116.227 33.9944 35
      vertex 116.463 33.819 35
    endloop
  endfacet
  facet normal 0.998869 -0.047549 0
    outer loop
      vertex 111.56 31.5 55
      vertex 111.574 31.7941 35
      vertex 111.574 31.7941 55
    endloop
  endfacet
  facet normal 0.998869 -0.047549 0
    outer loop
      vertex 111.574 31.7941 35
      vertex 111.56 31.5 55
      vertex 111.56 31.5 35
    endloop
  endfacet
  facet normal 0.941703 -0.336444 0
    outer loop
      vertex 111.689 32.3709 55
      vertex 111.788 32.648 35
      vertex 111.788 32.648 55
    endloop
  endfacet
  facet normal 0.941703 -0.336444 0
    outer loop
      vertex 111.788 32.648 35
      vertex 111.689 32.3709 55
      vertex 111.689 32.3709 35
    endloop
  endfacet
  facet normal 0.970461 -0.241256 0
    outer loop
      vertex 111.618 32.0853 55
      vertex 111.689 32.3709 35
      vertex 111.689 32.3709 55
    endloop
  endfacet
  facet normal 0.970461 -0.241256 0
    outer loop
      vertex 111.689 32.3709 35
      vertex 111.618 32.0853 55
      vertex 111.618 32.0853 35
    endloop
  endfacet
  facet normal 0.988776 -0.149403 0
    outer loop
      vertex 111.574 31.7941 55
      vertex 111.618 32.0853 35
      vertex 111.618 32.0853 55
    endloop
  endfacet
  facet normal 0.988776 -0.149403 0
    outer loop
      vertex 111.618 32.0853 35
      vertex 111.574 31.7941 55
      vertex 111.574 31.7941 35
    endloop
  endfacet
  facet normal 0.740401 -0.672166 0
    outer loop
      vertex 112.241 33.4032 55
      vertex 112.439 33.6213 35
      vertex 112.439 33.6213 55
    endloop
  endfacet
  facet normal 0.740401 -0.672166 0
    outer loop
      vertex 112.439 33.6213 35
      vertex 112.241 33.4032 55
      vertex 112.241 33.4032 35
    endloop
  endfacet
  facet normal 0.803858 -0.594821 0
    outer loop
      vertex 112.066 33.1667 55
      vertex 112.241 33.4032 35
      vertex 112.241 33.4032 55
    endloop
  endfacet
  facet normal 0.803858 -0.594821 0
    outer loop
      vertex 112.241 33.4032 35
      vertex 112.066 33.1667 55
      vertex 112.066 33.1667 35
    endloop
  endfacet
  facet normal 0.0489209 -0.998803 0
    outer loop
      vertex 114.266 34.4856 35
      vertex 114.56 34.5 55
      vertex 114.266 34.4856 55
    endloop
  endfacet
  facet normal 0.0489209 -0.998803 0
    outer loop
      vertex 114.56 34.5 55
      vertex 114.266 34.4856 35
      vertex 114.56 34.5 35
    endloop
  endfacet
  facet normal 0.146844 -0.98916 0
    outer loop
      vertex 113.975 34.4424 35
      vertex 114.266 34.4856 55
      vertex 113.975 34.4424 55
    endloop
  endfacet
  facet normal 0.146844 -0.98916 0
    outer loop
      vertex 114.266 34.4856 55
      vertex 113.975 34.4424 35
      vertex 114.266 34.4856 35
    endloop
  endfacet
  facet normal 0.427531 -0.904001 0
    outer loop
      vertex 113.146 34.1458 35
      vertex 113.412 34.2716 55
      vertex 113.146 34.1458 55
    endloop
  endfacet
  facet normal 0.427531 -0.904001 0
    outer loop
      vertex 113.412 34.2716 55
      vertex 113.146 34.1458 35
      vertex 113.412 34.2716 35
    endloop
  endfacet
  facet normal 0.513498 -0.858091 0
    outer loop
      vertex 112.893 33.9944 35
      vertex 113.146 34.1458 55
      vertex 112.893 33.9944 55
    endloop
  endfacet
  facet normal 0.513498 -0.858091 0
    outer loop
      vertex 113.146 34.1458 55
      vertex 112.893 33.9944 35
      vertex 113.146 34.1458 35
    endloop
  endfacet
  facet normal 0.671776 -0.740754 0
    outer loop
      vertex 112.439 33.6213 35
      vertex 112.657 33.819 55
      vertex 112.439 33.6213 55
    endloop
  endfacet
  facet normal 0.671776 -0.740754 0
    outer loop
      vertex 112.657 33.819 55
      vertex 112.439 33.6213 35
      vertex 112.657 33.819 35
    endloop
  endfacet
  facet normal -0.998869 -0.047549 0
    outer loop
      vertex 117.56 31.5 35
      vertex 117.546 31.7941 55
      vertex 117.546 31.7941 35
    endloop
  endfacet
  facet normal -0.998869 -0.047549 0
    outer loop
      vertex 117.546 31.7941 55
      vertex 117.56 31.5 35
      vertex 117.56 31.5 55
    endloop
  endfacet
  facet normal -0.803858 0.594821 0
    outer loop
      vertex 116.879 29.5968 35
      vertex 117.054 29.8333 55
      vertex 117.054 29.8333 35
    endloop
  endfacet
  facet normal -0.803858 0.594821 0
    outer loop
      vertex 117.054 29.8333 55
      vertex 116.879 29.5968 35
      vertex 116.879 29.5968 55
    endloop
  endfacet
  facet normal -0.146844 0.98916 0
    outer loop
      vertex 115.145 28.5576 35
      vertex 114.854 28.5144 55
      vertex 115.145 28.5576 55
    endloop
  endfacet
  facet normal -0.146844 0.98916 0
    outer loop
      vertex 114.854 28.5144 55
      vertex 115.145 28.5576 35
      vertex 114.854 28.5144 35
    endloop
  endfacet
  facet normal -0.941703 -0.336444 0
    outer loop
      vertex 117.431 32.3709 35
      vertex 117.332 32.648 55
      vertex 117.332 32.648 35
    endloop
  endfacet
  facet normal -0.941703 -0.336444 0
    outer loop
      vertex 117.332 32.648 55
      vertex 117.431 32.3709 35
      vertex 117.431 32.3709 55
    endloop
  endfacet
  facet normal -0.970461 -0.241256 0
    outer loop
      vertex 117.502 32.0853 35
      vertex 117.431 32.3709 55
      vertex 117.431 32.3709 35
    endloop
  endfacet
  facet normal -0.970461 -0.241256 0
    outer loop
      vertex 117.431 32.3709 55
      vertex 117.502 32.0853 35
      vertex 117.502 32.0853 55
    endloop
  endfacet
  facet normal -0.988776 -0.149403 0
    outer loop
      vertex 117.546 31.7941 35
      vertex 117.502 32.0853 55
      vertex 117.502 32.0853 35
    endloop
  endfacet
  facet normal -0.988776 -0.149403 0
    outer loop
      vertex 117.502 32.0853 55
      vertex 117.546 31.7941 35
      vertex 117.546 31.7941 55
    endloop
  endfacet
  facet normal -0.513498 -0.858091 0
    outer loop
      vertex 115.974 34.1458 35
      vertex 116.227 33.9944 55
      vertex 115.974 34.1458 55
    endloop
  endfacet
  facet normal -0.513498 -0.858091 -0
    outer loop
      vertex 116.227 33.9944 55
      vertex 115.974 34.1458 35
      vertex 116.227 33.9944 35
    endloop
  endfacet
  facet normal 0.856744 -0.515743 0
    outer loop
      vertex 111.914 32.9142 55
      vertex 112.066 33.1667 35
      vertex 112.066 33.1667 55
    endloop
  endfacet
  facet normal 0.856744 -0.515743 0
    outer loop
      vertex 112.066 33.1667 35
      vertex 111.914 32.9142 55
      vertex 111.914 32.9142 35
    endloop
  endfacet
  facet normal 0.242855 -0.970063 0
    outer loop
      vertex 113.689 34.3708 35
      vertex 113.975 34.4424 55
      vertex 113.689 34.3708 55
    endloop
  endfacet
  facet normal 0.242855 -0.970063 0
    outer loop
      vertex 113.975 34.4424 55
      vertex 113.689 34.3708 35
      vertex 113.975 34.4424 35
    endloop
  endfacet
  facet normal -0.988776 0.149403 0
    outer loop
      vertex 117.502 30.9147 35
      vertex 117.546 31.2059 55
      vertex 117.546 31.2059 35
    endloop
  endfacet
  facet normal -0.988776 0.149403 0
    outer loop
      vertex 117.546 31.2059 55
      vertex 117.502 30.9147 35
      vertex 117.502 30.9147 55
    endloop
  endfacet
  facet normal -0.998869 0.047549 0
    outer loop
      vertex 117.546 31.2059 35
      vertex 117.56 31.5 55
      vertex 117.56 31.5 35
    endloop
  endfacet
  facet normal -0.998869 0.047549 0
    outer loop
      vertex 117.56 31.5 55
      vertex 117.546 31.2059 35
      vertex 117.546 31.2059 55
    endloop
  endfacet
  facet normal 0.0489209 0.998803 -0
    outer loop
      vertex 114.56 28.5 35
      vertex 114.266 28.5144 55
      vertex 114.56 28.5 55
    endloop
  endfacet
  facet normal 0.0489209 0.998803 0
    outer loop
      vertex 114.266 28.5144 55
      vertex 114.56 28.5 35
      vertex 114.266 28.5144 35
    endloop
  endfacet
  facet normal 0.513498 0.858091 -0
    outer loop
      vertex 113.146 28.8542 35
      vertex 112.893 29.0056 55
      vertex 113.146 28.8542 55
    endloop
  endfacet
  facet normal 0.513498 0.858091 0
    outer loop
      vertex 112.893 29.0056 55
      vertex 113.146 28.8542 35
      vertex 112.893 29.0056 35
    endloop
  endfacet
  facet normal 0.998869 0.047549 0
    outer loop
      vertex 111.574 31.2059 55
      vertex 111.56 31.5 35
      vertex 111.56 31.5 55
    endloop
  endfacet
  facet normal 0.998869 0.047549 0
    outer loop
      vertex 111.56 31.5 35
      vertex 111.574 31.2059 55
      vertex 111.574 31.2059 35
    endloop
  endfacet
  facet normal 0.970461 0.241256 0
    outer loop
      vertex 111.689 30.6291 55
      vertex 111.618 30.9147 35
      vertex 111.618 30.9147 55
    endloop
  endfacet
  facet normal 0.970461 0.241256 0
    outer loop
      vertex 111.618 30.9147 35
      vertex 111.689 30.6291 55
      vertex 111.689 30.6291 35
    endloop
  endfacet
  facet normal 0.803858 0.594821 0
    outer loop
      vertex 112.241 29.5968 55
      vertex 112.066 29.8333 35
      vertex 112.066 29.8333 55
    endloop
  endfacet
  facet normal 0.803858 0.594821 0
    outer loop
      vertex 112.066 29.8333 35
      vertex 112.241 29.5968 55
      vertex 112.241 29.5968 35
    endloop
  endfacet
  facet normal 0.9038 0.427955 0
    outer loop
      vertex 111.914 30.0858 55
      vertex 111.788 30.3519 35
      vertex 111.788 30.3519 55
    endloop
  endfacet
  facet normal 0.9038 0.427955 0
    outer loop
      vertex 111.788 30.3519 35
      vertex 111.914 30.0858 55
      vertex 111.914 30.0858 35
    endloop
  endfacet
  facet normal 0.856744 0.515743 0
    outer loop
      vertex 112.066 29.8333 55
      vertex 111.914 30.0858 35
      vertex 111.914 30.0858 55
    endloop
  endfacet
  facet normal 0.856744 0.515743 0
    outer loop
      vertex 111.914 30.0858 35
      vertex 112.066 29.8333 55
      vertex 112.066 29.8333 35
    endloop
  endfacet
  facet normal -0.337154 0.941449 0
    outer loop
      vertex 115.708 28.7284 35
      vertex 115.431 28.6292 55
      vertex 115.708 28.7284 55
    endloop
  endfacet
  facet normal -0.337154 0.941449 0
    outer loop
      vertex 115.431 28.6292 55
      vertex 115.708 28.7284 35
      vertex 115.431 28.6292 35
    endloop
  endfacet
  facet normal -0.941742 0.336336 0
    outer loop
      vertex 117.332 30.3519 35
      vertex 117.431 30.6291 55
      vertex 117.431 30.6291 35
    endloop
  endfacet
  facet normal -0.941742 0.336336 0
    outer loop
      vertex 117.431 30.6291 55
      vertex 117.332 30.3519 35
      vertex 117.332 30.3519 55
    endloop
  endfacet
  facet normal -0.856744 0.515743 0
    outer loop
      vertex 117.054 29.8333 35
      vertex 117.206 30.0858 55
      vertex 117.206 30.0858 35
    endloop
  endfacet
  facet normal -0.856744 0.515743 0
    outer loop
      vertex 117.206 30.0858 55
      vertex 117.054 29.8333 35
      vertex 117.054 29.8333 55
    endloop
  endfacet
  facet normal 0.671776 0.740754 -0
    outer loop
      vertex 112.657 29.181 35
      vertex 112.439 29.3787 55
      vertex 112.657 29.181 55
    endloop
  endfacet
  facet normal 0.671776 0.740754 0
    outer loop
      vertex 112.439 29.3787 55
      vertex 112.657 29.181 35
      vertex 112.439 29.3787 35
    endloop
  endfacet
  facet normal -0.0489209 0.998803 0
    outer loop
      vertex 114.854 28.5144 35
      vertex 114.56 28.5 55
      vertex 114.854 28.5144 55
    endloop
  endfacet
  facet normal -0.0489209 0.998803 0
    outer loop
      vertex 114.56 28.5 55
      vertex 114.854 28.5144 35
      vertex 114.56 28.5 35
    endloop
  endfacet
  facet normal 0.242855 0.970063 -0
    outer loop
      vertex 113.975 28.5576 35
      vertex 113.689 28.6292 55
      vertex 113.975 28.5576 55
    endloop
  endfacet
  facet normal 0.242855 0.970063 0
    outer loop
      vertex 113.689 28.6292 55
      vertex 113.975 28.5576 35
      vertex 113.689 28.6292 35
    endloop
  endfacet
  facet normal 0.596512 0.802604 -0
    outer loop
      vertex 112.893 29.0056 35
      vertex 112.657 29.181 55
      vertex 112.893 29.0056 55
    endloop
  endfacet
  facet normal 0.596512 0.802604 0
    outer loop
      vertex 112.657 29.181 55
      vertex 112.893 29.0056 35
      vertex 112.657 29.181 35
    endloop
  endfacet
  facet normal 0 0 1
    outer loop
      vertex 117.546 31.7941 35
      vertex 117.546 31.2059 35
      vertex 117.56 31.5 35
    endloop
  endfacet
  facet normal 0 0 1
    outer loop
      vertex 117.502 32.0853 35
      vertex 117.546 31.2059 35
      vertex 117.546 31.7941 35
    endloop
  endfacet
  facet normal 0 0 1
    outer loop
      vertex 117.502 32.0853 35
      vertex 117.502 30.9147 35
      vertex 117.546 31.2059 35
    endloop
  endfacet
  facet normal 0 0 1
    outer loop
      vertex 117.431 32.3709 35
      vertex 117.502 30.9147 35
      vertex 117.502 32.0853 35
    endloop
  endfacet
  facet normal 0 0 1
    outer loop
      vertex 117.431 32.3709 35
      vertex 117.431 30.6291 35
      vertex 117.502 30.9147 35
    endloop
  endfacet
  facet normal 0 0 1
    outer loop
      vertex 117.332 32.648 35
      vertex 117.431 30.6291 35
      vertex 117.431 32.3709 35
    endloop
  endfacet
  facet normal 0 0 1
    outer loop
      vertex 117.332 32.648 35
      vertex 117.332 30.3519 35
      vertex 117.431 30.6291 35
    endloop
  endfacet
  facet normal 0 0 1
    outer loop
      vertex 117.206 32.9142 35
      vertex 117.332 30.3519 35
      vertex 117.332 32.648 35
    endloop
  endfacet
  facet normal 0 0 1
    outer loop
      vertex 117.206 32.9142 35
      vertex 117.206 30.0858 35
      vertex 117.332 30.3519 35
    endloop
  endfacet
  facet normal 0 0 1
    outer loop
      vertex 117.054 33.1667 35
      vertex 117.206 30.0858 35
      vertex 117.206 32.9142 35
    endloop
  endfacet
  facet normal 0 0 1
    outer loop
      vertex 117.054 33.1667 35
      vertex 117.054 29.8333 35
      vertex 117.206 30.0858 35
    endloop
  endfacet
  facet normal 0 0 1
    outer loop
      vertex 116.879 33.4032 35
      vertex 117.054 29.8333 35
      vertex 117.054 33.1667 35
    endloop
  endfacet
  facet normal 0 0 1
    outer loop
      vertex 116.879 33.4032 35
      vertex 116.879 29.5968 35
      vertex 117.054 29.8333 35
    endloop
  endfacet
  facet normal 0 0 1
    outer loop
      vertex 116.681 33.6213 35
      vertex 116.879 29.5968 35
      vertex 116.879 33.4032 35
    endloop
  endfacet
  facet normal 0 0 1
    outer loop
      vertex 116.681 33.6213 35
      vertex 116.681 29.3787 35
      vertex 116.879 29.5968 35
    endloop
  endfacet
  facet normal 0 0 1
    outer loop
      vertex 116.463 33.819 35
      vertex 116.681 29.3787 35
      vertex 116.681 33.6213 35
    endloop
  endfacet
  facet normal 0 0 1
    outer loop
      vertex 116.463 33.819 35
      vertex 116.463 29.181 35
      vertex 116.681 29.3787 35
    endloop
  endfacet
  facet normal 0 0 1
    outer loop
      vertex 116.227 33.9944 35
      vertex 116.463 29.181 35
      vertex 116.463 33.819 35
    endloop
  endfacet
  facet normal 0 0 1
    outer loop
      vertex 116.227 33.9944 35
      vertex 116.227 29.0056 35
      vertex 116.463 29.181 35
    endloop
  endfacet
  facet normal 0 0 1
    outer loop
      vertex 115.974 34.1458 35
      vertex 116.227 29.0056 35
      vertex 116.227 33.9944 35
    endloop
  endfacet
  facet normal 0 0 1
    outer loop
      vertex 115.974 34.1458 35
      vertex 115.974 28.8542 35
      vertex 116.227 29.0056 35
    endloop
  endfacet
  facet normal 0 0 1
    outer loop
      vertex 115.708 34.2716 35
      vertex 115.974 28.8542 35
      vertex 115.974 34.1458 35
    endloop
  endfacet
  facet normal 0 0 1
    outer loop
      vertex 115.708 34.2716 35
      vertex 115.708 28.7284 35
      vertex 115.974 28.8542 35
    endloop
  endfacet
  facet normal 0 0 1
    outer loop
      vertex 115.431 34.3708 35
      vertex 115.708 28.7284 35
      vertex 115.708 34.2716 35
    endloop
  endfacet
  facet normal 0 0 1
    outer loop
      vertex 115.431 34.3708 35
      vertex 115.431 28.6292 35
      vertex 115.708 28.7284 35
    endloop
  endfacet
  facet normal 0 0 1
    outer loop
      vertex 115.145 34.4424 35
      vertex 115.431 28.6292 35
      vertex 115.431 34.3708 35
    endloop
  endfacet
  facet normal 0 0 1
    outer loop
      vertex 115.145 34.4424 35
      vertex 115.145 28.5576 35
      vertex 115.431 28.6292 35
    endloop
  endfacet
  facet normal 0 0 1
    outer loop
      vertex 114.854 34.4856 35
      vertex 115.145 28.5576 35
      vertex 115.145 34.4424 35
    endloop
  endfacet
  facet normal 0 0 1
    outer loop
      vertex 114.854 34.4856 35
      vertex 114.854 28.5144 35
      vertex 115.145 28.5576 35
    endloop
  endfacet
  facet normal 0 0 1
    outer loop
      vertex 114.56 34.5 35
      vertex 114.854 28.5144 35
      vertex 114.854 34.4856 35
    endloop
  endfacet
  facet normal 0 0 1
    outer loop
      vertex 114.56 34.5 35
      vertex 114.56 28.5 35
      vertex 114.854 28.5144 35
    endloop
  endfacet
  facet normal -0 0 1
    outer loop
      vertex 114.266 34.4856 35
      vertex 114.56 28.5 35
      vertex 114.56 34.5 35
    endloop
  endfacet
  facet normal 0 0 1
    outer loop
      vertex 114.266 34.4856 35
      vertex 114.266 28.5144 35
      vertex 114.56 28.5 35
    endloop
  endfacet
  facet normal -0 0 1
    outer loop
      vertex 113.975 34.4424 35
      vertex 114.266 28.5144 35
      vertex 114.266 34.4856 35
    endloop
  endfacet
  facet normal 0 0 1
    outer loop
      vertex 113.975 34.4424 35
      vertex 113.975 28.5576 35
      vertex 114.266 28.5144 35
    endloop
  endfacet
  facet normal -0 0 1
    outer loop
      vertex 113.689 34.3708 35
      vertex 113.975 28.5576 35
      vertex 113.975 34.4424 35
    endloop
  endfacet
  facet normal 0 0 1
    outer loop
      vertex 113.689 34.3708 35
      vertex 113.689 28.6292 35
      vertex 113.975 28.5576 35
    endloop
  endfacet
  facet normal -0 0 1
    outer loop
      vertex 113.412 34.2716 35
      vertex 113.689 28.6292 35
      vertex 113.689 34.3708 35
    endloop
  endfacet
  facet normal 0 0 1
    outer loop
      vertex 113.412 34.2716 35
      vertex 113.412 28.7284 35
      vertex 113.689 28.6292 35
    endloop
  endfacet
  facet normal -0 0 1
    outer loop
      vertex 113.146 34.1458 35
      vertex 113.412 28.7284 35
      vertex 113.412 34.2716 35
    endloop
  endfacet
  facet normal 0 0 1
    outer loop
      vertex 113.146 34.1458 35
      vertex 113.146 28.8542 35
      vertex 113.412 28.7284 35
    endloop
  endfacet
  facet normal -0 0 1
    outer loop
      vertex 112.893 33.9944 35
      vertex 113.146 28.8542 35
      vertex 113.146 34.1458 35
    endloop
  endfacet
  facet normal 0 0 1
    outer loop
      vertex 112.893 33.9944 35
      vertex 112.893 29.0056 35
      vertex 113.146 28.8542 35
    endloop
  endfacet
  facet normal -0 0 1
    outer loop
      vertex 112.657 33.819 35
      vertex 112.893 29.0056 35
      vertex 112.893 33.9944 35
    endloop
  endfacet
  facet normal 0 0 1
    outer loop
      vertex 112.657 33.819 35
      vertex 112.657 29.181 35
      vertex 112.893 29.0056 35
    endloop
  endfacet
  facet normal -0 0 1
    outer loop
      vertex 112.439 33.6213 35
      vertex 112.657 29.181 35
      vertex 112.657 33.819 35
    endloop
  endfacet
  facet normal 0 0 1
    outer loop
      vertex 112.439 33.6213 35
      vertex 112.439 29.3787 35
      vertex 112.657 29.181 35
    endloop
  endfacet
  facet normal -0 0 1
    outer loop
      vertex 112.241 33.4032 35
      vertex 112.439 29.3787 35
      vertex 112.439 33.6213 35
    endloop
  endfacet
  facet normal 0 0 1
    outer loop
      vertex 112.241 33.4032 35
      vertex 112.241 29.5968 35
      vertex 112.439 29.3787 35
    endloop
  endfacet
  facet normal -0 0 1
    outer loop
      vertex 112.066 33.1667 35
      vertex 112.241 29.5968 35
      vertex 112.241 33.4032 35
    endloop
  endfacet
  facet normal 0 0 1
    outer loop
      vertex 112.066 33.1667 35
      vertex 112.066 29.8333 35
      vertex 112.241 29.5968 35
    endloop
  endfacet
  facet normal -0 0 1
    outer loop
      vertex 111.914 32.9142 35
      vertex 112.066 29.8333 35
      vertex 112.066 33.1667 35
    endloop
  endfacet
  facet normal 0 0 1
    outer loop
      vertex 111.914 32.9142 35
      vertex 111.914 30.0858 35
      vertex 112.066 29.8333 35
    endloop
  endfacet
  facet normal -0 0 1
    outer loop
      vertex 111.788 32.648 35
      vertex 111.914 30.0858 35
      vertex 111.914 32.9142 35
    endloop
  endfacet
  facet normal 0 0 1
    outer loop
      vertex 111.788 32.648 35
      vertex 111.788 30.3519 35
      vertex 111.914 30.0858 35
    endloop
  endfacet
  facet normal -0 0 1
    outer loop
      vertex 111.689 32.3709 35
      vertex 111.788 30.3519 35
      vertex 111.788 32.648 35
    endloop
  endfacet
  facet normal 0 0 1
    outer loop
      vertex 111.689 32.3709 35
      vertex 111.689 30.6291 35
      vertex 111.788 30.3519 35
    endloop
  endfacet
  facet normal -0 0 1
    outer loop
      vertex 111.618 32.0853 35
      vertex 111.689 30.6291 35
      vertex 111.689 32.3709 35
    endloop
  endfacet
  facet normal 0 0 1
    outer loop
      vertex 111.618 32.0853 35
      vertex 111.618 30.9147 35
      vertex 111.689 30.6291 35
    endloop
  endfacet
  facet normal -0 0 1
    outer loop
      vertex 111.574 31.7941 35
      vertex 111.618 30.9147 35
      vertex 111.618 32.0853 35
    endloop
  endfacet
  facet normal 0 0 1
    outer loop
      vertex 111.574 31.7941 35
      vertex 111.574 31.2059 35
      vertex 111.618 30.9147 35
    endloop
  endfacet
  facet normal 0 -0 1
    outer loop
      vertex 111.574 31.2059 35
      vertex 111.574 31.7941 35
      vertex 111.56 31.5 35
    endloop
  endfacet
  facet normal 0.988776 0.149403 0
    outer loop
      vertex 111.618 30.9147 55
      vertex 111.574 31.2059 35
      vertex 111.574 31.2059 55
    endloop
  endfacet
  facet normal 0.988776 0.149403 0
    outer loop
      vertex 111.574 31.2059 35
      vertex 111.618 30.9147 55
      vertex 111.618 30.9147 35
    endloop
  endfacet
  facet normal 0.941742 0.336336 0
    outer loop
      vertex 111.788 30.3519 55
      vertex 111.689 30.6291 35
      vertex 111.689 30.6291 55
    endloop
  endfacet
  facet normal 0.941742 0.336336 0
    outer loop
      vertex 111.689 30.6291 35
      vertex 111.788 30.3519 55
      vertex 111.788 30.3519 35
    endloop
  endfacet
  facet normal 0.740401 0.672166 0
    outer loop
      vertex 112.439 29.3787 55
      vertex 112.241 29.5968 35
      vertex 112.241 29.5968 55
    endloop
  endfacet
  facet normal 0.740401 0.672166 0
    outer loop
      vertex 112.241 29.5968 35
      vertex 112.439 29.3787 55
      vertex 112.439 29.3787 35
    endloop
  endfacet
  facet normal -0.242855 0.970063 0
    outer loop
      vertex 115.431 28.6292 35
      vertex 115.145 28.5576 55
      vertex 115.431 28.6292 55
    endloop
  endfacet
  facet normal -0.242855 0.970063 0
    outer loop
      vertex 115.145 28.5576 55
      vertex 115.431 28.6292 35
      vertex 115.145 28.5576 35
    endloop
  endfacet
  facet normal -0.596512 0.802604 0
    outer loop
      vertex 116.463 29.181 35
      vertex 116.227 29.0056 55
      vertex 116.463 29.181 55
    endloop
  endfacet
  facet normal -0.596512 0.802604 0
    outer loop
      vertex 116.227 29.0056 55
      vertex 116.463 29.181 35
      vertex 116.227 29.0056 35
    endloop
  endfacet
  facet normal -0.740401 0.672166 0
    outer loop
      vertex 116.681 29.3787 35
      vertex 116.879 29.5968 55
      vertex 116.879 29.5968 35
    endloop
  endfacet
  facet normal -0.740401 0.672166 0
    outer loop
      vertex 116.879 29.5968 55
      vertex 116.681 29.3787 35
      vertex 116.681 29.3787 55
    endloop
  endfacet
  facet normal -0.671776 0.740754 0
    outer loop
      vertex 116.681 29.3787 35
      vertex 116.463 29.181 55
      vertex 116.681 29.3787 55
    endloop
  endfacet
  facet normal -0.671776 0.740754 0
    outer loop
      vertex 116.463 29.181 55
      vertex 116.681 29.3787 35
      vertex 116.463 29.181 35
    endloop
  endfacet
  facet normal 0.337154 0.941449 -0
    outer loop
      vertex 113.689 28.6292 35
      vertex 113.412 28.7284 55
      vertex 113.689 28.6292 55
    endloop
  endfacet
  facet normal 0.337154 0.941449 0
    outer loop
      vertex 113.412 28.7284 55
      vertex 113.689 28.6292 35
      vertex 113.412 28.7284 35
    endloop
  endfacet
  facet normal 0.146844 0.98916 -0
    outer loop
      vertex 114.266 28.5144 35
      vertex 113.975 28.5576 55
      vertex 114.266 28.5144 55
    endloop
  endfacet
  facet normal 0.146844 0.98916 0
    outer loop
      vertex 113.975 28.5576 55
      vertex 114.266 28.5144 35
      vertex 113.975 28.5576 35
    endloop
  endfacet
  facet normal 0.427531 0.904001 -0
    outer loop
      vertex 113.412 28.7284 35
      vertex 113.146 28.8542 55
      vertex 113.412 28.7284 55
    endloop
  endfacet
  facet normal 0.427531 0.904001 0
    outer loop
      vertex 113.146 28.8542 55
      vertex 113.412 28.7284 35
      vertex 113.146 28.8542 35
    endloop
  endfacet
  facet normal -0.970461 -0.241256 0
    outer loop
      vertex 117.502 51.6453 35
      vertex 117.431 51.9309 55
      vertex 117.431 51.9309 35
    endloop
  endfacet
  facet normal -0.970461 -0.241256 0
    outer loop
      vertex 117.431 51.9309 55
      vertex 117.502 51.6453 35
      vertex 117.502 51.6453 55
    endloop
  endfacet
  facet normal -0.998868 -0.0475651 0
    outer loop
      vertex 117.56 51.06 35
      vertex 117.546 51.354 55
      vertex 117.546 51.354 35
    endloop
  endfacet
  facet normal -0.998868 -0.0475651 0
    outer loop
      vertex 117.546 51.354 55
      vertex 117.56 51.06 35
      vertex 117.56 51.06 55
    endloop
  endfacet
  facet normal 0.998868 -0.0475651 0
    outer loop
      vertex 111.56 51.06 55
      vertex 111.574 51.354 35
      vertex 111.574 51.354 55
    endloop
  endfacet
  facet normal 0.998868 -0.0475651 0
    outer loop
      vertex 111.574 51.354 35
      vertex 111.56 51.06 55
      vertex 111.56 51.06 35
    endloop
  endfacet
  facet normal 0.0489209 -0.998803 0
    outer loop
      vertex 114.266 54.0456 35
      vertex 114.56 54.06 55
      vertex 114.266 54.0456 55
    endloop
  endfacet
  facet normal 0.0489209 -0.998803 0
    outer loop
      vertex 114.56 54.06 55
      vertex 114.266 54.0456 35
      vertex 114.56 54.06 35
    endloop
  endfacet
  facet normal -0.671776 -0.740754 0
    outer loop
      vertex 116.463 53.379 35
      vertex 116.681 53.1813 55
      vertex 116.463 53.379 55
    endloop
  endfacet
  facet normal -0.671776 -0.740754 -0
    outer loop
      vertex 116.681 53.1813 55
      vertex 116.463 53.379 35
      vertex 116.681 53.1813 35
    endloop
  endfacet
  facet normal 0.671776 -0.740754 0
    outer loop
      vertex 112.439 53.1813 35
      vertex 112.657 53.379 55
      vertex 112.439 53.1813 55
    endloop
  endfacet
  facet normal 0.671776 -0.740754 0
    outer loop
      vertex 112.657 53.379 55
      vertex 112.439 53.1813 35
      vertex 112.657 53.379 35
    endloop
  endfacet
  facet normal 0.337154 -0.941449 0
    outer loop
      vertex 113.412 53.8316 35
      vertex 113.689 53.9308 55
      vertex 113.412 53.8316 55
    endloop
  endfacet
  facet normal 0.337154 -0.941449 0
    outer loop
      vertex 113.689 53.9308 55
      vertex 113.412 53.8316 35
      vertex 113.689 53.9308 35
    endloop
  endfacet
  facet normal 0.803858 0.594821 0
    outer loop
      vertex 112.241 49.1568 55
      vertex 112.066 49.3933 35
      vertex 112.066 49.3933 55
    endloop
  endfacet
  facet normal 0.803858 0.594821 0
    outer loop
      vertex 112.066 49.3933 35
      vertex 112.241 49.1568 55
      vertex 112.241 49.1568 35
    endloop
  endfacet
  facet normal -0.941703 -0.336444 0
    outer loop
      vertex 117.431 51.9309 35
      vertex 117.332 52.208 55
      vertex 117.332 52.208 35
    endloop
  endfacet
  facet normal -0.941703 -0.336444 0
    outer loop
      vertex 117.332 52.208 55
      vertex 117.431 51.9309 35
      vertex 117.431 51.9309 55
    endloop
  endfacet
  facet normal -0.337154 -0.941449 0
    outer loop
      vertex 115.431 53.9308 35
      vertex 115.708 53.8316 55
      vertex 115.431 53.9308 55
    endloop
  endfacet
  facet normal -0.337154 -0.941449 -0
    outer loop
      vertex 115.708 53.8316 55
      vertex 115.431 53.9308 35
      vertex 115.708 53.8316 35
    endloop
  endfacet
  facet normal 0.856744 -0.515743 0
    outer loop
      vertex 111.914 52.4742 55
      vertex 112.066 52.7267 35
      vertex 112.066 52.7267 55
    endloop
  endfacet
  facet normal 0.856744 -0.515743 0
    outer loop
      vertex 112.066 52.7267 35
      vertex 111.914 52.4742 55
      vertex 111.914 52.4742 35
    endloop
  endfacet
  facet normal 0.803858 -0.594821 0
    outer loop
      vertex 112.066 52.7267 55
      vertex 112.241 52.9632 35
      vertex 112.241 52.9632 55
    endloop
  endfacet
  facet normal 0.803858 -0.594821 0
    outer loop
      vertex 112.241 52.9632 35
      vertex 112.066 52.7267 55
      vertex 112.066 52.7267 35
    endloop
  endfacet
  facet normal 0.146844 -0.98916 0
    outer loop
      vertex 113.975 54.0024 35
      vertex 114.266 54.0456 55
      vertex 113.975 54.0024 55
    endloop
  endfacet
  facet normal 0.146844 -0.98916 0
    outer loop
      vertex 114.266 54.0456 55
      vertex 113.975 54.0024 35
      vertex 114.266 54.0456 35
    endloop
  endfacet
  facet normal -0.856744 0.515743 0
    outer loop
      vertex 117.054 49.3933 35
      vertex 117.206 49.6458 55
      vertex 117.206 49.6458 35
    endloop
  endfacet
  facet normal -0.856744 0.515743 0
    outer loop
      vertex 117.206 49.6458 55
      vertex 117.054 49.3933 35
      vertex 117.054 49.3933 55
    endloop
  endfacet
  facet normal -0.242855 0.970063 0
    outer loop
      vertex 115.431 48.1892 35
      vertex 115.145 48.1176 55
      vertex 115.431 48.1892 55
    endloop
  endfacet
  facet normal -0.242855 0.970063 0
    outer loop
      vertex 115.145 48.1176 55
      vertex 115.431 48.1892 35
      vertex 115.145 48.1176 35
    endloop
  endfacet
  facet normal -0.671776 0.740754 0
    outer loop
      vertex 116.681 48.9387 35
      vertex 116.463 48.741 55
      vertex 116.681 48.9387 55
    endloop
  endfacet
  facet normal -0.671776 0.740754 0
    outer loop
      vertex 116.463 48.741 55
      vertex 116.681 48.9387 35
      vertex 116.463 48.741 35
    endloop
  endfacet
  facet normal -0.988776 0.149403 0
    outer loop
      vertex 117.502 50.4747 35
      vertex 117.546 50.7659 55
      vertex 117.546 50.7659 35
    endloop
  endfacet
  facet normal -0.988776 0.149403 0
    outer loop
      vertex 117.546 50.7659 55
      vertex 117.502 50.4747 35
      vertex 117.502 50.4747 55
    endloop
  endfacet
  facet normal 0.337154 0.941449 -0
    outer loop
      vertex 113.689 48.1892 35
      vertex 113.412 48.2884 55
      vertex 113.689 48.1892 55
    endloop
  endfacet
  facet normal 0.337154 0.941449 0
    outer loop
      vertex 113.412 48.2884 55
      vertex 113.689 48.1892 35
      vertex 113.412 48.2884 35
    endloop
  endfacet
  facet normal 0.513498 0.858091 -0
    outer loop
      vertex 113.146 48.4142 35
      vertex 112.893 48.5656 55
      vertex 113.146 48.4142 55
    endloop
  endfacet
  facet normal 0.513498 0.858091 0
    outer loop
      vertex 112.893 48.5656 55
      vertex 113.146 48.4142 35
      vertex 112.893 48.5656 35
    endloop
  endfacet
  facet normal 0.970461 0.241256 0
    outer loop
      vertex 111.689 50.1891 55
      vertex 111.618 50.4747 35
      vertex 111.618 50.4747 55
    endloop
  endfacet
  facet normal 0.970461 0.241256 0
    outer loop
      vertex 111.618 50.4747 35
      vertex 111.689 50.1891 55
      vertex 111.689 50.1891 35
    endloop
  endfacet
  facet normal -0.988784 -0.149353 0
    outer loop
      vertex 117.546 51.354 35
      vertex 117.502 51.6453 55
      vertex 117.502 51.6453 35
    endloop
  endfacet
  facet normal -0.988784 -0.149353 0
    outer loop
      vertex 117.502 51.6453 55
      vertex 117.546 51.354 35
      vertex 117.546 51.354 55
    endloop
  endfacet
  facet normal -0.903862 -0.427824 0
    outer loop
      vertex 117.332 52.208 35
      vertex 117.206 52.4742 55
      vertex 117.206 52.4742 35
    endloop
  endfacet
  facet normal -0.903862 -0.427824 0
    outer loop
      vertex 117.206 52.4742 55
      vertex 117.332 52.208 35
      vertex 117.332 52.208 55
    endloop
  endfacet
  facet normal -0.856744 -0.515743 0
    outer loop
      vertex 117.206 52.4742 35
      vertex 117.054 52.7267 55
      vertex 117.054 52.7267 35
    endloop
  endfacet
  facet normal -0.856744 -0.515743 0
    outer loop
      vertex 117.054 52.7267 55
      vertex 117.206 52.4742 35
      vertex 117.206 52.4742 55
    endloop
  endfacet
  facet normal -0.803858 -0.594821 0
    outer loop
      vertex 117.054 52.7267 35
      vertex 116.879 52.9632 55
      vertex 116.879 52.9632 35
    endloop
  endfacet
  facet normal -0.803858 -0.594821 0
    outer loop
      vertex 116.879 52.9632 55
      vertex 117.054 52.7267 35
      vertex 117.054 52.7267 55
    endloop
  endfacet
  facet normal -0.242855 -0.970063 0
    outer loop
      vertex 115.145 54.0024 35
      vertex 115.431 53.9308 55
      vertex 115.145 54.0024 55
    endloop
  endfacet
  facet normal -0.242855 -0.970063 -0
    outer loop
      vertex 115.431 53.9308 55
      vertex 115.145 54.0024 35
      vertex 115.431 53.9308 35
    endloop
  endfacet
  facet normal -0.146844 -0.98916 0
    outer loop
      vertex 114.854 54.0456 35
      vertex 115.145 54.0024 55
      vertex 114.854 54.0456 55
    endloop
  endfacet
  facet normal -0.146844 -0.98916 -0
    outer loop
      vertex 115.145 54.0024 55
      vertex 114.854 54.0456 35
      vertex 115.145 54.0024 35
    endloop
  endfacet
  facet normal -0.596512 -0.802604 0
    outer loop
      vertex 116.227 53.5544 35
      vertex 116.463 53.379 55
      vertex 116.227 53.5544 55
    endloop
  endfacet
  facet normal -0.596512 -0.802604 -0
    outer loop
      vertex 116.463 53.379 55
      vertex 116.227 53.5544 35
      vertex 116.463 53.379 35
    endloop
  endfacet
  facet normal -0.513498 -0.858091 0
    outer loop
      vertex 115.974 53.7058 35
      vertex 116.227 53.5544 55
      vertex 115.974 53.7058 55
    endloop
  endfacet
  facet normal -0.513498 -0.858091 -0
    outer loop
      vertex 116.227 53.5544 55
      vertex 115.974 53.7058 35
      vertex 116.227 53.5544 35
    endloop
  endfacet
  facet normal 0.740401 -0.672166 0
    outer loop
      vertex 112.241 52.9632 55
      vertex 112.439 53.1813 35
      vertex 112.439 53.1813 55
    endloop
  endfacet
  facet normal 0.740401 -0.672166 0
    outer loop
      vertex 112.439 53.1813 35
      vertex 112.241 52.9632 55
      vertex 112.241 52.9632 35
    endloop
  endfacet
  facet normal 0.903862 -0.427824 0
    outer loop
      vertex 111.788 52.208 55
      vertex 111.914 52.4742 35
      vertex 111.914 52.4742 55
    endloop
  endfacet
  facet normal 0.903862 -0.427824 0
    outer loop
      vertex 111.914 52.4742 35
      vertex 111.788 52.208 55
      vertex 111.788 52.208 35
    endloop
  endfacet
  facet normal 0.970461 -0.241256 0
    outer loop
      vertex 111.618 51.6453 55
      vertex 111.689 51.9309 35
      vertex 111.689 51.9309 55
    endloop
  endfacet
  facet normal 0.970461 -0.241256 0
    outer loop
      vertex 111.689 51.9309 35
      vertex 111.618 51.6453 55
      vertex 111.618 51.6453 35
    endloop
  endfacet
  facet normal 0.427531 -0.904001 0
    outer loop
      vertex 113.146 53.7058 35
      vertex 113.412 53.8316 55
      vertex 113.146 53.7058 55
    endloop
  endfacet
  facet normal 0.427531 -0.904001 0
    outer loop
      vertex 113.412 53.8316 55
      vertex 113.146 53.7058 35
      vertex 113.412 53.8316 35
    endloop
  endfacet
  facet normal 0.513498 -0.858091 0
    outer loop
      vertex 112.893 53.5544 35
      vertex 113.146 53.7058 55
      vertex 112.893 53.5544 55
    endloop
  endfacet
  facet normal 0.513498 -0.858091 0
    outer loop
      vertex 113.146 53.7058 55
      vertex 112.893 53.5544 35
      vertex 113.146 53.7058 35
    endloop
  endfacet
  facet normal 0.596512 -0.802604 0
    outer loop
      vertex 112.657 53.379 35
      vertex 112.893 53.5544 55
      vertex 112.657 53.379 55
    endloop
  endfacet
  facet normal 0.596512 -0.802604 0
    outer loop
      vertex 112.893 53.5544 55
      vertex 112.657 53.379 35
      vertex 112.893 53.5544 35
    endloop
  endfacet
  facet normal 0.242855 -0.970063 0
    outer loop
      vertex 113.689 53.9308 35
      vertex 113.975 54.0024 55
      vertex 113.689 53.9308 55
    endloop
  endfacet
  facet normal 0.242855 -0.970063 0
    outer loop
      vertex 113.975 54.0024 55
      vertex 113.689 53.9308 35
      vertex 113.975 54.0024 35
    endloop
  endfacet
  facet normal -0.0489209 0.998803 0
    outer loop
      vertex 114.854 48.0744 35
      vertex 114.56 48.06 55
      vertex 114.854 48.0744 55
    endloop
  endfacet
  facet normal -0.0489209 0.998803 0
    outer loop
      vertex 114.56 48.06 55
      vertex 114.854 48.0744 35
      vertex 114.56 48.06 35
    endloop
  endfacet
  facet normal -0.146844 0.98916 0
    outer loop
      vertex 115.145 48.1176 35
      vertex 114.854 48.0744 55
      vertex 115.145 48.1176 55
    endloop
  endfacet
  facet normal -0.146844 0.98916 0
    outer loop
      vertex 114.854 48.0744 55
      vertex 115.145 48.1176 35
      vertex 114.854 48.0744 35
    endloop
  endfacet
  facet normal -0.427531 0.904001 0
    outer loop
      vertex 115.974 48.4142 35
      vertex 115.708 48.2884 55
      vertex 115.974 48.4142 55
    endloop
  endfacet
  facet normal -0.427531 0.904001 0
    outer loop
      vertex 115.708 48.2884 55
      vertex 115.974 48.4142 35
      vertex 115.708 48.2884 35
    endloop
  endfacet
  facet normal -0.596512 0.802604 0
    outer loop
      vertex 116.463 48.741 35
      vertex 116.227 48.5656 55
      vertex 116.463 48.741 55
    endloop
  endfacet
  facet normal -0.596512 0.802604 0
    outer loop
      vertex 116.227 48.5656 55
      vertex 116.463 48.741 35
      vertex 116.227 48.5656 35
    endloop
  endfacet
  facet normal -0.513498 0.858091 0
    outer loop
      vertex 116.227 48.5656 35
      vertex 115.974 48.4142 55
      vertex 116.227 48.5656 55
    endloop
  endfacet
  facet normal -0.513498 0.858091 0
    outer loop
      vertex 115.974 48.4142 55
      vertex 116.227 48.5656 35
      vertex 115.974 48.4142 35
    endloop
  endfacet
  facet normal -0.740401 0.672166 0
    outer loop
      vertex 116.681 48.9387 35
      vertex 116.879 49.1568 55
      vertex 116.879 49.1568 35
    endloop
  endfacet
  facet normal -0.740401 0.672166 0
    outer loop
      vertex 116.879 49.1568 55
      vertex 116.681 48.9387 35
      vertex 116.681 48.9387 55
    endloop
  endfacet
  facet normal -0.803858 0.594821 0
    outer loop
      vertex 116.879 49.1568 35
      vertex 117.054 49.3933 55
      vertex 117.054 49.3933 35
    endloop
  endfacet
  facet normal -0.803858 0.594821 0
    outer loop
      vertex 117.054 49.3933 55
      vertex 116.879 49.1568 35
      vertex 116.879 49.1568 55
    endloop
  endfacet
  facet normal 0.146844 0.98916 -0
    outer loop
      vertex 114.266 48.0744 35
      vertex 113.975 48.1176 55
      vertex 114.266 48.0744 55
    endloop
  endfacet
  facet normal 0.146844 0.98916 0
    outer loop
      vertex 113.975 48.1176 55
      vertex 114.266 48.0744 35
      vertex 113.975 48.1176 35
    endloop
  endfacet
  facet normal 0.671776 0.740754 -0
    outer loop
      vertex 112.657 48.741 35
      vertex 112.439 48.9387 55
      vertex 112.657 48.741 55
    endloop
  endfacet
  facet normal 0.671776 0.740754 0
    outer loop
      vertex 112.439 48.9387 55
      vertex 112.657 48.741 35
      vertex 112.439 48.9387 35
    endloop
  endfacet
  facet normal 0.0489209 0.998803 -0
    outer loop
      vertex 114.56 48.06 35
      vertex 114.266 48.0744 55
      vertex 114.56 48.06 55
    endloop
  endfacet
  facet normal 0.0489209 0.998803 0
    outer loop
      vertex 114.266 48.0744 55
      vertex 114.56 48.06 35
      vertex 114.266 48.0744 35
    endloop
  endfacet
  facet normal 0.596512 0.802604 -0
    outer loop
      vertex 112.893 48.5656 35
      vertex 112.657 48.741 55
      vertex 112.893 48.5656 55
    endloop
  endfacet
  facet normal 0.596512 0.802604 0
    outer loop
      vertex 112.657 48.741 55
      vertex 112.893 48.5656 35
      vertex 112.657 48.741 35
    endloop
  endfacet
  facet normal 0.9038 0.427955 0
    outer loop
      vertex 111.914 49.6458 55
      vertex 111.788 49.9119 35
      vertex 111.788 49.9119 55
    endloop
  endfacet
  facet normal 0.9038 0.427955 0
    outer loop
      vertex 111.788 49.9119 35
      vertex 111.914 49.6458 55
      vertex 111.914 49.6458 35
    endloop
  endfacet
  facet normal 0.998869 0.047549 0
    outer loop
      vertex 111.574 50.7659 55
      vertex 111.56 51.06 35
      vertex 111.56 51.06 55
    endloop
  endfacet
  facet normal 0.998869 0.047549 0
    outer loop
      vertex 111.56 51.06 35
      vertex 111.574 50.7659 55
      vertex 111.574 50.7659 35
    endloop
  endfacet
  facet normal 0 0 1
    outer loop
      vertex 117.546 51.354 35
      vertex 117.546 50.7659 35
      vertex 117.56 51.06 35
    endloop
  endfacet
  facet normal 0 0 1
    outer loop
      vertex 117.502 51.6453 35
      vertex 117.546 50.7659 35
      vertex 117.546 51.354 35
    endloop
  endfacet
  facet normal 0 0 1
    outer loop
      vertex 117.502 51.6453 35
      vertex 117.502 50.4747 35
      vertex 117.546 50.7659 35
    endloop
  endfacet
  facet normal 0 0 1
    outer loop
      vertex 117.431 51.9309 35
      vertex 117.502 50.4747 35
      vertex 117.502 51.6453 35
    endloop
  endfacet
  facet normal 0 0 1
    outer loop
      vertex 117.431 51.9309 35
      vertex 117.431 50.1891 35
      vertex 117.502 50.4747 35
    endloop
  endfacet
  facet normal 0 0 1
    outer loop
      vertex 117.332 52.208 35
      vertex 117.431 50.1891 35
      vertex 117.431 51.9309 35
    endloop
  endfacet
  facet normal 0 0 1
    outer loop
      vertex 117.332 52.208 35
      vertex 117.332 49.9119 35
      vertex 117.431 50.1891 35
    endloop
  endfacet
  facet normal 0 0 1
    outer loop
      vertex 117.206 52.4742 35
      vertex 117.332 49.9119 35
      vertex 117.332 52.208 35
    endloop
  endfacet
  facet normal 0 0 1
    outer loop
      vertex 117.206 52.4742 35
      vertex 117.206 49.6458 35
      vertex 117.332 49.9119 35
    endloop
  endfacet
  facet normal 0 0 1
    outer loop
      vertex 117.054 52.7267 35
      vertex 117.206 49.6458 35
      vertex 117.206 52.4742 35
    endloop
  endfacet
  facet normal 0 0 1
    outer loop
      vertex 117.054 52.7267 35
      vertex 117.054 49.3933 35
      vertex 117.206 49.6458 35
    endloop
  endfacet
  facet normal 0 0 1
    outer loop
      vertex 116.879 52.9632 35
      vertex 117.054 49.3933 35
      vertex 117.054 52.7267 35
    endloop
  endfacet
  facet normal 0 0 1
    outer loop
      vertex 116.879 52.9632 35
      vertex 116.879 49.1568 35
      vertex 117.054 49.3933 35
    endloop
  endfacet
  facet normal 0 0 1
    outer loop
      vertex 116.681 53.1813 35
      vertex 116.879 49.1568 35
      vertex 116.879 52.9632 35
    endloop
  endfacet
  facet normal 0 0 1
    outer loop
      vertex 116.681 53.1813 35
      vertex 116.681 48.9387 35
      vertex 116.879 49.1568 35
    endloop
  endfacet
  facet normal 0 0 1
    outer loop
      vertex 116.463 53.379 35
      vertex 116.681 48.9387 35
      vertex 116.681 53.1813 35
    endloop
  endfacet
  facet normal 0 0 1
    outer loop
      vertex 116.463 53.379 35
      vertex 116.463 48.741 35
      vertex 116.681 48.9387 35
    endloop
  endfacet
  facet normal 0 0 1
    outer loop
      vertex 116.227 53.5544 35
      vertex 116.463 48.741 35
      vertex 116.463 53.379 35
    endloop
  endfacet
  facet normal 0 0 1
    outer loop
      vertex 116.227 53.5544 35
      vertex 116.227 48.5656 35
      vertex 116.463 48.741 35
    endloop
  endfacet
  facet normal 0 0 1
    outer loop
      vertex 115.974 53.7058 35
      vertex 116.227 48.5656 35
      vertex 116.227 53.5544 35
    endloop
  endfacet
  facet normal 0 0 1
    outer loop
      vertex 115.974 53.7058 35
      vertex 115.974 48.4142 35
      vertex 116.227 48.5656 35
    endloop
  endfacet
  facet normal 0 0 1
    outer loop
      vertex 115.708 53.8316 35
      vertex 115.974 48.4142 35
      vertex 115.974 53.7058 35
    endloop
  endfacet
  facet normal 0 0 1
    outer loop
      vertex 115.708 53.8316 35
      vertex 115.708 48.2884 35
      vertex 115.974 48.4142 35
    endloop
  endfacet
  facet normal 0 0 1
    outer loop
      vertex 115.431 53.9308 35
      vertex 115.708 48.2884 35
      vertex 115.708 53.8316 35
    endloop
  endfacet
  facet normal 0 0 1
    outer loop
      vertex 115.431 53.9308 35
      vertex 115.431 48.1892 35
      vertex 115.708 48.2884 35
    endloop
  endfacet
  facet normal 0 0 1
    outer loop
      vertex 115.145 54.0024 35
      vertex 115.431 48.1892 35
      vertex 115.431 53.9308 35
    endloop
  endfacet
  facet normal 0 0 1
    outer loop
      vertex 115.145 54.0024 35
      vertex 115.145 48.1176 35
      vertex 115.431 48.1892 35
    endloop
  endfacet
  facet normal 0 0 1
    outer loop
      vertex 114.854 54.0456 35
      vertex 115.145 48.1176 35
      vertex 115.145 54.0024 35
    endloop
  endfacet
  facet normal 0 0 1
    outer loop
      vertex 114.854 54.0456 35
      vertex 114.854 48.0744 35
      vertex 115.145 48.1176 35
    endloop
  endfacet
  facet normal 0 0 1
    outer loop
      vertex 114.56 54.06 35
      vertex 114.854 48.0744 35
      vertex 114.854 54.0456 35
    endloop
  endfacet
  facet normal 0 0 1
    outer loop
      vertex 114.56 54.06 35
      vertex 114.56 48.06 35
      vertex 114.854 48.0744 35
    endloop
  endfacet
  facet normal -0 0 1
    outer loop
      vertex 114.266 54.0456 35
      vertex 114.56 48.06 35
      vertex 114.56 54.06 35
    endloop
  endfacet
  facet normal 0 0 1
    outer loop
      vertex 114.266 54.0456 35
      vertex 114.266 48.0744 35
      vertex 114.56 48.06 35
    endloop
  endfacet
  facet normal -0 0 1
    outer loop
      vertex 113.975 54.0024 35
      vertex 114.266 48.0744 35
      vertex 114.266 54.0456 35
    endloop
  endfacet
  facet normal 0 0 1
    outer loop
      vertex 113.975 54.0024 35
      vertex 113.975 48.1176 35
      vertex 114.266 48.0744 35
    endloop
  endfacet
  facet normal -0 0 1
    outer loop
      vertex 113.689 53.9308 35
      vertex 113.975 48.1176 35
      vertex 113.975 54.0024 35
    endloop
  endfacet
  facet normal 0 0 1
    outer loop
      vertex 113.689 53.9308 35
      vertex 113.689 48.1892 35
      vertex 113.975 48.1176 35
    endloop
  endfacet
  facet normal -0 0 1
    outer loop
      vertex 113.412 53.8316 35
      vertex 113.689 48.1892 35
      vertex 113.689 53.9308 35
    endloop
  endfacet
  facet normal 0 0 1
    outer loop
      vertex 113.412 53.8316 35
      vertex 113.412 48.2884 35
      vertex 113.689 48.1892 35
    endloop
  endfacet
  facet normal -0 0 1
    outer loop
      vertex 113.146 53.7058 35
      vertex 113.412 48.2884 35
      vertex 113.412 53.8316 35
    endloop
  endfacet
  facet normal 0 0 1
    outer loop
      vertex 113.146 53.7058 35
      vertex 113.146 48.4142 35
      vertex 113.412 48.2884 35
    endloop
  endfacet
  facet normal -0 0 1
    outer loop
      vertex 112.893 53.5544 35
      vertex 113.146 48.4142 35
      vertex 113.146 53.7058 35
    endloop
  endfacet
  facet normal 0 0 1
    outer loop
      vertex 112.893 53.5544 35
      vertex 112.893 48.5656 35
      vertex 113.146 48.4142 35
    endloop
  endfacet
  facet normal -0 0 1
    outer loop
      vertex 112.657 53.379 35
      vertex 112.893 48.5656 35
      vertex 112.893 53.5544 35
    endloop
  endfacet
  facet normal 0 0 1
    outer loop
      vertex 112.657 53.379 35
      vertex 112.657 48.741 35
      vertex 112.893 48.5656 35
    endloop
  endfacet
  facet normal -0 0 1
    outer loop
      vertex 112.439 53.1813 35
      vertex 112.657 48.741 35
      vertex 112.657 53.379 35
    endloop
  endfacet
  facet normal 0 0 1
    outer loop
      vertex 112.439 53.1813 35
      vertex 112.439 48.9387 35
      vertex 112.657 48.741 35
    endloop
  endfacet
  facet normal -0 0 1
    outer loop
      vertex 112.241 52.9632 35
      vertex 112.439 48.9387 35
      vertex 112.439 53.1813 35
    endloop
  endfacet
  facet normal 0 0 1
    outer loop
      vertex 112.241 52.9632 35
      vertex 112.241 49.1568 35
      vertex 112.439 48.9387 35
    endloop
  endfacet
  facet normal -0 0 1
    outer loop
      vertex 112.066 52.7267 35
      vertex 112.241 49.1568 35
      vertex 112.241 52.9632 35
    endloop
  endfacet
  facet normal 0 0 1
    outer loop
      vertex 112.066 52.7267 35
      vertex 112.066 49.3933 35
      vertex 112.241 49.1568 35
    endloop
  endfacet
  facet normal -0 0 1
    outer loop
      vertex 111.914 52.4742 35
      vertex 112.066 49.3933 35
      vertex 112.066 52.7267 35
    endloop
  endfacet
  facet normal 0 0 1
    outer loop
      vertex 111.914 52.4742 35
      vertex 111.914 49.6458 35
      vertex 112.066 49.3933 35
    endloop
  endfacet
  facet normal -0 0 1
    outer loop
      vertex 111.788 52.208 35
      vertex 111.914 49.6458 35
      vertex 111.914 52.4742 35
    endloop
  endfacet
  facet normal 0 0 1
    outer loop
      vertex 111.788 52.208 35
      vertex 111.788 49.9119 35
      vertex 111.914 49.6458 35
    endloop
  endfacet
  facet normal -0 0 1
    outer loop
      vertex 111.689 51.9309 35
      vertex 111.788 49.9119 35
      vertex 111.788 52.208 35
    endloop
  endfacet
  facet normal 0 0 1
    outer loop
      vertex 111.689 51.9309 35
      vertex 111.689 50.1891 35
      vertex 111.788 49.9119 35
    endloop
  endfacet
  facet normal -0 0 1
    outer loop
      vertex 111.618 51.6453 35
      vertex 111.689 50.1891 35
      vertex 111.689 51.9309 35
    endloop
  endfacet
  facet normal 0 0 1
    outer loop
      vertex 111.618 51.6453 35
      vertex 111.618 50.4747 35
      vertex 111.689 50.1891 35
    endloop
  endfacet
  facet normal -0 0 1
    outer loop
      vertex 111.574 51.354 35
      vertex 111.618 50.4747 35
      vertex 111.618 51.6453 35
    endloop
  endfacet
  facet normal 0 0 1
    outer loop
      vertex 111.574 51.354 35
      vertex 111.574 50.7659 35
      vertex 111.618 50.4747 35
    endloop
  endfacet
  facet normal 0 -0 1
    outer loop
      vertex 111.574 50.7659 35
      vertex 111.574 51.354 35
      vertex 111.56 51.06 35
    endloop
  endfacet
  facet normal -0.740401 -0.672166 0
    outer loop
      vertex 116.879 52.9632 35
      vertex 116.681 53.1813 55
      vertex 116.681 53.1813 35
    endloop
  endfacet
  facet normal -0.740401 -0.672166 0
    outer loop
      vertex 116.681 53.1813 55
      vertex 116.879 52.9632 35
      vertex 116.879 52.9632 55
    endloop
  endfacet
  facet normal -0.0489209 -0.998803 0
    outer loop
      vertex 114.56 54.06 35
      vertex 114.854 54.0456 55
      vertex 114.56 54.06 55
    endloop
  endfacet
  facet normal -0.0489209 -0.998803 -0
    outer loop
      vertex 114.854 54.0456 55
      vertex 114.56 54.06 35
      vertex 114.854 54.0456 35
    endloop
  endfacet
  facet normal -0.427531 -0.904001 0
    outer loop
      vertex 115.708 53.8316 35
      vertex 115.974 53.7058 55
      vertex 115.708 53.8316 55
    endloop
  endfacet
  facet normal -0.427531 -0.904001 -0
    outer loop
      vertex 115.974 53.7058 55
      vertex 115.708 53.8316 35
      vertex 115.974 53.7058 35
    endloop
  endfacet
  facet normal 0.988784 -0.149353 0
    outer loop
      vertex 111.574 51.354 55
      vertex 111.618 51.6453 35
      vertex 111.618 51.6453 55
    endloop
  endfacet
  facet normal 0.988784 -0.149353 0
    outer loop
      vertex 111.618 51.6453 35
      vertex 111.574 51.354 55
      vertex 111.574 51.354 35
    endloop
  endfacet
  facet normal 0.941703 -0.336444 0
    outer loop
      vertex 111.689 51.9309 55
      vertex 111.788 52.208 35
      vertex 111.788 52.208 55
    endloop
  endfacet
  facet normal 0.941703 -0.336444 0
    outer loop
      vertex 111.788 52.208 35
      vertex 111.689 51.9309 55
      vertex 111.689 51.9309 35
    endloop
  endfacet
  facet normal -0.337154 0.941449 0
    outer loop
      vertex 115.708 48.2884 35
      vertex 115.431 48.1892 55
      vertex 115.708 48.2884 55
    endloop
  endfacet
  facet normal -0.337154 0.941449 0
    outer loop
      vertex 115.431 48.1892 55
      vertex 115.708 48.2884 35
      vertex 115.431 48.1892 35
    endloop
  endfacet
  facet normal -0.9038 0.427955 0
    outer loop
      vertex 117.206 49.6458 35
      vertex 117.332 49.9119 55
      vertex 117.332 49.9119 35
    endloop
  endfacet
  facet normal -0.9038 0.427955 0
    outer loop
      vertex 117.332 49.9119 55
      vertex 117.206 49.6458 35
      vertex 117.206 49.6458 55
    endloop
  endfacet
  facet normal -0.941742 0.336336 0
    outer loop
      vertex 117.332 49.9119 35
      vertex 117.431 50.1891 55
      vertex 117.431 50.1891 35
    endloop
  endfacet
  facet normal -0.941742 0.336336 0
    outer loop
      vertex 117.431 50.1891 55
      vertex 117.332 49.9119 35
      vertex 117.332 49.9119 55
    endloop
  endfacet
  facet normal 0.242855 0.970063 -0
    outer loop
      vertex 113.975 48.1176 35
      vertex 113.689 48.1892 55
      vertex 113.975 48.1176 55
    endloop
  endfacet
  facet normal 0.242855 0.970063 0
    outer loop
      vertex 113.689 48.1892 55
      vertex 113.975 48.1176 35
      vertex 113.689 48.1892 35
    endloop
  endfacet
  facet normal 0.427531 0.904001 -0
    outer loop
      vertex 113.412 48.2884 35
      vertex 113.146 48.4142 55
      vertex 113.412 48.2884 55
    endloop
  endfacet
  facet normal 0.427531 0.904001 0
    outer loop
      vertex 113.146 48.4142 55
      vertex 113.412 48.2884 35
      vertex 113.146 48.4142 35
    endloop
  endfacet
  facet normal 0.740401 0.672166 0
    outer loop
      vertex 112.439 48.9387 55
      vertex 112.241 49.1568 35
      vertex 112.241 49.1568 55
    endloop
  endfacet
  facet normal 0.740401 0.672166 0
    outer loop
      vertex 112.241 49.1568 35
      vertex 112.439 48.9387 55
      vertex 112.439 48.9387 35
    endloop
  endfacet
  facet normal 0.856744 0.515743 0
    outer loop
      vertex 112.066 49.3933 55
      vertex 111.914 49.6458 35
      vertex 111.914 49.6458 55
    endloop
  endfacet
  facet normal 0.856744 0.515743 0
    outer loop
      vertex 111.914 49.6458 35
      vertex 112.066 49.3933 55
      vertex 112.066 49.3933 35
    endloop
  endfacet
  facet normal 0.988776 0.149403 0
    outer loop
      vertex 111.618 50.4747 55
      vertex 111.574 50.7659 35
      vertex 111.574 50.7659 55
    endloop
  endfacet
  facet normal 0.988776 0.149403 0
    outer loop
      vertex 111.574 50.7659 35
      vertex 111.618 50.4747 55
      vertex 111.618 50.4747 35
    endloop
  endfacet
  facet normal 0.941742 0.336336 0
    outer loop
      vertex 111.788 49.9119 55
      vertex 111.689 50.1891 35
      vertex 111.689 50.1891 55
    endloop
  endfacet
  facet normal 0.941742 0.336336 0
    outer loop
      vertex 111.689 50.1891 35
      vertex 111.788 49.9119 55
      vertex 111.788 49.9119 35
    endloop
  endfacet
  facet normal -0.998869 0.047549 0
    outer loop
      vertex 117.546 50.7659 35
      vertex 117.56 51.06 55
      vertex 117.56 51.06 35
    endloop
  endfacet
  facet normal -0.998869 0.047549 0
    outer loop
      vertex 117.56 51.06 55
      vertex 117.546 50.7659 35
      vertex 117.546 50.7659 55
    endloop
  endfacet
  facet normal -0.970461 0.241256 0
    outer loop
      vertex 117.431 50.1891 35
      vertex 117.502 50.4747 55
      vertex 117.502 50.4747 35
    endloop
  endfacet
  facet normal -0.970461 0.241256 0
    outer loop
      vertex 117.502 50.4747 55
      vertex 117.431 50.1891 35
      vertex 117.431 50.1891 55
    endloop
  endfacet
  facet normal -0.998868 -0.0475651 0
    outer loop
      vertex 117.56 70.62 35
      vertex 117.546 70.914 55
      vertex 117.546 70.914 35
    endloop
  endfacet
  facet normal -0.998868 -0.0475651 0
    outer loop
      vertex 117.546 70.914 55
      vertex 117.56 70.62 35
      vertex 117.56 70.62 55
    endloop
  endfacet
  facet normal 0.998868 -0.0475651 0
    outer loop
      vertex 111.56 70.62 55
      vertex 111.574 70.914 35
      vertex 111.574 70.914 55
    endloop
  endfacet
  facet normal 0.998868 -0.0475651 0
    outer loop
      vertex 111.574 70.914 35
      vertex 111.56 70.62 55
      vertex 111.56 70.62 35
    endloop
  endfacet
  facet normal -0.0489209 -0.998803 0
    outer loop
      vertex 114.56 73.62 35
      vertex 114.854 73.6056 55
      vertex 114.56 73.62 55
    endloop
  endfacet
  facet normal -0.0489209 -0.998803 -0
    outer loop
      vertex 114.854 73.6056 55
      vertex 114.56 73.62 35
      vertex 114.854 73.6056 35
    endloop
  endfacet
  facet normal -0.0489209 0.998803 0
    outer loop
      vertex 114.854 67.6344 35
      vertex 114.56 67.62 55
      vertex 114.854 67.6344 55
    endloop
  endfacet
  facet normal -0.0489209 0.998803 0
    outer loop
      vertex 114.56 67.62 55
      vertex 114.854 67.6344 35
      vertex 114.56 67.62 35
    endloop
  endfacet
  facet normal -0.740401 -0.672166 0
    outer loop
      vertex 116.879 72.5232 35
      vertex 116.681 72.7413 55
      vertex 116.681 72.7413 35
    endloop
  endfacet
  facet normal -0.740401 -0.672166 0
    outer loop
      vertex 116.681 72.7413 55
      vertex 116.879 72.5232 35
      vertex 116.879 72.5232 55
    endloop
  endfacet
  facet normal 0.671776 -0.740754 0
    outer loop
      vertex 112.439 72.7413 35
      vertex 112.657 72.939 55
      vertex 112.439 72.7413 55
    endloop
  endfacet
  facet normal 0.671776 -0.740754 0
    outer loop
      vertex 112.657 72.939 55
      vertex 112.439 72.7413 35
      vertex 112.657 72.939 35
    endloop
  endfacet
  facet normal 0.337154 -0.941449 0
    outer loop
      vertex 113.412 73.3916 35
      vertex 113.689 73.4908 55
      vertex 113.412 73.3916 55
    endloop
  endfacet
  facet normal 0.337154 -0.941449 0
    outer loop
      vertex 113.689 73.4908 55
      vertex 113.412 73.3916 35
      vertex 113.689 73.4908 35
    endloop
  endfacet
  facet normal -0.941742 -0.336336 0
    outer loop
      vertex 117.431 71.4909 35
      vertex 117.332 71.7681 55
      vertex 117.332 71.7681 35
    endloop
  endfacet
  facet normal -0.941742 -0.336336 0
    outer loop
      vertex 117.332 71.7681 55
      vertex 117.431 71.4909 35
      vertex 117.431 71.4909 55
    endloop
  endfacet
  facet normal -0.988784 -0.149353 0
    outer loop
      vertex 117.546 70.914 35
      vertex 117.502 71.2053 55
      vertex 117.502 71.2053 35
    endloop
  endfacet
  facet normal -0.988784 -0.149353 0
    outer loop
      vertex 117.502 71.2053 55
      vertex 117.546 70.914 35
      vertex 117.546 70.914 55
    endloop
  endfacet
  facet normal -0.427531 -0.904001 0
    outer loop
      vertex 115.708 73.3916 35
      vertex 115.974 73.2658 55
      vertex 115.708 73.3916 55
    endloop
  endfacet
  facet normal -0.427531 -0.904001 -0
    outer loop
      vertex 115.974 73.2658 55
      vertex 115.708 73.3916 35
      vertex 115.974 73.2658 35
    endloop
  endfacet
  facet normal -0.596512 -0.802604 0
    outer loop
      vertex 116.227 73.1144 35
      vertex 116.463 72.939 55
      vertex 116.227 73.1144 55
    endloop
  endfacet
  facet normal -0.596512 -0.802604 -0
    outer loop
      vertex 116.463 72.939 55
      vertex 116.227 73.1144 35
      vertex 116.463 72.939 35
    endloop
  endfacet
  facet normal 0.856744 -0.515743 0
    outer loop
      vertex 111.914 72.0342 55
      vertex 112.066 72.2867 35
      vertex 112.066 72.2867 55
    endloop
  endfacet
  facet normal 0.856744 -0.515743 0
    outer loop
      vertex 112.066 72.2867 35
      vertex 111.914 72.0342 55
      vertex 111.914 72.0342 35
    endloop
  endfacet
  facet normal 0.803858 -0.594821 0
    outer loop
      vertex 112.066 72.2867 55
      vertex 112.241 72.5232 35
      vertex 112.241 72.5232 55
    endloop
  endfacet
  facet normal 0.803858 -0.594821 0
    outer loop
      vertex 112.241 72.5232 35
      vertex 112.066 72.2867 55
      vertex 112.066 72.2867 35
    endloop
  endfacet
  facet normal 0.146844 -0.98916 0
    outer loop
      vertex 113.975 73.5624 35
      vertex 114.266 73.6056 55
      vertex 113.975 73.5624 55
    endloop
  endfacet
  facet normal 0.146844 -0.98916 0
    outer loop
      vertex 114.266 73.6056 55
      vertex 113.975 73.5624 35
      vertex 114.266 73.6056 35
    endloop
  endfacet
  facet normal -0.146844 0.98916 0
    outer loop
      vertex 115.145 67.6776 35
      vertex 114.854 67.6344 55
      vertex 115.145 67.6776 55
    endloop
  endfacet
  facet normal -0.146844 0.98916 0
    outer loop
      vertex 114.854 67.6344 55
      vertex 115.145 67.6776 35
      vertex 114.854 67.6344 35
    endloop
  endfacet
  facet normal -0.970461 -0.241256 0
    outer loop
      vertex 117.502 71.2053 35
      vertex 117.431 71.4909 55
      vertex 117.431 71.4909 35
    endloop
  endfacet
  facet normal -0.970461 -0.241256 0
    outer loop
      vertex 117.431 71.4909 55
      vertex 117.502 71.2053 35
      vertex 117.502 71.2053 55
    endloop
  endfacet
  facet normal -0.856744 -0.515743 0
    outer loop
      vertex 117.206 72.0342 35
      vertex 117.054 72.2867 55
      vertex 117.054 72.2867 35
    endloop
  endfacet
  facet normal -0.856744 -0.515743 0
    outer loop
      vertex 117.054 72.2867 55
      vertex 117.206 72.0342 35
      vertex 117.206 72.0342 55
    endloop
  endfacet
  facet normal -0.803858 -0.594821 0
    outer loop
      vertex 117.054 72.2867 35
      vertex 116.879 72.5232 55
      vertex 116.879 72.5232 35
    endloop
  endfacet
  facet normal -0.803858 -0.594821 0
    outer loop
      vertex 116.879 72.5232 55
      vertex 117.054 72.2867 35
      vertex 117.054 72.2867 55
    endloop
  endfacet
  facet normal -0.9038 -0.427955 0
    outer loop
      vertex 117.332 71.7681 35
      vertex 117.206 72.0342 55
      vertex 117.206 72.0342 35
    endloop
  endfacet
  facet normal -0.9038 -0.427955 0
    outer loop
      vertex 117.206 72.0342 55
      vertex 117.332 71.7681 35
      vertex 117.332 71.7681 55
    endloop
  endfacet
  facet normal -0.242855 -0.970063 0
    outer loop
      vertex 115.145 73.5624 35
      vertex 115.431 73.4908 55
      vertex 115.145 73.5624 55
    endloop
  endfacet
  facet normal -0.242855 -0.970063 -0
    outer loop
      vertex 115.431 73.4908 55
      vertex 115.145 73.5624 35
      vertex 115.431 73.4908 35
    endloop
  endfacet
  facet normal -0.146844 -0.98916 0
    outer loop
      vertex 114.854 73.6056 35
      vertex 115.145 73.5624 55
      vertex 114.854 73.6056 55
    endloop
  endfacet
  facet normal -0.146844 -0.98916 -0
    outer loop
      vertex 115.145 73.5624 55
      vertex 114.854 73.6056 35
      vertex 115.145 73.5624 35
    endloop
  endfacet
  facet normal -0.671776 -0.740754 0
    outer loop
      vertex 116.463 72.939 35
      vertex 116.681 72.7413 55
      vertex 116.463 72.939 55
    endloop
  endfacet
  facet normal -0.671776 -0.740754 -0
    outer loop
      vertex 116.681 72.7413 55
      vertex 116.463 72.939 35
      vertex 116.681 72.7413 35
    endloop
  endfacet
  facet normal 0.970461 -0.241256 0
    outer loop
      vertex 111.618 71.2053 55
      vertex 111.689 71.4909 35
      vertex 111.689 71.4909 55
    endloop
  endfacet
  facet normal 0.970461 -0.241256 0
    outer loop
      vertex 111.689 71.4909 35
      vertex 111.618 71.2053 55
      vertex 111.618 71.2053 35
    endloop
  endfacet
  facet normal 0.9038 -0.427955 0
    outer loop
      vertex 111.788 71.7681 55
      vertex 111.914 72.0342 35
      vertex 111.914 72.0342 55
    endloop
  endfacet
  facet normal 0.9038 -0.427955 0
    outer loop
      vertex 111.914 72.0342 35
      vertex 111.788 71.7681 55
      vertex 111.788 71.7681 35
    endloop
  endfacet
  facet normal 0.941742 -0.336336 0
    outer loop
      vertex 111.689 71.4909 55
      vertex 111.788 71.7681 35
      vertex 111.788 71.7681 55
    endloop
  endfacet
  facet normal 0.941742 -0.336336 0
    outer loop
      vertex 111.788 71.7681 35
      vertex 111.689 71.4909 55
      vertex 111.689 71.4909 35
    endloop
  endfacet
  facet normal 0.988784 -0.149353 0
    outer loop
      vertex 111.574 70.914 55
      vertex 111.618 71.2053 35
      vertex 111.618 71.2053 55
    endloop
  endfacet
  facet normal 0.988784 -0.149353 0
    outer loop
      vertex 111.618 71.2053 35
      vertex 111.574 70.914 55
      vertex 111.574 70.914 35
    endloop
  endfacet
  facet normal 0.513498 -0.858091 0
    outer loop
      vertex 112.893 73.1144 35
      vertex 113.146 73.2658 55
      vertex 112.893 73.1144 55
    endloop
  endfacet
  facet normal 0.513498 -0.858091 0
    outer loop
      vertex 113.146 73.2658 55
      vertex 112.893 73.1144 35
      vertex 113.146 73.2658 35
    endloop
  endfacet
  facet normal 0.0489209 -0.998803 0
    outer loop
      vertex 114.266 73.6056 35
      vertex 114.56 73.62 55
      vertex 114.266 73.6056 55
    endloop
  endfacet
  facet normal 0.0489209 -0.998803 0
    outer loop
      vertex 114.56 73.62 55
      vertex 114.266 73.6056 35
      vertex 114.56 73.62 35
    endloop
  endfacet
  facet normal -0.970461 0.241256 0
    outer loop
      vertex 117.431 69.7491 35
      vertex 117.502 70.0347 55
      vertex 117.502 70.0347 35
    endloop
  endfacet
  facet normal -0.970461 0.241256 0
    outer loop
      vertex 117.502 70.0347 55
      vertex 117.431 69.7491 35
      vertex 117.431 69.7491 55
    endloop
  endfacet
  facet normal -0.740401 0.672166 0
    outer loop
      vertex 116.681 68.4987 35
      vertex 116.879 68.7168 55
      vertex 116.879 68.7168 35
    endloop
  endfacet
  facet normal -0.740401 0.672166 0
    outer loop
      vertex 116.879 68.7168 55
      vertex 116.681 68.4987 35
      vertex 116.681 68.4987 55
    endloop
  endfacet
  facet normal 0 0 1
    outer loop
      vertex 117.546 70.914 35
      vertex 117.546 70.326 35
      vertex 117.56 70.62 35
    endloop
  endfacet
  facet normal 0 0 1
    outer loop
      vertex 117.502 71.2053 35
      vertex 117.546 70.326 35
      vertex 117.546 70.914 35
    endloop
  endfacet
  facet normal 0 0 1
    outer loop
      vertex 117.502 71.2053 35
      vertex 117.502 70.0347 35
      vertex 117.546 70.326 35
    endloop
  endfacet
  facet normal 0 0 1
    outer loop
      vertex 117.431 71.4909 35
      vertex 117.502 70.0347 35
      vertex 117.502 71.2053 35
    endloop
  endfacet
  facet normal 0 0 1
    outer loop
      vertex 117.431 71.4909 35
      vertex 117.431 69.7491 35
      vertex 117.502 70.0347 35
    endloop
  endfacet
  facet normal 0 0 1
    outer loop
      vertex 117.332 71.7681 35
      vertex 117.431 69.7491 35
      vertex 117.431 71.4909 35
    endloop
  endfacet
  facet normal 0 0 1
    outer loop
      vertex 117.332 71.7681 35
      vertex 117.332 69.4719 35
      vertex 117.431 69.7491 35
    endloop
  endfacet
  facet normal 0 0 1
    outer loop
      vertex 117.206 72.0342 35
      vertex 117.332 69.4719 35
      vertex 117.332 71.7681 35
    endloop
  endfacet
  facet normal 0 0 1
    outer loop
      vertex 117.206 72.0342 35
      vertex 117.206 69.2058 35
      vertex 117.332 69.4719 35
    endloop
  endfacet
  facet normal 0 0 1
    outer loop
      vertex 117.054 72.2867 35
      vertex 117.206 69.2058 35
      vertex 117.206 72.0342 35
    endloop
  endfacet
  facet normal 0 0 1
    outer loop
      vertex 117.054 72.2867 35
      vertex 117.054 68.9533 35
      vertex 117.206 69.2058 35
    endloop
  endfacet
  facet normal 0 0 1
    outer loop
      vertex 116.879 72.5232 35
      vertex 117.054 68.9533 35
      vertex 117.054 72.2867 35
    endloop
  endfacet
  facet normal 0 0 1
    outer loop
      vertex 116.879 72.5232 35
      vertex 116.879 68.7168 35
      vertex 117.054 68.9533 35
    endloop
  endfacet
  facet normal 0 0 1
    outer loop
      vertex 116.681 72.7413 35
      vertex 116.879 68.7168 35
      vertex 116.879 72.5232 35
    endloop
  endfacet
  facet normal 0 0 1
    outer loop
      vertex 116.681 72.7413 35
      vertex 116.681 68.4987 35
      vertex 116.879 68.7168 35
    endloop
  endfacet
  facet normal 0 0 1
    outer loop
      vertex 116.463 72.939 35
      vertex 116.681 68.4987 35
      vertex 116.681 72.7413 35
    endloop
  endfacet
  facet normal 0 0 1
    outer loop
      vertex 116.463 72.939 35
      vertex 116.463 68.301 35
      vertex 116.681 68.4987 35
    endloop
  endfacet
  facet normal 0 0 1
    outer loop
      vertex 116.227 73.1144 35
      vertex 116.463 68.301 35
      vertex 116.463 72.939 35
    endloop
  endfacet
  facet normal 0 0 1
    outer loop
      vertex 116.227 73.1144 35
      vertex 116.227 68.1256 35
      vertex 116.463 68.301 35
    endloop
  endfacet
  facet normal 0 0 1
    outer loop
      vertex 115.974 73.2658 35
      vertex 116.227 68.1256 35
      vertex 116.227 73.1144 35
    endloop
  endfacet
  facet normal 0 0 1
    outer loop
      vertex 115.974 73.2658 35
      vertex 115.974 67.9742 35
      vertex 116.227 68.1256 35
    endloop
  endfacet
  facet normal 0 0 1
    outer loop
      vertex 115.708 73.3916 35
      vertex 115.974 67.9742 35
      vertex 115.974 73.2658 35
    endloop
  endfacet
  facet normal 0 0 1
    outer loop
      vertex 115.708 73.3916 35
      vertex 115.708 67.8484 35
      vertex 115.974 67.9742 35
    endloop
  endfacet
  facet normal 0 0 1
    outer loop
      vertex 115.431 73.4908 35
      vertex 115.708 67.8484 35
      vertex 115.708 73.3916 35
    endloop
  endfacet
  facet normal 0 0 1
    outer loop
      vertex 115.431 73.4908 35
      vertex 115.431 67.7492 35
      vertex 115.708 67.8484 35
    endloop
  endfacet
  facet normal 0 0 1
    outer loop
      vertex 115.145 73.5624 35
      vertex 115.431 67.7492 35
      vertex 115.431 73.4908 35
    endloop
  endfacet
  facet normal 0 0 1
    outer loop
      vertex 115.145 73.5624 35
      vertex 115.145 67.6776 35
      vertex 115.431 67.7492 35
    endloop
  endfacet
  facet normal 0 0 1
    outer loop
      vertex 114.854 73.6056 35
      vertex 115.145 67.6776 35
      vertex 115.145 73.5624 35
    endloop
  endfacet
  facet normal 0 0 1
    outer loop
      vertex 114.854 73.6056 35
      vertex 114.854 67.6344 35
      vertex 115.145 67.6776 35
    endloop
  endfacet
  facet normal 0 0 1
    outer loop
      vertex 114.56 73.62 35
      vertex 114.854 67.6344 35
      vertex 114.854 73.6056 35
    endloop
  endfacet
  facet normal 0 0 1
    outer loop
      vertex 114.56 73.62 35
      vertex 114.56 67.62 35
      vertex 114.854 67.6344 35
    endloop
  endfacet
  facet normal -0 0 1
    outer loop
      vertex 114.266 73.6056 35
      vertex 114.56 67.62 35
      vertex 114.56 73.62 35
    endloop
  endfacet
  facet normal 0 0 1
    outer loop
      vertex 114.266 73.6056 35
      vertex 114.266 67.6344 35
      vertex 114.56 67.62 35
    endloop
  endfacet
  facet normal -0 0 1
    outer loop
      vertex 113.975 73.5624 35
      vertex 114.266 67.6344 35
      vertex 114.266 73.6056 35
    endloop
  endfacet
  facet normal 0 0 1
    outer loop
      vertex 113.975 73.5624 35
      vertex 113.975 67.6776 35
      vertex 114.266 67.6344 35
    endloop
  endfacet
  facet normal -0 0 1
    outer loop
      vertex 113.689 73.4908 35
      vertex 113.975 67.6776 35
      vertex 113.975 73.5624 35
    endloop
  endfacet
  facet normal 0 0 1
    outer loop
      vertex 113.689 73.4908 35
      vertex 113.689 67.7492 35
      vertex 113.975 67.6776 35
    endloop
  endfacet
  facet normal -0 0 1
    outer loop
      vertex 113.412 73.3916 35
      vertex 113.689 67.7492 35
      vertex 113.689 73.4908 35
    endloop
  endfacet
  facet normal 0 0 1
    outer loop
      vertex 113.412 73.3916 35
      vertex 113.412 67.8484 35
      vertex 113.689 67.7492 35
    endloop
  endfacet
  facet normal -0 0 1
    outer loop
      vertex 113.146 73.2658 35
      vertex 113.412 67.8484 35
      vertex 113.412 73.3916 35
    endloop
  endfacet
  facet normal 0 0 1
    outer loop
      vertex 113.146 73.2658 35
      vertex 113.146 67.9742 35
      vertex 113.412 67.8484 35
    endloop
  endfacet
  facet normal -0 0 1
    outer loop
      vertex 112.893 73.1144 35
      vertex 113.146 67.9742 35
      vertex 113.146 73.2658 35
    endloop
  endfacet
  facet normal 0 0 1
    outer loop
      vertex 112.893 73.1144 35
      vertex 112.893 68.1256 35
      vertex 113.146 67.9742 35
    endloop
  endfacet
  facet normal -0 0 1
    outer loop
      vertex 112.657 72.939 35
      vertex 112.893 68.1256 35
      vertex 112.893 73.1144 35
    endloop
  endfacet
  facet normal 0 0 1
    outer loop
      vertex 112.657 72.939 35
      vertex 112.657 68.301 35
      vertex 112.893 68.1256 35
    endloop
  endfacet
  facet normal -0 0 1
    outer loop
      vertex 112.439 72.7413 35
      vertex 112.657 68.301 35
      vertex 112.657 72.939 35
    endloop
  endfacet
  facet normal 0 0 1
    outer loop
      vertex 112.439 72.7413 35
      vertex 112.439 68.4987 35
      vertex 112.657 68.301 35
    endloop
  endfacet
  facet normal -0 0 1
    outer loop
      vertex 112.241 72.5232 35
      vertex 112.439 68.4987 35
      vertex 112.439 72.7413 35
    endloop
  endfacet
  facet normal 0 0 1
    outer loop
      vertex 112.241 72.5232 35
      vertex 112.241 68.7168 35
      vertex 112.439 68.4987 35
    endloop
  endfacet
  facet normal -0 0 1
    outer loop
      vertex 112.066 72.2867 35
      vertex 112.241 68.7168 35
      vertex 112.241 72.5232 35
    endloop
  endfacet
  facet normal 0 0 1
    outer loop
      vertex 112.066 72.2867 35
      vertex 112.066 68.9533 35
      vertex 112.241 68.7168 35
    endloop
  endfacet
  facet normal -0 0 1
    outer loop
      vertex 111.914 72.0342 35
      vertex 112.066 68.9533 35
      vertex 112.066 72.2867 35
    endloop
  endfacet
  facet normal 0 0 1
    outer loop
      vertex 111.914 72.0342 35
      vertex 111.914 69.2058 35
      vertex 112.066 68.9533 35
    endloop
  endfacet
  facet normal -0 0 1
    outer loop
      vertex 111.788 71.7681 35
      vertex 111.914 69.2058 35
      vertex 111.914 72.0342 35
    endloop
  endfacet
  facet normal 0 0 1
    outer loop
      vertex 111.788 71.7681 35
      vertex 111.788 69.4719 35
      vertex 111.914 69.2058 35
    endloop
  endfacet
  facet normal -0 0 1
    outer loop
      vertex 111.689 71.4909 35
      vertex 111.788 69.4719 35
      vertex 111.788 71.7681 35
    endloop
  endfacet
  facet normal 0 0 1
    outer loop
      vertex 111.689 71.4909 35
      vertex 111.689 69.7491 35
      vertex 111.788 69.4719 35
    endloop
  endfacet
  facet normal -0 0 1
    outer loop
      vertex 111.618 71.2053 35
      vertex 111.689 69.7491 35
      vertex 111.689 71.4909 35
    endloop
  endfacet
  facet normal 0 0 1
    outer loop
      vertex 111.618 71.2053 35
      vertex 111.618 70.0347 35
      vertex 111.689 69.7491 35
    endloop
  endfacet
  facet normal -0 0 1
    outer loop
      vertex 111.574 70.914 35
      vertex 111.618 70.0347 35
      vertex 111.618 71.2053 35
    endloop
  endfacet
  facet normal 0 0 1
    outer loop
      vertex 111.574 70.914 35
      vertex 111.574 70.326 35
      vertex 111.618 70.0347 35
    endloop
  endfacet
  facet normal 0 -0 1
    outer loop
      vertex 111.574 70.326 35
      vertex 111.574 70.914 35
      vertex 111.56 70.62 35
    endloop
  endfacet
  facet normal -0.427531 0.904001 0
    outer loop
      vertex 115.974 67.9742 35
      vertex 115.708 67.8484 55
      vertex 115.974 67.9742 55
    endloop
  endfacet
  facet normal -0.427531 0.904001 0
    outer loop
      vertex 115.708 67.8484 55
      vertex 115.974 67.9742 35
      vertex 115.708 67.8484 35
    endloop
  endfacet
  facet normal -0.337154 -0.941449 0
    outer loop
      vertex 115.431 73.4908 35
      vertex 115.708 73.3916 55
      vertex 115.431 73.4908 55
    endloop
  endfacet
  facet normal -0.337154 -0.941449 -0
    outer loop
      vertex 115.708 73.3916 55
      vertex 115.431 73.4908 35
      vertex 115.708 73.3916 35
    endloop
  endfacet
  facet normal -0.513498 -0.858091 0
    outer loop
      vertex 115.974 73.2658 35
      vertex 116.227 73.1144 55
      vertex 115.974 73.2658 55
    endloop
  endfacet
  facet normal -0.513498 -0.858091 -0
    outer loop
      vertex 116.227 73.1144 55
      vertex 115.974 73.2658 35
      vertex 116.227 73.1144 35
    endloop
  endfacet
  facet normal 0.740401 -0.672166 0
    outer loop
      vertex 112.241 72.5232 55
      vertex 112.439 72.7413 35
      vertex 112.439 72.7413 55
    endloop
  endfacet
  facet normal 0.740401 -0.672166 0
    outer loop
      vertex 112.439 72.7413 35
      vertex 112.241 72.5232 55
      vertex 112.241 72.5232 35
    endloop
  endfacet
  facet normal 0.596512 -0.802604 0
    outer loop
      vertex 112.657 72.939 35
      vertex 112.893 73.1144 55
      vertex 112.657 72.939 55
    endloop
  endfacet
  facet normal 0.596512 -0.802604 0
    outer loop
      vertex 112.893 73.1144 55
      vertex 112.657 72.939 35
      vertex 112.893 73.1144 35
    endloop
  endfacet
  facet normal 0.427531 -0.904001 0
    outer loop
      vertex 113.146 73.2658 35
      vertex 113.412 73.3916 55
      vertex 113.146 73.2658 55
    endloop
  endfacet
  facet normal 0.427531 -0.904001 0
    outer loop
      vertex 113.412 73.3916 55
      vertex 113.146 73.2658 35
      vertex 113.412 73.3916 35
    endloop
  endfacet
  facet normal 0.242855 -0.970063 0
    outer loop
      vertex 113.689 73.4908 35
      vertex 113.975 73.5624 55
      vertex 113.689 73.4908 55
    endloop
  endfacet
  facet normal 0.242855 -0.970063 0
    outer loop
      vertex 113.975 73.5624 55
      vertex 113.689 73.4908 35
      vertex 113.975 73.5624 35
    endloop
  endfacet
  facet normal -0.988784 0.149353 0
    outer loop
      vertex 117.502 70.0347 35
      vertex 117.546 70.326 55
      vertex 117.546 70.326 35
    endloop
  endfacet
  facet normal -0.988784 0.149353 0
    outer loop
      vertex 117.546 70.326 55
      vertex 117.502 70.0347 35
      vertex 117.502 70.0347 55
    endloop
  endfacet
  facet normal -0.998868 0.0475651 0
    outer loop
      vertex 117.546 70.326 35
      vertex 117.56 70.62 55
      vertex 117.56 70.62 35
    endloop
  endfacet
  facet normal -0.998868 0.0475651 0
    outer loop
      vertex 117.56 70.62 55
      vertex 117.546 70.326 35
      vertex 117.546 70.326 55
    endloop
  endfacet
  facet normal -0.513498 0.858091 0
    outer loop
      vertex 116.227 68.1256 35
      vertex 115.974 67.9742 55
      vertex 116.227 68.1256 55
    endloop
  endfacet
  facet normal -0.513498 0.858091 0
    outer loop
      vertex 115.974 67.9742 55
      vertex 116.227 68.1256 35
      vertex 115.974 67.9742 35
    endloop
  endfacet
  facet normal -0.803858 0.594821 0
    outer loop
      vertex 116.879 68.7168 35
      vertex 117.054 68.9533 55
      vertex 117.054 68.9533 35
    endloop
  endfacet
  facet normal -0.803858 0.594821 0
    outer loop
      vertex 117.054 68.9533 55
      vertex 116.879 68.7168 35
      vertex 116.879 68.7168 55
    endloop
  endfacet
  facet normal 0.337154 0.941449 -0
    outer loop
      vertex 113.689 67.7492 35
      vertex 113.412 67.8484 55
      vertex 113.689 67.7492 55
    endloop
  endfacet
  facet normal 0.337154 0.941449 0
    outer loop
      vertex 113.412 67.8484 55
      vertex 113.689 67.7492 35
      vertex 113.412 67.8484 35
    endloop
  endfacet
  facet normal 0.803858 0.594821 0
    outer loop
      vertex 112.241 68.7168 55
      vertex 112.066 68.9533 35
      vertex 112.066 68.9533 55
    endloop
  endfacet
  facet normal 0.803858 0.594821 0
    outer loop
      vertex 112.066 68.9533 35
      vertex 112.241 68.7168 55
      vertex 112.241 68.7168 35
    endloop
  endfacet
  facet normal 0.9038 0.427955 0
    outer loop
      vertex 111.914 69.2058 55
      vertex 111.788 69.4719 35
      vertex 111.788 69.4719 55
    endloop
  endfacet
  facet normal 0.9038 0.427955 0
    outer loop
      vertex 111.788 69.4719 35
      vertex 111.914 69.2058 55
      vertex 111.914 69.2058 35
    endloop
  endfacet
  facet normal 0.856744 0.515743 0
    outer loop
      vertex 112.066 68.9533 55
      vertex 111.914 69.2058 35
      vertex 111.914 69.2058 55
    endloop
  endfacet
  facet normal 0.856744 0.515743 0
    outer loop
      vertex 111.914 69.2058 35
      vertex 112.066 68.9533 55
      vertex 112.066 68.9533 35
    endloop
  endfacet
  facet normal 0.970461 0.241256 0
    outer loop
      vertex 111.689 69.7491 55
      vertex 111.618 70.0347 35
      vertex 111.618 70.0347 55
    endloop
  endfacet
  facet normal 0.970461 0.241256 0
    outer loop
      vertex 111.618 70.0347 35
      vertex 111.689 69.7491 55
      vertex 111.689 69.7491 35
    endloop
  endfacet
  facet normal -0.941742 0.336336 0
    outer loop
      vertex 117.332 69.4719 35
      vertex 117.431 69.7491 55
      vertex 117.431 69.7491 35
    endloop
  endfacet
  facet normal -0.941742 0.336336 0
    outer loop
      vertex 117.431 69.7491 55
      vertex 117.332 69.4719 35
      vertex 117.332 69.4719 55
    endloop
  endfacet
  facet normal -0.9038 0.427955 0
    outer loop
      vertex 117.206 69.2058 35
      vertex 117.332 69.4719 55
      vertex 117.332 69.4719 35
    endloop
  endfacet
  facet normal -0.9038 0.427955 0
    outer loop
      vertex 117.332 69.4719 55
      vertex 117.206 69.2058 35
      vertex 117.206 69.2058 55
    endloop
  endfacet
  facet normal -0.856744 0.515743 0
    outer loop
      vertex 117.054 68.9533 35
      vertex 117.206 69.2058 55
      vertex 117.206 69.2058 35
    endloop
  endfacet
  facet normal -0.856744 0.515743 0
    outer loop
      vertex 117.206 69.2058 55
      vertex 117.054 68.9533 35
      vertex 117.054 68.9533 55
    endloop
  endfacet
  facet normal 0.0489209 0.998803 -0
    outer loop
      vertex 114.56 67.62 35
      vertex 114.266 67.6344 55
      vertex 114.56 67.62 55
    endloop
  endfacet
  facet normal 0.0489209 0.998803 0
    outer loop
      vertex 114.266 67.6344 55
      vertex 114.56 67.62 35
      vertex 114.266 67.6344 35
    endloop
  endfacet
  facet normal 0.513498 0.858091 -0
    outer loop
      vertex 113.146 67.9742 35
      vertex 112.893 68.1256 55
      vertex 113.146 67.9742 55
    endloop
  endfacet
  facet normal 0.513498 0.858091 0
    outer loop
      vertex 112.893 68.1256 55
      vertex 113.146 67.9742 35
      vertex 112.893 68.1256 35
    endloop
  endfacet
  facet normal 0.671776 0.740754 -0
    outer loop
      vertex 112.657 68.301 35
      vertex 112.439 68.4987 55
      vertex 112.657 68.301 55
    endloop
  endfacet
  facet normal 0.671776 0.740754 0
    outer loop
      vertex 112.439 68.4987 55
      vertex 112.657 68.301 35
      vertex 112.439 68.4987 35
    endloop
  endfacet
  facet normal 0.740401 0.672166 0
    outer loop
      vertex 112.439 68.4987 55
      vertex 112.241 68.7168 35
      vertex 112.241 68.7168 55
    endloop
  endfacet
  facet normal 0.740401 0.672166 0
    outer loop
      vertex 112.241 68.7168 35
      vertex 112.439 68.4987 55
      vertex 112.439 68.4987 35
    endloop
  endfacet
  facet normal 0.941742 0.336336 0
    outer loop
      vertex 111.788 69.4719 55
      vertex 111.689 69.7491 35
      vertex 111.689 69.7491 55
    endloop
  endfacet
  facet normal 0.941742 0.336336 0
    outer loop
      vertex 111.689 69.7491 35
      vertex 111.788 69.4719 55
      vertex 111.788 69.4719 35
    endloop
  endfacet
  facet normal 0.988784 0.149353 0
    outer loop
      vertex 111.618 70.0347 55
      vertex 111.574 70.326 35
      vertex 111.574 70.326 55
    endloop
  endfacet
  facet normal 0.988784 0.149353 0
    outer loop
      vertex 111.574 70.326 35
      vertex 111.618 70.0347 55
      vertex 111.618 70.0347 35
    endloop
  endfacet
  facet normal 0.998868 0.0475651 0
    outer loop
      vertex 111.574 70.326 55
      vertex 111.56 70.62 35
      vertex 111.56 70.62 55
    endloop
  endfacet
  facet normal 0.998868 0.0475651 0
    outer loop
      vertex 111.56 70.62 35
      vertex 111.574 70.326 55
      vertex 111.574 70.326 35
    endloop
  endfacet
  facet normal -0.671776 0.740754 0
    outer loop
      vertex 116.681 68.4987 35
      vertex 116.463 68.301 55
      vertex 116.681 68.4987 55
    endloop
  endfacet
  facet normal -0.671776 0.740754 0
    outer loop
      vertex 116.463 68.301 55
      vertex 116.681 68.4987 35
      vertex 116.463 68.301 35
    endloop
  endfacet
  facet normal -0.596512 0.802604 0
    outer loop
      vertex 116.463 68.301 35
      vertex 116.227 68.1256 55
      vertex 116.463 68.301 55
    endloop
  endfacet
  facet normal -0.596512 0.802604 0
    outer loop
      vertex 116.227 68.1256 55
      vertex 116.463 68.301 35
      vertex 116.227 68.1256 35
    endloop
  endfacet
  facet normal 0.146844 0.98916 -0
    outer loop
      vertex 114.266 67.6344 35
      vertex 113.975 67.6776 55
      vertex 114.266 67.6344 55
    endloop
  endfacet
  facet normal 0.146844 0.98916 0
    outer loop
      vertex 113.975 67.6776 55
      vertex 114.266 67.6344 35
      vertex 113.975 67.6776 35
    endloop
  endfacet
  facet normal 0.596512 0.802604 -0
    outer loop
      vertex 112.893 68.1256 35
      vertex 112.657 68.301 55
      vertex 112.893 68.1256 55
    endloop
  endfacet
  facet normal 0.596512 0.802604 0
    outer loop
      vertex 112.657 68.301 55
      vertex 112.893 68.1256 35
      vertex 112.657 68.301 35
    endloop
  endfacet
  facet normal 0.427531 0.904001 -0
    outer loop
      vertex 113.412 67.8484 35
      vertex 113.146 67.9742 55
      vertex 113.412 67.8484 55
    endloop
  endfacet
  facet normal 0.427531 0.904001 0
    outer loop
      vertex 113.146 67.9742 55
      vertex 113.412 67.8484 35
      vertex 113.146 67.9742 35
    endloop
  endfacet
  facet normal -0.337154 0.941449 0
    outer loop
      vertex 115.708 67.8484 35
      vertex 115.431 67.7492 55
      vertex 115.708 67.8484 55
    endloop
  endfacet
  facet normal -0.337154 0.941449 0
    outer loop
      vertex 115.431 67.7492 55
      vertex 115.708 67.8484 35
      vertex 115.431 67.7492 35
    endloop
  endfacet
  facet normal -0.242855 0.970063 0
    outer loop
      vertex 115.431 67.7492 35
      vertex 115.145 67.6776 55
      vertex 115.431 67.7492 55
    endloop
  endfacet
  facet normal -0.242855 0.970063 0
    outer loop
      vertex 115.145 67.6776 55
      vertex 115.431 67.7492 35
      vertex 115.145 67.6776 35
    endloop
  endfacet
  facet normal 0.242855 0.970063 -0
    outer loop
      vertex 113.975 67.6776 35
      vertex 113.689 67.7492 55
      vertex 113.975 67.6776 55
    endloop
  endfacet
  facet normal 0.242855 0.970063 0
    outer loop
      vertex 113.689 67.7492 55
      vertex 113.975 67.6776 35
      vertex 113.689 67.7492 35
    endloop
  endfacet
endsolid OpenSCAD_Model
