solid OpenSCAD_Model
  facet normal -1 0 0
    outer loop
      vertex 0 0 0
      vertex 0 85.75 99
      vertex 0 85.75 0
    endloop
  endfacet
  facet normal -1 -0 0
    outer loop
      vertex 0 85.75 99
      vertex 0 0 0
      vertex 0 0 99
    endloop
  endfacet
  facet normal 0 0 1
    outer loop
      vertex 16.3564 13.3564 99
      vertex 21.4036 13.3564 99
      vertex 16.3564 18.4036 99
    endloop
  endfacet
  facet normal 0 0 1
    outer loop
      vertex 21.4036 13.3564 99
      vertex 16.3564 13.3564 99
      vertex 17.175 11.38 99
    endloop
  endfacet
  facet normal -0 0 1
    outer loop
      vertex 14.38 17.585 99
      vertex 16.3564 13.3564 99
      vertex 16.3564 18.4036 99
    endloop
  endfacet
  facet normal 0 0 1
    outer loop
      vertex 14.38 17.585 99
      vertex 14.38 14.175 99
      vertex 16.3564 13.3564 99
    endloop
  endfacet
  facet normal 0 0 1
    outer loop
      vertex 12.4036 18.4036 99
      vertex 14.38 14.175 99
      vertex 14.38 17.585 99
    endloop
  endfacet
  facet normal 0 0 1
    outer loop
      vertex 12.4036 18.4036 99
      vertex 12.4036 13.3564 99
      vertex 14.38 14.175 99
    endloop
  endfacet
  facet normal 0 0 1
    outer loop
      vertex 11.585 20.38 99
      vertex 12.4036 13.3564 99
      vertex 12.4036 18.4036 99
    endloop
  endfacet
  facet normal 0 0 1
    outer loop
      vertex 12.4036 13.3564 99
      vertex 11.585 20.38 99
      vertex 11.585 11.38 99
    endloop
  endfacet
  facet normal 0 0 1
    outer loop
      vertex 16.3564 22.3564 99
      vertex 21.4036 22.3564 99
      vertex 16.3564 27.4036 99
    endloop
  endfacet
  facet normal 0 0 1
    outer loop
      vertex 21.4036 22.3564 99
      vertex 16.3564 22.3564 99
      vertex 17.175 20.38 99
    endloop
  endfacet
  facet normal -0 0 1
    outer loop
      vertex 14.38 26.585 99
      vertex 16.3564 22.3564 99
      vertex 16.3564 27.4036 99
    endloop
  endfacet
  facet normal 0 0 1
    outer loop
      vertex 14.38 26.585 99
      vertex 14.38 23.175 99
      vertex 16.3564 22.3564 99
    endloop
  endfacet
  facet normal 0 0 1
    outer loop
      vertex 12.4036 27.4036 99
      vertex 14.38 23.175 99
      vertex 14.38 26.585 99
    endloop
  endfacet
  facet normal 0 0 1
    outer loop
      vertex 12.4036 27.4036 99
      vertex 12.4036 22.3564 99
      vertex 14.38 23.175 99
    endloop
  endfacet
  facet normal 0 0 1
    outer loop
      vertex 11.585 29.38 99
      vertex 12.4036 22.3564 99
      vertex 12.4036 27.4036 99
    endloop
  endfacet
  facet normal 0 0 1
    outer loop
      vertex 12.4036 22.3564 99
      vertex 11.585 29.38 99
      vertex 11.585 20.38 99
    endloop
  endfacet
  facet normal 0 0 1
    outer loop
      vertex 16.3564 31.3564 99
      vertex 21.4036 31.3564 99
      vertex 16.3564 36.4036 99
    endloop
  endfacet
  facet normal 0 0 1
    outer loop
      vertex 21.4036 31.3564 99
      vertex 16.3564 31.3564 99
      vertex 17.175 29.38 99
    endloop
  endfacet
  facet normal -0 0 1
    outer loop
      vertex 14.38 35.585 99
      vertex 16.3564 31.3564 99
      vertex 16.3564 36.4036 99
    endloop
  endfacet
  facet normal 0 0 1
    outer loop
      vertex 14.38 35.585 99
      vertex 14.38 32.175 99
      vertex 16.3564 31.3564 99
    endloop
  endfacet
  facet normal 0 0 1
    outer loop
      vertex 12.4036 36.4036 99
      vertex 14.38 32.175 99
      vertex 14.38 35.585 99
    endloop
  endfacet
  facet normal 0 0 1
    outer loop
      vertex 12.4036 36.4036 99
      vertex 12.4036 31.3564 99
      vertex 14.38 32.175 99
    endloop
  endfacet
  facet normal 0 0 1
    outer loop
      vertex 11.585 38.38 99
      vertex 12.4036 31.3564 99
      vertex 12.4036 36.4036 99
    endloop
  endfacet
  facet normal 0 0 1
    outer loop
      vertex 12.4036 31.3564 99
      vertex 11.585 38.38 99
      vertex 11.585 29.38 99
    endloop
  endfacet
  facet normal 0 0 1
    outer loop
      vertex 16.3564 40.3564 99
      vertex 21.4036 40.3564 99
      vertex 16.3564 45.4036 99
    endloop
  endfacet
  facet normal 0 0 1
    outer loop
      vertex 21.4036 40.3564 99
      vertex 16.3564 40.3564 99
      vertex 17.175 38.38 99
    endloop
  endfacet
  facet normal -0 0 1
    outer loop
      vertex 14.38 44.585 99
      vertex 16.3564 40.3564 99
      vertex 16.3564 45.4036 99
    endloop
  endfacet
  facet normal 0 0 1
    outer loop
      vertex 14.38 44.585 99
      vertex 14.38 41.175 99
      vertex 16.3564 40.3564 99
    endloop
  endfacet
  facet normal 0 0 1
    outer loop
      vertex 12.4036 45.4036 99
      vertex 14.38 41.175 99
      vertex 14.38 44.585 99
    endloop
  endfacet
  facet normal 0 0 1
    outer loop
      vertex 12.4036 45.4036 99
      vertex 12.4036 40.3564 99
      vertex 14.38 41.175 99
    endloop
  endfacet
  facet normal 0 0 1
    outer loop
      vertex 11.585 47.38 99
      vertex 12.4036 40.3564 99
      vertex 12.4036 45.4036 99
    endloop
  endfacet
  facet normal 0 0 1
    outer loop
      vertex 12.4036 40.3564 99
      vertex 11.585 47.38 99
      vertex 11.585 38.38 99
    endloop
  endfacet
  facet normal 0 0 1
    outer loop
      vertex 16.3564 49.3564 99
      vertex 21.4036 49.3564 99
      vertex 16.3564 54.4036 99
    endloop
  endfacet
  facet normal 0 0 1
    outer loop
      vertex 21.4036 49.3564 99
      vertex 16.3564 49.3564 99
      vertex 17.175 47.38 99
    endloop
  endfacet
  facet normal -0 0 1
    outer loop
      vertex 14.38 53.585 99
      vertex 16.3564 49.3564 99
      vertex 16.3564 54.4036 99
    endloop
  endfacet
  facet normal 0 0 1
    outer loop
      vertex 14.38 53.585 99
      vertex 14.38 50.175 99
      vertex 16.3564 49.3564 99
    endloop
  endfacet
  facet normal 0 0 1
    outer loop
      vertex 12.4036 54.4036 99
      vertex 14.38 50.175 99
      vertex 14.38 53.585 99
    endloop
  endfacet
  facet normal 0 0 1
    outer loop
      vertex 12.4036 54.4036 99
      vertex 12.4036 49.3564 99
      vertex 14.38 50.175 99
    endloop
  endfacet
  facet normal 0 0 1
    outer loop
      vertex 11.585 56.38 99
      vertex 12.4036 49.3564 99
      vertex 12.4036 54.4036 99
    endloop
  endfacet
  facet normal 0 0 1
    outer loop
      vertex 12.4036 49.3564 99
      vertex 11.585 56.38 99
      vertex 11.585 47.38 99
    endloop
  endfacet
  facet normal 0 0 1
    outer loop
      vertex 16.3564 58.3564 99
      vertex 21.4036 58.3564 99
      vertex 16.3564 63.4036 99
    endloop
  endfacet
  facet normal 0 0 1
    outer loop
      vertex 21.4036 58.3564 99
      vertex 16.3564 58.3564 99
      vertex 17.175 56.38 99
    endloop
  endfacet
  facet normal -0 0 1
    outer loop
      vertex 14.38 62.585 99
      vertex 16.3564 58.3564 99
      vertex 16.3564 63.4036 99
    endloop
  endfacet
  facet normal 0 0 1
    outer loop
      vertex 14.38 62.585 99
      vertex 14.38 59.175 99
      vertex 16.3564 58.3564 99
    endloop
  endfacet
  facet normal 0 0 1
    outer loop
      vertex 12.4036 63.4036 99
      vertex 14.38 59.175 99
      vertex 14.38 62.585 99
    endloop
  endfacet
  facet normal 0 0 1
    outer loop
      vertex 12.4036 63.4036 99
      vertex 12.4036 58.3564 99
      vertex 14.38 59.175 99
    endloop
  endfacet
  facet normal 0 0 1
    outer loop
      vertex 11.585 65.38 99
      vertex 12.4036 58.3564 99
      vertex 12.4036 63.4036 99
    endloop
  endfacet
  facet normal 0 0 1
    outer loop
      vertex 12.4036 58.3564 99
      vertex 11.585 65.38 99
      vertex 11.585 56.38 99
    endloop
  endfacet
  facet normal 0 0 1
    outer loop
      vertex 16.3564 67.3564 99
      vertex 21.4036 67.3564 99
      vertex 16.3564 72.4036 99
    endloop
  endfacet
  facet normal 0 0 1
    outer loop
      vertex 21.4036 67.3564 99
      vertex 16.3564 67.3564 99
      vertex 17.175 65.38 99
    endloop
  endfacet
  facet normal -0 0 1
    outer loop
      vertex 14.38 71.585 99
      vertex 16.3564 67.3564 99
      vertex 16.3564 72.4036 99
    endloop
  endfacet
  facet normal 0 0 1
    outer loop
      vertex 14.38 71.585 99
      vertex 14.38 68.175 99
      vertex 16.3564 67.3564 99
    endloop
  endfacet
  facet normal 0 0 1
    outer loop
      vertex 12.4036 72.4036 99
      vertex 14.38 68.175 99
      vertex 14.38 71.585 99
    endloop
  endfacet
  facet normal 0 0 1
    outer loop
      vertex 12.4036 72.4036 99
      vertex 12.4036 67.3564 99
      vertex 14.38 68.175 99
    endloop
  endfacet
  facet normal 0 0 1
    outer loop
      vertex 11.585 74.38 99
      vertex 12.4036 67.3564 99
      vertex 12.4036 72.4036 99
    endloop
  endfacet
  facet normal 0 0 1
    outer loop
      vertex 12.4036 67.3564 99
      vertex 11.585 74.38 99
      vertex 11.585 65.38 99
    endloop
  endfacet
  facet normal 0 0 1
    outer loop
      vertex 25.3564 13.3564 99
      vertex 30.4036 13.3564 99
      vertex 25.3564 18.4036 99
    endloop
  endfacet
  facet normal 0 0 1
    outer loop
      vertex 30.4036 13.3564 99
      vertex 25.3564 13.3564 99
      vertex 26.175 11.38 99
    endloop
  endfacet
  facet normal -0 0 1
    outer loop
      vertex 23.38 17.585 99
      vertex 25.3564 13.3564 99
      vertex 25.3564 18.4036 99
    endloop
  endfacet
  facet normal 0 0 1
    outer loop
      vertex 23.38 17.585 99
      vertex 23.38 14.175 99
      vertex 25.3564 13.3564 99
    endloop
  endfacet
  facet normal 0 0 1
    outer loop
      vertex 21.4036 18.4036 99
      vertex 23.38 14.175 99
      vertex 23.38 17.585 99
    endloop
  endfacet
  facet normal 0 0 1
    outer loop
      vertex 21.4036 18.4036 99
      vertex 21.4036 13.3564 99
      vertex 23.38 14.175 99
    endloop
  endfacet
  facet normal -0 0 1
    outer loop
      vertex 17.175 20.38 99
      vertex 21.4036 18.4036 99
      vertex 20.585 20.38 99
    endloop
  endfacet
  facet normal 0 0 1
    outer loop
      vertex 16.3564 18.4036 99
      vertex 21.4036 18.4036 99
      vertex 17.175 20.38 99
    endloop
  endfacet
  facet normal 0 0 1
    outer loop
      vertex 25.3564 22.3564 99
      vertex 30.4036 22.3564 99
      vertex 25.3564 27.4036 99
    endloop
  endfacet
  facet normal 0 0 1
    outer loop
      vertex 30.4036 22.3564 99
      vertex 25.3564 22.3564 99
      vertex 26.175 20.38 99
    endloop
  endfacet
  facet normal -0 0 1
    outer loop
      vertex 23.38 26.585 99
      vertex 25.3564 22.3564 99
      vertex 25.3564 27.4036 99
    endloop
  endfacet
  facet normal 0 0 1
    outer loop
      vertex 23.38 26.585 99
      vertex 23.38 23.175 99
      vertex 25.3564 22.3564 99
    endloop
  endfacet
  facet normal 0 0 1
    outer loop
      vertex 21.4036 27.4036 99
      vertex 23.38 23.175 99
      vertex 23.38 26.585 99
    endloop
  endfacet
  facet normal 0 0 1
    outer loop
      vertex 21.4036 27.4036 99
      vertex 21.4036 22.3564 99
      vertex 23.38 23.175 99
    endloop
  endfacet
  facet normal -0 0 1
    outer loop
      vertex 17.175 29.38 99
      vertex 21.4036 27.4036 99
      vertex 20.585 29.38 99
    endloop
  endfacet
  facet normal 0 0 1
    outer loop
      vertex 16.3564 27.4036 99
      vertex 21.4036 27.4036 99
      vertex 17.175 29.38 99
    endloop
  endfacet
  facet normal 0 0 1
    outer loop
      vertex 25.3564 31.3564 99
      vertex 30.4036 31.3564 99
      vertex 25.3564 36.4036 99
    endloop
  endfacet
  facet normal 0 0 1
    outer loop
      vertex 30.4036 31.3564 99
      vertex 25.3564 31.3564 99
      vertex 26.175 29.38 99
    endloop
  endfacet
  facet normal -0 0 1
    outer loop
      vertex 23.38 35.585 99
      vertex 25.3564 31.3564 99
      vertex 25.3564 36.4036 99
    endloop
  endfacet
  facet normal 0 0 1
    outer loop
      vertex 23.38 35.585 99
      vertex 23.38 32.175 99
      vertex 25.3564 31.3564 99
    endloop
  endfacet
  facet normal 0 0 1
    outer loop
      vertex 21.4036 36.4036 99
      vertex 23.38 32.175 99
      vertex 23.38 35.585 99
    endloop
  endfacet
  facet normal 0 0 1
    outer loop
      vertex 21.4036 36.4036 99
      vertex 21.4036 31.3564 99
      vertex 23.38 32.175 99
    endloop
  endfacet
  facet normal -0 0 1
    outer loop
      vertex 17.175 38.38 99
      vertex 21.4036 36.4036 99
      vertex 20.585 38.38 99
    endloop
  endfacet
  facet normal 0 0 1
    outer loop
      vertex 16.3564 36.4036 99
      vertex 21.4036 36.4036 99
      vertex 17.175 38.38 99
    endloop
  endfacet
  facet normal 0 0 1
    outer loop
      vertex 25.3564 40.3564 99
      vertex 30.4036 40.3564 99
      vertex 25.3564 45.4036 99
    endloop
  endfacet
  facet normal 0 0 1
    outer loop
      vertex 30.4036 40.3564 99
      vertex 25.3564 40.3564 99
      vertex 26.175 38.38 99
    endloop
  endfacet
  facet normal -0 0 1
    outer loop
      vertex 23.38 44.585 99
      vertex 25.3564 40.3564 99
      vertex 25.3564 45.4036 99
    endloop
  endfacet
  facet normal 0 0 1
    outer loop
      vertex 23.38 44.585 99
      vertex 23.38 41.175 99
      vertex 25.3564 40.3564 99
    endloop
  endfacet
  facet normal 0 0 1
    outer loop
      vertex 21.4036 45.4036 99
      vertex 23.38 41.175 99
      vertex 23.38 44.585 99
    endloop
  endfacet
  facet normal 0 0 1
    outer loop
      vertex 21.4036 45.4036 99
      vertex 21.4036 40.3564 99
      vertex 23.38 41.175 99
    endloop
  endfacet
  facet normal -0 0 1
    outer loop
      vertex 17.175 47.38 99
      vertex 21.4036 45.4036 99
      vertex 20.585 47.38 99
    endloop
  endfacet
  facet normal 0 0 1
    outer loop
      vertex 16.3564 45.4036 99
      vertex 21.4036 45.4036 99
      vertex 17.175 47.38 99
    endloop
  endfacet
  facet normal 0 0 1
    outer loop
      vertex 25.3564 49.3564 99
      vertex 30.4036 49.3564 99
      vertex 25.3564 54.4036 99
    endloop
  endfacet
  facet normal 0 0 1
    outer loop
      vertex 30.4036 49.3564 99
      vertex 25.3564 49.3564 99
      vertex 26.175 47.38 99
    endloop
  endfacet
  facet normal -0 0 1
    outer loop
      vertex 23.38 53.585 99
      vertex 25.3564 49.3564 99
      vertex 25.3564 54.4036 99
    endloop
  endfacet
  facet normal 0 0 1
    outer loop
      vertex 23.38 53.585 99
      vertex 23.38 50.175 99
      vertex 25.3564 49.3564 99
    endloop
  endfacet
  facet normal 0 0 1
    outer loop
      vertex 21.4036 54.4036 99
      vertex 23.38 50.175 99
      vertex 23.38 53.585 99
    endloop
  endfacet
  facet normal 0 0 1
    outer loop
      vertex 21.4036 54.4036 99
      vertex 21.4036 49.3564 99
      vertex 23.38 50.175 99
    endloop
  endfacet
  facet normal -0 0 1
    outer loop
      vertex 17.175 56.38 99
      vertex 21.4036 54.4036 99
      vertex 20.585 56.38 99
    endloop
  endfacet
  facet normal 0 0 1
    outer loop
      vertex 16.3564 54.4036 99
      vertex 21.4036 54.4036 99
      vertex 17.175 56.38 99
    endloop
  endfacet
  facet normal 0 0 1
    outer loop
      vertex 25.3564 58.3564 99
      vertex 30.4036 58.3564 99
      vertex 25.3564 63.4036 99
    endloop
  endfacet
  facet normal 0 0 1
    outer loop
      vertex 30.4036 58.3564 99
      vertex 25.3564 58.3564 99
      vertex 26.175 56.38 99
    endloop
  endfacet
  facet normal -0 0 1
    outer loop
      vertex 23.38 62.585 99
      vertex 25.3564 58.3564 99
      vertex 25.3564 63.4036 99
    endloop
  endfacet
  facet normal 0 0 1
    outer loop
      vertex 23.38 62.585 99
      vertex 23.38 59.175 99
      vertex 25.3564 58.3564 99
    endloop
  endfacet
  facet normal 0 0 1
    outer loop
      vertex 21.4036 63.4036 99
      vertex 23.38 59.175 99
      vertex 23.38 62.585 99
    endloop
  endfacet
  facet normal 0 0 1
    outer loop
      vertex 21.4036 63.4036 99
      vertex 21.4036 58.3564 99
      vertex 23.38 59.175 99
    endloop
  endfacet
  facet normal -0 0 1
    outer loop
      vertex 17.175 65.38 99
      vertex 21.4036 63.4036 99
      vertex 20.585 65.38 99
    endloop
  endfacet
  facet normal 0 0 1
    outer loop
      vertex 16.3564 63.4036 99
      vertex 21.4036 63.4036 99
      vertex 17.175 65.38 99
    endloop
  endfacet
  facet normal 0 0 1
    outer loop
      vertex 25.3564 67.3564 99
      vertex 30.4036 67.3564 99
      vertex 25.3564 72.4036 99
    endloop
  endfacet
  facet normal 0 0 1
    outer loop
      vertex 30.4036 67.3564 99
      vertex 25.3564 67.3564 99
      vertex 26.175 65.38 99
    endloop
  endfacet
  facet normal -0 0 1
    outer loop
      vertex 23.38 71.585 99
      vertex 25.3564 67.3564 99
      vertex 25.3564 72.4036 99
    endloop
  endfacet
  facet normal 0 0 1
    outer loop
      vertex 23.38 71.585 99
      vertex 23.38 68.175 99
      vertex 25.3564 67.3564 99
    endloop
  endfacet
  facet normal 0 0 1
    outer loop
      vertex 21.4036 72.4036 99
      vertex 23.38 68.175 99
      vertex 23.38 71.585 99
    endloop
  endfacet
  facet normal 0 0 1
    outer loop
      vertex 21.4036 72.4036 99
      vertex 21.4036 67.3564 99
      vertex 23.38 68.175 99
    endloop
  endfacet
  facet normal -0 0 1
    outer loop
      vertex 17.175 74.38 99
      vertex 21.4036 72.4036 99
      vertex 20.585 74.38 99
    endloop
  endfacet
  facet normal 0 0 1
    outer loop
      vertex 16.3564 72.4036 99
      vertex 21.4036 72.4036 99
      vertex 17.175 74.38 99
    endloop
  endfacet
  facet normal 0 0 1
    outer loop
      vertex 34.3564 13.3564 99
      vertex 39.4036 13.3564 99
      vertex 34.3564 18.4036 99
    endloop
  endfacet
  facet normal 0 0 1
    outer loop
      vertex 39.4036 13.3564 99
      vertex 34.3564 13.3564 99
      vertex 35.175 11.38 99
    endloop
  endfacet
  facet normal -0 0 1
    outer loop
      vertex 32.38 17.585 99
      vertex 34.3564 13.3564 99
      vertex 34.3564 18.4036 99
    endloop
  endfacet
  facet normal 0 0 1
    outer loop
      vertex 32.38 17.585 99
      vertex 32.38 14.175 99
      vertex 34.3564 13.3564 99
    endloop
  endfacet
  facet normal 0 0 1
    outer loop
      vertex 30.4036 18.4036 99
      vertex 32.38 14.175 99
      vertex 32.38 17.585 99
    endloop
  endfacet
  facet normal 0 0 1
    outer loop
      vertex 30.4036 18.4036 99
      vertex 30.4036 13.3564 99
      vertex 32.38 14.175 99
    endloop
  endfacet
  facet normal -0 0 1
    outer loop
      vertex 26.175 20.38 99
      vertex 30.4036 18.4036 99
      vertex 29.585 20.38 99
    endloop
  endfacet
  facet normal 0 0 1
    outer loop
      vertex 25.3564 18.4036 99
      vertex 30.4036 18.4036 99
      vertex 26.175 20.38 99
    endloop
  endfacet
  facet normal 0 0 1
    outer loop
      vertex 34.3564 22.3564 99
      vertex 39.4036 22.3564 99
      vertex 34.3564 27.4036 99
    endloop
  endfacet
  facet normal 0 0 1
    outer loop
      vertex 39.4036 22.3564 99
      vertex 34.3564 22.3564 99
      vertex 35.175 20.38 99
    endloop
  endfacet
  facet normal -0 0 1
    outer loop
      vertex 32.38 26.585 99
      vertex 34.3564 22.3564 99
      vertex 34.3564 27.4036 99
    endloop
  endfacet
  facet normal 0 0 1
    outer loop
      vertex 32.38 26.585 99
      vertex 32.38 23.175 99
      vertex 34.3564 22.3564 99
    endloop
  endfacet
  facet normal 0 0 1
    outer loop
      vertex 30.4036 27.4036 99
      vertex 32.38 23.175 99
      vertex 32.38 26.585 99
    endloop
  endfacet
  facet normal 0 0 1
    outer loop
      vertex 30.4036 27.4036 99
      vertex 30.4036 22.3564 99
      vertex 32.38 23.175 99
    endloop
  endfacet
  facet normal -0 0 1
    outer loop
      vertex 26.175 29.38 99
      vertex 30.4036 27.4036 99
      vertex 29.585 29.38 99
    endloop
  endfacet
  facet normal 0 0 1
    outer loop
      vertex 25.3564 27.4036 99
      vertex 30.4036 27.4036 99
      vertex 26.175 29.38 99
    endloop
  endfacet
  facet normal 0 0 1
    outer loop
      vertex 34.3564 31.3564 99
      vertex 39.4036 31.3564 99
      vertex 34.3564 36.4036 99
    endloop
  endfacet
  facet normal 0 0 1
    outer loop
      vertex 39.4036 31.3564 99
      vertex 34.3564 31.3564 99
      vertex 35.175 29.38 99
    endloop
  endfacet
  facet normal -0 0 1
    outer loop
      vertex 32.38 35.585 99
      vertex 34.3564 31.3564 99
      vertex 34.3564 36.4036 99
    endloop
  endfacet
  facet normal 0 0 1
    outer loop
      vertex 32.38 35.585 99
      vertex 32.38 32.175 99
      vertex 34.3564 31.3564 99
    endloop
  endfacet
  facet normal 0 0 1
    outer loop
      vertex 30.4036 36.4036 99
      vertex 32.38 32.175 99
      vertex 32.38 35.585 99
    endloop
  endfacet
  facet normal 0 0 1
    outer loop
      vertex 30.4036 36.4036 99
      vertex 30.4036 31.3564 99
      vertex 32.38 32.175 99
    endloop
  endfacet
  facet normal -0 0 1
    outer loop
      vertex 26.175 38.38 99
      vertex 30.4036 36.4036 99
      vertex 29.585 38.38 99
    endloop
  endfacet
  facet normal 0 0 1
    outer loop
      vertex 25.3564 36.4036 99
      vertex 30.4036 36.4036 99
      vertex 26.175 38.38 99
    endloop
  endfacet
  facet normal 0 0 1
    outer loop
      vertex 34.3564 40.3564 99
      vertex 39.4036 40.3564 99
      vertex 34.3564 45.4036 99
    endloop
  endfacet
  facet normal 0 0 1
    outer loop
      vertex 39.4036 40.3564 99
      vertex 34.3564 40.3564 99
      vertex 35.175 38.38 99
    endloop
  endfacet
  facet normal -0 0 1
    outer loop
      vertex 32.38 44.585 99
      vertex 34.3564 40.3564 99
      vertex 34.3564 45.4036 99
    endloop
  endfacet
  facet normal 0 0 1
    outer loop
      vertex 32.38 44.585 99
      vertex 32.38 41.175 99
      vertex 34.3564 40.3564 99
    endloop
  endfacet
  facet normal 0 0 1
    outer loop
      vertex 30.4036 45.4036 99
      vertex 32.38 41.175 99
      vertex 32.38 44.585 99
    endloop
  endfacet
  facet normal 0 0 1
    outer loop
      vertex 30.4036 45.4036 99
      vertex 30.4036 40.3564 99
      vertex 32.38 41.175 99
    endloop
  endfacet
  facet normal -0 0 1
    outer loop
      vertex 26.175 47.38 99
      vertex 30.4036 45.4036 99
      vertex 29.585 47.38 99
    endloop
  endfacet
  facet normal 0 0 1
    outer loop
      vertex 25.3564 45.4036 99
      vertex 30.4036 45.4036 99
      vertex 26.175 47.38 99
    endloop
  endfacet
  facet normal 0 0 1
    outer loop
      vertex 34.3564 49.3564 99
      vertex 39.4036 49.3564 99
      vertex 34.3564 54.4036 99
    endloop
  endfacet
  facet normal 0 0 1
    outer loop
      vertex 39.4036 49.3564 99
      vertex 34.3564 49.3564 99
      vertex 35.175 47.38 99
    endloop
  endfacet
  facet normal -0 0 1
    outer loop
      vertex 32.38 53.585 99
      vertex 34.3564 49.3564 99
      vertex 34.3564 54.4036 99
    endloop
  endfacet
  facet normal 0 0 1
    outer loop
      vertex 32.38 53.585 99
      vertex 32.38 50.175 99
      vertex 34.3564 49.3564 99
    endloop
  endfacet
  facet normal 0 0 1
    outer loop
      vertex 30.4036 54.4036 99
      vertex 32.38 50.175 99
      vertex 32.38 53.585 99
    endloop
  endfacet
  facet normal 0 0 1
    outer loop
      vertex 30.4036 54.4036 99
      vertex 30.4036 49.3564 99
      vertex 32.38 50.175 99
    endloop
  endfacet
  facet normal -0 0 1
    outer loop
      vertex 26.175 56.38 99
      vertex 30.4036 54.4036 99
      vertex 29.585 56.38 99
    endloop
  endfacet
  facet normal 0 0 1
    outer loop
      vertex 25.3564 54.4036 99
      vertex 30.4036 54.4036 99
      vertex 26.175 56.38 99
    endloop
  endfacet
  facet normal 0 0 1
    outer loop
      vertex 34.3564 58.3564 99
      vertex 39.4036 58.3564 99
      vertex 34.3564 63.4036 99
    endloop
  endfacet
  facet normal 0 0 1
    outer loop
      vertex 39.4036 58.3564 99
      vertex 34.3564 58.3564 99
      vertex 35.175 56.38 99
    endloop
  endfacet
  facet normal -0 0 1
    outer loop
      vertex 32.38 62.585 99
      vertex 34.3564 58.3564 99
      vertex 34.3564 63.4036 99
    endloop
  endfacet
  facet normal 0 0 1
    outer loop
      vertex 32.38 62.585 99
      vertex 32.38 59.175 99
      vertex 34.3564 58.3564 99
    endloop
  endfacet
  facet normal 0 0 1
    outer loop
      vertex 30.4036 63.4036 99
      vertex 32.38 59.175 99
      vertex 32.38 62.585 99
    endloop
  endfacet
  facet normal 0 0 1
    outer loop
      vertex 30.4036 63.4036 99
      vertex 30.4036 58.3564 99
      vertex 32.38 59.175 99
    endloop
  endfacet
  facet normal -0 0 1
    outer loop
      vertex 26.175 65.38 99
      vertex 30.4036 63.4036 99
      vertex 29.585 65.38 99
    endloop
  endfacet
  facet normal 0 0 1
    outer loop
      vertex 25.3564 63.4036 99
      vertex 30.4036 63.4036 99
      vertex 26.175 65.38 99
    endloop
  endfacet
  facet normal 0 0 1
    outer loop
      vertex 34.3564 67.3564 99
      vertex 39.4036 67.3564 99
      vertex 34.3564 72.4036 99
    endloop
  endfacet
  facet normal 0 0 1
    outer loop
      vertex 39.4036 67.3564 99
      vertex 34.3564 67.3564 99
      vertex 35.175 65.38 99
    endloop
  endfacet
  facet normal -0 0 1
    outer loop
      vertex 32.38 71.585 99
      vertex 34.3564 67.3564 99
      vertex 34.3564 72.4036 99
    endloop
  endfacet
  facet normal 0 0 1
    outer loop
      vertex 32.38 71.585 99
      vertex 32.38 68.175 99
      vertex 34.3564 67.3564 99
    endloop
  endfacet
  facet normal 0 0 1
    outer loop
      vertex 30.4036 72.4036 99
      vertex 32.38 68.175 99
      vertex 32.38 71.585 99
    endloop
  endfacet
  facet normal 0 0 1
    outer loop
      vertex 30.4036 72.4036 99
      vertex 30.4036 67.3564 99
      vertex 32.38 68.175 99
    endloop
  endfacet
  facet normal -0 0 1
    outer loop
      vertex 26.175 74.38 99
      vertex 30.4036 72.4036 99
      vertex 29.585 74.38 99
    endloop
  endfacet
  facet normal 0 0 1
    outer loop
      vertex 25.3564 72.4036 99
      vertex 30.4036 72.4036 99
      vertex 26.175 74.38 99
    endloop
  endfacet
  facet normal 0 0 1
    outer loop
      vertex 43.3564 13.3564 99
      vertex 48.4036 13.3564 99
      vertex 43.3564 18.4036 99
    endloop
  endfacet
  facet normal 0 0 1
    outer loop
      vertex 48.4036 13.3564 99
      vertex 43.3564 13.3564 99
      vertex 44.175 11.38 99
    endloop
  endfacet
  facet normal -0 0 1
    outer loop
      vertex 41.38 17.585 99
      vertex 43.3564 13.3564 99
      vertex 43.3564 18.4036 99
    endloop
  endfacet
  facet normal 0 0 1
    outer loop
      vertex 41.38 17.585 99
      vertex 41.38 14.175 99
      vertex 43.3564 13.3564 99
    endloop
  endfacet
  facet normal 0 0 1
    outer loop
      vertex 39.4036 18.4036 99
      vertex 41.38 14.175 99
      vertex 41.38 17.585 99
    endloop
  endfacet
  facet normal 0 0 1
    outer loop
      vertex 39.4036 18.4036 99
      vertex 39.4036 13.3564 99
      vertex 41.38 14.175 99
    endloop
  endfacet
  facet normal -0 0 1
    outer loop
      vertex 35.175 20.38 99
      vertex 39.4036 18.4036 99
      vertex 38.585 20.38 99
    endloop
  endfacet
  facet normal 0 0 1
    outer loop
      vertex 34.3564 18.4036 99
      vertex 39.4036 18.4036 99
      vertex 35.175 20.38 99
    endloop
  endfacet
  facet normal 0 0 1
    outer loop
      vertex 43.3564 22.3564 99
      vertex 48.4036 22.3564 99
      vertex 43.3564 27.4036 99
    endloop
  endfacet
  facet normal 0 0 1
    outer loop
      vertex 48.4036 22.3564 99
      vertex 43.3564 22.3564 99
      vertex 44.175 20.38 99
    endloop
  endfacet
  facet normal -0 0 1
    outer loop
      vertex 41.38 26.585 99
      vertex 43.3564 22.3564 99
      vertex 43.3564 27.4036 99
    endloop
  endfacet
  facet normal 0 0 1
    outer loop
      vertex 41.38 26.585 99
      vertex 41.38 23.175 99
      vertex 43.3564 22.3564 99
    endloop
  endfacet
  facet normal 0 0 1
    outer loop
      vertex 39.4036 27.4036 99
      vertex 41.38 23.175 99
      vertex 41.38 26.585 99
    endloop
  endfacet
  facet normal 0 0 1
    outer loop
      vertex 39.4036 27.4036 99
      vertex 39.4036 22.3564 99
      vertex 41.38 23.175 99
    endloop
  endfacet
  facet normal -0 0 1
    outer loop
      vertex 35.175 29.38 99
      vertex 39.4036 27.4036 99
      vertex 38.585 29.38 99
    endloop
  endfacet
  facet normal 0 0 1
    outer loop
      vertex 34.3564 27.4036 99
      vertex 39.4036 27.4036 99
      vertex 35.175 29.38 99
    endloop
  endfacet
  facet normal 0 0 1
    outer loop
      vertex 43.3564 31.3564 99
      vertex 48.4036 31.3564 99
      vertex 43.3564 36.4036 99
    endloop
  endfacet
  facet normal 0 0 1
    outer loop
      vertex 48.4036 31.3564 99
      vertex 43.3564 31.3564 99
      vertex 44.175 29.38 99
    endloop
  endfacet
  facet normal -0 0 1
    outer loop
      vertex 41.38 35.585 99
      vertex 43.3564 31.3564 99
      vertex 43.3564 36.4036 99
    endloop
  endfacet
  facet normal 0 0 1
    outer loop
      vertex 41.38 35.585 99
      vertex 41.38 32.175 99
      vertex 43.3564 31.3564 99
    endloop
  endfacet
  facet normal 0 0 1
    outer loop
      vertex 39.4036 36.4036 99
      vertex 41.38 32.175 99
      vertex 41.38 35.585 99
    endloop
  endfacet
  facet normal 0 0 1
    outer loop
      vertex 39.4036 36.4036 99
      vertex 39.4036 31.3564 99
      vertex 41.38 32.175 99
    endloop
  endfacet
  facet normal -0 0 1
    outer loop
      vertex 35.175 38.38 99
      vertex 39.4036 36.4036 99
      vertex 38.585 38.38 99
    endloop
  endfacet
  facet normal 0 0 1
    outer loop
      vertex 34.3564 36.4036 99
      vertex 39.4036 36.4036 99
      vertex 35.175 38.38 99
    endloop
  endfacet
  facet normal 0 0 1
    outer loop
      vertex 43.3564 40.3564 99
      vertex 48.4036 40.3564 99
      vertex 43.3564 45.4036 99
    endloop
  endfacet
  facet normal 0 0 1
    outer loop
      vertex 48.4036 40.3564 99
      vertex 43.3564 40.3564 99
      vertex 44.175 38.38 99
    endloop
  endfacet
  facet normal -0 0 1
    outer loop
      vertex 41.38 44.585 99
      vertex 43.3564 40.3564 99
      vertex 43.3564 45.4036 99
    endloop
  endfacet
  facet normal 0 0 1
    outer loop
      vertex 41.38 44.585 99
      vertex 41.38 41.175 99
      vertex 43.3564 40.3564 99
    endloop
  endfacet
  facet normal 0 0 1
    outer loop
      vertex 39.4036 45.4036 99
      vertex 41.38 41.175 99
      vertex 41.38 44.585 99
    endloop
  endfacet
  facet normal 0 0 1
    outer loop
      vertex 39.4036 45.4036 99
      vertex 39.4036 40.3564 99
      vertex 41.38 41.175 99
    endloop
  endfacet
  facet normal -0 0 1
    outer loop
      vertex 35.175 47.38 99
      vertex 39.4036 45.4036 99
      vertex 38.585 47.38 99
    endloop
  endfacet
  facet normal 0 0 1
    outer loop
      vertex 34.3564 45.4036 99
      vertex 39.4036 45.4036 99
      vertex 35.175 47.38 99
    endloop
  endfacet
  facet normal 0 0 1
    outer loop
      vertex 43.3564 49.3564 99
      vertex 48.4036 49.3564 99
      vertex 43.3564 54.4036 99
    endloop
  endfacet
  facet normal 0 0 1
    outer loop
      vertex 48.4036 49.3564 99
      vertex 43.3564 49.3564 99
      vertex 44.175 47.38 99
    endloop
  endfacet
  facet normal -0 0 1
    outer loop
      vertex 41.38 53.585 99
      vertex 43.3564 49.3564 99
      vertex 43.3564 54.4036 99
    endloop
  endfacet
  facet normal 0 0 1
    outer loop
      vertex 41.38 53.585 99
      vertex 41.38 50.175 99
      vertex 43.3564 49.3564 99
    endloop
  endfacet
  facet normal 0 0 1
    outer loop
      vertex 39.4036 54.4036 99
      vertex 41.38 50.175 99
      vertex 41.38 53.585 99
    endloop
  endfacet
  facet normal 0 0 1
    outer loop
      vertex 39.4036 54.4036 99
      vertex 39.4036 49.3564 99
      vertex 41.38 50.175 99
    endloop
  endfacet
  facet normal -0 0 1
    outer loop
      vertex 35.175 56.38 99
      vertex 39.4036 54.4036 99
      vertex 38.585 56.38 99
    endloop
  endfacet
  facet normal 0 0 1
    outer loop
      vertex 34.3564 54.4036 99
      vertex 39.4036 54.4036 99
      vertex 35.175 56.38 99
    endloop
  endfacet
  facet normal 0 0 1
    outer loop
      vertex 43.3564 58.3564 99
      vertex 48.4036 58.3564 99
      vertex 43.3564 63.4036 99
    endloop
  endfacet
  facet normal 0 0 1
    outer loop
      vertex 48.4036 58.3564 99
      vertex 43.3564 58.3564 99
      vertex 44.175 56.38 99
    endloop
  endfacet
  facet normal -0 0 1
    outer loop
      vertex 41.38 62.585 99
      vertex 43.3564 58.3564 99
      vertex 43.3564 63.4036 99
    endloop
  endfacet
  facet normal 0 0 1
    outer loop
      vertex 41.38 62.585 99
      vertex 41.38 59.175 99
      vertex 43.3564 58.3564 99
    endloop
  endfacet
  facet normal 0 0 1
    outer loop
      vertex 39.4036 63.4036 99
      vertex 41.38 59.175 99
      vertex 41.38 62.585 99
    endloop
  endfacet
  facet normal 0 0 1
    outer loop
      vertex 39.4036 63.4036 99
      vertex 39.4036 58.3564 99
      vertex 41.38 59.175 99
    endloop
  endfacet
  facet normal -0 0 1
    outer loop
      vertex 35.175 65.38 99
      vertex 39.4036 63.4036 99
      vertex 38.585 65.38 99
    endloop
  endfacet
  facet normal 0 0 1
    outer loop
      vertex 34.3564 63.4036 99
      vertex 39.4036 63.4036 99
      vertex 35.175 65.38 99
    endloop
  endfacet
  facet normal 0 0 1
    outer loop
      vertex 43.3564 67.3564 99
      vertex 48.4036 67.3564 99
      vertex 43.3564 72.4036 99
    endloop
  endfacet
  facet normal 0 0 1
    outer loop
      vertex 48.4036 67.3564 99
      vertex 43.3564 67.3564 99
      vertex 44.175 65.38 99
    endloop
  endfacet
  facet normal -0 0 1
    outer loop
      vertex 41.38 71.585 99
      vertex 43.3564 67.3564 99
      vertex 43.3564 72.4036 99
    endloop
  endfacet
  facet normal 0 0 1
    outer loop
      vertex 41.38 71.585 99
      vertex 41.38 68.175 99
      vertex 43.3564 67.3564 99
    endloop
  endfacet
  facet normal 0 0 1
    outer loop
      vertex 39.4036 72.4036 99
      vertex 41.38 68.175 99
      vertex 41.38 71.585 99
    endloop
  endfacet
  facet normal 0 0 1
    outer loop
      vertex 39.4036 72.4036 99
      vertex 39.4036 67.3564 99
      vertex 41.38 68.175 99
    endloop
  endfacet
  facet normal -0 0 1
    outer loop
      vertex 35.175 74.38 99
      vertex 39.4036 72.4036 99
      vertex 38.585 74.38 99
    endloop
  endfacet
  facet normal 0 0 1
    outer loop
      vertex 34.3564 72.4036 99
      vertex 39.4036 72.4036 99
      vertex 35.175 74.38 99
    endloop
  endfacet
  facet normal 0 0 1
    outer loop
      vertex 52.3564 13.3564 99
      vertex 57.4036 13.3564 99
      vertex 52.3564 18.4036 99
    endloop
  endfacet
  facet normal 0 0 1
    outer loop
      vertex 57.4036 13.3564 99
      vertex 52.3564 13.3564 99
      vertex 53.175 11.38 99
    endloop
  endfacet
  facet normal -0 0 1
    outer loop
      vertex 50.38 17.585 99
      vertex 52.3564 13.3564 99
      vertex 52.3564 18.4036 99
    endloop
  endfacet
  facet normal 0 0 1
    outer loop
      vertex 50.38 17.585 99
      vertex 50.38 14.175 99
      vertex 52.3564 13.3564 99
    endloop
  endfacet
  facet normal 0 0 1
    outer loop
      vertex 48.4036 18.4036 99
      vertex 50.38 14.175 99
      vertex 50.38 17.585 99
    endloop
  endfacet
  facet normal 0 0 1
    outer loop
      vertex 48.4036 18.4036 99
      vertex 48.4036 13.3564 99
      vertex 50.38 14.175 99
    endloop
  endfacet
  facet normal -0 0 1
    outer loop
      vertex 44.175 20.38 99
      vertex 48.4036 18.4036 99
      vertex 47.585 20.38 99
    endloop
  endfacet
  facet normal 0 0 1
    outer loop
      vertex 43.3564 18.4036 99
      vertex 48.4036 18.4036 99
      vertex 44.175 20.38 99
    endloop
  endfacet
  facet normal 0 0 1
    outer loop
      vertex 52.3564 22.3564 99
      vertex 57.4036 22.3564 99
      vertex 52.3564 27.4036 99
    endloop
  endfacet
  facet normal 0 0 1
    outer loop
      vertex 57.4036 22.3564 99
      vertex 52.3564 22.3564 99
      vertex 53.175 20.38 99
    endloop
  endfacet
  facet normal -0 0 1
    outer loop
      vertex 50.38 26.585 99
      vertex 52.3564 22.3564 99
      vertex 52.3564 27.4036 99
    endloop
  endfacet
  facet normal 0 0 1
    outer loop
      vertex 50.38 26.585 99
      vertex 50.38 23.175 99
      vertex 52.3564 22.3564 99
    endloop
  endfacet
  facet normal 0 0 1
    outer loop
      vertex 48.4036 27.4036 99
      vertex 50.38 23.175 99
      vertex 50.38 26.585 99
    endloop
  endfacet
  facet normal 0 0 1
    outer loop
      vertex 48.4036 27.4036 99
      vertex 48.4036 22.3564 99
      vertex 50.38 23.175 99
    endloop
  endfacet
  facet normal -0 0 1
    outer loop
      vertex 44.175 29.38 99
      vertex 48.4036 27.4036 99
      vertex 47.585 29.38 99
    endloop
  endfacet
  facet normal 0 0 1
    outer loop
      vertex 43.3564 27.4036 99
      vertex 48.4036 27.4036 99
      vertex 44.175 29.38 99
    endloop
  endfacet
  facet normal 0 0 1
    outer loop
      vertex 52.3564 31.3564 99
      vertex 57.4036 31.3564 99
      vertex 52.3564 36.4036 99
    endloop
  endfacet
  facet normal 0 0 1
    outer loop
      vertex 57.4036 31.3564 99
      vertex 52.3564 31.3564 99
      vertex 53.175 29.38 99
    endloop
  endfacet
  facet normal -0 0 1
    outer loop
      vertex 50.38 35.585 99
      vertex 52.3564 31.3564 99
      vertex 52.3564 36.4036 99
    endloop
  endfacet
  facet normal 0 0 1
    outer loop
      vertex 50.38 35.585 99
      vertex 50.38 32.175 99
      vertex 52.3564 31.3564 99
    endloop
  endfacet
  facet normal 0 0 1
    outer loop
      vertex 48.4036 36.4036 99
      vertex 50.38 32.175 99
      vertex 50.38 35.585 99
    endloop
  endfacet
  facet normal 0 0 1
    outer loop
      vertex 48.4036 36.4036 99
      vertex 48.4036 31.3564 99
      vertex 50.38 32.175 99
    endloop
  endfacet
  facet normal -0 0 1
    outer loop
      vertex 44.175 38.38 99
      vertex 48.4036 36.4036 99
      vertex 47.585 38.38 99
    endloop
  endfacet
  facet normal 0 0 1
    outer loop
      vertex 43.3564 36.4036 99
      vertex 48.4036 36.4036 99
      vertex 44.175 38.38 99
    endloop
  endfacet
  facet normal 0 0 1
    outer loop
      vertex 52.3564 40.3564 99
      vertex 57.4036 40.3564 99
      vertex 52.3564 45.4036 99
    endloop
  endfacet
  facet normal 0 0 1
    outer loop
      vertex 57.4036 40.3564 99
      vertex 52.3564 40.3564 99
      vertex 53.175 38.38 99
    endloop
  endfacet
  facet normal -0 0 1
    outer loop
      vertex 50.38 44.585 99
      vertex 52.3564 40.3564 99
      vertex 52.3564 45.4036 99
    endloop
  endfacet
  facet normal 0 0 1
    outer loop
      vertex 50.38 44.585 99
      vertex 50.38 41.175 99
      vertex 52.3564 40.3564 99
    endloop
  endfacet
  facet normal 0 0 1
    outer loop
      vertex 48.4036 45.4036 99
      vertex 50.38 41.175 99
      vertex 50.38 44.585 99
    endloop
  endfacet
  facet normal 0 0 1
    outer loop
      vertex 48.4036 45.4036 99
      vertex 48.4036 40.3564 99
      vertex 50.38 41.175 99
    endloop
  endfacet
  facet normal -0 0 1
    outer loop
      vertex 44.175 47.38 99
      vertex 48.4036 45.4036 99
      vertex 47.585 47.38 99
    endloop
  endfacet
  facet normal 0 0 1
    outer loop
      vertex 43.3564 45.4036 99
      vertex 48.4036 45.4036 99
      vertex 44.175 47.38 99
    endloop
  endfacet
  facet normal 0 0 1
    outer loop
      vertex 52.3564 49.3564 99
      vertex 57.4036 49.3564 99
      vertex 52.3564 54.4036 99
    endloop
  endfacet
  facet normal 0 0 1
    outer loop
      vertex 57.4036 49.3564 99
      vertex 52.3564 49.3564 99
      vertex 53.175 47.38 99
    endloop
  endfacet
  facet normal -0 0 1
    outer loop
      vertex 50.38 53.585 99
      vertex 52.3564 49.3564 99
      vertex 52.3564 54.4036 99
    endloop
  endfacet
  facet normal 0 0 1
    outer loop
      vertex 50.38 53.585 99
      vertex 50.38 50.175 99
      vertex 52.3564 49.3564 99
    endloop
  endfacet
  facet normal 0 0 1
    outer loop
      vertex 48.4036 54.4036 99
      vertex 50.38 50.175 99
      vertex 50.38 53.585 99
    endloop
  endfacet
  facet normal 0 0 1
    outer loop
      vertex 48.4036 54.4036 99
      vertex 48.4036 49.3564 99
      vertex 50.38 50.175 99
    endloop
  endfacet
  facet normal -0 0 1
    outer loop
      vertex 44.175 56.38 99
      vertex 48.4036 54.4036 99
      vertex 47.585 56.38 99
    endloop
  endfacet
  facet normal 0 0 1
    outer loop
      vertex 43.3564 54.4036 99
      vertex 48.4036 54.4036 99
      vertex 44.175 56.38 99
    endloop
  endfacet
  facet normal 0 0 1
    outer loop
      vertex 52.3564 58.3564 99
      vertex 57.4036 58.3564 99
      vertex 52.3564 63.4036 99
    endloop
  endfacet
  facet normal 0 0 1
    outer loop
      vertex 57.4036 58.3564 99
      vertex 52.3564 58.3564 99
      vertex 53.175 56.38 99
    endloop
  endfacet
  facet normal -0 0 1
    outer loop
      vertex 50.38 62.585 99
      vertex 52.3564 58.3564 99
      vertex 52.3564 63.4036 99
    endloop
  endfacet
  facet normal 0 0 1
    outer loop
      vertex 50.38 62.585 99
      vertex 50.38 59.175 99
      vertex 52.3564 58.3564 99
    endloop
  endfacet
  facet normal 0 0 1
    outer loop
      vertex 48.4036 63.4036 99
      vertex 50.38 59.175 99
      vertex 50.38 62.585 99
    endloop
  endfacet
  facet normal 0 0 1
    outer loop
      vertex 48.4036 63.4036 99
      vertex 48.4036 58.3564 99
      vertex 50.38 59.175 99
    endloop
  endfacet
  facet normal -0 0 1
    outer loop
      vertex 44.175 65.38 99
      vertex 48.4036 63.4036 99
      vertex 47.585 65.38 99
    endloop
  endfacet
  facet normal 0 0 1
    outer loop
      vertex 43.3564 63.4036 99
      vertex 48.4036 63.4036 99
      vertex 44.175 65.38 99
    endloop
  endfacet
  facet normal 0 0 1
    outer loop
      vertex 52.3564 67.3564 99
      vertex 57.4036 67.3564 99
      vertex 52.3564 72.4036 99
    endloop
  endfacet
  facet normal 0 0 1
    outer loop
      vertex 57.4036 67.3564 99
      vertex 52.3564 67.3564 99
      vertex 53.175 65.38 99
    endloop
  endfacet
  facet normal -0 0 1
    outer loop
      vertex 50.38 71.585 99
      vertex 52.3564 67.3564 99
      vertex 52.3564 72.4036 99
    endloop
  endfacet
  facet normal 0 0 1
    outer loop
      vertex 50.38 71.585 99
      vertex 50.38 68.175 99
      vertex 52.3564 67.3564 99
    endloop
  endfacet
  facet normal 0 0 1
    outer loop
      vertex 48.4036 72.4036 99
      vertex 50.38 68.175 99
      vertex 50.38 71.585 99
    endloop
  endfacet
  facet normal 0 0 1
    outer loop
      vertex 48.4036 72.4036 99
      vertex 48.4036 67.3564 99
      vertex 50.38 68.175 99
    endloop
  endfacet
  facet normal -0 0 1
    outer loop
      vertex 44.175 74.38 99
      vertex 48.4036 72.4036 99
      vertex 47.585 74.38 99
    endloop
  endfacet
  facet normal 0 0 1
    outer loop
      vertex 43.3564 72.4036 99
      vertex 48.4036 72.4036 99
      vertex 44.175 74.38 99
    endloop
  endfacet
  facet normal 0 0 1
    outer loop
      vertex 61.3564 13.3564 99
      vertex 66.4036 13.3564 99
      vertex 61.3564 18.4036 99
    endloop
  endfacet
  facet normal 0 0 1
    outer loop
      vertex 66.4036 13.3564 99
      vertex 61.3564 13.3564 99
      vertex 62.175 11.38 99
    endloop
  endfacet
  facet normal -0 0 1
    outer loop
      vertex 59.38 17.585 99
      vertex 61.3564 13.3564 99
      vertex 61.3564 18.4036 99
    endloop
  endfacet
  facet normal 0 0 1
    outer loop
      vertex 59.38 17.585 99
      vertex 59.38 14.175 99
      vertex 61.3564 13.3564 99
    endloop
  endfacet
  facet normal 0 0 1
    outer loop
      vertex 57.4036 18.4036 99
      vertex 59.38 14.175 99
      vertex 59.38 17.585 99
    endloop
  endfacet
  facet normal 0 0 1
    outer loop
      vertex 57.4036 18.4036 99
      vertex 57.4036 13.3564 99
      vertex 59.38 14.175 99
    endloop
  endfacet
  facet normal -0 0 1
    outer loop
      vertex 53.175 20.38 99
      vertex 57.4036 18.4036 99
      vertex 56.585 20.38 99
    endloop
  endfacet
  facet normal 0 0 1
    outer loop
      vertex 52.3564 18.4036 99
      vertex 57.4036 18.4036 99
      vertex 53.175 20.38 99
    endloop
  endfacet
  facet normal 0 0 1
    outer loop
      vertex 61.3564 22.3564 99
      vertex 66.4036 22.3564 99
      vertex 61.3564 27.4036 99
    endloop
  endfacet
  facet normal 0 0 1
    outer loop
      vertex 66.4036 22.3564 99
      vertex 61.3564 22.3564 99
      vertex 62.175 20.38 99
    endloop
  endfacet
  facet normal -0 0 1
    outer loop
      vertex 59.38 26.585 99
      vertex 61.3564 22.3564 99
      vertex 61.3564 27.4036 99
    endloop
  endfacet
  facet normal 0 0 1
    outer loop
      vertex 59.38 26.585 99
      vertex 59.38 23.175 99
      vertex 61.3564 22.3564 99
    endloop
  endfacet
  facet normal 0 0 1
    outer loop
      vertex 57.4036 27.4036 99
      vertex 59.38 23.175 99
      vertex 59.38 26.585 99
    endloop
  endfacet
  facet normal 0 0 1
    outer loop
      vertex 57.4036 27.4036 99
      vertex 57.4036 22.3564 99
      vertex 59.38 23.175 99
    endloop
  endfacet
  facet normal -0 0 1
    outer loop
      vertex 53.175 29.38 99
      vertex 57.4036 27.4036 99
      vertex 56.585 29.38 99
    endloop
  endfacet
  facet normal 0 0 1
    outer loop
      vertex 52.3564 27.4036 99
      vertex 57.4036 27.4036 99
      vertex 53.175 29.38 99
    endloop
  endfacet
  facet normal 0 0 1
    outer loop
      vertex 61.3564 31.3564 99
      vertex 66.4036 31.3564 99
      vertex 61.3564 36.4036 99
    endloop
  endfacet
  facet normal 0 0 1
    outer loop
      vertex 66.4036 31.3564 99
      vertex 61.3564 31.3564 99
      vertex 62.175 29.38 99
    endloop
  endfacet
  facet normal -0 0 1
    outer loop
      vertex 59.38 35.585 99
      vertex 61.3564 31.3564 99
      vertex 61.3564 36.4036 99
    endloop
  endfacet
  facet normal 0 0 1
    outer loop
      vertex 59.38 35.585 99
      vertex 59.38 32.175 99
      vertex 61.3564 31.3564 99
    endloop
  endfacet
  facet normal 0 0 1
    outer loop
      vertex 57.4036 36.4036 99
      vertex 59.38 32.175 99
      vertex 59.38 35.585 99
    endloop
  endfacet
  facet normal 0 0 1
    outer loop
      vertex 57.4036 36.4036 99
      vertex 57.4036 31.3564 99
      vertex 59.38 32.175 99
    endloop
  endfacet
  facet normal -0 0 1
    outer loop
      vertex 53.175 38.38 99
      vertex 57.4036 36.4036 99
      vertex 56.585 38.38 99
    endloop
  endfacet
  facet normal 0 0 1
    outer loop
      vertex 52.3564 36.4036 99
      vertex 57.4036 36.4036 99
      vertex 53.175 38.38 99
    endloop
  endfacet
  facet normal 0 0 1
    outer loop
      vertex 61.3564 40.3564 99
      vertex 66.4036 40.3564 99
      vertex 61.3564 45.4036 99
    endloop
  endfacet
  facet normal 0 0 1
    outer loop
      vertex 66.4036 40.3564 99
      vertex 61.3564 40.3564 99
      vertex 62.175 38.38 99
    endloop
  endfacet
  facet normal -0 0 1
    outer loop
      vertex 59.38 44.585 99
      vertex 61.3564 40.3564 99
      vertex 61.3564 45.4036 99
    endloop
  endfacet
  facet normal 0 0 1
    outer loop
      vertex 59.38 44.585 99
      vertex 59.38 41.175 99
      vertex 61.3564 40.3564 99
    endloop
  endfacet
  facet normal 0 0 1
    outer loop
      vertex 57.4036 45.4036 99
      vertex 59.38 41.175 99
      vertex 59.38 44.585 99
    endloop
  endfacet
  facet normal 0 0 1
    outer loop
      vertex 57.4036 45.4036 99
      vertex 57.4036 40.3564 99
      vertex 59.38 41.175 99
    endloop
  endfacet
  facet normal -0 0 1
    outer loop
      vertex 53.175 47.38 99
      vertex 57.4036 45.4036 99
      vertex 56.585 47.38 99
    endloop
  endfacet
  facet normal 0 0 1
    outer loop
      vertex 52.3564 45.4036 99
      vertex 57.4036 45.4036 99
      vertex 53.175 47.38 99
    endloop
  endfacet
  facet normal 0 0 1
    outer loop
      vertex 61.3564 49.3564 99
      vertex 66.4036 49.3564 99
      vertex 61.3564 54.4036 99
    endloop
  endfacet
  facet normal 0 0 1
    outer loop
      vertex 66.4036 49.3564 99
      vertex 61.3564 49.3564 99
      vertex 62.175 47.38 99
    endloop
  endfacet
  facet normal -0 0 1
    outer loop
      vertex 59.38 53.585 99
      vertex 61.3564 49.3564 99
      vertex 61.3564 54.4036 99
    endloop
  endfacet
  facet normal 0 0 1
    outer loop
      vertex 59.38 53.585 99
      vertex 59.38 50.175 99
      vertex 61.3564 49.3564 99
    endloop
  endfacet
  facet normal 0 0 1
    outer loop
      vertex 57.4036 54.4036 99
      vertex 59.38 50.175 99
      vertex 59.38 53.585 99
    endloop
  endfacet
  facet normal 0 0 1
    outer loop
      vertex 57.4036 54.4036 99
      vertex 57.4036 49.3564 99
      vertex 59.38 50.175 99
    endloop
  endfacet
  facet normal -0 0 1
    outer loop
      vertex 53.175 56.38 99
      vertex 57.4036 54.4036 99
      vertex 56.585 56.38 99
    endloop
  endfacet
  facet normal 0 0 1
    outer loop
      vertex 52.3564 54.4036 99
      vertex 57.4036 54.4036 99
      vertex 53.175 56.38 99
    endloop
  endfacet
  facet normal 0 0 1
    outer loop
      vertex 61.3564 58.3564 99
      vertex 66.4036 58.3564 99
      vertex 61.3564 63.4036 99
    endloop
  endfacet
  facet normal 0 0 1
    outer loop
      vertex 66.4036 58.3564 99
      vertex 61.3564 58.3564 99
      vertex 62.175 56.38 99
    endloop
  endfacet
  facet normal -0 0 1
    outer loop
      vertex 59.38 62.585 99
      vertex 61.3564 58.3564 99
      vertex 61.3564 63.4036 99
    endloop
  endfacet
  facet normal 0 0 1
    outer loop
      vertex 59.38 62.585 99
      vertex 59.38 59.175 99
      vertex 61.3564 58.3564 99
    endloop
  endfacet
  facet normal 0 0 1
    outer loop
      vertex 57.4036 63.4036 99
      vertex 59.38 59.175 99
      vertex 59.38 62.585 99
    endloop
  endfacet
  facet normal 0 0 1
    outer loop
      vertex 57.4036 63.4036 99
      vertex 57.4036 58.3564 99
      vertex 59.38 59.175 99
    endloop
  endfacet
  facet normal -0 0 1
    outer loop
      vertex 53.175 65.38 99
      vertex 57.4036 63.4036 99
      vertex 56.585 65.38 99
    endloop
  endfacet
  facet normal 0 0 1
    outer loop
      vertex 52.3564 63.4036 99
      vertex 57.4036 63.4036 99
      vertex 53.175 65.38 99
    endloop
  endfacet
  facet normal 0 0 1
    outer loop
      vertex 61.3564 67.3564 99
      vertex 66.4036 67.3564 99
      vertex 61.3564 72.4036 99
    endloop
  endfacet
  facet normal 0 0 1
    outer loop
      vertex 66.4036 67.3564 99
      vertex 61.3564 67.3564 99
      vertex 62.175 65.38 99
    endloop
  endfacet
  facet normal -0 0 1
    outer loop
      vertex 59.38 71.585 99
      vertex 61.3564 67.3564 99
      vertex 61.3564 72.4036 99
    endloop
  endfacet
  facet normal 0 0 1
    outer loop
      vertex 59.38 71.585 99
      vertex 59.38 68.175 99
      vertex 61.3564 67.3564 99
    endloop
  endfacet
  facet normal 0 0 1
    outer loop
      vertex 57.4036 72.4036 99
      vertex 59.38 68.175 99
      vertex 59.38 71.585 99
    endloop
  endfacet
  facet normal 0 0 1
    outer loop
      vertex 57.4036 72.4036 99
      vertex 57.4036 67.3564 99
      vertex 59.38 68.175 99
    endloop
  endfacet
  facet normal -0 0 1
    outer loop
      vertex 53.175 74.38 99
      vertex 57.4036 72.4036 99
      vertex 56.585 74.38 99
    endloop
  endfacet
  facet normal 0 0 1
    outer loop
      vertex 52.3564 72.4036 99
      vertex 57.4036 72.4036 99
      vertex 53.175 74.38 99
    endloop
  endfacet
  facet normal 0 0 1
    outer loop
      vertex 70.3564 13.3564 99
      vertex 75.4036 13.3564 99
      vertex 70.3564 18.4036 99
    endloop
  endfacet
  facet normal 0 0 1
    outer loop
      vertex 75.4036 13.3564 99
      vertex 70.3564 13.3564 99
      vertex 71.175 11.38 99
    endloop
  endfacet
  facet normal -0 0 1
    outer loop
      vertex 68.38 17.585 99
      vertex 70.3564 13.3564 99
      vertex 70.3564 18.4036 99
    endloop
  endfacet
  facet normal 0 0 1
    outer loop
      vertex 68.38 17.585 99
      vertex 68.38 14.175 99
      vertex 70.3564 13.3564 99
    endloop
  endfacet
  facet normal 0 0 1
    outer loop
      vertex 66.4036 18.4036 99
      vertex 68.38 14.175 99
      vertex 68.38 17.585 99
    endloop
  endfacet
  facet normal 0 0 1
    outer loop
      vertex 66.4036 18.4036 99
      vertex 66.4036 13.3564 99
      vertex 68.38 14.175 99
    endloop
  endfacet
  facet normal -0 0 1
    outer loop
      vertex 62.175 20.38 99
      vertex 66.4036 18.4036 99
      vertex 65.585 20.38 99
    endloop
  endfacet
  facet normal 0 0 1
    outer loop
      vertex 61.3564 18.4036 99
      vertex 66.4036 18.4036 99
      vertex 62.175 20.38 99
    endloop
  endfacet
  facet normal 0 0 1
    outer loop
      vertex 70.3564 22.3564 99
      vertex 75.4036 22.3564 99
      vertex 70.3564 27.4036 99
    endloop
  endfacet
  facet normal 0 0 1
    outer loop
      vertex 75.4036 22.3564 99
      vertex 70.3564 22.3564 99
      vertex 71.175 20.38 99
    endloop
  endfacet
  facet normal -0 0 1
    outer loop
      vertex 68.38 26.585 99
      vertex 70.3564 22.3564 99
      vertex 70.3564 27.4036 99
    endloop
  endfacet
  facet normal 0 0 1
    outer loop
      vertex 68.38 26.585 99
      vertex 68.38 23.175 99
      vertex 70.3564 22.3564 99
    endloop
  endfacet
  facet normal 0 0 1
    outer loop
      vertex 66.4036 27.4036 99
      vertex 68.38 23.175 99
      vertex 68.38 26.585 99
    endloop
  endfacet
  facet normal 0 0 1
    outer loop
      vertex 66.4036 27.4036 99
      vertex 66.4036 22.3564 99
      vertex 68.38 23.175 99
    endloop
  endfacet
  facet normal -0 0 1
    outer loop
      vertex 62.175 29.38 99
      vertex 66.4036 27.4036 99
      vertex 65.585 29.38 99
    endloop
  endfacet
  facet normal 0 0 1
    outer loop
      vertex 61.3564 27.4036 99
      vertex 66.4036 27.4036 99
      vertex 62.175 29.38 99
    endloop
  endfacet
  facet normal 0 0 1
    outer loop
      vertex 70.3564 31.3564 99
      vertex 75.4036 31.3564 99
      vertex 70.3564 36.4036 99
    endloop
  endfacet
  facet normal 0 0 1
    outer loop
      vertex 75.4036 31.3564 99
      vertex 70.3564 31.3564 99
      vertex 71.175 29.38 99
    endloop
  endfacet
  facet normal -0 0 1
    outer loop
      vertex 68.38 35.585 99
      vertex 70.3564 31.3564 99
      vertex 70.3564 36.4036 99
    endloop
  endfacet
  facet normal 0 0 1
    outer loop
      vertex 68.38 35.585 99
      vertex 68.38 32.175 99
      vertex 70.3564 31.3564 99
    endloop
  endfacet
  facet normal 0 0 1
    outer loop
      vertex 66.4036 36.4036 99
      vertex 68.38 32.175 99
      vertex 68.38 35.585 99
    endloop
  endfacet
  facet normal 0 0 1
    outer loop
      vertex 66.4036 36.4036 99
      vertex 66.4036 31.3564 99
      vertex 68.38 32.175 99
    endloop
  endfacet
  facet normal -0 0 1
    outer loop
      vertex 62.175 38.38 99
      vertex 66.4036 36.4036 99
      vertex 65.585 38.38 99
    endloop
  endfacet
  facet normal 0 0 1
    outer loop
      vertex 61.3564 36.4036 99
      vertex 66.4036 36.4036 99
      vertex 62.175 38.38 99
    endloop
  endfacet
  facet normal 0 0 1
    outer loop
      vertex 70.3564 40.3564 99
      vertex 75.4036 40.3564 99
      vertex 70.3564 45.4036 99
    endloop
  endfacet
  facet normal 0 0 1
    outer loop
      vertex 75.4036 40.3564 99
      vertex 70.3564 40.3564 99
      vertex 71.175 38.38 99
    endloop
  endfacet
  facet normal -0 0 1
    outer loop
      vertex 68.38 44.585 99
      vertex 70.3564 40.3564 99
      vertex 70.3564 45.4036 99
    endloop
  endfacet
  facet normal 0 0 1
    outer loop
      vertex 68.38 44.585 99
      vertex 68.38 41.175 99
      vertex 70.3564 40.3564 99
    endloop
  endfacet
  facet normal 0 0 1
    outer loop
      vertex 66.4036 45.4036 99
      vertex 68.38 41.175 99
      vertex 68.38 44.585 99
    endloop
  endfacet
  facet normal 0 0 1
    outer loop
      vertex 66.4036 45.4036 99
      vertex 66.4036 40.3564 99
      vertex 68.38 41.175 99
    endloop
  endfacet
  facet normal -0 0 1
    outer loop
      vertex 62.175 47.38 99
      vertex 66.4036 45.4036 99
      vertex 65.585 47.38 99
    endloop
  endfacet
  facet normal 0 0 1
    outer loop
      vertex 61.3564 45.4036 99
      vertex 66.4036 45.4036 99
      vertex 62.175 47.38 99
    endloop
  endfacet
  facet normal 0 0 1
    outer loop
      vertex 70.3564 49.3564 99
      vertex 75.4036 49.3564 99
      vertex 70.3564 54.4036 99
    endloop
  endfacet
  facet normal 0 0 1
    outer loop
      vertex 75.4036 49.3564 99
      vertex 70.3564 49.3564 99
      vertex 71.175 47.38 99
    endloop
  endfacet
  facet normal -0 0 1
    outer loop
      vertex 68.38 53.585 99
      vertex 70.3564 49.3564 99
      vertex 70.3564 54.4036 99
    endloop
  endfacet
  facet normal 0 0 1
    outer loop
      vertex 68.38 53.585 99
      vertex 68.38 50.175 99
      vertex 70.3564 49.3564 99
    endloop
  endfacet
  facet normal 0 0 1
    outer loop
      vertex 66.4036 54.4036 99
      vertex 68.38 50.175 99
      vertex 68.38 53.585 99
    endloop
  endfacet
  facet normal 0 0 1
    outer loop
      vertex 66.4036 54.4036 99
      vertex 66.4036 49.3564 99
      vertex 68.38 50.175 99
    endloop
  endfacet
  facet normal -0 0 1
    outer loop
      vertex 62.175 56.38 99
      vertex 66.4036 54.4036 99
      vertex 65.585 56.38 99
    endloop
  endfacet
  facet normal 0 0 1
    outer loop
      vertex 61.3564 54.4036 99
      vertex 66.4036 54.4036 99
      vertex 62.175 56.38 99
    endloop
  endfacet
  facet normal 0 0 1
    outer loop
      vertex 70.3564 58.3564 99
      vertex 75.4036 58.3564 99
      vertex 70.3564 63.4036 99
    endloop
  endfacet
  facet normal 0 0 1
    outer loop
      vertex 75.4036 58.3564 99
      vertex 70.3564 58.3564 99
      vertex 71.175 56.38 99
    endloop
  endfacet
  facet normal -0 0 1
    outer loop
      vertex 68.38 62.585 99
      vertex 70.3564 58.3564 99
      vertex 70.3564 63.4036 99
    endloop
  endfacet
  facet normal 0 0 1
    outer loop
      vertex 68.38 62.585 99
      vertex 68.38 59.175 99
      vertex 70.3564 58.3564 99
    endloop
  endfacet
  facet normal 0 0 1
    outer loop
      vertex 66.4036 63.4036 99
      vertex 68.38 59.175 99
      vertex 68.38 62.585 99
    endloop
  endfacet
  facet normal 0 0 1
    outer loop
      vertex 66.4036 63.4036 99
      vertex 66.4036 58.3564 99
      vertex 68.38 59.175 99
    endloop
  endfacet
  facet normal -0 0 1
    outer loop
      vertex 62.175 65.38 99
      vertex 66.4036 63.4036 99
      vertex 65.585 65.38 99
    endloop
  endfacet
  facet normal 0 0 1
    outer loop
      vertex 61.3564 63.4036 99
      vertex 66.4036 63.4036 99
      vertex 62.175 65.38 99
    endloop
  endfacet
  facet normal 0 0 1
    outer loop
      vertex 70.3564 67.3564 99
      vertex 75.4036 67.3564 99
      vertex 70.3564 72.4036 99
    endloop
  endfacet
  facet normal 0 0 1
    outer loop
      vertex 75.4036 67.3564 99
      vertex 70.3564 67.3564 99
      vertex 71.175 65.38 99
    endloop
  endfacet
  facet normal -0 0 1
    outer loop
      vertex 68.38 71.585 99
      vertex 70.3564 67.3564 99
      vertex 70.3564 72.4036 99
    endloop
  endfacet
  facet normal 0 0 1
    outer loop
      vertex 68.38 71.585 99
      vertex 68.38 68.175 99
      vertex 70.3564 67.3564 99
    endloop
  endfacet
  facet normal 0 0 1
    outer loop
      vertex 66.4036 72.4036 99
      vertex 68.38 68.175 99
      vertex 68.38 71.585 99
    endloop
  endfacet
  facet normal 0 0 1
    outer loop
      vertex 66.4036 72.4036 99
      vertex 66.4036 67.3564 99
      vertex 68.38 68.175 99
    endloop
  endfacet
  facet normal -0 0 1
    outer loop
      vertex 62.175 74.38 99
      vertex 66.4036 72.4036 99
      vertex 65.585 74.38 99
    endloop
  endfacet
  facet normal 0 0 1
    outer loop
      vertex 61.3564 72.4036 99
      vertex 66.4036 72.4036 99
      vertex 62.175 74.38 99
    endloop
  endfacet
  facet normal 0 0 1
    outer loop
      vertex 79.3564 13.3564 99
      vertex 84.4036 13.3564 99
      vertex 79.3564 18.4036 99
    endloop
  endfacet
  facet normal 0 0 1
    outer loop
      vertex 84.4036 13.3564 99
      vertex 79.3564 13.3564 99
      vertex 80.175 11.38 99
    endloop
  endfacet
  facet normal -0 0 1
    outer loop
      vertex 77.38 17.585 99
      vertex 79.3564 13.3564 99
      vertex 79.3564 18.4036 99
    endloop
  endfacet
  facet normal 0 0 1
    outer loop
      vertex 77.38 17.585 99
      vertex 77.38 14.175 99
      vertex 79.3564 13.3564 99
    endloop
  endfacet
  facet normal 0 0 1
    outer loop
      vertex 75.4036 18.4036 99
      vertex 77.38 14.175 99
      vertex 77.38 17.585 99
    endloop
  endfacet
  facet normal 0 0 1
    outer loop
      vertex 75.4036 18.4036 99
      vertex 75.4036 13.3564 99
      vertex 77.38 14.175 99
    endloop
  endfacet
  facet normal -0 0 1
    outer loop
      vertex 71.175 20.38 99
      vertex 75.4036 18.4036 99
      vertex 74.585 20.38 99
    endloop
  endfacet
  facet normal 0 0 1
    outer loop
      vertex 70.3564 18.4036 99
      vertex 75.4036 18.4036 99
      vertex 71.175 20.38 99
    endloop
  endfacet
  facet normal 0 0 1
    outer loop
      vertex 79.3564 22.3564 99
      vertex 84.4036 22.3564 99
      vertex 79.3564 27.4036 99
    endloop
  endfacet
  facet normal 0 0 1
    outer loop
      vertex 84.4036 22.3564 99
      vertex 79.3564 22.3564 99
      vertex 80.175 20.38 99
    endloop
  endfacet
  facet normal -0 0 1
    outer loop
      vertex 77.38 26.585 99
      vertex 79.3564 22.3564 99
      vertex 79.3564 27.4036 99
    endloop
  endfacet
  facet normal 0 0 1
    outer loop
      vertex 77.38 26.585 99
      vertex 77.38 23.175 99
      vertex 79.3564 22.3564 99
    endloop
  endfacet
  facet normal 0 0 1
    outer loop
      vertex 75.4036 27.4036 99
      vertex 77.38 23.175 99
      vertex 77.38 26.585 99
    endloop
  endfacet
  facet normal 0 0 1
    outer loop
      vertex 75.4036 27.4036 99
      vertex 75.4036 22.3564 99
      vertex 77.38 23.175 99
    endloop
  endfacet
  facet normal -0 0 1
    outer loop
      vertex 71.175 29.38 99
      vertex 75.4036 27.4036 99
      vertex 74.585 29.38 99
    endloop
  endfacet
  facet normal 0 0 1
    outer loop
      vertex 70.3564 27.4036 99
      vertex 75.4036 27.4036 99
      vertex 71.175 29.38 99
    endloop
  endfacet
  facet normal 0 0 1
    outer loop
      vertex 79.3564 31.3564 99
      vertex 84.4036 31.3564 99
      vertex 79.3564 36.4036 99
    endloop
  endfacet
  facet normal 0 0 1
    outer loop
      vertex 84.4036 31.3564 99
      vertex 79.3564 31.3564 99
      vertex 80.175 29.38 99
    endloop
  endfacet
  facet normal -0 0 1
    outer loop
      vertex 77.38 35.585 99
      vertex 79.3564 31.3564 99
      vertex 79.3564 36.4036 99
    endloop
  endfacet
  facet normal 0 0 1
    outer loop
      vertex 77.38 35.585 99
      vertex 77.38 32.175 99
      vertex 79.3564 31.3564 99
    endloop
  endfacet
  facet normal 0 0 1
    outer loop
      vertex 75.4036 36.4036 99
      vertex 77.38 32.175 99
      vertex 77.38 35.585 99
    endloop
  endfacet
  facet normal 0 0 1
    outer loop
      vertex 75.4036 36.4036 99
      vertex 75.4036 31.3564 99
      vertex 77.38 32.175 99
    endloop
  endfacet
  facet normal -0 0 1
    outer loop
      vertex 71.175 38.38 99
      vertex 75.4036 36.4036 99
      vertex 74.585 38.38 99
    endloop
  endfacet
  facet normal 0 0 1
    outer loop
      vertex 70.3564 36.4036 99
      vertex 75.4036 36.4036 99
      vertex 71.175 38.38 99
    endloop
  endfacet
  facet normal 0 0 1
    outer loop
      vertex 79.3564 40.3564 99
      vertex 84.4036 40.3564 99
      vertex 79.3564 45.4036 99
    endloop
  endfacet
  facet normal 0 0 1
    outer loop
      vertex 84.4036 40.3564 99
      vertex 79.3564 40.3564 99
      vertex 80.175 38.38 99
    endloop
  endfacet
  facet normal -0 0 1
    outer loop
      vertex 77.38 44.585 99
      vertex 79.3564 40.3564 99
      vertex 79.3564 45.4036 99
    endloop
  endfacet
  facet normal 0 0 1
    outer loop
      vertex 77.38 44.585 99
      vertex 77.38 41.175 99
      vertex 79.3564 40.3564 99
    endloop
  endfacet
  facet normal 0 0 1
    outer loop
      vertex 75.4036 45.4036 99
      vertex 77.38 41.175 99
      vertex 77.38 44.585 99
    endloop
  endfacet
  facet normal 0 0 1
    outer loop
      vertex 75.4036 45.4036 99
      vertex 75.4036 40.3564 99
      vertex 77.38 41.175 99
    endloop
  endfacet
  facet normal -0 0 1
    outer loop
      vertex 71.175 47.38 99
      vertex 75.4036 45.4036 99
      vertex 74.585 47.38 99
    endloop
  endfacet
  facet normal 0 0 1
    outer loop
      vertex 70.3564 45.4036 99
      vertex 75.4036 45.4036 99
      vertex 71.175 47.38 99
    endloop
  endfacet
  facet normal 0 0 1
    outer loop
      vertex 79.3564 49.3564 99
      vertex 84.4036 49.3564 99
      vertex 79.3564 54.4036 99
    endloop
  endfacet
  facet normal 0 0 1
    outer loop
      vertex 84.4036 49.3564 99
      vertex 79.3564 49.3564 99
      vertex 80.175 47.38 99
    endloop
  endfacet
  facet normal -0 0 1
    outer loop
      vertex 77.38 53.585 99
      vertex 79.3564 49.3564 99
      vertex 79.3564 54.4036 99
    endloop
  endfacet
  facet normal 0 0 1
    outer loop
      vertex 77.38 53.585 99
      vertex 77.38 50.175 99
      vertex 79.3564 49.3564 99
    endloop
  endfacet
  facet normal 0 0 1
    outer loop
      vertex 75.4036 54.4036 99
      vertex 77.38 50.175 99
      vertex 77.38 53.585 99
    endloop
  endfacet
  facet normal 0 0 1
    outer loop
      vertex 75.4036 54.4036 99
      vertex 75.4036 49.3564 99
      vertex 77.38 50.175 99
    endloop
  endfacet
  facet normal -0 0 1
    outer loop
      vertex 71.175 56.38 99
      vertex 75.4036 54.4036 99
      vertex 74.585 56.38 99
    endloop
  endfacet
  facet normal 0 0 1
    outer loop
      vertex 70.3564 54.4036 99
      vertex 75.4036 54.4036 99
      vertex 71.175 56.38 99
    endloop
  endfacet
  facet normal 0 0 1
    outer loop
      vertex 79.3564 58.3564 99
      vertex 84.4036 58.3564 99
      vertex 79.3564 63.4036 99
    endloop
  endfacet
  facet normal 0 0 1
    outer loop
      vertex 84.4036 58.3564 99
      vertex 79.3564 58.3564 99
      vertex 80.175 56.38 99
    endloop
  endfacet
  facet normal -0 0 1
    outer loop
      vertex 77.38 62.585 99
      vertex 79.3564 58.3564 99
      vertex 79.3564 63.4036 99
    endloop
  endfacet
  facet normal 0 0 1
    outer loop
      vertex 77.38 62.585 99
      vertex 77.38 59.175 99
      vertex 79.3564 58.3564 99
    endloop
  endfacet
  facet normal 0 0 1
    outer loop
      vertex 75.4036 63.4036 99
      vertex 77.38 59.175 99
      vertex 77.38 62.585 99
    endloop
  endfacet
  facet normal 0 0 1
    outer loop
      vertex 75.4036 63.4036 99
      vertex 75.4036 58.3564 99
      vertex 77.38 59.175 99
    endloop
  endfacet
  facet normal -0 0 1
    outer loop
      vertex 71.175 65.38 99
      vertex 75.4036 63.4036 99
      vertex 74.585 65.38 99
    endloop
  endfacet
  facet normal 0 0 1
    outer loop
      vertex 70.3564 63.4036 99
      vertex 75.4036 63.4036 99
      vertex 71.175 65.38 99
    endloop
  endfacet
  facet normal 0 0 1
    outer loop
      vertex 79.3564 67.3564 99
      vertex 84.4036 67.3564 99
      vertex 79.3564 72.4036 99
    endloop
  endfacet
  facet normal 0 0 1
    outer loop
      vertex 84.4036 67.3564 99
      vertex 79.3564 67.3564 99
      vertex 80.175 65.38 99
    endloop
  endfacet
  facet normal -0 0 1
    outer loop
      vertex 77.38 71.585 99
      vertex 79.3564 67.3564 99
      vertex 79.3564 72.4036 99
    endloop
  endfacet
  facet normal 0 0 1
    outer loop
      vertex 77.38 71.585 99
      vertex 77.38 68.175 99
      vertex 79.3564 67.3564 99
    endloop
  endfacet
  facet normal 0 0 1
    outer loop
      vertex 75.4036 72.4036 99
      vertex 77.38 68.175 99
      vertex 77.38 71.585 99
    endloop
  endfacet
  facet normal 0 0 1
    outer loop
      vertex 75.4036 72.4036 99
      vertex 75.4036 67.3564 99
      vertex 77.38 68.175 99
    endloop
  endfacet
  facet normal -0 0 1
    outer loop
      vertex 71.175 74.38 99
      vertex 75.4036 72.4036 99
      vertex 74.585 74.38 99
    endloop
  endfacet
  facet normal 0 0 1
    outer loop
      vertex 70.3564 72.4036 99
      vertex 75.4036 72.4036 99
      vertex 71.175 74.38 99
    endloop
  endfacet
  facet normal 0 0 1
    outer loop
      vertex 88.3564 13.3564 99
      vertex 93.4036 13.3564 99
      vertex 88.3564 18.4036 99
    endloop
  endfacet
  facet normal 0 0 1
    outer loop
      vertex 93.4036 13.3564 99
      vertex 88.3564 13.3564 99
      vertex 89.175 11.38 99
    endloop
  endfacet
  facet normal -0 0 1
    outer loop
      vertex 86.38 17.585 99
      vertex 88.3564 13.3564 99
      vertex 88.3564 18.4036 99
    endloop
  endfacet
  facet normal 0 0 1
    outer loop
      vertex 86.38 17.585 99
      vertex 86.38 14.175 99
      vertex 88.3564 13.3564 99
    endloop
  endfacet
  facet normal 0 0 1
    outer loop
      vertex 84.4036 18.4036 99
      vertex 86.38 14.175 99
      vertex 86.38 17.585 99
    endloop
  endfacet
  facet normal 0 0 1
    outer loop
      vertex 84.4036 18.4036 99
      vertex 84.4036 13.3564 99
      vertex 86.38 14.175 99
    endloop
  endfacet
  facet normal -0 0 1
    outer loop
      vertex 80.175 20.38 99
      vertex 84.4036 18.4036 99
      vertex 83.585 20.38 99
    endloop
  endfacet
  facet normal 0 0 1
    outer loop
      vertex 79.3564 18.4036 99
      vertex 84.4036 18.4036 99
      vertex 80.175 20.38 99
    endloop
  endfacet
  facet normal 0 0 1
    outer loop
      vertex 88.3564 22.3564 99
      vertex 93.4036 22.3564 99
      vertex 88.3564 27.4036 99
    endloop
  endfacet
  facet normal 0 0 1
    outer loop
      vertex 93.4036 22.3564 99
      vertex 88.3564 22.3564 99
      vertex 89.175 20.38 99
    endloop
  endfacet
  facet normal -0 0 1
    outer loop
      vertex 86.38 26.585 99
      vertex 88.3564 22.3564 99
      vertex 88.3564 27.4036 99
    endloop
  endfacet
  facet normal 0 0 1
    outer loop
      vertex 86.38 26.585 99
      vertex 86.38 23.175 99
      vertex 88.3564 22.3564 99
    endloop
  endfacet
  facet normal 0 0 1
    outer loop
      vertex 84.4036 27.4036 99
      vertex 86.38 23.175 99
      vertex 86.38 26.585 99
    endloop
  endfacet
  facet normal 0 0 1
    outer loop
      vertex 84.4036 27.4036 99
      vertex 84.4036 22.3564 99
      vertex 86.38 23.175 99
    endloop
  endfacet
  facet normal -0 0 1
    outer loop
      vertex 80.175 29.38 99
      vertex 84.4036 27.4036 99
      vertex 83.585 29.38 99
    endloop
  endfacet
  facet normal 0 0 1
    outer loop
      vertex 79.3564 27.4036 99
      vertex 84.4036 27.4036 99
      vertex 80.175 29.38 99
    endloop
  endfacet
  facet normal 0 0 1
    outer loop
      vertex 88.3564 31.3564 99
      vertex 93.4036 31.3564 99
      vertex 88.3564 36.4036 99
    endloop
  endfacet
  facet normal 0 0 1
    outer loop
      vertex 93.4036 31.3564 99
      vertex 88.3564 31.3564 99
      vertex 89.175 29.38 99
    endloop
  endfacet
  facet normal -0 0 1
    outer loop
      vertex 86.38 35.585 99
      vertex 88.3564 31.3564 99
      vertex 88.3564 36.4036 99
    endloop
  endfacet
  facet normal 0 0 1
    outer loop
      vertex 86.38 35.585 99
      vertex 86.38 32.175 99
      vertex 88.3564 31.3564 99
    endloop
  endfacet
  facet normal 0 0 1
    outer loop
      vertex 84.4036 36.4036 99
      vertex 86.38 32.175 99
      vertex 86.38 35.585 99
    endloop
  endfacet
  facet normal 0 0 1
    outer loop
      vertex 84.4036 36.4036 99
      vertex 84.4036 31.3564 99
      vertex 86.38 32.175 99
    endloop
  endfacet
  facet normal -0 0 1
    outer loop
      vertex 80.175 38.38 99
      vertex 84.4036 36.4036 99
      vertex 83.585 38.38 99
    endloop
  endfacet
  facet normal 0 0 1
    outer loop
      vertex 79.3564 36.4036 99
      vertex 84.4036 36.4036 99
      vertex 80.175 38.38 99
    endloop
  endfacet
  facet normal 0 0 1
    outer loop
      vertex 88.3564 40.3564 99
      vertex 93.4036 40.3564 99
      vertex 88.3564 45.4036 99
    endloop
  endfacet
  facet normal 0 0 1
    outer loop
      vertex 93.4036 40.3564 99
      vertex 88.3564 40.3564 99
      vertex 89.175 38.38 99
    endloop
  endfacet
  facet normal -0 0 1
    outer loop
      vertex 86.38 44.585 99
      vertex 88.3564 40.3564 99
      vertex 88.3564 45.4036 99
    endloop
  endfacet
  facet normal 0 0 1
    outer loop
      vertex 86.38 44.585 99
      vertex 86.38 41.175 99
      vertex 88.3564 40.3564 99
    endloop
  endfacet
  facet normal 0 0 1
    outer loop
      vertex 84.4036 45.4036 99
      vertex 86.38 41.175 99
      vertex 86.38 44.585 99
    endloop
  endfacet
  facet normal 0 0 1
    outer loop
      vertex 84.4036 45.4036 99
      vertex 84.4036 40.3564 99
      vertex 86.38 41.175 99
    endloop
  endfacet
  facet normal -0 0 1
    outer loop
      vertex 80.175 47.38 99
      vertex 84.4036 45.4036 99
      vertex 83.585 47.38 99
    endloop
  endfacet
  facet normal 0 0 1
    outer loop
      vertex 79.3564 45.4036 99
      vertex 84.4036 45.4036 99
      vertex 80.175 47.38 99
    endloop
  endfacet
  facet normal 0 0 1
    outer loop
      vertex 88.3564 49.3564 99
      vertex 93.4036 49.3564 99
      vertex 88.3564 54.4036 99
    endloop
  endfacet
  facet normal 0 0 1
    outer loop
      vertex 93.4036 49.3564 99
      vertex 88.3564 49.3564 99
      vertex 89.175 47.38 99
    endloop
  endfacet
  facet normal -0 0 1
    outer loop
      vertex 86.38 53.585 99
      vertex 88.3564 49.3564 99
      vertex 88.3564 54.4036 99
    endloop
  endfacet
  facet normal 0 0 1
    outer loop
      vertex 86.38 53.585 99
      vertex 86.38 50.175 99
      vertex 88.3564 49.3564 99
    endloop
  endfacet
  facet normal 0 0 1
    outer loop
      vertex 84.4036 54.4036 99
      vertex 86.38 50.175 99
      vertex 86.38 53.585 99
    endloop
  endfacet
  facet normal 0 0 1
    outer loop
      vertex 84.4036 54.4036 99
      vertex 84.4036 49.3564 99
      vertex 86.38 50.175 99
    endloop
  endfacet
  facet normal -0 0 1
    outer loop
      vertex 80.175 56.38 99
      vertex 84.4036 54.4036 99
      vertex 83.585 56.38 99
    endloop
  endfacet
  facet normal 0 0 1
    outer loop
      vertex 79.3564 54.4036 99
      vertex 84.4036 54.4036 99
      vertex 80.175 56.38 99
    endloop
  endfacet
  facet normal 0 0 1
    outer loop
      vertex 88.3564 58.3564 99
      vertex 93.4036 58.3564 99
      vertex 88.3564 63.4036 99
    endloop
  endfacet
  facet normal 0 0 1
    outer loop
      vertex 93.4036 58.3564 99
      vertex 88.3564 58.3564 99
      vertex 89.175 56.38 99
    endloop
  endfacet
  facet normal -0 0 1
    outer loop
      vertex 86.38 62.585 99
      vertex 88.3564 58.3564 99
      vertex 88.3564 63.4036 99
    endloop
  endfacet
  facet normal 0 0 1
    outer loop
      vertex 86.38 62.585 99
      vertex 86.38 59.175 99
      vertex 88.3564 58.3564 99
    endloop
  endfacet
  facet normal 0 0 1
    outer loop
      vertex 84.4036 63.4036 99
      vertex 86.38 59.175 99
      vertex 86.38 62.585 99
    endloop
  endfacet
  facet normal 0 0 1
    outer loop
      vertex 84.4036 63.4036 99
      vertex 84.4036 58.3564 99
      vertex 86.38 59.175 99
    endloop
  endfacet
  facet normal -0 0 1
    outer loop
      vertex 80.175 65.38 99
      vertex 84.4036 63.4036 99
      vertex 83.585 65.38 99
    endloop
  endfacet
  facet normal 0 0 1
    outer loop
      vertex 79.3564 63.4036 99
      vertex 84.4036 63.4036 99
      vertex 80.175 65.38 99
    endloop
  endfacet
  facet normal 0 0 1
    outer loop
      vertex 88.3564 67.3564 99
      vertex 93.4036 67.3564 99
      vertex 88.3564 72.4036 99
    endloop
  endfacet
  facet normal 0 0 1
    outer loop
      vertex 93.4036 67.3564 99
      vertex 88.3564 67.3564 99
      vertex 89.175 65.38 99
    endloop
  endfacet
  facet normal -0 0 1
    outer loop
      vertex 86.38 71.585 99
      vertex 88.3564 67.3564 99
      vertex 88.3564 72.4036 99
    endloop
  endfacet
  facet normal 0 0 1
    outer loop
      vertex 86.38 71.585 99
      vertex 86.38 68.175 99
      vertex 88.3564 67.3564 99
    endloop
  endfacet
  facet normal 0 0 1
    outer loop
      vertex 84.4036 72.4036 99
      vertex 86.38 68.175 99
      vertex 86.38 71.585 99
    endloop
  endfacet
  facet normal 0 0 1
    outer loop
      vertex 84.4036 72.4036 99
      vertex 84.4036 67.3564 99
      vertex 86.38 68.175 99
    endloop
  endfacet
  facet normal -0 0 1
    outer loop
      vertex 80.175 74.38 99
      vertex 84.4036 72.4036 99
      vertex 83.585 74.38 99
    endloop
  endfacet
  facet normal 0 0 1
    outer loop
      vertex 79.3564 72.4036 99
      vertex 84.4036 72.4036 99
      vertex 80.175 74.38 99
    endloop
  endfacet
  facet normal 0 0 1
    outer loop
      vertex 97.3564 13.3564 99
      vertex 102.404 13.3564 99
      vertex 97.3564 18.4036 99
    endloop
  endfacet
  facet normal 0 0 1
    outer loop
      vertex 102.404 13.3564 99
      vertex 97.3564 13.3564 99
      vertex 98.175 11.38 99
    endloop
  endfacet
  facet normal -0 0 1
    outer loop
      vertex 95.38 17.585 99
      vertex 97.3564 13.3564 99
      vertex 97.3564 18.4036 99
    endloop
  endfacet
  facet normal 0 0 1
    outer loop
      vertex 95.38 17.585 99
      vertex 95.38 14.175 99
      vertex 97.3564 13.3564 99
    endloop
  endfacet
  facet normal 0 0 1
    outer loop
      vertex 93.4036 18.4036 99
      vertex 95.38 14.175 99
      vertex 95.38 17.585 99
    endloop
  endfacet
  facet normal 0 0 1
    outer loop
      vertex 93.4036 18.4036 99
      vertex 93.4036 13.3564 99
      vertex 95.38 14.175 99
    endloop
  endfacet
  facet normal -0 0 1
    outer loop
      vertex 89.175 20.38 99
      vertex 93.4036 18.4036 99
      vertex 92.585 20.38 99
    endloop
  endfacet
  facet normal 0 0 1
    outer loop
      vertex 88.3564 18.4036 99
      vertex 93.4036 18.4036 99
      vertex 89.175 20.38 99
    endloop
  endfacet
  facet normal 0 0 1
    outer loop
      vertex 97.3564 22.3564 99
      vertex 102.404 22.3564 99
      vertex 97.3564 27.4036 99
    endloop
  endfacet
  facet normal 0 0 1
    outer loop
      vertex 102.404 22.3564 99
      vertex 97.3564 22.3564 99
      vertex 98.175 20.38 99
    endloop
  endfacet
  facet normal -0 0 1
    outer loop
      vertex 95.38 26.585 99
      vertex 97.3564 22.3564 99
      vertex 97.3564 27.4036 99
    endloop
  endfacet
  facet normal 0 0 1
    outer loop
      vertex 95.38 26.585 99
      vertex 95.38 23.175 99
      vertex 97.3564 22.3564 99
    endloop
  endfacet
  facet normal 0 0 1
    outer loop
      vertex 93.4036 27.4036 99
      vertex 95.38 23.175 99
      vertex 95.38 26.585 99
    endloop
  endfacet
  facet normal 0 0 1
    outer loop
      vertex 93.4036 27.4036 99
      vertex 93.4036 22.3564 99
      vertex 95.38 23.175 99
    endloop
  endfacet
  facet normal -0 0 1
    outer loop
      vertex 89.175 29.38 99
      vertex 93.4036 27.4036 99
      vertex 92.585 29.38 99
    endloop
  endfacet
  facet normal 0 0 1
    outer loop
      vertex 88.3564 27.4036 99
      vertex 93.4036 27.4036 99
      vertex 89.175 29.38 99
    endloop
  endfacet
  facet normal 0 0 1
    outer loop
      vertex 97.3564 31.3564 99
      vertex 102.404 31.3564 99
      vertex 97.3564 36.4036 99
    endloop
  endfacet
  facet normal 0 0 1
    outer loop
      vertex 102.404 31.3564 99
      vertex 97.3564 31.3564 99
      vertex 98.175 29.38 99
    endloop
  endfacet
  facet normal -0 0 1
    outer loop
      vertex 95.38 35.585 99
      vertex 97.3564 31.3564 99
      vertex 97.3564 36.4036 99
    endloop
  endfacet
  facet normal 0 0 1
    outer loop
      vertex 95.38 35.585 99
      vertex 95.38 32.175 99
      vertex 97.3564 31.3564 99
    endloop
  endfacet
  facet normal 0 0 1
    outer loop
      vertex 93.4036 36.4036 99
      vertex 95.38 32.175 99
      vertex 95.38 35.585 99
    endloop
  endfacet
  facet normal 0 0 1
    outer loop
      vertex 93.4036 36.4036 99
      vertex 93.4036 31.3564 99
      vertex 95.38 32.175 99
    endloop
  endfacet
  facet normal -0 0 1
    outer loop
      vertex 89.175 38.38 99
      vertex 93.4036 36.4036 99
      vertex 92.585 38.38 99
    endloop
  endfacet
  facet normal 0 0 1
    outer loop
      vertex 88.3564 36.4036 99
      vertex 93.4036 36.4036 99
      vertex 89.175 38.38 99
    endloop
  endfacet
  facet normal 0 0 1
    outer loop
      vertex 97.3564 40.3564 99
      vertex 102.404 40.3564 99
      vertex 97.3564 45.4036 99
    endloop
  endfacet
  facet normal 0 0 1
    outer loop
      vertex 102.404 40.3564 99
      vertex 97.3564 40.3564 99
      vertex 98.175 38.38 99
    endloop
  endfacet
  facet normal -0 0 1
    outer loop
      vertex 95.38 44.585 99
      vertex 97.3564 40.3564 99
      vertex 97.3564 45.4036 99
    endloop
  endfacet
  facet normal 0 0 1
    outer loop
      vertex 95.38 44.585 99
      vertex 95.38 41.175 99
      vertex 97.3564 40.3564 99
    endloop
  endfacet
  facet normal 0 0 1
    outer loop
      vertex 93.4036 45.4036 99
      vertex 95.38 41.175 99
      vertex 95.38 44.585 99
    endloop
  endfacet
  facet normal 0 0 1
    outer loop
      vertex 93.4036 45.4036 99
      vertex 93.4036 40.3564 99
      vertex 95.38 41.175 99
    endloop
  endfacet
  facet normal -0 0 1
    outer loop
      vertex 89.175 47.38 99
      vertex 93.4036 45.4036 99
      vertex 92.585 47.38 99
    endloop
  endfacet
  facet normal 0 0 1
    outer loop
      vertex 88.3564 45.4036 99
      vertex 93.4036 45.4036 99
      vertex 89.175 47.38 99
    endloop
  endfacet
  facet normal 0 0 1
    outer loop
      vertex 97.3564 49.3564 99
      vertex 102.404 49.3564 99
      vertex 97.3564 54.4036 99
    endloop
  endfacet
  facet normal 0 0 1
    outer loop
      vertex 102.404 49.3564 99
      vertex 97.3564 49.3564 99
      vertex 98.175 47.38 99
    endloop
  endfacet
  facet normal -0 0 1
    outer loop
      vertex 95.38 53.585 99
      vertex 97.3564 49.3564 99
      vertex 97.3564 54.4036 99
    endloop
  endfacet
  facet normal 0 0 1
    outer loop
      vertex 95.38 53.585 99
      vertex 95.38 50.175 99
      vertex 97.3564 49.3564 99
    endloop
  endfacet
  facet normal 0 0 1
    outer loop
      vertex 93.4036 54.4036 99
      vertex 95.38 50.175 99
      vertex 95.38 53.585 99
    endloop
  endfacet
  facet normal 0 0 1
    outer loop
      vertex 93.4036 54.4036 99
      vertex 93.4036 49.3564 99
      vertex 95.38 50.175 99
    endloop
  endfacet
  facet normal -0 0 1
    outer loop
      vertex 89.175 56.38 99
      vertex 93.4036 54.4036 99
      vertex 92.585 56.38 99
    endloop
  endfacet
  facet normal 0 0 1
    outer loop
      vertex 88.3564 54.4036 99
      vertex 93.4036 54.4036 99
      vertex 89.175 56.38 99
    endloop
  endfacet
  facet normal 0 0 1
    outer loop
      vertex 97.3564 58.3564 99
      vertex 102.404 58.3564 99
      vertex 97.3564 63.4036 99
    endloop
  endfacet
  facet normal 0 0 1
    outer loop
      vertex 102.404 58.3564 99
      vertex 97.3564 58.3564 99
      vertex 98.175 56.38 99
    endloop
  endfacet
  facet normal -0 0 1
    outer loop
      vertex 95.38 62.585 99
      vertex 97.3564 58.3564 99
      vertex 97.3564 63.4036 99
    endloop
  endfacet
  facet normal 0 0 1
    outer loop
      vertex 95.38 62.585 99
      vertex 95.38 59.175 99
      vertex 97.3564 58.3564 99
    endloop
  endfacet
  facet normal 0 0 1
    outer loop
      vertex 93.4036 63.4036 99
      vertex 95.38 59.175 99
      vertex 95.38 62.585 99
    endloop
  endfacet
  facet normal 0 0 1
    outer loop
      vertex 93.4036 63.4036 99
      vertex 93.4036 58.3564 99
      vertex 95.38 59.175 99
    endloop
  endfacet
  facet normal -0 0 1
    outer loop
      vertex 89.175 65.38 99
      vertex 93.4036 63.4036 99
      vertex 92.585 65.38 99
    endloop
  endfacet
  facet normal 0 0 1
    outer loop
      vertex 88.3564 63.4036 99
      vertex 93.4036 63.4036 99
      vertex 89.175 65.38 99
    endloop
  endfacet
  facet normal 0 0 1
    outer loop
      vertex 97.3564 67.3564 99
      vertex 102.404 67.3564 99
      vertex 97.3564 72.4036 99
    endloop
  endfacet
  facet normal 0 0 1
    outer loop
      vertex 102.404 67.3564 99
      vertex 97.3564 67.3564 99
      vertex 98.175 65.38 99
    endloop
  endfacet
  facet normal -0 0 1
    outer loop
      vertex 95.38 71.585 99
      vertex 97.3564 67.3564 99
      vertex 97.3564 72.4036 99
    endloop
  endfacet
  facet normal 0 0 1
    outer loop
      vertex 95.38 71.585 99
      vertex 95.38 68.175 99
      vertex 97.3564 67.3564 99
    endloop
  endfacet
  facet normal 0 0 1
    outer loop
      vertex 93.4036 72.4036 99
      vertex 95.38 68.175 99
      vertex 95.38 71.585 99
    endloop
  endfacet
  facet normal 0 0 1
    outer loop
      vertex 93.4036 72.4036 99
      vertex 93.4036 67.3564 99
      vertex 95.38 68.175 99
    endloop
  endfacet
  facet normal -0 0 1
    outer loop
      vertex 89.175 74.38 99
      vertex 93.4036 72.4036 99
      vertex 92.585 74.38 99
    endloop
  endfacet
  facet normal 0 0 1
    outer loop
      vertex 88.3564 72.4036 99
      vertex 93.4036 72.4036 99
      vertex 89.175 74.38 99
    endloop
  endfacet
  facet normal 0 0 1
    outer loop
      vertex 106.356 13.3564 99
      vertex 111.404 13.3564 99
      vertex 106.356 18.4036 99
    endloop
  endfacet
  facet normal 0 0 1
    outer loop
      vertex 111.404 13.3564 99
      vertex 106.356 13.3564 99
      vertex 107.175 11.38 99
    endloop
  endfacet
  facet normal -0 0 1
    outer loop
      vertex 104.38 17.585 99
      vertex 106.356 13.3564 99
      vertex 106.356 18.4036 99
    endloop
  endfacet
  facet normal 0 0 1
    outer loop
      vertex 104.38 17.585 99
      vertex 104.38 14.175 99
      vertex 106.356 13.3564 99
    endloop
  endfacet
  facet normal 0 0 1
    outer loop
      vertex 102.404 18.4036 99
      vertex 104.38 14.175 99
      vertex 104.38 17.585 99
    endloop
  endfacet
  facet normal 0 0 1
    outer loop
      vertex 102.404 18.4036 99
      vertex 102.404 13.3564 99
      vertex 104.38 14.175 99
    endloop
  endfacet
  facet normal -0 0 1
    outer loop
      vertex 98.175 20.38 99
      vertex 102.404 18.4036 99
      vertex 101.585 20.38 99
    endloop
  endfacet
  facet normal 0 0 1
    outer loop
      vertex 97.3564 18.4036 99
      vertex 102.404 18.4036 99
      vertex 98.175 20.38 99
    endloop
  endfacet
  facet normal 0 0 1
    outer loop
      vertex 106.356 22.3564 99
      vertex 111.404 22.3564 99
      vertex 106.356 27.4036 99
    endloop
  endfacet
  facet normal 0 0 1
    outer loop
      vertex 111.404 22.3564 99
      vertex 106.356 22.3564 99
      vertex 107.175 20.38 99
    endloop
  endfacet
  facet normal -0 0 1
    outer loop
      vertex 104.38 26.585 99
      vertex 106.356 22.3564 99
      vertex 106.356 27.4036 99
    endloop
  endfacet
  facet normal 0 0 1
    outer loop
      vertex 104.38 26.585 99
      vertex 104.38 23.175 99
      vertex 106.356 22.3564 99
    endloop
  endfacet
  facet normal 0 0 1
    outer loop
      vertex 102.404 27.4036 99
      vertex 104.38 23.175 99
      vertex 104.38 26.585 99
    endloop
  endfacet
  facet normal 0 0 1
    outer loop
      vertex 102.404 27.4036 99
      vertex 102.404 22.3564 99
      vertex 104.38 23.175 99
    endloop
  endfacet
  facet normal -0 0 1
    outer loop
      vertex 98.175 29.38 99
      vertex 102.404 27.4036 99
      vertex 101.585 29.38 99
    endloop
  endfacet
  facet normal 0 0 1
    outer loop
      vertex 97.3564 27.4036 99
      vertex 102.404 27.4036 99
      vertex 98.175 29.38 99
    endloop
  endfacet
  facet normal 0 0 1
    outer loop
      vertex 106.356 31.3564 99
      vertex 111.404 31.3564 99
      vertex 106.356 36.4036 99
    endloop
  endfacet
  facet normal 0 0 1
    outer loop
      vertex 111.404 31.3564 99
      vertex 106.356 31.3564 99
      vertex 107.175 29.38 99
    endloop
  endfacet
  facet normal -0 0 1
    outer loop
      vertex 104.38 35.585 99
      vertex 106.356 31.3564 99
      vertex 106.356 36.4036 99
    endloop
  endfacet
  facet normal 0 0 1
    outer loop
      vertex 104.38 35.585 99
      vertex 104.38 32.175 99
      vertex 106.356 31.3564 99
    endloop
  endfacet
  facet normal 0 0 1
    outer loop
      vertex 102.404 36.4036 99
      vertex 104.38 32.175 99
      vertex 104.38 35.585 99
    endloop
  endfacet
  facet normal 0 0 1
    outer loop
      vertex 102.404 36.4036 99
      vertex 102.404 31.3564 99
      vertex 104.38 32.175 99
    endloop
  endfacet
  facet normal -0 0 1
    outer loop
      vertex 98.175 38.38 99
      vertex 102.404 36.4036 99
      vertex 101.585 38.38 99
    endloop
  endfacet
  facet normal 0 0 1
    outer loop
      vertex 97.3564 36.4036 99
      vertex 102.404 36.4036 99
      vertex 98.175 38.38 99
    endloop
  endfacet
  facet normal 0 0 1
    outer loop
      vertex 106.356 40.3564 99
      vertex 111.404 40.3564 99
      vertex 106.356 45.4036 99
    endloop
  endfacet
  facet normal 0 0 1
    outer loop
      vertex 111.404 40.3564 99
      vertex 106.356 40.3564 99
      vertex 107.175 38.38 99
    endloop
  endfacet
  facet normal -0 0 1
    outer loop
      vertex 104.38 44.585 99
      vertex 106.356 40.3564 99
      vertex 106.356 45.4036 99
    endloop
  endfacet
  facet normal 0 0 1
    outer loop
      vertex 104.38 44.585 99
      vertex 104.38 41.175 99
      vertex 106.356 40.3564 99
    endloop
  endfacet
  facet normal 0 0 1
    outer loop
      vertex 102.404 45.4036 99
      vertex 104.38 41.175 99
      vertex 104.38 44.585 99
    endloop
  endfacet
  facet normal 0 0 1
    outer loop
      vertex 102.404 45.4036 99
      vertex 102.404 40.3564 99
      vertex 104.38 41.175 99
    endloop
  endfacet
  facet normal -0 0 1
    outer loop
      vertex 98.175 47.38 99
      vertex 102.404 45.4036 99
      vertex 101.585 47.38 99
    endloop
  endfacet
  facet normal 0 0 1
    outer loop
      vertex 97.3564 45.4036 99
      vertex 102.404 45.4036 99
      vertex 98.175 47.38 99
    endloop
  endfacet
  facet normal 0 0 1
    outer loop
      vertex 106.356 49.3564 99
      vertex 111.404 49.3564 99
      vertex 106.356 54.4036 99
    endloop
  endfacet
  facet normal 0 0 1
    outer loop
      vertex 111.404 49.3564 99
      vertex 106.356 49.3564 99
      vertex 107.175 47.38 99
    endloop
  endfacet
  facet normal -0 0 1
    outer loop
      vertex 104.38 53.585 99
      vertex 106.356 49.3564 99
      vertex 106.356 54.4036 99
    endloop
  endfacet
  facet normal 0 0 1
    outer loop
      vertex 104.38 53.585 99
      vertex 104.38 50.175 99
      vertex 106.356 49.3564 99
    endloop
  endfacet
  facet normal 0 0 1
    outer loop
      vertex 102.404 54.4036 99
      vertex 104.38 50.175 99
      vertex 104.38 53.585 99
    endloop
  endfacet
  facet normal 0 0 1
    outer loop
      vertex 102.404 54.4036 99
      vertex 102.404 49.3564 99
      vertex 104.38 50.175 99
    endloop
  endfacet
  facet normal -0 0 1
    outer loop
      vertex 98.175 56.38 99
      vertex 102.404 54.4036 99
      vertex 101.585 56.38 99
    endloop
  endfacet
  facet normal 0 0 1
    outer loop
      vertex 97.3564 54.4036 99
      vertex 102.404 54.4036 99
      vertex 98.175 56.38 99
    endloop
  endfacet
  facet normal 0 0 1
    outer loop
      vertex 106.356 58.3564 99
      vertex 111.404 58.3564 99
      vertex 106.356 63.4036 99
    endloop
  endfacet
  facet normal 0 0 1
    outer loop
      vertex 111.404 58.3564 99
      vertex 106.356 58.3564 99
      vertex 107.175 56.38 99
    endloop
  endfacet
  facet normal -0 0 1
    outer loop
      vertex 104.38 62.585 99
      vertex 106.356 58.3564 99
      vertex 106.356 63.4036 99
    endloop
  endfacet
  facet normal 0 0 1
    outer loop
      vertex 104.38 62.585 99
      vertex 104.38 59.175 99
      vertex 106.356 58.3564 99
    endloop
  endfacet
  facet normal 0 0 1
    outer loop
      vertex 102.404 63.4036 99
      vertex 104.38 59.175 99
      vertex 104.38 62.585 99
    endloop
  endfacet
  facet normal 0 0 1
    outer loop
      vertex 102.404 63.4036 99
      vertex 102.404 58.3564 99
      vertex 104.38 59.175 99
    endloop
  endfacet
  facet normal -0 0 1
    outer loop
      vertex 98.175 65.38 99
      vertex 102.404 63.4036 99
      vertex 101.585 65.38 99
    endloop
  endfacet
  facet normal 0 0 1
    outer loop
      vertex 97.3564 63.4036 99
      vertex 102.404 63.4036 99
      vertex 98.175 65.38 99
    endloop
  endfacet
  facet normal 0 0 1
    outer loop
      vertex 106.356 67.3564 99
      vertex 111.404 67.3564 99
      vertex 106.356 72.4036 99
    endloop
  endfacet
  facet normal 0 0 1
    outer loop
      vertex 111.404 67.3564 99
      vertex 106.356 67.3564 99
      vertex 107.175 65.38 99
    endloop
  endfacet
  facet normal -0 0 1
    outer loop
      vertex 104.38 71.585 99
      vertex 106.356 67.3564 99
      vertex 106.356 72.4036 99
    endloop
  endfacet
  facet normal 0 0 1
    outer loop
      vertex 104.38 71.585 99
      vertex 104.38 68.175 99
      vertex 106.356 67.3564 99
    endloop
  endfacet
  facet normal 0 0 1
    outer loop
      vertex 102.404 72.4036 99
      vertex 104.38 68.175 99
      vertex 104.38 71.585 99
    endloop
  endfacet
  facet normal 0 0 1
    outer loop
      vertex 102.404 72.4036 99
      vertex 102.404 67.3564 99
      vertex 104.38 68.175 99
    endloop
  endfacet
  facet normal -0 0 1
    outer loop
      vertex 98.175 74.38 99
      vertex 102.404 72.4036 99
      vertex 101.585 74.38 99
    endloop
  endfacet
  facet normal 0 0 1
    outer loop
      vertex 97.3564 72.4036 99
      vertex 102.404 72.4036 99
      vertex 98.175 74.38 99
    endloop
  endfacet
  facet normal -0 0 1
    outer loop
      vertex 115.356 18.4036 99
      vertex 116.175 11.38 99
      vertex 116.175 20.38 99
    endloop
  endfacet
  facet normal 0 0 1
    outer loop
      vertex 115.356 18.4036 99
      vertex 115.356 13.3564 99
      vertex 116.175 11.38 99
    endloop
  endfacet
  facet normal -0 0 1
    outer loop
      vertex 113.38 17.585 99
      vertex 115.356 13.3564 99
      vertex 115.356 18.4036 99
    endloop
  endfacet
  facet normal 0 0 1
    outer loop
      vertex 113.38 17.585 99
      vertex 113.38 14.175 99
      vertex 115.356 13.3564 99
    endloop
  endfacet
  facet normal 0 0 1
    outer loop
      vertex 111.404 18.4036 99
      vertex 113.38 14.175 99
      vertex 113.38 17.585 99
    endloop
  endfacet
  facet normal 0 0 1
    outer loop
      vertex 111.404 18.4036 99
      vertex 111.404 13.3564 99
      vertex 113.38 14.175 99
    endloop
  endfacet
  facet normal -0 0 1
    outer loop
      vertex 107.175 20.38 99
      vertex 111.404 18.4036 99
      vertex 110.585 20.38 99
    endloop
  endfacet
  facet normal 0 0 1
    outer loop
      vertex 106.356 18.4036 99
      vertex 111.404 18.4036 99
      vertex 107.175 20.38 99
    endloop
  endfacet
  facet normal -0 0 1
    outer loop
      vertex 115.356 27.4036 99
      vertex 116.175 20.38 99
      vertex 116.175 29.38 99
    endloop
  endfacet
  facet normal 0 0 1
    outer loop
      vertex 115.356 27.4036 99
      vertex 115.356 22.3564 99
      vertex 116.175 20.38 99
    endloop
  endfacet
  facet normal -0 0 1
    outer loop
      vertex 113.38 26.585 99
      vertex 115.356 22.3564 99
      vertex 115.356 27.4036 99
    endloop
  endfacet
  facet normal 0 0 1
    outer loop
      vertex 113.38 26.585 99
      vertex 113.38 23.175 99
      vertex 115.356 22.3564 99
    endloop
  endfacet
  facet normal 0 0 1
    outer loop
      vertex 111.404 27.4036 99
      vertex 113.38 23.175 99
      vertex 113.38 26.585 99
    endloop
  endfacet
  facet normal 0 0 1
    outer loop
      vertex 111.404 27.4036 99
      vertex 111.404 22.3564 99
      vertex 113.38 23.175 99
    endloop
  endfacet
  facet normal -0 0 1
    outer loop
      vertex 107.175 29.38 99
      vertex 111.404 27.4036 99
      vertex 110.585 29.38 99
    endloop
  endfacet
  facet normal 0 0 1
    outer loop
      vertex 106.356 27.4036 99
      vertex 111.404 27.4036 99
      vertex 107.175 29.38 99
    endloop
  endfacet
  facet normal -0 0 1
    outer loop
      vertex 115.356 36.4036 99
      vertex 116.175 29.38 99
      vertex 116.175 38.38 99
    endloop
  endfacet
  facet normal 0 0 1
    outer loop
      vertex 115.356 36.4036 99
      vertex 115.356 31.3564 99
      vertex 116.175 29.38 99
    endloop
  endfacet
  facet normal -0 0 1
    outer loop
      vertex 113.38 35.585 99
      vertex 115.356 31.3564 99
      vertex 115.356 36.4036 99
    endloop
  endfacet
  facet normal 0 0 1
    outer loop
      vertex 113.38 35.585 99
      vertex 113.38 32.175 99
      vertex 115.356 31.3564 99
    endloop
  endfacet
  facet normal 0 0 1
    outer loop
      vertex 111.404 36.4036 99
      vertex 113.38 32.175 99
      vertex 113.38 35.585 99
    endloop
  endfacet
  facet normal 0 0 1
    outer loop
      vertex 111.404 36.4036 99
      vertex 111.404 31.3564 99
      vertex 113.38 32.175 99
    endloop
  endfacet
  facet normal -0 0 1
    outer loop
      vertex 107.175 38.38 99
      vertex 111.404 36.4036 99
      vertex 110.585 38.38 99
    endloop
  endfacet
  facet normal 0 0 1
    outer loop
      vertex 106.356 36.4036 99
      vertex 111.404 36.4036 99
      vertex 107.175 38.38 99
    endloop
  endfacet
  facet normal -0 0 1
    outer loop
      vertex 115.356 45.4036 99
      vertex 116.175 38.38 99
      vertex 116.175 47.38 99
    endloop
  endfacet
  facet normal 0 0 1
    outer loop
      vertex 115.356 45.4036 99
      vertex 115.356 40.3564 99
      vertex 116.175 38.38 99
    endloop
  endfacet
  facet normal -0 0 1
    outer loop
      vertex 113.38 44.585 99
      vertex 115.356 40.3564 99
      vertex 115.356 45.4036 99
    endloop
  endfacet
  facet normal 0 0 1
    outer loop
      vertex 113.38 44.585 99
      vertex 113.38 41.175 99
      vertex 115.356 40.3564 99
    endloop
  endfacet
  facet normal 0 0 1
    outer loop
      vertex 111.404 45.4036 99
      vertex 113.38 41.175 99
      vertex 113.38 44.585 99
    endloop
  endfacet
  facet normal 0 0 1
    outer loop
      vertex 111.404 45.4036 99
      vertex 111.404 40.3564 99
      vertex 113.38 41.175 99
    endloop
  endfacet
  facet normal -0 0 1
    outer loop
      vertex 107.175 47.38 99
      vertex 111.404 45.4036 99
      vertex 110.585 47.38 99
    endloop
  endfacet
  facet normal 0 0 1
    outer loop
      vertex 106.356 45.4036 99
      vertex 111.404 45.4036 99
      vertex 107.175 47.38 99
    endloop
  endfacet
  facet normal -0 0 1
    outer loop
      vertex 115.356 54.4036 99
      vertex 116.175 47.38 99
      vertex 116.175 56.38 99
    endloop
  endfacet
  facet normal 0 0 1
    outer loop
      vertex 115.356 54.4036 99
      vertex 115.356 49.3564 99
      vertex 116.175 47.38 99
    endloop
  endfacet
  facet normal -0 0 1
    outer loop
      vertex 113.38 53.585 99
      vertex 115.356 49.3564 99
      vertex 115.356 54.4036 99
    endloop
  endfacet
  facet normal 0 0 1
    outer loop
      vertex 113.38 53.585 99
      vertex 113.38 50.175 99
      vertex 115.356 49.3564 99
    endloop
  endfacet
  facet normal 0 0 1
    outer loop
      vertex 111.404 54.4036 99
      vertex 113.38 50.175 99
      vertex 113.38 53.585 99
    endloop
  endfacet
  facet normal 0 0 1
    outer loop
      vertex 111.404 54.4036 99
      vertex 111.404 49.3564 99
      vertex 113.38 50.175 99
    endloop
  endfacet
  facet normal -0 0 1
    outer loop
      vertex 107.175 56.38 99
      vertex 111.404 54.4036 99
      vertex 110.585 56.38 99
    endloop
  endfacet
  facet normal 0 0 1
    outer loop
      vertex 106.356 54.4036 99
      vertex 111.404 54.4036 99
      vertex 107.175 56.38 99
    endloop
  endfacet
  facet normal -0 0 1
    outer loop
      vertex 115.356 63.4036 99
      vertex 116.175 56.38 99
      vertex 116.175 65.38 99
    endloop
  endfacet
  facet normal 0 0 1
    outer loop
      vertex 115.356 63.4036 99
      vertex 115.356 58.3564 99
      vertex 116.175 56.38 99
    endloop
  endfacet
  facet normal -0 0 1
    outer loop
      vertex 113.38 62.585 99
      vertex 115.356 58.3564 99
      vertex 115.356 63.4036 99
    endloop
  endfacet
  facet normal 0 0 1
    outer loop
      vertex 113.38 62.585 99
      vertex 113.38 59.175 99
      vertex 115.356 58.3564 99
    endloop
  endfacet
  facet normal 0 0 1
    outer loop
      vertex 111.404 63.4036 99
      vertex 113.38 59.175 99
      vertex 113.38 62.585 99
    endloop
  endfacet
  facet normal 0 0 1
    outer loop
      vertex 111.404 63.4036 99
      vertex 111.404 58.3564 99
      vertex 113.38 59.175 99
    endloop
  endfacet
  facet normal -0 0 1
    outer loop
      vertex 107.175 65.38 99
      vertex 111.404 63.4036 99
      vertex 110.585 65.38 99
    endloop
  endfacet
  facet normal 0 0 1
    outer loop
      vertex 106.356 63.4036 99
      vertex 111.404 63.4036 99
      vertex 107.175 65.38 99
    endloop
  endfacet
  facet normal -0 0 1
    outer loop
      vertex 115.356 72.4036 99
      vertex 116.175 65.38 99
      vertex 116.175 74.38 99
    endloop
  endfacet
  facet normal 0 0 1
    outer loop
      vertex 115.356 72.4036 99
      vertex 115.356 67.3564 99
      vertex 116.175 65.38 99
    endloop
  endfacet
  facet normal -0 0 1
    outer loop
      vertex 113.38 71.585 99
      vertex 115.356 67.3564 99
      vertex 115.356 72.4036 99
    endloop
  endfacet
  facet normal 0 0 1
    outer loop
      vertex 113.38 71.585 99
      vertex 113.38 68.175 99
      vertex 115.356 67.3564 99
    endloop
  endfacet
  facet normal 0 0 1
    outer loop
      vertex 111.404 72.4036 99
      vertex 113.38 68.175 99
      vertex 113.38 71.585 99
    endloop
  endfacet
  facet normal 0 0 1
    outer loop
      vertex 111.404 72.4036 99
      vertex 111.404 67.3564 99
      vertex 113.38 68.175 99
    endloop
  endfacet
  facet normal -0 0 1
    outer loop
      vertex 107.175 74.38 99
      vertex 111.404 72.4036 99
      vertex 110.585 74.38 99
    endloop
  endfacet
  facet normal 0 0 1
    outer loop
      vertex 106.356 72.4036 99
      vertex 111.404 72.4036 99
      vertex 107.175 74.38 99
    endloop
  endfacet
  facet normal 0 0 1
    outer loop
      vertex 116.175 65.38 99
      vertex 127.75 85.75 99
      vertex 116.175 74.38 99
    endloop
  endfacet
  facet normal 0 0 1
    outer loop
      vertex 127.75 85.75 99
      vertex 115.356 76.3564 99
      vertex 116.175 74.38 99
    endloop
  endfacet
  facet normal 0 0 1
    outer loop
      vertex 127.75 85.75 99
      vertex 113.38 77.175 99
      vertex 115.356 76.3564 99
    endloop
  endfacet
  facet normal 0 0 1
    outer loop
      vertex 104.38 77.175 99
      vertex 113.38 77.175 99
      vertex 127.75 85.75 99
    endloop
  endfacet
  facet normal 0 0 1
    outer loop
      vertex 111.404 67.3564 99
      vertex 107.175 65.38 99
      vertex 110.585 65.38 99
    endloop
  endfacet
  facet normal 0 0 1
    outer loop
      vertex 111.404 63.4036 99
      vertex 106.356 63.4036 99
      vertex 111.404 58.3564 99
    endloop
  endfacet
  facet normal 0 0 1
    outer loop
      vertex 111.404 54.4036 99
      vertex 106.356 54.4036 99
      vertex 111.404 49.3564 99
    endloop
  endfacet
  facet normal 0 0 1
    outer loop
      vertex 111.404 49.3564 99
      vertex 107.175 47.38 99
      vertex 110.585 47.38 99
    endloop
  endfacet
  facet normal 0 0 1
    outer loop
      vertex 111.404 40.3564 99
      vertex 107.175 38.38 99
      vertex 110.585 38.38 99
    endloop
  endfacet
  facet normal 0 0 1
    outer loop
      vertex 111.404 36.4036 99
      vertex 106.356 36.4036 99
      vertex 111.404 31.3564 99
    endloop
  endfacet
  facet normal 0 0 1
    outer loop
      vertex 111.404 72.4036 99
      vertex 106.356 72.4036 99
      vertex 111.404 67.3564 99
    endloop
  endfacet
  facet normal 0 0 1
    outer loop
      vertex 111.404 76.3564 99
      vertex 107.175 74.38 99
      vertex 110.585 74.38 99
    endloop
  endfacet
  facet normal 0 0 1
    outer loop
      vertex 113.38 77.175 99
      vertex 104.38 77.175 99
      vertex 111.404 76.3564 99
    endloop
  endfacet
  facet normal 0 0 1
    outer loop
      vertex 111.404 76.3564 99
      vertex 106.356 76.3564 99
      vertex 107.175 74.38 99
    endloop
  endfacet
  facet normal 0 0 1
    outer loop
      vertex 111.404 76.3564 99
      vertex 104.38 77.175 99
      vertex 106.356 76.3564 99
    endloop
  endfacet
  facet normal 0 0 1
    outer loop
      vertex 102.404 67.3564 99
      vertex 98.175 65.38 99
      vertex 101.585 65.38 99
    endloop
  endfacet
  facet normal 0 0 1
    outer loop
      vertex 102.404 63.4036 99
      vertex 97.3564 63.4036 99
      vertex 102.404 58.3564 99
    endloop
  endfacet
  facet normal 0 0 1
    outer loop
      vertex 102.404 54.4036 99
      vertex 97.3564 54.4036 99
      vertex 102.404 49.3564 99
    endloop
  endfacet
  facet normal 0 0 1
    outer loop
      vertex 102.404 49.3564 99
      vertex 98.175 47.38 99
      vertex 101.585 47.38 99
    endloop
  endfacet
  facet normal 0 0 1
    outer loop
      vertex 102.404 40.3564 99
      vertex 98.175 38.38 99
      vertex 101.585 38.38 99
    endloop
  endfacet
  facet normal 0 0 1
    outer loop
      vertex 102.404 36.4036 99
      vertex 97.3564 36.4036 99
      vertex 102.404 31.3564 99
    endloop
  endfacet
  facet normal 0 0 1
    outer loop
      vertex 102.404 72.4036 99
      vertex 97.3564 72.4036 99
      vertex 102.404 67.3564 99
    endloop
  endfacet
  facet normal 0 0 1
    outer loop
      vertex 102.404 76.3564 99
      vertex 98.175 74.38 99
      vertex 101.585 74.38 99
    endloop
  endfacet
  facet normal 0 0 1
    outer loop
      vertex 102.404 76.3564 99
      vertex 97.3564 76.3564 99
      vertex 98.175 74.38 99
    endloop
  endfacet
  facet normal 0 0 1
    outer loop
      vertex 104.38 77.175 99
      vertex 97.3564 76.3564 99
      vertex 102.404 76.3564 99
    endloop
  endfacet
  facet normal 0 0 1
    outer loop
      vertex 95.38 77.175 99
      vertex 104.38 77.175 99
      vertex 127.75 85.75 99
    endloop
  endfacet
  facet normal 0 0 1
    outer loop
      vertex 104.38 77.175 99
      vertex 95.38 77.175 99
      vertex 97.3564 76.3564 99
    endloop
  endfacet
  facet normal 0 0 1
    outer loop
      vertex 93.4036 67.3564 99
      vertex 89.175 65.38 99
      vertex 92.585 65.38 99
    endloop
  endfacet
  facet normal 0 0 1
    outer loop
      vertex 93.4036 63.4036 99
      vertex 88.3564 63.4036 99
      vertex 93.4036 58.3564 99
    endloop
  endfacet
  facet normal 0 0 1
    outer loop
      vertex 93.4036 54.4036 99
      vertex 88.3564 54.4036 99
      vertex 93.4036 49.3564 99
    endloop
  endfacet
  facet normal 0 0 1
    outer loop
      vertex 93.4036 49.3564 99
      vertex 89.175 47.38 99
      vertex 92.585 47.38 99
    endloop
  endfacet
  facet normal 0 0 1
    outer loop
      vertex 93.4036 40.3564 99
      vertex 89.175 38.38 99
      vertex 92.585 38.38 99
    endloop
  endfacet
  facet normal 0 0 1
    outer loop
      vertex 93.4036 36.4036 99
      vertex 88.3564 36.4036 99
      vertex 93.4036 31.3564 99
    endloop
  endfacet
  facet normal 0 0 1
    outer loop
      vertex 93.4036 72.4036 99
      vertex 88.3564 72.4036 99
      vertex 93.4036 67.3564 99
    endloop
  endfacet
  facet normal 0 0 1
    outer loop
      vertex 93.4036 76.3564 99
      vertex 89.175 74.38 99
      vertex 92.585 74.38 99
    endloop
  endfacet
  facet normal 0 0 1
    outer loop
      vertex 93.4036 76.3564 99
      vertex 88.3564 76.3564 99
      vertex 89.175 74.38 99
    endloop
  endfacet
  facet normal 0 0 1
    outer loop
      vertex 95.38 77.175 99
      vertex 88.3564 76.3564 99
      vertex 93.4036 76.3564 99
    endloop
  endfacet
  facet normal 0 0 1
    outer loop
      vertex 86.38 77.175 99
      vertex 95.38 77.175 99
      vertex 127.75 85.75 99
    endloop
  endfacet
  facet normal 0 0 1
    outer loop
      vertex 95.38 77.175 99
      vertex 86.38 77.175 99
      vertex 88.3564 76.3564 99
    endloop
  endfacet
  facet normal 0 0 1
    outer loop
      vertex 84.4036 67.3564 99
      vertex 80.175 65.38 99
      vertex 83.585 65.38 99
    endloop
  endfacet
  facet normal 0 0 1
    outer loop
      vertex 84.4036 63.4036 99
      vertex 79.3564 63.4036 99
      vertex 84.4036 58.3564 99
    endloop
  endfacet
  facet normal 0 0 1
    outer loop
      vertex 84.4036 54.4036 99
      vertex 79.3564 54.4036 99
      vertex 84.4036 49.3564 99
    endloop
  endfacet
  facet normal 0 0 1
    outer loop
      vertex 84.4036 49.3564 99
      vertex 80.175 47.38 99
      vertex 83.585 47.38 99
    endloop
  endfacet
  facet normal 0 0 1
    outer loop
      vertex 84.4036 40.3564 99
      vertex 80.175 38.38 99
      vertex 83.585 38.38 99
    endloop
  endfacet
  facet normal 0 0 1
    outer loop
      vertex 84.4036 36.4036 99
      vertex 79.3564 36.4036 99
      vertex 84.4036 31.3564 99
    endloop
  endfacet
  facet normal 0 0 1
    outer loop
      vertex 84.4036 72.4036 99
      vertex 79.3564 72.4036 99
      vertex 84.4036 67.3564 99
    endloop
  endfacet
  facet normal 0 0 1
    outer loop
      vertex 84.4036 76.3564 99
      vertex 80.175 74.38 99
      vertex 83.585 74.38 99
    endloop
  endfacet
  facet normal 0 0 1
    outer loop
      vertex 84.4036 76.3564 99
      vertex 79.3564 76.3564 99
      vertex 80.175 74.38 99
    endloop
  endfacet
  facet normal 0 0 1
    outer loop
      vertex 86.38 77.175 99
      vertex 79.3564 76.3564 99
      vertex 84.4036 76.3564 99
    endloop
  endfacet
  facet normal 0 0 1
    outer loop
      vertex 77.38 77.175 99
      vertex 86.38 77.175 99
      vertex 127.75 85.75 99
    endloop
  endfacet
  facet normal 0 0 1
    outer loop
      vertex 86.38 77.175 99
      vertex 77.38 77.175 99
      vertex 79.3564 76.3564 99
    endloop
  endfacet
  facet normal 0 0 1
    outer loop
      vertex 75.4036 67.3564 99
      vertex 71.175 65.38 99
      vertex 74.585 65.38 99
    endloop
  endfacet
  facet normal 0 0 1
    outer loop
      vertex 75.4036 63.4036 99
      vertex 70.3564 63.4036 99
      vertex 75.4036 58.3564 99
    endloop
  endfacet
  facet normal 0 0 1
    outer loop
      vertex 75.4036 54.4036 99
      vertex 70.3564 54.4036 99
      vertex 75.4036 49.3564 99
    endloop
  endfacet
  facet normal 0 0 1
    outer loop
      vertex 75.4036 49.3564 99
      vertex 71.175 47.38 99
      vertex 74.585 47.38 99
    endloop
  endfacet
  facet normal 0 0 1
    outer loop
      vertex 75.4036 40.3564 99
      vertex 71.175 38.38 99
      vertex 74.585 38.38 99
    endloop
  endfacet
  facet normal 0 0 1
    outer loop
      vertex 75.4036 36.4036 99
      vertex 70.3564 36.4036 99
      vertex 75.4036 31.3564 99
    endloop
  endfacet
  facet normal 0 0 1
    outer loop
      vertex 75.4036 72.4036 99
      vertex 70.3564 72.4036 99
      vertex 75.4036 67.3564 99
    endloop
  endfacet
  facet normal 0 0 1
    outer loop
      vertex 75.4036 76.3564 99
      vertex 71.175 74.38 99
      vertex 74.585 74.38 99
    endloop
  endfacet
  facet normal 0 0 1
    outer loop
      vertex 75.4036 76.3564 99
      vertex 70.3564 76.3564 99
      vertex 71.175 74.38 99
    endloop
  endfacet
  facet normal 0 0 1
    outer loop
      vertex 77.38 77.175 99
      vertex 70.3564 76.3564 99
      vertex 75.4036 76.3564 99
    endloop
  endfacet
  facet normal 0 0 1
    outer loop
      vertex 68.38 77.175 99
      vertex 77.38 77.175 99
      vertex 127.75 85.75 99
    endloop
  endfacet
  facet normal 0 0 1
    outer loop
      vertex 77.38 77.175 99
      vertex 68.38 77.175 99
      vertex 70.3564 76.3564 99
    endloop
  endfacet
  facet normal 0 0 1
    outer loop
      vertex 66.4036 67.3564 99
      vertex 62.175 65.38 99
      vertex 65.585 65.38 99
    endloop
  endfacet
  facet normal 0 0 1
    outer loop
      vertex 66.4036 63.4036 99
      vertex 61.3564 63.4036 99
      vertex 66.4036 58.3564 99
    endloop
  endfacet
  facet normal 0 0 1
    outer loop
      vertex 66.4036 54.4036 99
      vertex 61.3564 54.4036 99
      vertex 66.4036 49.3564 99
    endloop
  endfacet
  facet normal 0 0 1
    outer loop
      vertex 66.4036 49.3564 99
      vertex 62.175 47.38 99
      vertex 65.585 47.38 99
    endloop
  endfacet
  facet normal 0 0 1
    outer loop
      vertex 66.4036 40.3564 99
      vertex 62.175 38.38 99
      vertex 65.585 38.38 99
    endloop
  endfacet
  facet normal 0 0 1
    outer loop
      vertex 66.4036 36.4036 99
      vertex 61.3564 36.4036 99
      vertex 66.4036 31.3564 99
    endloop
  endfacet
  facet normal 0 0 1
    outer loop
      vertex 66.4036 72.4036 99
      vertex 61.3564 72.4036 99
      vertex 66.4036 67.3564 99
    endloop
  endfacet
  facet normal 0 0 1
    outer loop
      vertex 66.4036 76.3564 99
      vertex 62.175 74.38 99
      vertex 65.585 74.38 99
    endloop
  endfacet
  facet normal 0 0 1
    outer loop
      vertex 66.4036 76.3564 99
      vertex 61.3564 76.3564 99
      vertex 62.175 74.38 99
    endloop
  endfacet
  facet normal 0 0 1
    outer loop
      vertex 68.38 77.175 99
      vertex 61.3564 76.3564 99
      vertex 66.4036 76.3564 99
    endloop
  endfacet
  facet normal 0 0 1
    outer loop
      vertex 59.38 77.175 99
      vertex 68.38 77.175 99
      vertex 127.75 85.75 99
    endloop
  endfacet
  facet normal 0 0 1
    outer loop
      vertex 68.38 77.175 99
      vertex 59.38 77.175 99
      vertex 61.3564 76.3564 99
    endloop
  endfacet
  facet normal 0 0 1
    outer loop
      vertex 57.4036 67.3564 99
      vertex 53.175 65.38 99
      vertex 56.585 65.38 99
    endloop
  endfacet
  facet normal 0 0 1
    outer loop
      vertex 57.4036 63.4036 99
      vertex 52.3564 63.4036 99
      vertex 57.4036 58.3564 99
    endloop
  endfacet
  facet normal 0 0 1
    outer loop
      vertex 57.4036 54.4036 99
      vertex 52.3564 54.4036 99
      vertex 57.4036 49.3564 99
    endloop
  endfacet
  facet normal 0 0 1
    outer loop
      vertex 57.4036 49.3564 99
      vertex 53.175 47.38 99
      vertex 56.585 47.38 99
    endloop
  endfacet
  facet normal 0 0 1
    outer loop
      vertex 57.4036 40.3564 99
      vertex 53.175 38.38 99
      vertex 56.585 38.38 99
    endloop
  endfacet
  facet normal 0 0 1
    outer loop
      vertex 57.4036 36.4036 99
      vertex 52.3564 36.4036 99
      vertex 57.4036 31.3564 99
    endloop
  endfacet
  facet normal 0 0 1
    outer loop
      vertex 57.4036 72.4036 99
      vertex 52.3564 72.4036 99
      vertex 57.4036 67.3564 99
    endloop
  endfacet
  facet normal 0 0 1
    outer loop
      vertex 57.4036 76.3564 99
      vertex 53.175 74.38 99
      vertex 56.585 74.38 99
    endloop
  endfacet
  facet normal 0 0 1
    outer loop
      vertex 57.4036 76.3564 99
      vertex 52.3564 76.3564 99
      vertex 53.175 74.38 99
    endloop
  endfacet
  facet normal 0 0 1
    outer loop
      vertex 59.38 77.175 99
      vertex 52.3564 76.3564 99
      vertex 57.4036 76.3564 99
    endloop
  endfacet
  facet normal -0 0 1
    outer loop
      vertex 0 85.75 99
      vertex 59.38 77.175 99
      vertex 127.75 85.75 99
    endloop
  endfacet
  facet normal 0 0 1
    outer loop
      vertex 59.38 77.175 99
      vertex 50.38 77.175 99
      vertex 52.3564 76.3564 99
    endloop
  endfacet
  facet normal 0 0 1
    outer loop
      vertex 48.4036 67.3564 99
      vertex 44.175 65.38 99
      vertex 47.585 65.38 99
    endloop
  endfacet
  facet normal 0 0 1
    outer loop
      vertex 48.4036 63.4036 99
      vertex 43.3564 63.4036 99
      vertex 48.4036 58.3564 99
    endloop
  endfacet
  facet normal 0 0 1
    outer loop
      vertex 48.4036 54.4036 99
      vertex 43.3564 54.4036 99
      vertex 48.4036 49.3564 99
    endloop
  endfacet
  facet normal 0 0 1
    outer loop
      vertex 48.4036 49.3564 99
      vertex 44.175 47.38 99
      vertex 47.585 47.38 99
    endloop
  endfacet
  facet normal 0 0 1
    outer loop
      vertex 48.4036 40.3564 99
      vertex 44.175 38.38 99
      vertex 47.585 38.38 99
    endloop
  endfacet
  facet normal 0 0 1
    outer loop
      vertex 48.4036 36.4036 99
      vertex 43.3564 36.4036 99
      vertex 48.4036 31.3564 99
    endloop
  endfacet
  facet normal 0 0 1
    outer loop
      vertex 48.4036 72.4036 99
      vertex 43.3564 72.4036 99
      vertex 48.4036 67.3564 99
    endloop
  endfacet
  facet normal 0 0 1
    outer loop
      vertex 48.4036 76.3564 99
      vertex 44.175 74.38 99
      vertex 47.585 74.38 99
    endloop
  endfacet
  facet normal 0 0 1
    outer loop
      vertex 48.4036 76.3564 99
      vertex 43.3564 76.3564 99
      vertex 44.175 74.38 99
    endloop
  endfacet
  facet normal 0 0 1
    outer loop
      vertex 50.38 77.175 99
      vertex 43.3564 76.3564 99
      vertex 48.4036 76.3564 99
    endloop
  endfacet
  facet normal 0 0 1
    outer loop
      vertex 50.38 77.175 99
      vertex 41.38 77.175 99
      vertex 43.3564 76.3564 99
    endloop
  endfacet
  facet normal 0 0 1
    outer loop
      vertex 59.38 77.175 99
      vertex 0 85.75 99
      vertex 50.38 77.175 99
    endloop
  endfacet
  facet normal 0 0 1
    outer loop
      vertex 39.4036 67.3564 99
      vertex 35.175 65.38 99
      vertex 38.585 65.38 99
    endloop
  endfacet
  facet normal 0 0 1
    outer loop
      vertex 39.4036 63.4036 99
      vertex 34.3564 63.4036 99
      vertex 39.4036 58.3564 99
    endloop
  endfacet
  facet normal 0 0 1
    outer loop
      vertex 39.4036 54.4036 99
      vertex 34.3564 54.4036 99
      vertex 39.4036 49.3564 99
    endloop
  endfacet
  facet normal 0 0 1
    outer loop
      vertex 39.4036 49.3564 99
      vertex 35.175 47.38 99
      vertex 38.585 47.38 99
    endloop
  endfacet
  facet normal 0 0 1
    outer loop
      vertex 39.4036 40.3564 99
      vertex 35.175 38.38 99
      vertex 38.585 38.38 99
    endloop
  endfacet
  facet normal 0 0 1
    outer loop
      vertex 39.4036 36.4036 99
      vertex 34.3564 36.4036 99
      vertex 39.4036 31.3564 99
    endloop
  endfacet
  facet normal 0 0 1
    outer loop
      vertex 39.4036 72.4036 99
      vertex 34.3564 72.4036 99
      vertex 39.4036 67.3564 99
    endloop
  endfacet
  facet normal 0 0 1
    outer loop
      vertex 39.4036 76.3564 99
      vertex 35.175 74.38 99
      vertex 38.585 74.38 99
    endloop
  endfacet
  facet normal 0 0 1
    outer loop
      vertex 39.4036 76.3564 99
      vertex 34.3564 76.3564 99
      vertex 35.175 74.38 99
    endloop
  endfacet
  facet normal 0 0 1
    outer loop
      vertex 41.38 77.175 99
      vertex 34.3564 76.3564 99
      vertex 39.4036 76.3564 99
    endloop
  endfacet
  facet normal 0 0 1
    outer loop
      vertex 41.38 77.175 99
      vertex 32.38 77.175 99
      vertex 34.3564 76.3564 99
    endloop
  endfacet
  facet normal 0 0 1
    outer loop
      vertex 50.38 77.175 99
      vertex 0 85.75 99
      vertex 41.38 77.175 99
    endloop
  endfacet
  facet normal 0 0 1
    outer loop
      vertex 30.4036 67.3564 99
      vertex 26.175 65.38 99
      vertex 29.585 65.38 99
    endloop
  endfacet
  facet normal 0 0 1
    outer loop
      vertex 30.4036 63.4036 99
      vertex 25.3564 63.4036 99
      vertex 30.4036 58.3564 99
    endloop
  endfacet
  facet normal 0 0 1
    outer loop
      vertex 30.4036 54.4036 99
      vertex 25.3564 54.4036 99
      vertex 30.4036 49.3564 99
    endloop
  endfacet
  facet normal 0 0 1
    outer loop
      vertex 30.4036 49.3564 99
      vertex 26.175 47.38 99
      vertex 29.585 47.38 99
    endloop
  endfacet
  facet normal 0 0 1
    outer loop
      vertex 30.4036 40.3564 99
      vertex 26.175 38.38 99
      vertex 29.585 38.38 99
    endloop
  endfacet
  facet normal 0 0 1
    outer loop
      vertex 30.4036 36.4036 99
      vertex 25.3564 36.4036 99
      vertex 30.4036 31.3564 99
    endloop
  endfacet
  facet normal 0 0 1
    outer loop
      vertex 30.4036 72.4036 99
      vertex 25.3564 72.4036 99
      vertex 30.4036 67.3564 99
    endloop
  endfacet
  facet normal 0 0 1
    outer loop
      vertex 30.4036 76.3564 99
      vertex 26.175 74.38 99
      vertex 29.585 74.38 99
    endloop
  endfacet
  facet normal 0 0 1
    outer loop
      vertex 30.4036 76.3564 99
      vertex 25.3564 76.3564 99
      vertex 26.175 74.38 99
    endloop
  endfacet
  facet normal 0 0 1
    outer loop
      vertex 32.38 77.175 99
      vertex 25.3564 76.3564 99
      vertex 30.4036 76.3564 99
    endloop
  endfacet
  facet normal 0 0 1
    outer loop
      vertex 32.38 77.175 99
      vertex 23.38 77.175 99
      vertex 25.3564 76.3564 99
    endloop
  endfacet
  facet normal 0 0 1
    outer loop
      vertex 41.38 77.175 99
      vertex 0 85.75 99
      vertex 32.38 77.175 99
    endloop
  endfacet
  facet normal 0 0 1
    outer loop
      vertex 21.4036 67.3564 99
      vertex 17.175 65.38 99
      vertex 20.585 65.38 99
    endloop
  endfacet
  facet normal 0 0 1
    outer loop
      vertex 21.4036 63.4036 99
      vertex 16.3564 63.4036 99
      vertex 21.4036 58.3564 99
    endloop
  endfacet
  facet normal 0 0 1
    outer loop
      vertex 21.4036 54.4036 99
      vertex 16.3564 54.4036 99
      vertex 21.4036 49.3564 99
    endloop
  endfacet
  facet normal 0 0 1
    outer loop
      vertex 21.4036 49.3564 99
      vertex 17.175 47.38 99
      vertex 20.585 47.38 99
    endloop
  endfacet
  facet normal 0 0 1
    outer loop
      vertex 21.4036 40.3564 99
      vertex 17.175 38.38 99
      vertex 20.585 38.38 99
    endloop
  endfacet
  facet normal 0 0 1
    outer loop
      vertex 21.4036 36.4036 99
      vertex 16.3564 36.4036 99
      vertex 21.4036 31.3564 99
    endloop
  endfacet
  facet normal 0 0 1
    outer loop
      vertex 21.4036 72.4036 99
      vertex 16.3564 72.4036 99
      vertex 21.4036 67.3564 99
    endloop
  endfacet
  facet normal 0 0 1
    outer loop
      vertex 21.4036 76.3564 99
      vertex 17.175 74.38 99
      vertex 20.585 74.38 99
    endloop
  endfacet
  facet normal 0 0 1
    outer loop
      vertex 21.4036 76.3564 99
      vertex 16.3564 76.3564 99
      vertex 17.175 74.38 99
    endloop
  endfacet
  facet normal 0 0 1
    outer loop
      vertex 23.38 77.175 99
      vertex 16.3564 76.3564 99
      vertex 21.4036 76.3564 99
    endloop
  endfacet
  facet normal 0 0 1
    outer loop
      vertex 23.38 77.175 99
      vertex 14.38 77.175 99
      vertex 16.3564 76.3564 99
    endloop
  endfacet
  facet normal 0 0 1
    outer loop
      vertex 32.38 77.175 99
      vertex 0 85.75 99
      vertex 23.38 77.175 99
    endloop
  endfacet
  facet normal 0 0 1
    outer loop
      vertex 0 85.75 99
      vertex 11.585 65.38 99
      vertex 11.585 74.38 99
    endloop
  endfacet
  facet normal 0 0 1
    outer loop
      vertex 11.585 65.38 99
      vertex 0 85.75 99
      vertex 11.585 56.38 99
    endloop
  endfacet
  facet normal 0 0 1
    outer loop
      vertex 11.585 56.38 99
      vertex 0 85.75 99
      vertex 11.585 47.38 99
    endloop
  endfacet
  facet normal 0 0 1
    outer loop
      vertex 11.585 47.38 99
      vertex 0 85.75 99
      vertex 11.585 38.38 99
    endloop
  endfacet
  facet normal 0 0 1
    outer loop
      vertex 0 0 99
      vertex 11.585 38.38 99
      vertex 0 85.75 99
    endloop
  endfacet
  facet normal 0 0 1
    outer loop
      vertex 11.585 38.38 99
      vertex 0 0 99
      vertex 11.585 29.38 99
    endloop
  endfacet
  facet normal 0 0 1
    outer loop
      vertex 11.585 29.38 99
      vertex 0 0 99
      vertex 11.585 20.38 99
    endloop
  endfacet
  facet normal 0 0 1
    outer loop
      vertex 12.4036 76.3564 99
      vertex 0 85.75 99
      vertex 11.585 74.38 99
    endloop
  endfacet
  facet normal 0 0 1
    outer loop
      vertex 14.38 77.175 99
      vertex 0 85.75 99
      vertex 12.4036 76.3564 99
    endloop
  endfacet
  facet normal 0 0 1
    outer loop
      vertex 23.38 77.175 99
      vertex 0 85.75 99
      vertex 14.38 77.175 99
    endloop
  endfacet
  facet normal 0 0 1
    outer loop
      vertex 116.175 56.38 99
      vertex 127.75 85.75 99
      vertex 116.175 65.38 99
    endloop
  endfacet
  facet normal 0 0 1
    outer loop
      vertex 116.175 47.38 99
      vertex 127.75 85.75 99
      vertex 116.175 56.38 99
    endloop
  endfacet
  facet normal 0 0 1
    outer loop
      vertex 127.75 85.75 99
      vertex 116.175 47.38 99
      vertex 127.75 0 99
    endloop
  endfacet
  facet normal -0 0 1
    outer loop
      vertex 116.175 38.38 99
      vertex 127.75 0 99
      vertex 116.175 47.38 99
    endloop
  endfacet
  facet normal -0 0 1
    outer loop
      vertex 116.175 29.38 99
      vertex 127.75 0 99
      vertex 116.175 38.38 99
    endloop
  endfacet
  facet normal -0 0 1
    outer loop
      vertex 116.175 20.38 99
      vertex 127.75 0 99
      vertex 116.175 29.38 99
    endloop
  endfacet
  facet normal -0 0 1
    outer loop
      vertex 116.175 11.38 99
      vertex 127.75 0 99
      vertex 116.175 20.38 99
    endloop
  endfacet
  facet normal -0 0 1
    outer loop
      vertex 115.356 9.40364 99
      vertex 127.75 0 99
      vertex 116.175 11.38 99
    endloop
  endfacet
  facet normal -0 0 1
    outer loop
      vertex 113.38 8.585 99
      vertex 127.75 0 99
      vertex 115.356 9.40364 99
    endloop
  endfacet
  facet normal 0 0 1
    outer loop
      vertex 104.38 8.585 99
      vertex 113.38 8.585 99
      vertex 111.404 9.40364 99
    endloop
  endfacet
  facet normal 0 0 1
    outer loop
      vertex 111.404 58.3564 99
      vertex 107.175 56.38 99
      vertex 110.585 56.38 99
    endloop
  endfacet
  facet normal 0 0 1
    outer loop
      vertex 111.404 45.4036 99
      vertex 106.356 45.4036 99
      vertex 111.404 40.3564 99
    endloop
  endfacet
  facet normal 0 0 1
    outer loop
      vertex 111.404 31.3564 99
      vertex 107.175 29.38 99
      vertex 110.585 29.38 99
    endloop
  endfacet
  facet normal 0 0 1
    outer loop
      vertex 111.404 27.4036 99
      vertex 106.356 27.4036 99
      vertex 111.404 22.3564 99
    endloop
  endfacet
  facet normal 0 0 1
    outer loop
      vertex 111.404 22.3564 99
      vertex 107.175 20.38 99
      vertex 110.585 20.38 99
    endloop
  endfacet
  facet normal 0 0 1
    outer loop
      vertex 111.404 18.4036 99
      vertex 106.356 18.4036 99
      vertex 111.404 13.3564 99
    endloop
  endfacet
  facet normal 0 0 1
    outer loop
      vertex 111.404 13.3564 99
      vertex 107.175 11.38 99
      vertex 110.585 11.38 99
    endloop
  endfacet
  facet normal -0 0 1
    outer loop
      vertex 107.175 11.38 99
      vertex 111.404 9.40364 99
      vertex 110.585 11.38 99
    endloop
  endfacet
  facet normal 0 0 1
    outer loop
      vertex 106.356 9.40364 99
      vertex 111.404 9.40364 99
      vertex 107.175 11.38 99
    endloop
  endfacet
  facet normal 0 0 1
    outer loop
      vertex 104.38 8.585 99
      vertex 111.404 9.40364 99
      vertex 106.356 9.40364 99
    endloop
  endfacet
  facet normal 0 0 1
    outer loop
      vertex 113.38 8.585 99
      vertex 104.38 8.585 99
      vertex 127.75 0 99
    endloop
  endfacet
  facet normal 0 0 1
    outer loop
      vertex 102.404 58.3564 99
      vertex 98.175 56.38 99
      vertex 101.585 56.38 99
    endloop
  endfacet
  facet normal 0 0 1
    outer loop
      vertex 102.404 45.4036 99
      vertex 97.3564 45.4036 99
      vertex 102.404 40.3564 99
    endloop
  endfacet
  facet normal 0 0 1
    outer loop
      vertex 102.404 31.3564 99
      vertex 98.175 29.38 99
      vertex 101.585 29.38 99
    endloop
  endfacet
  facet normal 0 0 1
    outer loop
      vertex 102.404 27.4036 99
      vertex 97.3564 27.4036 99
      vertex 102.404 22.3564 99
    endloop
  endfacet
  facet normal 0 0 1
    outer loop
      vertex 102.404 22.3564 99
      vertex 98.175 20.38 99
      vertex 101.585 20.38 99
    endloop
  endfacet
  facet normal 0 0 1
    outer loop
      vertex 102.404 18.4036 99
      vertex 97.3564 18.4036 99
      vertex 102.404 13.3564 99
    endloop
  endfacet
  facet normal 0 0 1
    outer loop
      vertex 102.404 13.3564 99
      vertex 98.175 11.38 99
      vertex 101.585 11.38 99
    endloop
  endfacet
  facet normal -0 0 1
    outer loop
      vertex 98.175 11.38 99
      vertex 102.404 9.40364 99
      vertex 101.585 11.38 99
    endloop
  endfacet
  facet normal 0 0 1
    outer loop
      vertex 97.3564 9.40364 99
      vertex 102.404 9.40364 99
      vertex 98.175 11.38 99
    endloop
  endfacet
  facet normal -0 0 1
    outer loop
      vertex 97.3564 9.40364 99
      vertex 104.38 8.585 99
      vertex 102.404 9.40364 99
    endloop
  endfacet
  facet normal 0 0 1
    outer loop
      vertex 95.38 8.585 99
      vertex 104.38 8.585 99
      vertex 97.3564 9.40364 99
    endloop
  endfacet
  facet normal 0 0 1
    outer loop
      vertex 104.38 8.585 99
      vertex 95.38 8.585 99
      vertex 127.75 0 99
    endloop
  endfacet
  facet normal 0 0 1
    outer loop
      vertex 93.4036 58.3564 99
      vertex 89.175 56.38 99
      vertex 92.585 56.38 99
    endloop
  endfacet
  facet normal 0 0 1
    outer loop
      vertex 93.4036 45.4036 99
      vertex 88.3564 45.4036 99
      vertex 93.4036 40.3564 99
    endloop
  endfacet
  facet normal 0 0 1
    outer loop
      vertex 93.4036 31.3564 99
      vertex 89.175 29.38 99
      vertex 92.585 29.38 99
    endloop
  endfacet
  facet normal 0 0 1
    outer loop
      vertex 93.4036 27.4036 99
      vertex 88.3564 27.4036 99
      vertex 93.4036 22.3564 99
    endloop
  endfacet
  facet normal 0 0 1
    outer loop
      vertex 93.4036 22.3564 99
      vertex 89.175 20.38 99
      vertex 92.585 20.38 99
    endloop
  endfacet
  facet normal 0 0 1
    outer loop
      vertex 93.4036 18.4036 99
      vertex 88.3564 18.4036 99
      vertex 93.4036 13.3564 99
    endloop
  endfacet
  facet normal 0 0 1
    outer loop
      vertex 93.4036 13.3564 99
      vertex 89.175 11.38 99
      vertex 92.585 11.38 99
    endloop
  endfacet
  facet normal -0 0 1
    outer loop
      vertex 89.175 11.38 99
      vertex 93.4036 9.40364 99
      vertex 92.585 11.38 99
    endloop
  endfacet
  facet normal 0 0 1
    outer loop
      vertex 88.3564 9.40364 99
      vertex 93.4036 9.40364 99
      vertex 89.175 11.38 99
    endloop
  endfacet
  facet normal -0 0 1
    outer loop
      vertex 88.3564 9.40364 99
      vertex 95.38 8.585 99
      vertex 93.4036 9.40364 99
    endloop
  endfacet
  facet normal 0 0 1
    outer loop
      vertex 86.38 8.585 99
      vertex 95.38 8.585 99
      vertex 88.3564 9.40364 99
    endloop
  endfacet
  facet normal 0 0 1
    outer loop
      vertex 95.38 8.585 99
      vertex 86.38 8.585 99
      vertex 127.75 0 99
    endloop
  endfacet
  facet normal 0 0 1
    outer loop
      vertex 84.4036 58.3564 99
      vertex 80.175 56.38 99
      vertex 83.585 56.38 99
    endloop
  endfacet
  facet normal 0 0 1
    outer loop
      vertex 84.4036 45.4036 99
      vertex 79.3564 45.4036 99
      vertex 84.4036 40.3564 99
    endloop
  endfacet
  facet normal 0 0 1
    outer loop
      vertex 84.4036 31.3564 99
      vertex 80.175 29.38 99
      vertex 83.585 29.38 99
    endloop
  endfacet
  facet normal 0 0 1
    outer loop
      vertex 84.4036 27.4036 99
      vertex 79.3564 27.4036 99
      vertex 84.4036 22.3564 99
    endloop
  endfacet
  facet normal 0 0 1
    outer loop
      vertex 84.4036 22.3564 99
      vertex 80.175 20.38 99
      vertex 83.585 20.38 99
    endloop
  endfacet
  facet normal 0 0 1
    outer loop
      vertex 84.4036 18.4036 99
      vertex 79.3564 18.4036 99
      vertex 84.4036 13.3564 99
    endloop
  endfacet
  facet normal 0 0 1
    outer loop
      vertex 84.4036 13.3564 99
      vertex 80.175 11.38 99
      vertex 83.585 11.38 99
    endloop
  endfacet
  facet normal -0 0 1
    outer loop
      vertex 80.175 11.38 99
      vertex 84.4036 9.40364 99
      vertex 83.585 11.38 99
    endloop
  endfacet
  facet normal 0 0 1
    outer loop
      vertex 79.3564 9.40364 99
      vertex 84.4036 9.40364 99
      vertex 80.175 11.38 99
    endloop
  endfacet
  facet normal -0 0 1
    outer loop
      vertex 79.3564 9.40364 99
      vertex 86.38 8.585 99
      vertex 84.4036 9.40364 99
    endloop
  endfacet
  facet normal 0 0 1
    outer loop
      vertex 77.38 8.585 99
      vertex 86.38 8.585 99
      vertex 79.3564 9.40364 99
    endloop
  endfacet
  facet normal 0 0 1
    outer loop
      vertex 86.38 8.585 99
      vertex 77.38 8.585 99
      vertex 127.75 0 99
    endloop
  endfacet
  facet normal 0 0 1
    outer loop
      vertex 75.4036 58.3564 99
      vertex 71.175 56.38 99
      vertex 74.585 56.38 99
    endloop
  endfacet
  facet normal 0 0 1
    outer loop
      vertex 75.4036 45.4036 99
      vertex 70.3564 45.4036 99
      vertex 75.4036 40.3564 99
    endloop
  endfacet
  facet normal 0 0 1
    outer loop
      vertex 75.4036 31.3564 99
      vertex 71.175 29.38 99
      vertex 74.585 29.38 99
    endloop
  endfacet
  facet normal 0 0 1
    outer loop
      vertex 75.4036 27.4036 99
      vertex 70.3564 27.4036 99
      vertex 75.4036 22.3564 99
    endloop
  endfacet
  facet normal 0 0 1
    outer loop
      vertex 75.4036 22.3564 99
      vertex 71.175 20.38 99
      vertex 74.585 20.38 99
    endloop
  endfacet
  facet normal 0 0 1
    outer loop
      vertex 75.4036 18.4036 99
      vertex 70.3564 18.4036 99
      vertex 75.4036 13.3564 99
    endloop
  endfacet
  facet normal 0 0 1
    outer loop
      vertex 75.4036 13.3564 99
      vertex 71.175 11.38 99
      vertex 74.585 11.38 99
    endloop
  endfacet
  facet normal -0 0 1
    outer loop
      vertex 71.175 11.38 99
      vertex 75.4036 9.40364 99
      vertex 74.585 11.38 99
    endloop
  endfacet
  facet normal 0 0 1
    outer loop
      vertex 70.3564 9.40364 99
      vertex 75.4036 9.40364 99
      vertex 71.175 11.38 99
    endloop
  endfacet
  facet normal -0 0 1
    outer loop
      vertex 70.3564 9.40364 99
      vertex 77.38 8.585 99
      vertex 75.4036 9.40364 99
    endloop
  endfacet
  facet normal 0 0 1
    outer loop
      vertex 68.38 8.585 99
      vertex 77.38 8.585 99
      vertex 70.3564 9.40364 99
    endloop
  endfacet
  facet normal 0 0 1
    outer loop
      vertex 77.38 8.585 99
      vertex 68.38 8.585 99
      vertex 127.75 0 99
    endloop
  endfacet
  facet normal 0 0 1
    outer loop
      vertex 66.4036 58.3564 99
      vertex 62.175 56.38 99
      vertex 65.585 56.38 99
    endloop
  endfacet
  facet normal 0 0 1
    outer loop
      vertex 66.4036 45.4036 99
      vertex 61.3564 45.4036 99
      vertex 66.4036 40.3564 99
    endloop
  endfacet
  facet normal 0 0 1
    outer loop
      vertex 66.4036 31.3564 99
      vertex 62.175 29.38 99
      vertex 65.585 29.38 99
    endloop
  endfacet
  facet normal 0 0 1
    outer loop
      vertex 66.4036 27.4036 99
      vertex 61.3564 27.4036 99
      vertex 66.4036 22.3564 99
    endloop
  endfacet
  facet normal 0 0 1
    outer loop
      vertex 66.4036 22.3564 99
      vertex 62.175 20.38 99
      vertex 65.585 20.38 99
    endloop
  endfacet
  facet normal 0 0 1
    outer loop
      vertex 66.4036 18.4036 99
      vertex 61.3564 18.4036 99
      vertex 66.4036 13.3564 99
    endloop
  endfacet
  facet normal 0 0 1
    outer loop
      vertex 66.4036 13.3564 99
      vertex 62.175 11.38 99
      vertex 65.585 11.38 99
    endloop
  endfacet
  facet normal -0 0 1
    outer loop
      vertex 62.175 11.38 99
      vertex 66.4036 9.40364 99
      vertex 65.585 11.38 99
    endloop
  endfacet
  facet normal 0 0 1
    outer loop
      vertex 61.3564 9.40364 99
      vertex 66.4036 9.40364 99
      vertex 62.175 11.38 99
    endloop
  endfacet
  facet normal -0 0 1
    outer loop
      vertex 61.3564 9.40364 99
      vertex 68.38 8.585 99
      vertex 66.4036 9.40364 99
    endloop
  endfacet
  facet normal 0 0 1
    outer loop
      vertex 59.38 8.585 99
      vertex 68.38 8.585 99
      vertex 61.3564 9.40364 99
    endloop
  endfacet
  facet normal 0 0 1
    outer loop
      vertex 68.38 8.585 99
      vertex 59.38 8.585 99
      vertex 127.75 0 99
    endloop
  endfacet
  facet normal 0 0 1
    outer loop
      vertex 57.4036 58.3564 99
      vertex 53.175 56.38 99
      vertex 56.585 56.38 99
    endloop
  endfacet
  facet normal 0 0 1
    outer loop
      vertex 57.4036 45.4036 99
      vertex 52.3564 45.4036 99
      vertex 57.4036 40.3564 99
    endloop
  endfacet
  facet normal 0 0 1
    outer loop
      vertex 57.4036 31.3564 99
      vertex 53.175 29.38 99
      vertex 56.585 29.38 99
    endloop
  endfacet
  facet normal 0 0 1
    outer loop
      vertex 57.4036 27.4036 99
      vertex 52.3564 27.4036 99
      vertex 57.4036 22.3564 99
    endloop
  endfacet
  facet normal 0 0 1
    outer loop
      vertex 57.4036 22.3564 99
      vertex 53.175 20.38 99
      vertex 56.585 20.38 99
    endloop
  endfacet
  facet normal 0 0 1
    outer loop
      vertex 57.4036 18.4036 99
      vertex 52.3564 18.4036 99
      vertex 57.4036 13.3564 99
    endloop
  endfacet
  facet normal 0 0 1
    outer loop
      vertex 57.4036 13.3564 99
      vertex 53.175 11.38 99
      vertex 56.585 11.38 99
    endloop
  endfacet
  facet normal -0 0 1
    outer loop
      vertex 53.175 11.38 99
      vertex 57.4036 9.40364 99
      vertex 56.585 11.38 99
    endloop
  endfacet
  facet normal 0 0 1
    outer loop
      vertex 52.3564 9.40364 99
      vertex 57.4036 9.40364 99
      vertex 53.175 11.38 99
    endloop
  endfacet
  facet normal -0 0 1
    outer loop
      vertex 52.3564 9.40364 99
      vertex 59.38 8.585 99
      vertex 57.4036 9.40364 99
    endloop
  endfacet
  facet normal 0 0 1
    outer loop
      vertex 50.38 8.585 99
      vertex 59.38 8.585 99
      vertex 52.3564 9.40364 99
    endloop
  endfacet
  facet normal 0 0 1
    outer loop
      vertex 0 0 99
      vertex 59.38 8.585 99
      vertex 50.38 8.585 99
    endloop
  endfacet
  facet normal 0 0 1
    outer loop
      vertex 48.4036 58.3564 99
      vertex 44.175 56.38 99
      vertex 47.585 56.38 99
    endloop
  endfacet
  facet normal 0 0 1
    outer loop
      vertex 48.4036 45.4036 99
      vertex 43.3564 45.4036 99
      vertex 48.4036 40.3564 99
    endloop
  endfacet
  facet normal 0 0 1
    outer loop
      vertex 48.4036 31.3564 99
      vertex 44.175 29.38 99
      vertex 47.585 29.38 99
    endloop
  endfacet
  facet normal 0 0 1
    outer loop
      vertex 48.4036 27.4036 99
      vertex 43.3564 27.4036 99
      vertex 48.4036 22.3564 99
    endloop
  endfacet
  facet normal 0 0 1
    outer loop
      vertex 48.4036 22.3564 99
      vertex 44.175 20.38 99
      vertex 47.585 20.38 99
    endloop
  endfacet
  facet normal 0 0 1
    outer loop
      vertex 48.4036 18.4036 99
      vertex 43.3564 18.4036 99
      vertex 48.4036 13.3564 99
    endloop
  endfacet
  facet normal 0 0 1
    outer loop
      vertex 48.4036 13.3564 99
      vertex 44.175 11.38 99
      vertex 47.585 11.38 99
    endloop
  endfacet
  facet normal -0 0 1
    outer loop
      vertex 44.175 11.38 99
      vertex 48.4036 9.40364 99
      vertex 47.585 11.38 99
    endloop
  endfacet
  facet normal 0 0 1
    outer loop
      vertex 43.3564 9.40364 99
      vertex 48.4036 9.40364 99
      vertex 44.175 11.38 99
    endloop
  endfacet
  facet normal -0 0 1
    outer loop
      vertex 43.3564 9.40364 99
      vertex 50.38 8.585 99
      vertex 48.4036 9.40364 99
    endloop
  endfacet
  facet normal 0 0 1
    outer loop
      vertex 41.38 8.585 99
      vertex 50.38 8.585 99
      vertex 43.3564 9.40364 99
    endloop
  endfacet
  facet normal 0 0 1
    outer loop
      vertex 0 0 99
      vertex 50.38 8.585 99
      vertex 41.38 8.585 99
    endloop
  endfacet
  facet normal 0 0 1
    outer loop
      vertex 39.4036 58.3564 99
      vertex 35.175 56.38 99
      vertex 38.585 56.38 99
    endloop
  endfacet
  facet normal 0 0 1
    outer loop
      vertex 39.4036 45.4036 99
      vertex 34.3564 45.4036 99
      vertex 39.4036 40.3564 99
    endloop
  endfacet
  facet normal 0 0 1
    outer loop
      vertex 39.4036 31.3564 99
      vertex 35.175 29.38 99
      vertex 38.585 29.38 99
    endloop
  endfacet
  facet normal 0 0 1
    outer loop
      vertex 39.4036 27.4036 99
      vertex 34.3564 27.4036 99
      vertex 39.4036 22.3564 99
    endloop
  endfacet
  facet normal 0 0 1
    outer loop
      vertex 39.4036 22.3564 99
      vertex 35.175 20.38 99
      vertex 38.585 20.38 99
    endloop
  endfacet
  facet normal 0 0 1
    outer loop
      vertex 39.4036 18.4036 99
      vertex 34.3564 18.4036 99
      vertex 39.4036 13.3564 99
    endloop
  endfacet
  facet normal 0 0 1
    outer loop
      vertex 39.4036 13.3564 99
      vertex 35.175 11.38 99
      vertex 38.585 11.38 99
    endloop
  endfacet
  facet normal -0 0 1
    outer loop
      vertex 35.175 11.38 99
      vertex 39.4036 9.40364 99
      vertex 38.585 11.38 99
    endloop
  endfacet
  facet normal 0 0 1
    outer loop
      vertex 34.3564 9.40364 99
      vertex 39.4036 9.40364 99
      vertex 35.175 11.38 99
    endloop
  endfacet
  facet normal -0 0 1
    outer loop
      vertex 34.3564 9.40364 99
      vertex 41.38 8.585 99
      vertex 39.4036 9.40364 99
    endloop
  endfacet
  facet normal 0 0 1
    outer loop
      vertex 32.38 8.585 99
      vertex 41.38 8.585 99
      vertex 34.3564 9.40364 99
    endloop
  endfacet
  facet normal 0 0 1
    outer loop
      vertex 0 0 99
      vertex 41.38 8.585 99
      vertex 32.38 8.585 99
    endloop
  endfacet
  facet normal 0 0 1
    outer loop
      vertex 30.4036 58.3564 99
      vertex 26.175 56.38 99
      vertex 29.585 56.38 99
    endloop
  endfacet
  facet normal 0 0 1
    outer loop
      vertex 30.4036 45.4036 99
      vertex 25.3564 45.4036 99
      vertex 30.4036 40.3564 99
    endloop
  endfacet
  facet normal 0 0 1
    outer loop
      vertex 30.4036 31.3564 99
      vertex 26.175 29.38 99
      vertex 29.585 29.38 99
    endloop
  endfacet
  facet normal 0 0 1
    outer loop
      vertex 30.4036 27.4036 99
      vertex 25.3564 27.4036 99
      vertex 30.4036 22.3564 99
    endloop
  endfacet
  facet normal 0 0 1
    outer loop
      vertex 30.4036 22.3564 99
      vertex 26.175 20.38 99
      vertex 29.585 20.38 99
    endloop
  endfacet
  facet normal 0 0 1
    outer loop
      vertex 30.4036 18.4036 99
      vertex 25.3564 18.4036 99
      vertex 30.4036 13.3564 99
    endloop
  endfacet
  facet normal 0 0 1
    outer loop
      vertex 30.4036 13.3564 99
      vertex 26.175 11.38 99
      vertex 29.585 11.38 99
    endloop
  endfacet
  facet normal -0 0 1
    outer loop
      vertex 26.175 11.38 99
      vertex 30.4036 9.40364 99
      vertex 29.585 11.38 99
    endloop
  endfacet
  facet normal 0 0 1
    outer loop
      vertex 25.3564 9.40364 99
      vertex 30.4036 9.40364 99
      vertex 26.175 11.38 99
    endloop
  endfacet
  facet normal -0 0 1
    outer loop
      vertex 25.3564 9.40364 99
      vertex 32.38 8.585 99
      vertex 30.4036 9.40364 99
    endloop
  endfacet
  facet normal 0 0 1
    outer loop
      vertex 23.38 8.585 99
      vertex 32.38 8.585 99
      vertex 25.3564 9.40364 99
    endloop
  endfacet
  facet normal 0 0 1
    outer loop
      vertex 0 0 99
      vertex 32.38 8.585 99
      vertex 23.38 8.585 99
    endloop
  endfacet
  facet normal 0 0 1
    outer loop
      vertex 21.4036 58.3564 99
      vertex 17.175 56.38 99
      vertex 20.585 56.38 99
    endloop
  endfacet
  facet normal 0 0 1
    outer loop
      vertex 21.4036 45.4036 99
      vertex 16.3564 45.4036 99
      vertex 21.4036 40.3564 99
    endloop
  endfacet
  facet normal 0 0 1
    outer loop
      vertex 21.4036 31.3564 99
      vertex 17.175 29.38 99
      vertex 20.585 29.38 99
    endloop
  endfacet
  facet normal 0 0 1
    outer loop
      vertex 21.4036 27.4036 99
      vertex 16.3564 27.4036 99
      vertex 21.4036 22.3564 99
    endloop
  endfacet
  facet normal 0 0 1
    outer loop
      vertex 21.4036 22.3564 99
      vertex 17.175 20.38 99
      vertex 20.585 20.38 99
    endloop
  endfacet
  facet normal 0 0 1
    outer loop
      vertex 21.4036 18.4036 99
      vertex 16.3564 18.4036 99
      vertex 21.4036 13.3564 99
    endloop
  endfacet
  facet normal 0 0 1
    outer loop
      vertex 21.4036 13.3564 99
      vertex 17.175 11.38 99
      vertex 20.585 11.38 99
    endloop
  endfacet
  facet normal -0 0 1
    outer loop
      vertex 17.175 11.38 99
      vertex 21.4036 9.40364 99
      vertex 20.585 11.38 99
    endloop
  endfacet
  facet normal 0 0 1
    outer loop
      vertex 16.3564 9.40364 99
      vertex 21.4036 9.40364 99
      vertex 17.175 11.38 99
    endloop
  endfacet
  facet normal -0 0 1
    outer loop
      vertex 16.3564 9.40364 99
      vertex 23.38 8.585 99
      vertex 21.4036 9.40364 99
    endloop
  endfacet
  facet normal 0 0 1
    outer loop
      vertex 14.38 8.585 99
      vertex 23.38 8.585 99
      vertex 16.3564 9.40364 99
    endloop
  endfacet
  facet normal 0 0 1
    outer loop
      vertex 0 0 99
      vertex 23.38 8.585 99
      vertex 14.38 8.585 99
    endloop
  endfacet
  facet normal 0 0 1
    outer loop
      vertex 59.38 8.585 99
      vertex 0 0 99
      vertex 127.75 0 99
    endloop
  endfacet
  facet normal 0 0 1
    outer loop
      vertex 12.4036 9.40364 99
      vertex 0 0 99
      vertex 14.38 8.585 99
    endloop
  endfacet
  facet normal 0 0 1
    outer loop
      vertex 11.585 11.38 99
      vertex 0 0 99
      vertex 12.4036 9.40364 99
    endloop
  endfacet
  facet normal 0 0 1
    outer loop
      vertex 11.585 20.38 99
      vertex 0 0 99
      vertex 11.585 11.38 99
    endloop
  endfacet
  facet normal 1 -0 0
    outer loop
      vertex 127.75 0 99
      vertex 127.75 85.75 0
      vertex 127.75 85.75 99
    endloop
  endfacet
  facet normal 1 0 0
    outer loop
      vertex 127.75 85.75 0
      vertex 127.75 0 99
      vertex 127.75 0 0
    endloop
  endfacet
  facet normal 0 0 -1
    outer loop
      vertex 0 0 0
      vertex 127.75 85.75 0
      vertex 127.75 0 0
    endloop
  endfacet
  facet normal -0 0 -1
    outer loop
      vertex 127.75 85.75 0
      vertex 0 0 0
      vertex 0 85.75 0
    endloop
  endfacet
  facet normal 0 -1 0
    outer loop
      vertex 0 0 0
      vertex 127.75 0 99
      vertex 0 0 99
    endloop
  endfacet
  facet normal 0 -1 -0
    outer loop
      vertex 127.75 0 99
      vertex 0 0 0
      vertex 127.75 0 0
    endloop
  endfacet
  facet normal 0 1 -0
    outer loop
      vertex 127.75 85.75 0
      vertex 0 85.75 99
      vertex 127.75 85.75 99
    endloop
  endfacet
  facet normal 0 1 0
    outer loop
      vertex 0 85.75 99
      vertex 127.75 85.75 0
      vertex 0 85.75 0
    endloop
  endfacet
  facet normal -0.923888 -0.382663 0
    outer loop
      vertex 17.175 74.38 1.5
      vertex 16.3564 76.3564 99
      vertex 16.3564 76.3564 1.5
    endloop
  endfacet
  facet normal -0.923888 -0.382663 0
    outer loop
      vertex 16.3564 76.3564 99
      vertex 17.175 74.38 1.5
      vertex 17.175 74.38 99
    endloop
  endfacet
  facet normal 0.923888 -0.382663 0
    outer loop
      vertex 11.585 74.38 99
      vertex 12.4036 76.3564 1.5
      vertex 12.4036 76.3564 99
    endloop
  endfacet
  facet normal 0.923888 -0.382663 0
    outer loop
      vertex 12.4036 76.3564 1.5
      vertex 11.585 74.38 99
      vertex 11.585 74.38 1.5
    endloop
  endfacet
  facet normal -0.382663 0.923888 0
    outer loop
      vertex 16.3564 72.4036 1.5
      vertex 14.38 71.585 99
      vertex 16.3564 72.4036 99
    endloop
  endfacet
  facet normal -0.382663 0.923888 0
    outer loop
      vertex 14.38 71.585 99
      vertex 16.3564 72.4036 1.5
      vertex 14.38 71.585 1.5
    endloop
  endfacet
  facet normal 0.382663 -0.923888 0
    outer loop
      vertex 12.4036 76.3564 1.5
      vertex 14.38 77.175 99
      vertex 12.4036 76.3564 99
    endloop
  endfacet
  facet normal 0.382663 -0.923888 0
    outer loop
      vertex 14.38 77.175 99
      vertex 12.4036 76.3564 1.5
      vertex 14.38 77.175 1.5
    endloop
  endfacet
  facet normal -0.382663 -0.923888 0
    outer loop
      vertex 14.38 77.175 1.5
      vertex 16.3564 76.3564 99
      vertex 14.38 77.175 99
    endloop
  endfacet
  facet normal -0.382663 -0.923888 -0
    outer loop
      vertex 16.3564 76.3564 99
      vertex 14.38 77.175 1.5
      vertex 16.3564 76.3564 1.5
    endloop
  endfacet
  facet normal -0.923888 0.382663 0
    outer loop
      vertex 16.3564 72.4036 1.5
      vertex 17.175 74.38 99
      vertex 17.175 74.38 1.5
    endloop
  endfacet
  facet normal -0.923888 0.382663 0
    outer loop
      vertex 17.175 74.38 99
      vertex 16.3564 72.4036 1.5
      vertex 16.3564 72.4036 99
    endloop
  endfacet
  facet normal 0 0 1
    outer loop
      vertex 16.3564 76.3564 1.5
      vertex 16.3564 72.4036 1.5
      vertex 17.175 74.38 1.5
    endloop
  endfacet
  facet normal 0 0 1
    outer loop
      vertex 14.38 77.175 1.5
      vertex 16.3564 72.4036 1.5
      vertex 16.3564 76.3564 1.5
    endloop
  endfacet
  facet normal 0 0 1
    outer loop
      vertex 14.38 77.175 1.5
      vertex 14.38 71.585 1.5
      vertex 16.3564 72.4036 1.5
    endloop
  endfacet
  facet normal -0 0 1
    outer loop
      vertex 12.4036 76.3564 1.5
      vertex 14.38 71.585 1.5
      vertex 14.38 77.175 1.5
    endloop
  endfacet
  facet normal 0 0 1
    outer loop
      vertex 12.4036 76.3564 1.5
      vertex 12.4036 72.4036 1.5
      vertex 14.38 71.585 1.5
    endloop
  endfacet
  facet normal 0 -0 1
    outer loop
      vertex 12.4036 72.4036 1.5
      vertex 12.4036 76.3564 1.5
      vertex 11.585 74.38 1.5
    endloop
  endfacet
  facet normal 0.382663 0.923888 -0
    outer loop
      vertex 14.38 71.585 1.5
      vertex 12.4036 72.4036 99
      vertex 14.38 71.585 99
    endloop
  endfacet
  facet normal 0.382663 0.923888 0
    outer loop
      vertex 12.4036 72.4036 99
      vertex 14.38 71.585 1.5
      vertex 12.4036 72.4036 1.5
    endloop
  endfacet
  facet normal 0.923888 0.382663 0
    outer loop
      vertex 12.4036 72.4036 99
      vertex 11.585 74.38 1.5
      vertex 11.585 74.38 99
    endloop
  endfacet
  facet normal 0.923888 0.382663 0
    outer loop
      vertex 11.585 74.38 1.5
      vertex 12.4036 72.4036 99
      vertex 12.4036 72.4036 1.5
    endloop
  endfacet
  facet normal -0.923888 -0.382663 0
    outer loop
      vertex 17.175 65.38 1.5
      vertex 16.3564 67.3564 99
      vertex 16.3564 67.3564 1.5
    endloop
  endfacet
  facet normal -0.923888 -0.382663 0
    outer loop
      vertex 16.3564 67.3564 99
      vertex 17.175 65.38 1.5
      vertex 17.175 65.38 99
    endloop
  endfacet
  facet normal 0.923888 -0.382663 0
    outer loop
      vertex 11.585 65.38 99
      vertex 12.4036 67.3564 1.5
      vertex 12.4036 67.3564 99
    endloop
  endfacet
  facet normal 0.923888 -0.382663 0
    outer loop
      vertex 12.4036 67.3564 1.5
      vertex 11.585 65.38 99
      vertex 11.585 65.38 1.5
    endloop
  endfacet
  facet normal -0.382663 0.923888 0
    outer loop
      vertex 16.3564 63.4036 1.5
      vertex 14.38 62.585 99
      vertex 16.3564 63.4036 99
    endloop
  endfacet
  facet normal -0.382663 0.923888 0
    outer loop
      vertex 14.38 62.585 99
      vertex 16.3564 63.4036 1.5
      vertex 14.38 62.585 1.5
    endloop
  endfacet
  facet normal 0.382663 -0.923888 0
    outer loop
      vertex 12.4036 67.3564 1.5
      vertex 14.38 68.175 99
      vertex 12.4036 67.3564 99
    endloop
  endfacet
  facet normal 0.382663 -0.923888 0
    outer loop
      vertex 14.38 68.175 99
      vertex 12.4036 67.3564 1.5
      vertex 14.38 68.175 1.5
    endloop
  endfacet
  facet normal -0.382663 -0.923888 0
    outer loop
      vertex 14.38 68.175 1.5
      vertex 16.3564 67.3564 99
      vertex 14.38 68.175 99
    endloop
  endfacet
  facet normal -0.382663 -0.923888 -0
    outer loop
      vertex 16.3564 67.3564 99
      vertex 14.38 68.175 1.5
      vertex 16.3564 67.3564 1.5
    endloop
  endfacet
  facet normal 0 0 1
    outer loop
      vertex 16.3564 67.3564 1.5
      vertex 16.3564 63.4036 1.5
      vertex 17.175 65.38 1.5
    endloop
  endfacet
  facet normal 0 0 1
    outer loop
      vertex 14.38 68.175 1.5
      vertex 16.3564 63.4036 1.5
      vertex 16.3564 67.3564 1.5
    endloop
  endfacet
  facet normal 0 0 1
    outer loop
      vertex 14.38 68.175 1.5
      vertex 14.38 62.585 1.5
      vertex 16.3564 63.4036 1.5
    endloop
  endfacet
  facet normal -0 0 1
    outer loop
      vertex 12.4036 67.3564 1.5
      vertex 14.38 62.585 1.5
      vertex 14.38 68.175 1.5
    endloop
  endfacet
  facet normal 0 0 1
    outer loop
      vertex 12.4036 67.3564 1.5
      vertex 12.4036 63.4036 1.5
      vertex 14.38 62.585 1.5
    endloop
  endfacet
  facet normal 0 -0 1
    outer loop
      vertex 12.4036 63.4036 1.5
      vertex 12.4036 67.3564 1.5
      vertex 11.585 65.38 1.5
    endloop
  endfacet
  facet normal -0.923888 0.382663 0
    outer loop
      vertex 16.3564 63.4036 1.5
      vertex 17.175 65.38 99
      vertex 17.175 65.38 1.5
    endloop
  endfacet
  facet normal -0.923888 0.382663 0
    outer loop
      vertex 17.175 65.38 99
      vertex 16.3564 63.4036 1.5
      vertex 16.3564 63.4036 99
    endloop
  endfacet
  facet normal 0.382663 0.923888 -0
    outer loop
      vertex 14.38 62.585 1.5
      vertex 12.4036 63.4036 99
      vertex 14.38 62.585 99
    endloop
  endfacet
  facet normal 0.382663 0.923888 0
    outer loop
      vertex 12.4036 63.4036 99
      vertex 14.38 62.585 1.5
      vertex 12.4036 63.4036 1.5
    endloop
  endfacet
  facet normal 0.923888 0.382663 0
    outer loop
      vertex 12.4036 63.4036 99
      vertex 11.585 65.38 1.5
      vertex 11.585 65.38 99
    endloop
  endfacet
  facet normal 0.923888 0.382663 0
    outer loop
      vertex 11.585 65.38 1.5
      vertex 12.4036 63.4036 99
      vertex 12.4036 63.4036 1.5
    endloop
  endfacet
  facet normal -0.923888 -0.382663 0
    outer loop
      vertex 17.175 56.38 1.5
      vertex 16.3564 58.3564 99
      vertex 16.3564 58.3564 1.5
    endloop
  endfacet
  facet normal -0.923888 -0.382663 0
    outer loop
      vertex 16.3564 58.3564 99
      vertex 17.175 56.38 1.5
      vertex 17.175 56.38 99
    endloop
  endfacet
  facet normal 0.923888 -0.382663 0
    outer loop
      vertex 11.585 56.38 99
      vertex 12.4036 58.3564 1.5
      vertex 12.4036 58.3564 99
    endloop
  endfacet
  facet normal 0.923888 -0.382663 0
    outer loop
      vertex 12.4036 58.3564 1.5
      vertex 11.585 56.38 99
      vertex 11.585 56.38 1.5
    endloop
  endfacet
  facet normal -0.382663 0.923888 0
    outer loop
      vertex 16.3564 54.4036 1.5
      vertex 14.38 53.585 99
      vertex 16.3564 54.4036 99
    endloop
  endfacet
  facet normal -0.382663 0.923888 0
    outer loop
      vertex 14.38 53.585 99
      vertex 16.3564 54.4036 1.5
      vertex 14.38 53.585 1.5
    endloop
  endfacet
  facet normal 0.382663 -0.923888 0
    outer loop
      vertex 12.4036 58.3564 1.5
      vertex 14.38 59.175 99
      vertex 12.4036 58.3564 99
    endloop
  endfacet
  facet normal 0.382663 -0.923888 0
    outer loop
      vertex 14.38 59.175 99
      vertex 12.4036 58.3564 1.5
      vertex 14.38 59.175 1.5
    endloop
  endfacet
  facet normal -0.382663 -0.923888 0
    outer loop
      vertex 14.38 59.175 1.5
      vertex 16.3564 58.3564 99
      vertex 14.38 59.175 99
    endloop
  endfacet
  facet normal -0.382663 -0.923888 -0
    outer loop
      vertex 16.3564 58.3564 99
      vertex 14.38 59.175 1.5
      vertex 16.3564 58.3564 1.5
    endloop
  endfacet
  facet normal 0 0 1
    outer loop
      vertex 16.3564 58.3564 1.5
      vertex 16.3564 54.4036 1.5
      vertex 17.175 56.38 1.5
    endloop
  endfacet
  facet normal 0 0 1
    outer loop
      vertex 14.38 59.175 1.5
      vertex 16.3564 54.4036 1.5
      vertex 16.3564 58.3564 1.5
    endloop
  endfacet
  facet normal 0 0 1
    outer loop
      vertex 14.38 59.175 1.5
      vertex 14.38 53.585 1.5
      vertex 16.3564 54.4036 1.5
    endloop
  endfacet
  facet normal -0 0 1
    outer loop
      vertex 12.4036 58.3564 1.5
      vertex 14.38 53.585 1.5
      vertex 14.38 59.175 1.5
    endloop
  endfacet
  facet normal 0 0 1
    outer loop
      vertex 12.4036 58.3564 1.5
      vertex 12.4036 54.4036 1.5
      vertex 14.38 53.585 1.5
    endloop
  endfacet
  facet normal 0 -0 1
    outer loop
      vertex 12.4036 54.4036 1.5
      vertex 12.4036 58.3564 1.5
      vertex 11.585 56.38 1.5
    endloop
  endfacet
  facet normal -0.923888 0.382663 0
    outer loop
      vertex 16.3564 54.4036 1.5
      vertex 17.175 56.38 99
      vertex 17.175 56.38 1.5
    endloop
  endfacet
  facet normal -0.923888 0.382663 0
    outer loop
      vertex 17.175 56.38 99
      vertex 16.3564 54.4036 1.5
      vertex 16.3564 54.4036 99
    endloop
  endfacet
  facet normal 0.382663 0.923888 -0
    outer loop
      vertex 14.38 53.585 1.5
      vertex 12.4036 54.4036 99
      vertex 14.38 53.585 99
    endloop
  endfacet
  facet normal 0.382663 0.923888 0
    outer loop
      vertex 12.4036 54.4036 99
      vertex 14.38 53.585 1.5
      vertex 12.4036 54.4036 1.5
    endloop
  endfacet
  facet normal 0.923888 0.382663 0
    outer loop
      vertex 12.4036 54.4036 99
      vertex 11.585 56.38 1.5
      vertex 11.585 56.38 99
    endloop
  endfacet
  facet normal 0.923888 0.382663 0
    outer loop
      vertex 11.585 56.38 1.5
      vertex 12.4036 54.4036 99
      vertex 12.4036 54.4036 1.5
    endloop
  endfacet
  facet normal -0.923888 -0.382663 0
    outer loop
      vertex 17.175 47.38 1.5
      vertex 16.3564 49.3564 99
      vertex 16.3564 49.3564 1.5
    endloop
  endfacet
  facet normal -0.923888 -0.382663 0
    outer loop
      vertex 16.3564 49.3564 99
      vertex 17.175 47.38 1.5
      vertex 17.175 47.38 99
    endloop
  endfacet
  facet normal 0.923888 -0.382663 0
    outer loop
      vertex 11.585 47.38 99
      vertex 12.4036 49.3564 1.5
      vertex 12.4036 49.3564 99
    endloop
  endfacet
  facet normal 0.923888 -0.382663 0
    outer loop
      vertex 12.4036 49.3564 1.5
      vertex 11.585 47.38 99
      vertex 11.585 47.38 1.5
    endloop
  endfacet
  facet normal -0.382663 0.923888 0
    outer loop
      vertex 16.3564 45.4036 1.5
      vertex 14.38 44.585 99
      vertex 16.3564 45.4036 99
    endloop
  endfacet
  facet normal -0.382663 0.923888 0
    outer loop
      vertex 14.38 44.585 99
      vertex 16.3564 45.4036 1.5
      vertex 14.38 44.585 1.5
    endloop
  endfacet
  facet normal 0.382663 -0.923888 0
    outer loop
      vertex 12.4036 49.3564 1.5
      vertex 14.38 50.175 99
      vertex 12.4036 49.3564 99
    endloop
  endfacet
  facet normal 0.382663 -0.923888 0
    outer loop
      vertex 14.38 50.175 99
      vertex 12.4036 49.3564 1.5
      vertex 14.38 50.175 1.5
    endloop
  endfacet
  facet normal -0.382663 -0.923888 0
    outer loop
      vertex 14.38 50.175 1.5
      vertex 16.3564 49.3564 99
      vertex 14.38 50.175 99
    endloop
  endfacet
  facet normal -0.382663 -0.923888 -0
    outer loop
      vertex 16.3564 49.3564 99
      vertex 14.38 50.175 1.5
      vertex 16.3564 49.3564 1.5
    endloop
  endfacet
  facet normal 0 0 1
    outer loop
      vertex 16.3564 49.3564 1.5
      vertex 16.3564 45.4036 1.5
      vertex 17.175 47.38 1.5
    endloop
  endfacet
  facet normal 0 0 1
    outer loop
      vertex 14.38 50.175 1.5
      vertex 16.3564 45.4036 1.5
      vertex 16.3564 49.3564 1.5
    endloop
  endfacet
  facet normal 0 0 1
    outer loop
      vertex 14.38 50.175 1.5
      vertex 14.38 44.585 1.5
      vertex 16.3564 45.4036 1.5
    endloop
  endfacet
  facet normal -0 0 1
    outer loop
      vertex 12.4036 49.3564 1.5
      vertex 14.38 44.585 1.5
      vertex 14.38 50.175 1.5
    endloop
  endfacet
  facet normal 0 0 1
    outer loop
      vertex 12.4036 49.3564 1.5
      vertex 12.4036 45.4036 1.5
      vertex 14.38 44.585 1.5
    endloop
  endfacet
  facet normal 0 -0 1
    outer loop
      vertex 12.4036 45.4036 1.5
      vertex 12.4036 49.3564 1.5
      vertex 11.585 47.38 1.5
    endloop
  endfacet
  facet normal -0.923888 0.382663 0
    outer loop
      vertex 16.3564 45.4036 1.5
      vertex 17.175 47.38 99
      vertex 17.175 47.38 1.5
    endloop
  endfacet
  facet normal -0.923888 0.382663 0
    outer loop
      vertex 17.175 47.38 99
      vertex 16.3564 45.4036 1.5
      vertex 16.3564 45.4036 99
    endloop
  endfacet
  facet normal 0.382663 0.923888 -0
    outer loop
      vertex 14.38 44.585 1.5
      vertex 12.4036 45.4036 99
      vertex 14.38 44.585 99
    endloop
  endfacet
  facet normal 0.382663 0.923888 0
    outer loop
      vertex 12.4036 45.4036 99
      vertex 14.38 44.585 1.5
      vertex 12.4036 45.4036 1.5
    endloop
  endfacet
  facet normal 0.923888 0.382663 0
    outer loop
      vertex 12.4036 45.4036 99
      vertex 11.585 47.38 1.5
      vertex 11.585 47.38 99
    endloop
  endfacet
  facet normal 0.923888 0.382663 0
    outer loop
      vertex 11.585 47.38 1.5
      vertex 12.4036 45.4036 99
      vertex 12.4036 45.4036 1.5
    endloop
  endfacet
  facet normal -0.923888 -0.382663 0
    outer loop
      vertex 17.175 38.38 1.5
      vertex 16.3564 40.3564 99
      vertex 16.3564 40.3564 1.5
    endloop
  endfacet
  facet normal -0.923888 -0.382663 0
    outer loop
      vertex 16.3564 40.3564 99
      vertex 17.175 38.38 1.5
      vertex 17.175 38.38 99
    endloop
  endfacet
  facet normal 0.923888 -0.382663 0
    outer loop
      vertex 11.585 38.38 99
      vertex 12.4036 40.3564 1.5
      vertex 12.4036 40.3564 99
    endloop
  endfacet
  facet normal 0.923888 -0.382663 0
    outer loop
      vertex 12.4036 40.3564 1.5
      vertex 11.585 38.38 99
      vertex 11.585 38.38 1.5
    endloop
  endfacet
  facet normal -0.382663 0.923888 0
    outer loop
      vertex 16.3564 36.4036 1.5
      vertex 14.38 35.585 99
      vertex 16.3564 36.4036 99
    endloop
  endfacet
  facet normal -0.382663 0.923888 0
    outer loop
      vertex 14.38 35.585 99
      vertex 16.3564 36.4036 1.5
      vertex 14.38 35.585 1.5
    endloop
  endfacet
  facet normal 0.382663 -0.923888 0
    outer loop
      vertex 12.4036 40.3564 1.5
      vertex 14.38 41.175 99
      vertex 12.4036 40.3564 99
    endloop
  endfacet
  facet normal 0.382663 -0.923888 0
    outer loop
      vertex 14.38 41.175 99
      vertex 12.4036 40.3564 1.5
      vertex 14.38 41.175 1.5
    endloop
  endfacet
  facet normal -0.382663 -0.923888 0
    outer loop
      vertex 14.38 41.175 1.5
      vertex 16.3564 40.3564 99
      vertex 14.38 41.175 99
    endloop
  endfacet
  facet normal -0.382663 -0.923888 -0
    outer loop
      vertex 16.3564 40.3564 99
      vertex 14.38 41.175 1.5
      vertex 16.3564 40.3564 1.5
    endloop
  endfacet
  facet normal -0.923888 0.382663 0
    outer loop
      vertex 16.3564 36.4036 1.5
      vertex 17.175 38.38 99
      vertex 17.175 38.38 1.5
    endloop
  endfacet
  facet normal -0.923888 0.382663 0
    outer loop
      vertex 17.175 38.38 99
      vertex 16.3564 36.4036 1.5
      vertex 16.3564 36.4036 99
    endloop
  endfacet
  facet normal 0 0 1
    outer loop
      vertex 16.3564 40.3564 1.5
      vertex 16.3564 36.4036 1.5
      vertex 17.175 38.38 1.5
    endloop
  endfacet
  facet normal 0 0 1
    outer loop
      vertex 14.38 41.175 1.5
      vertex 16.3564 36.4036 1.5
      vertex 16.3564 40.3564 1.5
    endloop
  endfacet
  facet normal 0 0 1
    outer loop
      vertex 14.38 41.175 1.5
      vertex 14.38 35.585 1.5
      vertex 16.3564 36.4036 1.5
    endloop
  endfacet
  facet normal -0 0 1
    outer loop
      vertex 12.4036 40.3564 1.5
      vertex 14.38 35.585 1.5
      vertex 14.38 41.175 1.5
    endloop
  endfacet
  facet normal 0 0 1
    outer loop
      vertex 12.4036 40.3564 1.5
      vertex 12.4036 36.4036 1.5
      vertex 14.38 35.585 1.5
    endloop
  endfacet
  facet normal 0 -0 1
    outer loop
      vertex 12.4036 36.4036 1.5
      vertex 12.4036 40.3564 1.5
      vertex 11.585 38.38 1.5
    endloop
  endfacet
  facet normal 0.382663 0.923888 -0
    outer loop
      vertex 14.38 35.585 1.5
      vertex 12.4036 36.4036 99
      vertex 14.38 35.585 99
    endloop
  endfacet
  facet normal 0.382663 0.923888 0
    outer loop
      vertex 12.4036 36.4036 99
      vertex 14.38 35.585 1.5
      vertex 12.4036 36.4036 1.5
    endloop
  endfacet
  facet normal 0.923888 0.382663 0
    outer loop
      vertex 12.4036 36.4036 99
      vertex 11.585 38.38 1.5
      vertex 11.585 38.38 99
    endloop
  endfacet
  facet normal 0.923888 0.382663 0
    outer loop
      vertex 11.585 38.38 1.5
      vertex 12.4036 36.4036 99
      vertex 12.4036 36.4036 1.5
    endloop
  endfacet
  facet normal -0.923888 -0.382663 0
    outer loop
      vertex 17.175 29.38 1.5
      vertex 16.3564 31.3564 99
      vertex 16.3564 31.3564 1.5
    endloop
  endfacet
  facet normal -0.923888 -0.382663 0
    outer loop
      vertex 16.3564 31.3564 99
      vertex 17.175 29.38 1.5
      vertex 17.175 29.38 99
    endloop
  endfacet
  facet normal 0.923888 -0.382663 0
    outer loop
      vertex 11.585 29.38 99
      vertex 12.4036 31.3564 1.5
      vertex 12.4036 31.3564 99
    endloop
  endfacet
  facet normal 0.923888 -0.382663 0
    outer loop
      vertex 12.4036 31.3564 1.5
      vertex 11.585 29.38 99
      vertex 11.585 29.38 1.5
    endloop
  endfacet
  facet normal -0.382663 0.923888 0
    outer loop
      vertex 16.3564 27.4036 1.5
      vertex 14.38 26.585 99
      vertex 16.3564 27.4036 99
    endloop
  endfacet
  facet normal -0.382663 0.923888 0
    outer loop
      vertex 14.38 26.585 99
      vertex 16.3564 27.4036 1.5
      vertex 14.38 26.585 1.5
    endloop
  endfacet
  facet normal 0.382663 -0.923888 0
    outer loop
      vertex 12.4036 31.3564 1.5
      vertex 14.38 32.175 99
      vertex 12.4036 31.3564 99
    endloop
  endfacet
  facet normal 0.382663 -0.923888 0
    outer loop
      vertex 14.38 32.175 99
      vertex 12.4036 31.3564 1.5
      vertex 14.38 32.175 1.5
    endloop
  endfacet
  facet normal -0.382663 -0.923888 0
    outer loop
      vertex 14.38 32.175 1.5
      vertex 16.3564 31.3564 99
      vertex 14.38 32.175 99
    endloop
  endfacet
  facet normal -0.382663 -0.923888 -0
    outer loop
      vertex 16.3564 31.3564 99
      vertex 14.38 32.175 1.5
      vertex 16.3564 31.3564 1.5
    endloop
  endfacet
  facet normal -0.923888 0.382663 0
    outer loop
      vertex 16.3564 27.4036 1.5
      vertex 17.175 29.38 99
      vertex 17.175 29.38 1.5
    endloop
  endfacet
  facet normal -0.923888 0.382663 0
    outer loop
      vertex 17.175 29.38 99
      vertex 16.3564 27.4036 1.5
      vertex 16.3564 27.4036 99
    endloop
  endfacet
  facet normal 0 0 1
    outer loop
      vertex 16.3564 31.3564 1.5
      vertex 16.3564 27.4036 1.5
      vertex 17.175 29.38 1.5
    endloop
  endfacet
  facet normal 0 0 1
    outer loop
      vertex 14.38 32.175 1.5
      vertex 16.3564 27.4036 1.5
      vertex 16.3564 31.3564 1.5
    endloop
  endfacet
  facet normal 0 0 1
    outer loop
      vertex 14.38 32.175 1.5
      vertex 14.38 26.585 1.5
      vertex 16.3564 27.4036 1.5
    endloop
  endfacet
  facet normal -0 0 1
    outer loop
      vertex 12.4036 31.3564 1.5
      vertex 14.38 26.585 1.5
      vertex 14.38 32.175 1.5
    endloop
  endfacet
  facet normal 0 0 1
    outer loop
      vertex 12.4036 31.3564 1.5
      vertex 12.4036 27.4036 1.5
      vertex 14.38 26.585 1.5
    endloop
  endfacet
  facet normal 0 -0 1
    outer loop
      vertex 12.4036 27.4036 1.5
      vertex 12.4036 31.3564 1.5
      vertex 11.585 29.38 1.5
    endloop
  endfacet
  facet normal 0.382663 0.923888 -0
    outer loop
      vertex 14.38 26.585 1.5
      vertex 12.4036 27.4036 99
      vertex 14.38 26.585 99
    endloop
  endfacet
  facet normal 0.382663 0.923888 0
    outer loop
      vertex 12.4036 27.4036 99
      vertex 14.38 26.585 1.5
      vertex 12.4036 27.4036 1.5
    endloop
  endfacet
  facet normal 0.923888 0.382663 0
    outer loop
      vertex 12.4036 27.4036 99
      vertex 11.585 29.38 1.5
      vertex 11.585 29.38 99
    endloop
  endfacet
  facet normal 0.923888 0.382663 0
    outer loop
      vertex 11.585 29.38 1.5
      vertex 12.4036 27.4036 99
      vertex 12.4036 27.4036 1.5
    endloop
  endfacet
  facet normal -0.923888 -0.382663 0
    outer loop
      vertex 17.175 20.38 1.5
      vertex 16.3564 22.3564 99
      vertex 16.3564 22.3564 1.5
    endloop
  endfacet
  facet normal -0.923888 -0.382663 0
    outer loop
      vertex 16.3564 22.3564 99
      vertex 17.175 20.38 1.5
      vertex 17.175 20.38 99
    endloop
  endfacet
  facet normal 0.923888 -0.382663 0
    outer loop
      vertex 11.585 20.38 99
      vertex 12.4036 22.3564 1.5
      vertex 12.4036 22.3564 99
    endloop
  endfacet
  facet normal 0.923888 -0.382663 0
    outer loop
      vertex 12.4036 22.3564 1.5
      vertex 11.585 20.38 99
      vertex 11.585 20.38 1.5
    endloop
  endfacet
  facet normal -0.382663 0.923888 0
    outer loop
      vertex 16.3564 18.4036 1.5
      vertex 14.38 17.585 99
      vertex 16.3564 18.4036 99
    endloop
  endfacet
  facet normal -0.382663 0.923888 0
    outer loop
      vertex 14.38 17.585 99
      vertex 16.3564 18.4036 1.5
      vertex 14.38 17.585 1.5
    endloop
  endfacet
  facet normal 0.382663 -0.923888 0
    outer loop
      vertex 12.4036 22.3564 1.5
      vertex 14.38 23.175 99
      vertex 12.4036 22.3564 99
    endloop
  endfacet
  facet normal 0.382663 -0.923888 0
    outer loop
      vertex 14.38 23.175 99
      vertex 12.4036 22.3564 1.5
      vertex 14.38 23.175 1.5
    endloop
  endfacet
  facet normal -0.382663 -0.923888 0
    outer loop
      vertex 14.38 23.175 1.5
      vertex 16.3564 22.3564 99
      vertex 14.38 23.175 99
    endloop
  endfacet
  facet normal -0.382663 -0.923888 -0
    outer loop
      vertex 16.3564 22.3564 99
      vertex 14.38 23.175 1.5
      vertex 16.3564 22.3564 1.5
    endloop
  endfacet
  facet normal 0.923888 0.382663 0
    outer loop
      vertex 12.4036 18.4036 99
      vertex 11.585 20.38 1.5
      vertex 11.585 20.38 99
    endloop
  endfacet
  facet normal 0.923888 0.382663 0
    outer loop
      vertex 11.585 20.38 1.5
      vertex 12.4036 18.4036 99
      vertex 12.4036 18.4036 1.5
    endloop
  endfacet
  facet normal 0 0 1
    outer loop
      vertex 16.3564 22.3564 1.5
      vertex 16.3564 18.4036 1.5
      vertex 17.175 20.38 1.5
    endloop
  endfacet
  facet normal 0 0 1
    outer loop
      vertex 14.38 23.175 1.5
      vertex 16.3564 18.4036 1.5
      vertex 16.3564 22.3564 1.5
    endloop
  endfacet
  facet normal 0 0 1
    outer loop
      vertex 14.38 23.175 1.5
      vertex 14.38 17.585 1.5
      vertex 16.3564 18.4036 1.5
    endloop
  endfacet
  facet normal -0 0 1
    outer loop
      vertex 12.4036 22.3564 1.5
      vertex 14.38 17.585 1.5
      vertex 14.38 23.175 1.5
    endloop
  endfacet
  facet normal 0 0 1
    outer loop
      vertex 12.4036 22.3564 1.5
      vertex 12.4036 18.4036 1.5
      vertex 14.38 17.585 1.5
    endloop
  endfacet
  facet normal 0 -0 1
    outer loop
      vertex 12.4036 18.4036 1.5
      vertex 12.4036 22.3564 1.5
      vertex 11.585 20.38 1.5
    endloop
  endfacet
  facet normal -0.923888 0.382663 0
    outer loop
      vertex 16.3564 18.4036 1.5
      vertex 17.175 20.38 99
      vertex 17.175 20.38 1.5
    endloop
  endfacet
  facet normal -0.923888 0.382663 0
    outer loop
      vertex 17.175 20.38 99
      vertex 16.3564 18.4036 1.5
      vertex 16.3564 18.4036 99
    endloop
  endfacet
  facet normal 0.382663 0.923888 -0
    outer loop
      vertex 14.38 17.585 1.5
      vertex 12.4036 18.4036 99
      vertex 14.38 17.585 99
    endloop
  endfacet
  facet normal 0.382663 0.923888 0
    outer loop
      vertex 12.4036 18.4036 99
      vertex 14.38 17.585 1.5
      vertex 12.4036 18.4036 1.5
    endloop
  endfacet
  facet normal -0.923888 -0.382663 0
    outer loop
      vertex 17.175 11.38 1.5
      vertex 16.3564 13.3564 99
      vertex 16.3564 13.3564 1.5
    endloop
  endfacet
  facet normal -0.923888 -0.382663 0
    outer loop
      vertex 16.3564 13.3564 99
      vertex 17.175 11.38 1.5
      vertex 17.175 11.38 99
    endloop
  endfacet
  facet normal 0.923888 -0.382663 0
    outer loop
      vertex 11.585 11.38 99
      vertex 12.4036 13.3564 1.5
      vertex 12.4036 13.3564 99
    endloop
  endfacet
  facet normal 0.923888 -0.382663 0
    outer loop
      vertex 12.4036 13.3564 1.5
      vertex 11.585 11.38 99
      vertex 11.585 11.38 1.5
    endloop
  endfacet
  facet normal -0.382679 0.923881 0
    outer loop
      vertex 16.3564 9.40364 1.5
      vertex 14.38 8.585 99
      vertex 16.3564 9.40364 99
    endloop
  endfacet
  facet normal -0.382679 0.923881 0
    outer loop
      vertex 14.38 8.585 99
      vertex 16.3564 9.40364 1.5
      vertex 14.38 8.585 1.5
    endloop
  endfacet
  facet normal 0.382663 -0.923888 0
    outer loop
      vertex 12.4036 13.3564 1.5
      vertex 14.38 14.175 99
      vertex 12.4036 13.3564 99
    endloop
  endfacet
  facet normal 0.382663 -0.923888 0
    outer loop
      vertex 14.38 14.175 99
      vertex 12.4036 13.3564 1.5
      vertex 14.38 14.175 1.5
    endloop
  endfacet
  facet normal -0.382663 -0.923888 0
    outer loop
      vertex 14.38 14.175 1.5
      vertex 16.3564 13.3564 99
      vertex 14.38 14.175 99
    endloop
  endfacet
  facet normal -0.382663 -0.923888 -0
    outer loop
      vertex 16.3564 13.3564 99
      vertex 14.38 14.175 1.5
      vertex 16.3564 13.3564 1.5
    endloop
  endfacet
  facet normal -0.923885 0.382669 0
    outer loop
      vertex 16.3564 9.40364 1.5
      vertex 17.175 11.38 99
      vertex 17.175 11.38 1.5
    endloop
  endfacet
  facet normal -0.923885 0.382669 0
    outer loop
      vertex 17.175 11.38 99
      vertex 16.3564 9.40364 1.5
      vertex 16.3564 9.40364 99
    endloop
  endfacet
  facet normal 0 0 1
    outer loop
      vertex 16.3564 13.3564 1.5
      vertex 16.3564 9.40364 1.5
      vertex 17.175 11.38 1.5
    endloop
  endfacet
  facet normal 0 0 1
    outer loop
      vertex 14.38 14.175 1.5
      vertex 16.3564 9.40364 1.5
      vertex 16.3564 13.3564 1.5
    endloop
  endfacet
  facet normal 0 0 1
    outer loop
      vertex 14.38 14.175 1.5
      vertex 14.38 8.585 1.5
      vertex 16.3564 9.40364 1.5
    endloop
  endfacet
  facet normal -0 0 1
    outer loop
      vertex 12.4036 13.3564 1.5
      vertex 14.38 8.585 1.5
      vertex 14.38 14.175 1.5
    endloop
  endfacet
  facet normal 0 0 1
    outer loop
      vertex 12.4036 13.3564 1.5
      vertex 12.4036 9.40364 1.5
      vertex 14.38 8.585 1.5
    endloop
  endfacet
  facet normal 0 -0 1
    outer loop
      vertex 12.4036 9.40364 1.5
      vertex 12.4036 13.3564 1.5
      vertex 11.585 11.38 1.5
    endloop
  endfacet
  facet normal 0.382679 0.923881 -0
    outer loop
      vertex 14.38 8.585 1.5
      vertex 12.4036 9.40364 99
      vertex 14.38 8.585 99
    endloop
  endfacet
  facet normal 0.382679 0.923881 0
    outer loop
      vertex 12.4036 9.40364 99
      vertex 14.38 8.585 1.5
      vertex 12.4036 9.40364 1.5
    endloop
  endfacet
  facet normal 0.923885 0.382669 0
    outer loop
      vertex 12.4036 9.40364 99
      vertex 11.585 11.38 1.5
      vertex 11.585 11.38 99
    endloop
  endfacet
  facet normal 0.923885 0.382669 0
    outer loop
      vertex 11.585 11.38 1.5
      vertex 12.4036 9.40364 99
      vertex 12.4036 9.40364 1.5
    endloop
  endfacet
  facet normal -0.923888 -0.382663 0
    outer loop
      vertex 26.175 74.38 1.5
      vertex 25.3564 76.3564 99
      vertex 25.3564 76.3564 1.5
    endloop
  endfacet
  facet normal -0.923888 -0.382663 0
    outer loop
      vertex 25.3564 76.3564 99
      vertex 26.175 74.38 1.5
      vertex 26.175 74.38 99
    endloop
  endfacet
  facet normal 0.923888 -0.382663 0
    outer loop
      vertex 20.585 74.38 99
      vertex 21.4036 76.3564 1.5
      vertex 21.4036 76.3564 99
    endloop
  endfacet
  facet normal 0.923888 -0.382663 0
    outer loop
      vertex 21.4036 76.3564 1.5
      vertex 20.585 74.38 99
      vertex 20.585 74.38 1.5
    endloop
  endfacet
  facet normal -0.382663 0.923888 0
    outer loop
      vertex 25.3564 72.4036 1.5
      vertex 23.38 71.585 99
      vertex 25.3564 72.4036 99
    endloop
  endfacet
  facet normal -0.382663 0.923888 0
    outer loop
      vertex 23.38 71.585 99
      vertex 25.3564 72.4036 1.5
      vertex 23.38 71.585 1.5
    endloop
  endfacet
  facet normal 0.382663 -0.923888 0
    outer loop
      vertex 21.4036 76.3564 1.5
      vertex 23.38 77.175 99
      vertex 21.4036 76.3564 99
    endloop
  endfacet
  facet normal 0.382663 -0.923888 0
    outer loop
      vertex 23.38 77.175 99
      vertex 21.4036 76.3564 1.5
      vertex 23.38 77.175 1.5
    endloop
  endfacet
  facet normal -0.382663 -0.923888 0
    outer loop
      vertex 23.38 77.175 1.5
      vertex 25.3564 76.3564 99
      vertex 23.38 77.175 99
    endloop
  endfacet
  facet normal -0.382663 -0.923888 -0
    outer loop
      vertex 25.3564 76.3564 99
      vertex 23.38 77.175 1.5
      vertex 25.3564 76.3564 1.5
    endloop
  endfacet
  facet normal -0.923888 0.382663 0
    outer loop
      vertex 25.3564 72.4036 1.5
      vertex 26.175 74.38 99
      vertex 26.175 74.38 1.5
    endloop
  endfacet
  facet normal -0.923888 0.382663 0
    outer loop
      vertex 26.175 74.38 99
      vertex 25.3564 72.4036 1.5
      vertex 25.3564 72.4036 99
    endloop
  endfacet
  facet normal 0 0 1
    outer loop
      vertex 25.3564 76.3564 1.5
      vertex 25.3564 72.4036 1.5
      vertex 26.175 74.38 1.5
    endloop
  endfacet
  facet normal 0 0 1
    outer loop
      vertex 23.38 77.175 1.5
      vertex 25.3564 72.4036 1.5
      vertex 25.3564 76.3564 1.5
    endloop
  endfacet
  facet normal 0 0 1
    outer loop
      vertex 23.38 77.175 1.5
      vertex 23.38 71.585 1.5
      vertex 25.3564 72.4036 1.5
    endloop
  endfacet
  facet normal -0 0 1
    outer loop
      vertex 21.4036 76.3564 1.5
      vertex 23.38 71.585 1.5
      vertex 23.38 77.175 1.5
    endloop
  endfacet
  facet normal 0 0 1
    outer loop
      vertex 21.4036 76.3564 1.5
      vertex 21.4036 72.4036 1.5
      vertex 23.38 71.585 1.5
    endloop
  endfacet
  facet normal 0 -0 1
    outer loop
      vertex 21.4036 72.4036 1.5
      vertex 21.4036 76.3564 1.5
      vertex 20.585 74.38 1.5
    endloop
  endfacet
  facet normal 0.382663 0.923888 -0
    outer loop
      vertex 23.38 71.585 1.5
      vertex 21.4036 72.4036 99
      vertex 23.38 71.585 99
    endloop
  endfacet
  facet normal 0.382663 0.923888 0
    outer loop
      vertex 21.4036 72.4036 99
      vertex 23.38 71.585 1.5
      vertex 21.4036 72.4036 1.5
    endloop
  endfacet
  facet normal 0.923888 0.382663 0
    outer loop
      vertex 21.4036 72.4036 99
      vertex 20.585 74.38 1.5
      vertex 20.585 74.38 99
    endloop
  endfacet
  facet normal 0.923888 0.382663 0
    outer loop
      vertex 20.585 74.38 1.5
      vertex 21.4036 72.4036 99
      vertex 21.4036 72.4036 1.5
    endloop
  endfacet
  facet normal -0.923888 -0.382663 0
    outer loop
      vertex 26.175 65.38 1.5
      vertex 25.3564 67.3564 99
      vertex 25.3564 67.3564 1.5
    endloop
  endfacet
  facet normal -0.923888 -0.382663 0
    outer loop
      vertex 25.3564 67.3564 99
      vertex 26.175 65.38 1.5
      vertex 26.175 65.38 99
    endloop
  endfacet
  facet normal 0.923888 -0.382663 0
    outer loop
      vertex 20.585 65.38 99
      vertex 21.4036 67.3564 1.5
      vertex 21.4036 67.3564 99
    endloop
  endfacet
  facet normal 0.923888 -0.382663 0
    outer loop
      vertex 21.4036 67.3564 1.5
      vertex 20.585 65.38 99
      vertex 20.585 65.38 1.5
    endloop
  endfacet
  facet normal -0.382663 0.923888 0
    outer loop
      vertex 25.3564 63.4036 1.5
      vertex 23.38 62.585 99
      vertex 25.3564 63.4036 99
    endloop
  endfacet
  facet normal -0.382663 0.923888 0
    outer loop
      vertex 23.38 62.585 99
      vertex 25.3564 63.4036 1.5
      vertex 23.38 62.585 1.5
    endloop
  endfacet
  facet normal 0.382663 -0.923888 0
    outer loop
      vertex 21.4036 67.3564 1.5
      vertex 23.38 68.175 99
      vertex 21.4036 67.3564 99
    endloop
  endfacet
  facet normal 0.382663 -0.923888 0
    outer loop
      vertex 23.38 68.175 99
      vertex 21.4036 67.3564 1.5
      vertex 23.38 68.175 1.5
    endloop
  endfacet
  facet normal -0.382663 -0.923888 0
    outer loop
      vertex 23.38 68.175 1.5
      vertex 25.3564 67.3564 99
      vertex 23.38 68.175 99
    endloop
  endfacet
  facet normal -0.382663 -0.923888 -0
    outer loop
      vertex 25.3564 67.3564 99
      vertex 23.38 68.175 1.5
      vertex 25.3564 67.3564 1.5
    endloop
  endfacet
  facet normal 0 0 1
    outer loop
      vertex 25.3564 67.3564 1.5
      vertex 25.3564 63.4036 1.5
      vertex 26.175 65.38 1.5
    endloop
  endfacet
  facet normal 0 0 1
    outer loop
      vertex 23.38 68.175 1.5
      vertex 25.3564 63.4036 1.5
      vertex 25.3564 67.3564 1.5
    endloop
  endfacet
  facet normal 0 0 1
    outer loop
      vertex 23.38 68.175 1.5
      vertex 23.38 62.585 1.5
      vertex 25.3564 63.4036 1.5
    endloop
  endfacet
  facet normal -0 0 1
    outer loop
      vertex 21.4036 67.3564 1.5
      vertex 23.38 62.585 1.5
      vertex 23.38 68.175 1.5
    endloop
  endfacet
  facet normal 0 0 1
    outer loop
      vertex 21.4036 67.3564 1.5
      vertex 21.4036 63.4036 1.5
      vertex 23.38 62.585 1.5
    endloop
  endfacet
  facet normal 0 -0 1
    outer loop
      vertex 21.4036 63.4036 1.5
      vertex 21.4036 67.3564 1.5
      vertex 20.585 65.38 1.5
    endloop
  endfacet
  facet normal -0.923888 0.382663 0
    outer loop
      vertex 25.3564 63.4036 1.5
      vertex 26.175 65.38 99
      vertex 26.175 65.38 1.5
    endloop
  endfacet
  facet normal -0.923888 0.382663 0
    outer loop
      vertex 26.175 65.38 99
      vertex 25.3564 63.4036 1.5
      vertex 25.3564 63.4036 99
    endloop
  endfacet
  facet normal 0.382663 0.923888 -0
    outer loop
      vertex 23.38 62.585 1.5
      vertex 21.4036 63.4036 99
      vertex 23.38 62.585 99
    endloop
  endfacet
  facet normal 0.382663 0.923888 0
    outer loop
      vertex 21.4036 63.4036 99
      vertex 23.38 62.585 1.5
      vertex 21.4036 63.4036 1.5
    endloop
  endfacet
  facet normal 0.923888 0.382663 0
    outer loop
      vertex 21.4036 63.4036 99
      vertex 20.585 65.38 1.5
      vertex 20.585 65.38 99
    endloop
  endfacet
  facet normal 0.923888 0.382663 0
    outer loop
      vertex 20.585 65.38 1.5
      vertex 21.4036 63.4036 99
      vertex 21.4036 63.4036 1.5
    endloop
  endfacet
  facet normal -0.923888 -0.382663 0
    outer loop
      vertex 26.175 56.38 1.5
      vertex 25.3564 58.3564 99
      vertex 25.3564 58.3564 1.5
    endloop
  endfacet
  facet normal -0.923888 -0.382663 0
    outer loop
      vertex 25.3564 58.3564 99
      vertex 26.175 56.38 1.5
      vertex 26.175 56.38 99
    endloop
  endfacet
  facet normal 0.923888 -0.382663 0
    outer loop
      vertex 20.585 56.38 99
      vertex 21.4036 58.3564 1.5
      vertex 21.4036 58.3564 99
    endloop
  endfacet
  facet normal 0.923888 -0.382663 0
    outer loop
      vertex 21.4036 58.3564 1.5
      vertex 20.585 56.38 99
      vertex 20.585 56.38 1.5
    endloop
  endfacet
  facet normal -0.382663 0.923888 0
    outer loop
      vertex 25.3564 54.4036 1.5
      vertex 23.38 53.585 99
      vertex 25.3564 54.4036 99
    endloop
  endfacet
  facet normal -0.382663 0.923888 0
    outer loop
      vertex 23.38 53.585 99
      vertex 25.3564 54.4036 1.5
      vertex 23.38 53.585 1.5
    endloop
  endfacet
  facet normal 0.382663 -0.923888 0
    outer loop
      vertex 21.4036 58.3564 1.5
      vertex 23.38 59.175 99
      vertex 21.4036 58.3564 99
    endloop
  endfacet
  facet normal 0.382663 -0.923888 0
    outer loop
      vertex 23.38 59.175 99
      vertex 21.4036 58.3564 1.5
      vertex 23.38 59.175 1.5
    endloop
  endfacet
  facet normal -0.382663 -0.923888 0
    outer loop
      vertex 23.38 59.175 1.5
      vertex 25.3564 58.3564 99
      vertex 23.38 59.175 99
    endloop
  endfacet
  facet normal -0.382663 -0.923888 -0
    outer loop
      vertex 25.3564 58.3564 99
      vertex 23.38 59.175 1.5
      vertex 25.3564 58.3564 1.5
    endloop
  endfacet
  facet normal -0.923888 0.382663 0
    outer loop
      vertex 25.3564 54.4036 1.5
      vertex 26.175 56.38 99
      vertex 26.175 56.38 1.5
    endloop
  endfacet
  facet normal -0.923888 0.382663 0
    outer loop
      vertex 26.175 56.38 99
      vertex 25.3564 54.4036 1.5
      vertex 25.3564 54.4036 99
    endloop
  endfacet
  facet normal 0 0 1
    outer loop
      vertex 25.3564 58.3564 1.5
      vertex 25.3564 54.4036 1.5
      vertex 26.175 56.38 1.5
    endloop
  endfacet
  facet normal 0 0 1
    outer loop
      vertex 23.38 59.175 1.5
      vertex 25.3564 54.4036 1.5
      vertex 25.3564 58.3564 1.5
    endloop
  endfacet
  facet normal 0 0 1
    outer loop
      vertex 23.38 59.175 1.5
      vertex 23.38 53.585 1.5
      vertex 25.3564 54.4036 1.5
    endloop
  endfacet
  facet normal -0 0 1
    outer loop
      vertex 21.4036 58.3564 1.5
      vertex 23.38 53.585 1.5
      vertex 23.38 59.175 1.5
    endloop
  endfacet
  facet normal 0 0 1
    outer loop
      vertex 21.4036 58.3564 1.5
      vertex 21.4036 54.4036 1.5
      vertex 23.38 53.585 1.5
    endloop
  endfacet
  facet normal 0 -0 1
    outer loop
      vertex 21.4036 54.4036 1.5
      vertex 21.4036 58.3564 1.5
      vertex 20.585 56.38 1.5
    endloop
  endfacet
  facet normal 0.382663 0.923888 -0
    outer loop
      vertex 23.38 53.585 1.5
      vertex 21.4036 54.4036 99
      vertex 23.38 53.585 99
    endloop
  endfacet
  facet normal 0.382663 0.923888 0
    outer loop
      vertex 21.4036 54.4036 99
      vertex 23.38 53.585 1.5
      vertex 21.4036 54.4036 1.5
    endloop
  endfacet
  facet normal 0.923888 0.382663 0
    outer loop
      vertex 21.4036 54.4036 99
      vertex 20.585 56.38 1.5
      vertex 20.585 56.38 99
    endloop
  endfacet
  facet normal 0.923888 0.382663 0
    outer loop
      vertex 20.585 56.38 1.5
      vertex 21.4036 54.4036 99
      vertex 21.4036 54.4036 1.5
    endloop
  endfacet
  facet normal -0.923888 -0.382663 0
    outer loop
      vertex 26.175 47.38 1.5
      vertex 25.3564 49.3564 99
      vertex 25.3564 49.3564 1.5
    endloop
  endfacet
  facet normal -0.923888 -0.382663 0
    outer loop
      vertex 25.3564 49.3564 99
      vertex 26.175 47.38 1.5
      vertex 26.175 47.38 99
    endloop
  endfacet
  facet normal 0.923888 -0.382663 0
    outer loop
      vertex 20.585 47.38 99
      vertex 21.4036 49.3564 1.5
      vertex 21.4036 49.3564 99
    endloop
  endfacet
  facet normal 0.923888 -0.382663 0
    outer loop
      vertex 21.4036 49.3564 1.5
      vertex 20.585 47.38 99
      vertex 20.585 47.38 1.5
    endloop
  endfacet
  facet normal -0.382663 0.923888 0
    outer loop
      vertex 25.3564 45.4036 1.5
      vertex 23.38 44.585 99
      vertex 25.3564 45.4036 99
    endloop
  endfacet
  facet normal -0.382663 0.923888 0
    outer loop
      vertex 23.38 44.585 99
      vertex 25.3564 45.4036 1.5
      vertex 23.38 44.585 1.5
    endloop
  endfacet
  facet normal 0.382663 -0.923888 0
    outer loop
      vertex 21.4036 49.3564 1.5
      vertex 23.38 50.175 99
      vertex 21.4036 49.3564 99
    endloop
  endfacet
  facet normal 0.382663 -0.923888 0
    outer loop
      vertex 23.38 50.175 99
      vertex 21.4036 49.3564 1.5
      vertex 23.38 50.175 1.5
    endloop
  endfacet
  facet normal -0.382663 -0.923888 0
    outer loop
      vertex 23.38 50.175 1.5
      vertex 25.3564 49.3564 99
      vertex 23.38 50.175 99
    endloop
  endfacet
  facet normal -0.382663 -0.923888 -0
    outer loop
      vertex 25.3564 49.3564 99
      vertex 23.38 50.175 1.5
      vertex 25.3564 49.3564 1.5
    endloop
  endfacet
  facet normal 0 0 1
    outer loop
      vertex 25.3564 49.3564 1.5
      vertex 25.3564 45.4036 1.5
      vertex 26.175 47.38 1.5
    endloop
  endfacet
  facet normal 0 0 1
    outer loop
      vertex 23.38 50.175 1.5
      vertex 25.3564 45.4036 1.5
      vertex 25.3564 49.3564 1.5
    endloop
  endfacet
  facet normal 0 0 1
    outer loop
      vertex 23.38 50.175 1.5
      vertex 23.38 44.585 1.5
      vertex 25.3564 45.4036 1.5
    endloop
  endfacet
  facet normal -0 0 1
    outer loop
      vertex 21.4036 49.3564 1.5
      vertex 23.38 44.585 1.5
      vertex 23.38 50.175 1.5
    endloop
  endfacet
  facet normal 0 0 1
    outer loop
      vertex 21.4036 49.3564 1.5
      vertex 21.4036 45.4036 1.5
      vertex 23.38 44.585 1.5
    endloop
  endfacet
  facet normal 0 -0 1
    outer loop
      vertex 21.4036 45.4036 1.5
      vertex 21.4036 49.3564 1.5
      vertex 20.585 47.38 1.5
    endloop
  endfacet
  facet normal -0.923888 0.382663 0
    outer loop
      vertex 25.3564 45.4036 1.5
      vertex 26.175 47.38 99
      vertex 26.175 47.38 1.5
    endloop
  endfacet
  facet normal -0.923888 0.382663 0
    outer loop
      vertex 26.175 47.38 99
      vertex 25.3564 45.4036 1.5
      vertex 25.3564 45.4036 99
    endloop
  endfacet
  facet normal 0.382663 0.923888 -0
    outer loop
      vertex 23.38 44.585 1.5
      vertex 21.4036 45.4036 99
      vertex 23.38 44.585 99
    endloop
  endfacet
  facet normal 0.382663 0.923888 0
    outer loop
      vertex 21.4036 45.4036 99
      vertex 23.38 44.585 1.5
      vertex 21.4036 45.4036 1.5
    endloop
  endfacet
  facet normal 0.923888 0.382663 0
    outer loop
      vertex 21.4036 45.4036 99
      vertex 20.585 47.38 1.5
      vertex 20.585 47.38 99
    endloop
  endfacet
  facet normal 0.923888 0.382663 0
    outer loop
      vertex 20.585 47.38 1.5
      vertex 21.4036 45.4036 99
      vertex 21.4036 45.4036 1.5
    endloop
  endfacet
  facet normal -0.923888 -0.382663 0
    outer loop
      vertex 26.175 38.38 1.5
      vertex 25.3564 40.3564 99
      vertex 25.3564 40.3564 1.5
    endloop
  endfacet
  facet normal -0.923888 -0.382663 0
    outer loop
      vertex 25.3564 40.3564 99
      vertex 26.175 38.38 1.5
      vertex 26.175 38.38 99
    endloop
  endfacet
  facet normal 0.923888 -0.382663 0
    outer loop
      vertex 20.585 38.38 99
      vertex 21.4036 40.3564 1.5
      vertex 21.4036 40.3564 99
    endloop
  endfacet
  facet normal 0.923888 -0.382663 0
    outer loop
      vertex 21.4036 40.3564 1.5
      vertex 20.585 38.38 99
      vertex 20.585 38.38 1.5
    endloop
  endfacet
  facet normal -0.382663 0.923888 0
    outer loop
      vertex 25.3564 36.4036 1.5
      vertex 23.38 35.585 99
      vertex 25.3564 36.4036 99
    endloop
  endfacet
  facet normal -0.382663 0.923888 0
    outer loop
      vertex 23.38 35.585 99
      vertex 25.3564 36.4036 1.5
      vertex 23.38 35.585 1.5
    endloop
  endfacet
  facet normal 0.382663 -0.923888 0
    outer loop
      vertex 21.4036 40.3564 1.5
      vertex 23.38 41.175 99
      vertex 21.4036 40.3564 99
    endloop
  endfacet
  facet normal 0.382663 -0.923888 0
    outer loop
      vertex 23.38 41.175 99
      vertex 21.4036 40.3564 1.5
      vertex 23.38 41.175 1.5
    endloop
  endfacet
  facet normal -0.382663 -0.923888 0
    outer loop
      vertex 23.38 41.175 1.5
      vertex 25.3564 40.3564 99
      vertex 23.38 41.175 99
    endloop
  endfacet
  facet normal -0.382663 -0.923888 -0
    outer loop
      vertex 25.3564 40.3564 99
      vertex 23.38 41.175 1.5
      vertex 25.3564 40.3564 1.5
    endloop
  endfacet
  facet normal -0.923888 0.382663 0
    outer loop
      vertex 25.3564 36.4036 1.5
      vertex 26.175 38.38 99
      vertex 26.175 38.38 1.5
    endloop
  endfacet
  facet normal -0.923888 0.382663 0
    outer loop
      vertex 26.175 38.38 99
      vertex 25.3564 36.4036 1.5
      vertex 25.3564 36.4036 99
    endloop
  endfacet
  facet normal 0.923888 0.382663 0
    outer loop
      vertex 21.4036 36.4036 99
      vertex 20.585 38.38 1.5
      vertex 20.585 38.38 99
    endloop
  endfacet
  facet normal 0.923888 0.382663 0
    outer loop
      vertex 20.585 38.38 1.5
      vertex 21.4036 36.4036 99
      vertex 21.4036 36.4036 1.5
    endloop
  endfacet
  facet normal 0 0 1
    outer loop
      vertex 25.3564 40.3564 1.5
      vertex 25.3564 36.4036 1.5
      vertex 26.175 38.38 1.5
    endloop
  endfacet
  facet normal 0 0 1
    outer loop
      vertex 23.38 41.175 1.5
      vertex 25.3564 36.4036 1.5
      vertex 25.3564 40.3564 1.5
    endloop
  endfacet
  facet normal 0 0 1
    outer loop
      vertex 23.38 41.175 1.5
      vertex 23.38 35.585 1.5
      vertex 25.3564 36.4036 1.5
    endloop
  endfacet
  facet normal -0 0 1
    outer loop
      vertex 21.4036 40.3564 1.5
      vertex 23.38 35.585 1.5
      vertex 23.38 41.175 1.5
    endloop
  endfacet
  facet normal 0 0 1
    outer loop
      vertex 21.4036 40.3564 1.5
      vertex 21.4036 36.4036 1.5
      vertex 23.38 35.585 1.5
    endloop
  endfacet
  facet normal 0 -0 1
    outer loop
      vertex 21.4036 36.4036 1.5
      vertex 21.4036 40.3564 1.5
      vertex 20.585 38.38 1.5
    endloop
  endfacet
  facet normal 0.382663 0.923888 -0
    outer loop
      vertex 23.38 35.585 1.5
      vertex 21.4036 36.4036 99
      vertex 23.38 35.585 99
    endloop
  endfacet
  facet normal 0.382663 0.923888 0
    outer loop
      vertex 21.4036 36.4036 99
      vertex 23.38 35.585 1.5
      vertex 21.4036 36.4036 1.5
    endloop
  endfacet
  facet normal -0.923888 -0.382663 0
    outer loop
      vertex 26.175 29.38 1.5
      vertex 25.3564 31.3564 99
      vertex 25.3564 31.3564 1.5
    endloop
  endfacet
  facet normal -0.923888 -0.382663 0
    outer loop
      vertex 25.3564 31.3564 99
      vertex 26.175 29.38 1.5
      vertex 26.175 29.38 99
    endloop
  endfacet
  facet normal 0.923888 -0.382663 0
    outer loop
      vertex 20.585 29.38 99
      vertex 21.4036 31.3564 1.5
      vertex 21.4036 31.3564 99
    endloop
  endfacet
  facet normal 0.923888 -0.382663 0
    outer loop
      vertex 21.4036 31.3564 1.5
      vertex 20.585 29.38 99
      vertex 20.585 29.38 1.5
    endloop
  endfacet
  facet normal -0.382663 0.923888 0
    outer loop
      vertex 25.3564 27.4036 1.5
      vertex 23.38 26.585 99
      vertex 25.3564 27.4036 99
    endloop
  endfacet
  facet normal -0.382663 0.923888 0
    outer loop
      vertex 23.38 26.585 99
      vertex 25.3564 27.4036 1.5
      vertex 23.38 26.585 1.5
    endloop
  endfacet
  facet normal 0.382663 -0.923888 0
    outer loop
      vertex 21.4036 31.3564 1.5
      vertex 23.38 32.175 99
      vertex 21.4036 31.3564 99
    endloop
  endfacet
  facet normal 0.382663 -0.923888 0
    outer loop
      vertex 23.38 32.175 99
      vertex 21.4036 31.3564 1.5
      vertex 23.38 32.175 1.5
    endloop
  endfacet
  facet normal -0.382663 -0.923888 0
    outer loop
      vertex 23.38 32.175 1.5
      vertex 25.3564 31.3564 99
      vertex 23.38 32.175 99
    endloop
  endfacet
  facet normal -0.382663 -0.923888 -0
    outer loop
      vertex 25.3564 31.3564 99
      vertex 23.38 32.175 1.5
      vertex 25.3564 31.3564 1.5
    endloop
  endfacet
  facet normal -0.923888 0.382663 0
    outer loop
      vertex 25.3564 27.4036 1.5
      vertex 26.175 29.38 99
      vertex 26.175 29.38 1.5
    endloop
  endfacet
  facet normal -0.923888 0.382663 0
    outer loop
      vertex 26.175 29.38 99
      vertex 25.3564 27.4036 1.5
      vertex 25.3564 27.4036 99
    endloop
  endfacet
  facet normal 0.923888 0.382663 0
    outer loop
      vertex 21.4036 27.4036 99
      vertex 20.585 29.38 1.5
      vertex 20.585 29.38 99
    endloop
  endfacet
  facet normal 0.923888 0.382663 0
    outer loop
      vertex 20.585 29.38 1.5
      vertex 21.4036 27.4036 99
      vertex 21.4036 27.4036 1.5
    endloop
  endfacet
  facet normal 0 0 1
    outer loop
      vertex 25.3564 31.3564 1.5
      vertex 25.3564 27.4036 1.5
      vertex 26.175 29.38 1.5
    endloop
  endfacet
  facet normal 0 0 1
    outer loop
      vertex 23.38 32.175 1.5
      vertex 25.3564 27.4036 1.5
      vertex 25.3564 31.3564 1.5
    endloop
  endfacet
  facet normal 0 0 1
    outer loop
      vertex 23.38 32.175 1.5
      vertex 23.38 26.585 1.5
      vertex 25.3564 27.4036 1.5
    endloop
  endfacet
  facet normal -0 0 1
    outer loop
      vertex 21.4036 31.3564 1.5
      vertex 23.38 26.585 1.5
      vertex 23.38 32.175 1.5
    endloop
  endfacet
  facet normal 0 0 1
    outer loop
      vertex 21.4036 31.3564 1.5
      vertex 21.4036 27.4036 1.5
      vertex 23.38 26.585 1.5
    endloop
  endfacet
  facet normal 0 -0 1
    outer loop
      vertex 21.4036 27.4036 1.5
      vertex 21.4036 31.3564 1.5
      vertex 20.585 29.38 1.5
    endloop
  endfacet
  facet normal 0.382663 0.923888 -0
    outer loop
      vertex 23.38 26.585 1.5
      vertex 21.4036 27.4036 99
      vertex 23.38 26.585 99
    endloop
  endfacet
  facet normal 0.382663 0.923888 0
    outer loop
      vertex 21.4036 27.4036 99
      vertex 23.38 26.585 1.5
      vertex 21.4036 27.4036 1.5
    endloop
  endfacet
  facet normal -0.923888 -0.382663 0
    outer loop
      vertex 26.175 20.38 1.5
      vertex 25.3564 22.3564 99
      vertex 25.3564 22.3564 1.5
    endloop
  endfacet
  facet normal -0.923888 -0.382663 0
    outer loop
      vertex 25.3564 22.3564 99
      vertex 26.175 20.38 1.5
      vertex 26.175 20.38 99
    endloop
  endfacet
  facet normal 0.923888 -0.382663 0
    outer loop
      vertex 20.585 20.38 99
      vertex 21.4036 22.3564 1.5
      vertex 21.4036 22.3564 99
    endloop
  endfacet
  facet normal 0.923888 -0.382663 0
    outer loop
      vertex 21.4036 22.3564 1.5
      vertex 20.585 20.38 99
      vertex 20.585 20.38 1.5
    endloop
  endfacet
  facet normal -0.382663 0.923888 0
    outer loop
      vertex 25.3564 18.4036 1.5
      vertex 23.38 17.585 99
      vertex 25.3564 18.4036 99
    endloop
  endfacet
  facet normal -0.382663 0.923888 0
    outer loop
      vertex 23.38 17.585 99
      vertex 25.3564 18.4036 1.5
      vertex 23.38 17.585 1.5
    endloop
  endfacet
  facet normal 0.382663 -0.923888 0
    outer loop
      vertex 21.4036 22.3564 1.5
      vertex 23.38 23.175 99
      vertex 21.4036 22.3564 99
    endloop
  endfacet
  facet normal 0.382663 -0.923888 0
    outer loop
      vertex 23.38 23.175 99
      vertex 21.4036 22.3564 1.5
      vertex 23.38 23.175 1.5
    endloop
  endfacet
  facet normal -0.382663 -0.923888 0
    outer loop
      vertex 23.38 23.175 1.5
      vertex 25.3564 22.3564 99
      vertex 23.38 23.175 99
    endloop
  endfacet
  facet normal -0.382663 -0.923888 -0
    outer loop
      vertex 25.3564 22.3564 99
      vertex 23.38 23.175 1.5
      vertex 25.3564 22.3564 1.5
    endloop
  endfacet
  facet normal 0 0 1
    outer loop
      vertex 25.3564 22.3564 1.5
      vertex 25.3564 18.4036 1.5
      vertex 26.175 20.38 1.5
    endloop
  endfacet
  facet normal 0 0 1
    outer loop
      vertex 23.38 23.175 1.5
      vertex 25.3564 18.4036 1.5
      vertex 25.3564 22.3564 1.5
    endloop
  endfacet
  facet normal 0 0 1
    outer loop
      vertex 23.38 23.175 1.5
      vertex 23.38 17.585 1.5
      vertex 25.3564 18.4036 1.5
    endloop
  endfacet
  facet normal -0 0 1
    outer loop
      vertex 21.4036 22.3564 1.5
      vertex 23.38 17.585 1.5
      vertex 23.38 23.175 1.5
    endloop
  endfacet
  facet normal 0 0 1
    outer loop
      vertex 21.4036 22.3564 1.5
      vertex 21.4036 18.4036 1.5
      vertex 23.38 17.585 1.5
    endloop
  endfacet
  facet normal 0 -0 1
    outer loop
      vertex 21.4036 18.4036 1.5
      vertex 21.4036 22.3564 1.5
      vertex 20.585 20.38 1.5
    endloop
  endfacet
  facet normal -0.923888 0.382663 0
    outer loop
      vertex 25.3564 18.4036 1.5
      vertex 26.175 20.38 99
      vertex 26.175 20.38 1.5
    endloop
  endfacet
  facet normal -0.923888 0.382663 0
    outer loop
      vertex 26.175 20.38 99
      vertex 25.3564 18.4036 1.5
      vertex 25.3564 18.4036 99
    endloop
  endfacet
  facet normal 0.382663 0.923888 -0
    outer loop
      vertex 23.38 17.585 1.5
      vertex 21.4036 18.4036 99
      vertex 23.38 17.585 99
    endloop
  endfacet
  facet normal 0.382663 0.923888 0
    outer loop
      vertex 21.4036 18.4036 99
      vertex 23.38 17.585 1.5
      vertex 21.4036 18.4036 1.5
    endloop
  endfacet
  facet normal 0.923888 0.382663 0
    outer loop
      vertex 21.4036 18.4036 99
      vertex 20.585 20.38 1.5
      vertex 20.585 20.38 99
    endloop
  endfacet
  facet normal 0.923888 0.382663 0
    outer loop
      vertex 20.585 20.38 1.5
      vertex 21.4036 18.4036 99
      vertex 21.4036 18.4036 1.5
    endloop
  endfacet
  facet normal -0.923888 -0.382663 0
    outer loop
      vertex 26.175 11.38 1.5
      vertex 25.3564 13.3564 99
      vertex 25.3564 13.3564 1.5
    endloop
  endfacet
  facet normal -0.923888 -0.382663 0
    outer loop
      vertex 25.3564 13.3564 99
      vertex 26.175 11.38 1.5
      vertex 26.175 11.38 99
    endloop
  endfacet
  facet normal 0.923888 -0.382663 0
    outer loop
      vertex 20.585 11.38 99
      vertex 21.4036 13.3564 1.5
      vertex 21.4036 13.3564 99
    endloop
  endfacet
  facet normal 0.923888 -0.382663 0
    outer loop
      vertex 21.4036 13.3564 1.5
      vertex 20.585 11.38 99
      vertex 20.585 11.38 1.5
    endloop
  endfacet
  facet normal -0.382679 0.923881 0
    outer loop
      vertex 25.3564 9.40364 1.5
      vertex 23.38 8.585 99
      vertex 25.3564 9.40364 99
    endloop
  endfacet
  facet normal -0.382679 0.923881 0
    outer loop
      vertex 23.38 8.585 99
      vertex 25.3564 9.40364 1.5
      vertex 23.38 8.585 1.5
    endloop
  endfacet
  facet normal 0.382663 -0.923888 0
    outer loop
      vertex 21.4036 13.3564 1.5
      vertex 23.38 14.175 99
      vertex 21.4036 13.3564 99
    endloop
  endfacet
  facet normal 0.382663 -0.923888 0
    outer loop
      vertex 23.38 14.175 99
      vertex 21.4036 13.3564 1.5
      vertex 23.38 14.175 1.5
    endloop
  endfacet
  facet normal -0.382663 -0.923888 0
    outer loop
      vertex 23.38 14.175 1.5
      vertex 25.3564 13.3564 99
      vertex 23.38 14.175 99
    endloop
  endfacet
  facet normal -0.382663 -0.923888 -0
    outer loop
      vertex 25.3564 13.3564 99
      vertex 23.38 14.175 1.5
      vertex 25.3564 13.3564 1.5
    endloop
  endfacet
  facet normal -0.923885 0.382669 0
    outer loop
      vertex 25.3564 9.40364 1.5
      vertex 26.175 11.38 99
      vertex 26.175 11.38 1.5
    endloop
  endfacet
  facet normal -0.923885 0.382669 0
    outer loop
      vertex 26.175 11.38 99
      vertex 25.3564 9.40364 1.5
      vertex 25.3564 9.40364 99
    endloop
  endfacet
  facet normal 0.923885 0.382669 0
    outer loop
      vertex 21.4036 9.40364 99
      vertex 20.585 11.38 1.5
      vertex 20.585 11.38 99
    endloop
  endfacet
  facet normal 0.923885 0.382669 0
    outer loop
      vertex 20.585 11.38 1.5
      vertex 21.4036 9.40364 99
      vertex 21.4036 9.40364 1.5
    endloop
  endfacet
  facet normal 0 0 1
    outer loop
      vertex 25.3564 13.3564 1.5
      vertex 25.3564 9.40364 1.5
      vertex 26.175 11.38 1.5
    endloop
  endfacet
  facet normal 0 0 1
    outer loop
      vertex 23.38 14.175 1.5
      vertex 25.3564 9.40364 1.5
      vertex 25.3564 13.3564 1.5
    endloop
  endfacet
  facet normal 0 0 1
    outer loop
      vertex 23.38 14.175 1.5
      vertex 23.38 8.585 1.5
      vertex 25.3564 9.40364 1.5
    endloop
  endfacet
  facet normal -0 0 1
    outer loop
      vertex 21.4036 13.3564 1.5
      vertex 23.38 8.585 1.5
      vertex 23.38 14.175 1.5
    endloop
  endfacet
  facet normal 0 0 1
    outer loop
      vertex 21.4036 13.3564 1.5
      vertex 21.4036 9.40364 1.5
      vertex 23.38 8.585 1.5
    endloop
  endfacet
  facet normal 0 -0 1
    outer loop
      vertex 21.4036 9.40364 1.5
      vertex 21.4036 13.3564 1.5
      vertex 20.585 11.38 1.5
    endloop
  endfacet
  facet normal 0.382679 0.923881 -0
    outer loop
      vertex 23.38 8.585 1.5
      vertex 21.4036 9.40364 99
      vertex 23.38 8.585 99
    endloop
  endfacet
  facet normal 0.382679 0.923881 0
    outer loop
      vertex 21.4036 9.40364 99
      vertex 23.38 8.585 1.5
      vertex 21.4036 9.40364 1.5
    endloop
  endfacet
  facet normal -0.923888 -0.382663 0
    outer loop
      vertex 35.175 74.38 1.5
      vertex 34.3564 76.3564 99
      vertex 34.3564 76.3564 1.5
    endloop
  endfacet
  facet normal -0.923888 -0.382663 0
    outer loop
      vertex 34.3564 76.3564 99
      vertex 35.175 74.38 1.5
      vertex 35.175 74.38 99
    endloop
  endfacet
  facet normal 0.923888 -0.382663 0
    outer loop
      vertex 29.585 74.38 99
      vertex 30.4036 76.3564 1.5
      vertex 30.4036 76.3564 99
    endloop
  endfacet
  facet normal 0.923888 -0.382663 0
    outer loop
      vertex 30.4036 76.3564 1.5
      vertex 29.585 74.38 99
      vertex 29.585 74.38 1.5
    endloop
  endfacet
  facet normal -0.382663 0.923888 0
    outer loop
      vertex 34.3564 72.4036 1.5
      vertex 32.38 71.585 99
      vertex 34.3564 72.4036 99
    endloop
  endfacet
  facet normal -0.382663 0.923888 0
    outer loop
      vertex 32.38 71.585 99
      vertex 34.3564 72.4036 1.5
      vertex 32.38 71.585 1.5
    endloop
  endfacet
  facet normal 0.382663 -0.923888 0
    outer loop
      vertex 30.4036 76.3564 1.5
      vertex 32.38 77.175 99
      vertex 30.4036 76.3564 99
    endloop
  endfacet
  facet normal 0.382663 -0.923888 0
    outer loop
      vertex 32.38 77.175 99
      vertex 30.4036 76.3564 1.5
      vertex 32.38 77.175 1.5
    endloop
  endfacet
  facet normal -0.382663 -0.923888 0
    outer loop
      vertex 32.38 77.175 1.5
      vertex 34.3564 76.3564 99
      vertex 32.38 77.175 99
    endloop
  endfacet
  facet normal -0.382663 -0.923888 -0
    outer loop
      vertex 34.3564 76.3564 99
      vertex 32.38 77.175 1.5
      vertex 34.3564 76.3564 1.5
    endloop
  endfacet
  facet normal -0.923888 0.382663 0
    outer loop
      vertex 34.3564 72.4036 1.5
      vertex 35.175 74.38 99
      vertex 35.175 74.38 1.5
    endloop
  endfacet
  facet normal -0.923888 0.382663 0
    outer loop
      vertex 35.175 74.38 99
      vertex 34.3564 72.4036 1.5
      vertex 34.3564 72.4036 99
    endloop
  endfacet
  facet normal 0.923888 0.382663 0
    outer loop
      vertex 30.4036 72.4036 99
      vertex 29.585 74.38 1.5
      vertex 29.585 74.38 99
    endloop
  endfacet
  facet normal 0.923888 0.382663 0
    outer loop
      vertex 29.585 74.38 1.5
      vertex 30.4036 72.4036 99
      vertex 30.4036 72.4036 1.5
    endloop
  endfacet
  facet normal 0 0 1
    outer loop
      vertex 34.3564 76.3564 1.5
      vertex 34.3564 72.4036 1.5
      vertex 35.175 74.38 1.5
    endloop
  endfacet
  facet normal 0 0 1
    outer loop
      vertex 32.38 77.175 1.5
      vertex 34.3564 72.4036 1.5
      vertex 34.3564 76.3564 1.5
    endloop
  endfacet
  facet normal 0 0 1
    outer loop
      vertex 32.38 77.175 1.5
      vertex 32.38 71.585 1.5
      vertex 34.3564 72.4036 1.5
    endloop
  endfacet
  facet normal -0 0 1
    outer loop
      vertex 30.4036 76.3564 1.5
      vertex 32.38 71.585 1.5
      vertex 32.38 77.175 1.5
    endloop
  endfacet
  facet normal 0 0 1
    outer loop
      vertex 30.4036 76.3564 1.5
      vertex 30.4036 72.4036 1.5
      vertex 32.38 71.585 1.5
    endloop
  endfacet
  facet normal 0 -0 1
    outer loop
      vertex 30.4036 72.4036 1.5
      vertex 30.4036 76.3564 1.5
      vertex 29.585 74.38 1.5
    endloop
  endfacet
  facet normal 0.382663 0.923888 -0
    outer loop
      vertex 32.38 71.585 1.5
      vertex 30.4036 72.4036 99
      vertex 32.38 71.585 99
    endloop
  endfacet
  facet normal 0.382663 0.923888 0
    outer loop
      vertex 30.4036 72.4036 99
      vertex 32.38 71.585 1.5
      vertex 30.4036 72.4036 1.5
    endloop
  endfacet
  facet normal -0.923888 -0.382663 0
    outer loop
      vertex 35.175 65.38 1.5
      vertex 34.3564 67.3564 99
      vertex 34.3564 67.3564 1.5
    endloop
  endfacet
  facet normal -0.923888 -0.382663 0
    outer loop
      vertex 34.3564 67.3564 99
      vertex 35.175 65.38 1.5
      vertex 35.175 65.38 99
    endloop
  endfacet
  facet normal 0.923888 -0.382663 0
    outer loop
      vertex 29.585 65.38 99
      vertex 30.4036 67.3564 1.5
      vertex 30.4036 67.3564 99
    endloop
  endfacet
  facet normal 0.923888 -0.382663 0
    outer loop
      vertex 30.4036 67.3564 1.5
      vertex 29.585 65.38 99
      vertex 29.585 65.38 1.5
    endloop
  endfacet
  facet normal -0.382663 0.923888 0
    outer loop
      vertex 34.3564 63.4036 1.5
      vertex 32.38 62.585 99
      vertex 34.3564 63.4036 99
    endloop
  endfacet
  facet normal -0.382663 0.923888 0
    outer loop
      vertex 32.38 62.585 99
      vertex 34.3564 63.4036 1.5
      vertex 32.38 62.585 1.5
    endloop
  endfacet
  facet normal 0.382663 -0.923888 0
    outer loop
      vertex 30.4036 67.3564 1.5
      vertex 32.38 68.175 99
      vertex 30.4036 67.3564 99
    endloop
  endfacet
  facet normal 0.382663 -0.923888 0
    outer loop
      vertex 32.38 68.175 99
      vertex 30.4036 67.3564 1.5
      vertex 32.38 68.175 1.5
    endloop
  endfacet
  facet normal -0.382663 -0.923888 0
    outer loop
      vertex 32.38 68.175 1.5
      vertex 34.3564 67.3564 99
      vertex 32.38 68.175 99
    endloop
  endfacet
  facet normal -0.382663 -0.923888 -0
    outer loop
      vertex 34.3564 67.3564 99
      vertex 32.38 68.175 1.5
      vertex 34.3564 67.3564 1.5
    endloop
  endfacet
  facet normal 0.923888 0.382663 0
    outer loop
      vertex 30.4036 63.4036 99
      vertex 29.585 65.38 1.5
      vertex 29.585 65.38 99
    endloop
  endfacet
  facet normal 0.923888 0.382663 0
    outer loop
      vertex 29.585 65.38 1.5
      vertex 30.4036 63.4036 99
      vertex 30.4036 63.4036 1.5
    endloop
  endfacet
  facet normal 0 0 1
    outer loop
      vertex 34.3564 67.3564 1.5
      vertex 34.3564 63.4036 1.5
      vertex 35.175 65.38 1.5
    endloop
  endfacet
  facet normal 0 0 1
    outer loop
      vertex 32.38 68.175 1.5
      vertex 34.3564 63.4036 1.5
      vertex 34.3564 67.3564 1.5
    endloop
  endfacet
  facet normal 0 0 1
    outer loop
      vertex 32.38 68.175 1.5
      vertex 32.38 62.585 1.5
      vertex 34.3564 63.4036 1.5
    endloop
  endfacet
  facet normal -0 0 1
    outer loop
      vertex 30.4036 67.3564 1.5
      vertex 32.38 62.585 1.5
      vertex 32.38 68.175 1.5
    endloop
  endfacet
  facet normal 0 0 1
    outer loop
      vertex 30.4036 67.3564 1.5
      vertex 30.4036 63.4036 1.5
      vertex 32.38 62.585 1.5
    endloop
  endfacet
  facet normal 0 -0 1
    outer loop
      vertex 30.4036 63.4036 1.5
      vertex 30.4036 67.3564 1.5
      vertex 29.585 65.38 1.5
    endloop
  endfacet
  facet normal -0.923888 0.382663 0
    outer loop
      vertex 34.3564 63.4036 1.5
      vertex 35.175 65.38 99
      vertex 35.175 65.38 1.5
    endloop
  endfacet
  facet normal -0.923888 0.382663 0
    outer loop
      vertex 35.175 65.38 99
      vertex 34.3564 63.4036 1.5
      vertex 34.3564 63.4036 99
    endloop
  endfacet
  facet normal 0.382663 0.923888 -0
    outer loop
      vertex 32.38 62.585 1.5
      vertex 30.4036 63.4036 99
      vertex 32.38 62.585 99
    endloop
  endfacet
  facet normal 0.382663 0.923888 0
    outer loop
      vertex 30.4036 63.4036 99
      vertex 32.38 62.585 1.5
      vertex 30.4036 63.4036 1.5
    endloop
  endfacet
  facet normal -0.923888 -0.382663 0
    outer loop
      vertex 35.175 56.38 1.5
      vertex 34.3564 58.3564 99
      vertex 34.3564 58.3564 1.5
    endloop
  endfacet
  facet normal -0.923888 -0.382663 0
    outer loop
      vertex 34.3564 58.3564 99
      vertex 35.175 56.38 1.5
      vertex 35.175 56.38 99
    endloop
  endfacet
  facet normal 0.923888 -0.382663 0
    outer loop
      vertex 29.585 56.38 99
      vertex 30.4036 58.3564 1.5
      vertex 30.4036 58.3564 99
    endloop
  endfacet
  facet normal 0.923888 -0.382663 0
    outer loop
      vertex 30.4036 58.3564 1.5
      vertex 29.585 56.38 99
      vertex 29.585 56.38 1.5
    endloop
  endfacet
  facet normal -0.382663 0.923888 0
    outer loop
      vertex 34.3564 54.4036 1.5
      vertex 32.38 53.585 99
      vertex 34.3564 54.4036 99
    endloop
  endfacet
  facet normal -0.382663 0.923888 0
    outer loop
      vertex 32.38 53.585 99
      vertex 34.3564 54.4036 1.5
      vertex 32.38 53.585 1.5
    endloop
  endfacet
  facet normal 0.382663 -0.923888 0
    outer loop
      vertex 30.4036 58.3564 1.5
      vertex 32.38 59.175 99
      vertex 30.4036 58.3564 99
    endloop
  endfacet
  facet normal 0.382663 -0.923888 0
    outer loop
      vertex 32.38 59.175 99
      vertex 30.4036 58.3564 1.5
      vertex 32.38 59.175 1.5
    endloop
  endfacet
  facet normal -0.382663 -0.923888 0
    outer loop
      vertex 32.38 59.175 1.5
      vertex 34.3564 58.3564 99
      vertex 32.38 59.175 99
    endloop
  endfacet
  facet normal -0.382663 -0.923888 -0
    outer loop
      vertex 34.3564 58.3564 99
      vertex 32.38 59.175 1.5
      vertex 34.3564 58.3564 1.5
    endloop
  endfacet
  facet normal -0.923888 0.382663 0
    outer loop
      vertex 34.3564 54.4036 1.5
      vertex 35.175 56.38 99
      vertex 35.175 56.38 1.5
    endloop
  endfacet
  facet normal -0.923888 0.382663 0
    outer loop
      vertex 35.175 56.38 99
      vertex 34.3564 54.4036 1.5
      vertex 34.3564 54.4036 99
    endloop
  endfacet
  facet normal 0 0 1
    outer loop
      vertex 34.3564 58.3564 1.5
      vertex 34.3564 54.4036 1.5
      vertex 35.175 56.38 1.5
    endloop
  endfacet
  facet normal 0 0 1
    outer loop
      vertex 32.38 59.175 1.5
      vertex 34.3564 54.4036 1.5
      vertex 34.3564 58.3564 1.5
    endloop
  endfacet
  facet normal 0 0 1
    outer loop
      vertex 32.38 59.175 1.5
      vertex 32.38 53.585 1.5
      vertex 34.3564 54.4036 1.5
    endloop
  endfacet
  facet normal -0 0 1
    outer loop
      vertex 30.4036 58.3564 1.5
      vertex 32.38 53.585 1.5
      vertex 32.38 59.175 1.5
    endloop
  endfacet
  facet normal 0 0 1
    outer loop
      vertex 30.4036 58.3564 1.5
      vertex 30.4036 54.4036 1.5
      vertex 32.38 53.585 1.5
    endloop
  endfacet
  facet normal 0 -0 1
    outer loop
      vertex 30.4036 54.4036 1.5
      vertex 30.4036 58.3564 1.5
      vertex 29.585 56.38 1.5
    endloop
  endfacet
  facet normal 0.382663 0.923888 -0
    outer loop
      vertex 32.38 53.585 1.5
      vertex 30.4036 54.4036 99
      vertex 32.38 53.585 99
    endloop
  endfacet
  facet normal 0.382663 0.923888 0
    outer loop
      vertex 30.4036 54.4036 99
      vertex 32.38 53.585 1.5
      vertex 30.4036 54.4036 1.5
    endloop
  endfacet
  facet normal 0.923888 0.382663 0
    outer loop
      vertex 30.4036 54.4036 99
      vertex 29.585 56.38 1.5
      vertex 29.585 56.38 99
    endloop
  endfacet
  facet normal 0.923888 0.382663 0
    outer loop
      vertex 29.585 56.38 1.5
      vertex 30.4036 54.4036 99
      vertex 30.4036 54.4036 1.5
    endloop
  endfacet
  facet normal -0.923888 -0.382663 0
    outer loop
      vertex 35.175 47.38 1.5
      vertex 34.3564 49.3564 99
      vertex 34.3564 49.3564 1.5
    endloop
  endfacet
  facet normal -0.923888 -0.382663 0
    outer loop
      vertex 34.3564 49.3564 99
      vertex 35.175 47.38 1.5
      vertex 35.175 47.38 99
    endloop
  endfacet
  facet normal 0.923888 -0.382663 0
    outer loop
      vertex 29.585 47.38 99
      vertex 30.4036 49.3564 1.5
      vertex 30.4036 49.3564 99
    endloop
  endfacet
  facet normal 0.923888 -0.382663 0
    outer loop
      vertex 30.4036 49.3564 1.5
      vertex 29.585 47.38 99
      vertex 29.585 47.38 1.5
    endloop
  endfacet
  facet normal -0.382663 0.923888 0
    outer loop
      vertex 34.3564 45.4036 1.5
      vertex 32.38 44.585 99
      vertex 34.3564 45.4036 99
    endloop
  endfacet
  facet normal -0.382663 0.923888 0
    outer loop
      vertex 32.38 44.585 99
      vertex 34.3564 45.4036 1.5
      vertex 32.38 44.585 1.5
    endloop
  endfacet
  facet normal 0.382663 -0.923888 0
    outer loop
      vertex 30.4036 49.3564 1.5
      vertex 32.38 50.175 99
      vertex 30.4036 49.3564 99
    endloop
  endfacet
  facet normal 0.382663 -0.923888 0
    outer loop
      vertex 32.38 50.175 99
      vertex 30.4036 49.3564 1.5
      vertex 32.38 50.175 1.5
    endloop
  endfacet
  facet normal -0.382663 -0.923888 0
    outer loop
      vertex 32.38 50.175 1.5
      vertex 34.3564 49.3564 99
      vertex 32.38 50.175 99
    endloop
  endfacet
  facet normal -0.382663 -0.923888 -0
    outer loop
      vertex 34.3564 49.3564 99
      vertex 32.38 50.175 1.5
      vertex 34.3564 49.3564 1.5
    endloop
  endfacet
  facet normal 0.923888 0.382663 0
    outer loop
      vertex 30.4036 45.4036 99
      vertex 29.585 47.38 1.5
      vertex 29.585 47.38 99
    endloop
  endfacet
  facet normal 0.923888 0.382663 0
    outer loop
      vertex 29.585 47.38 1.5
      vertex 30.4036 45.4036 99
      vertex 30.4036 45.4036 1.5
    endloop
  endfacet
  facet normal 0 0 1
    outer loop
      vertex 34.3564 49.3564 1.5
      vertex 34.3564 45.4036 1.5
      vertex 35.175 47.38 1.5
    endloop
  endfacet
  facet normal 0 0 1
    outer loop
      vertex 32.38 50.175 1.5
      vertex 34.3564 45.4036 1.5
      vertex 34.3564 49.3564 1.5
    endloop
  endfacet
  facet normal 0 0 1
    outer loop
      vertex 32.38 50.175 1.5
      vertex 32.38 44.585 1.5
      vertex 34.3564 45.4036 1.5
    endloop
  endfacet
  facet normal -0 0 1
    outer loop
      vertex 30.4036 49.3564 1.5
      vertex 32.38 44.585 1.5
      vertex 32.38 50.175 1.5
    endloop
  endfacet
  facet normal 0 0 1
    outer loop
      vertex 30.4036 49.3564 1.5
      vertex 30.4036 45.4036 1.5
      vertex 32.38 44.585 1.5
    endloop
  endfacet
  facet normal 0 -0 1
    outer loop
      vertex 30.4036 45.4036 1.5
      vertex 30.4036 49.3564 1.5
      vertex 29.585 47.38 1.5
    endloop
  endfacet
  facet normal -0.923888 0.382663 0
    outer loop
      vertex 34.3564 45.4036 1.5
      vertex 35.175 47.38 99
      vertex 35.175 47.38 1.5
    endloop
  endfacet
  facet normal -0.923888 0.382663 0
    outer loop
      vertex 35.175 47.38 99
      vertex 34.3564 45.4036 1.5
      vertex 34.3564 45.4036 99
    endloop
  endfacet
  facet normal 0.382663 0.923888 -0
    outer loop
      vertex 32.38 44.585 1.5
      vertex 30.4036 45.4036 99
      vertex 32.38 44.585 99
    endloop
  endfacet
  facet normal 0.382663 0.923888 0
    outer loop
      vertex 30.4036 45.4036 99
      vertex 32.38 44.585 1.5
      vertex 30.4036 45.4036 1.5
    endloop
  endfacet
  facet normal -0.923888 -0.382663 0
    outer loop
      vertex 35.175 38.38 1.5
      vertex 34.3564 40.3564 99
      vertex 34.3564 40.3564 1.5
    endloop
  endfacet
  facet normal -0.923888 -0.382663 0
    outer loop
      vertex 34.3564 40.3564 99
      vertex 35.175 38.38 1.5
      vertex 35.175 38.38 99
    endloop
  endfacet
  facet normal 0.923888 -0.382663 0
    outer loop
      vertex 29.585 38.38 99
      vertex 30.4036 40.3564 1.5
      vertex 30.4036 40.3564 99
    endloop
  endfacet
  facet normal 0.923888 -0.382663 0
    outer loop
      vertex 30.4036 40.3564 1.5
      vertex 29.585 38.38 99
      vertex 29.585 38.38 1.5
    endloop
  endfacet
  facet normal -0.382663 0.923888 0
    outer loop
      vertex 34.3564 36.4036 1.5
      vertex 32.38 35.585 99
      vertex 34.3564 36.4036 99
    endloop
  endfacet
  facet normal -0.382663 0.923888 0
    outer loop
      vertex 32.38 35.585 99
      vertex 34.3564 36.4036 1.5
      vertex 32.38 35.585 1.5
    endloop
  endfacet
  facet normal 0.382663 -0.923888 0
    outer loop
      vertex 30.4036 40.3564 1.5
      vertex 32.38 41.175 99
      vertex 30.4036 40.3564 99
    endloop
  endfacet
  facet normal 0.382663 -0.923888 0
    outer loop
      vertex 32.38 41.175 99
      vertex 30.4036 40.3564 1.5
      vertex 32.38 41.175 1.5
    endloop
  endfacet
  facet normal -0.382663 -0.923888 0
    outer loop
      vertex 32.38 41.175 1.5
      vertex 34.3564 40.3564 99
      vertex 32.38 41.175 99
    endloop
  endfacet
  facet normal -0.382663 -0.923888 -0
    outer loop
      vertex 34.3564 40.3564 99
      vertex 32.38 41.175 1.5
      vertex 34.3564 40.3564 1.5
    endloop
  endfacet
  facet normal -0.923888 0.382663 0
    outer loop
      vertex 34.3564 36.4036 1.5
      vertex 35.175 38.38 99
      vertex 35.175 38.38 1.5
    endloop
  endfacet
  facet normal -0.923888 0.382663 0
    outer loop
      vertex 35.175 38.38 99
      vertex 34.3564 36.4036 1.5
      vertex 34.3564 36.4036 99
    endloop
  endfacet
  facet normal 0 0 1
    outer loop
      vertex 34.3564 40.3564 1.5
      vertex 34.3564 36.4036 1.5
      vertex 35.175 38.38 1.5
    endloop
  endfacet
  facet normal 0 0 1
    outer loop
      vertex 32.38 41.175 1.5
      vertex 34.3564 36.4036 1.5
      vertex 34.3564 40.3564 1.5
    endloop
  endfacet
  facet normal 0 0 1
    outer loop
      vertex 32.38 41.175 1.5
      vertex 32.38 35.585 1.5
      vertex 34.3564 36.4036 1.5
    endloop
  endfacet
  facet normal -0 0 1
    outer loop
      vertex 30.4036 40.3564 1.5
      vertex 32.38 35.585 1.5
      vertex 32.38 41.175 1.5
    endloop
  endfacet
  facet normal 0 0 1
    outer loop
      vertex 30.4036 40.3564 1.5
      vertex 30.4036 36.4036 1.5
      vertex 32.38 35.585 1.5
    endloop
  endfacet
  facet normal 0 -0 1
    outer loop
      vertex 30.4036 36.4036 1.5
      vertex 30.4036 40.3564 1.5
      vertex 29.585 38.38 1.5
    endloop
  endfacet
  facet normal 0.382663 0.923888 -0
    outer loop
      vertex 32.38 35.585 1.5
      vertex 30.4036 36.4036 99
      vertex 32.38 35.585 99
    endloop
  endfacet
  facet normal 0.382663 0.923888 0
    outer loop
      vertex 30.4036 36.4036 99
      vertex 32.38 35.585 1.5
      vertex 30.4036 36.4036 1.5
    endloop
  endfacet
  facet normal 0.923888 0.382663 0
    outer loop
      vertex 30.4036 36.4036 99
      vertex 29.585 38.38 1.5
      vertex 29.585 38.38 99
    endloop
  endfacet
  facet normal 0.923888 0.382663 0
    outer loop
      vertex 29.585 38.38 1.5
      vertex 30.4036 36.4036 99
      vertex 30.4036 36.4036 1.5
    endloop
  endfacet
  facet normal -0.923888 -0.382663 0
    outer loop
      vertex 35.175 29.38 1.5
      vertex 34.3564 31.3564 99
      vertex 34.3564 31.3564 1.5
    endloop
  endfacet
  facet normal -0.923888 -0.382663 0
    outer loop
      vertex 34.3564 31.3564 99
      vertex 35.175 29.38 1.5
      vertex 35.175 29.38 99
    endloop
  endfacet
  facet normal 0.923888 -0.382663 0
    outer loop
      vertex 29.585 29.38 99
      vertex 30.4036 31.3564 1.5
      vertex 30.4036 31.3564 99
    endloop
  endfacet
  facet normal 0.923888 -0.382663 0
    outer loop
      vertex 30.4036 31.3564 1.5
      vertex 29.585 29.38 99
      vertex 29.585 29.38 1.5
    endloop
  endfacet
  facet normal -0.382663 0.923888 0
    outer loop
      vertex 34.3564 27.4036 1.5
      vertex 32.38 26.585 99
      vertex 34.3564 27.4036 99
    endloop
  endfacet
  facet normal -0.382663 0.923888 0
    outer loop
      vertex 32.38 26.585 99
      vertex 34.3564 27.4036 1.5
      vertex 32.38 26.585 1.5
    endloop
  endfacet
  facet normal 0.382663 -0.923888 0
    outer loop
      vertex 30.4036 31.3564 1.5
      vertex 32.38 32.175 99
      vertex 30.4036 31.3564 99
    endloop
  endfacet
  facet normal 0.382663 -0.923888 0
    outer loop
      vertex 32.38 32.175 99
      vertex 30.4036 31.3564 1.5
      vertex 32.38 32.175 1.5
    endloop
  endfacet
  facet normal -0.382663 -0.923888 0
    outer loop
      vertex 32.38 32.175 1.5
      vertex 34.3564 31.3564 99
      vertex 32.38 32.175 99
    endloop
  endfacet
  facet normal -0.382663 -0.923888 -0
    outer loop
      vertex 34.3564 31.3564 99
      vertex 32.38 32.175 1.5
      vertex 34.3564 31.3564 1.5
    endloop
  endfacet
  facet normal -0.923888 0.382663 0
    outer loop
      vertex 34.3564 27.4036 1.5
      vertex 35.175 29.38 99
      vertex 35.175 29.38 1.5
    endloop
  endfacet
  facet normal -0.923888 0.382663 0
    outer loop
      vertex 35.175 29.38 99
      vertex 34.3564 27.4036 1.5
      vertex 34.3564 27.4036 99
    endloop
  endfacet
  facet normal 0 0 1
    outer loop
      vertex 34.3564 31.3564 1.5
      vertex 34.3564 27.4036 1.5
      vertex 35.175 29.38 1.5
    endloop
  endfacet
  facet normal 0 0 1
    outer loop
      vertex 32.38 32.175 1.5
      vertex 34.3564 27.4036 1.5
      vertex 34.3564 31.3564 1.5
    endloop
  endfacet
  facet normal 0 0 1
    outer loop
      vertex 32.38 32.175 1.5
      vertex 32.38 26.585 1.5
      vertex 34.3564 27.4036 1.5
    endloop
  endfacet
  facet normal -0 0 1
    outer loop
      vertex 30.4036 31.3564 1.5
      vertex 32.38 26.585 1.5
      vertex 32.38 32.175 1.5
    endloop
  endfacet
  facet normal 0 0 1
    outer loop
      vertex 30.4036 31.3564 1.5
      vertex 30.4036 27.4036 1.5
      vertex 32.38 26.585 1.5
    endloop
  endfacet
  facet normal 0 -0 1
    outer loop
      vertex 30.4036 27.4036 1.5
      vertex 30.4036 31.3564 1.5
      vertex 29.585 29.38 1.5
    endloop
  endfacet
  facet normal 0.382663 0.923888 -0
    outer loop
      vertex 32.38 26.585 1.5
      vertex 30.4036 27.4036 99
      vertex 32.38 26.585 99
    endloop
  endfacet
  facet normal 0.382663 0.923888 0
    outer loop
      vertex 30.4036 27.4036 99
      vertex 32.38 26.585 1.5
      vertex 30.4036 27.4036 1.5
    endloop
  endfacet
  facet normal 0.923888 0.382663 0
    outer loop
      vertex 30.4036 27.4036 99
      vertex 29.585 29.38 1.5
      vertex 29.585 29.38 99
    endloop
  endfacet
  facet normal 0.923888 0.382663 0
    outer loop
      vertex 29.585 29.38 1.5
      vertex 30.4036 27.4036 99
      vertex 30.4036 27.4036 1.5
    endloop
  endfacet
  facet normal -0.923888 -0.382663 0
    outer loop
      vertex 35.175 20.38 1.5
      vertex 34.3564 22.3564 99
      vertex 34.3564 22.3564 1.5
    endloop
  endfacet
  facet normal -0.923888 -0.382663 0
    outer loop
      vertex 34.3564 22.3564 99
      vertex 35.175 20.38 1.5
      vertex 35.175 20.38 99
    endloop
  endfacet
  facet normal 0.923888 -0.382663 0
    outer loop
      vertex 29.585 20.38 99
      vertex 30.4036 22.3564 1.5
      vertex 30.4036 22.3564 99
    endloop
  endfacet
  facet normal 0.923888 -0.382663 0
    outer loop
      vertex 30.4036 22.3564 1.5
      vertex 29.585 20.38 99
      vertex 29.585 20.38 1.5
    endloop
  endfacet
  facet normal -0.382663 0.923888 0
    outer loop
      vertex 34.3564 18.4036 1.5
      vertex 32.38 17.585 99
      vertex 34.3564 18.4036 99
    endloop
  endfacet
  facet normal -0.382663 0.923888 0
    outer loop
      vertex 32.38 17.585 99
      vertex 34.3564 18.4036 1.5
      vertex 32.38 17.585 1.5
    endloop
  endfacet
  facet normal 0.382663 -0.923888 0
    outer loop
      vertex 30.4036 22.3564 1.5
      vertex 32.38 23.175 99
      vertex 30.4036 22.3564 99
    endloop
  endfacet
  facet normal 0.382663 -0.923888 0
    outer loop
      vertex 32.38 23.175 99
      vertex 30.4036 22.3564 1.5
      vertex 32.38 23.175 1.5
    endloop
  endfacet
  facet normal -0.382663 -0.923888 0
    outer loop
      vertex 32.38 23.175 1.5
      vertex 34.3564 22.3564 99
      vertex 32.38 23.175 99
    endloop
  endfacet
  facet normal -0.382663 -0.923888 -0
    outer loop
      vertex 34.3564 22.3564 99
      vertex 32.38 23.175 1.5
      vertex 34.3564 22.3564 1.5
    endloop
  endfacet
  facet normal -0.923888 0.382663 0
    outer loop
      vertex 34.3564 18.4036 1.5
      vertex 35.175 20.38 99
      vertex 35.175 20.38 1.5
    endloop
  endfacet
  facet normal -0.923888 0.382663 0
    outer loop
      vertex 35.175 20.38 99
      vertex 34.3564 18.4036 1.5
      vertex 34.3564 18.4036 99
    endloop
  endfacet
  facet normal 0 0 1
    outer loop
      vertex 34.3564 22.3564 1.5
      vertex 34.3564 18.4036 1.5
      vertex 35.175 20.38 1.5
    endloop
  endfacet
  facet normal 0 0 1
    outer loop
      vertex 32.38 23.175 1.5
      vertex 34.3564 18.4036 1.5
      vertex 34.3564 22.3564 1.5
    endloop
  endfacet
  facet normal 0 0 1
    outer loop
      vertex 32.38 23.175 1.5
      vertex 32.38 17.585 1.5
      vertex 34.3564 18.4036 1.5
    endloop
  endfacet
  facet normal -0 0 1
    outer loop
      vertex 30.4036 22.3564 1.5
      vertex 32.38 17.585 1.5
      vertex 32.38 23.175 1.5
    endloop
  endfacet
  facet normal 0 0 1
    outer loop
      vertex 30.4036 22.3564 1.5
      vertex 30.4036 18.4036 1.5
      vertex 32.38 17.585 1.5
    endloop
  endfacet
  facet normal 0 -0 1
    outer loop
      vertex 30.4036 18.4036 1.5
      vertex 30.4036 22.3564 1.5
      vertex 29.585 20.38 1.5
    endloop
  endfacet
  facet normal 0.382663 0.923888 -0
    outer loop
      vertex 32.38 17.585 1.5
      vertex 30.4036 18.4036 99
      vertex 32.38 17.585 99
    endloop
  endfacet
  facet normal 0.382663 0.923888 0
    outer loop
      vertex 30.4036 18.4036 99
      vertex 32.38 17.585 1.5
      vertex 30.4036 18.4036 1.5
    endloop
  endfacet
  facet normal 0.923888 0.382663 0
    outer loop
      vertex 30.4036 18.4036 99
      vertex 29.585 20.38 1.5
      vertex 29.585 20.38 99
    endloop
  endfacet
  facet normal 0.923888 0.382663 0
    outer loop
      vertex 29.585 20.38 1.5
      vertex 30.4036 18.4036 99
      vertex 30.4036 18.4036 1.5
    endloop
  endfacet
  facet normal -0.923888 -0.382663 0
    outer loop
      vertex 35.175 11.38 1.5
      vertex 34.3564 13.3564 99
      vertex 34.3564 13.3564 1.5
    endloop
  endfacet
  facet normal -0.923888 -0.382663 0
    outer loop
      vertex 34.3564 13.3564 99
      vertex 35.175 11.38 1.5
      vertex 35.175 11.38 99
    endloop
  endfacet
  facet normal 0.923888 -0.382663 0
    outer loop
      vertex 29.585 11.38 99
      vertex 30.4036 13.3564 1.5
      vertex 30.4036 13.3564 99
    endloop
  endfacet
  facet normal 0.923888 -0.382663 0
    outer loop
      vertex 30.4036 13.3564 1.5
      vertex 29.585 11.38 99
      vertex 29.585 11.38 1.5
    endloop
  endfacet
  facet normal -0.382679 0.923881 0
    outer loop
      vertex 34.3564 9.40364 1.5
      vertex 32.38 8.585 99
      vertex 34.3564 9.40364 99
    endloop
  endfacet
  facet normal -0.382679 0.923881 0
    outer loop
      vertex 32.38 8.585 99
      vertex 34.3564 9.40364 1.5
      vertex 32.38 8.585 1.5
    endloop
  endfacet
  facet normal 0.382663 -0.923888 0
    outer loop
      vertex 30.4036 13.3564 1.5
      vertex 32.38 14.175 99
      vertex 30.4036 13.3564 99
    endloop
  endfacet
  facet normal 0.382663 -0.923888 0
    outer loop
      vertex 32.38 14.175 99
      vertex 30.4036 13.3564 1.5
      vertex 32.38 14.175 1.5
    endloop
  endfacet
  facet normal -0.382663 -0.923888 0
    outer loop
      vertex 32.38 14.175 1.5
      vertex 34.3564 13.3564 99
      vertex 32.38 14.175 99
    endloop
  endfacet
  facet normal -0.382663 -0.923888 -0
    outer loop
      vertex 34.3564 13.3564 99
      vertex 32.38 14.175 1.5
      vertex 34.3564 13.3564 1.5
    endloop
  endfacet
  facet normal -0.923885 0.382669 0
    outer loop
      vertex 34.3564 9.40364 1.5
      vertex 35.175 11.38 99
      vertex 35.175 11.38 1.5
    endloop
  endfacet
  facet normal -0.923885 0.382669 0
    outer loop
      vertex 35.175 11.38 99
      vertex 34.3564 9.40364 1.5
      vertex 34.3564 9.40364 99
    endloop
  endfacet
  facet normal 0.923885 0.382669 0
    outer loop
      vertex 30.4036 9.40364 99
      vertex 29.585 11.38 1.5
      vertex 29.585 11.38 99
    endloop
  endfacet
  facet normal 0.923885 0.382669 0
    outer loop
      vertex 29.585 11.38 1.5
      vertex 30.4036 9.40364 99
      vertex 30.4036 9.40364 1.5
    endloop
  endfacet
  facet normal 0 0 1
    outer loop
      vertex 34.3564 13.3564 1.5
      vertex 34.3564 9.40364 1.5
      vertex 35.175 11.38 1.5
    endloop
  endfacet
  facet normal 0 0 1
    outer loop
      vertex 32.38 14.175 1.5
      vertex 34.3564 9.40364 1.5
      vertex 34.3564 13.3564 1.5
    endloop
  endfacet
  facet normal 0 0 1
    outer loop
      vertex 32.38 14.175 1.5
      vertex 32.38 8.585 1.5
      vertex 34.3564 9.40364 1.5
    endloop
  endfacet
  facet normal -0 0 1
    outer loop
      vertex 30.4036 13.3564 1.5
      vertex 32.38 8.585 1.5
      vertex 32.38 14.175 1.5
    endloop
  endfacet
  facet normal 0 0 1
    outer loop
      vertex 30.4036 13.3564 1.5
      vertex 30.4036 9.40364 1.5
      vertex 32.38 8.585 1.5
    endloop
  endfacet
  facet normal 0 -0 1
    outer loop
      vertex 30.4036 9.40364 1.5
      vertex 30.4036 13.3564 1.5
      vertex 29.585 11.38 1.5
    endloop
  endfacet
  facet normal 0.382679 0.923881 -0
    outer loop
      vertex 32.38 8.585 1.5
      vertex 30.4036 9.40364 99
      vertex 32.38 8.585 99
    endloop
  endfacet
  facet normal 0.382679 0.923881 0
    outer loop
      vertex 30.4036 9.40364 99
      vertex 32.38 8.585 1.5
      vertex 30.4036 9.40364 1.5
    endloop
  endfacet
  facet normal -0.923888 -0.382663 0
    outer loop
      vertex 44.175 74.38 1.5
      vertex 43.3564 76.3564 99
      vertex 43.3564 76.3564 1.5
    endloop
  endfacet
  facet normal -0.923888 -0.382663 0
    outer loop
      vertex 43.3564 76.3564 99
      vertex 44.175 74.38 1.5
      vertex 44.175 74.38 99
    endloop
  endfacet
  facet normal 0.923888 -0.382663 0
    outer loop
      vertex 38.585 74.38 99
      vertex 39.4036 76.3564 1.5
      vertex 39.4036 76.3564 99
    endloop
  endfacet
  facet normal 0.923888 -0.382663 0
    outer loop
      vertex 39.4036 76.3564 1.5
      vertex 38.585 74.38 99
      vertex 38.585 74.38 1.5
    endloop
  endfacet
  facet normal -0.382663 0.923888 0
    outer loop
      vertex 43.3564 72.4036 1.5
      vertex 41.38 71.585 99
      vertex 43.3564 72.4036 99
    endloop
  endfacet
  facet normal -0.382663 0.923888 0
    outer loop
      vertex 41.38 71.585 99
      vertex 43.3564 72.4036 1.5
      vertex 41.38 71.585 1.5
    endloop
  endfacet
  facet normal 0.382663 -0.923888 0
    outer loop
      vertex 39.4036 76.3564 1.5
      vertex 41.38 77.175 99
      vertex 39.4036 76.3564 99
    endloop
  endfacet
  facet normal 0.382663 -0.923888 0
    outer loop
      vertex 41.38 77.175 99
      vertex 39.4036 76.3564 1.5
      vertex 41.38 77.175 1.5
    endloop
  endfacet
  facet normal -0.382663 -0.923888 0
    outer loop
      vertex 41.38 77.175 1.5
      vertex 43.3564 76.3564 99
      vertex 41.38 77.175 99
    endloop
  endfacet
  facet normal -0.382663 -0.923888 -0
    outer loop
      vertex 43.3564 76.3564 99
      vertex 41.38 77.175 1.5
      vertex 43.3564 76.3564 1.5
    endloop
  endfacet
  facet normal -0.923888 0.382663 0
    outer loop
      vertex 43.3564 72.4036 1.5
      vertex 44.175 74.38 99
      vertex 44.175 74.38 1.5
    endloop
  endfacet
  facet normal -0.923888 0.382663 0
    outer loop
      vertex 44.175 74.38 99
      vertex 43.3564 72.4036 1.5
      vertex 43.3564 72.4036 99
    endloop
  endfacet
  facet normal 0 0 1
    outer loop
      vertex 43.3564 76.3564 1.5
      vertex 43.3564 72.4036 1.5
      vertex 44.175 74.38 1.5
    endloop
  endfacet
  facet normal 0 0 1
    outer loop
      vertex 41.38 77.175 1.5
      vertex 43.3564 72.4036 1.5
      vertex 43.3564 76.3564 1.5
    endloop
  endfacet
  facet normal 0 0 1
    outer loop
      vertex 41.38 77.175 1.5
      vertex 41.38 71.585 1.5
      vertex 43.3564 72.4036 1.5
    endloop
  endfacet
  facet normal -0 0 1
    outer loop
      vertex 39.4036 76.3564 1.5
      vertex 41.38 71.585 1.5
      vertex 41.38 77.175 1.5
    endloop
  endfacet
  facet normal 0 0 1
    outer loop
      vertex 39.4036 76.3564 1.5
      vertex 39.4036 72.4036 1.5
      vertex 41.38 71.585 1.5
    endloop
  endfacet
  facet normal 0 -0 1
    outer loop
      vertex 39.4036 72.4036 1.5
      vertex 39.4036 76.3564 1.5
      vertex 38.585 74.38 1.5
    endloop
  endfacet
  facet normal 0.382663 0.923888 -0
    outer loop
      vertex 41.38 71.585 1.5
      vertex 39.4036 72.4036 99
      vertex 41.38 71.585 99
    endloop
  endfacet
  facet normal 0.382663 0.923888 0
    outer loop
      vertex 39.4036 72.4036 99
      vertex 41.38 71.585 1.5
      vertex 39.4036 72.4036 1.5
    endloop
  endfacet
  facet normal 0.923888 0.382663 0
    outer loop
      vertex 39.4036 72.4036 99
      vertex 38.585 74.38 1.5
      vertex 38.585 74.38 99
    endloop
  endfacet
  facet normal 0.923888 0.382663 0
    outer loop
      vertex 38.585 74.38 1.5
      vertex 39.4036 72.4036 99
      vertex 39.4036 72.4036 1.5
    endloop
  endfacet
  facet normal -0.923888 -0.382663 0
    outer loop
      vertex 44.175 65.38 1.5
      vertex 43.3564 67.3564 99
      vertex 43.3564 67.3564 1.5
    endloop
  endfacet
  facet normal -0.923888 -0.382663 0
    outer loop
      vertex 43.3564 67.3564 99
      vertex 44.175 65.38 1.5
      vertex 44.175 65.38 99
    endloop
  endfacet
  facet normal 0.923888 -0.382663 0
    outer loop
      vertex 38.585 65.38 99
      vertex 39.4036 67.3564 1.5
      vertex 39.4036 67.3564 99
    endloop
  endfacet
  facet normal 0.923888 -0.382663 0
    outer loop
      vertex 39.4036 67.3564 1.5
      vertex 38.585 65.38 99
      vertex 38.585 65.38 1.5
    endloop
  endfacet
  facet normal -0.382663 0.923888 0
    outer loop
      vertex 43.3564 63.4036 1.5
      vertex 41.38 62.585 99
      vertex 43.3564 63.4036 99
    endloop
  endfacet
  facet normal -0.382663 0.923888 0
    outer loop
      vertex 41.38 62.585 99
      vertex 43.3564 63.4036 1.5
      vertex 41.38 62.585 1.5
    endloop
  endfacet
  facet normal 0.382663 -0.923888 0
    outer loop
      vertex 39.4036 67.3564 1.5
      vertex 41.38 68.175 99
      vertex 39.4036 67.3564 99
    endloop
  endfacet
  facet normal 0.382663 -0.923888 0
    outer loop
      vertex 41.38 68.175 99
      vertex 39.4036 67.3564 1.5
      vertex 41.38 68.175 1.5
    endloop
  endfacet
  facet normal -0.382663 -0.923888 0
    outer loop
      vertex 41.38 68.175 1.5
      vertex 43.3564 67.3564 99
      vertex 41.38 68.175 99
    endloop
  endfacet
  facet normal -0.382663 -0.923888 -0
    outer loop
      vertex 43.3564 67.3564 99
      vertex 41.38 68.175 1.5
      vertex 43.3564 67.3564 1.5
    endloop
  endfacet
  facet normal -0.923888 0.382663 0
    outer loop
      vertex 43.3564 63.4036 1.5
      vertex 44.175 65.38 99
      vertex 44.175 65.38 1.5
    endloop
  endfacet
  facet normal -0.923888 0.382663 0
    outer loop
      vertex 44.175 65.38 99
      vertex 43.3564 63.4036 1.5
      vertex 43.3564 63.4036 99
    endloop
  endfacet
  facet normal 0.923888 0.382663 0
    outer loop
      vertex 39.4036 63.4036 99
      vertex 38.585 65.38 1.5
      vertex 38.585 65.38 99
    endloop
  endfacet
  facet normal 0.923888 0.382663 0
    outer loop
      vertex 38.585 65.38 1.5
      vertex 39.4036 63.4036 99
      vertex 39.4036 63.4036 1.5
    endloop
  endfacet
  facet normal 0 0 1
    outer loop
      vertex 43.3564 67.3564 1.5
      vertex 43.3564 63.4036 1.5
      vertex 44.175 65.38 1.5
    endloop
  endfacet
  facet normal 0 0 1
    outer loop
      vertex 41.38 68.175 1.5
      vertex 43.3564 63.4036 1.5
      vertex 43.3564 67.3564 1.5
    endloop
  endfacet
  facet normal 0 0 1
    outer loop
      vertex 41.38 68.175 1.5
      vertex 41.38 62.585 1.5
      vertex 43.3564 63.4036 1.5
    endloop
  endfacet
  facet normal -0 0 1
    outer loop
      vertex 39.4036 67.3564 1.5
      vertex 41.38 62.585 1.5
      vertex 41.38 68.175 1.5
    endloop
  endfacet
  facet normal 0 0 1
    outer loop
      vertex 39.4036 67.3564 1.5
      vertex 39.4036 63.4036 1.5
      vertex 41.38 62.585 1.5
    endloop
  endfacet
  facet normal 0 -0 1
    outer loop
      vertex 39.4036 63.4036 1.5
      vertex 39.4036 67.3564 1.5
      vertex 38.585 65.38 1.5
    endloop
  endfacet
  facet normal 0.382663 0.923888 -0
    outer loop
      vertex 41.38 62.585 1.5
      vertex 39.4036 63.4036 99
      vertex 41.38 62.585 99
    endloop
  endfacet
  facet normal 0.382663 0.923888 0
    outer loop
      vertex 39.4036 63.4036 99
      vertex 41.38 62.585 1.5
      vertex 39.4036 63.4036 1.5
    endloop
  endfacet
  facet normal -0.923888 -0.382663 0
    outer loop
      vertex 44.175 56.38 1.5
      vertex 43.3564 58.3564 99
      vertex 43.3564 58.3564 1.5
    endloop
  endfacet
  facet normal -0.923888 -0.382663 0
    outer loop
      vertex 43.3564 58.3564 99
      vertex 44.175 56.38 1.5
      vertex 44.175 56.38 99
    endloop
  endfacet
  facet normal 0.923888 -0.382663 0
    outer loop
      vertex 38.585 56.38 99
      vertex 39.4036 58.3564 1.5
      vertex 39.4036 58.3564 99
    endloop
  endfacet
  facet normal 0.923888 -0.382663 0
    outer loop
      vertex 39.4036 58.3564 1.5
      vertex 38.585 56.38 99
      vertex 38.585 56.38 1.5
    endloop
  endfacet
  facet normal -0.382663 0.923888 0
    outer loop
      vertex 43.3564 54.4036 1.5
      vertex 41.38 53.585 99
      vertex 43.3564 54.4036 99
    endloop
  endfacet
  facet normal -0.382663 0.923888 0
    outer loop
      vertex 41.38 53.585 99
      vertex 43.3564 54.4036 1.5
      vertex 41.38 53.585 1.5
    endloop
  endfacet
  facet normal 0.382663 -0.923888 0
    outer loop
      vertex 39.4036 58.3564 1.5
      vertex 41.38 59.175 99
      vertex 39.4036 58.3564 99
    endloop
  endfacet
  facet normal 0.382663 -0.923888 0
    outer loop
      vertex 41.38 59.175 99
      vertex 39.4036 58.3564 1.5
      vertex 41.38 59.175 1.5
    endloop
  endfacet
  facet normal -0.382663 -0.923888 0
    outer loop
      vertex 41.38 59.175 1.5
      vertex 43.3564 58.3564 99
      vertex 41.38 59.175 99
    endloop
  endfacet
  facet normal -0.382663 -0.923888 -0
    outer loop
      vertex 43.3564 58.3564 99
      vertex 41.38 59.175 1.5
      vertex 43.3564 58.3564 1.5
    endloop
  endfacet
  facet normal 0 0 1
    outer loop
      vertex 43.3564 58.3564 1.5
      vertex 43.3564 54.4036 1.5
      vertex 44.175 56.38 1.5
    endloop
  endfacet
  facet normal 0 0 1
    outer loop
      vertex 41.38 59.175 1.5
      vertex 43.3564 54.4036 1.5
      vertex 43.3564 58.3564 1.5
    endloop
  endfacet
  facet normal 0 0 1
    outer loop
      vertex 41.38 59.175 1.5
      vertex 41.38 53.585 1.5
      vertex 43.3564 54.4036 1.5
    endloop
  endfacet
  facet normal -0 0 1
    outer loop
      vertex 39.4036 58.3564 1.5
      vertex 41.38 53.585 1.5
      vertex 41.38 59.175 1.5
    endloop
  endfacet
  facet normal 0 0 1
    outer loop
      vertex 39.4036 58.3564 1.5
      vertex 39.4036 54.4036 1.5
      vertex 41.38 53.585 1.5
    endloop
  endfacet
  facet normal 0 -0 1
    outer loop
      vertex 39.4036 54.4036 1.5
      vertex 39.4036 58.3564 1.5
      vertex 38.585 56.38 1.5
    endloop
  endfacet
  facet normal -0.923888 0.382663 0
    outer loop
      vertex 43.3564 54.4036 1.5
      vertex 44.175 56.38 99
      vertex 44.175 56.38 1.5
    endloop
  endfacet
  facet normal -0.923888 0.382663 0
    outer loop
      vertex 44.175 56.38 99
      vertex 43.3564 54.4036 1.5
      vertex 43.3564 54.4036 99
    endloop
  endfacet
  facet normal 0.382663 0.923888 -0
    outer loop
      vertex 41.38 53.585 1.5
      vertex 39.4036 54.4036 99
      vertex 41.38 53.585 99
    endloop
  endfacet
  facet normal 0.382663 0.923888 0
    outer loop
      vertex 39.4036 54.4036 99
      vertex 41.38 53.585 1.5
      vertex 39.4036 54.4036 1.5
    endloop
  endfacet
  facet normal 0.923888 0.382663 0
    outer loop
      vertex 39.4036 54.4036 99
      vertex 38.585 56.38 1.5
      vertex 38.585 56.38 99
    endloop
  endfacet
  facet normal 0.923888 0.382663 0
    outer loop
      vertex 38.585 56.38 1.5
      vertex 39.4036 54.4036 99
      vertex 39.4036 54.4036 1.5
    endloop
  endfacet
  facet normal -0.923888 -0.382663 0
    outer loop
      vertex 44.175 47.38 1.5
      vertex 43.3564 49.3564 99
      vertex 43.3564 49.3564 1.5
    endloop
  endfacet
  facet normal -0.923888 -0.382663 0
    outer loop
      vertex 43.3564 49.3564 99
      vertex 44.175 47.38 1.5
      vertex 44.175 47.38 99
    endloop
  endfacet
  facet normal 0.923888 -0.382663 0
    outer loop
      vertex 38.585 47.38 99
      vertex 39.4036 49.3564 1.5
      vertex 39.4036 49.3564 99
    endloop
  endfacet
  facet normal 0.923888 -0.382663 0
    outer loop
      vertex 39.4036 49.3564 1.5
      vertex 38.585 47.38 99
      vertex 38.585 47.38 1.5
    endloop
  endfacet
  facet normal -0.382663 0.923888 0
    outer loop
      vertex 43.3564 45.4036 1.5
      vertex 41.38 44.585 99
      vertex 43.3564 45.4036 99
    endloop
  endfacet
  facet normal -0.382663 0.923888 0
    outer loop
      vertex 41.38 44.585 99
      vertex 43.3564 45.4036 1.5
      vertex 41.38 44.585 1.5
    endloop
  endfacet
  facet normal 0.382663 -0.923888 0
    outer loop
      vertex 39.4036 49.3564 1.5
      vertex 41.38 50.175 99
      vertex 39.4036 49.3564 99
    endloop
  endfacet
  facet normal 0.382663 -0.923888 0
    outer loop
      vertex 41.38 50.175 99
      vertex 39.4036 49.3564 1.5
      vertex 41.38 50.175 1.5
    endloop
  endfacet
  facet normal -0.382663 -0.923888 0
    outer loop
      vertex 41.38 50.175 1.5
      vertex 43.3564 49.3564 99
      vertex 41.38 50.175 99
    endloop
  endfacet
  facet normal -0.382663 -0.923888 -0
    outer loop
      vertex 43.3564 49.3564 99
      vertex 41.38 50.175 1.5
      vertex 43.3564 49.3564 1.5
    endloop
  endfacet
  facet normal -0.923888 0.382663 0
    outer loop
      vertex 43.3564 45.4036 1.5
      vertex 44.175 47.38 99
      vertex 44.175 47.38 1.5
    endloop
  endfacet
  facet normal -0.923888 0.382663 0
    outer loop
      vertex 44.175 47.38 99
      vertex 43.3564 45.4036 1.5
      vertex 43.3564 45.4036 99
    endloop
  endfacet
  facet normal 0 0 1
    outer loop
      vertex 43.3564 49.3564 1.5
      vertex 43.3564 45.4036 1.5
      vertex 44.175 47.38 1.5
    endloop
  endfacet
  facet normal 0 0 1
    outer loop
      vertex 41.38 50.175 1.5
      vertex 43.3564 45.4036 1.5
      vertex 43.3564 49.3564 1.5
    endloop
  endfacet
  facet normal 0 0 1
    outer loop
      vertex 41.38 50.175 1.5
      vertex 41.38 44.585 1.5
      vertex 43.3564 45.4036 1.5
    endloop
  endfacet
  facet normal -0 0 1
    outer loop
      vertex 39.4036 49.3564 1.5
      vertex 41.38 44.585 1.5
      vertex 41.38 50.175 1.5
    endloop
  endfacet
  facet normal 0 0 1
    outer loop
      vertex 39.4036 49.3564 1.5
      vertex 39.4036 45.4036 1.5
      vertex 41.38 44.585 1.5
    endloop
  endfacet
  facet normal 0 -0 1
    outer loop
      vertex 39.4036 45.4036 1.5
      vertex 39.4036 49.3564 1.5
      vertex 38.585 47.38 1.5
    endloop
  endfacet
  facet normal 0.382663 0.923888 -0
    outer loop
      vertex 41.38 44.585 1.5
      vertex 39.4036 45.4036 99
      vertex 41.38 44.585 99
    endloop
  endfacet
  facet normal 0.382663 0.923888 0
    outer loop
      vertex 39.4036 45.4036 99
      vertex 41.38 44.585 1.5
      vertex 39.4036 45.4036 1.5
    endloop
  endfacet
  facet normal 0.923888 0.382663 0
    outer loop
      vertex 39.4036 45.4036 99
      vertex 38.585 47.38 1.5
      vertex 38.585 47.38 99
    endloop
  endfacet
  facet normal 0.923888 0.382663 0
    outer loop
      vertex 38.585 47.38 1.5
      vertex 39.4036 45.4036 99
      vertex 39.4036 45.4036 1.5
    endloop
  endfacet
  facet normal -0.923888 -0.382663 0
    outer loop
      vertex 44.175 38.38 1.5
      vertex 43.3564 40.3564 99
      vertex 43.3564 40.3564 1.5
    endloop
  endfacet
  facet normal -0.923888 -0.382663 0
    outer loop
      vertex 43.3564 40.3564 99
      vertex 44.175 38.38 1.5
      vertex 44.175 38.38 99
    endloop
  endfacet
  facet normal 0.923888 -0.382663 0
    outer loop
      vertex 38.585 38.38 99
      vertex 39.4036 40.3564 1.5
      vertex 39.4036 40.3564 99
    endloop
  endfacet
  facet normal 0.923888 -0.382663 0
    outer loop
      vertex 39.4036 40.3564 1.5
      vertex 38.585 38.38 99
      vertex 38.585 38.38 1.5
    endloop
  endfacet
  facet normal -0.382663 0.923888 0
    outer loop
      vertex 43.3564 36.4036 1.5
      vertex 41.38 35.585 99
      vertex 43.3564 36.4036 99
    endloop
  endfacet
  facet normal -0.382663 0.923888 0
    outer loop
      vertex 41.38 35.585 99
      vertex 43.3564 36.4036 1.5
      vertex 41.38 35.585 1.5
    endloop
  endfacet
  facet normal 0.382663 -0.923888 0
    outer loop
      vertex 39.4036 40.3564 1.5
      vertex 41.38 41.175 99
      vertex 39.4036 40.3564 99
    endloop
  endfacet
  facet normal 0.382663 -0.923888 0
    outer loop
      vertex 41.38 41.175 99
      vertex 39.4036 40.3564 1.5
      vertex 41.38 41.175 1.5
    endloop
  endfacet
  facet normal -0.382663 -0.923888 0
    outer loop
      vertex 41.38 41.175 1.5
      vertex 43.3564 40.3564 99
      vertex 41.38 41.175 99
    endloop
  endfacet
  facet normal -0.382663 -0.923888 -0
    outer loop
      vertex 43.3564 40.3564 99
      vertex 41.38 41.175 1.5
      vertex 43.3564 40.3564 1.5
    endloop
  endfacet
  facet normal -0.923888 0.382663 0
    outer loop
      vertex 43.3564 36.4036 1.5
      vertex 44.175 38.38 99
      vertex 44.175 38.38 1.5
    endloop
  endfacet
  facet normal -0.923888 0.382663 0
    outer loop
      vertex 44.175 38.38 99
      vertex 43.3564 36.4036 1.5
      vertex 43.3564 36.4036 99
    endloop
  endfacet
  facet normal 0 0 1
    outer loop
      vertex 43.3564 40.3564 1.5
      vertex 43.3564 36.4036 1.5
      vertex 44.175 38.38 1.5
    endloop
  endfacet
  facet normal 0 0 1
    outer loop
      vertex 41.38 41.175 1.5
      vertex 43.3564 36.4036 1.5
      vertex 43.3564 40.3564 1.5
    endloop
  endfacet
  facet normal 0 0 1
    outer loop
      vertex 41.38 41.175 1.5
      vertex 41.38 35.585 1.5
      vertex 43.3564 36.4036 1.5
    endloop
  endfacet
  facet normal -0 0 1
    outer loop
      vertex 39.4036 40.3564 1.5
      vertex 41.38 35.585 1.5
      vertex 41.38 41.175 1.5
    endloop
  endfacet
  facet normal 0 0 1
    outer loop
      vertex 39.4036 40.3564 1.5
      vertex 39.4036 36.4036 1.5
      vertex 41.38 35.585 1.5
    endloop
  endfacet
  facet normal 0 -0 1
    outer loop
      vertex 39.4036 36.4036 1.5
      vertex 39.4036 40.3564 1.5
      vertex 38.585 38.38 1.5
    endloop
  endfacet
  facet normal 0.382663 0.923888 -0
    outer loop
      vertex 41.38 35.585 1.5
      vertex 39.4036 36.4036 99
      vertex 41.38 35.585 99
    endloop
  endfacet
  facet normal 0.382663 0.923888 0
    outer loop
      vertex 39.4036 36.4036 99
      vertex 41.38 35.585 1.5
      vertex 39.4036 36.4036 1.5
    endloop
  endfacet
  facet normal 0.923888 0.382663 0
    outer loop
      vertex 39.4036 36.4036 99
      vertex 38.585 38.38 1.5
      vertex 38.585 38.38 99
    endloop
  endfacet
  facet normal 0.923888 0.382663 0
    outer loop
      vertex 38.585 38.38 1.5
      vertex 39.4036 36.4036 99
      vertex 39.4036 36.4036 1.5
    endloop
  endfacet
  facet normal -0.923888 -0.382663 0
    outer loop
      vertex 44.175 29.38 1.5
      vertex 43.3564 31.3564 99
      vertex 43.3564 31.3564 1.5
    endloop
  endfacet
  facet normal -0.923888 -0.382663 0
    outer loop
      vertex 43.3564 31.3564 99
      vertex 44.175 29.38 1.5
      vertex 44.175 29.38 99
    endloop
  endfacet
  facet normal 0.923888 -0.382663 0
    outer loop
      vertex 38.585 29.38 99
      vertex 39.4036 31.3564 1.5
      vertex 39.4036 31.3564 99
    endloop
  endfacet
  facet normal 0.923888 -0.382663 0
    outer loop
      vertex 39.4036 31.3564 1.5
      vertex 38.585 29.38 99
      vertex 38.585 29.38 1.5
    endloop
  endfacet
  facet normal -0.382663 0.923888 0
    outer loop
      vertex 43.3564 27.4036 1.5
      vertex 41.38 26.585 99
      vertex 43.3564 27.4036 99
    endloop
  endfacet
  facet normal -0.382663 0.923888 0
    outer loop
      vertex 41.38 26.585 99
      vertex 43.3564 27.4036 1.5
      vertex 41.38 26.585 1.5
    endloop
  endfacet
  facet normal 0.382663 -0.923888 0
    outer loop
      vertex 39.4036 31.3564 1.5
      vertex 41.38 32.175 99
      vertex 39.4036 31.3564 99
    endloop
  endfacet
  facet normal 0.382663 -0.923888 0
    outer loop
      vertex 41.38 32.175 99
      vertex 39.4036 31.3564 1.5
      vertex 41.38 32.175 1.5
    endloop
  endfacet
  facet normal -0.382663 -0.923888 0
    outer loop
      vertex 41.38 32.175 1.5
      vertex 43.3564 31.3564 99
      vertex 41.38 32.175 99
    endloop
  endfacet
  facet normal -0.382663 -0.923888 -0
    outer loop
      vertex 43.3564 31.3564 99
      vertex 41.38 32.175 1.5
      vertex 43.3564 31.3564 1.5
    endloop
  endfacet
  facet normal 0 0 1
    outer loop
      vertex 43.3564 31.3564 1.5
      vertex 43.3564 27.4036 1.5
      vertex 44.175 29.38 1.5
    endloop
  endfacet
  facet normal 0 0 1
    outer loop
      vertex 41.38 32.175 1.5
      vertex 43.3564 27.4036 1.5
      vertex 43.3564 31.3564 1.5
    endloop
  endfacet
  facet normal 0 0 1
    outer loop
      vertex 41.38 32.175 1.5
      vertex 41.38 26.585 1.5
      vertex 43.3564 27.4036 1.5
    endloop
  endfacet
  facet normal -0 0 1
    outer loop
      vertex 39.4036 31.3564 1.5
      vertex 41.38 26.585 1.5
      vertex 41.38 32.175 1.5
    endloop
  endfacet
  facet normal 0 0 1
    outer loop
      vertex 39.4036 31.3564 1.5
      vertex 39.4036 27.4036 1.5
      vertex 41.38 26.585 1.5
    endloop
  endfacet
  facet normal 0 -0 1
    outer loop
      vertex 39.4036 27.4036 1.5
      vertex 39.4036 31.3564 1.5
      vertex 38.585 29.38 1.5
    endloop
  endfacet
  facet normal -0.923888 0.382663 0
    outer loop
      vertex 43.3564 27.4036 1.5
      vertex 44.175 29.38 99
      vertex 44.175 29.38 1.5
    endloop
  endfacet
  facet normal -0.923888 0.382663 0
    outer loop
      vertex 44.175 29.38 99
      vertex 43.3564 27.4036 1.5
      vertex 43.3564 27.4036 99
    endloop
  endfacet
  facet normal 0.382663 0.923888 -0
    outer loop
      vertex 41.38 26.585 1.5
      vertex 39.4036 27.4036 99
      vertex 41.38 26.585 99
    endloop
  endfacet
  facet normal 0.382663 0.923888 0
    outer loop
      vertex 39.4036 27.4036 99
      vertex 41.38 26.585 1.5
      vertex 39.4036 27.4036 1.5
    endloop
  endfacet
  facet normal 0.923888 0.382663 0
    outer loop
      vertex 39.4036 27.4036 99
      vertex 38.585 29.38 1.5
      vertex 38.585 29.38 99
    endloop
  endfacet
  facet normal 0.923888 0.382663 0
    outer loop
      vertex 38.585 29.38 1.5
      vertex 39.4036 27.4036 99
      vertex 39.4036 27.4036 1.5
    endloop
  endfacet
  facet normal -0.923888 -0.382663 0
    outer loop
      vertex 44.175 20.38 1.5
      vertex 43.3564 22.3564 99
      vertex 43.3564 22.3564 1.5
    endloop
  endfacet
  facet normal -0.923888 -0.382663 0
    outer loop
      vertex 43.3564 22.3564 99
      vertex 44.175 20.38 1.5
      vertex 44.175 20.38 99
    endloop
  endfacet
  facet normal 0.923888 -0.382663 0
    outer loop
      vertex 38.585 20.38 99
      vertex 39.4036 22.3564 1.5
      vertex 39.4036 22.3564 99
    endloop
  endfacet
  facet normal 0.923888 -0.382663 0
    outer loop
      vertex 39.4036 22.3564 1.5
      vertex 38.585 20.38 99
      vertex 38.585 20.38 1.5
    endloop
  endfacet
  facet normal -0.382663 0.923888 0
    outer loop
      vertex 43.3564 18.4036 1.5
      vertex 41.38 17.585 99
      vertex 43.3564 18.4036 99
    endloop
  endfacet
  facet normal -0.382663 0.923888 0
    outer loop
      vertex 41.38 17.585 99
      vertex 43.3564 18.4036 1.5
      vertex 41.38 17.585 1.5
    endloop
  endfacet
  facet normal 0.382663 -0.923888 0
    outer loop
      vertex 39.4036 22.3564 1.5
      vertex 41.38 23.175 99
      vertex 39.4036 22.3564 99
    endloop
  endfacet
  facet normal 0.382663 -0.923888 0
    outer loop
      vertex 41.38 23.175 99
      vertex 39.4036 22.3564 1.5
      vertex 41.38 23.175 1.5
    endloop
  endfacet
  facet normal -0.382663 -0.923888 0
    outer loop
      vertex 41.38 23.175 1.5
      vertex 43.3564 22.3564 99
      vertex 41.38 23.175 99
    endloop
  endfacet
  facet normal -0.382663 -0.923888 -0
    outer loop
      vertex 43.3564 22.3564 99
      vertex 41.38 23.175 1.5
      vertex 43.3564 22.3564 1.5
    endloop
  endfacet
  facet normal 0 0 1
    outer loop
      vertex 43.3564 22.3564 1.5
      vertex 43.3564 18.4036 1.5
      vertex 44.175 20.38 1.5
    endloop
  endfacet
  facet normal 0 0 1
    outer loop
      vertex 41.38 23.175 1.5
      vertex 43.3564 18.4036 1.5
      vertex 43.3564 22.3564 1.5
    endloop
  endfacet
  facet normal 0 0 1
    outer loop
      vertex 41.38 23.175 1.5
      vertex 41.38 17.585 1.5
      vertex 43.3564 18.4036 1.5
    endloop
  endfacet
  facet normal -0 0 1
    outer loop
      vertex 39.4036 22.3564 1.5
      vertex 41.38 17.585 1.5
      vertex 41.38 23.175 1.5
    endloop
  endfacet
  facet normal 0 0 1
    outer loop
      vertex 39.4036 22.3564 1.5
      vertex 39.4036 18.4036 1.5
      vertex 41.38 17.585 1.5
    endloop
  endfacet
  facet normal 0 -0 1
    outer loop
      vertex 39.4036 18.4036 1.5
      vertex 39.4036 22.3564 1.5
      vertex 38.585 20.38 1.5
    endloop
  endfacet
  facet normal -0.923888 0.382663 0
    outer loop
      vertex 43.3564 18.4036 1.5
      vertex 44.175 20.38 99
      vertex 44.175 20.38 1.5
    endloop
  endfacet
  facet normal -0.923888 0.382663 0
    outer loop
      vertex 44.175 20.38 99
      vertex 43.3564 18.4036 1.5
      vertex 43.3564 18.4036 99
    endloop
  endfacet
  facet normal 0.382663 0.923888 -0
    outer loop
      vertex 41.38 17.585 1.5
      vertex 39.4036 18.4036 99
      vertex 41.38 17.585 99
    endloop
  endfacet
  facet normal 0.382663 0.923888 0
    outer loop
      vertex 39.4036 18.4036 99
      vertex 41.38 17.585 1.5
      vertex 39.4036 18.4036 1.5
    endloop
  endfacet
  facet normal 0.923888 0.382663 0
    outer loop
      vertex 39.4036 18.4036 99
      vertex 38.585 20.38 1.5
      vertex 38.585 20.38 99
    endloop
  endfacet
  facet normal 0.923888 0.382663 0
    outer loop
      vertex 38.585 20.38 1.5
      vertex 39.4036 18.4036 99
      vertex 39.4036 18.4036 1.5
    endloop
  endfacet
  facet normal -0.923888 -0.382663 0
    outer loop
      vertex 44.175 11.38 1.5
      vertex 43.3564 13.3564 99
      vertex 43.3564 13.3564 1.5
    endloop
  endfacet
  facet normal -0.923888 -0.382663 0
    outer loop
      vertex 43.3564 13.3564 99
      vertex 44.175 11.38 1.5
      vertex 44.175 11.38 99
    endloop
  endfacet
  facet normal 0.923888 -0.382663 0
    outer loop
      vertex 38.585 11.38 99
      vertex 39.4036 13.3564 1.5
      vertex 39.4036 13.3564 99
    endloop
  endfacet
  facet normal 0.923888 -0.382663 0
    outer loop
      vertex 39.4036 13.3564 1.5
      vertex 38.585 11.38 99
      vertex 38.585 11.38 1.5
    endloop
  endfacet
  facet normal -0.382679 0.923881 0
    outer loop
      vertex 43.3564 9.40364 1.5
      vertex 41.38 8.585 99
      vertex 43.3564 9.40364 99
    endloop
  endfacet
  facet normal -0.382679 0.923881 0
    outer loop
      vertex 41.38 8.585 99
      vertex 43.3564 9.40364 1.5
      vertex 41.38 8.585 1.5
    endloop
  endfacet
  facet normal 0.382663 -0.923888 0
    outer loop
      vertex 39.4036 13.3564 1.5
      vertex 41.38 14.175 99
      vertex 39.4036 13.3564 99
    endloop
  endfacet
  facet normal 0.382663 -0.923888 0
    outer loop
      vertex 41.38 14.175 99
      vertex 39.4036 13.3564 1.5
      vertex 41.38 14.175 1.5
    endloop
  endfacet
  facet normal -0.382663 -0.923888 0
    outer loop
      vertex 41.38 14.175 1.5
      vertex 43.3564 13.3564 99
      vertex 41.38 14.175 99
    endloop
  endfacet
  facet normal -0.382663 -0.923888 -0
    outer loop
      vertex 43.3564 13.3564 99
      vertex 41.38 14.175 1.5
      vertex 43.3564 13.3564 1.5
    endloop
  endfacet
  facet normal -0.923885 0.382669 0
    outer loop
      vertex 43.3564 9.40364 1.5
      vertex 44.175 11.38 99
      vertex 44.175 11.38 1.5
    endloop
  endfacet
  facet normal -0.923885 0.382669 0
    outer loop
      vertex 44.175 11.38 99
      vertex 43.3564 9.40364 1.5
      vertex 43.3564 9.40364 99
    endloop
  endfacet
  facet normal 0 0 1
    outer loop
      vertex 43.3564 13.3564 1.5
      vertex 43.3564 9.40364 1.5
      vertex 44.175 11.38 1.5
    endloop
  endfacet
  facet normal 0 0 1
    outer loop
      vertex 41.38 14.175 1.5
      vertex 43.3564 9.40364 1.5
      vertex 43.3564 13.3564 1.5
    endloop
  endfacet
  facet normal 0 0 1
    outer loop
      vertex 41.38 14.175 1.5
      vertex 41.38 8.585 1.5
      vertex 43.3564 9.40364 1.5
    endloop
  endfacet
  facet normal -0 0 1
    outer loop
      vertex 39.4036 13.3564 1.5
      vertex 41.38 8.585 1.5
      vertex 41.38 14.175 1.5
    endloop
  endfacet
  facet normal 0 0 1
    outer loop
      vertex 39.4036 13.3564 1.5
      vertex 39.4036 9.40364 1.5
      vertex 41.38 8.585 1.5
    endloop
  endfacet
  facet normal 0 -0 1
    outer loop
      vertex 39.4036 9.40364 1.5
      vertex 39.4036 13.3564 1.5
      vertex 38.585 11.38 1.5
    endloop
  endfacet
  facet normal 0.382679 0.923881 -0
    outer loop
      vertex 41.38 8.585 1.5
      vertex 39.4036 9.40364 99
      vertex 41.38 8.585 99
    endloop
  endfacet
  facet normal 0.382679 0.923881 0
    outer loop
      vertex 39.4036 9.40364 99
      vertex 41.38 8.585 1.5
      vertex 39.4036 9.40364 1.5
    endloop
  endfacet
  facet normal 0.923885 0.382669 0
    outer loop
      vertex 39.4036 9.40364 99
      vertex 38.585 11.38 1.5
      vertex 38.585 11.38 99
    endloop
  endfacet
  facet normal 0.923885 0.382669 0
    outer loop
      vertex 38.585 11.38 1.5
      vertex 39.4036 9.40364 99
      vertex 39.4036 9.40364 1.5
    endloop
  endfacet
  facet normal -0.923888 -0.382663 0
    outer loop
      vertex 53.175 74.38 1.5
      vertex 52.3564 76.3564 99
      vertex 52.3564 76.3564 1.5
    endloop
  endfacet
  facet normal -0.923888 -0.382663 0
    outer loop
      vertex 52.3564 76.3564 99
      vertex 53.175 74.38 1.5
      vertex 53.175 74.38 99
    endloop
  endfacet
  facet normal 0.923888 -0.382663 0
    outer loop
      vertex 47.585 74.38 99
      vertex 48.4036 76.3564 1.5
      vertex 48.4036 76.3564 99
    endloop
  endfacet
  facet normal 0.923888 -0.382663 0
    outer loop
      vertex 48.4036 76.3564 1.5
      vertex 47.585 74.38 99
      vertex 47.585 74.38 1.5
    endloop
  endfacet
  facet normal -0.382663 0.923888 0
    outer loop
      vertex 52.3564 72.4036 1.5
      vertex 50.38 71.585 99
      vertex 52.3564 72.4036 99
    endloop
  endfacet
  facet normal -0.382663 0.923888 0
    outer loop
      vertex 50.38 71.585 99
      vertex 52.3564 72.4036 1.5
      vertex 50.38 71.585 1.5
    endloop
  endfacet
  facet normal 0.382663 -0.923888 0
    outer loop
      vertex 48.4036 76.3564 1.5
      vertex 50.38 77.175 99
      vertex 48.4036 76.3564 99
    endloop
  endfacet
  facet normal 0.382663 -0.923888 0
    outer loop
      vertex 50.38 77.175 99
      vertex 48.4036 76.3564 1.5
      vertex 50.38 77.175 1.5
    endloop
  endfacet
  facet normal -0.382663 -0.923888 0
    outer loop
      vertex 50.38 77.175 1.5
      vertex 52.3564 76.3564 99
      vertex 50.38 77.175 99
    endloop
  endfacet
  facet normal -0.382663 -0.923888 -0
    outer loop
      vertex 52.3564 76.3564 99
      vertex 50.38 77.175 1.5
      vertex 52.3564 76.3564 1.5
    endloop
  endfacet
  facet normal -0.923888 0.382663 0
    outer loop
      vertex 52.3564 72.4036 1.5
      vertex 53.175 74.38 99
      vertex 53.175 74.38 1.5
    endloop
  endfacet
  facet normal -0.923888 0.382663 0
    outer loop
      vertex 53.175 74.38 99
      vertex 52.3564 72.4036 1.5
      vertex 52.3564 72.4036 99
    endloop
  endfacet
  facet normal 0 0 1
    outer loop
      vertex 52.3564 76.3564 1.5
      vertex 52.3564 72.4036 1.5
      vertex 53.175 74.38 1.5
    endloop
  endfacet
  facet normal 0 0 1
    outer loop
      vertex 50.38 77.175 1.5
      vertex 52.3564 72.4036 1.5
      vertex 52.3564 76.3564 1.5
    endloop
  endfacet
  facet normal 0 0 1
    outer loop
      vertex 50.38 77.175 1.5
      vertex 50.38 71.585 1.5
      vertex 52.3564 72.4036 1.5
    endloop
  endfacet
  facet normal -0 0 1
    outer loop
      vertex 48.4036 76.3564 1.5
      vertex 50.38 71.585 1.5
      vertex 50.38 77.175 1.5
    endloop
  endfacet
  facet normal 0 0 1
    outer loop
      vertex 48.4036 76.3564 1.5
      vertex 48.4036 72.4036 1.5
      vertex 50.38 71.585 1.5
    endloop
  endfacet
  facet normal 0 -0 1
    outer loop
      vertex 48.4036 72.4036 1.5
      vertex 48.4036 76.3564 1.5
      vertex 47.585 74.38 1.5
    endloop
  endfacet
  facet normal 0.382663 0.923888 -0
    outer loop
      vertex 50.38 71.585 1.5
      vertex 48.4036 72.4036 99
      vertex 50.38 71.585 99
    endloop
  endfacet
  facet normal 0.382663 0.923888 0
    outer loop
      vertex 48.4036 72.4036 99
      vertex 50.38 71.585 1.5
      vertex 48.4036 72.4036 1.5
    endloop
  endfacet
  facet normal 0.923888 0.382663 0
    outer loop
      vertex 48.4036 72.4036 99
      vertex 47.585 74.38 1.5
      vertex 47.585 74.38 99
    endloop
  endfacet
  facet normal 0.923888 0.382663 0
    outer loop
      vertex 47.585 74.38 1.5
      vertex 48.4036 72.4036 99
      vertex 48.4036 72.4036 1.5
    endloop
  endfacet
  facet normal -0.923888 -0.382663 0
    outer loop
      vertex 53.175 65.38 1.5
      vertex 52.3564 67.3564 99
      vertex 52.3564 67.3564 1.5
    endloop
  endfacet
  facet normal -0.923888 -0.382663 0
    outer loop
      vertex 52.3564 67.3564 99
      vertex 53.175 65.38 1.5
      vertex 53.175 65.38 99
    endloop
  endfacet
  facet normal 0.923888 -0.382663 0
    outer loop
      vertex 47.585 65.38 99
      vertex 48.4036 67.3564 1.5
      vertex 48.4036 67.3564 99
    endloop
  endfacet
  facet normal 0.923888 -0.382663 0
    outer loop
      vertex 48.4036 67.3564 1.5
      vertex 47.585 65.38 99
      vertex 47.585 65.38 1.5
    endloop
  endfacet
  facet normal -0.382663 0.923888 0
    outer loop
      vertex 52.3564 63.4036 1.5
      vertex 50.38 62.585 99
      vertex 52.3564 63.4036 99
    endloop
  endfacet
  facet normal -0.382663 0.923888 0
    outer loop
      vertex 50.38 62.585 99
      vertex 52.3564 63.4036 1.5
      vertex 50.38 62.585 1.5
    endloop
  endfacet
  facet normal 0.382663 -0.923888 0
    outer loop
      vertex 48.4036 67.3564 1.5
      vertex 50.38 68.175 99
      vertex 48.4036 67.3564 99
    endloop
  endfacet
  facet normal 0.382663 -0.923888 0
    outer loop
      vertex 50.38 68.175 99
      vertex 48.4036 67.3564 1.5
      vertex 50.38 68.175 1.5
    endloop
  endfacet
  facet normal -0.382663 -0.923888 0
    outer loop
      vertex 50.38 68.175 1.5
      vertex 52.3564 67.3564 99
      vertex 50.38 68.175 99
    endloop
  endfacet
  facet normal -0.382663 -0.923888 -0
    outer loop
      vertex 52.3564 67.3564 99
      vertex 50.38 68.175 1.5
      vertex 52.3564 67.3564 1.5
    endloop
  endfacet
  facet normal 0 0 1
    outer loop
      vertex 52.3564 67.3564 1.5
      vertex 52.3564 63.4036 1.5
      vertex 53.175 65.38 1.5
    endloop
  endfacet
  facet normal 0 0 1
    outer loop
      vertex 50.38 68.175 1.5
      vertex 52.3564 63.4036 1.5
      vertex 52.3564 67.3564 1.5
    endloop
  endfacet
  facet normal 0 0 1
    outer loop
      vertex 50.38 68.175 1.5
      vertex 50.38 62.585 1.5
      vertex 52.3564 63.4036 1.5
    endloop
  endfacet
  facet normal -0 0 1
    outer loop
      vertex 48.4036 67.3564 1.5
      vertex 50.38 62.585 1.5
      vertex 50.38 68.175 1.5
    endloop
  endfacet
  facet normal 0 0 1
    outer loop
      vertex 48.4036 67.3564 1.5
      vertex 48.4036 63.4036 1.5
      vertex 50.38 62.585 1.5
    endloop
  endfacet
  facet normal 0 -0 1
    outer loop
      vertex 48.4036 63.4036 1.5
      vertex 48.4036 67.3564 1.5
      vertex 47.585 65.38 1.5
    endloop
  endfacet
  facet normal -0.923888 0.382663 0
    outer loop
      vertex 52.3564 63.4036 1.5
      vertex 53.175 65.38 99
      vertex 53.175 65.38 1.5
    endloop
  endfacet
  facet normal -0.923888 0.382663 0
    outer loop
      vertex 53.175 65.38 99
      vertex 52.3564 63.4036 1.5
      vertex 52.3564 63.4036 99
    endloop
  endfacet
  facet normal 0.382663 0.923888 -0
    outer loop
      vertex 50.38 62.585 1.5
      vertex 48.4036 63.4036 99
      vertex 50.38 62.585 99
    endloop
  endfacet
  facet normal 0.382663 0.923888 0
    outer loop
      vertex 48.4036 63.4036 99
      vertex 50.38 62.585 1.5
      vertex 48.4036 63.4036 1.5
    endloop
  endfacet
  facet normal 0.923888 0.382663 0
    outer loop
      vertex 48.4036 63.4036 99
      vertex 47.585 65.38 1.5
      vertex 47.585 65.38 99
    endloop
  endfacet
  facet normal 0.923888 0.382663 0
    outer loop
      vertex 47.585 65.38 1.5
      vertex 48.4036 63.4036 99
      vertex 48.4036 63.4036 1.5
    endloop
  endfacet
  facet normal -0.923888 -0.382663 0
    outer loop
      vertex 53.175 56.38 1.5
      vertex 52.3564 58.3564 99
      vertex 52.3564 58.3564 1.5
    endloop
  endfacet
  facet normal -0.923888 -0.382663 0
    outer loop
      vertex 52.3564 58.3564 99
      vertex 53.175 56.38 1.5
      vertex 53.175 56.38 99
    endloop
  endfacet
  facet normal 0.923888 -0.382663 0
    outer loop
      vertex 47.585 56.38 99
      vertex 48.4036 58.3564 1.5
      vertex 48.4036 58.3564 99
    endloop
  endfacet
  facet normal 0.923888 -0.382663 0
    outer loop
      vertex 48.4036 58.3564 1.5
      vertex 47.585 56.38 99
      vertex 47.585 56.38 1.5
    endloop
  endfacet
  facet normal -0.382663 0.923888 0
    outer loop
      vertex 52.3564 54.4036 1.5
      vertex 50.38 53.585 99
      vertex 52.3564 54.4036 99
    endloop
  endfacet
  facet normal -0.382663 0.923888 0
    outer loop
      vertex 50.38 53.585 99
      vertex 52.3564 54.4036 1.5
      vertex 50.38 53.585 1.5
    endloop
  endfacet
  facet normal 0.382663 -0.923888 0
    outer loop
      vertex 48.4036 58.3564 1.5
      vertex 50.38 59.175 99
      vertex 48.4036 58.3564 99
    endloop
  endfacet
  facet normal 0.382663 -0.923888 0
    outer loop
      vertex 50.38 59.175 99
      vertex 48.4036 58.3564 1.5
      vertex 50.38 59.175 1.5
    endloop
  endfacet
  facet normal -0.382663 -0.923888 0
    outer loop
      vertex 50.38 59.175 1.5
      vertex 52.3564 58.3564 99
      vertex 50.38 59.175 99
    endloop
  endfacet
  facet normal -0.382663 -0.923888 -0
    outer loop
      vertex 52.3564 58.3564 99
      vertex 50.38 59.175 1.5
      vertex 52.3564 58.3564 1.5
    endloop
  endfacet
  facet normal 0 0 1
    outer loop
      vertex 52.3564 58.3564 1.5
      vertex 52.3564 54.4036 1.5
      vertex 53.175 56.38 1.5
    endloop
  endfacet
  facet normal 0 0 1
    outer loop
      vertex 50.38 59.175 1.5
      vertex 52.3564 54.4036 1.5
      vertex 52.3564 58.3564 1.5
    endloop
  endfacet
  facet normal 0 0 1
    outer loop
      vertex 50.38 59.175 1.5
      vertex 50.38 53.585 1.5
      vertex 52.3564 54.4036 1.5
    endloop
  endfacet
  facet normal -0 0 1
    outer loop
      vertex 48.4036 58.3564 1.5
      vertex 50.38 53.585 1.5
      vertex 50.38 59.175 1.5
    endloop
  endfacet
  facet normal 0 0 1
    outer loop
      vertex 48.4036 58.3564 1.5
      vertex 48.4036 54.4036 1.5
      vertex 50.38 53.585 1.5
    endloop
  endfacet
  facet normal 0 -0 1
    outer loop
      vertex 48.4036 54.4036 1.5
      vertex 48.4036 58.3564 1.5
      vertex 47.585 56.38 1.5
    endloop
  endfacet
  facet normal -0.923888 0.382663 0
    outer loop
      vertex 52.3564 54.4036 1.5
      vertex 53.175 56.38 99
      vertex 53.175 56.38 1.5
    endloop
  endfacet
  facet normal -0.923888 0.382663 0
    outer loop
      vertex 53.175 56.38 99
      vertex 52.3564 54.4036 1.5
      vertex 52.3564 54.4036 99
    endloop
  endfacet
  facet normal 0.382663 0.923888 -0
    outer loop
      vertex 50.38 53.585 1.5
      vertex 48.4036 54.4036 99
      vertex 50.38 53.585 99
    endloop
  endfacet
  facet normal 0.382663 0.923888 0
    outer loop
      vertex 48.4036 54.4036 99
      vertex 50.38 53.585 1.5
      vertex 48.4036 54.4036 1.5
    endloop
  endfacet
  facet normal 0.923888 0.382663 0
    outer loop
      vertex 48.4036 54.4036 99
      vertex 47.585 56.38 1.5
      vertex 47.585 56.38 99
    endloop
  endfacet
  facet normal 0.923888 0.382663 0
    outer loop
      vertex 47.585 56.38 1.5
      vertex 48.4036 54.4036 99
      vertex 48.4036 54.4036 1.5
    endloop
  endfacet
  facet normal -0.923888 -0.382663 0
    outer loop
      vertex 53.175 47.38 1.5
      vertex 52.3564 49.3564 99
      vertex 52.3564 49.3564 1.5
    endloop
  endfacet
  facet normal -0.923888 -0.382663 0
    outer loop
      vertex 52.3564 49.3564 99
      vertex 53.175 47.38 1.5
      vertex 53.175 47.38 99
    endloop
  endfacet
  facet normal 0.923888 -0.382663 0
    outer loop
      vertex 47.585 47.38 99
      vertex 48.4036 49.3564 1.5
      vertex 48.4036 49.3564 99
    endloop
  endfacet
  facet normal 0.923888 -0.382663 0
    outer loop
      vertex 48.4036 49.3564 1.5
      vertex 47.585 47.38 99
      vertex 47.585 47.38 1.5
    endloop
  endfacet
  facet normal -0.382663 0.923888 0
    outer loop
      vertex 52.3564 45.4036 1.5
      vertex 50.38 44.585 99
      vertex 52.3564 45.4036 99
    endloop
  endfacet
  facet normal -0.382663 0.923888 0
    outer loop
      vertex 50.38 44.585 99
      vertex 52.3564 45.4036 1.5
      vertex 50.38 44.585 1.5
    endloop
  endfacet
  facet normal 0.382663 -0.923888 0
    outer loop
      vertex 48.4036 49.3564 1.5
      vertex 50.38 50.175 99
      vertex 48.4036 49.3564 99
    endloop
  endfacet
  facet normal 0.382663 -0.923888 0
    outer loop
      vertex 50.38 50.175 99
      vertex 48.4036 49.3564 1.5
      vertex 50.38 50.175 1.5
    endloop
  endfacet
  facet normal -0.382663 -0.923888 0
    outer loop
      vertex 50.38 50.175 1.5
      vertex 52.3564 49.3564 99
      vertex 50.38 50.175 99
    endloop
  endfacet
  facet normal -0.382663 -0.923888 -0
    outer loop
      vertex 52.3564 49.3564 99
      vertex 50.38 50.175 1.5
      vertex 52.3564 49.3564 1.5
    endloop
  endfacet
  facet normal 0 0 1
    outer loop
      vertex 52.3564 49.3564 1.5
      vertex 52.3564 45.4036 1.5
      vertex 53.175 47.38 1.5
    endloop
  endfacet
  facet normal 0 0 1
    outer loop
      vertex 50.38 50.175 1.5
      vertex 52.3564 45.4036 1.5
      vertex 52.3564 49.3564 1.5
    endloop
  endfacet
  facet normal 0 0 1
    outer loop
      vertex 50.38 50.175 1.5
      vertex 50.38 44.585 1.5
      vertex 52.3564 45.4036 1.5
    endloop
  endfacet
  facet normal -0 0 1
    outer loop
      vertex 48.4036 49.3564 1.5
      vertex 50.38 44.585 1.5
      vertex 50.38 50.175 1.5
    endloop
  endfacet
  facet normal 0 0 1
    outer loop
      vertex 48.4036 49.3564 1.5
      vertex 48.4036 45.4036 1.5
      vertex 50.38 44.585 1.5
    endloop
  endfacet
  facet normal 0 -0 1
    outer loop
      vertex 48.4036 45.4036 1.5
      vertex 48.4036 49.3564 1.5
      vertex 47.585 47.38 1.5
    endloop
  endfacet
  facet normal -0.923888 0.382663 0
    outer loop
      vertex 52.3564 45.4036 1.5
      vertex 53.175 47.38 99
      vertex 53.175 47.38 1.5
    endloop
  endfacet
  facet normal -0.923888 0.382663 0
    outer loop
      vertex 53.175 47.38 99
      vertex 52.3564 45.4036 1.5
      vertex 52.3564 45.4036 99
    endloop
  endfacet
  facet normal 0.382663 0.923888 -0
    outer loop
      vertex 50.38 44.585 1.5
      vertex 48.4036 45.4036 99
      vertex 50.38 44.585 99
    endloop
  endfacet
  facet normal 0.382663 0.923888 0
    outer loop
      vertex 48.4036 45.4036 99
      vertex 50.38 44.585 1.5
      vertex 48.4036 45.4036 1.5
    endloop
  endfacet
  facet normal 0.923888 0.382663 0
    outer loop
      vertex 48.4036 45.4036 99
      vertex 47.585 47.38 1.5
      vertex 47.585 47.38 99
    endloop
  endfacet
  facet normal 0.923888 0.382663 0
    outer loop
      vertex 47.585 47.38 1.5
      vertex 48.4036 45.4036 99
      vertex 48.4036 45.4036 1.5
    endloop
  endfacet
  facet normal -0.923888 -0.382663 0
    outer loop
      vertex 53.175 38.38 1.5
      vertex 52.3564 40.3564 99
      vertex 52.3564 40.3564 1.5
    endloop
  endfacet
  facet normal -0.923888 -0.382663 0
    outer loop
      vertex 52.3564 40.3564 99
      vertex 53.175 38.38 1.5
      vertex 53.175 38.38 99
    endloop
  endfacet
  facet normal 0.923888 -0.382663 0
    outer loop
      vertex 47.585 38.38 99
      vertex 48.4036 40.3564 1.5
      vertex 48.4036 40.3564 99
    endloop
  endfacet
  facet normal 0.923888 -0.382663 0
    outer loop
      vertex 48.4036 40.3564 1.5
      vertex 47.585 38.38 99
      vertex 47.585 38.38 1.5
    endloop
  endfacet
  facet normal -0.382663 0.923888 0
    outer loop
      vertex 52.3564 36.4036 1.5
      vertex 50.38 35.585 99
      vertex 52.3564 36.4036 99
    endloop
  endfacet
  facet normal -0.382663 0.923888 0
    outer loop
      vertex 50.38 35.585 99
      vertex 52.3564 36.4036 1.5
      vertex 50.38 35.585 1.5
    endloop
  endfacet
  facet normal 0.382663 -0.923888 0
    outer loop
      vertex 48.4036 40.3564 1.5
      vertex 50.38 41.175 99
      vertex 48.4036 40.3564 99
    endloop
  endfacet
  facet normal 0.382663 -0.923888 0
    outer loop
      vertex 50.38 41.175 99
      vertex 48.4036 40.3564 1.5
      vertex 50.38 41.175 1.5
    endloop
  endfacet
  facet normal -0.382663 -0.923888 0
    outer loop
      vertex 50.38 41.175 1.5
      vertex 52.3564 40.3564 99
      vertex 50.38 41.175 99
    endloop
  endfacet
  facet normal -0.382663 -0.923888 -0
    outer loop
      vertex 52.3564 40.3564 99
      vertex 50.38 41.175 1.5
      vertex 52.3564 40.3564 1.5
    endloop
  endfacet
  facet normal -0.923888 0.382663 0
    outer loop
      vertex 52.3564 36.4036 1.5
      vertex 53.175 38.38 99
      vertex 53.175 38.38 1.5
    endloop
  endfacet
  facet normal -0.923888 0.382663 0
    outer loop
      vertex 53.175 38.38 99
      vertex 52.3564 36.4036 1.5
      vertex 52.3564 36.4036 99
    endloop
  endfacet
  facet normal 0.923888 0.382663 0
    outer loop
      vertex 48.4036 36.4036 99
      vertex 47.585 38.38 1.5
      vertex 47.585 38.38 99
    endloop
  endfacet
  facet normal 0.923888 0.382663 0
    outer loop
      vertex 47.585 38.38 1.5
      vertex 48.4036 36.4036 99
      vertex 48.4036 36.4036 1.5
    endloop
  endfacet
  facet normal 0 0 1
    outer loop
      vertex 52.3564 40.3564 1.5
      vertex 52.3564 36.4036 1.5
      vertex 53.175 38.38 1.5
    endloop
  endfacet
  facet normal 0 0 1
    outer loop
      vertex 50.38 41.175 1.5
      vertex 52.3564 36.4036 1.5
      vertex 52.3564 40.3564 1.5
    endloop
  endfacet
  facet normal 0 0 1
    outer loop
      vertex 50.38 41.175 1.5
      vertex 50.38 35.585 1.5
      vertex 52.3564 36.4036 1.5
    endloop
  endfacet
  facet normal -0 0 1
    outer loop
      vertex 48.4036 40.3564 1.5
      vertex 50.38 35.585 1.5
      vertex 50.38 41.175 1.5
    endloop
  endfacet
  facet normal 0 0 1
    outer loop
      vertex 48.4036 40.3564 1.5
      vertex 48.4036 36.4036 1.5
      vertex 50.38 35.585 1.5
    endloop
  endfacet
  facet normal 0 -0 1
    outer loop
      vertex 48.4036 36.4036 1.5
      vertex 48.4036 40.3564 1.5
      vertex 47.585 38.38 1.5
    endloop
  endfacet
  facet normal 0.382663 0.923888 -0
    outer loop
      vertex 50.38 35.585 1.5
      vertex 48.4036 36.4036 99
      vertex 50.38 35.585 99
    endloop
  endfacet
  facet normal 0.382663 0.923888 0
    outer loop
      vertex 48.4036 36.4036 99
      vertex 50.38 35.585 1.5
      vertex 48.4036 36.4036 1.5
    endloop
  endfacet
  facet normal -0.923888 -0.382663 0
    outer loop
      vertex 53.175 29.38 1.5
      vertex 52.3564 31.3564 99
      vertex 52.3564 31.3564 1.5
    endloop
  endfacet
  facet normal -0.923888 -0.382663 0
    outer loop
      vertex 52.3564 31.3564 99
      vertex 53.175 29.38 1.5
      vertex 53.175 29.38 99
    endloop
  endfacet
  facet normal 0.923888 -0.382663 0
    outer loop
      vertex 47.585 29.38 99
      vertex 48.4036 31.3564 1.5
      vertex 48.4036 31.3564 99
    endloop
  endfacet
  facet normal 0.923888 -0.382663 0
    outer loop
      vertex 48.4036 31.3564 1.5
      vertex 47.585 29.38 99
      vertex 47.585 29.38 1.5
    endloop
  endfacet
  facet normal -0.382663 0.923888 0
    outer loop
      vertex 52.3564 27.4036 1.5
      vertex 50.38 26.585 99
      vertex 52.3564 27.4036 99
    endloop
  endfacet
  facet normal -0.382663 0.923888 0
    outer loop
      vertex 50.38 26.585 99
      vertex 52.3564 27.4036 1.5
      vertex 50.38 26.585 1.5
    endloop
  endfacet
  facet normal 0.382663 -0.923888 0
    outer loop
      vertex 48.4036 31.3564 1.5
      vertex 50.38 32.175 99
      vertex 48.4036 31.3564 99
    endloop
  endfacet
  facet normal 0.382663 -0.923888 0
    outer loop
      vertex 50.38 32.175 99
      vertex 48.4036 31.3564 1.5
      vertex 50.38 32.175 1.5
    endloop
  endfacet
  facet normal -0.382663 -0.923888 0
    outer loop
      vertex 50.38 32.175 1.5
      vertex 52.3564 31.3564 99
      vertex 50.38 32.175 99
    endloop
  endfacet
  facet normal -0.382663 -0.923888 -0
    outer loop
      vertex 52.3564 31.3564 99
      vertex 50.38 32.175 1.5
      vertex 52.3564 31.3564 1.5
    endloop
  endfacet
  facet normal -0.923888 0.382663 0
    outer loop
      vertex 52.3564 27.4036 1.5
      vertex 53.175 29.38 99
      vertex 53.175 29.38 1.5
    endloop
  endfacet
  facet normal -0.923888 0.382663 0
    outer loop
      vertex 53.175 29.38 99
      vertex 52.3564 27.4036 1.5
      vertex 52.3564 27.4036 99
    endloop
  endfacet
  facet normal 0.923888 0.382663 0
    outer loop
      vertex 48.4036 27.4036 99
      vertex 47.585 29.38 1.5
      vertex 47.585 29.38 99
    endloop
  endfacet
  facet normal 0.923888 0.382663 0
    outer loop
      vertex 47.585 29.38 1.5
      vertex 48.4036 27.4036 99
      vertex 48.4036 27.4036 1.5
    endloop
  endfacet
  facet normal 0 0 1
    outer loop
      vertex 52.3564 31.3564 1.5
      vertex 52.3564 27.4036 1.5
      vertex 53.175 29.38 1.5
    endloop
  endfacet
  facet normal 0 0 1
    outer loop
      vertex 50.38 32.175 1.5
      vertex 52.3564 27.4036 1.5
      vertex 52.3564 31.3564 1.5
    endloop
  endfacet
  facet normal 0 0 1
    outer loop
      vertex 50.38 32.175 1.5
      vertex 50.38 26.585 1.5
      vertex 52.3564 27.4036 1.5
    endloop
  endfacet
  facet normal -0 0 1
    outer loop
      vertex 48.4036 31.3564 1.5
      vertex 50.38 26.585 1.5
      vertex 50.38 32.175 1.5
    endloop
  endfacet
  facet normal 0 0 1
    outer loop
      vertex 48.4036 31.3564 1.5
      vertex 48.4036 27.4036 1.5
      vertex 50.38 26.585 1.5
    endloop
  endfacet
  facet normal 0 -0 1
    outer loop
      vertex 48.4036 27.4036 1.5
      vertex 48.4036 31.3564 1.5
      vertex 47.585 29.38 1.5
    endloop
  endfacet
  facet normal 0.382663 0.923888 -0
    outer loop
      vertex 50.38 26.585 1.5
      vertex 48.4036 27.4036 99
      vertex 50.38 26.585 99
    endloop
  endfacet
  facet normal 0.382663 0.923888 0
    outer loop
      vertex 48.4036 27.4036 99
      vertex 50.38 26.585 1.5
      vertex 48.4036 27.4036 1.5
    endloop
  endfacet
  facet normal -0.923888 -0.382663 0
    outer loop
      vertex 53.175 20.38 1.5
      vertex 52.3564 22.3564 99
      vertex 52.3564 22.3564 1.5
    endloop
  endfacet
  facet normal -0.923888 -0.382663 0
    outer loop
      vertex 52.3564 22.3564 99
      vertex 53.175 20.38 1.5
      vertex 53.175 20.38 99
    endloop
  endfacet
  facet normal 0.923888 -0.382663 0
    outer loop
      vertex 47.585 20.38 99
      vertex 48.4036 22.3564 1.5
      vertex 48.4036 22.3564 99
    endloop
  endfacet
  facet normal 0.923888 -0.382663 0
    outer loop
      vertex 48.4036 22.3564 1.5
      vertex 47.585 20.38 99
      vertex 47.585 20.38 1.5
    endloop
  endfacet
  facet normal -0.382663 0.923888 0
    outer loop
      vertex 52.3564 18.4036 1.5
      vertex 50.38 17.585 99
      vertex 52.3564 18.4036 99
    endloop
  endfacet
  facet normal -0.382663 0.923888 0
    outer loop
      vertex 50.38 17.585 99
      vertex 52.3564 18.4036 1.5
      vertex 50.38 17.585 1.5
    endloop
  endfacet
  facet normal 0.382663 -0.923888 0
    outer loop
      vertex 48.4036 22.3564 1.5
      vertex 50.38 23.175 99
      vertex 48.4036 22.3564 99
    endloop
  endfacet
  facet normal 0.382663 -0.923888 0
    outer loop
      vertex 50.38 23.175 99
      vertex 48.4036 22.3564 1.5
      vertex 50.38 23.175 1.5
    endloop
  endfacet
  facet normal -0.382663 -0.923888 0
    outer loop
      vertex 50.38 23.175 1.5
      vertex 52.3564 22.3564 99
      vertex 50.38 23.175 99
    endloop
  endfacet
  facet normal -0.382663 -0.923888 -0
    outer loop
      vertex 52.3564 22.3564 99
      vertex 50.38 23.175 1.5
      vertex 52.3564 22.3564 1.5
    endloop
  endfacet
  facet normal 0 0 1
    outer loop
      vertex 52.3564 22.3564 1.5
      vertex 52.3564 18.4036 1.5
      vertex 53.175 20.38 1.5
    endloop
  endfacet
  facet normal 0 0 1
    outer loop
      vertex 50.38 23.175 1.5
      vertex 52.3564 18.4036 1.5
      vertex 52.3564 22.3564 1.5
    endloop
  endfacet
  facet normal 0 0 1
    outer loop
      vertex 50.38 23.175 1.5
      vertex 50.38 17.585 1.5
      vertex 52.3564 18.4036 1.5
    endloop
  endfacet
  facet normal -0 0 1
    outer loop
      vertex 48.4036 22.3564 1.5
      vertex 50.38 17.585 1.5
      vertex 50.38 23.175 1.5
    endloop
  endfacet
  facet normal 0 0 1
    outer loop
      vertex 48.4036 22.3564 1.5
      vertex 48.4036 18.4036 1.5
      vertex 50.38 17.585 1.5
    endloop
  endfacet
  facet normal 0 -0 1
    outer loop
      vertex 48.4036 18.4036 1.5
      vertex 48.4036 22.3564 1.5
      vertex 47.585 20.38 1.5
    endloop
  endfacet
  facet normal -0.923888 0.382663 0
    outer loop
      vertex 52.3564 18.4036 1.5
      vertex 53.175 20.38 99
      vertex 53.175 20.38 1.5
    endloop
  endfacet
  facet normal -0.923888 0.382663 0
    outer loop
      vertex 53.175 20.38 99
      vertex 52.3564 18.4036 1.5
      vertex 52.3564 18.4036 99
    endloop
  endfacet
  facet normal 0.382663 0.923888 -0
    outer loop
      vertex 50.38 17.585 1.5
      vertex 48.4036 18.4036 99
      vertex 50.38 17.585 99
    endloop
  endfacet
  facet normal 0.382663 0.923888 0
    outer loop
      vertex 48.4036 18.4036 99
      vertex 50.38 17.585 1.5
      vertex 48.4036 18.4036 1.5
    endloop
  endfacet
  facet normal 0.923888 0.382663 0
    outer loop
      vertex 48.4036 18.4036 99
      vertex 47.585 20.38 1.5
      vertex 47.585 20.38 99
    endloop
  endfacet
  facet normal 0.923888 0.382663 0
    outer loop
      vertex 47.585 20.38 1.5
      vertex 48.4036 18.4036 99
      vertex 48.4036 18.4036 1.5
    endloop
  endfacet
  facet normal -0.923888 -0.382663 0
    outer loop
      vertex 53.175 11.38 1.5
      vertex 52.3564 13.3564 99
      vertex 52.3564 13.3564 1.5
    endloop
  endfacet
  facet normal -0.923888 -0.382663 0
    outer loop
      vertex 52.3564 13.3564 99
      vertex 53.175 11.38 1.5
      vertex 53.175 11.38 99
    endloop
  endfacet
  facet normal 0.923888 -0.382663 0
    outer loop
      vertex 47.585 11.38 99
      vertex 48.4036 13.3564 1.5
      vertex 48.4036 13.3564 99
    endloop
  endfacet
  facet normal 0.923888 -0.382663 0
    outer loop
      vertex 48.4036 13.3564 1.5
      vertex 47.585 11.38 99
      vertex 47.585 11.38 1.5
    endloop
  endfacet
  facet normal -0.382679 0.923881 0
    outer loop
      vertex 52.3564 9.40364 1.5
      vertex 50.38 8.585 99
      vertex 52.3564 9.40364 99
    endloop
  endfacet
  facet normal -0.382679 0.923881 0
    outer loop
      vertex 50.38 8.585 99
      vertex 52.3564 9.40364 1.5
      vertex 50.38 8.585 1.5
    endloop
  endfacet
  facet normal 0.382663 -0.923888 0
    outer loop
      vertex 48.4036 13.3564 1.5
      vertex 50.38 14.175 99
      vertex 48.4036 13.3564 99
    endloop
  endfacet
  facet normal 0.382663 -0.923888 0
    outer loop
      vertex 50.38 14.175 99
      vertex 48.4036 13.3564 1.5
      vertex 50.38 14.175 1.5
    endloop
  endfacet
  facet normal -0.382663 -0.923888 0
    outer loop
      vertex 50.38 14.175 1.5
      vertex 52.3564 13.3564 99
      vertex 50.38 14.175 99
    endloop
  endfacet
  facet normal -0.382663 -0.923888 -0
    outer loop
      vertex 52.3564 13.3564 99
      vertex 50.38 14.175 1.5
      vertex 52.3564 13.3564 1.5
    endloop
  endfacet
  facet normal -0.923885 0.382669 0
    outer loop
      vertex 52.3564 9.40364 1.5
      vertex 53.175 11.38 99
      vertex 53.175 11.38 1.5
    endloop
  endfacet
  facet normal -0.923885 0.382669 0
    outer loop
      vertex 53.175 11.38 99
      vertex 52.3564 9.40364 1.5
      vertex 52.3564 9.40364 99
    endloop
  endfacet
  facet normal 0 0 1
    outer loop
      vertex 52.3564 13.3564 1.5
      vertex 52.3564 9.40364 1.5
      vertex 53.175 11.38 1.5
    endloop
  endfacet
  facet normal 0 0 1
    outer loop
      vertex 50.38 14.175 1.5
      vertex 52.3564 9.40364 1.5
      vertex 52.3564 13.3564 1.5
    endloop
  endfacet
  facet normal 0 0 1
    outer loop
      vertex 50.38 14.175 1.5
      vertex 50.38 8.585 1.5
      vertex 52.3564 9.40364 1.5
    endloop
  endfacet
  facet normal -0 0 1
    outer loop
      vertex 48.4036 13.3564 1.5
      vertex 50.38 8.585 1.5
      vertex 50.38 14.175 1.5
    endloop
  endfacet
  facet normal 0 0 1
    outer loop
      vertex 48.4036 13.3564 1.5
      vertex 48.4036 9.40364 1.5
      vertex 50.38 8.585 1.5
    endloop
  endfacet
  facet normal 0 -0 1
    outer loop
      vertex 48.4036 9.40364 1.5
      vertex 48.4036 13.3564 1.5
      vertex 47.585 11.38 1.5
    endloop
  endfacet
  facet normal 0.382679 0.923881 -0
    outer loop
      vertex 50.38 8.585 1.5
      vertex 48.4036 9.40364 99
      vertex 50.38 8.585 99
    endloop
  endfacet
  facet normal 0.382679 0.923881 0
    outer loop
      vertex 48.4036 9.40364 99
      vertex 50.38 8.585 1.5
      vertex 48.4036 9.40364 1.5
    endloop
  endfacet
  facet normal 0.923885 0.382669 0
    outer loop
      vertex 48.4036 9.40364 99
      vertex 47.585 11.38 1.5
      vertex 47.585 11.38 99
    endloop
  endfacet
  facet normal 0.923885 0.382669 0
    outer loop
      vertex 47.585 11.38 1.5
      vertex 48.4036 9.40364 99
      vertex 48.4036 9.40364 1.5
    endloop
  endfacet
  facet normal -0.923888 -0.382663 0
    outer loop
      vertex 62.175 74.38 1.5
      vertex 61.3564 76.3564 99
      vertex 61.3564 76.3564 1.5
    endloop
  endfacet
  facet normal -0.923888 -0.382663 0
    outer loop
      vertex 61.3564 76.3564 99
      vertex 62.175 74.38 1.5
      vertex 62.175 74.38 99
    endloop
  endfacet
  facet normal 0.923888 -0.382663 0
    outer loop
      vertex 56.585 74.38 99
      vertex 57.4036 76.3564 1.5
      vertex 57.4036 76.3564 99
    endloop
  endfacet
  facet normal 0.923888 -0.382663 0
    outer loop
      vertex 57.4036 76.3564 1.5
      vertex 56.585 74.38 99
      vertex 56.585 74.38 1.5
    endloop
  endfacet
  facet normal -0.382663 0.923888 0
    outer loop
      vertex 61.3564 72.4036 1.5
      vertex 59.38 71.585 99
      vertex 61.3564 72.4036 99
    endloop
  endfacet
  facet normal -0.382663 0.923888 0
    outer loop
      vertex 59.38 71.585 99
      vertex 61.3564 72.4036 1.5
      vertex 59.38 71.585 1.5
    endloop
  endfacet
  facet normal 0.382663 -0.923888 0
    outer loop
      vertex 57.4036 76.3564 1.5
      vertex 59.38 77.175 99
      vertex 57.4036 76.3564 99
    endloop
  endfacet
  facet normal 0.382663 -0.923888 0
    outer loop
      vertex 59.38 77.175 99
      vertex 57.4036 76.3564 1.5
      vertex 59.38 77.175 1.5
    endloop
  endfacet
  facet normal -0.382663 -0.923888 0
    outer loop
      vertex 59.38 77.175 1.5
      vertex 61.3564 76.3564 99
      vertex 59.38 77.175 99
    endloop
  endfacet
  facet normal -0.382663 -0.923888 -0
    outer loop
      vertex 61.3564 76.3564 99
      vertex 59.38 77.175 1.5
      vertex 61.3564 76.3564 1.5
    endloop
  endfacet
  facet normal 0 0 1
    outer loop
      vertex 61.3564 76.3564 1.5
      vertex 61.3564 72.4036 1.5
      vertex 62.175 74.38 1.5
    endloop
  endfacet
  facet normal 0 0 1
    outer loop
      vertex 59.38 77.175 1.5
      vertex 61.3564 72.4036 1.5
      vertex 61.3564 76.3564 1.5
    endloop
  endfacet
  facet normal 0 0 1
    outer loop
      vertex 59.38 77.175 1.5
      vertex 59.38 71.585 1.5
      vertex 61.3564 72.4036 1.5
    endloop
  endfacet
  facet normal -0 0 1
    outer loop
      vertex 57.4036 76.3564 1.5
      vertex 59.38 71.585 1.5
      vertex 59.38 77.175 1.5
    endloop
  endfacet
  facet normal 0 0 1
    outer loop
      vertex 57.4036 76.3564 1.5
      vertex 57.4036 72.4036 1.5
      vertex 59.38 71.585 1.5
    endloop
  endfacet
  facet normal 0 -0 1
    outer loop
      vertex 57.4036 72.4036 1.5
      vertex 57.4036 76.3564 1.5
      vertex 56.585 74.38 1.5
    endloop
  endfacet
  facet normal -0.923888 0.382663 0
    outer loop
      vertex 61.3564 72.4036 1.5
      vertex 62.175 74.38 99
      vertex 62.175 74.38 1.5
    endloop
  endfacet
  facet normal -0.923888 0.382663 0
    outer loop
      vertex 62.175 74.38 99
      vertex 61.3564 72.4036 1.5
      vertex 61.3564 72.4036 99
    endloop
  endfacet
  facet normal 0.382663 0.923888 -0
    outer loop
      vertex 59.38 71.585 1.5
      vertex 57.4036 72.4036 99
      vertex 59.38 71.585 99
    endloop
  endfacet
  facet normal 0.382663 0.923888 0
    outer loop
      vertex 57.4036 72.4036 99
      vertex 59.38 71.585 1.5
      vertex 57.4036 72.4036 1.5
    endloop
  endfacet
  facet normal 0.923888 0.382663 0
    outer loop
      vertex 57.4036 72.4036 99
      vertex 56.585 74.38 1.5
      vertex 56.585 74.38 99
    endloop
  endfacet
  facet normal 0.923888 0.382663 0
    outer loop
      vertex 56.585 74.38 1.5
      vertex 57.4036 72.4036 99
      vertex 57.4036 72.4036 1.5
    endloop
  endfacet
  facet normal -0.923888 -0.382663 0
    outer loop
      vertex 62.175 65.38 1.5
      vertex 61.3564 67.3564 99
      vertex 61.3564 67.3564 1.5
    endloop
  endfacet
  facet normal -0.923888 -0.382663 0
    outer loop
      vertex 61.3564 67.3564 99
      vertex 62.175 65.38 1.5
      vertex 62.175 65.38 99
    endloop
  endfacet
  facet normal 0.923888 -0.382663 0
    outer loop
      vertex 56.585 65.38 99
      vertex 57.4036 67.3564 1.5
      vertex 57.4036 67.3564 99
    endloop
  endfacet
  facet normal 0.923888 -0.382663 0
    outer loop
      vertex 57.4036 67.3564 1.5
      vertex 56.585 65.38 99
      vertex 56.585 65.38 1.5
    endloop
  endfacet
  facet normal -0.382663 0.923888 0
    outer loop
      vertex 61.3564 63.4036 1.5
      vertex 59.38 62.585 99
      vertex 61.3564 63.4036 99
    endloop
  endfacet
  facet normal -0.382663 0.923888 0
    outer loop
      vertex 59.38 62.585 99
      vertex 61.3564 63.4036 1.5
      vertex 59.38 62.585 1.5
    endloop
  endfacet
  facet normal 0.382663 -0.923888 0
    outer loop
      vertex 57.4036 67.3564 1.5
      vertex 59.38 68.175 99
      vertex 57.4036 67.3564 99
    endloop
  endfacet
  facet normal 0.382663 -0.923888 0
    outer loop
      vertex 59.38 68.175 99
      vertex 57.4036 67.3564 1.5
      vertex 59.38 68.175 1.5
    endloop
  endfacet
  facet normal -0.382663 -0.923888 0
    outer loop
      vertex 59.38 68.175 1.5
      vertex 61.3564 67.3564 99
      vertex 59.38 68.175 99
    endloop
  endfacet
  facet normal -0.382663 -0.923888 -0
    outer loop
      vertex 61.3564 67.3564 99
      vertex 59.38 68.175 1.5
      vertex 61.3564 67.3564 1.5
    endloop
  endfacet
  facet normal -0.923888 0.382663 0
    outer loop
      vertex 61.3564 63.4036 1.5
      vertex 62.175 65.38 99
      vertex 62.175 65.38 1.5
    endloop
  endfacet
  facet normal -0.923888 0.382663 0
    outer loop
      vertex 62.175 65.38 99
      vertex 61.3564 63.4036 1.5
      vertex 61.3564 63.4036 99
    endloop
  endfacet
  facet normal 0.923888 0.382663 0
    outer loop
      vertex 57.4036 63.4036 99
      vertex 56.585 65.38 1.5
      vertex 56.585 65.38 99
    endloop
  endfacet
  facet normal 0.923888 0.382663 0
    outer loop
      vertex 56.585 65.38 1.5
      vertex 57.4036 63.4036 99
      vertex 57.4036 63.4036 1.5
    endloop
  endfacet
  facet normal 0 0 1
    outer loop
      vertex 61.3564 67.3564 1.5
      vertex 61.3564 63.4036 1.5
      vertex 62.175 65.38 1.5
    endloop
  endfacet
  facet normal 0 0 1
    outer loop
      vertex 59.38 68.175 1.5
      vertex 61.3564 63.4036 1.5
      vertex 61.3564 67.3564 1.5
    endloop
  endfacet
  facet normal 0 0 1
    outer loop
      vertex 59.38 68.175 1.5
      vertex 59.38 62.585 1.5
      vertex 61.3564 63.4036 1.5
    endloop
  endfacet
  facet normal -0 0 1
    outer loop
      vertex 57.4036 67.3564 1.5
      vertex 59.38 62.585 1.5
      vertex 59.38 68.175 1.5
    endloop
  endfacet
  facet normal 0 0 1
    outer loop
      vertex 57.4036 67.3564 1.5
      vertex 57.4036 63.4036 1.5
      vertex 59.38 62.585 1.5
    endloop
  endfacet
  facet normal 0 -0 1
    outer loop
      vertex 57.4036 63.4036 1.5
      vertex 57.4036 67.3564 1.5
      vertex 56.585 65.38 1.5
    endloop
  endfacet
  facet normal 0.382663 0.923888 -0
    outer loop
      vertex 59.38 62.585 1.5
      vertex 57.4036 63.4036 99
      vertex 59.38 62.585 99
    endloop
  endfacet
  facet normal 0.382663 0.923888 0
    outer loop
      vertex 57.4036 63.4036 99
      vertex 59.38 62.585 1.5
      vertex 57.4036 63.4036 1.5
    endloop
  endfacet
  facet normal -0.923888 -0.382663 0
    outer loop
      vertex 62.175 56.38 1.5
      vertex 61.3564 58.3564 99
      vertex 61.3564 58.3564 1.5
    endloop
  endfacet
  facet normal -0.923888 -0.382663 0
    outer loop
      vertex 61.3564 58.3564 99
      vertex 62.175 56.38 1.5
      vertex 62.175 56.38 99
    endloop
  endfacet
  facet normal 0.923888 -0.382663 0
    outer loop
      vertex 56.585 56.38 99
      vertex 57.4036 58.3564 1.5
      vertex 57.4036 58.3564 99
    endloop
  endfacet
  facet normal 0.923888 -0.382663 0
    outer loop
      vertex 57.4036 58.3564 1.5
      vertex 56.585 56.38 99
      vertex 56.585 56.38 1.5
    endloop
  endfacet
  facet normal -0.382663 0.923888 0
    outer loop
      vertex 61.3564 54.4036 1.5
      vertex 59.38 53.585 99
      vertex 61.3564 54.4036 99
    endloop
  endfacet
  facet normal -0.382663 0.923888 0
    outer loop
      vertex 59.38 53.585 99
      vertex 61.3564 54.4036 1.5
      vertex 59.38 53.585 1.5
    endloop
  endfacet
  facet normal 0.382663 -0.923888 0
    outer loop
      vertex 57.4036 58.3564 1.5
      vertex 59.38 59.175 99
      vertex 57.4036 58.3564 99
    endloop
  endfacet
  facet normal 0.382663 -0.923888 0
    outer loop
      vertex 59.38 59.175 99
      vertex 57.4036 58.3564 1.5
      vertex 59.38 59.175 1.5
    endloop
  endfacet
  facet normal -0.382663 -0.923888 0
    outer loop
      vertex 59.38 59.175 1.5
      vertex 61.3564 58.3564 99
      vertex 59.38 59.175 99
    endloop
  endfacet
  facet normal -0.382663 -0.923888 -0
    outer loop
      vertex 61.3564 58.3564 99
      vertex 59.38 59.175 1.5
      vertex 61.3564 58.3564 1.5
    endloop
  endfacet
  facet normal 0 0 1
    outer loop
      vertex 61.3564 58.3564 1.5
      vertex 61.3564 54.4036 1.5
      vertex 62.175 56.38 1.5
    endloop
  endfacet
  facet normal 0 0 1
    outer loop
      vertex 59.38 59.175 1.5
      vertex 61.3564 54.4036 1.5
      vertex 61.3564 58.3564 1.5
    endloop
  endfacet
  facet normal 0 0 1
    outer loop
      vertex 59.38 59.175 1.5
      vertex 59.38 53.585 1.5
      vertex 61.3564 54.4036 1.5
    endloop
  endfacet
  facet normal -0 0 1
    outer loop
      vertex 57.4036 58.3564 1.5
      vertex 59.38 53.585 1.5
      vertex 59.38 59.175 1.5
    endloop
  endfacet
  facet normal 0 0 1
    outer loop
      vertex 57.4036 58.3564 1.5
      vertex 57.4036 54.4036 1.5
      vertex 59.38 53.585 1.5
    endloop
  endfacet
  facet normal 0 -0 1
    outer loop
      vertex 57.4036 54.4036 1.5
      vertex 57.4036 58.3564 1.5
      vertex 56.585 56.38 1.5
    endloop
  endfacet
  facet normal -0.923888 0.382663 0
    outer loop
      vertex 61.3564 54.4036 1.5
      vertex 62.175 56.38 99
      vertex 62.175 56.38 1.5
    endloop
  endfacet
  facet normal -0.923888 0.382663 0
    outer loop
      vertex 62.175 56.38 99
      vertex 61.3564 54.4036 1.5
      vertex 61.3564 54.4036 99
    endloop
  endfacet
  facet normal 0.382663 0.923888 -0
    outer loop
      vertex 59.38 53.585 1.5
      vertex 57.4036 54.4036 99
      vertex 59.38 53.585 99
    endloop
  endfacet
  facet normal 0.382663 0.923888 0
    outer loop
      vertex 57.4036 54.4036 99
      vertex 59.38 53.585 1.5
      vertex 57.4036 54.4036 1.5
    endloop
  endfacet
  facet normal 0.923888 0.382663 0
    outer loop
      vertex 57.4036 54.4036 99
      vertex 56.585 56.38 1.5
      vertex 56.585 56.38 99
    endloop
  endfacet
  facet normal 0.923888 0.382663 0
    outer loop
      vertex 56.585 56.38 1.5
      vertex 57.4036 54.4036 99
      vertex 57.4036 54.4036 1.5
    endloop
  endfacet
  facet normal -0.923888 -0.382663 0
    outer loop
      vertex 62.175 47.38 1.5
      vertex 61.3564 49.3564 99
      vertex 61.3564 49.3564 1.5
    endloop
  endfacet
  facet normal -0.923888 -0.382663 0
    outer loop
      vertex 61.3564 49.3564 99
      vertex 62.175 47.38 1.5
      vertex 62.175 47.38 99
    endloop
  endfacet
  facet normal 0.923888 -0.382663 0
    outer loop
      vertex 56.585 47.38 99
      vertex 57.4036 49.3564 1.5
      vertex 57.4036 49.3564 99
    endloop
  endfacet
  facet normal 0.923888 -0.382663 0
    outer loop
      vertex 57.4036 49.3564 1.5
      vertex 56.585 47.38 99
      vertex 56.585 47.38 1.5
    endloop
  endfacet
  facet normal -0.382663 0.923888 0
    outer loop
      vertex 61.3564 45.4036 1.5
      vertex 59.38 44.585 99
      vertex 61.3564 45.4036 99
    endloop
  endfacet
  facet normal -0.382663 0.923888 0
    outer loop
      vertex 59.38 44.585 99
      vertex 61.3564 45.4036 1.5
      vertex 59.38 44.585 1.5
    endloop
  endfacet
  facet normal 0.382663 -0.923888 0
    outer loop
      vertex 57.4036 49.3564 1.5
      vertex 59.38 50.175 99
      vertex 57.4036 49.3564 99
    endloop
  endfacet
  facet normal 0.382663 -0.923888 0
    outer loop
      vertex 59.38 50.175 99
      vertex 57.4036 49.3564 1.5
      vertex 59.38 50.175 1.5
    endloop
  endfacet
  facet normal -0.382663 -0.923888 0
    outer loop
      vertex 59.38 50.175 1.5
      vertex 61.3564 49.3564 99
      vertex 59.38 50.175 99
    endloop
  endfacet
  facet normal -0.382663 -0.923888 -0
    outer loop
      vertex 61.3564 49.3564 99
      vertex 59.38 50.175 1.5
      vertex 61.3564 49.3564 1.5
    endloop
  endfacet
  facet normal -0.923888 0.382663 0
    outer loop
      vertex 61.3564 45.4036 1.5
      vertex 62.175 47.38 99
      vertex 62.175 47.38 1.5
    endloop
  endfacet
  facet normal -0.923888 0.382663 0
    outer loop
      vertex 62.175 47.38 99
      vertex 61.3564 45.4036 1.5
      vertex 61.3564 45.4036 99
    endloop
  endfacet
  facet normal 0 0 1
    outer loop
      vertex 61.3564 49.3564 1.5
      vertex 61.3564 45.4036 1.5
      vertex 62.175 47.38 1.5
    endloop
  endfacet
  facet normal 0 0 1
    outer loop
      vertex 59.38 50.175 1.5
      vertex 61.3564 45.4036 1.5
      vertex 61.3564 49.3564 1.5
    endloop
  endfacet
  facet normal 0 0 1
    outer loop
      vertex 59.38 50.175 1.5
      vertex 59.38 44.585 1.5
      vertex 61.3564 45.4036 1.5
    endloop
  endfacet
  facet normal -0 0 1
    outer loop
      vertex 57.4036 49.3564 1.5
      vertex 59.38 44.585 1.5
      vertex 59.38 50.175 1.5
    endloop
  endfacet
  facet normal 0 0 1
    outer loop
      vertex 57.4036 49.3564 1.5
      vertex 57.4036 45.4036 1.5
      vertex 59.38 44.585 1.5
    endloop
  endfacet
  facet normal 0 -0 1
    outer loop
      vertex 57.4036 45.4036 1.5
      vertex 57.4036 49.3564 1.5
      vertex 56.585 47.38 1.5
    endloop
  endfacet
  facet normal 0.382663 0.923888 -0
    outer loop
      vertex 59.38 44.585 1.5
      vertex 57.4036 45.4036 99
      vertex 59.38 44.585 99
    endloop
  endfacet
  facet normal 0.382663 0.923888 0
    outer loop
      vertex 57.4036 45.4036 99
      vertex 59.38 44.585 1.5
      vertex 57.4036 45.4036 1.5
    endloop
  endfacet
  facet normal 0.923888 0.382663 0
    outer loop
      vertex 57.4036 45.4036 99
      vertex 56.585 47.38 1.5
      vertex 56.585 47.38 99
    endloop
  endfacet
  facet normal 0.923888 0.382663 0
    outer loop
      vertex 56.585 47.38 1.5
      vertex 57.4036 45.4036 99
      vertex 57.4036 45.4036 1.5
    endloop
  endfacet
  facet normal -0.923888 -0.382663 0
    outer loop
      vertex 62.175 38.38 1.5
      vertex 61.3564 40.3564 99
      vertex 61.3564 40.3564 1.5
    endloop
  endfacet
  facet normal -0.923888 -0.382663 0
    outer loop
      vertex 61.3564 40.3564 99
      vertex 62.175 38.38 1.5
      vertex 62.175 38.38 99
    endloop
  endfacet
  facet normal 0.923888 -0.382663 0
    outer loop
      vertex 56.585 38.38 99
      vertex 57.4036 40.3564 1.5
      vertex 57.4036 40.3564 99
    endloop
  endfacet
  facet normal 0.923888 -0.382663 0
    outer loop
      vertex 57.4036 40.3564 1.5
      vertex 56.585 38.38 99
      vertex 56.585 38.38 1.5
    endloop
  endfacet
  facet normal -0.382663 0.923888 0
    outer loop
      vertex 61.3564 36.4036 1.5
      vertex 59.38 35.585 99
      vertex 61.3564 36.4036 99
    endloop
  endfacet
  facet normal -0.382663 0.923888 0
    outer loop
      vertex 59.38 35.585 99
      vertex 61.3564 36.4036 1.5
      vertex 59.38 35.585 1.5
    endloop
  endfacet
  facet normal 0.382663 -0.923888 0
    outer loop
      vertex 57.4036 40.3564 1.5
      vertex 59.38 41.175 99
      vertex 57.4036 40.3564 99
    endloop
  endfacet
  facet normal 0.382663 -0.923888 0
    outer loop
      vertex 59.38 41.175 99
      vertex 57.4036 40.3564 1.5
      vertex 59.38 41.175 1.5
    endloop
  endfacet
  facet normal -0.382663 -0.923888 0
    outer loop
      vertex 59.38 41.175 1.5
      vertex 61.3564 40.3564 99
      vertex 59.38 41.175 99
    endloop
  endfacet
  facet normal -0.382663 -0.923888 -0
    outer loop
      vertex 61.3564 40.3564 99
      vertex 59.38 41.175 1.5
      vertex 61.3564 40.3564 1.5
    endloop
  endfacet
  facet normal -0.923888 0.382663 0
    outer loop
      vertex 61.3564 36.4036 1.5
      vertex 62.175 38.38 99
      vertex 62.175 38.38 1.5
    endloop
  endfacet
  facet normal -0.923888 0.382663 0
    outer loop
      vertex 62.175 38.38 99
      vertex 61.3564 36.4036 1.5
      vertex 61.3564 36.4036 99
    endloop
  endfacet
  facet normal 0 0 1
    outer loop
      vertex 61.3564 40.3564 1.5
      vertex 61.3564 36.4036 1.5
      vertex 62.175 38.38 1.5
    endloop
  endfacet
  facet normal 0 0 1
    outer loop
      vertex 59.38 41.175 1.5
      vertex 61.3564 36.4036 1.5
      vertex 61.3564 40.3564 1.5
    endloop
  endfacet
  facet normal 0 0 1
    outer loop
      vertex 59.38 41.175 1.5
      vertex 59.38 35.585 1.5
      vertex 61.3564 36.4036 1.5
    endloop
  endfacet
  facet normal -0 0 1
    outer loop
      vertex 57.4036 40.3564 1.5
      vertex 59.38 35.585 1.5
      vertex 59.38 41.175 1.5
    endloop
  endfacet
  facet normal 0 0 1
    outer loop
      vertex 57.4036 40.3564 1.5
      vertex 57.4036 36.4036 1.5
      vertex 59.38 35.585 1.5
    endloop
  endfacet
  facet normal 0 -0 1
    outer loop
      vertex 57.4036 36.4036 1.5
      vertex 57.4036 40.3564 1.5
      vertex 56.585 38.38 1.5
    endloop
  endfacet
  facet normal 0.382663 0.923888 -0
    outer loop
      vertex 59.38 35.585 1.5
      vertex 57.4036 36.4036 99
      vertex 59.38 35.585 99
    endloop
  endfacet
  facet normal 0.382663 0.923888 0
    outer loop
      vertex 57.4036 36.4036 99
      vertex 59.38 35.585 1.5
      vertex 57.4036 36.4036 1.5
    endloop
  endfacet
  facet normal 0.923888 0.382663 0
    outer loop
      vertex 57.4036 36.4036 99
      vertex 56.585 38.38 1.5
      vertex 56.585 38.38 99
    endloop
  endfacet
  facet normal 0.923888 0.382663 0
    outer loop
      vertex 56.585 38.38 1.5
      vertex 57.4036 36.4036 99
      vertex 57.4036 36.4036 1.5
    endloop
  endfacet
  facet normal -0.923888 -0.382663 0
    outer loop
      vertex 62.175 29.38 1.5
      vertex 61.3564 31.3564 99
      vertex 61.3564 31.3564 1.5
    endloop
  endfacet
  facet normal -0.923888 -0.382663 0
    outer loop
      vertex 61.3564 31.3564 99
      vertex 62.175 29.38 1.5
      vertex 62.175 29.38 99
    endloop
  endfacet
  facet normal 0.923888 -0.382663 0
    outer loop
      vertex 56.585 29.38 99
      vertex 57.4036 31.3564 1.5
      vertex 57.4036 31.3564 99
    endloop
  endfacet
  facet normal 0.923888 -0.382663 0
    outer loop
      vertex 57.4036 31.3564 1.5
      vertex 56.585 29.38 99
      vertex 56.585 29.38 1.5
    endloop
  endfacet
  facet normal -0.382663 0.923888 0
    outer loop
      vertex 61.3564 27.4036 1.5
      vertex 59.38 26.585 99
      vertex 61.3564 27.4036 99
    endloop
  endfacet
  facet normal -0.382663 0.923888 0
    outer loop
      vertex 59.38 26.585 99
      vertex 61.3564 27.4036 1.5
      vertex 59.38 26.585 1.5
    endloop
  endfacet
  facet normal 0.382663 -0.923888 0
    outer loop
      vertex 57.4036 31.3564 1.5
      vertex 59.38 32.175 99
      vertex 57.4036 31.3564 99
    endloop
  endfacet
  facet normal 0.382663 -0.923888 0
    outer loop
      vertex 59.38 32.175 99
      vertex 57.4036 31.3564 1.5
      vertex 59.38 32.175 1.5
    endloop
  endfacet
  facet normal -0.382663 -0.923888 0
    outer loop
      vertex 59.38 32.175 1.5
      vertex 61.3564 31.3564 99
      vertex 59.38 32.175 99
    endloop
  endfacet
  facet normal -0.382663 -0.923888 -0
    outer loop
      vertex 61.3564 31.3564 99
      vertex 59.38 32.175 1.5
      vertex 61.3564 31.3564 1.5
    endloop
  endfacet
  facet normal -0.923888 0.382663 0
    outer loop
      vertex 61.3564 27.4036 1.5
      vertex 62.175 29.38 99
      vertex 62.175 29.38 1.5
    endloop
  endfacet
  facet normal -0.923888 0.382663 0
    outer loop
      vertex 62.175 29.38 99
      vertex 61.3564 27.4036 1.5
      vertex 61.3564 27.4036 99
    endloop
  endfacet
  facet normal 0.923888 0.382663 0
    outer loop
      vertex 57.4036 27.4036 99
      vertex 56.585 29.38 1.5
      vertex 56.585 29.38 99
    endloop
  endfacet
  facet normal 0.923888 0.382663 0
    outer loop
      vertex 56.585 29.38 1.5
      vertex 57.4036 27.4036 99
      vertex 57.4036 27.4036 1.5
    endloop
  endfacet
  facet normal 0 0 1
    outer loop
      vertex 61.3564 31.3564 1.5
      vertex 61.3564 27.4036 1.5
      vertex 62.175 29.38 1.5
    endloop
  endfacet
  facet normal 0 0 1
    outer loop
      vertex 59.38 32.175 1.5
      vertex 61.3564 27.4036 1.5
      vertex 61.3564 31.3564 1.5
    endloop
  endfacet
  facet normal 0 0 1
    outer loop
      vertex 59.38 32.175 1.5
      vertex 59.38 26.585 1.5
      vertex 61.3564 27.4036 1.5
    endloop
  endfacet
  facet normal -0 0 1
    outer loop
      vertex 57.4036 31.3564 1.5
      vertex 59.38 26.585 1.5
      vertex 59.38 32.175 1.5
    endloop
  endfacet
  facet normal 0 0 1
    outer loop
      vertex 57.4036 31.3564 1.5
      vertex 57.4036 27.4036 1.5
      vertex 59.38 26.585 1.5
    endloop
  endfacet
  facet normal 0 -0 1
    outer loop
      vertex 57.4036 27.4036 1.5
      vertex 57.4036 31.3564 1.5
      vertex 56.585 29.38 1.5
    endloop
  endfacet
  facet normal 0.382663 0.923888 -0
    outer loop
      vertex 59.38 26.585 1.5
      vertex 57.4036 27.4036 99
      vertex 59.38 26.585 99
    endloop
  endfacet
  facet normal 0.382663 0.923888 0
    outer loop
      vertex 57.4036 27.4036 99
      vertex 59.38 26.585 1.5
      vertex 57.4036 27.4036 1.5
    endloop
  endfacet
  facet normal -0.923888 -0.382663 0
    outer loop
      vertex 62.175 20.38 1.5
      vertex 61.3564 22.3564 99
      vertex 61.3564 22.3564 1.5
    endloop
  endfacet
  facet normal -0.923888 -0.382663 0
    outer loop
      vertex 61.3564 22.3564 99
      vertex 62.175 20.38 1.5
      vertex 62.175 20.38 99
    endloop
  endfacet
  facet normal 0.923888 -0.382663 0
    outer loop
      vertex 56.585 20.38 99
      vertex 57.4036 22.3564 1.5
      vertex 57.4036 22.3564 99
    endloop
  endfacet
  facet normal 0.923888 -0.382663 0
    outer loop
      vertex 57.4036 22.3564 1.5
      vertex 56.585 20.38 99
      vertex 56.585 20.38 1.5
    endloop
  endfacet
  facet normal -0.382663 0.923888 0
    outer loop
      vertex 61.3564 18.4036 1.5
      vertex 59.38 17.585 99
      vertex 61.3564 18.4036 99
    endloop
  endfacet
  facet normal -0.382663 0.923888 0
    outer loop
      vertex 59.38 17.585 99
      vertex 61.3564 18.4036 1.5
      vertex 59.38 17.585 1.5
    endloop
  endfacet
  facet normal 0.382663 -0.923888 0
    outer loop
      vertex 57.4036 22.3564 1.5
      vertex 59.38 23.175 99
      vertex 57.4036 22.3564 99
    endloop
  endfacet
  facet normal 0.382663 -0.923888 0
    outer loop
      vertex 59.38 23.175 99
      vertex 57.4036 22.3564 1.5
      vertex 59.38 23.175 1.5
    endloop
  endfacet
  facet normal -0.382663 -0.923888 0
    outer loop
      vertex 59.38 23.175 1.5
      vertex 61.3564 22.3564 99
      vertex 59.38 23.175 99
    endloop
  endfacet
  facet normal -0.382663 -0.923888 -0
    outer loop
      vertex 61.3564 22.3564 99
      vertex 59.38 23.175 1.5
      vertex 61.3564 22.3564 1.5
    endloop
  endfacet
  facet normal -0.923888 0.382663 0
    outer loop
      vertex 61.3564 18.4036 1.5
      vertex 62.175 20.38 99
      vertex 62.175 20.38 1.5
    endloop
  endfacet
  facet normal -0.923888 0.382663 0
    outer loop
      vertex 62.175 20.38 99
      vertex 61.3564 18.4036 1.5
      vertex 61.3564 18.4036 99
    endloop
  endfacet
  facet normal 0 0 1
    outer loop
      vertex 61.3564 22.3564 1.5
      vertex 61.3564 18.4036 1.5
      vertex 62.175 20.38 1.5
    endloop
  endfacet
  facet normal 0 0 1
    outer loop
      vertex 59.38 23.175 1.5
      vertex 61.3564 18.4036 1.5
      vertex 61.3564 22.3564 1.5
    endloop
  endfacet
  facet normal 0 0 1
    outer loop
      vertex 59.38 23.175 1.5
      vertex 59.38 17.585 1.5
      vertex 61.3564 18.4036 1.5
    endloop
  endfacet
  facet normal -0 0 1
    outer loop
      vertex 57.4036 22.3564 1.5
      vertex 59.38 17.585 1.5
      vertex 59.38 23.175 1.5
    endloop
  endfacet
  facet normal 0 0 1
    outer loop
      vertex 57.4036 22.3564 1.5
      vertex 57.4036 18.4036 1.5
      vertex 59.38 17.585 1.5
    endloop
  endfacet
  facet normal 0 -0 1
    outer loop
      vertex 57.4036 18.4036 1.5
      vertex 57.4036 22.3564 1.5
      vertex 56.585 20.38 1.5
    endloop
  endfacet
  facet normal 0.382663 0.923888 -0
    outer loop
      vertex 59.38 17.585 1.5
      vertex 57.4036 18.4036 99
      vertex 59.38 17.585 99
    endloop
  endfacet
  facet normal 0.382663 0.923888 0
    outer loop
      vertex 57.4036 18.4036 99
      vertex 59.38 17.585 1.5
      vertex 57.4036 18.4036 1.5
    endloop
  endfacet
  facet normal 0.923888 0.382663 0
    outer loop
      vertex 57.4036 18.4036 99
      vertex 56.585 20.38 1.5
      vertex 56.585 20.38 99
    endloop
  endfacet
  facet normal 0.923888 0.382663 0
    outer loop
      vertex 56.585 20.38 1.5
      vertex 57.4036 18.4036 99
      vertex 57.4036 18.4036 1.5
    endloop
  endfacet
  facet normal -0.923888 -0.382663 0
    outer loop
      vertex 62.175 11.38 1.5
      vertex 61.3564 13.3564 99
      vertex 61.3564 13.3564 1.5
    endloop
  endfacet
  facet normal -0.923888 -0.382663 0
    outer loop
      vertex 61.3564 13.3564 99
      vertex 62.175 11.38 1.5
      vertex 62.175 11.38 99
    endloop
  endfacet
  facet normal 0.923888 -0.382663 0
    outer loop
      vertex 56.585 11.38 99
      vertex 57.4036 13.3564 1.5
      vertex 57.4036 13.3564 99
    endloop
  endfacet
  facet normal 0.923888 -0.382663 0
    outer loop
      vertex 57.4036 13.3564 1.5
      vertex 56.585 11.38 99
      vertex 56.585 11.38 1.5
    endloop
  endfacet
  facet normal -0.382679 0.923881 0
    outer loop
      vertex 61.3564 9.40364 1.5
      vertex 59.38 8.585 99
      vertex 61.3564 9.40364 99
    endloop
  endfacet
  facet normal -0.382679 0.923881 0
    outer loop
      vertex 59.38 8.585 99
      vertex 61.3564 9.40364 1.5
      vertex 59.38 8.585 1.5
    endloop
  endfacet
  facet normal 0.382663 -0.923888 0
    outer loop
      vertex 57.4036 13.3564 1.5
      vertex 59.38 14.175 99
      vertex 57.4036 13.3564 99
    endloop
  endfacet
  facet normal 0.382663 -0.923888 0
    outer loop
      vertex 59.38 14.175 99
      vertex 57.4036 13.3564 1.5
      vertex 59.38 14.175 1.5
    endloop
  endfacet
  facet normal -0.382663 -0.923888 0
    outer loop
      vertex 59.38 14.175 1.5
      vertex 61.3564 13.3564 99
      vertex 59.38 14.175 99
    endloop
  endfacet
  facet normal -0.382663 -0.923888 -0
    outer loop
      vertex 61.3564 13.3564 99
      vertex 59.38 14.175 1.5
      vertex 61.3564 13.3564 1.5
    endloop
  endfacet
  facet normal -0.923885 0.382669 0
    outer loop
      vertex 61.3564 9.40364 1.5
      vertex 62.175 11.38 99
      vertex 62.175 11.38 1.5
    endloop
  endfacet
  facet normal -0.923885 0.382669 0
    outer loop
      vertex 62.175 11.38 99
      vertex 61.3564 9.40364 1.5
      vertex 61.3564 9.40364 99
    endloop
  endfacet
  facet normal 0.923885 0.382669 0
    outer loop
      vertex 57.4036 9.40364 99
      vertex 56.585 11.38 1.5
      vertex 56.585 11.38 99
    endloop
  endfacet
  facet normal 0.923885 0.382669 0
    outer loop
      vertex 56.585 11.38 1.5
      vertex 57.4036 9.40364 99
      vertex 57.4036 9.40364 1.5
    endloop
  endfacet
  facet normal 0 0 1
    outer loop
      vertex 61.3564 13.3564 1.5
      vertex 61.3564 9.40364 1.5
      vertex 62.175 11.38 1.5
    endloop
  endfacet
  facet normal 0 0 1
    outer loop
      vertex 59.38 14.175 1.5
      vertex 61.3564 9.40364 1.5
      vertex 61.3564 13.3564 1.5
    endloop
  endfacet
  facet normal 0 0 1
    outer loop
      vertex 59.38 14.175 1.5
      vertex 59.38 8.585 1.5
      vertex 61.3564 9.40364 1.5
    endloop
  endfacet
  facet normal -0 0 1
    outer loop
      vertex 57.4036 13.3564 1.5
      vertex 59.38 8.585 1.5
      vertex 59.38 14.175 1.5
    endloop
  endfacet
  facet normal 0 0 1
    outer loop
      vertex 57.4036 13.3564 1.5
      vertex 57.4036 9.40364 1.5
      vertex 59.38 8.585 1.5
    endloop
  endfacet
  facet normal 0 -0 1
    outer loop
      vertex 57.4036 9.40364 1.5
      vertex 57.4036 13.3564 1.5
      vertex 56.585 11.38 1.5
    endloop
  endfacet
  facet normal 0.382679 0.923881 -0
    outer loop
      vertex 59.38 8.585 1.5
      vertex 57.4036 9.40364 99
      vertex 59.38 8.585 99
    endloop
  endfacet
  facet normal 0.382679 0.923881 0
    outer loop
      vertex 57.4036 9.40364 99
      vertex 59.38 8.585 1.5
      vertex 57.4036 9.40364 1.5
    endloop
  endfacet
  facet normal -0.923888 -0.382663 0
    outer loop
      vertex 71.175 74.38 1.5
      vertex 70.3564 76.3564 99
      vertex 70.3564 76.3564 1.5
    endloop
  endfacet
  facet normal -0.923888 -0.382663 0
    outer loop
      vertex 70.3564 76.3564 99
      vertex 71.175 74.38 1.5
      vertex 71.175 74.38 99
    endloop
  endfacet
  facet normal 0.923888 -0.382663 0
    outer loop
      vertex 65.585 74.38 99
      vertex 66.4036 76.3564 1.5
      vertex 66.4036 76.3564 99
    endloop
  endfacet
  facet normal 0.923888 -0.382663 0
    outer loop
      vertex 66.4036 76.3564 1.5
      vertex 65.585 74.38 99
      vertex 65.585 74.38 1.5
    endloop
  endfacet
  facet normal -0.382663 0.923888 0
    outer loop
      vertex 70.3564 72.4036 1.5
      vertex 68.38 71.585 99
      vertex 70.3564 72.4036 99
    endloop
  endfacet
  facet normal -0.382663 0.923888 0
    outer loop
      vertex 68.38 71.585 99
      vertex 70.3564 72.4036 1.5
      vertex 68.38 71.585 1.5
    endloop
  endfacet
  facet normal 0.382663 -0.923888 0
    outer loop
      vertex 66.4036 76.3564 1.5
      vertex 68.38 77.175 99
      vertex 66.4036 76.3564 99
    endloop
  endfacet
  facet normal 0.382663 -0.923888 0
    outer loop
      vertex 68.38 77.175 99
      vertex 66.4036 76.3564 1.5
      vertex 68.38 77.175 1.5
    endloop
  endfacet
  facet normal -0.382663 -0.923888 0
    outer loop
      vertex 68.38 77.175 1.5
      vertex 70.3564 76.3564 99
      vertex 68.38 77.175 99
    endloop
  endfacet
  facet normal -0.382663 -0.923888 -0
    outer loop
      vertex 70.3564 76.3564 99
      vertex 68.38 77.175 1.5
      vertex 70.3564 76.3564 1.5
    endloop
  endfacet
  facet normal -0.923888 0.382663 0
    outer loop
      vertex 70.3564 72.4036 1.5
      vertex 71.175 74.38 99
      vertex 71.175 74.38 1.5
    endloop
  endfacet
  facet normal -0.923888 0.382663 0
    outer loop
      vertex 71.175 74.38 99
      vertex 70.3564 72.4036 1.5
      vertex 70.3564 72.4036 99
    endloop
  endfacet
  facet normal 0 0 1
    outer loop
      vertex 70.3564 76.3564 1.5
      vertex 70.3564 72.4036 1.5
      vertex 71.175 74.38 1.5
    endloop
  endfacet
  facet normal 0 0 1
    outer loop
      vertex 68.38 77.175 1.5
      vertex 70.3564 72.4036 1.5
      vertex 70.3564 76.3564 1.5
    endloop
  endfacet
  facet normal 0 0 1
    outer loop
      vertex 68.38 77.175 1.5
      vertex 68.38 71.585 1.5
      vertex 70.3564 72.4036 1.5
    endloop
  endfacet
  facet normal -0 0 1
    outer loop
      vertex 66.4036 76.3564 1.5
      vertex 68.38 71.585 1.5
      vertex 68.38 77.175 1.5
    endloop
  endfacet
  facet normal 0 0 1
    outer loop
      vertex 66.4036 76.3564 1.5
      vertex 66.4036 72.4036 1.5
      vertex 68.38 71.585 1.5
    endloop
  endfacet
  facet normal 0 -0 1
    outer loop
      vertex 66.4036 72.4036 1.5
      vertex 66.4036 76.3564 1.5
      vertex 65.585 74.38 1.5
    endloop
  endfacet
  facet normal 0.382663 0.923888 -0
    outer loop
      vertex 68.38 71.585 1.5
      vertex 66.4036 72.4036 99
      vertex 68.38 71.585 99
    endloop
  endfacet
  facet normal 0.382663 0.923888 0
    outer loop
      vertex 66.4036 72.4036 99
      vertex 68.38 71.585 1.5
      vertex 66.4036 72.4036 1.5
    endloop
  endfacet
  facet normal 0.923888 0.382663 0
    outer loop
      vertex 66.4036 72.4036 99
      vertex 65.585 74.38 1.5
      vertex 65.585 74.38 99
    endloop
  endfacet
  facet normal 0.923888 0.382663 0
    outer loop
      vertex 65.585 74.38 1.5
      vertex 66.4036 72.4036 99
      vertex 66.4036 72.4036 1.5
    endloop
  endfacet
  facet normal -0.923888 -0.382663 0
    outer loop
      vertex 71.175 65.38 1.5
      vertex 70.3564 67.3564 99
      vertex 70.3564 67.3564 1.5
    endloop
  endfacet
  facet normal -0.923888 -0.382663 0
    outer loop
      vertex 70.3564 67.3564 99
      vertex 71.175 65.38 1.5
      vertex 71.175 65.38 99
    endloop
  endfacet
  facet normal 0.923888 -0.382663 0
    outer loop
      vertex 65.585 65.38 99
      vertex 66.4036 67.3564 1.5
      vertex 66.4036 67.3564 99
    endloop
  endfacet
  facet normal 0.923888 -0.382663 0
    outer loop
      vertex 66.4036 67.3564 1.5
      vertex 65.585 65.38 99
      vertex 65.585 65.38 1.5
    endloop
  endfacet
  facet normal -0.382663 0.923888 0
    outer loop
      vertex 70.3564 63.4036 1.5
      vertex 68.38 62.585 99
      vertex 70.3564 63.4036 99
    endloop
  endfacet
  facet normal -0.382663 0.923888 0
    outer loop
      vertex 68.38 62.585 99
      vertex 70.3564 63.4036 1.5
      vertex 68.38 62.585 1.5
    endloop
  endfacet
  facet normal 0.382663 -0.923888 0
    outer loop
      vertex 66.4036 67.3564 1.5
      vertex 68.38 68.175 99
      vertex 66.4036 67.3564 99
    endloop
  endfacet
  facet normal 0.382663 -0.923888 0
    outer loop
      vertex 68.38 68.175 99
      vertex 66.4036 67.3564 1.5
      vertex 68.38 68.175 1.5
    endloop
  endfacet
  facet normal -0.382663 -0.923888 0
    outer loop
      vertex 68.38 68.175 1.5
      vertex 70.3564 67.3564 99
      vertex 68.38 68.175 99
    endloop
  endfacet
  facet normal -0.382663 -0.923888 -0
    outer loop
      vertex 70.3564 67.3564 99
      vertex 68.38 68.175 1.5
      vertex 70.3564 67.3564 1.5
    endloop
  endfacet
  facet normal 0.923888 0.382663 0
    outer loop
      vertex 66.4036 63.4036 99
      vertex 65.585 65.38 1.5
      vertex 65.585 65.38 99
    endloop
  endfacet
  facet normal 0.923888 0.382663 0
    outer loop
      vertex 65.585 65.38 1.5
      vertex 66.4036 63.4036 99
      vertex 66.4036 63.4036 1.5
    endloop
  endfacet
  facet normal 0 0 1
    outer loop
      vertex 70.3564 67.3564 1.5
      vertex 70.3564 63.4036 1.5
      vertex 71.175 65.38 1.5
    endloop
  endfacet
  facet normal 0 0 1
    outer loop
      vertex 68.38 68.175 1.5
      vertex 70.3564 63.4036 1.5
      vertex 70.3564 67.3564 1.5
    endloop
  endfacet
  facet normal 0 0 1
    outer loop
      vertex 68.38 68.175 1.5
      vertex 68.38 62.585 1.5
      vertex 70.3564 63.4036 1.5
    endloop
  endfacet
  facet normal -0 0 1
    outer loop
      vertex 66.4036 67.3564 1.5
      vertex 68.38 62.585 1.5
      vertex 68.38 68.175 1.5
    endloop
  endfacet
  facet normal 0 0 1
    outer loop
      vertex 66.4036 67.3564 1.5
      vertex 66.4036 63.4036 1.5
      vertex 68.38 62.585 1.5
    endloop
  endfacet
  facet normal 0 -0 1
    outer loop
      vertex 66.4036 63.4036 1.5
      vertex 66.4036 67.3564 1.5
      vertex 65.585 65.38 1.5
    endloop
  endfacet
  facet normal -0.923888 0.382663 0
    outer loop
      vertex 70.3564 63.4036 1.5
      vertex 71.175 65.38 99
      vertex 71.175 65.38 1.5
    endloop
  endfacet
  facet normal -0.923888 0.382663 0
    outer loop
      vertex 71.175 65.38 99
      vertex 70.3564 63.4036 1.5
      vertex 70.3564 63.4036 99
    endloop
  endfacet
  facet normal 0.382663 0.923888 -0
    outer loop
      vertex 68.38 62.585 1.5
      vertex 66.4036 63.4036 99
      vertex 68.38 62.585 99
    endloop
  endfacet
  facet normal 0.382663 0.923888 0
    outer loop
      vertex 66.4036 63.4036 99
      vertex 68.38 62.585 1.5
      vertex 66.4036 63.4036 1.5
    endloop
  endfacet
  facet normal -0.923888 -0.382663 0
    outer loop
      vertex 71.175 56.38 1.5
      vertex 70.3564 58.3564 99
      vertex 70.3564 58.3564 1.5
    endloop
  endfacet
  facet normal -0.923888 -0.382663 0
    outer loop
      vertex 70.3564 58.3564 99
      vertex 71.175 56.38 1.5
      vertex 71.175 56.38 99
    endloop
  endfacet
  facet normal 0.923888 -0.382663 0
    outer loop
      vertex 65.585 56.38 99
      vertex 66.4036 58.3564 1.5
      vertex 66.4036 58.3564 99
    endloop
  endfacet
  facet normal 0.923888 -0.382663 0
    outer loop
      vertex 66.4036 58.3564 1.5
      vertex 65.585 56.38 99
      vertex 65.585 56.38 1.5
    endloop
  endfacet
  facet normal -0.382663 0.923888 0
    outer loop
      vertex 70.3564 54.4036 1.5
      vertex 68.38 53.585 99
      vertex 70.3564 54.4036 99
    endloop
  endfacet
  facet normal -0.382663 0.923888 0
    outer loop
      vertex 68.38 53.585 99
      vertex 70.3564 54.4036 1.5
      vertex 68.38 53.585 1.5
    endloop
  endfacet
  facet normal 0.382663 -0.923888 0
    outer loop
      vertex 66.4036 58.3564 1.5
      vertex 68.38 59.175 99
      vertex 66.4036 58.3564 99
    endloop
  endfacet
  facet normal 0.382663 -0.923888 0
    outer loop
      vertex 68.38 59.175 99
      vertex 66.4036 58.3564 1.5
      vertex 68.38 59.175 1.5
    endloop
  endfacet
  facet normal -0.382663 -0.923888 0
    outer loop
      vertex 68.38 59.175 1.5
      vertex 70.3564 58.3564 99
      vertex 68.38 59.175 99
    endloop
  endfacet
  facet normal -0.382663 -0.923888 -0
    outer loop
      vertex 70.3564 58.3564 99
      vertex 68.38 59.175 1.5
      vertex 70.3564 58.3564 1.5
    endloop
  endfacet
  facet normal -0.923888 0.382663 0
    outer loop
      vertex 70.3564 54.4036 1.5
      vertex 71.175 56.38 99
      vertex 71.175 56.38 1.5
    endloop
  endfacet
  facet normal -0.923888 0.382663 0
    outer loop
      vertex 71.175 56.38 99
      vertex 70.3564 54.4036 1.5
      vertex 70.3564 54.4036 99
    endloop
  endfacet
  facet normal 0 0 1
    outer loop
      vertex 70.3564 58.3564 1.5
      vertex 70.3564 54.4036 1.5
      vertex 71.175 56.38 1.5
    endloop
  endfacet
  facet normal 0 0 1
    outer loop
      vertex 68.38 59.175 1.5
      vertex 70.3564 54.4036 1.5
      vertex 70.3564 58.3564 1.5
    endloop
  endfacet
  facet normal 0 0 1
    outer loop
      vertex 68.38 59.175 1.5
      vertex 68.38 53.585 1.5
      vertex 70.3564 54.4036 1.5
    endloop
  endfacet
  facet normal -0 0 1
    outer loop
      vertex 66.4036 58.3564 1.5
      vertex 68.38 53.585 1.5
      vertex 68.38 59.175 1.5
    endloop
  endfacet
  facet normal 0 0 1
    outer loop
      vertex 66.4036 58.3564 1.5
      vertex 66.4036 54.4036 1.5
      vertex 68.38 53.585 1.5
    endloop
  endfacet
  facet normal 0 -0 1
    outer loop
      vertex 66.4036 54.4036 1.5
      vertex 66.4036 58.3564 1.5
      vertex 65.585 56.38 1.5
    endloop
  endfacet
  facet normal 0.382663 0.923888 -0
    outer loop
      vertex 68.38 53.585 1.5
      vertex 66.4036 54.4036 99
      vertex 68.38 53.585 99
    endloop
  endfacet
  facet normal 0.382663 0.923888 0
    outer loop
      vertex 66.4036 54.4036 99
      vertex 68.38 53.585 1.5
      vertex 66.4036 54.4036 1.5
    endloop
  endfacet
  facet normal 0.923888 0.382663 0
    outer loop
      vertex 66.4036 54.4036 99
      vertex 65.585 56.38 1.5
      vertex 65.585 56.38 99
    endloop
  endfacet
  facet normal 0.923888 0.382663 0
    outer loop
      vertex 65.585 56.38 1.5
      vertex 66.4036 54.4036 99
      vertex 66.4036 54.4036 1.5
    endloop
  endfacet
  facet normal -0.923888 -0.382663 0
    outer loop
      vertex 71.175 47.38 1.5
      vertex 70.3564 49.3564 99
      vertex 70.3564 49.3564 1.5
    endloop
  endfacet
  facet normal -0.923888 -0.382663 0
    outer loop
      vertex 70.3564 49.3564 99
      vertex 71.175 47.38 1.5
      vertex 71.175 47.38 99
    endloop
  endfacet
  facet normal 0.923888 -0.382663 0
    outer loop
      vertex 65.585 47.38 99
      vertex 66.4036 49.3564 1.5
      vertex 66.4036 49.3564 99
    endloop
  endfacet
  facet normal 0.923888 -0.382663 0
    outer loop
      vertex 66.4036 49.3564 1.5
      vertex 65.585 47.38 99
      vertex 65.585 47.38 1.5
    endloop
  endfacet
  facet normal -0.382663 0.923888 0
    outer loop
      vertex 70.3564 45.4036 1.5
      vertex 68.38 44.585 99
      vertex 70.3564 45.4036 99
    endloop
  endfacet
  facet normal -0.382663 0.923888 0
    outer loop
      vertex 68.38 44.585 99
      vertex 70.3564 45.4036 1.5
      vertex 68.38 44.585 1.5
    endloop
  endfacet
  facet normal 0.382663 -0.923888 0
    outer loop
      vertex 66.4036 49.3564 1.5
      vertex 68.38 50.175 99
      vertex 66.4036 49.3564 99
    endloop
  endfacet
  facet normal 0.382663 -0.923888 0
    outer loop
      vertex 68.38 50.175 99
      vertex 66.4036 49.3564 1.5
      vertex 68.38 50.175 1.5
    endloop
  endfacet
  facet normal -0.382663 -0.923888 0
    outer loop
      vertex 68.38 50.175 1.5
      vertex 70.3564 49.3564 99
      vertex 68.38 50.175 99
    endloop
  endfacet
  facet normal -0.382663 -0.923888 -0
    outer loop
      vertex 70.3564 49.3564 99
      vertex 68.38 50.175 1.5
      vertex 70.3564 49.3564 1.5
    endloop
  endfacet
  facet normal -0.923888 0.382663 0
    outer loop
      vertex 70.3564 45.4036 1.5
      vertex 71.175 47.38 99
      vertex 71.175 47.38 1.5
    endloop
  endfacet
  facet normal -0.923888 0.382663 0
    outer loop
      vertex 71.175 47.38 99
      vertex 70.3564 45.4036 1.5
      vertex 70.3564 45.4036 99
    endloop
  endfacet
  facet normal 0 0 1
    outer loop
      vertex 70.3564 49.3564 1.5
      vertex 70.3564 45.4036 1.5
      vertex 71.175 47.38 1.5
    endloop
  endfacet
  facet normal 0 0 1
    outer loop
      vertex 68.38 50.175 1.5
      vertex 70.3564 45.4036 1.5
      vertex 70.3564 49.3564 1.5
    endloop
  endfacet
  facet normal 0 0 1
    outer loop
      vertex 68.38 50.175 1.5
      vertex 68.38 44.585 1.5
      vertex 70.3564 45.4036 1.5
    endloop
  endfacet
  facet normal -0 0 1
    outer loop
      vertex 66.4036 49.3564 1.5
      vertex 68.38 44.585 1.5
      vertex 68.38 50.175 1.5
    endloop
  endfacet
  facet normal 0 0 1
    outer loop
      vertex 66.4036 49.3564 1.5
      vertex 66.4036 45.4036 1.5
      vertex 68.38 44.585 1.5
    endloop
  endfacet
  facet normal 0 -0 1
    outer loop
      vertex 66.4036 45.4036 1.5
      vertex 66.4036 49.3564 1.5
      vertex 65.585 47.38 1.5
    endloop
  endfacet
  facet normal 0.382663 0.923888 -0
    outer loop
      vertex 68.38 44.585 1.5
      vertex 66.4036 45.4036 99
      vertex 68.38 44.585 99
    endloop
  endfacet
  facet normal 0.382663 0.923888 0
    outer loop
      vertex 66.4036 45.4036 99
      vertex 68.38 44.585 1.5
      vertex 66.4036 45.4036 1.5
    endloop
  endfacet
  facet normal 0.923888 0.382663 0
    outer loop
      vertex 66.4036 45.4036 99
      vertex 65.585 47.38 1.5
      vertex 65.585 47.38 99
    endloop
  endfacet
  facet normal 0.923888 0.382663 0
    outer loop
      vertex 65.585 47.38 1.5
      vertex 66.4036 45.4036 99
      vertex 66.4036 45.4036 1.5
    endloop
  endfacet
  facet normal -0.923888 -0.382663 0
    outer loop
      vertex 71.175 38.38 1.5
      vertex 70.3564 40.3564 99
      vertex 70.3564 40.3564 1.5
    endloop
  endfacet
  facet normal -0.923888 -0.382663 0
    outer loop
      vertex 70.3564 40.3564 99
      vertex 71.175 38.38 1.5
      vertex 71.175 38.38 99
    endloop
  endfacet
  facet normal 0.923888 -0.382663 0
    outer loop
      vertex 65.585 38.38 99
      vertex 66.4036 40.3564 1.5
      vertex 66.4036 40.3564 99
    endloop
  endfacet
  facet normal 0.923888 -0.382663 0
    outer loop
      vertex 66.4036 40.3564 1.5
      vertex 65.585 38.38 99
      vertex 65.585 38.38 1.5
    endloop
  endfacet
  facet normal -0.382663 0.923888 0
    outer loop
      vertex 70.3564 36.4036 1.5
      vertex 68.38 35.585 99
      vertex 70.3564 36.4036 99
    endloop
  endfacet
  facet normal -0.382663 0.923888 0
    outer loop
      vertex 68.38 35.585 99
      vertex 70.3564 36.4036 1.5
      vertex 68.38 35.585 1.5
    endloop
  endfacet
  facet normal 0.382663 -0.923888 0
    outer loop
      vertex 66.4036 40.3564 1.5
      vertex 68.38 41.175 99
      vertex 66.4036 40.3564 99
    endloop
  endfacet
  facet normal 0.382663 -0.923888 0
    outer loop
      vertex 68.38 41.175 99
      vertex 66.4036 40.3564 1.5
      vertex 68.38 41.175 1.5
    endloop
  endfacet
  facet normal -0.382663 -0.923888 0
    outer loop
      vertex 68.38 41.175 1.5
      vertex 70.3564 40.3564 99
      vertex 68.38 41.175 99
    endloop
  endfacet
  facet normal -0.382663 -0.923888 -0
    outer loop
      vertex 70.3564 40.3564 99
      vertex 68.38 41.175 1.5
      vertex 70.3564 40.3564 1.5
    endloop
  endfacet
  facet normal -0.923888 0.382663 0
    outer loop
      vertex 70.3564 36.4036 1.5
      vertex 71.175 38.38 99
      vertex 71.175 38.38 1.5
    endloop
  endfacet
  facet normal -0.923888 0.382663 0
    outer loop
      vertex 71.175 38.38 99
      vertex 70.3564 36.4036 1.5
      vertex 70.3564 36.4036 99
    endloop
  endfacet
  facet normal 0 0 1
    outer loop
      vertex 70.3564 40.3564 1.5
      vertex 70.3564 36.4036 1.5
      vertex 71.175 38.38 1.5
    endloop
  endfacet
  facet normal 0 0 1
    outer loop
      vertex 68.38 41.175 1.5
      vertex 70.3564 36.4036 1.5
      vertex 70.3564 40.3564 1.5
    endloop
  endfacet
  facet normal 0 0 1
    outer loop
      vertex 68.38 41.175 1.5
      vertex 68.38 35.585 1.5
      vertex 70.3564 36.4036 1.5
    endloop
  endfacet
  facet normal -0 0 1
    outer loop
      vertex 66.4036 40.3564 1.5
      vertex 68.38 35.585 1.5
      vertex 68.38 41.175 1.5
    endloop
  endfacet
  facet normal 0 0 1
    outer loop
      vertex 66.4036 40.3564 1.5
      vertex 66.4036 36.4036 1.5
      vertex 68.38 35.585 1.5
    endloop
  endfacet
  facet normal 0 -0 1
    outer loop
      vertex 66.4036 36.4036 1.5
      vertex 66.4036 40.3564 1.5
      vertex 65.585 38.38 1.5
    endloop
  endfacet
  facet normal 0.382663 0.923888 -0
    outer loop
      vertex 68.38 35.585 1.5
      vertex 66.4036 36.4036 99
      vertex 68.38 35.585 99
    endloop
  endfacet
  facet normal 0.382663 0.923888 0
    outer loop
      vertex 66.4036 36.4036 99
      vertex 68.38 35.585 1.5
      vertex 66.4036 36.4036 1.5
    endloop
  endfacet
  facet normal 0.923888 0.382663 0
    outer loop
      vertex 66.4036 36.4036 99
      vertex 65.585 38.38 1.5
      vertex 65.585 38.38 99
    endloop
  endfacet
  facet normal 0.923888 0.382663 0
    outer loop
      vertex 65.585 38.38 1.5
      vertex 66.4036 36.4036 99
      vertex 66.4036 36.4036 1.5
    endloop
  endfacet
  facet normal -0.923888 -0.382663 0
    outer loop
      vertex 71.175 29.38 1.5
      vertex 70.3564 31.3564 99
      vertex 70.3564 31.3564 1.5
    endloop
  endfacet
  facet normal -0.923888 -0.382663 0
    outer loop
      vertex 70.3564 31.3564 99
      vertex 71.175 29.38 1.5
      vertex 71.175 29.38 99
    endloop
  endfacet
  facet normal 0.923888 -0.382663 0
    outer loop
      vertex 65.585 29.38 99
      vertex 66.4036 31.3564 1.5
      vertex 66.4036 31.3564 99
    endloop
  endfacet
  facet normal 0.923888 -0.382663 0
    outer loop
      vertex 66.4036 31.3564 1.5
      vertex 65.585 29.38 99
      vertex 65.585 29.38 1.5
    endloop
  endfacet
  facet normal -0.382663 0.923888 0
    outer loop
      vertex 70.3564 27.4036 1.5
      vertex 68.38 26.585 99
      vertex 70.3564 27.4036 99
    endloop
  endfacet
  facet normal -0.382663 0.923888 0
    outer loop
      vertex 68.38 26.585 99
      vertex 70.3564 27.4036 1.5
      vertex 68.38 26.585 1.5
    endloop
  endfacet
  facet normal 0.382663 -0.923888 0
    outer loop
      vertex 66.4036 31.3564 1.5
      vertex 68.38 32.175 99
      vertex 66.4036 31.3564 99
    endloop
  endfacet
  facet normal 0.382663 -0.923888 0
    outer loop
      vertex 68.38 32.175 99
      vertex 66.4036 31.3564 1.5
      vertex 68.38 32.175 1.5
    endloop
  endfacet
  facet normal -0.382663 -0.923888 0
    outer loop
      vertex 68.38 32.175 1.5
      vertex 70.3564 31.3564 99
      vertex 68.38 32.175 99
    endloop
  endfacet
  facet normal -0.382663 -0.923888 -0
    outer loop
      vertex 70.3564 31.3564 99
      vertex 68.38 32.175 1.5
      vertex 70.3564 31.3564 1.5
    endloop
  endfacet
  facet normal 0.923888 0.382663 0
    outer loop
      vertex 66.4036 27.4036 99
      vertex 65.585 29.38 1.5
      vertex 65.585 29.38 99
    endloop
  endfacet
  facet normal 0.923888 0.382663 0
    outer loop
      vertex 65.585 29.38 1.5
      vertex 66.4036 27.4036 99
      vertex 66.4036 27.4036 1.5
    endloop
  endfacet
  facet normal 0 0 1
    outer loop
      vertex 70.3564 31.3564 1.5
      vertex 70.3564 27.4036 1.5
      vertex 71.175 29.38 1.5
    endloop
  endfacet
  facet normal 0 0 1
    outer loop
      vertex 68.38 32.175 1.5
      vertex 70.3564 27.4036 1.5
      vertex 70.3564 31.3564 1.5
    endloop
  endfacet
  facet normal 0 0 1
    outer loop
      vertex 68.38 32.175 1.5
      vertex 68.38 26.585 1.5
      vertex 70.3564 27.4036 1.5
    endloop
  endfacet
  facet normal -0 0 1
    outer loop
      vertex 66.4036 31.3564 1.5
      vertex 68.38 26.585 1.5
      vertex 68.38 32.175 1.5
    endloop
  endfacet
  facet normal 0 0 1
    outer loop
      vertex 66.4036 31.3564 1.5
      vertex 66.4036 27.4036 1.5
      vertex 68.38 26.585 1.5
    endloop
  endfacet
  facet normal 0 -0 1
    outer loop
      vertex 66.4036 27.4036 1.5
      vertex 66.4036 31.3564 1.5
      vertex 65.585 29.38 1.5
    endloop
  endfacet
  facet normal -0.923888 0.382663 0
    outer loop
      vertex 70.3564 27.4036 1.5
      vertex 71.175 29.38 99
      vertex 71.175 29.38 1.5
    endloop
  endfacet
  facet normal -0.923888 0.382663 0
    outer loop
      vertex 71.175 29.38 99
      vertex 70.3564 27.4036 1.5
      vertex 70.3564 27.4036 99
    endloop
  endfacet
  facet normal 0.382663 0.923888 -0
    outer loop
      vertex 68.38 26.585 1.5
      vertex 66.4036 27.4036 99
      vertex 68.38 26.585 99
    endloop
  endfacet
  facet normal 0.382663 0.923888 0
    outer loop
      vertex 66.4036 27.4036 99
      vertex 68.38 26.585 1.5
      vertex 66.4036 27.4036 1.5
    endloop
  endfacet
  facet normal -0.923888 -0.382663 0
    outer loop
      vertex 71.175 20.38 1.5
      vertex 70.3564 22.3564 99
      vertex 70.3564 22.3564 1.5
    endloop
  endfacet
  facet normal -0.923888 -0.382663 0
    outer loop
      vertex 70.3564 22.3564 99
      vertex 71.175 20.38 1.5
      vertex 71.175 20.38 99
    endloop
  endfacet
  facet normal 0.923888 -0.382663 0
    outer loop
      vertex 65.585 20.38 99
      vertex 66.4036 22.3564 1.5
      vertex 66.4036 22.3564 99
    endloop
  endfacet
  facet normal 0.923888 -0.382663 0
    outer loop
      vertex 66.4036 22.3564 1.5
      vertex 65.585 20.38 99
      vertex 65.585 20.38 1.5
    endloop
  endfacet
  facet normal -0.382663 0.923888 0
    outer loop
      vertex 70.3564 18.4036 1.5
      vertex 68.38 17.585 99
      vertex 70.3564 18.4036 99
    endloop
  endfacet
  facet normal -0.382663 0.923888 0
    outer loop
      vertex 68.38 17.585 99
      vertex 70.3564 18.4036 1.5
      vertex 68.38 17.585 1.5
    endloop
  endfacet
  facet normal 0.382663 -0.923888 0
    outer loop
      vertex 66.4036 22.3564 1.5
      vertex 68.38 23.175 99
      vertex 66.4036 22.3564 99
    endloop
  endfacet
  facet normal 0.382663 -0.923888 0
    outer loop
      vertex 68.38 23.175 99
      vertex 66.4036 22.3564 1.5
      vertex 68.38 23.175 1.5
    endloop
  endfacet
  facet normal -0.382663 -0.923888 0
    outer loop
      vertex 68.38 23.175 1.5
      vertex 70.3564 22.3564 99
      vertex 68.38 23.175 99
    endloop
  endfacet
  facet normal -0.382663 -0.923888 -0
    outer loop
      vertex 70.3564 22.3564 99
      vertex 68.38 23.175 1.5
      vertex 70.3564 22.3564 1.5
    endloop
  endfacet
  facet normal 0 0 1
    outer loop
      vertex 70.3564 22.3564 1.5
      vertex 70.3564 18.4036 1.5
      vertex 71.175 20.38 1.5
    endloop
  endfacet
  facet normal 0 0 1
    outer loop
      vertex 68.38 23.175 1.5
      vertex 70.3564 18.4036 1.5
      vertex 70.3564 22.3564 1.5
    endloop
  endfacet
  facet normal 0 0 1
    outer loop
      vertex 68.38 23.175 1.5
      vertex 68.38 17.585 1.5
      vertex 70.3564 18.4036 1.5
    endloop
  endfacet
  facet normal -0 0 1
    outer loop
      vertex 66.4036 22.3564 1.5
      vertex 68.38 17.585 1.5
      vertex 68.38 23.175 1.5
    endloop
  endfacet
  facet normal 0 0 1
    outer loop
      vertex 66.4036 22.3564 1.5
      vertex 66.4036 18.4036 1.5
      vertex 68.38 17.585 1.5
    endloop
  endfacet
  facet normal 0 -0 1
    outer loop
      vertex 66.4036 18.4036 1.5
      vertex 66.4036 22.3564 1.5
      vertex 65.585 20.38 1.5
    endloop
  endfacet
  facet normal -0.923888 0.382663 0
    outer loop
      vertex 70.3564 18.4036 1.5
      vertex 71.175 20.38 99
      vertex 71.175 20.38 1.5
    endloop
  endfacet
  facet normal -0.923888 0.382663 0
    outer loop
      vertex 71.175 20.38 99
      vertex 70.3564 18.4036 1.5
      vertex 70.3564 18.4036 99
    endloop
  endfacet
  facet normal 0.382663 0.923888 -0
    outer loop
      vertex 68.38 17.585 1.5
      vertex 66.4036 18.4036 99
      vertex 68.38 17.585 99
    endloop
  endfacet
  facet normal 0.382663 0.923888 0
    outer loop
      vertex 66.4036 18.4036 99
      vertex 68.38 17.585 1.5
      vertex 66.4036 18.4036 1.5
    endloop
  endfacet
  facet normal 0.923888 0.382663 0
    outer loop
      vertex 66.4036 18.4036 99
      vertex 65.585 20.38 1.5
      vertex 65.585 20.38 99
    endloop
  endfacet
  facet normal 0.923888 0.382663 0
    outer loop
      vertex 65.585 20.38 1.5
      vertex 66.4036 18.4036 99
      vertex 66.4036 18.4036 1.5
    endloop
  endfacet
  facet normal -0.923888 -0.382663 0
    outer loop
      vertex 71.175 11.38 1.5
      vertex 70.3564 13.3564 99
      vertex 70.3564 13.3564 1.5
    endloop
  endfacet
  facet normal -0.923888 -0.382663 0
    outer loop
      vertex 70.3564 13.3564 99
      vertex 71.175 11.38 1.5
      vertex 71.175 11.38 99
    endloop
  endfacet
  facet normal 0.923888 -0.382663 0
    outer loop
      vertex 65.585 11.38 99
      vertex 66.4036 13.3564 1.5
      vertex 66.4036 13.3564 99
    endloop
  endfacet
  facet normal 0.923888 -0.382663 0
    outer loop
      vertex 66.4036 13.3564 1.5
      vertex 65.585 11.38 99
      vertex 65.585 11.38 1.5
    endloop
  endfacet
  facet normal -0.382679 0.923881 0
    outer loop
      vertex 70.3564 9.40364 1.5
      vertex 68.38 8.585 99
      vertex 70.3564 9.40364 99
    endloop
  endfacet
  facet normal -0.382679 0.923881 0
    outer loop
      vertex 68.38 8.585 99
      vertex 70.3564 9.40364 1.5
      vertex 68.38 8.585 1.5
    endloop
  endfacet
  facet normal 0.382663 -0.923888 0
    outer loop
      vertex 66.4036 13.3564 1.5
      vertex 68.38 14.175 99
      vertex 66.4036 13.3564 99
    endloop
  endfacet
  facet normal 0.382663 -0.923888 0
    outer loop
      vertex 68.38 14.175 99
      vertex 66.4036 13.3564 1.5
      vertex 68.38 14.175 1.5
    endloop
  endfacet
  facet normal -0.382663 -0.923888 0
    outer loop
      vertex 68.38 14.175 1.5
      vertex 70.3564 13.3564 99
      vertex 68.38 14.175 99
    endloop
  endfacet
  facet normal -0.382663 -0.923888 -0
    outer loop
      vertex 70.3564 13.3564 99
      vertex 68.38 14.175 1.5
      vertex 70.3564 13.3564 1.5
    endloop
  endfacet
  facet normal -0.923885 0.382669 0
    outer loop
      vertex 70.3564 9.40364 1.5
      vertex 71.175 11.38 99
      vertex 71.175 11.38 1.5
    endloop
  endfacet
  facet normal -0.923885 0.382669 0
    outer loop
      vertex 71.175 11.38 99
      vertex 70.3564 9.40364 1.5
      vertex 70.3564 9.40364 99
    endloop
  endfacet
  facet normal 0 0 1
    outer loop
      vertex 70.3564 13.3564 1.5
      vertex 70.3564 9.40364 1.5
      vertex 71.175 11.38 1.5
    endloop
  endfacet
  facet normal 0 0 1
    outer loop
      vertex 68.38 14.175 1.5
      vertex 70.3564 9.40364 1.5
      vertex 70.3564 13.3564 1.5
    endloop
  endfacet
  facet normal 0 0 1
    outer loop
      vertex 68.38 14.175 1.5
      vertex 68.38 8.585 1.5
      vertex 70.3564 9.40364 1.5
    endloop
  endfacet
  facet normal -0 0 1
    outer loop
      vertex 66.4036 13.3564 1.5
      vertex 68.38 8.585 1.5
      vertex 68.38 14.175 1.5
    endloop
  endfacet
  facet normal 0 0 1
    outer loop
      vertex 66.4036 13.3564 1.5
      vertex 66.4036 9.40364 1.5
      vertex 68.38 8.585 1.5
    endloop
  endfacet
  facet normal 0 -0 1
    outer loop
      vertex 66.4036 9.40364 1.5
      vertex 66.4036 13.3564 1.5
      vertex 65.585 11.38 1.5
    endloop
  endfacet
  facet normal 0.382679 0.923881 -0
    outer loop
      vertex 68.38 8.585 1.5
      vertex 66.4036 9.40364 99
      vertex 68.38 8.585 99
    endloop
  endfacet
  facet normal 0.382679 0.923881 0
    outer loop
      vertex 66.4036 9.40364 99
      vertex 68.38 8.585 1.5
      vertex 66.4036 9.40364 1.5
    endloop
  endfacet
  facet normal 0.923885 0.382669 0
    outer loop
      vertex 66.4036 9.40364 99
      vertex 65.585 11.38 1.5
      vertex 65.585 11.38 99
    endloop
  endfacet
  facet normal 0.923885 0.382669 0
    outer loop
      vertex 65.585 11.38 1.5
      vertex 66.4036 9.40364 99
      vertex 66.4036 9.40364 1.5
    endloop
  endfacet
  facet normal -0.923888 -0.382663 0
    outer loop
      vertex 80.175 74.38 1.5
      vertex 79.3564 76.3564 99
      vertex 79.3564 76.3564 1.5
    endloop
  endfacet
  facet normal -0.923888 -0.382663 0
    outer loop
      vertex 79.3564 76.3564 99
      vertex 80.175 74.38 1.5
      vertex 80.175 74.38 99
    endloop
  endfacet
  facet normal 0.923888 -0.382663 0
    outer loop
      vertex 74.585 74.38 99
      vertex 75.4036 76.3564 1.5
      vertex 75.4036 76.3564 99
    endloop
  endfacet
  facet normal 0.923888 -0.382663 0
    outer loop
      vertex 75.4036 76.3564 1.5
      vertex 74.585 74.38 99
      vertex 74.585 74.38 1.5
    endloop
  endfacet
  facet normal -0.382663 0.923888 0
    outer loop
      vertex 79.3564 72.4036 1.5
      vertex 77.38 71.585 99
      vertex 79.3564 72.4036 99
    endloop
  endfacet
  facet normal -0.382663 0.923888 0
    outer loop
      vertex 77.38 71.585 99
      vertex 79.3564 72.4036 1.5
      vertex 77.38 71.585 1.5
    endloop
  endfacet
  facet normal 0.382663 -0.923888 0
    outer loop
      vertex 75.4036 76.3564 1.5
      vertex 77.38 77.175 99
      vertex 75.4036 76.3564 99
    endloop
  endfacet
  facet normal 0.382663 -0.923888 0
    outer loop
      vertex 77.38 77.175 99
      vertex 75.4036 76.3564 1.5
      vertex 77.38 77.175 1.5
    endloop
  endfacet
  facet normal -0.382663 -0.923888 0
    outer loop
      vertex 77.38 77.175 1.5
      vertex 79.3564 76.3564 99
      vertex 77.38 77.175 99
    endloop
  endfacet
  facet normal -0.382663 -0.923888 -0
    outer loop
      vertex 79.3564 76.3564 99
      vertex 77.38 77.175 1.5
      vertex 79.3564 76.3564 1.5
    endloop
  endfacet
  facet normal -0.923888 0.382663 0
    outer loop
      vertex 79.3564 72.4036 1.5
      vertex 80.175 74.38 99
      vertex 80.175 74.38 1.5
    endloop
  endfacet
  facet normal -0.923888 0.382663 0
    outer loop
      vertex 80.175 74.38 99
      vertex 79.3564 72.4036 1.5
      vertex 79.3564 72.4036 99
    endloop
  endfacet
  facet normal 0 0 1
    outer loop
      vertex 79.3564 76.3564 1.5
      vertex 79.3564 72.4036 1.5
      vertex 80.175 74.38 1.5
    endloop
  endfacet
  facet normal 0 0 1
    outer loop
      vertex 77.38 77.175 1.5
      vertex 79.3564 72.4036 1.5
      vertex 79.3564 76.3564 1.5
    endloop
  endfacet
  facet normal 0 0 1
    outer loop
      vertex 77.38 77.175 1.5
      vertex 77.38 71.585 1.5
      vertex 79.3564 72.4036 1.5
    endloop
  endfacet
  facet normal -0 0 1
    outer loop
      vertex 75.4036 76.3564 1.5
      vertex 77.38 71.585 1.5
      vertex 77.38 77.175 1.5
    endloop
  endfacet
  facet normal 0 0 1
    outer loop
      vertex 75.4036 76.3564 1.5
      vertex 75.4036 72.4036 1.5
      vertex 77.38 71.585 1.5
    endloop
  endfacet
  facet normal 0 -0 1
    outer loop
      vertex 75.4036 72.4036 1.5
      vertex 75.4036 76.3564 1.5
      vertex 74.585 74.38 1.5
    endloop
  endfacet
  facet normal 0.382663 0.923888 -0
    outer loop
      vertex 77.38 71.585 1.5
      vertex 75.4036 72.4036 99
      vertex 77.38 71.585 99
    endloop
  endfacet
  facet normal 0.382663 0.923888 0
    outer loop
      vertex 75.4036 72.4036 99
      vertex 77.38 71.585 1.5
      vertex 75.4036 72.4036 1.5
    endloop
  endfacet
  facet normal 0.923888 0.382663 0
    outer loop
      vertex 75.4036 72.4036 99
      vertex 74.585 74.38 1.5
      vertex 74.585 74.38 99
    endloop
  endfacet
  facet normal 0.923888 0.382663 0
    outer loop
      vertex 74.585 74.38 1.5
      vertex 75.4036 72.4036 99
      vertex 75.4036 72.4036 1.5
    endloop
  endfacet
  facet normal -0.923888 -0.382663 0
    outer loop
      vertex 80.175 65.38 1.5
      vertex 79.3564 67.3564 99
      vertex 79.3564 67.3564 1.5
    endloop
  endfacet
  facet normal -0.923888 -0.382663 0
    outer loop
      vertex 79.3564 67.3564 99
      vertex 80.175 65.38 1.5
      vertex 80.175 65.38 99
    endloop
  endfacet
  facet normal 0.923888 -0.382663 0
    outer loop
      vertex 74.585 65.38 99
      vertex 75.4036 67.3564 1.5
      vertex 75.4036 67.3564 99
    endloop
  endfacet
  facet normal 0.923888 -0.382663 0
    outer loop
      vertex 75.4036 67.3564 1.5
      vertex 74.585 65.38 99
      vertex 74.585 65.38 1.5
    endloop
  endfacet
  facet normal -0.382663 0.923888 0
    outer loop
      vertex 79.3564 63.4036 1.5
      vertex 77.38 62.585 99
      vertex 79.3564 63.4036 99
    endloop
  endfacet
  facet normal -0.382663 0.923888 0
    outer loop
      vertex 77.38 62.585 99
      vertex 79.3564 63.4036 1.5
      vertex 77.38 62.585 1.5
    endloop
  endfacet
  facet normal 0.382663 -0.923888 0
    outer loop
      vertex 75.4036 67.3564 1.5
      vertex 77.38 68.175 99
      vertex 75.4036 67.3564 99
    endloop
  endfacet
  facet normal 0.382663 -0.923888 0
    outer loop
      vertex 77.38 68.175 99
      vertex 75.4036 67.3564 1.5
      vertex 77.38 68.175 1.5
    endloop
  endfacet
  facet normal -0.382663 -0.923888 0
    outer loop
      vertex 77.38 68.175 1.5
      vertex 79.3564 67.3564 99
      vertex 77.38 68.175 99
    endloop
  endfacet
  facet normal -0.382663 -0.923888 -0
    outer loop
      vertex 79.3564 67.3564 99
      vertex 77.38 68.175 1.5
      vertex 79.3564 67.3564 1.5
    endloop
  endfacet
  facet normal -0.923888 0.382663 0
    outer loop
      vertex 79.3564 63.4036 1.5
      vertex 80.175 65.38 99
      vertex 80.175 65.38 1.5
    endloop
  endfacet
  facet normal -0.923888 0.382663 0
    outer loop
      vertex 80.175 65.38 99
      vertex 79.3564 63.4036 1.5
      vertex 79.3564 63.4036 99
    endloop
  endfacet
  facet normal 0.923888 0.382663 0
    outer loop
      vertex 75.4036 63.4036 99
      vertex 74.585 65.38 1.5
      vertex 74.585 65.38 99
    endloop
  endfacet
  facet normal 0.923888 0.382663 0
    outer loop
      vertex 74.585 65.38 1.5
      vertex 75.4036 63.4036 99
      vertex 75.4036 63.4036 1.5
    endloop
  endfacet
  facet normal 0 0 1
    outer loop
      vertex 79.3564 67.3564 1.5
      vertex 79.3564 63.4036 1.5
      vertex 80.175 65.38 1.5
    endloop
  endfacet
  facet normal 0 0 1
    outer loop
      vertex 77.38 68.175 1.5
      vertex 79.3564 63.4036 1.5
      vertex 79.3564 67.3564 1.5
    endloop
  endfacet
  facet normal 0 0 1
    outer loop
      vertex 77.38 68.175 1.5
      vertex 77.38 62.585 1.5
      vertex 79.3564 63.4036 1.5
    endloop
  endfacet
  facet normal -0 0 1
    outer loop
      vertex 75.4036 67.3564 1.5
      vertex 77.38 62.585 1.5
      vertex 77.38 68.175 1.5
    endloop
  endfacet
  facet normal 0 0 1
    outer loop
      vertex 75.4036 67.3564 1.5
      vertex 75.4036 63.4036 1.5
      vertex 77.38 62.585 1.5
    endloop
  endfacet
  facet normal 0 -0 1
    outer loop
      vertex 75.4036 63.4036 1.5
      vertex 75.4036 67.3564 1.5
      vertex 74.585 65.38 1.5
    endloop
  endfacet
  facet normal 0.382663 0.923888 -0
    outer loop
      vertex 77.38 62.585 1.5
      vertex 75.4036 63.4036 99
      vertex 77.38 62.585 99
    endloop
  endfacet
  facet normal 0.382663 0.923888 0
    outer loop
      vertex 75.4036 63.4036 99
      vertex 77.38 62.585 1.5
      vertex 75.4036 63.4036 1.5
    endloop
  endfacet
  facet normal -0.923888 -0.382663 0
    outer loop
      vertex 80.175 56.38 1.5
      vertex 79.3564 58.3564 99
      vertex 79.3564 58.3564 1.5
    endloop
  endfacet
  facet normal -0.923888 -0.382663 0
    outer loop
      vertex 79.3564 58.3564 99
      vertex 80.175 56.38 1.5
      vertex 80.175 56.38 99
    endloop
  endfacet
  facet normal 0.923888 -0.382663 0
    outer loop
      vertex 74.585 56.38 99
      vertex 75.4036 58.3564 1.5
      vertex 75.4036 58.3564 99
    endloop
  endfacet
  facet normal 0.923888 -0.382663 0
    outer loop
      vertex 75.4036 58.3564 1.5
      vertex 74.585 56.38 99
      vertex 74.585 56.38 1.5
    endloop
  endfacet
  facet normal -0.382663 0.923888 0
    outer loop
      vertex 79.3564 54.4036 1.5
      vertex 77.38 53.585 99
      vertex 79.3564 54.4036 99
    endloop
  endfacet
  facet normal -0.382663 0.923888 0
    outer loop
      vertex 77.38 53.585 99
      vertex 79.3564 54.4036 1.5
      vertex 77.38 53.585 1.5
    endloop
  endfacet
  facet normal 0.382663 -0.923888 0
    outer loop
      vertex 75.4036 58.3564 1.5
      vertex 77.38 59.175 99
      vertex 75.4036 58.3564 99
    endloop
  endfacet
  facet normal 0.382663 -0.923888 0
    outer loop
      vertex 77.38 59.175 99
      vertex 75.4036 58.3564 1.5
      vertex 77.38 59.175 1.5
    endloop
  endfacet
  facet normal -0.382663 -0.923888 0
    outer loop
      vertex 77.38 59.175 1.5
      vertex 79.3564 58.3564 99
      vertex 77.38 59.175 99
    endloop
  endfacet
  facet normal -0.382663 -0.923888 -0
    outer loop
      vertex 79.3564 58.3564 99
      vertex 77.38 59.175 1.5
      vertex 79.3564 58.3564 1.5
    endloop
  endfacet
  facet normal 0.923888 0.382663 0
    outer loop
      vertex 75.4036 54.4036 99
      vertex 74.585 56.38 1.5
      vertex 74.585 56.38 99
    endloop
  endfacet
  facet normal 0.923888 0.382663 0
    outer loop
      vertex 74.585 56.38 1.5
      vertex 75.4036 54.4036 99
      vertex 75.4036 54.4036 1.5
    endloop
  endfacet
  facet normal 0 0 1
    outer loop
      vertex 79.3564 58.3564 1.5
      vertex 79.3564 54.4036 1.5
      vertex 80.175 56.38 1.5
    endloop
  endfacet
  facet normal 0 0 1
    outer loop
      vertex 77.38 59.175 1.5
      vertex 79.3564 54.4036 1.5
      vertex 79.3564 58.3564 1.5
    endloop
  endfacet
  facet normal 0 0 1
    outer loop
      vertex 77.38 59.175 1.5
      vertex 77.38 53.585 1.5
      vertex 79.3564 54.4036 1.5
    endloop
  endfacet
  facet normal -0 0 1
    outer loop
      vertex 75.4036 58.3564 1.5
      vertex 77.38 53.585 1.5
      vertex 77.38 59.175 1.5
    endloop
  endfacet
  facet normal 0 0 1
    outer loop
      vertex 75.4036 58.3564 1.5
      vertex 75.4036 54.4036 1.5
      vertex 77.38 53.585 1.5
    endloop
  endfacet
  facet normal 0 -0 1
    outer loop
      vertex 75.4036 54.4036 1.5
      vertex 75.4036 58.3564 1.5
      vertex 74.585 56.38 1.5
    endloop
  endfacet
  facet normal -0.923888 0.382663 0
    outer loop
      vertex 79.3564 54.4036 1.5
      vertex 80.175 56.38 99
      vertex 80.175 56.38 1.5
    endloop
  endfacet
  facet normal -0.923888 0.382663 0
    outer loop
      vertex 80.175 56.38 99
      vertex 79.3564 54.4036 1.5
      vertex 79.3564 54.4036 99
    endloop
  endfacet
  facet normal 0.382663 0.923888 -0
    outer loop
      vertex 77.38 53.585 1.5
      vertex 75.4036 54.4036 99
      vertex 77.38 53.585 99
    endloop
  endfacet
  facet normal 0.382663 0.923888 0
    outer loop
      vertex 75.4036 54.4036 99
      vertex 77.38 53.585 1.5
      vertex 75.4036 54.4036 1.5
    endloop
  endfacet
  facet normal -0.923888 -0.382663 0
    outer loop
      vertex 80.175 47.38 1.5
      vertex 79.3564 49.3564 99
      vertex 79.3564 49.3564 1.5
    endloop
  endfacet
  facet normal -0.923888 -0.382663 0
    outer loop
      vertex 79.3564 49.3564 99
      vertex 80.175 47.38 1.5
      vertex 80.175 47.38 99
    endloop
  endfacet
  facet normal 0.923888 -0.382663 0
    outer loop
      vertex 74.585 47.38 99
      vertex 75.4036 49.3564 1.5
      vertex 75.4036 49.3564 99
    endloop
  endfacet
  facet normal 0.923888 -0.382663 0
    outer loop
      vertex 75.4036 49.3564 1.5
      vertex 74.585 47.38 99
      vertex 74.585 47.38 1.5
    endloop
  endfacet
  facet normal -0.382663 0.923888 0
    outer loop
      vertex 79.3564 45.4036 1.5
      vertex 77.38 44.585 99
      vertex 79.3564 45.4036 99
    endloop
  endfacet
  facet normal -0.382663 0.923888 0
    outer loop
      vertex 77.38 44.585 99
      vertex 79.3564 45.4036 1.5
      vertex 77.38 44.585 1.5
    endloop
  endfacet
  facet normal 0.382663 -0.923888 0
    outer loop
      vertex 75.4036 49.3564 1.5
      vertex 77.38 50.175 99
      vertex 75.4036 49.3564 99
    endloop
  endfacet
  facet normal 0.382663 -0.923888 0
    outer loop
      vertex 77.38 50.175 99
      vertex 75.4036 49.3564 1.5
      vertex 77.38 50.175 1.5
    endloop
  endfacet
  facet normal -0.382663 -0.923888 0
    outer loop
      vertex 77.38 50.175 1.5
      vertex 79.3564 49.3564 99
      vertex 77.38 50.175 99
    endloop
  endfacet
  facet normal -0.382663 -0.923888 -0
    outer loop
      vertex 79.3564 49.3564 99
      vertex 77.38 50.175 1.5
      vertex 79.3564 49.3564 1.5
    endloop
  endfacet
  facet normal 0.923888 0.382663 0
    outer loop
      vertex 75.4036 45.4036 99
      vertex 74.585 47.38 1.5
      vertex 74.585 47.38 99
    endloop
  endfacet
  facet normal 0.923888 0.382663 0
    outer loop
      vertex 74.585 47.38 1.5
      vertex 75.4036 45.4036 99
      vertex 75.4036 45.4036 1.5
    endloop
  endfacet
  facet normal 0 0 1
    outer loop
      vertex 79.3564 49.3564 1.5
      vertex 79.3564 45.4036 1.5
      vertex 80.175 47.38 1.5
    endloop
  endfacet
  facet normal 0 0 1
    outer loop
      vertex 77.38 50.175 1.5
      vertex 79.3564 45.4036 1.5
      vertex 79.3564 49.3564 1.5
    endloop
  endfacet
  facet normal 0 0 1
    outer loop
      vertex 77.38 50.175 1.5
      vertex 77.38 44.585 1.5
      vertex 79.3564 45.4036 1.5
    endloop
  endfacet
  facet normal -0 0 1
    outer loop
      vertex 75.4036 49.3564 1.5
      vertex 77.38 44.585 1.5
      vertex 77.38 50.175 1.5
    endloop
  endfacet
  facet normal 0 0 1
    outer loop
      vertex 75.4036 49.3564 1.5
      vertex 75.4036 45.4036 1.5
      vertex 77.38 44.585 1.5
    endloop
  endfacet
  facet normal 0 -0 1
    outer loop
      vertex 75.4036 45.4036 1.5
      vertex 75.4036 49.3564 1.5
      vertex 74.585 47.38 1.5
    endloop
  endfacet
  facet normal -0.923888 0.382663 0
    outer loop
      vertex 79.3564 45.4036 1.5
      vertex 80.175 47.38 99
      vertex 80.175 47.38 1.5
    endloop
  endfacet
  facet normal -0.923888 0.382663 0
    outer loop
      vertex 80.175 47.38 99
      vertex 79.3564 45.4036 1.5
      vertex 79.3564 45.4036 99
    endloop
  endfacet
  facet normal 0.382663 0.923888 -0
    outer loop
      vertex 77.38 44.585 1.5
      vertex 75.4036 45.4036 99
      vertex 77.38 44.585 99
    endloop
  endfacet
  facet normal 0.382663 0.923888 0
    outer loop
      vertex 75.4036 45.4036 99
      vertex 77.38 44.585 1.5
      vertex 75.4036 45.4036 1.5
    endloop
  endfacet
  facet normal -0.923888 -0.382663 0
    outer loop
      vertex 80.175 38.38 1.5
      vertex 79.3564 40.3564 99
      vertex 79.3564 40.3564 1.5
    endloop
  endfacet
  facet normal -0.923888 -0.382663 0
    outer loop
      vertex 79.3564 40.3564 99
      vertex 80.175 38.38 1.5
      vertex 80.175 38.38 99
    endloop
  endfacet
  facet normal 0.923888 -0.382663 0
    outer loop
      vertex 74.585 38.38 99
      vertex 75.4036 40.3564 1.5
      vertex 75.4036 40.3564 99
    endloop
  endfacet
  facet normal 0.923888 -0.382663 0
    outer loop
      vertex 75.4036 40.3564 1.5
      vertex 74.585 38.38 99
      vertex 74.585 38.38 1.5
    endloop
  endfacet
  facet normal -0.382663 0.923888 0
    outer loop
      vertex 79.3564 36.4036 1.5
      vertex 77.38 35.585 99
      vertex 79.3564 36.4036 99
    endloop
  endfacet
  facet normal -0.382663 0.923888 0
    outer loop
      vertex 77.38 35.585 99
      vertex 79.3564 36.4036 1.5
      vertex 77.38 35.585 1.5
    endloop
  endfacet
  facet normal 0.382663 -0.923888 0
    outer loop
      vertex 75.4036 40.3564 1.5
      vertex 77.38 41.175 99
      vertex 75.4036 40.3564 99
    endloop
  endfacet
  facet normal 0.382663 -0.923888 0
    outer loop
      vertex 77.38 41.175 99
      vertex 75.4036 40.3564 1.5
      vertex 77.38 41.175 1.5
    endloop
  endfacet
  facet normal -0.382663 -0.923888 0
    outer loop
      vertex 77.38 41.175 1.5
      vertex 79.3564 40.3564 99
      vertex 77.38 41.175 99
    endloop
  endfacet
  facet normal -0.382663 -0.923888 -0
    outer loop
      vertex 79.3564 40.3564 99
      vertex 77.38 41.175 1.5
      vertex 79.3564 40.3564 1.5
    endloop
  endfacet
  facet normal -0.923888 0.382663 0
    outer loop
      vertex 79.3564 36.4036 1.5
      vertex 80.175 38.38 99
      vertex 80.175 38.38 1.5
    endloop
  endfacet
  facet normal -0.923888 0.382663 0
    outer loop
      vertex 80.175 38.38 99
      vertex 79.3564 36.4036 1.5
      vertex 79.3564 36.4036 99
    endloop
  endfacet
  facet normal 0.923888 0.382663 0
    outer loop
      vertex 75.4036 36.4036 99
      vertex 74.585 38.38 1.5
      vertex 74.585 38.38 99
    endloop
  endfacet
  facet normal 0.923888 0.382663 0
    outer loop
      vertex 74.585 38.38 1.5
      vertex 75.4036 36.4036 99
      vertex 75.4036 36.4036 1.5
    endloop
  endfacet
  facet normal 0 0 1
    outer loop
      vertex 79.3564 40.3564 1.5
      vertex 79.3564 36.4036 1.5
      vertex 80.175 38.38 1.5
    endloop
  endfacet
  facet normal 0 0 1
    outer loop
      vertex 77.38 41.175 1.5
      vertex 79.3564 36.4036 1.5
      vertex 79.3564 40.3564 1.5
    endloop
  endfacet
  facet normal 0 0 1
    outer loop
      vertex 77.38 41.175 1.5
      vertex 77.38 35.585 1.5
      vertex 79.3564 36.4036 1.5
    endloop
  endfacet
  facet normal -0 0 1
    outer loop
      vertex 75.4036 40.3564 1.5
      vertex 77.38 35.585 1.5
      vertex 77.38 41.175 1.5
    endloop
  endfacet
  facet normal 0 0 1
    outer loop
      vertex 75.4036 40.3564 1.5
      vertex 75.4036 36.4036 1.5
      vertex 77.38 35.585 1.5
    endloop
  endfacet
  facet normal 0 -0 1
    outer loop
      vertex 75.4036 36.4036 1.5
      vertex 75.4036 40.3564 1.5
      vertex 74.585 38.38 1.5
    endloop
  endfacet
  facet normal 0.382663 0.923888 -0
    outer loop
      vertex 77.38 35.585 1.5
      vertex 75.4036 36.4036 99
      vertex 77.38 35.585 99
    endloop
  endfacet
  facet normal 0.382663 0.923888 0
    outer loop
      vertex 75.4036 36.4036 99
      vertex 77.38 35.585 1.5
      vertex 75.4036 36.4036 1.5
    endloop
  endfacet
  facet normal -0.923888 -0.382663 0
    outer loop
      vertex 80.175 29.38 1.5
      vertex 79.3564 31.3564 99
      vertex 79.3564 31.3564 1.5
    endloop
  endfacet
  facet normal -0.923888 -0.382663 0
    outer loop
      vertex 79.3564 31.3564 99
      vertex 80.175 29.38 1.5
      vertex 80.175 29.38 99
    endloop
  endfacet
  facet normal 0.923888 -0.382663 0
    outer loop
      vertex 74.585 29.38 99
      vertex 75.4036 31.3564 1.5
      vertex 75.4036 31.3564 99
    endloop
  endfacet
  facet normal 0.923888 -0.382663 0
    outer loop
      vertex 75.4036 31.3564 1.5
      vertex 74.585 29.38 99
      vertex 74.585 29.38 1.5
    endloop
  endfacet
  facet normal -0.382663 0.923888 0
    outer loop
      vertex 79.3564 27.4036 1.5
      vertex 77.38 26.585 99
      vertex 79.3564 27.4036 99
    endloop
  endfacet
  facet normal -0.382663 0.923888 0
    outer loop
      vertex 77.38 26.585 99
      vertex 79.3564 27.4036 1.5
      vertex 77.38 26.585 1.5
    endloop
  endfacet
  facet normal 0.382663 -0.923888 0
    outer loop
      vertex 75.4036 31.3564 1.5
      vertex 77.38 32.175 99
      vertex 75.4036 31.3564 99
    endloop
  endfacet
  facet normal 0.382663 -0.923888 0
    outer loop
      vertex 77.38 32.175 99
      vertex 75.4036 31.3564 1.5
      vertex 77.38 32.175 1.5
    endloop
  endfacet
  facet normal -0.382663 -0.923888 0
    outer loop
      vertex 77.38 32.175 1.5
      vertex 79.3564 31.3564 99
      vertex 77.38 32.175 99
    endloop
  endfacet
  facet normal -0.382663 -0.923888 -0
    outer loop
      vertex 79.3564 31.3564 99
      vertex 77.38 32.175 1.5
      vertex 79.3564 31.3564 1.5
    endloop
  endfacet
  facet normal -0.923888 0.382663 0
    outer loop
      vertex 79.3564 27.4036 1.5
      vertex 80.175 29.38 99
      vertex 80.175 29.38 1.5
    endloop
  endfacet
  facet normal -0.923888 0.382663 0
    outer loop
      vertex 80.175 29.38 99
      vertex 79.3564 27.4036 1.5
      vertex 79.3564 27.4036 99
    endloop
  endfacet
  facet normal 0.923888 0.382663 0
    outer loop
      vertex 75.4036 27.4036 99
      vertex 74.585 29.38 1.5
      vertex 74.585 29.38 99
    endloop
  endfacet
  facet normal 0.923888 0.382663 0
    outer loop
      vertex 74.585 29.38 1.5
      vertex 75.4036 27.4036 99
      vertex 75.4036 27.4036 1.5
    endloop
  endfacet
  facet normal 0 0 1
    outer loop
      vertex 79.3564 31.3564 1.5
      vertex 79.3564 27.4036 1.5
      vertex 80.175 29.38 1.5
    endloop
  endfacet
  facet normal 0 0 1
    outer loop
      vertex 77.38 32.175 1.5
      vertex 79.3564 27.4036 1.5
      vertex 79.3564 31.3564 1.5
    endloop
  endfacet
  facet normal 0 0 1
    outer loop
      vertex 77.38 32.175 1.5
      vertex 77.38 26.585 1.5
      vertex 79.3564 27.4036 1.5
    endloop
  endfacet
  facet normal -0 0 1
    outer loop
      vertex 75.4036 31.3564 1.5
      vertex 77.38 26.585 1.5
      vertex 77.38 32.175 1.5
    endloop
  endfacet
  facet normal 0 0 1
    outer loop
      vertex 75.4036 31.3564 1.5
      vertex 75.4036 27.4036 1.5
      vertex 77.38 26.585 1.5
    endloop
  endfacet
  facet normal 0 -0 1
    outer loop
      vertex 75.4036 27.4036 1.5
      vertex 75.4036 31.3564 1.5
      vertex 74.585 29.38 1.5
    endloop
  endfacet
  facet normal 0.382663 0.923888 -0
    outer loop
      vertex 77.38 26.585 1.5
      vertex 75.4036 27.4036 99
      vertex 77.38 26.585 99
    endloop
  endfacet
  facet normal 0.382663 0.923888 0
    outer loop
      vertex 75.4036 27.4036 99
      vertex 77.38 26.585 1.5
      vertex 75.4036 27.4036 1.5
    endloop
  endfacet
  facet normal -0.923888 -0.382663 0
    outer loop
      vertex 80.175 20.38 1.5
      vertex 79.3564 22.3564 99
      vertex 79.3564 22.3564 1.5
    endloop
  endfacet
  facet normal -0.923888 -0.382663 0
    outer loop
      vertex 79.3564 22.3564 99
      vertex 80.175 20.38 1.5
      vertex 80.175 20.38 99
    endloop
  endfacet
  facet normal 0.923888 -0.382663 0
    outer loop
      vertex 74.585 20.38 99
      vertex 75.4036 22.3564 1.5
      vertex 75.4036 22.3564 99
    endloop
  endfacet
  facet normal 0.923888 -0.382663 0
    outer loop
      vertex 75.4036 22.3564 1.5
      vertex 74.585 20.38 99
      vertex 74.585 20.38 1.5
    endloop
  endfacet
  facet normal -0.382663 0.923888 0
    outer loop
      vertex 79.3564 18.4036 1.5
      vertex 77.38 17.585 99
      vertex 79.3564 18.4036 99
    endloop
  endfacet
  facet normal -0.382663 0.923888 0
    outer loop
      vertex 77.38 17.585 99
      vertex 79.3564 18.4036 1.5
      vertex 77.38 17.585 1.5
    endloop
  endfacet
  facet normal 0.382663 -0.923888 0
    outer loop
      vertex 75.4036 22.3564 1.5
      vertex 77.38 23.175 99
      vertex 75.4036 22.3564 99
    endloop
  endfacet
  facet normal 0.382663 -0.923888 0
    outer loop
      vertex 77.38 23.175 99
      vertex 75.4036 22.3564 1.5
      vertex 77.38 23.175 1.5
    endloop
  endfacet
  facet normal -0.382663 -0.923888 0
    outer loop
      vertex 77.38 23.175 1.5
      vertex 79.3564 22.3564 99
      vertex 77.38 23.175 99
    endloop
  endfacet
  facet normal -0.382663 -0.923888 -0
    outer loop
      vertex 79.3564 22.3564 99
      vertex 77.38 23.175 1.5
      vertex 79.3564 22.3564 1.5
    endloop
  endfacet
  facet normal -0.923888 0.382663 0
    outer loop
      vertex 79.3564 18.4036 1.5
      vertex 80.175 20.38 99
      vertex 80.175 20.38 1.5
    endloop
  endfacet
  facet normal -0.923888 0.382663 0
    outer loop
      vertex 80.175 20.38 99
      vertex 79.3564 18.4036 1.5
      vertex 79.3564 18.4036 99
    endloop
  endfacet
  facet normal 0 0 1
    outer loop
      vertex 79.3564 22.3564 1.5
      vertex 79.3564 18.4036 1.5
      vertex 80.175 20.38 1.5
    endloop
  endfacet
  facet normal 0 0 1
    outer loop
      vertex 77.38 23.175 1.5
      vertex 79.3564 18.4036 1.5
      vertex 79.3564 22.3564 1.5
    endloop
  endfacet
  facet normal 0 0 1
    outer loop
      vertex 77.38 23.175 1.5
      vertex 77.38 17.585 1.5
      vertex 79.3564 18.4036 1.5
    endloop
  endfacet
  facet normal -0 0 1
    outer loop
      vertex 75.4036 22.3564 1.5
      vertex 77.38 17.585 1.5
      vertex 77.38 23.175 1.5
    endloop
  endfacet
  facet normal 0 0 1
    outer loop
      vertex 75.4036 22.3564 1.5
      vertex 75.4036 18.4036 1.5
      vertex 77.38 17.585 1.5
    endloop
  endfacet
  facet normal 0 -0 1
    outer loop
      vertex 75.4036 18.4036 1.5
      vertex 75.4036 22.3564 1.5
      vertex 74.585 20.38 1.5
    endloop
  endfacet
  facet normal 0.382663 0.923888 -0
    outer loop
      vertex 77.38 17.585 1.5
      vertex 75.4036 18.4036 99
      vertex 77.38 17.585 99
    endloop
  endfacet
  facet normal 0.382663 0.923888 0
    outer loop
      vertex 75.4036 18.4036 99
      vertex 77.38 17.585 1.5
      vertex 75.4036 18.4036 1.5
    endloop
  endfacet
  facet normal 0.923888 0.382663 0
    outer loop
      vertex 75.4036 18.4036 99
      vertex 74.585 20.38 1.5
      vertex 74.585 20.38 99
    endloop
  endfacet
  facet normal 0.923888 0.382663 0
    outer loop
      vertex 74.585 20.38 1.5
      vertex 75.4036 18.4036 99
      vertex 75.4036 18.4036 1.5
    endloop
  endfacet
  facet normal -0.923888 -0.382663 0
    outer loop
      vertex 80.175 11.38 1.5
      vertex 79.3564 13.3564 99
      vertex 79.3564 13.3564 1.5
    endloop
  endfacet
  facet normal -0.923888 -0.382663 0
    outer loop
      vertex 79.3564 13.3564 99
      vertex 80.175 11.38 1.5
      vertex 80.175 11.38 99
    endloop
  endfacet
  facet normal 0.923888 -0.382663 0
    outer loop
      vertex 74.585 11.38 99
      vertex 75.4036 13.3564 1.5
      vertex 75.4036 13.3564 99
    endloop
  endfacet
  facet normal 0.923888 -0.382663 0
    outer loop
      vertex 75.4036 13.3564 1.5
      vertex 74.585 11.38 99
      vertex 74.585 11.38 1.5
    endloop
  endfacet
  facet normal -0.382679 0.923881 0
    outer loop
      vertex 79.3564 9.40364 1.5
      vertex 77.38 8.585 99
      vertex 79.3564 9.40364 99
    endloop
  endfacet
  facet normal -0.382679 0.923881 0
    outer loop
      vertex 77.38 8.585 99
      vertex 79.3564 9.40364 1.5
      vertex 77.38 8.585 1.5
    endloop
  endfacet
  facet normal 0.382663 -0.923888 0
    outer loop
      vertex 75.4036 13.3564 1.5
      vertex 77.38 14.175 99
      vertex 75.4036 13.3564 99
    endloop
  endfacet
  facet normal 0.382663 -0.923888 0
    outer loop
      vertex 77.38 14.175 99
      vertex 75.4036 13.3564 1.5
      vertex 77.38 14.175 1.5
    endloop
  endfacet
  facet normal -0.382663 -0.923888 0
    outer loop
      vertex 77.38 14.175 1.5
      vertex 79.3564 13.3564 99
      vertex 77.38 14.175 99
    endloop
  endfacet
  facet normal -0.382663 -0.923888 -0
    outer loop
      vertex 79.3564 13.3564 99
      vertex 77.38 14.175 1.5
      vertex 79.3564 13.3564 1.5
    endloop
  endfacet
  facet normal -0.923885 0.382669 0
    outer loop
      vertex 79.3564 9.40364 1.5
      vertex 80.175 11.38 99
      vertex 80.175 11.38 1.5
    endloop
  endfacet
  facet normal -0.923885 0.382669 0
    outer loop
      vertex 80.175 11.38 99
      vertex 79.3564 9.40364 1.5
      vertex 79.3564 9.40364 99
    endloop
  endfacet
  facet normal 0 0 1
    outer loop
      vertex 79.3564 13.3564 1.5
      vertex 79.3564 9.40364 1.5
      vertex 80.175 11.38 1.5
    endloop
  endfacet
  facet normal 0 0 1
    outer loop
      vertex 77.38 14.175 1.5
      vertex 79.3564 9.40364 1.5
      vertex 79.3564 13.3564 1.5
    endloop
  endfacet
  facet normal 0 0 1
    outer loop
      vertex 77.38 14.175 1.5
      vertex 77.38 8.585 1.5
      vertex 79.3564 9.40364 1.5
    endloop
  endfacet
  facet normal -0 0 1
    outer loop
      vertex 75.4036 13.3564 1.5
      vertex 77.38 8.585 1.5
      vertex 77.38 14.175 1.5
    endloop
  endfacet
  facet normal 0 0 1
    outer loop
      vertex 75.4036 13.3564 1.5
      vertex 75.4036 9.40364 1.5
      vertex 77.38 8.585 1.5
    endloop
  endfacet
  facet normal 0 -0 1
    outer loop
      vertex 75.4036 9.40364 1.5
      vertex 75.4036 13.3564 1.5
      vertex 74.585 11.38 1.5
    endloop
  endfacet
  facet normal 0.382679 0.923881 -0
    outer loop
      vertex 77.38 8.585 1.5
      vertex 75.4036 9.40364 99
      vertex 77.38 8.585 99
    endloop
  endfacet
  facet normal 0.382679 0.923881 0
    outer loop
      vertex 75.4036 9.40364 99
      vertex 77.38 8.585 1.5
      vertex 75.4036 9.40364 1.5
    endloop
  endfacet
  facet normal 0.923885 0.382669 0
    outer loop
      vertex 75.4036 9.40364 99
      vertex 74.585 11.38 1.5
      vertex 74.585 11.38 99
    endloop
  endfacet
  facet normal 0.923885 0.382669 0
    outer loop
      vertex 74.585 11.38 1.5
      vertex 75.4036 9.40364 99
      vertex 75.4036 9.40364 1.5
    endloop
  endfacet
  facet normal -0.923888 -0.382663 0
    outer loop
      vertex 89.175 74.38 1.5
      vertex 88.3564 76.3564 99
      vertex 88.3564 76.3564 1.5
    endloop
  endfacet
  facet normal -0.923888 -0.382663 0
    outer loop
      vertex 88.3564 76.3564 99
      vertex 89.175 74.38 1.5
      vertex 89.175 74.38 99
    endloop
  endfacet
  facet normal 0.923888 -0.382663 0
    outer loop
      vertex 83.585 74.38 99
      vertex 84.4036 76.3564 1.5
      vertex 84.4036 76.3564 99
    endloop
  endfacet
  facet normal 0.923888 -0.382663 0
    outer loop
      vertex 84.4036 76.3564 1.5
      vertex 83.585 74.38 99
      vertex 83.585 74.38 1.5
    endloop
  endfacet
  facet normal -0.382663 0.923888 0
    outer loop
      vertex 88.3564 72.4036 1.5
      vertex 86.38 71.585 99
      vertex 88.3564 72.4036 99
    endloop
  endfacet
  facet normal -0.382663 0.923888 0
    outer loop
      vertex 86.38 71.585 99
      vertex 88.3564 72.4036 1.5
      vertex 86.38 71.585 1.5
    endloop
  endfacet
  facet normal 0.382663 -0.923888 0
    outer loop
      vertex 84.4036 76.3564 1.5
      vertex 86.38 77.175 99
      vertex 84.4036 76.3564 99
    endloop
  endfacet
  facet normal 0.382663 -0.923888 0
    outer loop
      vertex 86.38 77.175 99
      vertex 84.4036 76.3564 1.5
      vertex 86.38 77.175 1.5
    endloop
  endfacet
  facet normal -0.382663 -0.923888 0
    outer loop
      vertex 86.38 77.175 1.5
      vertex 88.3564 76.3564 99
      vertex 86.38 77.175 99
    endloop
  endfacet
  facet normal -0.382663 -0.923888 -0
    outer loop
      vertex 88.3564 76.3564 99
      vertex 86.38 77.175 1.5
      vertex 88.3564 76.3564 1.5
    endloop
  endfacet
  facet normal -0.923888 0.382663 0
    outer loop
      vertex 88.3564 72.4036 1.5
      vertex 89.175 74.38 99
      vertex 89.175 74.38 1.5
    endloop
  endfacet
  facet normal -0.923888 0.382663 0
    outer loop
      vertex 89.175 74.38 99
      vertex 88.3564 72.4036 1.5
      vertex 88.3564 72.4036 99
    endloop
  endfacet
  facet normal 0.923888 0.382663 0
    outer loop
      vertex 84.4036 72.4036 99
      vertex 83.585 74.38 1.5
      vertex 83.585 74.38 99
    endloop
  endfacet
  facet normal 0.923888 0.382663 0
    outer loop
      vertex 83.585 74.38 1.5
      vertex 84.4036 72.4036 99
      vertex 84.4036 72.4036 1.5
    endloop
  endfacet
  facet normal 0 0 1
    outer loop
      vertex 88.3564 76.3564 1.5
      vertex 88.3564 72.4036 1.5
      vertex 89.175 74.38 1.5
    endloop
  endfacet
  facet normal 0 0 1
    outer loop
      vertex 86.38 77.175 1.5
      vertex 88.3564 72.4036 1.5
      vertex 88.3564 76.3564 1.5
    endloop
  endfacet
  facet normal 0 0 1
    outer loop
      vertex 86.38 77.175 1.5
      vertex 86.38 71.585 1.5
      vertex 88.3564 72.4036 1.5
    endloop
  endfacet
  facet normal -0 0 1
    outer loop
      vertex 84.4036 76.3564 1.5
      vertex 86.38 71.585 1.5
      vertex 86.38 77.175 1.5
    endloop
  endfacet
  facet normal 0 0 1
    outer loop
      vertex 84.4036 76.3564 1.5
      vertex 84.4036 72.4036 1.5
      vertex 86.38 71.585 1.5
    endloop
  endfacet
  facet normal 0 -0 1
    outer loop
      vertex 84.4036 72.4036 1.5
      vertex 84.4036 76.3564 1.5
      vertex 83.585 74.38 1.5
    endloop
  endfacet
  facet normal 0.382663 0.923888 -0
    outer loop
      vertex 86.38 71.585 1.5
      vertex 84.4036 72.4036 99
      vertex 86.38 71.585 99
    endloop
  endfacet
  facet normal 0.382663 0.923888 0
    outer loop
      vertex 84.4036 72.4036 99
      vertex 86.38 71.585 1.5
      vertex 84.4036 72.4036 1.5
    endloop
  endfacet
  facet normal -0.923888 -0.382663 0
    outer loop
      vertex 89.175 65.38 1.5
      vertex 88.3564 67.3564 99
      vertex 88.3564 67.3564 1.5
    endloop
  endfacet
  facet normal -0.923888 -0.382663 0
    outer loop
      vertex 88.3564 67.3564 99
      vertex 89.175 65.38 1.5
      vertex 89.175 65.38 99
    endloop
  endfacet
  facet normal 0.923888 -0.382663 0
    outer loop
      vertex 83.585 65.38 99
      vertex 84.4036 67.3564 1.5
      vertex 84.4036 67.3564 99
    endloop
  endfacet
  facet normal 0.923888 -0.382663 0
    outer loop
      vertex 84.4036 67.3564 1.5
      vertex 83.585 65.38 99
      vertex 83.585 65.38 1.5
    endloop
  endfacet
  facet normal -0.382663 0.923888 0
    outer loop
      vertex 88.3564 63.4036 1.5
      vertex 86.38 62.585 99
      vertex 88.3564 63.4036 99
    endloop
  endfacet
  facet normal -0.382663 0.923888 0
    outer loop
      vertex 86.38 62.585 99
      vertex 88.3564 63.4036 1.5
      vertex 86.38 62.585 1.5
    endloop
  endfacet
  facet normal 0.382663 -0.923888 0
    outer loop
      vertex 84.4036 67.3564 1.5
      vertex 86.38 68.175 99
      vertex 84.4036 67.3564 99
    endloop
  endfacet
  facet normal 0.382663 -0.923888 0
    outer loop
      vertex 86.38 68.175 99
      vertex 84.4036 67.3564 1.5
      vertex 86.38 68.175 1.5
    endloop
  endfacet
  facet normal -0.382663 -0.923888 0
    outer loop
      vertex 86.38 68.175 1.5
      vertex 88.3564 67.3564 99
      vertex 86.38 68.175 99
    endloop
  endfacet
  facet normal -0.382663 -0.923888 -0
    outer loop
      vertex 88.3564 67.3564 99
      vertex 86.38 68.175 1.5
      vertex 88.3564 67.3564 1.5
    endloop
  endfacet
  facet normal -0.923888 0.382663 0
    outer loop
      vertex 88.3564 63.4036 1.5
      vertex 89.175 65.38 99
      vertex 89.175 65.38 1.5
    endloop
  endfacet
  facet normal -0.923888 0.382663 0
    outer loop
      vertex 89.175 65.38 99
      vertex 88.3564 63.4036 1.5
      vertex 88.3564 63.4036 99
    endloop
  endfacet
  facet normal 0 0 1
    outer loop
      vertex 88.3564 67.3564 1.5
      vertex 88.3564 63.4036 1.5
      vertex 89.175 65.38 1.5
    endloop
  endfacet
  facet normal 0 0 1
    outer loop
      vertex 86.38 68.175 1.5
      vertex 88.3564 63.4036 1.5
      vertex 88.3564 67.3564 1.5
    endloop
  endfacet
  facet normal 0 0 1
    outer loop
      vertex 86.38 68.175 1.5
      vertex 86.38 62.585 1.5
      vertex 88.3564 63.4036 1.5
    endloop
  endfacet
  facet normal -0 0 1
    outer loop
      vertex 84.4036 67.3564 1.5
      vertex 86.38 62.585 1.5
      vertex 86.38 68.175 1.5
    endloop
  endfacet
  facet normal 0 0 1
    outer loop
      vertex 84.4036 67.3564 1.5
      vertex 84.4036 63.4036 1.5
      vertex 86.38 62.585 1.5
    endloop
  endfacet
  facet normal 0 -0 1
    outer loop
      vertex 84.4036 63.4036 1.5
      vertex 84.4036 67.3564 1.5
      vertex 83.585 65.38 1.5
    endloop
  endfacet
  facet normal 0.382663 0.923888 -0
    outer loop
      vertex 86.38 62.585 1.5
      vertex 84.4036 63.4036 99
      vertex 86.38 62.585 99
    endloop
  endfacet
  facet normal 0.382663 0.923888 0
    outer loop
      vertex 84.4036 63.4036 99
      vertex 86.38 62.585 1.5
      vertex 84.4036 63.4036 1.5
    endloop
  endfacet
  facet normal 0.923888 0.382663 0
    outer loop
      vertex 84.4036 63.4036 99
      vertex 83.585 65.38 1.5
      vertex 83.585 65.38 99
    endloop
  endfacet
  facet normal 0.923888 0.382663 0
    outer loop
      vertex 83.585 65.38 1.5
      vertex 84.4036 63.4036 99
      vertex 84.4036 63.4036 1.5
    endloop
  endfacet
  facet normal -0.923888 -0.382663 0
    outer loop
      vertex 89.175 56.38 1.5
      vertex 88.3564 58.3564 99
      vertex 88.3564 58.3564 1.5
    endloop
  endfacet
  facet normal -0.923888 -0.382663 0
    outer loop
      vertex 88.3564 58.3564 99
      vertex 89.175 56.38 1.5
      vertex 89.175 56.38 99
    endloop
  endfacet
  facet normal 0.923888 -0.382663 0
    outer loop
      vertex 83.585 56.38 99
      vertex 84.4036 58.3564 1.5
      vertex 84.4036 58.3564 99
    endloop
  endfacet
  facet normal 0.923888 -0.382663 0
    outer loop
      vertex 84.4036 58.3564 1.5
      vertex 83.585 56.38 99
      vertex 83.585 56.38 1.5
    endloop
  endfacet
  facet normal -0.382663 0.923888 0
    outer loop
      vertex 88.3564 54.4036 1.5
      vertex 86.38 53.585 99
      vertex 88.3564 54.4036 99
    endloop
  endfacet
  facet normal -0.382663 0.923888 0
    outer loop
      vertex 86.38 53.585 99
      vertex 88.3564 54.4036 1.5
      vertex 86.38 53.585 1.5
    endloop
  endfacet
  facet normal 0.382663 -0.923888 0
    outer loop
      vertex 84.4036 58.3564 1.5
      vertex 86.38 59.175 99
      vertex 84.4036 58.3564 99
    endloop
  endfacet
  facet normal 0.382663 -0.923888 0
    outer loop
      vertex 86.38 59.175 99
      vertex 84.4036 58.3564 1.5
      vertex 86.38 59.175 1.5
    endloop
  endfacet
  facet normal -0.382663 -0.923888 0
    outer loop
      vertex 86.38 59.175 1.5
      vertex 88.3564 58.3564 99
      vertex 86.38 59.175 99
    endloop
  endfacet
  facet normal -0.382663 -0.923888 -0
    outer loop
      vertex 88.3564 58.3564 99
      vertex 86.38 59.175 1.5
      vertex 88.3564 58.3564 1.5
    endloop
  endfacet
  facet normal 0.923888 0.382663 0
    outer loop
      vertex 84.4036 54.4036 99
      vertex 83.585 56.38 1.5
      vertex 83.585 56.38 99
    endloop
  endfacet
  facet normal 0.923888 0.382663 0
    outer loop
      vertex 83.585 56.38 1.5
      vertex 84.4036 54.4036 99
      vertex 84.4036 54.4036 1.5
    endloop
  endfacet
  facet normal 0 0 1
    outer loop
      vertex 88.3564 58.3564 1.5
      vertex 88.3564 54.4036 1.5
      vertex 89.175 56.38 1.5
    endloop
  endfacet
  facet normal 0 0 1
    outer loop
      vertex 86.38 59.175 1.5
      vertex 88.3564 54.4036 1.5
      vertex 88.3564 58.3564 1.5
    endloop
  endfacet
  facet normal 0 0 1
    outer loop
      vertex 86.38 59.175 1.5
      vertex 86.38 53.585 1.5
      vertex 88.3564 54.4036 1.5
    endloop
  endfacet
  facet normal -0 0 1
    outer loop
      vertex 84.4036 58.3564 1.5
      vertex 86.38 53.585 1.5
      vertex 86.38 59.175 1.5
    endloop
  endfacet
  facet normal 0 0 1
    outer loop
      vertex 84.4036 58.3564 1.5
      vertex 84.4036 54.4036 1.5
      vertex 86.38 53.585 1.5
    endloop
  endfacet
  facet normal 0 -0 1
    outer loop
      vertex 84.4036 54.4036 1.5
      vertex 84.4036 58.3564 1.5
      vertex 83.585 56.38 1.5
    endloop
  endfacet
  facet normal -0.923888 0.382663 0
    outer loop
      vertex 88.3564 54.4036 1.5
      vertex 89.175 56.38 99
      vertex 89.175 56.38 1.5
    endloop
  endfacet
  facet normal -0.923888 0.382663 0
    outer loop
      vertex 89.175 56.38 99
      vertex 88.3564 54.4036 1.5
      vertex 88.3564 54.4036 99
    endloop
  endfacet
  facet normal 0.382663 0.923888 -0
    outer loop
      vertex 86.38 53.585 1.5
      vertex 84.4036 54.4036 99
      vertex 86.38 53.585 99
    endloop
  endfacet
  facet normal 0.382663 0.923888 0
    outer loop
      vertex 84.4036 54.4036 99
      vertex 86.38 53.585 1.5
      vertex 84.4036 54.4036 1.5
    endloop
  endfacet
  facet normal -0.923888 -0.382663 0
    outer loop
      vertex 89.175 47.38 1.5
      vertex 88.3564 49.3564 99
      vertex 88.3564 49.3564 1.5
    endloop
  endfacet
  facet normal -0.923888 -0.382663 0
    outer loop
      vertex 88.3564 49.3564 99
      vertex 89.175 47.38 1.5
      vertex 89.175 47.38 99
    endloop
  endfacet
  facet normal 0.923888 -0.382663 0
    outer loop
      vertex 83.585 47.38 99
      vertex 84.4036 49.3564 1.5
      vertex 84.4036 49.3564 99
    endloop
  endfacet
  facet normal 0.923888 -0.382663 0
    outer loop
      vertex 84.4036 49.3564 1.5
      vertex 83.585 47.38 99
      vertex 83.585 47.38 1.5
    endloop
  endfacet
  facet normal -0.382663 0.923888 0
    outer loop
      vertex 88.3564 45.4036 1.5
      vertex 86.38 44.585 99
      vertex 88.3564 45.4036 99
    endloop
  endfacet
  facet normal -0.382663 0.923888 0
    outer loop
      vertex 86.38 44.585 99
      vertex 88.3564 45.4036 1.5
      vertex 86.38 44.585 1.5
    endloop
  endfacet
  facet normal 0.382663 -0.923888 0
    outer loop
      vertex 84.4036 49.3564 1.5
      vertex 86.38 50.175 99
      vertex 84.4036 49.3564 99
    endloop
  endfacet
  facet normal 0.382663 -0.923888 0
    outer loop
      vertex 86.38 50.175 99
      vertex 84.4036 49.3564 1.5
      vertex 86.38 50.175 1.5
    endloop
  endfacet
  facet normal -0.382663 -0.923888 0
    outer loop
      vertex 86.38 50.175 1.5
      vertex 88.3564 49.3564 99
      vertex 86.38 50.175 99
    endloop
  endfacet
  facet normal -0.382663 -0.923888 -0
    outer loop
      vertex 88.3564 49.3564 99
      vertex 86.38 50.175 1.5
      vertex 88.3564 49.3564 1.5
    endloop
  endfacet
  facet normal -0.923888 0.382663 0
    outer loop
      vertex 88.3564 45.4036 1.5
      vertex 89.175 47.38 99
      vertex 89.175 47.38 1.5
    endloop
  endfacet
  facet normal -0.923888 0.382663 0
    outer loop
      vertex 89.175 47.38 99
      vertex 88.3564 45.4036 1.5
      vertex 88.3564 45.4036 99
    endloop
  endfacet
  facet normal 0 0 1
    outer loop
      vertex 88.3564 49.3564 1.5
      vertex 88.3564 45.4036 1.5
      vertex 89.175 47.38 1.5
    endloop
  endfacet
  facet normal 0 0 1
    outer loop
      vertex 86.38 50.175 1.5
      vertex 88.3564 45.4036 1.5
      vertex 88.3564 49.3564 1.5
    endloop
  endfacet
  facet normal 0 0 1
    outer loop
      vertex 86.38 50.175 1.5
      vertex 86.38 44.585 1.5
      vertex 88.3564 45.4036 1.5
    endloop
  endfacet
  facet normal -0 0 1
    outer loop
      vertex 84.4036 49.3564 1.5
      vertex 86.38 44.585 1.5
      vertex 86.38 50.175 1.5
    endloop
  endfacet
  facet normal 0 0 1
    outer loop
      vertex 84.4036 49.3564 1.5
      vertex 84.4036 45.4036 1.5
      vertex 86.38 44.585 1.5
    endloop
  endfacet
  facet normal 0 -0 1
    outer loop
      vertex 84.4036 45.4036 1.5
      vertex 84.4036 49.3564 1.5
      vertex 83.585 47.38 1.5
    endloop
  endfacet
  facet normal 0.382663 0.923888 -0
    outer loop
      vertex 86.38 44.585 1.5
      vertex 84.4036 45.4036 99
      vertex 86.38 44.585 99
    endloop
  endfacet
  facet normal 0.382663 0.923888 0
    outer loop
      vertex 84.4036 45.4036 99
      vertex 86.38 44.585 1.5
      vertex 84.4036 45.4036 1.5
    endloop
  endfacet
  facet normal 0.923888 0.382663 0
    outer loop
      vertex 84.4036 45.4036 99
      vertex 83.585 47.38 1.5
      vertex 83.585 47.38 99
    endloop
  endfacet
  facet normal 0.923888 0.382663 0
    outer loop
      vertex 83.585 47.38 1.5
      vertex 84.4036 45.4036 99
      vertex 84.4036 45.4036 1.5
    endloop
  endfacet
  facet normal -0.923888 -0.382663 0
    outer loop
      vertex 89.175 38.38 1.5
      vertex 88.3564 40.3564 99
      vertex 88.3564 40.3564 1.5
    endloop
  endfacet
  facet normal -0.923888 -0.382663 0
    outer loop
      vertex 88.3564 40.3564 99
      vertex 89.175 38.38 1.5
      vertex 89.175 38.38 99
    endloop
  endfacet
  facet normal 0.923888 -0.382663 0
    outer loop
      vertex 83.585 38.38 99
      vertex 84.4036 40.3564 1.5
      vertex 84.4036 40.3564 99
    endloop
  endfacet
  facet normal 0.923888 -0.382663 0
    outer loop
      vertex 84.4036 40.3564 1.5
      vertex 83.585 38.38 99
      vertex 83.585 38.38 1.5
    endloop
  endfacet
  facet normal -0.382663 0.923888 0
    outer loop
      vertex 88.3564 36.4036 1.5
      vertex 86.38 35.585 99
      vertex 88.3564 36.4036 99
    endloop
  endfacet
  facet normal -0.382663 0.923888 0
    outer loop
      vertex 86.38 35.585 99
      vertex 88.3564 36.4036 1.5
      vertex 86.38 35.585 1.5
    endloop
  endfacet
  facet normal 0.382663 -0.923888 0
    outer loop
      vertex 84.4036 40.3564 1.5
      vertex 86.38 41.175 99
      vertex 84.4036 40.3564 99
    endloop
  endfacet
  facet normal 0.382663 -0.923888 0
    outer loop
      vertex 86.38 41.175 99
      vertex 84.4036 40.3564 1.5
      vertex 86.38 41.175 1.5
    endloop
  endfacet
  facet normal -0.382663 -0.923888 0
    outer loop
      vertex 86.38 41.175 1.5
      vertex 88.3564 40.3564 99
      vertex 86.38 41.175 99
    endloop
  endfacet
  facet normal -0.382663 -0.923888 -0
    outer loop
      vertex 88.3564 40.3564 99
      vertex 86.38 41.175 1.5
      vertex 88.3564 40.3564 1.5
    endloop
  endfacet
  facet normal 0.923888 0.382663 0
    outer loop
      vertex 84.4036 36.4036 99
      vertex 83.585 38.38 1.5
      vertex 83.585 38.38 99
    endloop
  endfacet
  facet normal 0.923888 0.382663 0
    outer loop
      vertex 83.585 38.38 1.5
      vertex 84.4036 36.4036 99
      vertex 84.4036 36.4036 1.5
    endloop
  endfacet
  facet normal 0 0 1
    outer loop
      vertex 88.3564 40.3564 1.5
      vertex 88.3564 36.4036 1.5
      vertex 89.175 38.38 1.5
    endloop
  endfacet
  facet normal 0 0 1
    outer loop
      vertex 86.38 41.175 1.5
      vertex 88.3564 36.4036 1.5
      vertex 88.3564 40.3564 1.5
    endloop
  endfacet
  facet normal 0 0 1
    outer loop
      vertex 86.38 41.175 1.5
      vertex 86.38 35.585 1.5
      vertex 88.3564 36.4036 1.5
    endloop
  endfacet
  facet normal -0 0 1
    outer loop
      vertex 84.4036 40.3564 1.5
      vertex 86.38 35.585 1.5
      vertex 86.38 41.175 1.5
    endloop
  endfacet
  facet normal 0 0 1
    outer loop
      vertex 84.4036 40.3564 1.5
      vertex 84.4036 36.4036 1.5
      vertex 86.38 35.585 1.5
    endloop
  endfacet
  facet normal 0 -0 1
    outer loop
      vertex 84.4036 36.4036 1.5
      vertex 84.4036 40.3564 1.5
      vertex 83.585 38.38 1.5
    endloop
  endfacet
  facet normal -0.923888 0.382663 0
    outer loop
      vertex 88.3564 36.4036 1.5
      vertex 89.175 38.38 99
      vertex 89.175 38.38 1.5
    endloop
  endfacet
  facet normal -0.923888 0.382663 0
    outer loop
      vertex 89.175 38.38 99
      vertex 88.3564 36.4036 1.5
      vertex 88.3564 36.4036 99
    endloop
  endfacet
  facet normal 0.382663 0.923888 -0
    outer loop
      vertex 86.38 35.585 1.5
      vertex 84.4036 36.4036 99
      vertex 86.38 35.585 99
    endloop
  endfacet
  facet normal 0.382663 0.923888 0
    outer loop
      vertex 84.4036 36.4036 99
      vertex 86.38 35.585 1.5
      vertex 84.4036 36.4036 1.5
    endloop
  endfacet
  facet normal -0.923888 -0.382663 0
    outer loop
      vertex 89.175 29.38 1.5
      vertex 88.3564 31.3564 99
      vertex 88.3564 31.3564 1.5
    endloop
  endfacet
  facet normal -0.923888 -0.382663 0
    outer loop
      vertex 88.3564 31.3564 99
      vertex 89.175 29.38 1.5
      vertex 89.175 29.38 99
    endloop
  endfacet
  facet normal 0.923888 -0.382663 0
    outer loop
      vertex 83.585 29.38 99
      vertex 84.4036 31.3564 1.5
      vertex 84.4036 31.3564 99
    endloop
  endfacet
  facet normal 0.923888 -0.382663 0
    outer loop
      vertex 84.4036 31.3564 1.5
      vertex 83.585 29.38 99
      vertex 83.585 29.38 1.5
    endloop
  endfacet
  facet normal -0.382663 0.923888 0
    outer loop
      vertex 88.3564 27.4036 1.5
      vertex 86.38 26.585 99
      vertex 88.3564 27.4036 99
    endloop
  endfacet
  facet normal -0.382663 0.923888 0
    outer loop
      vertex 86.38 26.585 99
      vertex 88.3564 27.4036 1.5
      vertex 86.38 26.585 1.5
    endloop
  endfacet
  facet normal 0.382663 -0.923888 0
    outer loop
      vertex 84.4036 31.3564 1.5
      vertex 86.38 32.175 99
      vertex 84.4036 31.3564 99
    endloop
  endfacet
  facet normal 0.382663 -0.923888 0
    outer loop
      vertex 86.38 32.175 99
      vertex 84.4036 31.3564 1.5
      vertex 86.38 32.175 1.5
    endloop
  endfacet
  facet normal -0.382663 -0.923888 0
    outer loop
      vertex 86.38 32.175 1.5
      vertex 88.3564 31.3564 99
      vertex 86.38 32.175 99
    endloop
  endfacet
  facet normal -0.382663 -0.923888 -0
    outer loop
      vertex 88.3564 31.3564 99
      vertex 86.38 32.175 1.5
      vertex 88.3564 31.3564 1.5
    endloop
  endfacet
  facet normal 0 0 1
    outer loop
      vertex 88.3564 31.3564 1.5
      vertex 88.3564 27.4036 1.5
      vertex 89.175 29.38 1.5
    endloop
  endfacet
  facet normal 0 0 1
    outer loop
      vertex 86.38 32.175 1.5
      vertex 88.3564 27.4036 1.5
      vertex 88.3564 31.3564 1.5
    endloop
  endfacet
  facet normal 0 0 1
    outer loop
      vertex 86.38 32.175 1.5
      vertex 86.38 26.585 1.5
      vertex 88.3564 27.4036 1.5
    endloop
  endfacet
  facet normal -0 0 1
    outer loop
      vertex 84.4036 31.3564 1.5
      vertex 86.38 26.585 1.5
      vertex 86.38 32.175 1.5
    endloop
  endfacet
  facet normal 0 0 1
    outer loop
      vertex 84.4036 31.3564 1.5
      vertex 84.4036 27.4036 1.5
      vertex 86.38 26.585 1.5
    endloop
  endfacet
  facet normal 0 -0 1
    outer loop
      vertex 84.4036 27.4036 1.5
      vertex 84.4036 31.3564 1.5
      vertex 83.585 29.38 1.5
    endloop
  endfacet
  facet normal -0.923888 0.382663 0
    outer loop
      vertex 88.3564 27.4036 1.5
      vertex 89.175 29.38 99
      vertex 89.175 29.38 1.5
    endloop
  endfacet
  facet normal -0.923888 0.382663 0
    outer loop
      vertex 89.175 29.38 99
      vertex 88.3564 27.4036 1.5
      vertex 88.3564 27.4036 99
    endloop
  endfacet
  facet normal 0.382663 0.923888 -0
    outer loop
      vertex 86.38 26.585 1.5
      vertex 84.4036 27.4036 99
      vertex 86.38 26.585 99
    endloop
  endfacet
  facet normal 0.382663 0.923888 0
    outer loop
      vertex 84.4036 27.4036 99
      vertex 86.38 26.585 1.5
      vertex 84.4036 27.4036 1.5
    endloop
  endfacet
  facet normal 0.923888 0.382663 0
    outer loop
      vertex 84.4036 27.4036 99
      vertex 83.585 29.38 1.5
      vertex 83.585 29.38 99
    endloop
  endfacet
  facet normal 0.923888 0.382663 0
    outer loop
      vertex 83.585 29.38 1.5
      vertex 84.4036 27.4036 99
      vertex 84.4036 27.4036 1.5
    endloop
  endfacet
  facet normal -0.923888 -0.382663 0
    outer loop
      vertex 89.175 20.38 1.5
      vertex 88.3564 22.3564 99
      vertex 88.3564 22.3564 1.5
    endloop
  endfacet
  facet normal -0.923888 -0.382663 0
    outer loop
      vertex 88.3564 22.3564 99
      vertex 89.175 20.38 1.5
      vertex 89.175 20.38 99
    endloop
  endfacet
  facet normal 0.923888 -0.382663 0
    outer loop
      vertex 83.585 20.38 99
      vertex 84.4036 22.3564 1.5
      vertex 84.4036 22.3564 99
    endloop
  endfacet
  facet normal 0.923888 -0.382663 0
    outer loop
      vertex 84.4036 22.3564 1.5
      vertex 83.585 20.38 99
      vertex 83.585 20.38 1.5
    endloop
  endfacet
  facet normal -0.382663 0.923888 0
    outer loop
      vertex 88.3564 18.4036 1.5
      vertex 86.38 17.585 99
      vertex 88.3564 18.4036 99
    endloop
  endfacet
  facet normal -0.382663 0.923888 0
    outer loop
      vertex 86.38 17.585 99
      vertex 88.3564 18.4036 1.5
      vertex 86.38 17.585 1.5
    endloop
  endfacet
  facet normal 0.382663 -0.923888 0
    outer loop
      vertex 84.4036 22.3564 1.5
      vertex 86.38 23.175 99
      vertex 84.4036 22.3564 99
    endloop
  endfacet
  facet normal 0.382663 -0.923888 0
    outer loop
      vertex 86.38 23.175 99
      vertex 84.4036 22.3564 1.5
      vertex 86.38 23.175 1.5
    endloop
  endfacet
  facet normal -0.382663 -0.923888 0
    outer loop
      vertex 86.38 23.175 1.5
      vertex 88.3564 22.3564 99
      vertex 86.38 23.175 99
    endloop
  endfacet
  facet normal -0.382663 -0.923888 -0
    outer loop
      vertex 88.3564 22.3564 99
      vertex 86.38 23.175 1.5
      vertex 88.3564 22.3564 1.5
    endloop
  endfacet
  facet normal -0.923888 0.382663 0
    outer loop
      vertex 88.3564 18.4036 1.5
      vertex 89.175 20.38 99
      vertex 89.175 20.38 1.5
    endloop
  endfacet
  facet normal -0.923888 0.382663 0
    outer loop
      vertex 89.175 20.38 99
      vertex 88.3564 18.4036 1.5
      vertex 88.3564 18.4036 99
    endloop
  endfacet
  facet normal 0 0 1
    outer loop
      vertex 88.3564 22.3564 1.5
      vertex 88.3564 18.4036 1.5
      vertex 89.175 20.38 1.5
    endloop
  endfacet
  facet normal 0 0 1
    outer loop
      vertex 86.38 23.175 1.5
      vertex 88.3564 18.4036 1.5
      vertex 88.3564 22.3564 1.5
    endloop
  endfacet
  facet normal 0 0 1
    outer loop
      vertex 86.38 23.175 1.5
      vertex 86.38 17.585 1.5
      vertex 88.3564 18.4036 1.5
    endloop
  endfacet
  facet normal -0 0 1
    outer loop
      vertex 84.4036 22.3564 1.5
      vertex 86.38 17.585 1.5
      vertex 86.38 23.175 1.5
    endloop
  endfacet
  facet normal 0 0 1
    outer loop
      vertex 84.4036 22.3564 1.5
      vertex 84.4036 18.4036 1.5
      vertex 86.38 17.585 1.5
    endloop
  endfacet
  facet normal 0 -0 1
    outer loop
      vertex 84.4036 18.4036 1.5
      vertex 84.4036 22.3564 1.5
      vertex 83.585 20.38 1.5
    endloop
  endfacet
  facet normal 0.382663 0.923888 -0
    outer loop
      vertex 86.38 17.585 1.5
      vertex 84.4036 18.4036 99
      vertex 86.38 17.585 99
    endloop
  endfacet
  facet normal 0.382663 0.923888 0
    outer loop
      vertex 84.4036 18.4036 99
      vertex 86.38 17.585 1.5
      vertex 84.4036 18.4036 1.5
    endloop
  endfacet
  facet normal 0.923888 0.382663 0
    outer loop
      vertex 84.4036 18.4036 99
      vertex 83.585 20.38 1.5
      vertex 83.585 20.38 99
    endloop
  endfacet
  facet normal 0.923888 0.382663 0
    outer loop
      vertex 83.585 20.38 1.5
      vertex 84.4036 18.4036 99
      vertex 84.4036 18.4036 1.5
    endloop
  endfacet
  facet normal -0.923888 -0.382663 0
    outer loop
      vertex 89.175 11.38 1.5
      vertex 88.3564 13.3564 99
      vertex 88.3564 13.3564 1.5
    endloop
  endfacet
  facet normal -0.923888 -0.382663 0
    outer loop
      vertex 88.3564 13.3564 99
      vertex 89.175 11.38 1.5
      vertex 89.175 11.38 99
    endloop
  endfacet
  facet normal 0.923888 -0.382663 0
    outer loop
      vertex 83.585 11.38 99
      vertex 84.4036 13.3564 1.5
      vertex 84.4036 13.3564 99
    endloop
  endfacet
  facet normal 0.923888 -0.382663 0
    outer loop
      vertex 84.4036 13.3564 1.5
      vertex 83.585 11.38 99
      vertex 83.585 11.38 1.5
    endloop
  endfacet
  facet normal -0.382679 0.923881 0
    outer loop
      vertex 88.3564 9.40364 1.5
      vertex 86.38 8.585 99
      vertex 88.3564 9.40364 99
    endloop
  endfacet
  facet normal -0.382679 0.923881 0
    outer loop
      vertex 86.38 8.585 99
      vertex 88.3564 9.40364 1.5
      vertex 86.38 8.585 1.5
    endloop
  endfacet
  facet normal 0.382663 -0.923888 0
    outer loop
      vertex 84.4036 13.3564 1.5
      vertex 86.38 14.175 99
      vertex 84.4036 13.3564 99
    endloop
  endfacet
  facet normal 0.382663 -0.923888 0
    outer loop
      vertex 86.38 14.175 99
      vertex 84.4036 13.3564 1.5
      vertex 86.38 14.175 1.5
    endloop
  endfacet
  facet normal -0.382663 -0.923888 0
    outer loop
      vertex 86.38 14.175 1.5
      vertex 88.3564 13.3564 99
      vertex 86.38 14.175 99
    endloop
  endfacet
  facet normal -0.382663 -0.923888 -0
    outer loop
      vertex 88.3564 13.3564 99
      vertex 86.38 14.175 1.5
      vertex 88.3564 13.3564 1.5
    endloop
  endfacet
  facet normal 0.923885 0.382669 0
    outer loop
      vertex 84.4036 9.40364 99
      vertex 83.585 11.38 1.5
      vertex 83.585 11.38 99
    endloop
  endfacet
  facet normal 0.923885 0.382669 0
    outer loop
      vertex 83.585 11.38 1.5
      vertex 84.4036 9.40364 99
      vertex 84.4036 9.40364 1.5
    endloop
  endfacet
  facet normal 0 0 1
    outer loop
      vertex 88.3564 13.3564 1.5
      vertex 88.3564 9.40364 1.5
      vertex 89.175 11.38 1.5
    endloop
  endfacet
  facet normal 0 0 1
    outer loop
      vertex 86.38 14.175 1.5
      vertex 88.3564 9.40364 1.5
      vertex 88.3564 13.3564 1.5
    endloop
  endfacet
  facet normal 0 0 1
    outer loop
      vertex 86.38 14.175 1.5
      vertex 86.38 8.585 1.5
      vertex 88.3564 9.40364 1.5
    endloop
  endfacet
  facet normal -0 0 1
    outer loop
      vertex 84.4036 13.3564 1.5
      vertex 86.38 8.585 1.5
      vertex 86.38 14.175 1.5
    endloop
  endfacet
  facet normal 0 0 1
    outer loop
      vertex 84.4036 13.3564 1.5
      vertex 84.4036 9.40364 1.5
      vertex 86.38 8.585 1.5
    endloop
  endfacet
  facet normal 0 -0 1
    outer loop
      vertex 84.4036 9.40364 1.5
      vertex 84.4036 13.3564 1.5
      vertex 83.585 11.38 1.5
    endloop
  endfacet
  facet normal -0.923885 0.382669 0
    outer loop
      vertex 88.3564 9.40364 1.5
      vertex 89.175 11.38 99
      vertex 89.175 11.38 1.5
    endloop
  endfacet
  facet normal -0.923885 0.382669 0
    outer loop
      vertex 89.175 11.38 99
      vertex 88.3564 9.40364 1.5
      vertex 88.3564 9.40364 99
    endloop
  endfacet
  facet normal 0.382679 0.923881 -0
    outer loop
      vertex 86.38 8.585 1.5
      vertex 84.4036 9.40364 99
      vertex 86.38 8.585 99
    endloop
  endfacet
  facet normal 0.382679 0.923881 0
    outer loop
      vertex 84.4036 9.40364 99
      vertex 86.38 8.585 1.5
      vertex 84.4036 9.40364 1.5
    endloop
  endfacet
  facet normal -0.923888 -0.382663 0
    outer loop
      vertex 98.175 74.38 1.5
      vertex 97.3564 76.3564 99
      vertex 97.3564 76.3564 1.5
    endloop
  endfacet
  facet normal -0.923888 -0.382663 0
    outer loop
      vertex 97.3564 76.3564 99
      vertex 98.175 74.38 1.5
      vertex 98.175 74.38 99
    endloop
  endfacet
  facet normal 0.923888 -0.382663 0
    outer loop
      vertex 92.585 74.38 99
      vertex 93.4036 76.3564 1.5
      vertex 93.4036 76.3564 99
    endloop
  endfacet
  facet normal 0.923888 -0.382663 0
    outer loop
      vertex 93.4036 76.3564 1.5
      vertex 92.585 74.38 99
      vertex 92.585 74.38 1.5
    endloop
  endfacet
  facet normal -0.382663 0.923888 0
    outer loop
      vertex 97.3564 72.4036 1.5
      vertex 95.38 71.585 99
      vertex 97.3564 72.4036 99
    endloop
  endfacet
  facet normal -0.382663 0.923888 0
    outer loop
      vertex 95.38 71.585 99
      vertex 97.3564 72.4036 1.5
      vertex 95.38 71.585 1.5
    endloop
  endfacet
  facet normal 0.382663 -0.923888 0
    outer loop
      vertex 93.4036 76.3564 1.5
      vertex 95.38 77.175 99
      vertex 93.4036 76.3564 99
    endloop
  endfacet
  facet normal 0.382663 -0.923888 0
    outer loop
      vertex 95.38 77.175 99
      vertex 93.4036 76.3564 1.5
      vertex 95.38 77.175 1.5
    endloop
  endfacet
  facet normal -0.382663 -0.923888 0
    outer loop
      vertex 95.38 77.175 1.5
      vertex 97.3564 76.3564 99
      vertex 95.38 77.175 99
    endloop
  endfacet
  facet normal -0.382663 -0.923888 -0
    outer loop
      vertex 97.3564 76.3564 99
      vertex 95.38 77.175 1.5
      vertex 97.3564 76.3564 1.5
    endloop
  endfacet
  facet normal 0.923888 0.382663 0
    outer loop
      vertex 93.4036 72.4036 99
      vertex 92.585 74.38 1.5
      vertex 92.585 74.38 99
    endloop
  endfacet
  facet normal 0.923888 0.382663 0
    outer loop
      vertex 92.585 74.38 1.5
      vertex 93.4036 72.4036 99
      vertex 93.4036 72.4036 1.5
    endloop
  endfacet
  facet normal 0 0 1
    outer loop
      vertex 97.3564 76.3564 1.5
      vertex 97.3564 72.4036 1.5
      vertex 98.175 74.38 1.5
    endloop
  endfacet
  facet normal 0 0 1
    outer loop
      vertex 95.38 77.175 1.5
      vertex 97.3564 72.4036 1.5
      vertex 97.3564 76.3564 1.5
    endloop
  endfacet
  facet normal 0 0 1
    outer loop
      vertex 95.38 77.175 1.5
      vertex 95.38 71.585 1.5
      vertex 97.3564 72.4036 1.5
    endloop
  endfacet
  facet normal -0 0 1
    outer loop
      vertex 93.4036 76.3564 1.5
      vertex 95.38 71.585 1.5
      vertex 95.38 77.175 1.5
    endloop
  endfacet
  facet normal 0 0 1
    outer loop
      vertex 93.4036 76.3564 1.5
      vertex 93.4036 72.4036 1.5
      vertex 95.38 71.585 1.5
    endloop
  endfacet
  facet normal 0 -0 1
    outer loop
      vertex 93.4036 72.4036 1.5
      vertex 93.4036 76.3564 1.5
      vertex 92.585 74.38 1.5
    endloop
  endfacet
  facet normal -0.923888 0.382663 0
    outer loop
      vertex 97.3564 72.4036 1.5
      vertex 98.175 74.38 99
      vertex 98.175 74.38 1.5
    endloop
  endfacet
  facet normal -0.923888 0.382663 0
    outer loop
      vertex 98.175 74.38 99
      vertex 97.3564 72.4036 1.5
      vertex 97.3564 72.4036 99
    endloop
  endfacet
  facet normal 0.382663 0.923888 -0
    outer loop
      vertex 95.38 71.585 1.5
      vertex 93.4036 72.4036 99
      vertex 95.38 71.585 99
    endloop
  endfacet
  facet normal 0.382663 0.923888 0
    outer loop
      vertex 93.4036 72.4036 99
      vertex 95.38 71.585 1.5
      vertex 93.4036 72.4036 1.5
    endloop
  endfacet
  facet normal -0.923888 -0.382663 0
    outer loop
      vertex 98.175 65.38 1.5
      vertex 97.3564 67.3564 99
      vertex 97.3564 67.3564 1.5
    endloop
  endfacet
  facet normal -0.923888 -0.382663 0
    outer loop
      vertex 97.3564 67.3564 99
      vertex 98.175 65.38 1.5
      vertex 98.175 65.38 99
    endloop
  endfacet
  facet normal 0.923888 -0.382663 0
    outer loop
      vertex 92.585 65.38 99
      vertex 93.4036 67.3564 1.5
      vertex 93.4036 67.3564 99
    endloop
  endfacet
  facet normal 0.923888 -0.382663 0
    outer loop
      vertex 93.4036 67.3564 1.5
      vertex 92.585 65.38 99
      vertex 92.585 65.38 1.5
    endloop
  endfacet
  facet normal -0.382663 0.923888 0
    outer loop
      vertex 97.3564 63.4036 1.5
      vertex 95.38 62.585 99
      vertex 97.3564 63.4036 99
    endloop
  endfacet
  facet normal -0.382663 0.923888 0
    outer loop
      vertex 95.38 62.585 99
      vertex 97.3564 63.4036 1.5
      vertex 95.38 62.585 1.5
    endloop
  endfacet
  facet normal 0.382663 -0.923888 0
    outer loop
      vertex 93.4036 67.3564 1.5
      vertex 95.38 68.175 99
      vertex 93.4036 67.3564 99
    endloop
  endfacet
  facet normal 0.382663 -0.923888 0
    outer loop
      vertex 95.38 68.175 99
      vertex 93.4036 67.3564 1.5
      vertex 95.38 68.175 1.5
    endloop
  endfacet
  facet normal -0.382663 -0.923888 0
    outer loop
      vertex 95.38 68.175 1.5
      vertex 97.3564 67.3564 99
      vertex 95.38 68.175 99
    endloop
  endfacet
  facet normal -0.382663 -0.923888 -0
    outer loop
      vertex 97.3564 67.3564 99
      vertex 95.38 68.175 1.5
      vertex 97.3564 67.3564 1.5
    endloop
  endfacet
  facet normal -0.923888 0.382663 0
    outer loop
      vertex 97.3564 63.4036 1.5
      vertex 98.175 65.38 99
      vertex 98.175 65.38 1.5
    endloop
  endfacet
  facet normal -0.923888 0.382663 0
    outer loop
      vertex 98.175 65.38 99
      vertex 97.3564 63.4036 1.5
      vertex 97.3564 63.4036 99
    endloop
  endfacet
  facet normal 0.923888 0.382663 0
    outer loop
      vertex 93.4036 63.4036 99
      vertex 92.585 65.38 1.5
      vertex 92.585 65.38 99
    endloop
  endfacet
  facet normal 0.923888 0.382663 0
    outer loop
      vertex 92.585 65.38 1.5
      vertex 93.4036 63.4036 99
      vertex 93.4036 63.4036 1.5
    endloop
  endfacet
  facet normal 0 0 1
    outer loop
      vertex 97.3564 67.3564 1.5
      vertex 97.3564 63.4036 1.5
      vertex 98.175 65.38 1.5
    endloop
  endfacet
  facet normal 0 0 1
    outer loop
      vertex 95.38 68.175 1.5
      vertex 97.3564 63.4036 1.5
      vertex 97.3564 67.3564 1.5
    endloop
  endfacet
  facet normal 0 0 1
    outer loop
      vertex 95.38 68.175 1.5
      vertex 95.38 62.585 1.5
      vertex 97.3564 63.4036 1.5
    endloop
  endfacet
  facet normal -0 0 1
    outer loop
      vertex 93.4036 67.3564 1.5
      vertex 95.38 62.585 1.5
      vertex 95.38 68.175 1.5
    endloop
  endfacet
  facet normal 0 0 1
    outer loop
      vertex 93.4036 67.3564 1.5
      vertex 93.4036 63.4036 1.5
      vertex 95.38 62.585 1.5
    endloop
  endfacet
  facet normal 0 -0 1
    outer loop
      vertex 93.4036 63.4036 1.5
      vertex 93.4036 67.3564 1.5
      vertex 92.585 65.38 1.5
    endloop
  endfacet
  facet normal 0.382663 0.923888 -0
    outer loop
      vertex 95.38 62.585 1.5
      vertex 93.4036 63.4036 99
      vertex 95.38 62.585 99
    endloop
  endfacet
  facet normal 0.382663 0.923888 0
    outer loop
      vertex 93.4036 63.4036 99
      vertex 95.38 62.585 1.5
      vertex 93.4036 63.4036 1.5
    endloop
  endfacet
  facet normal -0.923888 -0.382663 0
    outer loop
      vertex 98.175 56.38 1.5
      vertex 97.3564 58.3564 99
      vertex 97.3564 58.3564 1.5
    endloop
  endfacet
  facet normal -0.923888 -0.382663 0
    outer loop
      vertex 97.3564 58.3564 99
      vertex 98.175 56.38 1.5
      vertex 98.175 56.38 99
    endloop
  endfacet
  facet normal 0.923888 -0.382663 0
    outer loop
      vertex 92.585 56.38 99
      vertex 93.4036 58.3564 1.5
      vertex 93.4036 58.3564 99
    endloop
  endfacet
  facet normal 0.923888 -0.382663 0
    outer loop
      vertex 93.4036 58.3564 1.5
      vertex 92.585 56.38 99
      vertex 92.585 56.38 1.5
    endloop
  endfacet
  facet normal -0.382663 0.923888 0
    outer loop
      vertex 97.3564 54.4036 1.5
      vertex 95.38 53.585 99
      vertex 97.3564 54.4036 99
    endloop
  endfacet
  facet normal -0.382663 0.923888 0
    outer loop
      vertex 95.38 53.585 99
      vertex 97.3564 54.4036 1.5
      vertex 95.38 53.585 1.5
    endloop
  endfacet
  facet normal 0.382663 -0.923888 0
    outer loop
      vertex 93.4036 58.3564 1.5
      vertex 95.38 59.175 99
      vertex 93.4036 58.3564 99
    endloop
  endfacet
  facet normal 0.382663 -0.923888 0
    outer loop
      vertex 95.38 59.175 99
      vertex 93.4036 58.3564 1.5
      vertex 95.38 59.175 1.5
    endloop
  endfacet
  facet normal -0.382663 -0.923888 0
    outer loop
      vertex 95.38 59.175 1.5
      vertex 97.3564 58.3564 99
      vertex 95.38 59.175 99
    endloop
  endfacet
  facet normal -0.382663 -0.923888 -0
    outer loop
      vertex 97.3564 58.3564 99
      vertex 95.38 59.175 1.5
      vertex 97.3564 58.3564 1.5
    endloop
  endfacet
  facet normal 0 0 1
    outer loop
      vertex 97.3564 58.3564 1.5
      vertex 97.3564 54.4036 1.5
      vertex 98.175 56.38 1.5
    endloop
  endfacet
  facet normal 0 0 1
    outer loop
      vertex 95.38 59.175 1.5
      vertex 97.3564 54.4036 1.5
      vertex 97.3564 58.3564 1.5
    endloop
  endfacet
  facet normal 0 0 1
    outer loop
      vertex 95.38 59.175 1.5
      vertex 95.38 53.585 1.5
      vertex 97.3564 54.4036 1.5
    endloop
  endfacet
  facet normal -0 0 1
    outer loop
      vertex 93.4036 58.3564 1.5
      vertex 95.38 53.585 1.5
      vertex 95.38 59.175 1.5
    endloop
  endfacet
  facet normal 0 0 1
    outer loop
      vertex 93.4036 58.3564 1.5
      vertex 93.4036 54.4036 1.5
      vertex 95.38 53.585 1.5
    endloop
  endfacet
  facet normal 0 -0 1
    outer loop
      vertex 93.4036 54.4036 1.5
      vertex 93.4036 58.3564 1.5
      vertex 92.585 56.38 1.5
    endloop
  endfacet
  facet normal -0.923888 0.382663 0
    outer loop
      vertex 97.3564 54.4036 1.5
      vertex 98.175 56.38 99
      vertex 98.175 56.38 1.5
    endloop
  endfacet
  facet normal -0.923888 0.382663 0
    outer loop
      vertex 98.175 56.38 99
      vertex 97.3564 54.4036 1.5
      vertex 97.3564 54.4036 99
    endloop
  endfacet
  facet normal 0.382663 0.923888 -0
    outer loop
      vertex 95.38 53.585 1.5
      vertex 93.4036 54.4036 99
      vertex 95.38 53.585 99
    endloop
  endfacet
  facet normal 0.382663 0.923888 0
    outer loop
      vertex 93.4036 54.4036 99
      vertex 95.38 53.585 1.5
      vertex 93.4036 54.4036 1.5
    endloop
  endfacet
  facet normal 0.923888 0.382663 0
    outer loop
      vertex 93.4036 54.4036 99
      vertex 92.585 56.38 1.5
      vertex 92.585 56.38 99
    endloop
  endfacet
  facet normal 0.923888 0.382663 0
    outer loop
      vertex 92.585 56.38 1.5
      vertex 93.4036 54.4036 99
      vertex 93.4036 54.4036 1.5
    endloop
  endfacet
  facet normal -0.923888 -0.382663 0
    outer loop
      vertex 98.175 47.38 1.5
      vertex 97.3564 49.3564 99
      vertex 97.3564 49.3564 1.5
    endloop
  endfacet
  facet normal -0.923888 -0.382663 0
    outer loop
      vertex 97.3564 49.3564 99
      vertex 98.175 47.38 1.5
      vertex 98.175 47.38 99
    endloop
  endfacet
  facet normal 0.923888 -0.382663 0
    outer loop
      vertex 92.585 47.38 99
      vertex 93.4036 49.3564 1.5
      vertex 93.4036 49.3564 99
    endloop
  endfacet
  facet normal 0.923888 -0.382663 0
    outer loop
      vertex 93.4036 49.3564 1.5
      vertex 92.585 47.38 99
      vertex 92.585 47.38 1.5
    endloop
  endfacet
  facet normal -0.382663 0.923888 0
    outer loop
      vertex 97.3564 45.4036 1.5
      vertex 95.38 44.585 99
      vertex 97.3564 45.4036 99
    endloop
  endfacet
  facet normal -0.382663 0.923888 0
    outer loop
      vertex 95.38 44.585 99
      vertex 97.3564 45.4036 1.5
      vertex 95.38 44.585 1.5
    endloop
  endfacet
  facet normal 0.382663 -0.923888 0
    outer loop
      vertex 93.4036 49.3564 1.5
      vertex 95.38 50.175 99
      vertex 93.4036 49.3564 99
    endloop
  endfacet
  facet normal 0.382663 -0.923888 0
    outer loop
      vertex 95.38 50.175 99
      vertex 93.4036 49.3564 1.5
      vertex 95.38 50.175 1.5
    endloop
  endfacet
  facet normal -0.382663 -0.923888 0
    outer loop
      vertex 95.38 50.175 1.5
      vertex 97.3564 49.3564 99
      vertex 95.38 50.175 99
    endloop
  endfacet
  facet normal -0.382663 -0.923888 -0
    outer loop
      vertex 97.3564 49.3564 99
      vertex 95.38 50.175 1.5
      vertex 97.3564 49.3564 1.5
    endloop
  endfacet
  facet normal -0.923888 0.382663 0
    outer loop
      vertex 97.3564 45.4036 1.5
      vertex 98.175 47.38 99
      vertex 98.175 47.38 1.5
    endloop
  endfacet
  facet normal -0.923888 0.382663 0
    outer loop
      vertex 98.175 47.38 99
      vertex 97.3564 45.4036 1.5
      vertex 97.3564 45.4036 99
    endloop
  endfacet
  facet normal 0 0 1
    outer loop
      vertex 97.3564 49.3564 1.5
      vertex 97.3564 45.4036 1.5
      vertex 98.175 47.38 1.5
    endloop
  endfacet
  facet normal 0 0 1
    outer loop
      vertex 95.38 50.175 1.5
      vertex 97.3564 45.4036 1.5
      vertex 97.3564 49.3564 1.5
    endloop
  endfacet
  facet normal 0 0 1
    outer loop
      vertex 95.38 50.175 1.5
      vertex 95.38 44.585 1.5
      vertex 97.3564 45.4036 1.5
    endloop
  endfacet
  facet normal -0 0 1
    outer loop
      vertex 93.4036 49.3564 1.5
      vertex 95.38 44.585 1.5
      vertex 95.38 50.175 1.5
    endloop
  endfacet
  facet normal 0 0 1
    outer loop
      vertex 93.4036 49.3564 1.5
      vertex 93.4036 45.4036 1.5
      vertex 95.38 44.585 1.5
    endloop
  endfacet
  facet normal 0 -0 1
    outer loop
      vertex 93.4036 45.4036 1.5
      vertex 93.4036 49.3564 1.5
      vertex 92.585 47.38 1.5
    endloop
  endfacet
  facet normal 0.382663 0.923888 -0
    outer loop
      vertex 95.38 44.585 1.5
      vertex 93.4036 45.4036 99
      vertex 95.38 44.585 99
    endloop
  endfacet
  facet normal 0.382663 0.923888 0
    outer loop
      vertex 93.4036 45.4036 99
      vertex 95.38 44.585 1.5
      vertex 93.4036 45.4036 1.5
    endloop
  endfacet
  facet normal 0.923888 0.382663 0
    outer loop
      vertex 93.4036 45.4036 99
      vertex 92.585 47.38 1.5
      vertex 92.585 47.38 99
    endloop
  endfacet
  facet normal 0.923888 0.382663 0
    outer loop
      vertex 92.585 47.38 1.5
      vertex 93.4036 45.4036 99
      vertex 93.4036 45.4036 1.5
    endloop
  endfacet
  facet normal -0.923888 -0.382663 0
    outer loop
      vertex 98.175 38.38 1.5
      vertex 97.3564 40.3564 99
      vertex 97.3564 40.3564 1.5
    endloop
  endfacet
  facet normal -0.923888 -0.382663 0
    outer loop
      vertex 97.3564 40.3564 99
      vertex 98.175 38.38 1.5
      vertex 98.175 38.38 99
    endloop
  endfacet
  facet normal 0.923888 -0.382663 0
    outer loop
      vertex 92.585 38.38 99
      vertex 93.4036 40.3564 1.5
      vertex 93.4036 40.3564 99
    endloop
  endfacet
  facet normal 0.923888 -0.382663 0
    outer loop
      vertex 93.4036 40.3564 1.5
      vertex 92.585 38.38 99
      vertex 92.585 38.38 1.5
    endloop
  endfacet
  facet normal -0.382663 0.923888 0
    outer loop
      vertex 97.3564 36.4036 1.5
      vertex 95.38 35.585 99
      vertex 97.3564 36.4036 99
    endloop
  endfacet
  facet normal -0.382663 0.923888 0
    outer loop
      vertex 95.38 35.585 99
      vertex 97.3564 36.4036 1.5
      vertex 95.38 35.585 1.5
    endloop
  endfacet
  facet normal 0.382663 -0.923888 0
    outer loop
      vertex 93.4036 40.3564 1.5
      vertex 95.38 41.175 99
      vertex 93.4036 40.3564 99
    endloop
  endfacet
  facet normal 0.382663 -0.923888 0
    outer loop
      vertex 95.38 41.175 99
      vertex 93.4036 40.3564 1.5
      vertex 95.38 41.175 1.5
    endloop
  endfacet
  facet normal -0.382663 -0.923888 0
    outer loop
      vertex 95.38 41.175 1.5
      vertex 97.3564 40.3564 99
      vertex 95.38 41.175 99
    endloop
  endfacet
  facet normal -0.382663 -0.923888 -0
    outer loop
      vertex 97.3564 40.3564 99
      vertex 95.38 41.175 1.5
      vertex 97.3564 40.3564 1.5
    endloop
  endfacet
  facet normal -0.923888 0.382663 0
    outer loop
      vertex 97.3564 36.4036 1.5
      vertex 98.175 38.38 99
      vertex 98.175 38.38 1.5
    endloop
  endfacet
  facet normal -0.923888 0.382663 0
    outer loop
      vertex 98.175 38.38 99
      vertex 97.3564 36.4036 1.5
      vertex 97.3564 36.4036 99
    endloop
  endfacet
  facet normal 0 0 1
    outer loop
      vertex 97.3564 40.3564 1.5
      vertex 97.3564 36.4036 1.5
      vertex 98.175 38.38 1.5
    endloop
  endfacet
  facet normal 0 0 1
    outer loop
      vertex 95.38 41.175 1.5
      vertex 97.3564 36.4036 1.5
      vertex 97.3564 40.3564 1.5
    endloop
  endfacet
  facet normal 0 0 1
    outer loop
      vertex 95.38 41.175 1.5
      vertex 95.38 35.585 1.5
      vertex 97.3564 36.4036 1.5
    endloop
  endfacet
  facet normal -0 0 1
    outer loop
      vertex 93.4036 40.3564 1.5
      vertex 95.38 35.585 1.5
      vertex 95.38 41.175 1.5
    endloop
  endfacet
  facet normal 0 0 1
    outer loop
      vertex 93.4036 40.3564 1.5
      vertex 93.4036 36.4036 1.5
      vertex 95.38 35.585 1.5
    endloop
  endfacet
  facet normal 0 -0 1
    outer loop
      vertex 93.4036 36.4036 1.5
      vertex 93.4036 40.3564 1.5
      vertex 92.585 38.38 1.5
    endloop
  endfacet
  facet normal 0.382663 0.923888 -0
    outer loop
      vertex 95.38 35.585 1.5
      vertex 93.4036 36.4036 99
      vertex 95.38 35.585 99
    endloop
  endfacet
  facet normal 0.382663 0.923888 0
    outer loop
      vertex 93.4036 36.4036 99
      vertex 95.38 35.585 1.5
      vertex 93.4036 36.4036 1.5
    endloop
  endfacet
  facet normal 0.923888 0.382663 0
    outer loop
      vertex 93.4036 36.4036 99
      vertex 92.585 38.38 1.5
      vertex 92.585 38.38 99
    endloop
  endfacet
  facet normal 0.923888 0.382663 0
    outer loop
      vertex 92.585 38.38 1.5
      vertex 93.4036 36.4036 99
      vertex 93.4036 36.4036 1.5
    endloop
  endfacet
  facet normal -0.923888 -0.382663 0
    outer loop
      vertex 98.175 29.38 1.5
      vertex 97.3564 31.3564 99
      vertex 97.3564 31.3564 1.5
    endloop
  endfacet
  facet normal -0.923888 -0.382663 0
    outer loop
      vertex 97.3564 31.3564 99
      vertex 98.175 29.38 1.5
      vertex 98.175 29.38 99
    endloop
  endfacet
  facet normal 0.923888 -0.382663 0
    outer loop
      vertex 92.585 29.38 99
      vertex 93.4036 31.3564 1.5
      vertex 93.4036 31.3564 99
    endloop
  endfacet
  facet normal 0.923888 -0.382663 0
    outer loop
      vertex 93.4036 31.3564 1.5
      vertex 92.585 29.38 99
      vertex 92.585 29.38 1.5
    endloop
  endfacet
  facet normal -0.382663 0.923888 0
    outer loop
      vertex 97.3564 27.4036 1.5
      vertex 95.38 26.585 99
      vertex 97.3564 27.4036 99
    endloop
  endfacet
  facet normal -0.382663 0.923888 0
    outer loop
      vertex 95.38 26.585 99
      vertex 97.3564 27.4036 1.5
      vertex 95.38 26.585 1.5
    endloop
  endfacet
  facet normal 0.382663 -0.923888 0
    outer loop
      vertex 93.4036 31.3564 1.5
      vertex 95.38 32.175 99
      vertex 93.4036 31.3564 99
    endloop
  endfacet
  facet normal 0.382663 -0.923888 0
    outer loop
      vertex 95.38 32.175 99
      vertex 93.4036 31.3564 1.5
      vertex 95.38 32.175 1.5
    endloop
  endfacet
  facet normal -0.382663 -0.923888 0
    outer loop
      vertex 95.38 32.175 1.5
      vertex 97.3564 31.3564 99
      vertex 95.38 32.175 99
    endloop
  endfacet
  facet normal -0.382663 -0.923888 -0
    outer loop
      vertex 97.3564 31.3564 99
      vertex 95.38 32.175 1.5
      vertex 97.3564 31.3564 1.5
    endloop
  endfacet
  facet normal 0 0 1
    outer loop
      vertex 97.3564 31.3564 1.5
      vertex 97.3564 27.4036 1.5
      vertex 98.175 29.38 1.5
    endloop
  endfacet
  facet normal 0 0 1
    outer loop
      vertex 95.38 32.175 1.5
      vertex 97.3564 27.4036 1.5
      vertex 97.3564 31.3564 1.5
    endloop
  endfacet
  facet normal 0 0 1
    outer loop
      vertex 95.38 32.175 1.5
      vertex 95.38 26.585 1.5
      vertex 97.3564 27.4036 1.5
    endloop
  endfacet
  facet normal -0 0 1
    outer loop
      vertex 93.4036 31.3564 1.5
      vertex 95.38 26.585 1.5
      vertex 95.38 32.175 1.5
    endloop
  endfacet
  facet normal 0 0 1
    outer loop
      vertex 93.4036 31.3564 1.5
      vertex 93.4036 27.4036 1.5
      vertex 95.38 26.585 1.5
    endloop
  endfacet
  facet normal 0 -0 1
    outer loop
      vertex 93.4036 27.4036 1.5
      vertex 93.4036 31.3564 1.5
      vertex 92.585 29.38 1.5
    endloop
  endfacet
  facet normal -0.923888 0.382663 0
    outer loop
      vertex 97.3564 27.4036 1.5
      vertex 98.175 29.38 99
      vertex 98.175 29.38 1.5
    endloop
  endfacet
  facet normal -0.923888 0.382663 0
    outer loop
      vertex 98.175 29.38 99
      vertex 97.3564 27.4036 1.5
      vertex 97.3564 27.4036 99
    endloop
  endfacet
  facet normal 0.382663 0.923888 -0
    outer loop
      vertex 95.38 26.585 1.5
      vertex 93.4036 27.4036 99
      vertex 95.38 26.585 99
    endloop
  endfacet
  facet normal 0.382663 0.923888 0
    outer loop
      vertex 93.4036 27.4036 99
      vertex 95.38 26.585 1.5
      vertex 93.4036 27.4036 1.5
    endloop
  endfacet
  facet normal 0.923888 0.382663 0
    outer loop
      vertex 93.4036 27.4036 99
      vertex 92.585 29.38 1.5
      vertex 92.585 29.38 99
    endloop
  endfacet
  facet normal 0.923888 0.382663 0
    outer loop
      vertex 92.585 29.38 1.5
      vertex 93.4036 27.4036 99
      vertex 93.4036 27.4036 1.5
    endloop
  endfacet
  facet normal -0.923888 -0.382663 0
    outer loop
      vertex 98.175 20.38 1.5
      vertex 97.3564 22.3564 99
      vertex 97.3564 22.3564 1.5
    endloop
  endfacet
  facet normal -0.923888 -0.382663 0
    outer loop
      vertex 97.3564 22.3564 99
      vertex 98.175 20.38 1.5
      vertex 98.175 20.38 99
    endloop
  endfacet
  facet normal 0.923888 -0.382663 0
    outer loop
      vertex 92.585 20.38 99
      vertex 93.4036 22.3564 1.5
      vertex 93.4036 22.3564 99
    endloop
  endfacet
  facet normal 0.923888 -0.382663 0
    outer loop
      vertex 93.4036 22.3564 1.5
      vertex 92.585 20.38 99
      vertex 92.585 20.38 1.5
    endloop
  endfacet
  facet normal -0.382663 0.923888 0
    outer loop
      vertex 97.3564 18.4036 1.5
      vertex 95.38 17.585 99
      vertex 97.3564 18.4036 99
    endloop
  endfacet
  facet normal -0.382663 0.923888 0
    outer loop
      vertex 95.38 17.585 99
      vertex 97.3564 18.4036 1.5
      vertex 95.38 17.585 1.5
    endloop
  endfacet
  facet normal 0.382663 -0.923888 0
    outer loop
      vertex 93.4036 22.3564 1.5
      vertex 95.38 23.175 99
      vertex 93.4036 22.3564 99
    endloop
  endfacet
  facet normal 0.382663 -0.923888 0
    outer loop
      vertex 95.38 23.175 99
      vertex 93.4036 22.3564 1.5
      vertex 95.38 23.175 1.5
    endloop
  endfacet
  facet normal -0.382663 -0.923888 0
    outer loop
      vertex 95.38 23.175 1.5
      vertex 97.3564 22.3564 99
      vertex 95.38 23.175 99
    endloop
  endfacet
  facet normal -0.382663 -0.923888 -0
    outer loop
      vertex 97.3564 22.3564 99
      vertex 95.38 23.175 1.5
      vertex 97.3564 22.3564 1.5
    endloop
  endfacet
  facet normal 0.923888 0.382663 0
    outer loop
      vertex 93.4036 18.4036 99
      vertex 92.585 20.38 1.5
      vertex 92.585 20.38 99
    endloop
  endfacet
  facet normal 0.923888 0.382663 0
    outer loop
      vertex 92.585 20.38 1.5
      vertex 93.4036 18.4036 99
      vertex 93.4036 18.4036 1.5
    endloop
  endfacet
  facet normal 0 0 1
    outer loop
      vertex 97.3564 22.3564 1.5
      vertex 97.3564 18.4036 1.5
      vertex 98.175 20.38 1.5
    endloop
  endfacet
  facet normal 0 0 1
    outer loop
      vertex 95.38 23.175 1.5
      vertex 97.3564 18.4036 1.5
      vertex 97.3564 22.3564 1.5
    endloop
  endfacet
  facet normal 0 0 1
    outer loop
      vertex 95.38 23.175 1.5
      vertex 95.38 17.585 1.5
      vertex 97.3564 18.4036 1.5
    endloop
  endfacet
  facet normal -0 0 1
    outer loop
      vertex 93.4036 22.3564 1.5
      vertex 95.38 17.585 1.5
      vertex 95.38 23.175 1.5
    endloop
  endfacet
  facet normal 0 0 1
    outer loop
      vertex 93.4036 22.3564 1.5
      vertex 93.4036 18.4036 1.5
      vertex 95.38 17.585 1.5
    endloop
  endfacet
  facet normal 0 -0 1
    outer loop
      vertex 93.4036 18.4036 1.5
      vertex 93.4036 22.3564 1.5
      vertex 92.585 20.38 1.5
    endloop
  endfacet
  facet normal -0.923888 0.382663 0
    outer loop
      vertex 97.3564 18.4036 1.5
      vertex 98.175 20.38 99
      vertex 98.175 20.38 1.5
    endloop
  endfacet
  facet normal -0.923888 0.382663 0
    outer loop
      vertex 98.175 20.38 99
      vertex 97.3564 18.4036 1.5
      vertex 97.3564 18.4036 99
    endloop
  endfacet
  facet normal 0.382663 0.923888 -0
    outer loop
      vertex 95.38 17.585 1.5
      vertex 93.4036 18.4036 99
      vertex 95.38 17.585 99
    endloop
  endfacet
  facet normal 0.382663 0.923888 0
    outer loop
      vertex 93.4036 18.4036 99
      vertex 95.38 17.585 1.5
      vertex 93.4036 18.4036 1.5
    endloop
  endfacet
  facet normal -0.923888 -0.382663 0
    outer loop
      vertex 98.175 11.38 1.5
      vertex 97.3564 13.3564 99
      vertex 97.3564 13.3564 1.5
    endloop
  endfacet
  facet normal -0.923888 -0.382663 0
    outer loop
      vertex 97.3564 13.3564 99
      vertex 98.175 11.38 1.5
      vertex 98.175 11.38 99
    endloop
  endfacet
  facet normal 0.923888 -0.382663 0
    outer loop
      vertex 92.585 11.38 99
      vertex 93.4036 13.3564 1.5
      vertex 93.4036 13.3564 99
    endloop
  endfacet
  facet normal 0.923888 -0.382663 0
    outer loop
      vertex 93.4036 13.3564 1.5
      vertex 92.585 11.38 99
      vertex 92.585 11.38 1.5
    endloop
  endfacet
  facet normal -0.382679 0.923881 0
    outer loop
      vertex 97.3564 9.40364 1.5
      vertex 95.38 8.585 99
      vertex 97.3564 9.40364 99
    endloop
  endfacet
  facet normal -0.382679 0.923881 0
    outer loop
      vertex 95.38 8.585 99
      vertex 97.3564 9.40364 1.5
      vertex 95.38 8.585 1.5
    endloop
  endfacet
  facet normal 0.382663 -0.923888 0
    outer loop
      vertex 93.4036 13.3564 1.5
      vertex 95.38 14.175 99
      vertex 93.4036 13.3564 99
    endloop
  endfacet
  facet normal 0.382663 -0.923888 0
    outer loop
      vertex 95.38 14.175 99
      vertex 93.4036 13.3564 1.5
      vertex 95.38 14.175 1.5
    endloop
  endfacet
  facet normal -0.382663 -0.923888 0
    outer loop
      vertex 95.38 14.175 1.5
      vertex 97.3564 13.3564 99
      vertex 95.38 14.175 99
    endloop
  endfacet
  facet normal -0.382663 -0.923888 -0
    outer loop
      vertex 97.3564 13.3564 99
      vertex 95.38 14.175 1.5
      vertex 97.3564 13.3564 1.5
    endloop
  endfacet
  facet normal -0.923885 0.382669 0
    outer loop
      vertex 97.3564 9.40364 1.5
      vertex 98.175 11.38 99
      vertex 98.175 11.38 1.5
    endloop
  endfacet
  facet normal -0.923885 0.382669 0
    outer loop
      vertex 98.175 11.38 99
      vertex 97.3564 9.40364 1.5
      vertex 97.3564 9.40364 99
    endloop
  endfacet
  facet normal 0.923885 0.382669 0
    outer loop
      vertex 93.4036 9.40364 99
      vertex 92.585 11.38 1.5
      vertex 92.585 11.38 99
    endloop
  endfacet
  facet normal 0.923885 0.382669 0
    outer loop
      vertex 92.585 11.38 1.5
      vertex 93.4036 9.40364 99
      vertex 93.4036 9.40364 1.5
    endloop
  endfacet
  facet normal 0 0 1
    outer loop
      vertex 97.3564 13.3564 1.5
      vertex 97.3564 9.40364 1.5
      vertex 98.175 11.38 1.5
    endloop
  endfacet
  facet normal 0 0 1
    outer loop
      vertex 95.38 14.175 1.5
      vertex 97.3564 9.40364 1.5
      vertex 97.3564 13.3564 1.5
    endloop
  endfacet
  facet normal 0 0 1
    outer loop
      vertex 95.38 14.175 1.5
      vertex 95.38 8.585 1.5
      vertex 97.3564 9.40364 1.5
    endloop
  endfacet
  facet normal -0 0 1
    outer loop
      vertex 93.4036 13.3564 1.5
      vertex 95.38 8.585 1.5
      vertex 95.38 14.175 1.5
    endloop
  endfacet
  facet normal 0 0 1
    outer loop
      vertex 93.4036 13.3564 1.5
      vertex 93.4036 9.40364 1.5
      vertex 95.38 8.585 1.5
    endloop
  endfacet
  facet normal 0 -0 1
    outer loop
      vertex 93.4036 9.40364 1.5
      vertex 93.4036 13.3564 1.5
      vertex 92.585 11.38 1.5
    endloop
  endfacet
  facet normal 0.382679 0.923881 -0
    outer loop
      vertex 95.38 8.585 1.5
      vertex 93.4036 9.40364 99
      vertex 95.38 8.585 99
    endloop
  endfacet
  facet normal 0.382679 0.923881 0
    outer loop
      vertex 93.4036 9.40364 99
      vertex 95.38 8.585 1.5
      vertex 93.4036 9.40364 1.5
    endloop
  endfacet
  facet normal -0.923822 -0.382822 0
    outer loop
      vertex 107.175 74.38 1.5
      vertex 106.356 76.3564 99
      vertex 106.356 76.3564 1.5
    endloop
  endfacet
  facet normal -0.923822 -0.382822 0
    outer loop
      vertex 106.356 76.3564 99
      vertex 107.175 74.38 1.5
      vertex 107.175 74.38 99
    endloop
  endfacet
  facet normal 0.923822 -0.382822 0
    outer loop
      vertex 101.585 74.38 99
      vertex 102.404 76.3564 1.5
      vertex 102.404 76.3564 99
    endloop
  endfacet
  facet normal 0.923822 -0.382822 0
    outer loop
      vertex 102.404 76.3564 1.5
      vertex 101.585 74.38 99
      vertex 101.585 74.38 1.5
    endloop
  endfacet
  facet normal -0.382729 0.923861 0
    outer loop
      vertex 106.356 72.4036 1.5
      vertex 104.38 71.585 99
      vertex 106.356 72.4036 99
    endloop
  endfacet
  facet normal -0.382729 0.923861 0
    outer loop
      vertex 104.38 71.585 99
      vertex 106.356 72.4036 1.5
      vertex 104.38 71.585 1.5
    endloop
  endfacet
  facet normal 0.382729 -0.923861 0
    outer loop
      vertex 102.404 76.3564 1.5
      vertex 104.38 77.175 99
      vertex 102.404 76.3564 99
    endloop
  endfacet
  facet normal 0.382729 -0.923861 0
    outer loop
      vertex 104.38 77.175 99
      vertex 102.404 76.3564 1.5
      vertex 104.38 77.175 1.5
    endloop
  endfacet
  facet normal -0.382729 -0.923861 0
    outer loop
      vertex 104.38 77.175 1.5
      vertex 106.356 76.3564 99
      vertex 104.38 77.175 99
    endloop
  endfacet
  facet normal -0.382729 -0.923861 -0
    outer loop
      vertex 106.356 76.3564 99
      vertex 104.38 77.175 1.5
      vertex 106.356 76.3564 1.5
    endloop
  endfacet
  facet normal -0.923822 0.382822 0
    outer loop
      vertex 106.356 72.4036 1.5
      vertex 107.175 74.38 99
      vertex 107.175 74.38 1.5
    endloop
  endfacet
  facet normal -0.923822 0.382822 0
    outer loop
      vertex 107.175 74.38 99
      vertex 106.356 72.4036 1.5
      vertex 106.356 72.4036 99
    endloop
  endfacet
  facet normal 0 0 1
    outer loop
      vertex 106.356 76.3564 1.5
      vertex 106.356 72.4036 1.5
      vertex 107.175 74.38 1.5
    endloop
  endfacet
  facet normal 0 0 1
    outer loop
      vertex 104.38 77.175 1.5
      vertex 106.356 72.4036 1.5
      vertex 106.356 76.3564 1.5
    endloop
  endfacet
  facet normal 0 0 1
    outer loop
      vertex 104.38 77.175 1.5
      vertex 104.38 71.585 1.5
      vertex 106.356 72.4036 1.5
    endloop
  endfacet
  facet normal -0 0 1
    outer loop
      vertex 102.404 76.3564 1.5
      vertex 104.38 71.585 1.5
      vertex 104.38 77.175 1.5
    endloop
  endfacet
  facet normal 0 0 1
    outer loop
      vertex 102.404 76.3564 1.5
      vertex 102.404 72.4036 1.5
      vertex 104.38 71.585 1.5
    endloop
  endfacet
  facet normal 0 -0 1
    outer loop
      vertex 102.404 72.4036 1.5
      vertex 102.404 76.3564 1.5
      vertex 101.585 74.38 1.5
    endloop
  endfacet
  facet normal 0.382729 0.923861 -0
    outer loop
      vertex 104.38 71.585 1.5
      vertex 102.404 72.4036 99
      vertex 104.38 71.585 99
    endloop
  endfacet
  facet normal 0.382729 0.923861 0
    outer loop
      vertex 102.404 72.4036 99
      vertex 104.38 71.585 1.5
      vertex 102.404 72.4036 1.5
    endloop
  endfacet
  facet normal 0.923822 0.382822 0
    outer loop
      vertex 102.404 72.4036 99
      vertex 101.585 74.38 1.5
      vertex 101.585 74.38 99
    endloop
  endfacet
  facet normal 0.923822 0.382822 0
    outer loop
      vertex 101.585 74.38 1.5
      vertex 102.404 72.4036 99
      vertex 102.404 72.4036 1.5
    endloop
  endfacet
  facet normal -0.923822 -0.382822 0
    outer loop
      vertex 107.175 65.38 1.5
      vertex 106.356 67.3564 99
      vertex 106.356 67.3564 1.5
    endloop
  endfacet
  facet normal -0.923822 -0.382822 0
    outer loop
      vertex 106.356 67.3564 99
      vertex 107.175 65.38 1.5
      vertex 107.175 65.38 99
    endloop
  endfacet
  facet normal 0.923822 -0.382822 0
    outer loop
      vertex 101.585 65.38 99
      vertex 102.404 67.3564 1.5
      vertex 102.404 67.3564 99
    endloop
  endfacet
  facet normal 0.923822 -0.382822 0
    outer loop
      vertex 102.404 67.3564 1.5
      vertex 101.585 65.38 99
      vertex 101.585 65.38 1.5
    endloop
  endfacet
  facet normal -0.382729 0.923861 0
    outer loop
      vertex 106.356 63.4036 1.5
      vertex 104.38 62.585 99
      vertex 106.356 63.4036 99
    endloop
  endfacet
  facet normal -0.382729 0.923861 0
    outer loop
      vertex 104.38 62.585 99
      vertex 106.356 63.4036 1.5
      vertex 104.38 62.585 1.5
    endloop
  endfacet
  facet normal 0.382729 -0.923861 0
    outer loop
      vertex 102.404 67.3564 1.5
      vertex 104.38 68.175 99
      vertex 102.404 67.3564 99
    endloop
  endfacet
  facet normal 0.382729 -0.923861 0
    outer loop
      vertex 104.38 68.175 99
      vertex 102.404 67.3564 1.5
      vertex 104.38 68.175 1.5
    endloop
  endfacet
  facet normal -0.382729 -0.923861 0
    outer loop
      vertex 104.38 68.175 1.5
      vertex 106.356 67.3564 99
      vertex 104.38 68.175 99
    endloop
  endfacet
  facet normal -0.382729 -0.923861 -0
    outer loop
      vertex 106.356 67.3564 99
      vertex 104.38 68.175 1.5
      vertex 106.356 67.3564 1.5
    endloop
  endfacet
  facet normal -0.923822 0.382822 0
    outer loop
      vertex 106.356 63.4036 1.5
      vertex 107.175 65.38 99
      vertex 107.175 65.38 1.5
    endloop
  endfacet
  facet normal -0.923822 0.382822 0
    outer loop
      vertex 107.175 65.38 99
      vertex 106.356 63.4036 1.5
      vertex 106.356 63.4036 99
    endloop
  endfacet
  facet normal 0.923822 0.382822 0
    outer loop
      vertex 102.404 63.4036 99
      vertex 101.585 65.38 1.5
      vertex 101.585 65.38 99
    endloop
  endfacet
  facet normal 0.923822 0.382822 0
    outer loop
      vertex 101.585 65.38 1.5
      vertex 102.404 63.4036 99
      vertex 102.404 63.4036 1.5
    endloop
  endfacet
  facet normal 0 0 1
    outer loop
      vertex 106.356 67.3564 1.5
      vertex 106.356 63.4036 1.5
      vertex 107.175 65.38 1.5
    endloop
  endfacet
  facet normal 0 0 1
    outer loop
      vertex 104.38 68.175 1.5
      vertex 106.356 63.4036 1.5
      vertex 106.356 67.3564 1.5
    endloop
  endfacet
  facet normal 0 0 1
    outer loop
      vertex 104.38 68.175 1.5
      vertex 104.38 62.585 1.5
      vertex 106.356 63.4036 1.5
    endloop
  endfacet
  facet normal -0 0 1
    outer loop
      vertex 102.404 67.3564 1.5
      vertex 104.38 62.585 1.5
      vertex 104.38 68.175 1.5
    endloop
  endfacet
  facet normal 0 0 1
    outer loop
      vertex 102.404 67.3564 1.5
      vertex 102.404 63.4036 1.5
      vertex 104.38 62.585 1.5
    endloop
  endfacet
  facet normal 0 -0 1
    outer loop
      vertex 102.404 63.4036 1.5
      vertex 102.404 67.3564 1.5
      vertex 101.585 65.38 1.5
    endloop
  endfacet
  facet normal 0.382729 0.923861 -0
    outer loop
      vertex 104.38 62.585 1.5
      vertex 102.404 63.4036 99
      vertex 104.38 62.585 99
    endloop
  endfacet
  facet normal 0.382729 0.923861 0
    outer loop
      vertex 102.404 63.4036 99
      vertex 104.38 62.585 1.5
      vertex 102.404 63.4036 1.5
    endloop
  endfacet
  facet normal -0.923822 -0.382822 0
    outer loop
      vertex 107.175 56.38 1.5
      vertex 106.356 58.3564 99
      vertex 106.356 58.3564 1.5
    endloop
  endfacet
  facet normal -0.923822 -0.382822 0
    outer loop
      vertex 106.356 58.3564 99
      vertex 107.175 56.38 1.5
      vertex 107.175 56.38 99
    endloop
  endfacet
  facet normal 0.923822 -0.382822 0
    outer loop
      vertex 101.585 56.38 99
      vertex 102.404 58.3564 1.5
      vertex 102.404 58.3564 99
    endloop
  endfacet
  facet normal 0.923822 -0.382822 0
    outer loop
      vertex 102.404 58.3564 1.5
      vertex 101.585 56.38 99
      vertex 101.585 56.38 1.5
    endloop
  endfacet
  facet normal -0.382729 0.923861 0
    outer loop
      vertex 106.356 54.4036 1.5
      vertex 104.38 53.585 99
      vertex 106.356 54.4036 99
    endloop
  endfacet
  facet normal -0.382729 0.923861 0
    outer loop
      vertex 104.38 53.585 99
      vertex 106.356 54.4036 1.5
      vertex 104.38 53.585 1.5
    endloop
  endfacet
  facet normal 0.382729 -0.923861 0
    outer loop
      vertex 102.404 58.3564 1.5
      vertex 104.38 59.175 99
      vertex 102.404 58.3564 99
    endloop
  endfacet
  facet normal 0.382729 -0.923861 0
    outer loop
      vertex 104.38 59.175 99
      vertex 102.404 58.3564 1.5
      vertex 104.38 59.175 1.5
    endloop
  endfacet
  facet normal -0.382729 -0.923861 0
    outer loop
      vertex 104.38 59.175 1.5
      vertex 106.356 58.3564 99
      vertex 104.38 59.175 99
    endloop
  endfacet
  facet normal -0.382729 -0.923861 -0
    outer loop
      vertex 106.356 58.3564 99
      vertex 104.38 59.175 1.5
      vertex 106.356 58.3564 1.5
    endloop
  endfacet
  facet normal -0.923822 0.382822 0
    outer loop
      vertex 106.356 54.4036 1.5
      vertex 107.175 56.38 99
      vertex 107.175 56.38 1.5
    endloop
  endfacet
  facet normal -0.923822 0.382822 0
    outer loop
      vertex 107.175 56.38 99
      vertex 106.356 54.4036 1.5
      vertex 106.356 54.4036 99
    endloop
  endfacet
  facet normal 0 0 1
    outer loop
      vertex 106.356 58.3564 1.5
      vertex 106.356 54.4036 1.5
      vertex 107.175 56.38 1.5
    endloop
  endfacet
  facet normal 0 0 1
    outer loop
      vertex 104.38 59.175 1.5
      vertex 106.356 54.4036 1.5
      vertex 106.356 58.3564 1.5
    endloop
  endfacet
  facet normal 0 0 1
    outer loop
      vertex 104.38 59.175 1.5
      vertex 104.38 53.585 1.5
      vertex 106.356 54.4036 1.5
    endloop
  endfacet
  facet normal -0 0 1
    outer loop
      vertex 102.404 58.3564 1.5
      vertex 104.38 53.585 1.5
      vertex 104.38 59.175 1.5
    endloop
  endfacet
  facet normal 0 0 1
    outer loop
      vertex 102.404 58.3564 1.5
      vertex 102.404 54.4036 1.5
      vertex 104.38 53.585 1.5
    endloop
  endfacet
  facet normal 0 -0 1
    outer loop
      vertex 102.404 54.4036 1.5
      vertex 102.404 58.3564 1.5
      vertex 101.585 56.38 1.5
    endloop
  endfacet
  facet normal 0.382729 0.923861 -0
    outer loop
      vertex 104.38 53.585 1.5
      vertex 102.404 54.4036 99
      vertex 104.38 53.585 99
    endloop
  endfacet
  facet normal 0.382729 0.923861 0
    outer loop
      vertex 102.404 54.4036 99
      vertex 104.38 53.585 1.5
      vertex 102.404 54.4036 1.5
    endloop
  endfacet
  facet normal 0.923822 0.382822 0
    outer loop
      vertex 102.404 54.4036 99
      vertex 101.585 56.38 1.5
      vertex 101.585 56.38 99
    endloop
  endfacet
  facet normal 0.923822 0.382822 0
    outer loop
      vertex 101.585 56.38 1.5
      vertex 102.404 54.4036 99
      vertex 102.404 54.4036 1.5
    endloop
  endfacet
  facet normal -0.923822 -0.382822 0
    outer loop
      vertex 107.175 47.38 1.5
      vertex 106.356 49.3564 99
      vertex 106.356 49.3564 1.5
    endloop
  endfacet
  facet normal -0.923822 -0.382822 0
    outer loop
      vertex 106.356 49.3564 99
      vertex 107.175 47.38 1.5
      vertex 107.175 47.38 99
    endloop
  endfacet
  facet normal 0.923822 -0.382822 0
    outer loop
      vertex 101.585 47.38 99
      vertex 102.404 49.3564 1.5
      vertex 102.404 49.3564 99
    endloop
  endfacet
  facet normal 0.923822 -0.382822 0
    outer loop
      vertex 102.404 49.3564 1.5
      vertex 101.585 47.38 99
      vertex 101.585 47.38 1.5
    endloop
  endfacet
  facet normal -0.382729 0.923861 0
    outer loop
      vertex 106.356 45.4036 1.5
      vertex 104.38 44.585 99
      vertex 106.356 45.4036 99
    endloop
  endfacet
  facet normal -0.382729 0.923861 0
    outer loop
      vertex 104.38 44.585 99
      vertex 106.356 45.4036 1.5
      vertex 104.38 44.585 1.5
    endloop
  endfacet
  facet normal 0.382729 -0.923861 0
    outer loop
      vertex 102.404 49.3564 1.5
      vertex 104.38 50.175 99
      vertex 102.404 49.3564 99
    endloop
  endfacet
  facet normal 0.382729 -0.923861 0
    outer loop
      vertex 104.38 50.175 99
      vertex 102.404 49.3564 1.5
      vertex 104.38 50.175 1.5
    endloop
  endfacet
  facet normal -0.382729 -0.923861 0
    outer loop
      vertex 104.38 50.175 1.5
      vertex 106.356 49.3564 99
      vertex 104.38 50.175 99
    endloop
  endfacet
  facet normal -0.382729 -0.923861 -0
    outer loop
      vertex 106.356 49.3564 99
      vertex 104.38 50.175 1.5
      vertex 106.356 49.3564 1.5
    endloop
  endfacet
  facet normal -0.923822 0.382822 0
    outer loop
      vertex 106.356 45.4036 1.5
      vertex 107.175 47.38 99
      vertex 107.175 47.38 1.5
    endloop
  endfacet
  facet normal -0.923822 0.382822 0
    outer loop
      vertex 107.175 47.38 99
      vertex 106.356 45.4036 1.5
      vertex 106.356 45.4036 99
    endloop
  endfacet
  facet normal 0 0 1
    outer loop
      vertex 106.356 49.3564 1.5
      vertex 106.356 45.4036 1.5
      vertex 107.175 47.38 1.5
    endloop
  endfacet
  facet normal 0 0 1
    outer loop
      vertex 104.38 50.175 1.5
      vertex 106.356 45.4036 1.5
      vertex 106.356 49.3564 1.5
    endloop
  endfacet
  facet normal 0 0 1
    outer loop
      vertex 104.38 50.175 1.5
      vertex 104.38 44.585 1.5
      vertex 106.356 45.4036 1.5
    endloop
  endfacet
  facet normal -0 0 1
    outer loop
      vertex 102.404 49.3564 1.5
      vertex 104.38 44.585 1.5
      vertex 104.38 50.175 1.5
    endloop
  endfacet
  facet normal 0 0 1
    outer loop
      vertex 102.404 49.3564 1.5
      vertex 102.404 45.4036 1.5
      vertex 104.38 44.585 1.5
    endloop
  endfacet
  facet normal 0 -0 1
    outer loop
      vertex 102.404 45.4036 1.5
      vertex 102.404 49.3564 1.5
      vertex 101.585 47.38 1.5
    endloop
  endfacet
  facet normal 0.382729 0.923861 -0
    outer loop
      vertex 104.38 44.585 1.5
      vertex 102.404 45.4036 99
      vertex 104.38 44.585 99
    endloop
  endfacet
  facet normal 0.382729 0.923861 0
    outer loop
      vertex 102.404 45.4036 99
      vertex 104.38 44.585 1.5
      vertex 102.404 45.4036 1.5
    endloop
  endfacet
  facet normal 0.923822 0.382822 0
    outer loop
      vertex 102.404 45.4036 99
      vertex 101.585 47.38 1.5
      vertex 101.585 47.38 99
    endloop
  endfacet
  facet normal 0.923822 0.382822 0
    outer loop
      vertex 101.585 47.38 1.5
      vertex 102.404 45.4036 99
      vertex 102.404 45.4036 1.5
    endloop
  endfacet
  facet normal -0.923822 -0.382822 0
    outer loop
      vertex 107.175 38.38 1.5
      vertex 106.356 40.3564 99
      vertex 106.356 40.3564 1.5
    endloop
  endfacet
  facet normal -0.923822 -0.382822 0
    outer loop
      vertex 106.356 40.3564 99
      vertex 107.175 38.38 1.5
      vertex 107.175 38.38 99
    endloop
  endfacet
  facet normal 0.923822 -0.382822 0
    outer loop
      vertex 101.585 38.38 99
      vertex 102.404 40.3564 1.5
      vertex 102.404 40.3564 99
    endloop
  endfacet
  facet normal 0.923822 -0.382822 0
    outer loop
      vertex 102.404 40.3564 1.5
      vertex 101.585 38.38 99
      vertex 101.585 38.38 1.5
    endloop
  endfacet
  facet normal -0.382729 0.923861 0
    outer loop
      vertex 106.356 36.4036 1.5
      vertex 104.38 35.585 99
      vertex 106.356 36.4036 99
    endloop
  endfacet
  facet normal -0.382729 0.923861 0
    outer loop
      vertex 104.38 35.585 99
      vertex 106.356 36.4036 1.5
      vertex 104.38 35.585 1.5
    endloop
  endfacet
  facet normal 0.382729 -0.923861 0
    outer loop
      vertex 102.404 40.3564 1.5
      vertex 104.38 41.175 99
      vertex 102.404 40.3564 99
    endloop
  endfacet
  facet normal 0.382729 -0.923861 0
    outer loop
      vertex 104.38 41.175 99
      vertex 102.404 40.3564 1.5
      vertex 104.38 41.175 1.5
    endloop
  endfacet
  facet normal -0.382729 -0.923861 0
    outer loop
      vertex 104.38 41.175 1.5
      vertex 106.356 40.3564 99
      vertex 104.38 41.175 99
    endloop
  endfacet
  facet normal -0.382729 -0.923861 -0
    outer loop
      vertex 106.356 40.3564 99
      vertex 104.38 41.175 1.5
      vertex 106.356 40.3564 1.5
    endloop
  endfacet
  facet normal 0 0 1
    outer loop
      vertex 106.356 40.3564 1.5
      vertex 106.356 36.4036 1.5
      vertex 107.175 38.38 1.5
    endloop
  endfacet
  facet normal 0 0 1
    outer loop
      vertex 104.38 41.175 1.5
      vertex 106.356 36.4036 1.5
      vertex 106.356 40.3564 1.5
    endloop
  endfacet
  facet normal 0 0 1
    outer loop
      vertex 104.38 41.175 1.5
      vertex 104.38 35.585 1.5
      vertex 106.356 36.4036 1.5
    endloop
  endfacet
  facet normal -0 0 1
    outer loop
      vertex 102.404 40.3564 1.5
      vertex 104.38 35.585 1.5
      vertex 104.38 41.175 1.5
    endloop
  endfacet
  facet normal 0 0 1
    outer loop
      vertex 102.404 40.3564 1.5
      vertex 102.404 36.4036 1.5
      vertex 104.38 35.585 1.5
    endloop
  endfacet
  facet normal 0 -0 1
    outer loop
      vertex 102.404 36.4036 1.5
      vertex 102.404 40.3564 1.5
      vertex 101.585 38.38 1.5
    endloop
  endfacet
  facet normal -0.923822 0.382822 0
    outer loop
      vertex 106.356 36.4036 1.5
      vertex 107.175 38.38 99
      vertex 107.175 38.38 1.5
    endloop
  endfacet
  facet normal -0.923822 0.382822 0
    outer loop
      vertex 107.175 38.38 99
      vertex 106.356 36.4036 1.5
      vertex 106.356 36.4036 99
    endloop
  endfacet
  facet normal 0.382729 0.923861 -0
    outer loop
      vertex 104.38 35.585 1.5
      vertex 102.404 36.4036 99
      vertex 104.38 35.585 99
    endloop
  endfacet
  facet normal 0.382729 0.923861 0
    outer loop
      vertex 102.404 36.4036 99
      vertex 104.38 35.585 1.5
      vertex 102.404 36.4036 1.5
    endloop
  endfacet
  facet normal 0.923822 0.382822 0
    outer loop
      vertex 102.404 36.4036 99
      vertex 101.585 38.38 1.5
      vertex 101.585 38.38 99
    endloop
  endfacet
  facet normal 0.923822 0.382822 0
    outer loop
      vertex 101.585 38.38 1.5
      vertex 102.404 36.4036 99
      vertex 102.404 36.4036 1.5
    endloop
  endfacet
  facet normal -0.923822 -0.382822 0
    outer loop
      vertex 107.175 29.38 1.5
      vertex 106.356 31.3564 99
      vertex 106.356 31.3564 1.5
    endloop
  endfacet
  facet normal -0.923822 -0.382822 0
    outer loop
      vertex 106.356 31.3564 99
      vertex 107.175 29.38 1.5
      vertex 107.175 29.38 99
    endloop
  endfacet
  facet normal 0.923822 -0.382822 0
    outer loop
      vertex 101.585 29.38 99
      vertex 102.404 31.3564 1.5
      vertex 102.404 31.3564 99
    endloop
  endfacet
  facet normal 0.923822 -0.382822 0
    outer loop
      vertex 102.404 31.3564 1.5
      vertex 101.585 29.38 99
      vertex 101.585 29.38 1.5
    endloop
  endfacet
  facet normal -0.382729 0.923861 0
    outer loop
      vertex 106.356 27.4036 1.5
      vertex 104.38 26.585 99
      vertex 106.356 27.4036 99
    endloop
  endfacet
  facet normal -0.382729 0.923861 0
    outer loop
      vertex 104.38 26.585 99
      vertex 106.356 27.4036 1.5
      vertex 104.38 26.585 1.5
    endloop
  endfacet
  facet normal 0.382729 -0.923861 0
    outer loop
      vertex 102.404 31.3564 1.5
      vertex 104.38 32.175 99
      vertex 102.404 31.3564 99
    endloop
  endfacet
  facet normal 0.382729 -0.923861 0
    outer loop
      vertex 104.38 32.175 99
      vertex 102.404 31.3564 1.5
      vertex 104.38 32.175 1.5
    endloop
  endfacet
  facet normal -0.382729 -0.923861 0
    outer loop
      vertex 104.38 32.175 1.5
      vertex 106.356 31.3564 99
      vertex 104.38 32.175 99
    endloop
  endfacet
  facet normal -0.382729 -0.923861 -0
    outer loop
      vertex 106.356 31.3564 99
      vertex 104.38 32.175 1.5
      vertex 106.356 31.3564 1.5
    endloop
  endfacet
  facet normal -0.923822 0.382822 0
    outer loop
      vertex 106.356 27.4036 1.5
      vertex 107.175 29.38 99
      vertex 107.175 29.38 1.5
    endloop
  endfacet
  facet normal -0.923822 0.382822 0
    outer loop
      vertex 107.175 29.38 99
      vertex 106.356 27.4036 1.5
      vertex 106.356 27.4036 99
    endloop
  endfacet
  facet normal 0 0 1
    outer loop
      vertex 106.356 31.3564 1.5
      vertex 106.356 27.4036 1.5
      vertex 107.175 29.38 1.5
    endloop
  endfacet
  facet normal 0 0 1
    outer loop
      vertex 104.38 32.175 1.5
      vertex 106.356 27.4036 1.5
      vertex 106.356 31.3564 1.5
    endloop
  endfacet
  facet normal 0 0 1
    outer loop
      vertex 104.38 32.175 1.5
      vertex 104.38 26.585 1.5
      vertex 106.356 27.4036 1.5
    endloop
  endfacet
  facet normal -0 0 1
    outer loop
      vertex 102.404 31.3564 1.5
      vertex 104.38 26.585 1.5
      vertex 104.38 32.175 1.5
    endloop
  endfacet
  facet normal 0 0 1
    outer loop
      vertex 102.404 31.3564 1.5
      vertex 102.404 27.4036 1.5
      vertex 104.38 26.585 1.5
    endloop
  endfacet
  facet normal 0 -0 1
    outer loop
      vertex 102.404 27.4036 1.5
      vertex 102.404 31.3564 1.5
      vertex 101.585 29.38 1.5
    endloop
  endfacet
  facet normal 0.382729 0.923861 -0
    outer loop
      vertex 104.38 26.585 1.5
      vertex 102.404 27.4036 99
      vertex 104.38 26.585 99
    endloop
  endfacet
  facet normal 0.382729 0.923861 0
    outer loop
      vertex 102.404 27.4036 99
      vertex 104.38 26.585 1.5
      vertex 102.404 27.4036 1.5
    endloop
  endfacet
  facet normal 0.923822 0.382822 0
    outer loop
      vertex 102.404 27.4036 99
      vertex 101.585 29.38 1.5
      vertex 101.585 29.38 99
    endloop
  endfacet
  facet normal 0.923822 0.382822 0
    outer loop
      vertex 101.585 29.38 1.5
      vertex 102.404 27.4036 99
      vertex 102.404 27.4036 1.5
    endloop
  endfacet
  facet normal -0.923822 -0.382822 0
    outer loop
      vertex 107.175 20.38 1.5
      vertex 106.356 22.3564 99
      vertex 106.356 22.3564 1.5
    endloop
  endfacet
  facet normal -0.923822 -0.382822 0
    outer loop
      vertex 106.356 22.3564 99
      vertex 107.175 20.38 1.5
      vertex 107.175 20.38 99
    endloop
  endfacet
  facet normal 0.923822 -0.382822 0
    outer loop
      vertex 101.585 20.38 99
      vertex 102.404 22.3564 1.5
      vertex 102.404 22.3564 99
    endloop
  endfacet
  facet normal 0.923822 -0.382822 0
    outer loop
      vertex 102.404 22.3564 1.5
      vertex 101.585 20.38 99
      vertex 101.585 20.38 1.5
    endloop
  endfacet
  facet normal -0.382729 0.923861 0
    outer loop
      vertex 106.356 18.4036 1.5
      vertex 104.38 17.585 99
      vertex 106.356 18.4036 99
    endloop
  endfacet
  facet normal -0.382729 0.923861 0
    outer loop
      vertex 104.38 17.585 99
      vertex 106.356 18.4036 1.5
      vertex 104.38 17.585 1.5
    endloop
  endfacet
  facet normal 0.382729 -0.923861 0
    outer loop
      vertex 102.404 22.3564 1.5
      vertex 104.38 23.175 99
      vertex 102.404 22.3564 99
    endloop
  endfacet
  facet normal 0.382729 -0.923861 0
    outer loop
      vertex 104.38 23.175 99
      vertex 102.404 22.3564 1.5
      vertex 104.38 23.175 1.5
    endloop
  endfacet
  facet normal -0.382729 -0.923861 0
    outer loop
      vertex 104.38 23.175 1.5
      vertex 106.356 22.3564 99
      vertex 104.38 23.175 99
    endloop
  endfacet
  facet normal -0.382729 -0.923861 -0
    outer loop
      vertex 106.356 22.3564 99
      vertex 104.38 23.175 1.5
      vertex 106.356 22.3564 1.5
    endloop
  endfacet
  facet normal -0.923822 0.382822 0
    outer loop
      vertex 106.356 18.4036 1.5
      vertex 107.175 20.38 99
      vertex 107.175 20.38 1.5
    endloop
  endfacet
  facet normal -0.923822 0.382822 0
    outer loop
      vertex 107.175 20.38 99
      vertex 106.356 18.4036 1.5
      vertex 106.356 18.4036 99
    endloop
  endfacet
  facet normal 0 0 1
    outer loop
      vertex 106.356 22.3564 1.5
      vertex 106.356 18.4036 1.5
      vertex 107.175 20.38 1.5
    endloop
  endfacet
  facet normal 0 0 1
    outer loop
      vertex 104.38 23.175 1.5
      vertex 106.356 18.4036 1.5
      vertex 106.356 22.3564 1.5
    endloop
  endfacet
  facet normal 0 0 1
    outer loop
      vertex 104.38 23.175 1.5
      vertex 104.38 17.585 1.5
      vertex 106.356 18.4036 1.5
    endloop
  endfacet
  facet normal -0 0 1
    outer loop
      vertex 102.404 22.3564 1.5
      vertex 104.38 17.585 1.5
      vertex 104.38 23.175 1.5
    endloop
  endfacet
  facet normal 0 0 1
    outer loop
      vertex 102.404 22.3564 1.5
      vertex 102.404 18.4036 1.5
      vertex 104.38 17.585 1.5
    endloop
  endfacet
  facet normal 0 -0 1
    outer loop
      vertex 102.404 18.4036 1.5
      vertex 102.404 22.3564 1.5
      vertex 101.585 20.38 1.5
    endloop
  endfacet
  facet normal 0.382729 0.923861 -0
    outer loop
      vertex 104.38 17.585 1.5
      vertex 102.404 18.4036 99
      vertex 104.38 17.585 99
    endloop
  endfacet
  facet normal 0.382729 0.923861 0
    outer loop
      vertex 102.404 18.4036 99
      vertex 104.38 17.585 1.5
      vertex 102.404 18.4036 1.5
    endloop
  endfacet
  facet normal 0.923822 0.382822 0
    outer loop
      vertex 102.404 18.4036 99
      vertex 101.585 20.38 1.5
      vertex 101.585 20.38 99
    endloop
  endfacet
  facet normal 0.923822 0.382822 0
    outer loop
      vertex 101.585 20.38 1.5
      vertex 102.404 18.4036 99
      vertex 102.404 18.4036 1.5
    endloop
  endfacet
  facet normal -0.923822 -0.382822 0
    outer loop
      vertex 107.175 11.38 1.5
      vertex 106.356 13.3564 99
      vertex 106.356 13.3564 1.5
    endloop
  endfacet
  facet normal -0.923822 -0.382822 0
    outer loop
      vertex 106.356 13.3564 99
      vertex 107.175 11.38 1.5
      vertex 107.175 11.38 99
    endloop
  endfacet
  facet normal 0.923822 -0.382822 0
    outer loop
      vertex 101.585 11.38 99
      vertex 102.404 13.3564 1.5
      vertex 102.404 13.3564 99
    endloop
  endfacet
  facet normal 0.923822 -0.382822 0
    outer loop
      vertex 102.404 13.3564 1.5
      vertex 101.585 11.38 99
      vertex 101.585 11.38 1.5
    endloop
  endfacet
  facet normal -0.382745 0.923854 0
    outer loop
      vertex 106.356 9.40364 1.5
      vertex 104.38 8.585 99
      vertex 106.356 9.40364 99
    endloop
  endfacet
  facet normal -0.382745 0.923854 0
    outer loop
      vertex 104.38 8.585 99
      vertex 106.356 9.40364 1.5
      vertex 104.38 8.585 1.5
    endloop
  endfacet
  facet normal 0.382729 -0.923861 0
    outer loop
      vertex 102.404 13.3564 1.5
      vertex 104.38 14.175 99
      vertex 102.404 13.3564 99
    endloop
  endfacet
  facet normal 0.382729 -0.923861 0
    outer loop
      vertex 104.38 14.175 99
      vertex 102.404 13.3564 1.5
      vertex 104.38 14.175 1.5
    endloop
  endfacet
  facet normal -0.382729 -0.923861 0
    outer loop
      vertex 104.38 14.175 1.5
      vertex 106.356 13.3564 99
      vertex 104.38 14.175 99
    endloop
  endfacet
  facet normal -0.382729 -0.923861 -0
    outer loop
      vertex 106.356 13.3564 99
      vertex 104.38 14.175 1.5
      vertex 106.356 13.3564 1.5
    endloop
  endfacet
  facet normal -0.923819 0.382829 0
    outer loop
      vertex 106.356 9.40364 1.5
      vertex 107.175 11.38 99
      vertex 107.175 11.38 1.5
    endloop
  endfacet
  facet normal -0.923819 0.382829 0
    outer loop
      vertex 107.175 11.38 99
      vertex 106.356 9.40364 1.5
      vertex 106.356 9.40364 99
    endloop
  endfacet
  facet normal 0.923819 0.382829 0
    outer loop
      vertex 102.404 9.40364 99
      vertex 101.585 11.38 1.5
      vertex 101.585 11.38 99
    endloop
  endfacet
  facet normal 0.923819 0.382829 0
    outer loop
      vertex 101.585 11.38 1.5
      vertex 102.404 9.40364 99
      vertex 102.404 9.40364 1.5
    endloop
  endfacet
  facet normal 0 0 1
    outer loop
      vertex 106.356 13.3564 1.5
      vertex 106.356 9.40364 1.5
      vertex 107.175 11.38 1.5
    endloop
  endfacet
  facet normal 0 0 1
    outer loop
      vertex 104.38 14.175 1.5
      vertex 106.356 9.40364 1.5
      vertex 106.356 13.3564 1.5
    endloop
  endfacet
  facet normal 0 0 1
    outer loop
      vertex 104.38 14.175 1.5
      vertex 104.38 8.585 1.5
      vertex 106.356 9.40364 1.5
    endloop
  endfacet
  facet normal -0 0 1
    outer loop
      vertex 102.404 13.3564 1.5
      vertex 104.38 8.585 1.5
      vertex 104.38 14.175 1.5
    endloop
  endfacet
  facet normal 0 0 1
    outer loop
      vertex 102.404 13.3564 1.5
      vertex 102.404 9.40364 1.5
      vertex 104.38 8.585 1.5
    endloop
  endfacet
  facet normal 0 -0 1
    outer loop
      vertex 102.404 9.40364 1.5
      vertex 102.404 13.3564 1.5
      vertex 101.585 11.38 1.5
    endloop
  endfacet
  facet normal 0.382745 0.923854 -0
    outer loop
      vertex 104.38 8.585 1.5
      vertex 102.404 9.40364 99
      vertex 104.38 8.585 99
    endloop
  endfacet
  facet normal 0.382745 0.923854 0
    outer loop
      vertex 102.404 9.40364 99
      vertex 104.38 8.585 1.5
      vertex 102.404 9.40364 1.5
    endloop
  endfacet
  facet normal -0.923822 -0.382822 0
    outer loop
      vertex 116.175 74.38 1.5
      vertex 115.356 76.3564 99
      vertex 115.356 76.3564 1.5
    endloop
  endfacet
  facet normal -0.923822 -0.382822 0
    outer loop
      vertex 115.356 76.3564 99
      vertex 116.175 74.38 1.5
      vertex 116.175 74.38 99
    endloop
  endfacet
  facet normal 0.923822 -0.382822 0
    outer loop
      vertex 110.585 74.38 99
      vertex 111.404 76.3564 1.5
      vertex 111.404 76.3564 99
    endloop
  endfacet
  facet normal 0.923822 -0.382822 0
    outer loop
      vertex 111.404 76.3564 1.5
      vertex 110.585 74.38 99
      vertex 110.585 74.38 1.5
    endloop
  endfacet
  facet normal -0.382729 0.923861 0
    outer loop
      vertex 115.356 72.4036 1.5
      vertex 113.38 71.585 99
      vertex 115.356 72.4036 99
    endloop
  endfacet
  facet normal -0.382729 0.923861 0
    outer loop
      vertex 113.38 71.585 99
      vertex 115.356 72.4036 1.5
      vertex 113.38 71.585 1.5
    endloop
  endfacet
  facet normal 0.382729 -0.923861 0
    outer loop
      vertex 111.404 76.3564 1.5
      vertex 113.38 77.175 99
      vertex 111.404 76.3564 99
    endloop
  endfacet
  facet normal 0.382729 -0.923861 0
    outer loop
      vertex 113.38 77.175 99
      vertex 111.404 76.3564 1.5
      vertex 113.38 77.175 1.5
    endloop
  endfacet
  facet normal -0.382729 -0.923861 0
    outer loop
      vertex 113.38 77.175 1.5
      vertex 115.356 76.3564 99
      vertex 113.38 77.175 99
    endloop
  endfacet
  facet normal -0.382729 -0.923861 -0
    outer loop
      vertex 115.356 76.3564 99
      vertex 113.38 77.175 1.5
      vertex 115.356 76.3564 1.5
    endloop
  endfacet
  facet normal -0.923822 0.382822 0
    outer loop
      vertex 115.356 72.4036 1.5
      vertex 116.175 74.38 99
      vertex 116.175 74.38 1.5
    endloop
  endfacet
  facet normal -0.923822 0.382822 0
    outer loop
      vertex 116.175 74.38 99
      vertex 115.356 72.4036 1.5
      vertex 115.356 72.4036 99
    endloop
  endfacet
  facet normal 0.923822 0.382822 0
    outer loop
      vertex 111.404 72.4036 99
      vertex 110.585 74.38 1.5
      vertex 110.585 74.38 99
    endloop
  endfacet
  facet normal 0.923822 0.382822 0
    outer loop
      vertex 110.585 74.38 1.5
      vertex 111.404 72.4036 99
      vertex 111.404 72.4036 1.5
    endloop
  endfacet
  facet normal 0 0 1
    outer loop
      vertex 115.356 76.3564 1.5
      vertex 115.356 72.4036 1.5
      vertex 116.175 74.38 1.5
    endloop
  endfacet
  facet normal 0 0 1
    outer loop
      vertex 113.38 77.175 1.5
      vertex 115.356 72.4036 1.5
      vertex 115.356 76.3564 1.5
    endloop
  endfacet
  facet normal 0 0 1
    outer loop
      vertex 113.38 77.175 1.5
      vertex 113.38 71.585 1.5
      vertex 115.356 72.4036 1.5
    endloop
  endfacet
  facet normal -0 0 1
    outer loop
      vertex 111.404 76.3564 1.5
      vertex 113.38 71.585 1.5
      vertex 113.38 77.175 1.5
    endloop
  endfacet
  facet normal 0 0 1
    outer loop
      vertex 111.404 76.3564 1.5
      vertex 111.404 72.4036 1.5
      vertex 113.38 71.585 1.5
    endloop
  endfacet
  facet normal 0 -0 1
    outer loop
      vertex 111.404 72.4036 1.5
      vertex 111.404 76.3564 1.5
      vertex 110.585 74.38 1.5
    endloop
  endfacet
  facet normal 0.382729 0.923861 -0
    outer loop
      vertex 113.38 71.585 1.5
      vertex 111.404 72.4036 99
      vertex 113.38 71.585 99
    endloop
  endfacet
  facet normal 0.382729 0.923861 0
    outer loop
      vertex 111.404 72.4036 99
      vertex 113.38 71.585 1.5
      vertex 111.404 72.4036 1.5
    endloop
  endfacet
  facet normal -0.923822 -0.382822 0
    outer loop
      vertex 116.175 65.38 1.5
      vertex 115.356 67.3564 99
      vertex 115.356 67.3564 1.5
    endloop
  endfacet
  facet normal -0.923822 -0.382822 0
    outer loop
      vertex 115.356 67.3564 99
      vertex 116.175 65.38 1.5
      vertex 116.175 65.38 99
    endloop
  endfacet
  facet normal 0.923822 -0.382822 0
    outer loop
      vertex 110.585 65.38 99
      vertex 111.404 67.3564 1.5
      vertex 111.404 67.3564 99
    endloop
  endfacet
  facet normal 0.923822 -0.382822 0
    outer loop
      vertex 111.404 67.3564 1.5
      vertex 110.585 65.38 99
      vertex 110.585 65.38 1.5
    endloop
  endfacet
  facet normal -0.382729 0.923861 0
    outer loop
      vertex 115.356 63.4036 1.5
      vertex 113.38 62.585 99
      vertex 115.356 63.4036 99
    endloop
  endfacet
  facet normal -0.382729 0.923861 0
    outer loop
      vertex 113.38 62.585 99
      vertex 115.356 63.4036 1.5
      vertex 113.38 62.585 1.5
    endloop
  endfacet
  facet normal 0.382729 -0.923861 0
    outer loop
      vertex 111.404 67.3564 1.5
      vertex 113.38 68.175 99
      vertex 111.404 67.3564 99
    endloop
  endfacet
  facet normal 0.382729 -0.923861 0
    outer loop
      vertex 113.38 68.175 99
      vertex 111.404 67.3564 1.5
      vertex 113.38 68.175 1.5
    endloop
  endfacet
  facet normal -0.382729 -0.923861 0
    outer loop
      vertex 113.38 68.175 1.5
      vertex 115.356 67.3564 99
      vertex 113.38 68.175 99
    endloop
  endfacet
  facet normal -0.382729 -0.923861 -0
    outer loop
      vertex 115.356 67.3564 99
      vertex 113.38 68.175 1.5
      vertex 115.356 67.3564 1.5
    endloop
  endfacet
  facet normal -0.923822 0.382822 0
    outer loop
      vertex 115.356 63.4036 1.5
      vertex 116.175 65.38 99
      vertex 116.175 65.38 1.5
    endloop
  endfacet
  facet normal -0.923822 0.382822 0
    outer loop
      vertex 116.175 65.38 99
      vertex 115.356 63.4036 1.5
      vertex 115.356 63.4036 99
    endloop
  endfacet
  facet normal 0 0 1
    outer loop
      vertex 115.356 67.3564 1.5
      vertex 115.356 63.4036 1.5
      vertex 116.175 65.38 1.5
    endloop
  endfacet
  facet normal 0 0 1
    outer loop
      vertex 113.38 68.175 1.5
      vertex 115.356 63.4036 1.5
      vertex 115.356 67.3564 1.5
    endloop
  endfacet
  facet normal 0 0 1
    outer loop
      vertex 113.38 68.175 1.5
      vertex 113.38 62.585 1.5
      vertex 115.356 63.4036 1.5
    endloop
  endfacet
  facet normal -0 0 1
    outer loop
      vertex 111.404 67.3564 1.5
      vertex 113.38 62.585 1.5
      vertex 113.38 68.175 1.5
    endloop
  endfacet
  facet normal 0 0 1
    outer loop
      vertex 111.404 67.3564 1.5
      vertex 111.404 63.4036 1.5
      vertex 113.38 62.585 1.5
    endloop
  endfacet
  facet normal 0 -0 1
    outer loop
      vertex 111.404 63.4036 1.5
      vertex 111.404 67.3564 1.5
      vertex 110.585 65.38 1.5
    endloop
  endfacet
  facet normal 0.382729 0.923861 -0
    outer loop
      vertex 113.38 62.585 1.5
      vertex 111.404 63.4036 99
      vertex 113.38 62.585 99
    endloop
  endfacet
  facet normal 0.382729 0.923861 0
    outer loop
      vertex 111.404 63.4036 99
      vertex 113.38 62.585 1.5
      vertex 111.404 63.4036 1.5
    endloop
  endfacet
  facet normal 0.923822 0.382822 0
    outer loop
      vertex 111.404 63.4036 99
      vertex 110.585 65.38 1.5
      vertex 110.585 65.38 99
    endloop
  endfacet
  facet normal 0.923822 0.382822 0
    outer loop
      vertex 110.585 65.38 1.5
      vertex 111.404 63.4036 99
      vertex 111.404 63.4036 1.5
    endloop
  endfacet
  facet normal -0.923822 -0.382822 0
    outer loop
      vertex 116.175 56.38 1.5
      vertex 115.356 58.3564 99
      vertex 115.356 58.3564 1.5
    endloop
  endfacet
  facet normal -0.923822 -0.382822 0
    outer loop
      vertex 115.356 58.3564 99
      vertex 116.175 56.38 1.5
      vertex 116.175 56.38 99
    endloop
  endfacet
  facet normal 0.923822 -0.382822 0
    outer loop
      vertex 110.585 56.38 99
      vertex 111.404 58.3564 1.5
      vertex 111.404 58.3564 99
    endloop
  endfacet
  facet normal 0.923822 -0.382822 0
    outer loop
      vertex 111.404 58.3564 1.5
      vertex 110.585 56.38 99
      vertex 110.585 56.38 1.5
    endloop
  endfacet
  facet normal -0.382729 0.923861 0
    outer loop
      vertex 115.356 54.4036 1.5
      vertex 113.38 53.585 99
      vertex 115.356 54.4036 99
    endloop
  endfacet
  facet normal -0.382729 0.923861 0
    outer loop
      vertex 113.38 53.585 99
      vertex 115.356 54.4036 1.5
      vertex 113.38 53.585 1.5
    endloop
  endfacet
  facet normal 0.382729 -0.923861 0
    outer loop
      vertex 111.404 58.3564 1.5
      vertex 113.38 59.175 99
      vertex 111.404 58.3564 99
    endloop
  endfacet
  facet normal 0.382729 -0.923861 0
    outer loop
      vertex 113.38 59.175 99
      vertex 111.404 58.3564 1.5
      vertex 113.38 59.175 1.5
    endloop
  endfacet
  facet normal -0.382729 -0.923861 0
    outer loop
      vertex 113.38 59.175 1.5
      vertex 115.356 58.3564 99
      vertex 113.38 59.175 99
    endloop
  endfacet
  facet normal -0.382729 -0.923861 -0
    outer loop
      vertex 115.356 58.3564 99
      vertex 113.38 59.175 1.5
      vertex 115.356 58.3564 1.5
    endloop
  endfacet
  facet normal -0.923822 0.382822 0
    outer loop
      vertex 115.356 54.4036 1.5
      vertex 116.175 56.38 99
      vertex 116.175 56.38 1.5
    endloop
  endfacet
  facet normal -0.923822 0.382822 0
    outer loop
      vertex 116.175 56.38 99
      vertex 115.356 54.4036 1.5
      vertex 115.356 54.4036 99
    endloop
  endfacet
  facet normal 0 0 1
    outer loop
      vertex 115.356 58.3564 1.5
      vertex 115.356 54.4036 1.5
      vertex 116.175 56.38 1.5
    endloop
  endfacet
  facet normal 0 0 1
    outer loop
      vertex 113.38 59.175 1.5
      vertex 115.356 54.4036 1.5
      vertex 115.356 58.3564 1.5
    endloop
  endfacet
  facet normal 0 0 1
    outer loop
      vertex 113.38 59.175 1.5
      vertex 113.38 53.585 1.5
      vertex 115.356 54.4036 1.5
    endloop
  endfacet
  facet normal -0 0 1
    outer loop
      vertex 111.404 58.3564 1.5
      vertex 113.38 53.585 1.5
      vertex 113.38 59.175 1.5
    endloop
  endfacet
  facet normal 0 0 1
    outer loop
      vertex 111.404 58.3564 1.5
      vertex 111.404 54.4036 1.5
      vertex 113.38 53.585 1.5
    endloop
  endfacet
  facet normal 0 -0 1
    outer loop
      vertex 111.404 54.4036 1.5
      vertex 111.404 58.3564 1.5
      vertex 110.585 56.38 1.5
    endloop
  endfacet
  facet normal 0.382729 0.923861 -0
    outer loop
      vertex 113.38 53.585 1.5
      vertex 111.404 54.4036 99
      vertex 113.38 53.585 99
    endloop
  endfacet
  facet normal 0.382729 0.923861 0
    outer loop
      vertex 111.404 54.4036 99
      vertex 113.38 53.585 1.5
      vertex 111.404 54.4036 1.5
    endloop
  endfacet
  facet normal 0.923822 0.382822 0
    outer loop
      vertex 111.404 54.4036 99
      vertex 110.585 56.38 1.5
      vertex 110.585 56.38 99
    endloop
  endfacet
  facet normal 0.923822 0.382822 0
    outer loop
      vertex 110.585 56.38 1.5
      vertex 111.404 54.4036 99
      vertex 111.404 54.4036 1.5
    endloop
  endfacet
  facet normal -0.923822 -0.382822 0
    outer loop
      vertex 116.175 47.38 1.5
      vertex 115.356 49.3564 99
      vertex 115.356 49.3564 1.5
    endloop
  endfacet
  facet normal -0.923822 -0.382822 0
    outer loop
      vertex 115.356 49.3564 99
      vertex 116.175 47.38 1.5
      vertex 116.175 47.38 99
    endloop
  endfacet
  facet normal 0.923822 -0.382822 0
    outer loop
      vertex 110.585 47.38 99
      vertex 111.404 49.3564 1.5
      vertex 111.404 49.3564 99
    endloop
  endfacet
  facet normal 0.923822 -0.382822 0
    outer loop
      vertex 111.404 49.3564 1.5
      vertex 110.585 47.38 99
      vertex 110.585 47.38 1.5
    endloop
  endfacet
  facet normal -0.382729 0.923861 0
    outer loop
      vertex 115.356 45.4036 1.5
      vertex 113.38 44.585 99
      vertex 115.356 45.4036 99
    endloop
  endfacet
  facet normal -0.382729 0.923861 0
    outer loop
      vertex 113.38 44.585 99
      vertex 115.356 45.4036 1.5
      vertex 113.38 44.585 1.5
    endloop
  endfacet
  facet normal 0.382729 -0.923861 0
    outer loop
      vertex 111.404 49.3564 1.5
      vertex 113.38 50.175 99
      vertex 111.404 49.3564 99
    endloop
  endfacet
  facet normal 0.382729 -0.923861 0
    outer loop
      vertex 113.38 50.175 99
      vertex 111.404 49.3564 1.5
      vertex 113.38 50.175 1.5
    endloop
  endfacet
  facet normal -0.382729 -0.923861 0
    outer loop
      vertex 113.38 50.175 1.5
      vertex 115.356 49.3564 99
      vertex 113.38 50.175 99
    endloop
  endfacet
  facet normal -0.382729 -0.923861 -0
    outer loop
      vertex 115.356 49.3564 99
      vertex 113.38 50.175 1.5
      vertex 115.356 49.3564 1.5
    endloop
  endfacet
  facet normal -0.923822 0.382822 0
    outer loop
      vertex 115.356 45.4036 1.5
      vertex 116.175 47.38 99
      vertex 116.175 47.38 1.5
    endloop
  endfacet
  facet normal -0.923822 0.382822 0
    outer loop
      vertex 116.175 47.38 99
      vertex 115.356 45.4036 1.5
      vertex 115.356 45.4036 99
    endloop
  endfacet
  facet normal 0.923822 0.382822 0
    outer loop
      vertex 111.404 45.4036 99
      vertex 110.585 47.38 1.5
      vertex 110.585 47.38 99
    endloop
  endfacet
  facet normal 0.923822 0.382822 0
    outer loop
      vertex 110.585 47.38 1.5
      vertex 111.404 45.4036 99
      vertex 111.404 45.4036 1.5
    endloop
  endfacet
  facet normal 0 0 1
    outer loop
      vertex 115.356 49.3564 1.5
      vertex 115.356 45.4036 1.5
      vertex 116.175 47.38 1.5
    endloop
  endfacet
  facet normal 0 0 1
    outer loop
      vertex 113.38 50.175 1.5
      vertex 115.356 45.4036 1.5
      vertex 115.356 49.3564 1.5
    endloop
  endfacet
  facet normal 0 0 1
    outer loop
      vertex 113.38 50.175 1.5
      vertex 113.38 44.585 1.5
      vertex 115.356 45.4036 1.5
    endloop
  endfacet
  facet normal -0 0 1
    outer loop
      vertex 111.404 49.3564 1.5
      vertex 113.38 44.585 1.5
      vertex 113.38 50.175 1.5
    endloop
  endfacet
  facet normal 0 0 1
    outer loop
      vertex 111.404 49.3564 1.5
      vertex 111.404 45.4036 1.5
      vertex 113.38 44.585 1.5
    endloop
  endfacet
  facet normal 0 -0 1
    outer loop
      vertex 111.404 45.4036 1.5
      vertex 111.404 49.3564 1.5
      vertex 110.585 47.38 1.5
    endloop
  endfacet
  facet normal 0.382729 0.923861 -0
    outer loop
      vertex 113.38 44.585 1.5
      vertex 111.404 45.4036 99
      vertex 113.38 44.585 99
    endloop
  endfacet
  facet normal 0.382729 0.923861 0
    outer loop
      vertex 111.404 45.4036 99
      vertex 113.38 44.585 1.5
      vertex 111.404 45.4036 1.5
    endloop
  endfacet
  facet normal -0.923822 -0.382822 0
    outer loop
      vertex 116.175 38.38 1.5
      vertex 115.356 40.3564 99
      vertex 115.356 40.3564 1.5
    endloop
  endfacet
  facet normal -0.923822 -0.382822 0
    outer loop
      vertex 115.356 40.3564 99
      vertex 116.175 38.38 1.5
      vertex 116.175 38.38 99
    endloop
  endfacet
  facet normal 0.923822 -0.382822 0
    outer loop
      vertex 110.585 38.38 99
      vertex 111.404 40.3564 1.5
      vertex 111.404 40.3564 99
    endloop
  endfacet
  facet normal 0.923822 -0.382822 0
    outer loop
      vertex 111.404 40.3564 1.5
      vertex 110.585 38.38 99
      vertex 110.585 38.38 1.5
    endloop
  endfacet
  facet normal -0.382729 0.923861 0
    outer loop
      vertex 115.356 36.4036 1.5
      vertex 113.38 35.585 99
      vertex 115.356 36.4036 99
    endloop
  endfacet
  facet normal -0.382729 0.923861 0
    outer loop
      vertex 113.38 35.585 99
      vertex 115.356 36.4036 1.5
      vertex 113.38 35.585 1.5
    endloop
  endfacet
  facet normal 0.382729 -0.923861 0
    outer loop
      vertex 111.404 40.3564 1.5
      vertex 113.38 41.175 99
      vertex 111.404 40.3564 99
    endloop
  endfacet
  facet normal 0.382729 -0.923861 0
    outer loop
      vertex 113.38 41.175 99
      vertex 111.404 40.3564 1.5
      vertex 113.38 41.175 1.5
    endloop
  endfacet
  facet normal -0.382729 -0.923861 0
    outer loop
      vertex 113.38 41.175 1.5
      vertex 115.356 40.3564 99
      vertex 113.38 41.175 99
    endloop
  endfacet
  facet normal -0.382729 -0.923861 -0
    outer loop
      vertex 115.356 40.3564 99
      vertex 113.38 41.175 1.5
      vertex 115.356 40.3564 1.5
    endloop
  endfacet
  facet normal -0.923822 0.382822 0
    outer loop
      vertex 115.356 36.4036 1.5
      vertex 116.175 38.38 99
      vertex 116.175 38.38 1.5
    endloop
  endfacet
  facet normal -0.923822 0.382822 0
    outer loop
      vertex 116.175 38.38 99
      vertex 115.356 36.4036 1.5
      vertex 115.356 36.4036 99
    endloop
  endfacet
  facet normal 0 0 1
    outer loop
      vertex 115.356 40.3564 1.5
      vertex 115.356 36.4036 1.5
      vertex 116.175 38.38 1.5
    endloop
  endfacet
  facet normal 0 0 1
    outer loop
      vertex 113.38 41.175 1.5
      vertex 115.356 36.4036 1.5
      vertex 115.356 40.3564 1.5
    endloop
  endfacet
  facet normal 0 0 1
    outer loop
      vertex 113.38 41.175 1.5
      vertex 113.38 35.585 1.5
      vertex 115.356 36.4036 1.5
    endloop
  endfacet
  facet normal -0 0 1
    outer loop
      vertex 111.404 40.3564 1.5
      vertex 113.38 35.585 1.5
      vertex 113.38 41.175 1.5
    endloop
  endfacet
  facet normal 0 0 1
    outer loop
      vertex 111.404 40.3564 1.5
      vertex 111.404 36.4036 1.5
      vertex 113.38 35.585 1.5
    endloop
  endfacet
  facet normal 0 -0 1
    outer loop
      vertex 111.404 36.4036 1.5
      vertex 111.404 40.3564 1.5
      vertex 110.585 38.38 1.5
    endloop
  endfacet
  facet normal 0.382729 0.923861 -0
    outer loop
      vertex 113.38 35.585 1.5
      vertex 111.404 36.4036 99
      vertex 113.38 35.585 99
    endloop
  endfacet
  facet normal 0.382729 0.923861 0
    outer loop
      vertex 111.404 36.4036 99
      vertex 113.38 35.585 1.5
      vertex 111.404 36.4036 1.5
    endloop
  endfacet
  facet normal 0.923822 0.382822 0
    outer loop
      vertex 111.404 36.4036 99
      vertex 110.585 38.38 1.5
      vertex 110.585 38.38 99
    endloop
  endfacet
  facet normal 0.923822 0.382822 0
    outer loop
      vertex 110.585 38.38 1.5
      vertex 111.404 36.4036 99
      vertex 111.404 36.4036 1.5
    endloop
  endfacet
  facet normal -0.923822 -0.382822 0
    outer loop
      vertex 116.175 29.38 1.5
      vertex 115.356 31.3564 99
      vertex 115.356 31.3564 1.5
    endloop
  endfacet
  facet normal -0.923822 -0.382822 0
    outer loop
      vertex 115.356 31.3564 99
      vertex 116.175 29.38 1.5
      vertex 116.175 29.38 99
    endloop
  endfacet
  facet normal 0.923822 -0.382822 0
    outer loop
      vertex 110.585 29.38 99
      vertex 111.404 31.3564 1.5
      vertex 111.404 31.3564 99
    endloop
  endfacet
  facet normal 0.923822 -0.382822 0
    outer loop
      vertex 111.404 31.3564 1.5
      vertex 110.585 29.38 99
      vertex 110.585 29.38 1.5
    endloop
  endfacet
  facet normal -0.382729 0.923861 0
    outer loop
      vertex 115.356 27.4036 1.5
      vertex 113.38 26.585 99
      vertex 115.356 27.4036 99
    endloop
  endfacet
  facet normal -0.382729 0.923861 0
    outer loop
      vertex 113.38 26.585 99
      vertex 115.356 27.4036 1.5
      vertex 113.38 26.585 1.5
    endloop
  endfacet
  facet normal 0.382729 -0.923861 0
    outer loop
      vertex 111.404 31.3564 1.5
      vertex 113.38 32.175 99
      vertex 111.404 31.3564 99
    endloop
  endfacet
  facet normal 0.382729 -0.923861 0
    outer loop
      vertex 113.38 32.175 99
      vertex 111.404 31.3564 1.5
      vertex 113.38 32.175 1.5
    endloop
  endfacet
  facet normal -0.382729 -0.923861 0
    outer loop
      vertex 113.38 32.175 1.5
      vertex 115.356 31.3564 99
      vertex 113.38 32.175 99
    endloop
  endfacet
  facet normal -0.382729 -0.923861 -0
    outer loop
      vertex 115.356 31.3564 99
      vertex 113.38 32.175 1.5
      vertex 115.356 31.3564 1.5
    endloop
  endfacet
  facet normal -0.923822 0.382822 0
    outer loop
      vertex 115.356 27.4036 1.5
      vertex 116.175 29.38 99
      vertex 116.175 29.38 1.5
    endloop
  endfacet
  facet normal -0.923822 0.382822 0
    outer loop
      vertex 116.175 29.38 99
      vertex 115.356 27.4036 1.5
      vertex 115.356 27.4036 99
    endloop
  endfacet
  facet normal 0 0 1
    outer loop
      vertex 115.356 31.3564 1.5
      vertex 115.356 27.4036 1.5
      vertex 116.175 29.38 1.5
    endloop
  endfacet
  facet normal 0 0 1
    outer loop
      vertex 113.38 32.175 1.5
      vertex 115.356 27.4036 1.5
      vertex 115.356 31.3564 1.5
    endloop
  endfacet
  facet normal 0 0 1
    outer loop
      vertex 113.38 32.175 1.5
      vertex 113.38 26.585 1.5
      vertex 115.356 27.4036 1.5
    endloop
  endfacet
  facet normal -0 0 1
    outer loop
      vertex 111.404 31.3564 1.5
      vertex 113.38 26.585 1.5
      vertex 113.38 32.175 1.5
    endloop
  endfacet
  facet normal 0 0 1
    outer loop
      vertex 111.404 31.3564 1.5
      vertex 111.404 27.4036 1.5
      vertex 113.38 26.585 1.5
    endloop
  endfacet
  facet normal 0 -0 1
    outer loop
      vertex 111.404 27.4036 1.5
      vertex 111.404 31.3564 1.5
      vertex 110.585 29.38 1.5
    endloop
  endfacet
  facet normal 0.382729 0.923861 -0
    outer loop
      vertex 113.38 26.585 1.5
      vertex 111.404 27.4036 99
      vertex 113.38 26.585 99
    endloop
  endfacet
  facet normal 0.382729 0.923861 0
    outer loop
      vertex 111.404 27.4036 99
      vertex 113.38 26.585 1.5
      vertex 111.404 27.4036 1.5
    endloop
  endfacet
  facet normal 0.923822 0.382822 0
    outer loop
      vertex 111.404 27.4036 99
      vertex 110.585 29.38 1.5
      vertex 110.585 29.38 99
    endloop
  endfacet
  facet normal 0.923822 0.382822 0
    outer loop
      vertex 110.585 29.38 1.5
      vertex 111.404 27.4036 99
      vertex 111.404 27.4036 1.5
    endloop
  endfacet
  facet normal -0.923822 -0.382822 0
    outer loop
      vertex 116.175 20.38 1.5
      vertex 115.356 22.3564 99
      vertex 115.356 22.3564 1.5
    endloop
  endfacet
  facet normal -0.923822 -0.382822 0
    outer loop
      vertex 115.356 22.3564 99
      vertex 116.175 20.38 1.5
      vertex 116.175 20.38 99
    endloop
  endfacet
  facet normal 0.923822 -0.382822 0
    outer loop
      vertex 110.585 20.38 99
      vertex 111.404 22.3564 1.5
      vertex 111.404 22.3564 99
    endloop
  endfacet
  facet normal 0.923822 -0.382822 0
    outer loop
      vertex 111.404 22.3564 1.5
      vertex 110.585 20.38 99
      vertex 110.585 20.38 1.5
    endloop
  endfacet
  facet normal -0.382729 0.923861 0
    outer loop
      vertex 115.356 18.4036 1.5
      vertex 113.38 17.585 99
      vertex 115.356 18.4036 99
    endloop
  endfacet
  facet normal -0.382729 0.923861 0
    outer loop
      vertex 113.38 17.585 99
      vertex 115.356 18.4036 1.5
      vertex 113.38 17.585 1.5
    endloop
  endfacet
  facet normal 0.382729 -0.923861 0
    outer loop
      vertex 111.404 22.3564 1.5
      vertex 113.38 23.175 99
      vertex 111.404 22.3564 99
    endloop
  endfacet
  facet normal 0.382729 -0.923861 0
    outer loop
      vertex 113.38 23.175 99
      vertex 111.404 22.3564 1.5
      vertex 113.38 23.175 1.5
    endloop
  endfacet
  facet normal -0.382729 -0.923861 0
    outer loop
      vertex 113.38 23.175 1.5
      vertex 115.356 22.3564 99
      vertex 113.38 23.175 99
    endloop
  endfacet
  facet normal -0.382729 -0.923861 -0
    outer loop
      vertex 115.356 22.3564 99
      vertex 113.38 23.175 1.5
      vertex 115.356 22.3564 1.5
    endloop
  endfacet
  facet normal 0 0 1
    outer loop
      vertex 115.356 22.3564 1.5
      vertex 115.356 18.4036 1.5
      vertex 116.175 20.38 1.5
    endloop
  endfacet
  facet normal 0 0 1
    outer loop
      vertex 113.38 23.175 1.5
      vertex 115.356 18.4036 1.5
      vertex 115.356 22.3564 1.5
    endloop
  endfacet
  facet normal 0 0 1
    outer loop
      vertex 113.38 23.175 1.5
      vertex 113.38 17.585 1.5
      vertex 115.356 18.4036 1.5
    endloop
  endfacet
  facet normal -0 0 1
    outer loop
      vertex 111.404 22.3564 1.5
      vertex 113.38 17.585 1.5
      vertex 113.38 23.175 1.5
    endloop
  endfacet
  facet normal 0 0 1
    outer loop
      vertex 111.404 22.3564 1.5
      vertex 111.404 18.4036 1.5
      vertex 113.38 17.585 1.5
    endloop
  endfacet
  facet normal 0 -0 1
    outer loop
      vertex 111.404 18.4036 1.5
      vertex 111.404 22.3564 1.5
      vertex 110.585 20.38 1.5
    endloop
  endfacet
  facet normal -0.923822 0.382822 0
    outer loop
      vertex 115.356 18.4036 1.5
      vertex 116.175 20.38 99
      vertex 116.175 20.38 1.5
    endloop
  endfacet
  facet normal -0.923822 0.382822 0
    outer loop
      vertex 116.175 20.38 99
      vertex 115.356 18.4036 1.5
      vertex 115.356 18.4036 99
    endloop
  endfacet
  facet normal 0.382729 0.923861 -0
    outer loop
      vertex 113.38 17.585 1.5
      vertex 111.404 18.4036 99
      vertex 113.38 17.585 99
    endloop
  endfacet
  facet normal 0.382729 0.923861 0
    outer loop
      vertex 111.404 18.4036 99
      vertex 113.38 17.585 1.5
      vertex 111.404 18.4036 1.5
    endloop
  endfacet
  facet normal 0.923822 0.382822 0
    outer loop
      vertex 111.404 18.4036 99
      vertex 110.585 20.38 1.5
      vertex 110.585 20.38 99
    endloop
  endfacet
  facet normal 0.923822 0.382822 0
    outer loop
      vertex 110.585 20.38 1.5
      vertex 111.404 18.4036 99
      vertex 111.404 18.4036 1.5
    endloop
  endfacet
  facet normal -0.923822 -0.382822 0
    outer loop
      vertex 116.175 11.38 1.5
      vertex 115.356 13.3564 99
      vertex 115.356 13.3564 1.5
    endloop
  endfacet
  facet normal -0.923822 -0.382822 0
    outer loop
      vertex 115.356 13.3564 99
      vertex 116.175 11.38 1.5
      vertex 116.175 11.38 99
    endloop
  endfacet
  facet normal 0.923822 -0.382822 0
    outer loop
      vertex 110.585 11.38 99
      vertex 111.404 13.3564 1.5
      vertex 111.404 13.3564 99
    endloop
  endfacet
  facet normal 0.923822 -0.382822 0
    outer loop
      vertex 111.404 13.3564 1.5
      vertex 110.585 11.38 99
      vertex 110.585 11.38 1.5
    endloop
  endfacet
  facet normal -0.382745 0.923854 0
    outer loop
      vertex 115.356 9.40364 1.5
      vertex 113.38 8.585 99
      vertex 115.356 9.40364 99
    endloop
  endfacet
  facet normal -0.382745 0.923854 0
    outer loop
      vertex 113.38 8.585 99
      vertex 115.356 9.40364 1.5
      vertex 113.38 8.585 1.5
    endloop
  endfacet
  facet normal 0.382729 -0.923861 0
    outer loop
      vertex 111.404 13.3564 1.5
      vertex 113.38 14.175 99
      vertex 111.404 13.3564 99
    endloop
  endfacet
  facet normal 0.382729 -0.923861 0
    outer loop
      vertex 113.38 14.175 99
      vertex 111.404 13.3564 1.5
      vertex 113.38 14.175 1.5
    endloop
  endfacet
  facet normal -0.382729 -0.923861 0
    outer loop
      vertex 113.38 14.175 1.5
      vertex 115.356 13.3564 99
      vertex 113.38 14.175 99
    endloop
  endfacet
  facet normal -0.382729 -0.923861 -0
    outer loop
      vertex 115.356 13.3564 99
      vertex 113.38 14.175 1.5
      vertex 115.356 13.3564 1.5
    endloop
  endfacet
  facet normal -0.923819 0.382829 0
    outer loop
      vertex 115.356 9.40364 1.5
      vertex 116.175 11.38 99
      vertex 116.175 11.38 1.5
    endloop
  endfacet
  facet normal -0.923819 0.382829 0
    outer loop
      vertex 116.175 11.38 99
      vertex 115.356 9.40364 1.5
      vertex 115.356 9.40364 99
    endloop
  endfacet
  facet normal 0.923819 0.382829 0
    outer loop
      vertex 111.404 9.40364 99
      vertex 110.585 11.38 1.5
      vertex 110.585 11.38 99
    endloop
  endfacet
  facet normal 0.923819 0.382829 0
    outer loop
      vertex 110.585 11.38 1.5
      vertex 111.404 9.40364 99
      vertex 111.404 9.40364 1.5
    endloop
  endfacet
  facet normal 0 0 1
    outer loop
      vertex 115.356 13.3564 1.5
      vertex 115.356 9.40364 1.5
      vertex 116.175 11.38 1.5
    endloop
  endfacet
  facet normal 0 0 1
    outer loop
      vertex 113.38 14.175 1.5
      vertex 115.356 9.40364 1.5
      vertex 115.356 13.3564 1.5
    endloop
  endfacet
  facet normal 0 0 1
    outer loop
      vertex 113.38 14.175 1.5
      vertex 113.38 8.585 1.5
      vertex 115.356 9.40364 1.5
    endloop
  endfacet
  facet normal -0 0 1
    outer loop
      vertex 111.404 13.3564 1.5
      vertex 113.38 8.585 1.5
      vertex 113.38 14.175 1.5
    endloop
  endfacet
  facet normal 0 0 1
    outer loop
      vertex 111.404 13.3564 1.5
      vertex 111.404 9.40364 1.5
      vertex 113.38 8.585 1.5
    endloop
  endfacet
  facet normal 0 -0 1
    outer loop
      vertex 111.404 9.40364 1.5
      vertex 111.404 13.3564 1.5
      vertex 110.585 11.38 1.5
    endloop
  endfacet
  facet normal 0.382745 0.923854 -0
    outer loop
      vertex 113.38 8.585 1.5
      vertex 111.404 9.40364 99
      vertex 113.38 8.585 99
    endloop
  endfacet
  facet normal 0.382745 0.923854 0
    outer loop
      vertex 111.404 9.40364 99
      vertex 113.38 8.585 1.5
      vertex 111.404 9.40364 1.5
    endloop
  endfacet
endsolid OpenSCAD_Model
